solid OpenSCAD_Model
  facet normal 1 -0 0
    outer loop
      vertex 12.64 3.2 5.8
      vertex 12.64 156.8 1.8
      vertex 12.64 156.8 5.8
    endloop
  endfacet
  facet normal 1 0 0
    outer loop
      vertex 12.64 156.8 1.8
      vertex 12.64 3.2 5.8
      vertex 12.64 3.2 1.8
    endloop
  endfacet
  facet normal -0 0 1
    outer loop
      vertex 8.64 156.8 5.8
      vertex 12.64 3.2 5.8
      vertex 12.64 156.8 5.8
    endloop
  endfacet
  facet normal 0 0 1
    outer loop
      vertex 12.64 3.2 5.8
      vertex 8.64 156.8 5.8
      vertex 8.64 3.2 5.8
    endloop
  endfacet
  facet normal -1 0 0
    outer loop
      vertex 8.64 3.2 1.8
      vertex 8.64 156.8 5.8
      vertex 8.64 156.8 1.8
    endloop
  endfacet
  facet normal -1 -0 0
    outer loop
      vertex 8.64 156.8 5.8
      vertex 8.64 3.2 1.8
      vertex 8.64 3.2 5.8
    endloop
  endfacet
  facet normal 0 1 -0
    outer loop
      vertex 12.64 156.8 1.8
      vertex 8.64 156.8 5.8
      vertex 12.64 156.8 5.8
    endloop
  endfacet
  facet normal 0 1 0
    outer loop
      vertex 8.64 156.8 5.8
      vertex 12.64 156.8 1.8
      vertex 8.64 156.8 1.8
    endloop
  endfacet
  facet normal 0 -1 0
    outer loop
      vertex 8.64 3.2 1.8
      vertex 12.64 3.2 5.8
      vertex 8.64 3.2 5.8
    endloop
  endfacet
  facet normal 0 -1 -0
    outer loop
      vertex 12.64 3.2 5.8
      vertex 8.64 3.2 1.8
      vertex 12.64 3.2 1.8
    endloop
  endfacet
  facet normal 1 -0 0
    outer loop
      vertex 24.2 3.2 5.8
      vertex 24.2 156.8 1.8
      vertex 24.2 156.8 5.8
    endloop
  endfacet
  facet normal 1 0 0
    outer loop
      vertex 24.2 156.8 1.8
      vertex 24.2 3.2 5.8
      vertex 24.2 3.2 1.8
    endloop
  endfacet
  facet normal -0 0 1
    outer loop
      vertex 20.2 156.8 5.8
      vertex 24.2 3.2 5.8
      vertex 24.2 156.8 5.8
    endloop
  endfacet
  facet normal 0 0 1
    outer loop
      vertex 24.2 3.2 5.8
      vertex 20.2 156.8 5.8
      vertex 20.2 3.2 5.8
    endloop
  endfacet
  facet normal -1 0 0
    outer loop
      vertex 20.2 3.2 1.8
      vertex 20.2 156.8 5.8
      vertex 20.2 156.8 1.8
    endloop
  endfacet
  facet normal -1 -0 0
    outer loop
      vertex 20.2 156.8 5.8
      vertex 20.2 3.2 1.8
      vertex 20.2 3.2 5.8
    endloop
  endfacet
  facet normal 0 1 -0
    outer loop
      vertex 24.2 156.8 1.8
      vertex 20.2 156.8 5.8
      vertex 24.2 156.8 5.8
    endloop
  endfacet
  facet normal 0 1 0
    outer loop
      vertex 20.2 156.8 5.8
      vertex 24.2 156.8 1.8
      vertex 20.2 156.8 1.8
    endloop
  endfacet
  facet normal 0 -1 0
    outer loop
      vertex 20.2 3.2 1.8
      vertex 24.2 3.2 5.8
      vertex 20.2 3.2 5.8
    endloop
  endfacet
  facet normal 0 -1 -0
    outer loop
      vertex 24.2 3.2 5.8
      vertex 20.2 3.2 1.8
      vertex 24.2 3.2 1.8
    endloop
  endfacet
  facet normal 1 -0 0
    outer loop
      vertex 35.76 3.2 5.8
      vertex 35.76 156.8 1.8
      vertex 35.76 156.8 5.8
    endloop
  endfacet
  facet normal 1 0 0
    outer loop
      vertex 35.76 156.8 1.8
      vertex 35.76 3.2 5.8
      vertex 35.76 3.2 1.8
    endloop
  endfacet
  facet normal -0 0 1
    outer loop
      vertex 31.76 156.8 5.8
      vertex 35.76 3.2 5.8
      vertex 35.76 156.8 5.8
    endloop
  endfacet
  facet normal 0 0 1
    outer loop
      vertex 35.76 3.2 5.8
      vertex 31.76 156.8 5.8
      vertex 31.76 3.2 5.8
    endloop
  endfacet
  facet normal -1 0 0
    outer loop
      vertex 31.76 3.2 1.8
      vertex 31.76 156.8 5.8
      vertex 31.76 156.8 1.8
    endloop
  endfacet
  facet normal -1 -0 0
    outer loop
      vertex 31.76 156.8 5.8
      vertex 31.76 3.2 1.8
      vertex 31.76 3.2 5.8
    endloop
  endfacet
  facet normal 0 1 -0
    outer loop
      vertex 35.76 156.8 1.8
      vertex 31.76 156.8 5.8
      vertex 35.76 156.8 5.8
    endloop
  endfacet
  facet normal 0 1 0
    outer loop
      vertex 31.76 156.8 5.8
      vertex 35.76 156.8 1.8
      vertex 31.76 156.8 1.8
    endloop
  endfacet
  facet normal 0 -1 0
    outer loop
      vertex 31.76 3.2 1.8
      vertex 35.76 3.2 5.8
      vertex 31.76 3.2 5.8
    endloop
  endfacet
  facet normal 0 -1 -0
    outer loop
      vertex 35.76 3.2 5.8
      vertex 31.76 3.2 1.8
      vertex 35.76 3.2 1.8
    endloop
  endfacet
  facet normal 1 -0 0
    outer loop
      vertex 47.32 3.2 5.8
      vertex 47.32 156.8 1.8
      vertex 47.32 156.8 5.8
    endloop
  endfacet
  facet normal 1 0 0
    outer loop
      vertex 47.32 156.8 1.8
      vertex 47.32 3.2 5.8
      vertex 47.32 3.2 1.8
    endloop
  endfacet
  facet normal -0 0 1
    outer loop
      vertex 43.32 156.8 5.8
      vertex 47.32 3.2 5.8
      vertex 47.32 156.8 5.8
    endloop
  endfacet
  facet normal 0 0 1
    outer loop
      vertex 47.32 3.2 5.8
      vertex 43.32 156.8 5.8
      vertex 43.32 3.2 5.8
    endloop
  endfacet
  facet normal -1 0 0
    outer loop
      vertex 43.32 3.2 1.8
      vertex 43.32 156.8 5.8
      vertex 43.32 156.8 1.8
    endloop
  endfacet
  facet normal -1 -0 0
    outer loop
      vertex 43.32 156.8 5.8
      vertex 43.32 3.2 1.8
      vertex 43.32 3.2 5.8
    endloop
  endfacet
  facet normal 0 1 -0
    outer loop
      vertex 47.32 156.8 1.8
      vertex 43.32 156.8 5.8
      vertex 47.32 156.8 5.8
    endloop
  endfacet
  facet normal 0 1 0
    outer loop
      vertex 43.32 156.8 5.8
      vertex 47.32 156.8 1.8
      vertex 43.32 156.8 1.8
    endloop
  endfacet
  facet normal 0 -1 0
    outer loop
      vertex 43.32 3.2 1.8
      vertex 47.32 3.2 5.8
      vertex 43.32 3.2 5.8
    endloop
  endfacet
  facet normal 0 -1 -0
    outer loop
      vertex 47.32 3.2 5.8
      vertex 43.32 3.2 1.8
      vertex 47.32 3.2 1.8
    endloop
  endfacet
  facet normal 1 -0 0
    outer loop
      vertex 58.88 3.2 5.8
      vertex 58.88 156.8 1.8
      vertex 58.88 156.8 5.8
    endloop
  endfacet
  facet normal 1 0 0
    outer loop
      vertex 58.88 156.8 1.8
      vertex 58.88 3.2 5.8
      vertex 58.88 3.2 1.8
    endloop
  endfacet
  facet normal -0 0 1
    outer loop
      vertex 54.88 156.8 5.8
      vertex 58.88 3.2 5.8
      vertex 58.88 156.8 5.8
    endloop
  endfacet
  facet normal 0 0 1
    outer loop
      vertex 58.88 3.2 5.8
      vertex 54.88 156.8 5.8
      vertex 54.88 3.2 5.8
    endloop
  endfacet
  facet normal -1 0 0
    outer loop
      vertex 54.88 3.2 1.8
      vertex 54.88 156.8 5.8
      vertex 54.88 156.8 1.8
    endloop
  endfacet
  facet normal -1 -0 0
    outer loop
      vertex 54.88 156.8 5.8
      vertex 54.88 3.2 1.8
      vertex 54.88 3.2 5.8
    endloop
  endfacet
  facet normal 0 1 -0
    outer loop
      vertex 58.88 156.8 1.8
      vertex 54.88 156.8 5.8
      vertex 58.88 156.8 5.8
    endloop
  endfacet
  facet normal 0 1 0
    outer loop
      vertex 54.88 156.8 5.8
      vertex 58.88 156.8 1.8
      vertex 54.88 156.8 1.8
    endloop
  endfacet
  facet normal 0 -1 0
    outer loop
      vertex 54.88 3.2 1.8
      vertex 58.88 3.2 5.8
      vertex 54.88 3.2 5.8
    endloop
  endfacet
  facet normal 0 -1 -0
    outer loop
      vertex 58.88 3.2 5.8
      vertex 54.88 3.2 1.8
      vertex 58.88 3.2 1.8
    endloop
  endfacet
  facet normal 1 -0 0
    outer loop
      vertex 70.44 3.2 5.8
      vertex 70.44 156.8 1.8
      vertex 70.44 156.8 5.8
    endloop
  endfacet
  facet normal 1 0 0
    outer loop
      vertex 70.44 156.8 1.8
      vertex 70.44 3.2 5.8
      vertex 70.44 3.2 1.8
    endloop
  endfacet
  facet normal -0 0 1
    outer loop
      vertex 66.44 156.8 5.8
      vertex 70.44 3.2 5.8
      vertex 70.44 156.8 5.8
    endloop
  endfacet
  facet normal 0 0 1
    outer loop
      vertex 70.44 3.2 5.8
      vertex 66.44 156.8 5.8
      vertex 66.44 3.2 5.8
    endloop
  endfacet
  facet normal -1 0 0
    outer loop
      vertex 66.44 3.2 1.8
      vertex 66.44 156.8 5.8
      vertex 66.44 156.8 1.8
    endloop
  endfacet
  facet normal -1 -0 0
    outer loop
      vertex 66.44 156.8 5.8
      vertex 66.44 3.2 1.8
      vertex 66.44 3.2 5.8
    endloop
  endfacet
  facet normal 0 1 -0
    outer loop
      vertex 70.44 156.8 1.8
      vertex 66.44 156.8 5.8
      vertex 70.44 156.8 5.8
    endloop
  endfacet
  facet normal 0 1 0
    outer loop
      vertex 66.44 156.8 5.8
      vertex 70.44 156.8 1.8
      vertex 66.44 156.8 1.8
    endloop
  endfacet
  facet normal 0 -1 0
    outer loop
      vertex 66.44 3.2 1.8
      vertex 70.44 3.2 5.8
      vertex 66.44 3.2 5.8
    endloop
  endfacet
  facet normal 0 -1 -0
    outer loop
      vertex 70.44 3.2 5.8
      vertex 66.44 3.2 1.8
      vertex 70.44 3.2 1.8
    endloop
  endfacet
  facet normal 1 -0 0
    outer loop
      vertex 82 3.2 5.8
      vertex 82 156.8 1.8
      vertex 82 156.8 5.8
    endloop
  endfacet
  facet normal 1 0 0
    outer loop
      vertex 82 156.8 1.8
      vertex 82 3.2 5.8
      vertex 82 3.2 1.8
    endloop
  endfacet
  facet normal -0 0 1
    outer loop
      vertex 78 156.8 5.8
      vertex 82 3.2 5.8
      vertex 82 156.8 5.8
    endloop
  endfacet
  facet normal 0 0 1
    outer loop
      vertex 82 3.2 5.8
      vertex 78 156.8 5.8
      vertex 78 3.2 5.8
    endloop
  endfacet
  facet normal -1 0 0
    outer loop
      vertex 78 3.2 1.8
      vertex 78 156.8 5.8
      vertex 78 156.8 1.8
    endloop
  endfacet
  facet normal -1 -0 0
    outer loop
      vertex 78 156.8 5.8
      vertex 78 3.2 1.8
      vertex 78 3.2 5.8
    endloop
  endfacet
  facet normal 0 1 -0
    outer loop
      vertex 82 156.8 1.8
      vertex 78 156.8 5.8
      vertex 82 156.8 5.8
    endloop
  endfacet
  facet normal 0 1 0
    outer loop
      vertex 78 156.8 5.8
      vertex 82 156.8 1.8
      vertex 78 156.8 1.8
    endloop
  endfacet
  facet normal 0 -1 0
    outer loop
      vertex 78 3.2 1.8
      vertex 82 3.2 5.8
      vertex 78 3.2 5.8
    endloop
  endfacet
  facet normal 0 -1 -0
    outer loop
      vertex 82 3.2 5.8
      vertex 78 3.2 1.8
      vertex 82 3.2 1.8
    endloop
  endfacet
  facet normal 1 -0 0
    outer loop
      vertex 93.56 3.2 5.8
      vertex 93.56 156.8 1.8
      vertex 93.56 156.8 5.8
    endloop
  endfacet
  facet normal 1 0 0
    outer loop
      vertex 93.56 156.8 1.8
      vertex 93.56 3.2 5.8
      vertex 93.56 3.2 1.8
    endloop
  endfacet
  facet normal -0 0 1
    outer loop
      vertex 89.56 156.8 5.8
      vertex 93.56 3.2 5.8
      vertex 93.56 156.8 5.8
    endloop
  endfacet
  facet normal 0 0 1
    outer loop
      vertex 93.56 3.2 5.8
      vertex 89.56 156.8 5.8
      vertex 89.56 3.2 5.8
    endloop
  endfacet
  facet normal -1 0 0
    outer loop
      vertex 89.56 3.2 1.8
      vertex 89.56 156.8 5.8
      vertex 89.56 156.8 1.8
    endloop
  endfacet
  facet normal -1 -0 0
    outer loop
      vertex 89.56 156.8 5.8
      vertex 89.56 3.2 1.8
      vertex 89.56 3.2 5.8
    endloop
  endfacet
  facet normal 0 1 -0
    outer loop
      vertex 93.56 156.8 1.8
      vertex 89.56 156.8 5.8
      vertex 93.56 156.8 5.8
    endloop
  endfacet
  facet normal 0 1 0
    outer loop
      vertex 89.56 156.8 5.8
      vertex 93.56 156.8 1.8
      vertex 89.56 156.8 1.8
    endloop
  endfacet
  facet normal 0 -1 0
    outer loop
      vertex 89.56 3.2 1.8
      vertex 93.56 3.2 5.8
      vertex 89.56 3.2 5.8
    endloop
  endfacet
  facet normal 0 -1 -0
    outer loop
      vertex 93.56 3.2 5.8
      vertex 89.56 3.2 1.8
      vertex 93.56 3.2 1.8
    endloop
  endfacet
  facet normal 1 -0 0
    outer loop
      vertex 105.12 3.2 5.8
      vertex 105.12 156.8 1.8
      vertex 105.12 156.8 5.8
    endloop
  endfacet
  facet normal 1 0 0
    outer loop
      vertex 105.12 156.8 1.8
      vertex 105.12 3.2 5.8
      vertex 105.12 3.2 1.8
    endloop
  endfacet
  facet normal -0 0 1
    outer loop
      vertex 101.12 156.8 5.8
      vertex 105.12 3.2 5.8
      vertex 105.12 156.8 5.8
    endloop
  endfacet
  facet normal 0 0 1
    outer loop
      vertex 105.12 3.2 5.8
      vertex 101.12 156.8 5.8
      vertex 101.12 3.2 5.8
    endloop
  endfacet
  facet normal -1 0 0
    outer loop
      vertex 101.12 3.2 1.8
      vertex 101.12 156.8 5.8
      vertex 101.12 156.8 1.8
    endloop
  endfacet
  facet normal -1 -0 0
    outer loop
      vertex 101.12 156.8 5.8
      vertex 101.12 3.2 1.8
      vertex 101.12 3.2 5.8
    endloop
  endfacet
  facet normal 0 1 -0
    outer loop
      vertex 105.12 156.8 1.8
      vertex 101.12 156.8 5.8
      vertex 105.12 156.8 5.8
    endloop
  endfacet
  facet normal 0 1 0
    outer loop
      vertex 101.12 156.8 5.8
      vertex 105.12 156.8 1.8
      vertex 101.12 156.8 1.8
    endloop
  endfacet
  facet normal 0 -1 0
    outer loop
      vertex 101.12 3.2 1.8
      vertex 105.12 3.2 5.8
      vertex 101.12 3.2 5.8
    endloop
  endfacet
  facet normal 0 -1 -0
    outer loop
      vertex 105.12 3.2 5.8
      vertex 101.12 3.2 1.8
      vertex 105.12 3.2 1.8
    endloop
  endfacet
  facet normal 1 -0 0
    outer loop
      vertex 116.68 3.2 5.8
      vertex 116.68 156.8 1.8
      vertex 116.68 156.8 5.8
    endloop
  endfacet
  facet normal 1 0 0
    outer loop
      vertex 116.68 156.8 1.8
      vertex 116.68 3.2 5.8
      vertex 116.68 3.2 1.8
    endloop
  endfacet
  facet normal -0 0 1
    outer loop
      vertex 112.68 156.8 5.8
      vertex 116.68 3.2 5.8
      vertex 116.68 156.8 5.8
    endloop
  endfacet
  facet normal 0 0 1
    outer loop
      vertex 116.68 3.2 5.8
      vertex 112.68 156.8 5.8
      vertex 112.68 3.2 5.8
    endloop
  endfacet
  facet normal -1 0 0
    outer loop
      vertex 112.68 3.2 1.8
      vertex 112.68 156.8 5.8
      vertex 112.68 156.8 1.8
    endloop
  endfacet
  facet normal -1 -0 0
    outer loop
      vertex 112.68 156.8 5.8
      vertex 112.68 3.2 1.8
      vertex 112.68 3.2 5.8
    endloop
  endfacet
  facet normal 0 1 -0
    outer loop
      vertex 116.68 156.8 1.8
      vertex 112.68 156.8 5.8
      vertex 116.68 156.8 5.8
    endloop
  endfacet
  facet normal 0 1 0
    outer loop
      vertex 112.68 156.8 5.8
      vertex 116.68 156.8 1.8
      vertex 112.68 156.8 1.8
    endloop
  endfacet
  facet normal 0 -1 0
    outer loop
      vertex 112.68 3.2 1.8
      vertex 116.68 3.2 5.8
      vertex 112.68 3.2 5.8
    endloop
  endfacet
  facet normal 0 -1 -0
    outer loop
      vertex 116.68 3.2 5.8
      vertex 112.68 3.2 1.8
      vertex 116.68 3.2 1.8
    endloop
  endfacet
  facet normal 1 -0 0
    outer loop
      vertex 128.24 3.2 5.8
      vertex 128.24 156.8 1.8
      vertex 128.24 156.8 5.8
    endloop
  endfacet
  facet normal 1 0 0
    outer loop
      vertex 128.24 156.8 1.8
      vertex 128.24 3.2 5.8
      vertex 128.24 3.2 1.8
    endloop
  endfacet
  facet normal -0 0 1
    outer loop
      vertex 124.24 156.8 5.8
      vertex 128.24 3.2 5.8
      vertex 128.24 156.8 5.8
    endloop
  endfacet
  facet normal 0 0 1
    outer loop
      vertex 128.24 3.2 5.8
      vertex 124.24 156.8 5.8
      vertex 124.24 3.2 5.8
    endloop
  endfacet
  facet normal -1 0 0
    outer loop
      vertex 124.24 3.2 1.8
      vertex 124.24 156.8 5.8
      vertex 124.24 156.8 1.8
    endloop
  endfacet
  facet normal -1 -0 0
    outer loop
      vertex 124.24 156.8 5.8
      vertex 124.24 3.2 1.8
      vertex 124.24 3.2 5.8
    endloop
  endfacet
  facet normal 0 1 -0
    outer loop
      vertex 128.24 156.8 1.8
      vertex 124.24 156.8 5.8
      vertex 128.24 156.8 5.8
    endloop
  endfacet
  facet normal 0 1 0
    outer loop
      vertex 124.24 156.8 5.8
      vertex 128.24 156.8 1.8
      vertex 124.24 156.8 1.8
    endloop
  endfacet
  facet normal 0 -1 0
    outer loop
      vertex 124.24 3.2 1.8
      vertex 128.24 3.2 5.8
      vertex 124.24 3.2 5.8
    endloop
  endfacet
  facet normal 0 -1 -0
    outer loop
      vertex 128.24 3.2 5.8
      vertex 124.24 3.2 1.8
      vertex 128.24 3.2 1.8
    endloop
  endfacet
  facet normal 1 -0 0
    outer loop
      vertex 139.8 3.2 5.8
      vertex 139.8 156.8 1.8
      vertex 139.8 156.8 5.8
    endloop
  endfacet
  facet normal 1 0 0
    outer loop
      vertex 139.8 156.8 1.8
      vertex 139.8 3.2 5.8
      vertex 139.8 3.2 1.8
    endloop
  endfacet
  facet normal -0 0 1
    outer loop
      vertex 135.8 156.8 5.8
      vertex 139.8 3.2 5.8
      vertex 139.8 156.8 5.8
    endloop
  endfacet
  facet normal 0 0 1
    outer loop
      vertex 139.8 3.2 5.8
      vertex 135.8 156.8 5.8
      vertex 135.8 3.2 5.8
    endloop
  endfacet
  facet normal -1 0 0
    outer loop
      vertex 135.8 3.2 1.8
      vertex 135.8 156.8 5.8
      vertex 135.8 156.8 1.8
    endloop
  endfacet
  facet normal -1 -0 0
    outer loop
      vertex 135.8 156.8 5.8
      vertex 135.8 3.2 1.8
      vertex 135.8 3.2 5.8
    endloop
  endfacet
  facet normal 0 1 -0
    outer loop
      vertex 139.8 156.8 1.8
      vertex 135.8 156.8 5.8
      vertex 139.8 156.8 5.8
    endloop
  endfacet
  facet normal 0 1 0
    outer loop
      vertex 135.8 156.8 5.8
      vertex 139.8 156.8 1.8
      vertex 135.8 156.8 1.8
    endloop
  endfacet
  facet normal 0 -1 0
    outer loop
      vertex 135.8 3.2 1.8
      vertex 139.8 3.2 5.8
      vertex 135.8 3.2 5.8
    endloop
  endfacet
  facet normal 0 -1 -0
    outer loop
      vertex 139.8 3.2 5.8
      vertex 135.8 3.2 1.8
      vertex 139.8 3.2 1.8
    endloop
  endfacet
  facet normal 1 -0 0
    outer loop
      vertex 151.36 3.2 5.8
      vertex 151.36 156.8 1.8
      vertex 151.36 156.8 5.8
    endloop
  endfacet
  facet normal 1 0 0
    outer loop
      vertex 151.36 156.8 1.8
      vertex 151.36 3.2 5.8
      vertex 151.36 3.2 1.8
    endloop
  endfacet
  facet normal -0 0 1
    outer loop
      vertex 147.36 156.8 5.8
      vertex 151.36 3.2 5.8
      vertex 151.36 156.8 5.8
    endloop
  endfacet
  facet normal 0 0 1
    outer loop
      vertex 151.36 3.2 5.8
      vertex 147.36 156.8 5.8
      vertex 147.36 3.2 5.8
    endloop
  endfacet
  facet normal -1 0 0
    outer loop
      vertex 147.36 3.2 1.8
      vertex 147.36 156.8 5.8
      vertex 147.36 156.8 1.8
    endloop
  endfacet
  facet normal -1 -0 0
    outer loop
      vertex 147.36 156.8 5.8
      vertex 147.36 3.2 1.8
      vertex 147.36 3.2 5.8
    endloop
  endfacet
  facet normal 0 1 -0
    outer loop
      vertex 151.36 156.8 1.8
      vertex 147.36 156.8 5.8
      vertex 151.36 156.8 5.8
    endloop
  endfacet
  facet normal 0 1 0
    outer loop
      vertex 147.36 156.8 5.8
      vertex 151.36 156.8 1.8
      vertex 147.36 156.8 1.8
    endloop
  endfacet
  facet normal 0 -1 0
    outer loop
      vertex 147.36 3.2 1.8
      vertex 151.36 3.2 5.8
      vertex 147.36 3.2 5.8
    endloop
  endfacet
  facet normal 0 -1 -0
    outer loop
      vertex 151.36 3.2 5.8
      vertex 147.36 3.2 1.8
      vertex 151.36 3.2 1.8
    endloop
  endfacet
  facet normal 1 -0 0
    outer loop
      vertex 16.82 3.2 10
      vertex 16.82 156.8 1.8
      vertex 16.82 156.8 10
    endloop
  endfacet
  facet normal 1 0 0
    outer loop
      vertex 16.82 156.8 1.8
      vertex 16.82 3.2 10
      vertex 16.82 3.2 1.8
    endloop
  endfacet
  facet normal -0 0 1
    outer loop
      vertex 16.02 156.8 10
      vertex 16.82 3.2 10
      vertex 16.82 156.8 10
    endloop
  endfacet
  facet normal 0 0 1
    outer loop
      vertex 16.82 3.2 10
      vertex 16.02 156.8 10
      vertex 16.02 3.2 10
    endloop
  endfacet
  facet normal -1 0 0
    outer loop
      vertex 16.02 3.2 1.8
      vertex 16.02 156.8 10
      vertex 16.02 156.8 1.8
    endloop
  endfacet
  facet normal -1 -0 0
    outer loop
      vertex 16.02 156.8 10
      vertex 16.02 3.2 1.8
      vertex 16.02 3.2 10
    endloop
  endfacet
  facet normal 0 1 -0
    outer loop
      vertex 16.82 156.8 1.8
      vertex 16.02 156.8 10
      vertex 16.82 156.8 10
    endloop
  endfacet
  facet normal 0 1 0
    outer loop
      vertex 16.02 156.8 10
      vertex 16.82 156.8 1.8
      vertex 16.02 156.8 1.8
    endloop
  endfacet
  facet normal 0 -1 0
    outer loop
      vertex 16.02 3.2 1.8
      vertex 16.82 3.2 10
      vertex 16.02 3.2 10
    endloop
  endfacet
  facet normal 0 -1 -0
    outer loop
      vertex 16.82 3.2 10
      vertex 16.02 3.2 1.8
      vertex 16.82 3.2 1.8
    endloop
  endfacet
  facet normal 1 -0 0
    outer loop
      vertex 28.38 3.2 10
      vertex 28.38 156.8 1.8
      vertex 28.38 156.8 10
    endloop
  endfacet
  facet normal 1 0 0
    outer loop
      vertex 28.38 156.8 1.8
      vertex 28.38 3.2 10
      vertex 28.38 3.2 1.8
    endloop
  endfacet
  facet normal -0 0 1
    outer loop
      vertex 27.58 156.8 10
      vertex 28.38 3.2 10
      vertex 28.38 156.8 10
    endloop
  endfacet
  facet normal 0 0 1
    outer loop
      vertex 28.38 3.2 10
      vertex 27.58 156.8 10
      vertex 27.58 3.2 10
    endloop
  endfacet
  facet normal -1 0 0
    outer loop
      vertex 27.58 3.2 1.8
      vertex 27.58 156.8 10
      vertex 27.58 156.8 1.8
    endloop
  endfacet
  facet normal -1 -0 0
    outer loop
      vertex 27.58 156.8 10
      vertex 27.58 3.2 1.8
      vertex 27.58 3.2 10
    endloop
  endfacet
  facet normal 0 1 -0
    outer loop
      vertex 28.38 156.8 1.8
      vertex 27.58 156.8 10
      vertex 28.38 156.8 10
    endloop
  endfacet
  facet normal 0 1 0
    outer loop
      vertex 27.58 156.8 10
      vertex 28.38 156.8 1.8
      vertex 27.58 156.8 1.8
    endloop
  endfacet
  facet normal 0 -1 0
    outer loop
      vertex 27.58 3.2 1.8
      vertex 28.38 3.2 10
      vertex 27.58 3.2 10
    endloop
  endfacet
  facet normal 0 -1 -0
    outer loop
      vertex 28.38 3.2 10
      vertex 27.58 3.2 1.8
      vertex 28.38 3.2 1.8
    endloop
  endfacet
  facet normal 1 -0 0
    outer loop
      vertex 39.94 3.2 10
      vertex 39.94 156.8 1.8
      vertex 39.94 156.8 10
    endloop
  endfacet
  facet normal 1 0 0
    outer loop
      vertex 39.94 156.8 1.8
      vertex 39.94 3.2 10
      vertex 39.94 3.2 1.8
    endloop
  endfacet
  facet normal -0 0 1
    outer loop
      vertex 39.14 156.8 10
      vertex 39.94 3.2 10
      vertex 39.94 156.8 10
    endloop
  endfacet
  facet normal 0 0 1
    outer loop
      vertex 39.94 3.2 10
      vertex 39.14 156.8 10
      vertex 39.14 3.2 10
    endloop
  endfacet
  facet normal -1 0 0
    outer loop
      vertex 39.14 3.2 1.8
      vertex 39.14 156.8 10
      vertex 39.14 156.8 1.8
    endloop
  endfacet
  facet normal -1 -0 0
    outer loop
      vertex 39.14 156.8 10
      vertex 39.14 3.2 1.8
      vertex 39.14 3.2 10
    endloop
  endfacet
  facet normal 0 1 -0
    outer loop
      vertex 39.94 156.8 1.8
      vertex 39.14 156.8 10
      vertex 39.94 156.8 10
    endloop
  endfacet
  facet normal 0 1 0
    outer loop
      vertex 39.14 156.8 10
      vertex 39.94 156.8 1.8
      vertex 39.14 156.8 1.8
    endloop
  endfacet
  facet normal 0 -1 0
    outer loop
      vertex 39.14 3.2 1.8
      vertex 39.94 3.2 10
      vertex 39.14 3.2 10
    endloop
  endfacet
  facet normal 0 -1 -0
    outer loop
      vertex 39.94 3.2 10
      vertex 39.14 3.2 1.8
      vertex 39.94 3.2 1.8
    endloop
  endfacet
  facet normal 1 -0 0
    outer loop
      vertex 51.5 3.2 10
      vertex 51.5 156.8 1.8
      vertex 51.5 156.8 10
    endloop
  endfacet
  facet normal 1 0 0
    outer loop
      vertex 51.5 156.8 1.8
      vertex 51.5 3.2 10
      vertex 51.5 3.2 1.8
    endloop
  endfacet
  facet normal -0 0 1
    outer loop
      vertex 50.7 156.8 10
      vertex 51.5 3.2 10
      vertex 51.5 156.8 10
    endloop
  endfacet
  facet normal 0 0 1
    outer loop
      vertex 51.5 3.2 10
      vertex 50.7 156.8 10
      vertex 50.7 3.2 10
    endloop
  endfacet
  facet normal -1 0 0
    outer loop
      vertex 50.7 3.2 1.8
      vertex 50.7 156.8 10
      vertex 50.7 156.8 1.8
    endloop
  endfacet
  facet normal -1 -0 0
    outer loop
      vertex 50.7 156.8 10
      vertex 50.7 3.2 1.8
      vertex 50.7 3.2 10
    endloop
  endfacet
  facet normal 0 1 -0
    outer loop
      vertex 51.5 156.8 1.8
      vertex 50.7 156.8 10
      vertex 51.5 156.8 10
    endloop
  endfacet
  facet normal 0 1 0
    outer loop
      vertex 50.7 156.8 10
      vertex 51.5 156.8 1.8
      vertex 50.7 156.8 1.8
    endloop
  endfacet
  facet normal 0 -1 0
    outer loop
      vertex 50.7 3.2 1.8
      vertex 51.5 3.2 10
      vertex 50.7 3.2 10
    endloop
  endfacet
  facet normal 0 -1 -0
    outer loop
      vertex 51.5 3.2 10
      vertex 50.7 3.2 1.8
      vertex 51.5 3.2 1.8
    endloop
  endfacet
  facet normal 1 -0 0
    outer loop
      vertex 63.06 3.2 10
      vertex 63.06 156.8 1.8
      vertex 63.06 156.8 10
    endloop
  endfacet
  facet normal 1 0 0
    outer loop
      vertex 63.06 156.8 1.8
      vertex 63.06 3.2 10
      vertex 63.06 3.2 1.8
    endloop
  endfacet
  facet normal -0 0 1
    outer loop
      vertex 62.26 156.8 10
      vertex 63.06 3.2 10
      vertex 63.06 156.8 10
    endloop
  endfacet
  facet normal 0 0 1
    outer loop
      vertex 63.06 3.2 10
      vertex 62.26 156.8 10
      vertex 62.26 3.2 10
    endloop
  endfacet
  facet normal -1 0 0
    outer loop
      vertex 62.26 3.2 1.8
      vertex 62.26 156.8 10
      vertex 62.26 156.8 1.8
    endloop
  endfacet
  facet normal -1 -0 0
    outer loop
      vertex 62.26 156.8 10
      vertex 62.26 3.2 1.8
      vertex 62.26 3.2 10
    endloop
  endfacet
  facet normal 0 1 -0
    outer loop
      vertex 63.06 156.8 1.8
      vertex 62.26 156.8 10
      vertex 63.06 156.8 10
    endloop
  endfacet
  facet normal 0 1 0
    outer loop
      vertex 62.26 156.8 10
      vertex 63.06 156.8 1.8
      vertex 62.26 156.8 1.8
    endloop
  endfacet
  facet normal 0 -1 0
    outer loop
      vertex 62.26 3.2 1.8
      vertex 63.06 3.2 10
      vertex 62.26 3.2 10
    endloop
  endfacet
  facet normal 0 -1 -0
    outer loop
      vertex 63.06 3.2 10
      vertex 62.26 3.2 1.8
      vertex 63.06 3.2 1.8
    endloop
  endfacet
  facet normal 1 -0 0
    outer loop
      vertex 74.62 3.2 10
      vertex 74.62 156.8 1.8
      vertex 74.62 156.8 10
    endloop
  endfacet
  facet normal 1 0 0
    outer loop
      vertex 74.62 156.8 1.8
      vertex 74.62 3.2 10
      vertex 74.62 3.2 1.8
    endloop
  endfacet
  facet normal -0 0 1
    outer loop
      vertex 73.82 156.8 10
      vertex 74.62 3.2 10
      vertex 74.62 156.8 10
    endloop
  endfacet
  facet normal 0 0 1
    outer loop
      vertex 74.62 3.2 10
      vertex 73.82 156.8 10
      vertex 73.82 3.2 10
    endloop
  endfacet
  facet normal -1 0 0
    outer loop
      vertex 73.82 3.2 1.8
      vertex 73.82 156.8 10
      vertex 73.82 156.8 1.8
    endloop
  endfacet
  facet normal -1 -0 0
    outer loop
      vertex 73.82 156.8 10
      vertex 73.82 3.2 1.8
      vertex 73.82 3.2 10
    endloop
  endfacet
  facet normal 0 1 -0
    outer loop
      vertex 74.62 156.8 1.8
      vertex 73.82 156.8 10
      vertex 74.62 156.8 10
    endloop
  endfacet
  facet normal 0 1 0
    outer loop
      vertex 73.82 156.8 10
      vertex 74.62 156.8 1.8
      vertex 73.82 156.8 1.8
    endloop
  endfacet
  facet normal 0 -1 0
    outer loop
      vertex 73.82 3.2 1.8
      vertex 74.62 3.2 10
      vertex 73.82 3.2 10
    endloop
  endfacet
  facet normal 0 -1 -0
    outer loop
      vertex 74.62 3.2 10
      vertex 73.82 3.2 1.8
      vertex 74.62 3.2 1.8
    endloop
  endfacet
  facet normal 1 -0 0
    outer loop
      vertex 86.18 3.2 10
      vertex 86.18 156.8 1.8
      vertex 86.18 156.8 10
    endloop
  endfacet
  facet normal 1 0 0
    outer loop
      vertex 86.18 156.8 1.8
      vertex 86.18 3.2 10
      vertex 86.18 3.2 1.8
    endloop
  endfacet
  facet normal -0 0 1
    outer loop
      vertex 85.38 156.8 10
      vertex 86.18 3.2 10
      vertex 86.18 156.8 10
    endloop
  endfacet
  facet normal 0 0 1
    outer loop
      vertex 86.18 3.2 10
      vertex 85.38 156.8 10
      vertex 85.38 3.2 10
    endloop
  endfacet
  facet normal -1 0 0
    outer loop
      vertex 85.38 3.2 1.8
      vertex 85.38 156.8 10
      vertex 85.38 156.8 1.8
    endloop
  endfacet
  facet normal -1 -0 0
    outer loop
      vertex 85.38 156.8 10
      vertex 85.38 3.2 1.8
      vertex 85.38 3.2 10
    endloop
  endfacet
  facet normal 0 1 -0
    outer loop
      vertex 86.18 156.8 1.8
      vertex 85.38 156.8 10
      vertex 86.18 156.8 10
    endloop
  endfacet
  facet normal 0 1 0
    outer loop
      vertex 85.38 156.8 10
      vertex 86.18 156.8 1.8
      vertex 85.38 156.8 1.8
    endloop
  endfacet
  facet normal 0 -1 0
    outer loop
      vertex 85.38 3.2 1.8
      vertex 86.18 3.2 10
      vertex 85.38 3.2 10
    endloop
  endfacet
  facet normal 0 -1 -0
    outer loop
      vertex 86.18 3.2 10
      vertex 85.38 3.2 1.8
      vertex 86.18 3.2 1.8
    endloop
  endfacet
  facet normal 1 -0 0
    outer loop
      vertex 97.74 3.2 10
      vertex 97.74 156.8 1.8
      vertex 97.74 156.8 10
    endloop
  endfacet
  facet normal 1 0 0
    outer loop
      vertex 97.74 156.8 1.8
      vertex 97.74 3.2 10
      vertex 97.74 3.2 1.8
    endloop
  endfacet
  facet normal -0 0 1
    outer loop
      vertex 96.94 156.8 10
      vertex 97.74 3.2 10
      vertex 97.74 156.8 10
    endloop
  endfacet
  facet normal 0 0 1
    outer loop
      vertex 97.74 3.2 10
      vertex 96.94 156.8 10
      vertex 96.94 3.2 10
    endloop
  endfacet
  facet normal -1 0 0
    outer loop
      vertex 96.94 3.2 1.8
      vertex 96.94 156.8 10
      vertex 96.94 156.8 1.8
    endloop
  endfacet
  facet normal -1 -0 0
    outer loop
      vertex 96.94 156.8 10
      vertex 96.94 3.2 1.8
      vertex 96.94 3.2 10
    endloop
  endfacet
  facet normal 0 1 -0
    outer loop
      vertex 97.74 156.8 1.8
      vertex 96.94 156.8 10
      vertex 97.74 156.8 10
    endloop
  endfacet
  facet normal 0 1 0
    outer loop
      vertex 96.94 156.8 10
      vertex 97.74 156.8 1.8
      vertex 96.94 156.8 1.8
    endloop
  endfacet
  facet normal 0 -1 0
    outer loop
      vertex 96.94 3.2 1.8
      vertex 97.74 3.2 10
      vertex 96.94 3.2 10
    endloop
  endfacet
  facet normal 0 -1 -0
    outer loop
      vertex 97.74 3.2 10
      vertex 96.94 3.2 1.8
      vertex 97.74 3.2 1.8
    endloop
  endfacet
  facet normal 1 -0 0
    outer loop
      vertex 109.3 3.2 10
      vertex 109.3 156.8 1.8
      vertex 109.3 156.8 10
    endloop
  endfacet
  facet normal 1 0 0
    outer loop
      vertex 109.3 156.8 1.8
      vertex 109.3 3.2 10
      vertex 109.3 3.2 1.8
    endloop
  endfacet
  facet normal -0 0 1
    outer loop
      vertex 108.5 156.8 10
      vertex 109.3 3.2 10
      vertex 109.3 156.8 10
    endloop
  endfacet
  facet normal 0 0 1
    outer loop
      vertex 109.3 3.2 10
      vertex 108.5 156.8 10
      vertex 108.5 3.2 10
    endloop
  endfacet
  facet normal -1 0 0
    outer loop
      vertex 108.5 3.2 1.8
      vertex 108.5 156.8 10
      vertex 108.5 156.8 1.8
    endloop
  endfacet
  facet normal -1 -0 0
    outer loop
      vertex 108.5 156.8 10
      vertex 108.5 3.2 1.8
      vertex 108.5 3.2 10
    endloop
  endfacet
  facet normal 0 1 -0
    outer loop
      vertex 109.3 156.8 1.8
      vertex 108.5 156.8 10
      vertex 109.3 156.8 10
    endloop
  endfacet
  facet normal 0 1 0
    outer loop
      vertex 108.5 156.8 10
      vertex 109.3 156.8 1.8
      vertex 108.5 156.8 1.8
    endloop
  endfacet
  facet normal 0 -1 0
    outer loop
      vertex 108.5 3.2 1.8
      vertex 109.3 3.2 10
      vertex 108.5 3.2 10
    endloop
  endfacet
  facet normal 0 -1 -0
    outer loop
      vertex 109.3 3.2 10
      vertex 108.5 3.2 1.8
      vertex 109.3 3.2 1.8
    endloop
  endfacet
  facet normal 1 -0 0
    outer loop
      vertex 120.86 3.2 10
      vertex 120.86 156.8 1.8
      vertex 120.86 156.8 10
    endloop
  endfacet
  facet normal 1 0 0
    outer loop
      vertex 120.86 156.8 1.8
      vertex 120.86 3.2 10
      vertex 120.86 3.2 1.8
    endloop
  endfacet
  facet normal -0 0 1
    outer loop
      vertex 120.06 156.8 10
      vertex 120.86 3.2 10
      vertex 120.86 156.8 10
    endloop
  endfacet
  facet normal 0 0 1
    outer loop
      vertex 120.86 3.2 10
      vertex 120.06 156.8 10
      vertex 120.06 3.2 10
    endloop
  endfacet
  facet normal -1 0 0
    outer loop
      vertex 120.06 3.2 1.8
      vertex 120.06 156.8 10
      vertex 120.06 156.8 1.8
    endloop
  endfacet
  facet normal -1 -0 0
    outer loop
      vertex 120.06 156.8 10
      vertex 120.06 3.2 1.8
      vertex 120.06 3.2 10
    endloop
  endfacet
  facet normal 0 1 -0
    outer loop
      vertex 120.86 156.8 1.8
      vertex 120.06 156.8 10
      vertex 120.86 156.8 10
    endloop
  endfacet
  facet normal 0 1 0
    outer loop
      vertex 120.06 156.8 10
      vertex 120.86 156.8 1.8
      vertex 120.06 156.8 1.8
    endloop
  endfacet
  facet normal 0 -1 0
    outer loop
      vertex 120.06 3.2 1.8
      vertex 120.86 3.2 10
      vertex 120.06 3.2 10
    endloop
  endfacet
  facet normal 0 -1 -0
    outer loop
      vertex 120.86 3.2 10
      vertex 120.06 3.2 1.8
      vertex 120.86 3.2 1.8
    endloop
  endfacet
  facet normal 1 -0 0
    outer loop
      vertex 132.42 3.2 10
      vertex 132.42 156.8 1.8
      vertex 132.42 156.8 10
    endloop
  endfacet
  facet normal 1 0 0
    outer loop
      vertex 132.42 156.8 1.8
      vertex 132.42 3.2 10
      vertex 132.42 3.2 1.8
    endloop
  endfacet
  facet normal -0 0 1
    outer loop
      vertex 131.62 156.8 10
      vertex 132.42 3.2 10
      vertex 132.42 156.8 10
    endloop
  endfacet
  facet normal 0 0 1
    outer loop
      vertex 132.42 3.2 10
      vertex 131.62 156.8 10
      vertex 131.62 3.2 10
    endloop
  endfacet
  facet normal -1 0 0
    outer loop
      vertex 131.62 3.2 1.8
      vertex 131.62 156.8 10
      vertex 131.62 156.8 1.8
    endloop
  endfacet
  facet normal -1 -0 0
    outer loop
      vertex 131.62 156.8 10
      vertex 131.62 3.2 1.8
      vertex 131.62 3.2 10
    endloop
  endfacet
  facet normal 0 1 -0
    outer loop
      vertex 132.42 156.8 1.8
      vertex 131.62 156.8 10
      vertex 132.42 156.8 10
    endloop
  endfacet
  facet normal 0 1 0
    outer loop
      vertex 131.62 156.8 10
      vertex 132.42 156.8 1.8
      vertex 131.62 156.8 1.8
    endloop
  endfacet
  facet normal 0 -1 0
    outer loop
      vertex 131.62 3.2 1.8
      vertex 132.42 3.2 10
      vertex 131.62 3.2 10
    endloop
  endfacet
  facet normal 0 -1 -0
    outer loop
      vertex 132.42 3.2 10
      vertex 131.62 3.2 1.8
      vertex 132.42 3.2 1.8
    endloop
  endfacet
  facet normal 1 -0 0
    outer loop
      vertex 143.98 3.2 10
      vertex 143.98 156.8 1.8
      vertex 143.98 156.8 10
    endloop
  endfacet
  facet normal 1 0 0
    outer loop
      vertex 143.98 156.8 1.8
      vertex 143.98 3.2 10
      vertex 143.98 3.2 1.8
    endloop
  endfacet
  facet normal -0 0 1
    outer loop
      vertex 143.18 156.8 10
      vertex 143.98 3.2 10
      vertex 143.98 156.8 10
    endloop
  endfacet
  facet normal 0 0 1
    outer loop
      vertex 143.98 3.2 10
      vertex 143.18 156.8 10
      vertex 143.18 3.2 10
    endloop
  endfacet
  facet normal -1 0 0
    outer loop
      vertex 143.18 3.2 1.8
      vertex 143.18 156.8 10
      vertex 143.18 156.8 1.8
    endloop
  endfacet
  facet normal -1 -0 0
    outer loop
      vertex 143.18 156.8 10
      vertex 143.18 3.2 1.8
      vertex 143.18 3.2 10
    endloop
  endfacet
  facet normal 0 1 -0
    outer loop
      vertex 143.98 156.8 1.8
      vertex 143.18 156.8 10
      vertex 143.98 156.8 10
    endloop
  endfacet
  facet normal 0 1 0
    outer loop
      vertex 143.18 156.8 10
      vertex 143.98 156.8 1.8
      vertex 143.18 156.8 1.8
    endloop
  endfacet
  facet normal 0 -1 0
    outer loop
      vertex 143.18 3.2 1.8
      vertex 143.98 3.2 10
      vertex 143.18 3.2 10
    endloop
  endfacet
  facet normal 0 -1 -0
    outer loop
      vertex 143.98 3.2 10
      vertex 143.18 3.2 1.8
      vertex 143.98 3.2 1.8
    endloop
  endfacet
  facet normal 1 -0 0
    outer loop
      vertex 5.26 3.30171 10
      vertex 5.26 156.698 1.8
      vertex 5.26 156.698 10
    endloop
  endfacet
  facet normal 1 0 0
    outer loop
      vertex 5.26 156.698 1.8
      vertex 5.26 3.30171 10
      vertex 5.26 3.30171 1.8
    endloop
  endfacet
  facet normal 0 0 1
    outer loop
      vertex 4.92848 156.587 10
      vertex 5.26 156.698 10
      vertex 5.13475 156.663 10
    endloop
  endfacet
  facet normal 0 0 1
    outer loop
      vertex 5.26 156.698 10
      vertex 3.2 154 10
      vertex 5.26 3.30171 10
    endloop
  endfacet
  facet normal 0 0 1
    outer loop
      vertex 5.26 156.698 10
      vertex 4.92848 156.587 10
      vertex 3.2 154 10
    endloop
  endfacet
  facet normal -0 0 1
    outer loop
      vertex 3.2 5.99993 10
      vertex 5.26 3.30171 10
      vertex 3.2 154 10
    endloop
  endfacet
  facet normal 0 0 1
    outer loop
      vertex 3.2 154 10
      vertex 4.92848 156.587 10
      vertex 4.72882 156.495 10
    endloop
  endfacet
  facet normal -0 -0 1
    outer loop
      vertex 4.92848 3.41313 10
      vertex 5.26 3.30171 10
      vertex 3.2 5.99993 10
    endloop
  endfacet
  facet normal 0 0 1
    outer loop
      vertex 3.2 154 10
      vertex 4.72882 156.495 10
      vertex 4.537 156.387 10
    endloop
  endfacet
  facet normal 0 0 1
    outer loop
      vertex 5.26 3.30171 10
      vertex 4.92848 3.41313 10
      vertex 5.13475 3.33704 10
    endloop
  endfacet
  facet normal 0 0 1
    outer loop
      vertex 3.2 154 10
      vertex 4.537 156.387 10
      vertex 4.3542 156.265 10
    endloop
  endfacet
  facet normal 0 0 1
    outer loop
      vertex 4.92848 3.41313 10
      vertex 3.2 5.99993 10
      vertex 4.72882 3.50519 10
    endloop
  endfacet
  facet normal 0 0 1
    outer loop
      vertex 3.2 154 10
      vertex 4.3542 156.265 10
      vertex 4.18155 156.129 10
    endloop
  endfacet
  facet normal 0 0 1
    outer loop
      vertex 4.72882 3.50519 10
      vertex 3.2 5.99993 10
      vertex 4.537 3.61261 10
    endloop
  endfacet
  facet normal 0 0 1
    outer loop
      vertex 3.2 154 10
      vertex 4.18155 156.129 10
      vertex 4.0201 155.98 10
    endloop
  endfacet
  facet normal 0 0 1
    outer loop
      vertex 4.537 3.61261 10
      vertex 3.2 5.99993 10
      vertex 4.3542 3.73476 10
    endloop
  endfacet
  facet normal 0 0 1
    outer loop
      vertex 3.2 154 10
      vertex 4.0201 155.98 10
      vertex 3.87086 155.818 10
    endloop
  endfacet
  facet normal 0 0 1
    outer loop
      vertex 4.3542 3.73476 10
      vertex 3.2 5.99993 10
      vertex 4.18155 3.87086 10
    endloop
  endfacet
  facet normal 0 0 1
    outer loop
      vertex 3.2 154 10
      vertex 3.87086 155.818 10
      vertex 3.73476 155.646 10
    endloop
  endfacet
  facet normal 0 0 1
    outer loop
      vertex 4.18155 3.87086 10
      vertex 3.2 5.99993 10
      vertex 4.0201 4.0201 10
    endloop
  endfacet
  facet normal 0 0 1
    outer loop
      vertex 3.2 154 10
      vertex 3.73476 155.646 10
      vertex 3.61261 155.463 10
    endloop
  endfacet
  facet normal 0 0 1
    outer loop
      vertex 4.0201 4.0201 10
      vertex 3.2 5.99993 10
      vertex 3.87086 4.18155 10
    endloop
  endfacet
  facet normal 0 0 1
    outer loop
      vertex 3.2 154 10
      vertex 3.61261 155.463 10
      vertex 3.50519 155.271 10
    endloop
  endfacet
  facet normal 0 0 1
    outer loop
      vertex 3.87086 4.18155 10
      vertex 3.2 5.99993 10
      vertex 3.73476 4.3542 10
    endloop
  endfacet
  facet normal 0 0 1
    outer loop
      vertex 3.2 154 10
      vertex 3.50519 155.271 10
      vertex 3.41313 155.072 10
    endloop
  endfacet
  facet normal 0 0 1
    outer loop
      vertex 3.73476 4.3542 10
      vertex 3.2 5.99993 10
      vertex 3.61261 4.537 10
    endloop
  endfacet
  facet normal 0 0 1
    outer loop
      vertex 3.2 154 10
      vertex 3.41313 155.072 10
      vertex 3.33704 154.865 10
    endloop
  endfacet
  facet normal 0 0 1
    outer loop
      vertex 3.61261 4.537 10
      vertex 3.2 5.99993 10
      vertex 3.50519 4.72882 10
    endloop
  endfacet
  facet normal 0 0 1
    outer loop
      vertex 3.2 154 10
      vertex 3.33704 154.865 10
      vertex 3.27736 154.654 10
    endloop
  endfacet
  facet normal 0 0 1
    outer loop
      vertex 3.50519 4.72882 10
      vertex 3.2 5.99993 10
      vertex 3.41313 4.92848 10
    endloop
  endfacet
  facet normal 0 0 1
    outer loop
      vertex 3.2 154 10
      vertex 3.27736 154.654 10
      vertex 3.23447 154.438 10
    endloop
  endfacet
  facet normal 0 0 1
    outer loop
      vertex 3.41313 4.92848 10
      vertex 3.2 5.99993 10
      vertex 3.33704 5.13475 10
    endloop
  endfacet
  facet normal 0 0 1
    outer loop
      vertex 3.2 154 10
      vertex 3.23447 154.438 10
      vertex 3.20863 154.22 10
    endloop
  endfacet
  facet normal 0 0 1
    outer loop
      vertex 3.33704 5.13475 10
      vertex 3.2 5.99993 10
      vertex 3.27736 5.34636 10
    endloop
  endfacet
  facet normal 0 0 1
    outer loop
      vertex 3.27736 5.34636 10
      vertex 3.2 5.99993 10
      vertex 3.23447 5.56198 10
    endloop
  endfacet
  facet normal 0 0 1
    outer loop
      vertex 3.23447 5.56198 10
      vertex 3.2 5.99993 10
      vertex 3.20863 5.78032 10
    endloop
  endfacet
  facet normal -1 0 0
    outer loop
      vertex 3.2 5.99993 1.8
      vertex 3.2 154 10
      vertex 3.2 154 1.8
    endloop
  endfacet
  facet normal -1 -0 0
    outer loop
      vertex 3.2 154 10
      vertex 3.2 5.99993 1.8
      vertex 3.2 5.99993 10
    endloop
  endfacet
  facet normal 1 -0 0
    outer loop
      vertex 156.8 5.9999 10
      vertex 156.8 154 1.8
      vertex 156.8 154 10
    endloop
  endfacet
  facet normal 1 0 0
    outer loop
      vertex 156.8 154 1.8
      vertex 156.8 5.9999 10
      vertex 156.8 5.9999 1.8
    endloop
  endfacet
  facet normal 0 0 1
    outer loop
      vertex 154.74 156.698 10
      vertex 156.8 154 10
      vertex 156.791 154.22 10
    endloop
  endfacet
  facet normal 0 0 1
    outer loop
      vertex 156.8 154 10
      vertex 154.74 156.698 10
      vertex 156.8 5.9999 10
    endloop
  endfacet
  facet normal 0 0 1
    outer loop
      vertex 154.74 156.698 10
      vertex 156.791 154.22 10
      vertex 156.766 154.438 10
    endloop
  endfacet
  facet normal 0 0 1
    outer loop
      vertex 154.74 3.30171 10
      vertex 156.8 5.9999 10
      vertex 154.74 156.698 10
    endloop
  endfacet
  facet normal 0 0 1
    outer loop
      vertex 154.74 156.698 10
      vertex 156.766 154.438 10
      vertex 156.723 154.654 10
    endloop
  endfacet
  facet normal 0 0 1
    outer loop
      vertex 156.8 5.9999 10
      vertex 154.74 3.30171 10
      vertex 156.791 5.78032 10
    endloop
  endfacet
  facet normal 0 0 1
    outer loop
      vertex 154.74 156.698 10
      vertex 156.723 154.654 10
      vertex 156.663 154.865 10
    endloop
  endfacet
  facet normal 0 0 1
    outer loop
      vertex 156.791 5.78032 10
      vertex 154.74 3.30171 10
      vertex 156.766 5.56198 10
    endloop
  endfacet
  facet normal 0 0 1
    outer loop
      vertex 154.74 156.698 10
      vertex 156.663 154.865 10
      vertex 156.587 155.072 10
    endloop
  endfacet
  facet normal 0 0 1
    outer loop
      vertex 156.766 5.56198 10
      vertex 154.74 3.30171 10
      vertex 156.723 5.34636 10
    endloop
  endfacet
  facet normal 0 0 1
    outer loop
      vertex 154.74 156.698 10
      vertex 156.587 155.072 10
      vertex 156.495 155.271 10
    endloop
  endfacet
  facet normal 0 0 1
    outer loop
      vertex 156.723 5.34636 10
      vertex 154.74 3.30171 10
      vertex 156.663 5.13475 10
    endloop
  endfacet
  facet normal 0 0 1
    outer loop
      vertex 154.74 156.698 10
      vertex 156.495 155.271 10
      vertex 156.387 155.463 10
    endloop
  endfacet
  facet normal 0 0 1
    outer loop
      vertex 156.663 5.13475 10
      vertex 154.74 3.30171 10
      vertex 156.587 4.92848 10
    endloop
  endfacet
  facet normal 0 0 1
    outer loop
      vertex 154.74 156.698 10
      vertex 156.387 155.463 10
      vertex 156.265 155.646 10
    endloop
  endfacet
  facet normal 0 0 1
    outer loop
      vertex 156.587 4.92848 10
      vertex 154.74 3.30171 10
      vertex 156.495 4.72882 10
    endloop
  endfacet
  facet normal 0 0 1
    outer loop
      vertex 154.74 156.698 10
      vertex 156.265 155.646 10
      vertex 156.129 155.818 10
    endloop
  endfacet
  facet normal 0 0 1
    outer loop
      vertex 156.495 4.72882 10
      vertex 154.74 3.30171 10
      vertex 156.387 4.537 10
    endloop
  endfacet
  facet normal 0 0 1
    outer loop
      vertex 154.74 156.698 10
      vertex 156.129 155.818 10
      vertex 155.98 155.98 10
    endloop
  endfacet
  facet normal 0 0 1
    outer loop
      vertex 156.387 4.537 10
      vertex 154.74 3.30171 10
      vertex 156.265 4.3542 10
    endloop
  endfacet
  facet normal 0 0 1
    outer loop
      vertex 154.74 156.698 10
      vertex 155.98 155.98 10
      vertex 155.818 156.129 10
    endloop
  endfacet
  facet normal 0 0 1
    outer loop
      vertex 156.265 4.3542 10
      vertex 154.74 3.30171 10
      vertex 156.129 4.18155 10
    endloop
  endfacet
  facet normal 0 0 1
    outer loop
      vertex 154.74 156.698 10
      vertex 155.818 156.129 10
      vertex 155.646 156.265 10
    endloop
  endfacet
  facet normal 0 0 1
    outer loop
      vertex 156.129 4.18155 10
      vertex 154.74 3.30171 10
      vertex 155.98 4.0201 10
    endloop
  endfacet
  facet normal 0 0 1
    outer loop
      vertex 154.74 156.698 10
      vertex 155.646 156.265 10
      vertex 155.463 156.387 10
    endloop
  endfacet
  facet normal 0 0 1
    outer loop
      vertex 155.98 4.0201 10
      vertex 154.74 3.30171 10
      vertex 155.818 3.87086 10
    endloop
  endfacet
  facet normal 0 0 1
    outer loop
      vertex 154.74 156.698 10
      vertex 155.463 156.387 10
      vertex 155.271 156.495 10
    endloop
  endfacet
  facet normal 0 0 1
    outer loop
      vertex 155.818 3.87086 10
      vertex 154.74 3.30171 10
      vertex 155.646 3.73476 10
    endloop
  endfacet
  facet normal 0 0 1
    outer loop
      vertex 154.74 156.698 10
      vertex 155.271 156.495 10
      vertex 155.072 156.587 10
    endloop
  endfacet
  facet normal 0 0 1
    outer loop
      vertex 155.646 3.73476 10
      vertex 154.74 3.30171 10
      vertex 155.463 3.61261 10
    endloop
  endfacet
  facet normal 0 0 1
    outer loop
      vertex 154.74 156.698 10
      vertex 155.072 156.587 10
      vertex 154.865 156.663 10
    endloop
  endfacet
  facet normal 0 0 1
    outer loop
      vertex 155.463 3.61261 10
      vertex 154.74 3.30171 10
      vertex 155.271 3.50519 10
    endloop
  endfacet
  facet normal 0 0 1
    outer loop
      vertex 155.271 3.50519 10
      vertex 154.74 3.30171 10
      vertex 155.072 3.41313 10
    endloop
  endfacet
  facet normal 0 0 1
    outer loop
      vertex 155.072 3.41313 10
      vertex 154.74 3.30171 10
      vertex 154.865 3.33704 10
    endloop
  endfacet
  facet normal -1 0 0
    outer loop
      vertex 154.74 3.30171 1.8
      vertex 154.74 156.698 10
      vertex 154.74 156.698 1.8
    endloop
  endfacet
  facet normal -1 -0 0
    outer loop
      vertex 154.74 156.698 10
      vertex 154.74 3.30171 1.8
      vertex 154.74 3.30171 10
    endloop
  endfacet
  facet normal -0.619548 0.784959 0
    outer loop
      vertex 2.47328 158.854 0
      vertex 2.10332 158.562 12.91
      vertex 2.47328 158.854 12.91
    endloop
  endfacet
  facet normal -0.619548 0.784959 0
    outer loop
      vertex 2.10332 158.562 12.91
      vertex 2.47328 158.854 0
      vertex 2.10332 158.562 0
    endloop
  endfacet
  facet normal 0.195135 -0.980776 0
    outer loop
      vertex 154.939 0.0738678 0
      vertex 155.401 0.165787 12.91
      vertex 154.939 0.0738678 12.91
    endloop
  endfacet
  facet normal 0.195135 -0.980776 0
    outer loop
      vertex 155.401 0.165787 12.91
      vertex 154.939 0.0738678 0
      vertex 155.401 0.165787 0
    endloop
  endfacet
  facet normal 0 -1 0
    outer loop
      vertex 86.7003 0 9.3835
      vertex 88.2641 0 5.6769
      vertex 90.6851 0 9.3835
    endloop
  endfacet
  facet normal 0 -1 0
    outer loop
      vertex 86.7003 0 4.50101
      vertex 88.2641 0 5.6769
      vertex 86.7003 0 9.3835
    endloop
  endfacet
  facet normal 0 -1 0
    outer loop
      vertex 88.0145 0 4.50101
      vertex 88.2641 0 5.6769
      vertex 86.7003 0 4.50101
    endloop
  endfacet
  facet normal 0 -1 -0
    outer loop
      vertex 88.2641 0 5.6769
      vertex 88.0145 0 4.50101
      vertex 88.2641 0 4.81835
    endloop
  endfacet
  facet normal 0 -1 0
    outer loop
      vertex 88.0145 0 3.65064
      vertex 88.2641 0 4.81835
      vertex 88.0145 0 4.50101
    endloop
  endfacet
  facet normal 0 -1 -0
    outer loop
      vertex 88.2641 0 4.81835
      vertex 88.0145 0 3.65064
      vertex 90.8722 0 3.65064
    endloop
  endfacet
  facet normal 0 -1 0
    outer loop
      vertex 88.2641 0 4.81835
      vertex 90.8722 0 3.65064
      vertex 90.8722 0 4.81835
    endloop
  endfacet
  facet normal 0 -1 0
    outer loop
      vertex 78.7903 0 9.37958
      vertex 85.618 0 9.3835
      vertex 78.607 0 9.3835
    endloop
  endfacet
  facet normal 0 -1 0
    outer loop
      vertex 78.9657 0 9.36783
      vertex 85.618 0 9.3835
      vertex 78.7903 0 9.37958
    endloop
  endfacet
  facet normal 0 -1 0
    outer loop
      vertex 79.1332 0 9.34824
      vertex 85.618 0 9.3835
      vertex 78.9657 0 9.36783
    endloop
  endfacet
  facet normal 0 -1 0
    outer loop
      vertex 79.293 0 9.32082
      vertex 85.618 0 9.3835
      vertex 79.1332 0 9.34824
    endloop
  endfacet
  facet normal 0 -1 0
    outer loop
      vertex 79.4449 0 9.28556
      vertex 85.618 0 9.3835
      vertex 79.293 0 9.32082
    endloop
  endfacet
  facet normal 0 -1 0
    outer loop
      vertex 79.5889 0 9.24247
      vertex 85.618 0 9.3835
      vertex 79.4449 0 9.28556
    endloop
  endfacet
  facet normal 0 -1 0
    outer loop
      vertex 79.7252 0 9.19155
      vertex 85.618 0 9.3835
      vertex 79.5889 0 9.24247
    endloop
  endfacet
  facet normal 0 -1 0
    outer loop
      vertex 79.8535 0 9.13278
      vertex 85.618 0 9.3835
      vertex 79.7252 0 9.19155
    endloop
  endfacet
  facet normal 0 -1 0
    outer loop
      vertex 79.9741 0 9.0662
      vertex 85.618 0 9.3835
      vertex 79.8535 0 9.13278
    endloop
  endfacet
  facet normal 0 -1 0
    outer loop
      vertex 80.0868 0 8.99176
      vertex 85.618 0 9.3835
      vertex 79.9741 0 9.0662
    endloop
  endfacet
  facet normal 0 -1 0
    outer loop
      vertex 84.1817 0 8.45175
      vertex 80.0868 0 8.99176
      vertex 80.1917 0 8.9095
    endloop
  endfacet
  facet normal 0 -1 0
    outer loop
      vertex 84.1817 0 8.45175
      vertex 80.1917 0 8.9095
      vertex 80.2881 0 8.82007
    endloop
  endfacet
  facet normal 0 -1 0
    outer loop
      vertex 84.1817 0 8.45175
      vertex 80.2881 0 8.82007
      vertex 80.3753 0 8.72415
    endloop
  endfacet
  facet normal 0 -1 0
    outer loop
      vertex 84.1817 0 8.45175
      vertex 80.3753 0 8.72415
      vertex 80.4534 0 8.62174
    endloop
  endfacet
  facet normal 0 -1 0
    outer loop
      vertex 84.1817 0 8.45175
      vertex 80.4534 0 8.62174
      vertex 80.5222 0 8.51284
    endloop
  endfacet
  facet normal 0 -1 0
    outer loop
      vertex 80.0868 0 8.99176
      vertex 84.1817 0 8.45175
      vertex 85.618 0 9.3835
    endloop
  endfacet
  facet normal 0 -1 0
    outer loop
      vertex 80.5819 0 8.39745
      vertex 84.1817 0 8.45175
      vertex 80.5222 0 8.51284
    endloop
  endfacet
  facet normal 0 -1 0
    outer loop
      vertex 80.6324 0 8.27558
      vertex 84.1817 0 8.45175
      vertex 80.5819 0 8.39745
    endloop
  endfacet
  facet normal 0 -1 0
    outer loop
      vertex 80.6737 0 8.1472
      vertex 84.1817 0 8.45175
      vertex 80.6324 0 8.27558
    endloop
  endfacet
  facet normal 0 -1 0
    outer loop
      vertex 80.7058 0 8.01233
      vertex 84.1817 0 8.45175
      vertex 80.6737 0 8.1472
    endloop
  endfacet
  facet normal 0 -1 0
    outer loop
      vertex 80.7288 0 7.87097
      vertex 84.1817 0 8.45175
      vertex 80.7058 0 8.01233
    endloop
  endfacet
  facet normal 0 -1 0
    outer loop
      vertex 84.1817 0 7.55254
      vertex 80.7288 0 7.87097
      vertex 80.7425 0 7.72313
    endloop
  endfacet
  facet normal 0 -1 0
    outer loop
      vertex 83.3433 0 6.30756
      vertex 80.7425 0 7.72313
      vertex 80.7471 0 7.5688
    endloop
  endfacet
  facet normal 0 -1 0
    outer loop
      vertex 80.7288 0 7.87097
      vertex 84.1817 0 7.55254
      vertex 84.1817 0 8.45175
    endloop
  endfacet
  facet normal 0 -1 0
    outer loop
      vertex 83.3433 0 6.30756
      vertex 80.7471 0 7.5688
      vertex 80.7451 0 7.46916
    endloop
  endfacet
  facet normal 0 -1 0
    outer loop
      vertex 74.9707 0 3.65064
      vertex 76.0314 0 9.3835
      vertex 74.9707 0 9.3835
    endloop
  endfacet
  facet normal 0 -1 -0
    outer loop
      vertex 76.0314 0 9.3835
      vertex 74.9707 0 3.65064
      vertex 76.0314 0 3.65064
    endloop
  endfacet
  facet normal 0 -1 0
    outer loop
      vertex 70.2265 0 9.37746
      vertex 73.7704 0 9.3835
      vertex 69.9685 0 9.3835
    endloop
  endfacet
  facet normal 0 -1 0
    outer loop
      vertex 70.4736 0 9.35935
      vertex 73.7704 0 9.3835
      vertex 70.2265 0 9.37746
    endloop
  endfacet
  facet normal 0 -1 0
    outer loop
      vertex 70.7099 0 9.32917
      vertex 73.7704 0 9.3835
      vertex 70.4736 0 9.35935
    endloop
  endfacet
  facet normal 0 -1 0
    outer loop
      vertex 70.9353 0 9.28691
      vertex 73.7704 0 9.3835
      vertex 70.7099 0 9.32917
    endloop
  endfacet
  facet normal 0 -1 0
    outer loop
      vertex 71.15 0 9.23259
      vertex 73.7704 0 9.3835
      vertex 70.9353 0 9.28691
    endloop
  endfacet
  facet normal 0 -1 0
    outer loop
      vertex 71.3538 0 9.1662
      vertex 73.7704 0 9.3835
      vertex 71.15 0 9.23259
    endloop
  endfacet
  facet normal 0 -1 0
    outer loop
      vertex 71.5467 0 9.08773
      vertex 73.7704 0 9.3835
      vertex 71.3538 0 9.1662
    endloop
  endfacet
  facet normal 0 -1 0
    outer loop
      vertex 71.7289 0 8.99718
      vertex 73.7704 0 9.3835
      vertex 71.5467 0 9.08773
    endloop
  endfacet
  facet normal 0 -1 0
    outer loop
      vertex 71.9002 0 8.89456
      vertex 73.7704 0 9.3835
      vertex 71.7289 0 8.99718
    endloop
  endfacet
  facet normal 0 -1 0
    outer loop
      vertex 72.0607 0 8.77988
      vertex 73.7704 0 9.3835
      vertex 71.9002 0 8.89456
    endloop
  endfacet
  facet normal 0 -1 0
    outer loop
      vertex 72.2104 0 8.65312
      vertex 73.7704 0 9.3835
      vertex 72.0607 0 8.77988
    endloop
  endfacet
  facet normal 0 -1 0
    outer loop
      vertex 72.3481 0 8.51511
      vertex 73.7704 0 9.3835
      vertex 72.2104 0 8.65312
    endloop
  endfacet
  facet normal 0 -1 0
    outer loop
      vertex 72.4727 0 8.36663
      vertex 73.7704 0 9.3835
      vertex 72.3481 0 8.51511
    endloop
  endfacet
  facet normal 0 -1 0
    outer loop
      vertex 72.5841 0 8.20771
      vertex 73.7704 0 9.3835
      vertex 72.4727 0 8.36663
    endloop
  endfacet
  facet normal 0 -1 0
    outer loop
      vertex 72.6825 0 8.03832
      vertex 73.7704 0 9.3835
      vertex 72.5841 0 8.20771
    endloop
  endfacet
  facet normal 0 -1 0
    outer loop
      vertex 72.7677 0 7.85846
      vertex 73.7704 0 9.3835
      vertex 72.6825 0 8.03832
    endloop
  endfacet
  facet normal 0 -1 0
    outer loop
      vertex 72.8399 0 7.66817
      vertex 73.7704 0 9.3835
      vertex 72.7677 0 7.85846
    endloop
  endfacet
  facet normal 0 -1 0
    outer loop
      vertex 72.8989 0 7.46739
      vertex 73.7704 0 9.3835
      vertex 72.8399 0 7.66817
    endloop
  endfacet
  facet normal 0 -1 0
    outer loop
      vertex 72.9448 0 7.25618
      vertex 73.7704 0 9.3835
      vertex 72.8989 0 7.46739
    endloop
  endfacet
  facet normal 0 -1 0
    outer loop
      vertex 72.9776 0 7.0345
      vertex 73.7704 0 9.3835
      vertex 72.9448 0 7.25618
    endloop
  endfacet
  facet normal 0 -1 0
    outer loop
      vertex 72.9973 0 6.80237
      vertex 73.7704 0 9.3835
      vertex 72.9776 0 7.0345
    endloop
  endfacet
  facet normal 0 -1 0
    outer loop
      vertex 73.0038 0 6.55977
      vertex 73.7704 0 9.3835
      vertex 72.9973 0 6.80237
    endloop
  endfacet
  facet normal 0 -1 0
    outer loop
      vertex 73.7704 0 3.65064
      vertex 73.0038 0 6.55977
      vertex 73.0009 0 6.40039
    endloop
  endfacet
  facet normal 0 -1 0
    outer loop
      vertex 73.7704 0 3.65064
      vertex 73.0009 0 6.40039
      vertex 72.9923 0 6.24472
    endloop
  endfacet
  facet normal 0 -1 0
    outer loop
      vertex 73.7704 0 3.65064
      vertex 72.9923 0 6.24472
      vertex 72.9779 0 6.09278
    endloop
  endfacet
  facet normal 0 -1 0
    outer loop
      vertex 73.7704 0 3.65064
      vertex 72.9779 0 6.09278
      vertex 72.9578 0 5.94457
    endloop
  endfacet
  facet normal 0 -1 0
    outer loop
      vertex 73.7704 0 3.65064
      vertex 72.9578 0 5.94457
      vertex 72.9319 0 5.8001
    endloop
  endfacet
  facet normal 0 -1 0
    outer loop
      vertex 73.7704 0 3.65064
      vertex 72.9319 0 5.8001
      vertex 72.9003 0 5.65935
    endloop
  endfacet
  facet normal 0 -1 0
    outer loop
      vertex 73.0038 0 6.55977
      vertex 73.7704 0 3.65064
      vertex 73.7704 0 9.3835
    endloop
  endfacet
  facet normal 0 -1 0
    outer loop
      vertex 72.8629 0 5.52234
      vertex 73.7704 0 3.65064
      vertex 72.9003 0 5.65935
    endloop
  endfacet
  facet normal 0 -1 0
    outer loop
      vertex 72.8198 0 5.38906
      vertex 73.7704 0 3.65064
      vertex 72.8629 0 5.52234
    endloop
  endfacet
  facet normal 0 -1 0
    outer loop
      vertex 72.7709 0 5.25951
      vertex 73.7704 0 3.65064
      vertex 72.8198 0 5.38906
    endloop
  endfacet
  facet normal 0 -1 0
    outer loop
      vertex 72.7163 0 5.1337
      vertex 73.7704 0 3.65064
      vertex 72.7709 0 5.25951
    endloop
  endfacet
  facet normal 0 -1 0
    outer loop
      vertex 72.6559 0 5.01161
      vertex 73.7704 0 3.65064
      vertex 72.7163 0 5.1337
    endloop
  endfacet
  facet normal 0 -1 0
    outer loop
      vertex 72.5903 0 4.89398
      vertex 73.7704 0 3.65064
      vertex 72.6559 0 5.01161
    endloop
  endfacet
  facet normal 0 -1 0
    outer loop
      vertex 72.5199 0 4.78148
      vertex 73.7704 0 3.65064
      vertex 72.5903 0 4.89398
    endloop
  endfacet
  facet normal 0 -1 0
    outer loop
      vertex 72.4447 0 4.67414
      vertex 73.7704 0 3.65064
      vertex 72.5199 0 4.78148
    endloop
  endfacet
  facet normal 0 -1 0
    outer loop
      vertex 72.3647 0 4.57193
      vertex 73.7704 0 3.65064
      vertex 72.4447 0 4.67414
    endloop
  endfacet
  facet normal 0 -1 0
    outer loop
      vertex 72.28 0 4.47487
      vertex 73.7704 0 3.65064
      vertex 72.3647 0 4.57193
    endloop
  endfacet
  facet normal 0 -1 0
    outer loop
      vertex 72.1905 0 4.38297
      vertex 73.7704 0 3.65064
      vertex 72.28 0 4.47487
    endloop
  endfacet
  facet normal 0 -1 0
    outer loop
      vertex 72.0962 0 4.29619
      vertex 73.7704 0 3.65064
      vertex 72.1905 0 4.38297
    endloop
  endfacet
  facet normal 0 -1 0
    outer loop
      vertex 71.9971 0 4.21457
      vertex 73.7704 0 3.65064
      vertex 72.0962 0 4.29619
    endloop
  endfacet
  facet normal 0 -1 0
    outer loop
      vertex 71.8933 0 4.13808
      vertex 73.7704 0 3.65064
      vertex 71.9971 0 4.21457
    endloop
  endfacet
  facet normal 0 -1 0
    outer loop
      vertex 71.7847 0 4.06674
      vertex 73.7704 0 3.65064
      vertex 71.8933 0 4.13808
    endloop
  endfacet
  facet normal 0 -1 0
    outer loop
      vertex 71.6713 0 4.00055
      vertex 73.7704 0 3.65064
      vertex 71.7847 0 4.06674
    endloop
  endfacet
  facet normal 0 -1 0
    outer loop
      vertex 71.554 0 3.93982
      vertex 73.7704 0 3.65064
      vertex 71.6713 0 4.00055
    endloop
  endfacet
  facet normal 0 -1 0
    outer loop
      vertex 71.4336 0 3.88488
      vertex 73.7704 0 3.65064
      vertex 71.554 0 3.93982
    endloop
  endfacet
  facet normal 0 -1 0
    outer loop
      vertex 71.3102 0 3.83571
      vertex 73.7704 0 3.65064
      vertex 71.4336 0 3.88488
    endloop
  endfacet
  facet normal 0 -1 0
    outer loop
      vertex 71.1837 0 3.79233
      vertex 73.7704 0 3.65064
      vertex 71.3102 0 3.83571
    endloop
  endfacet
  facet normal 0 -1 0
    outer loop
      vertex 71.0542 0 3.75475
      vertex 73.7704 0 3.65064
      vertex 71.1837 0 3.79233
    endloop
  endfacet
  facet normal 0 -1 0
    outer loop
      vertex 70.9216 0 3.72293
      vertex 73.7704 0 3.65064
      vertex 71.0542 0 3.75475
    endloop
  endfacet
  facet normal 0 -1 0
    outer loop
      vertex 70.7859 0 3.6969
      vertex 73.7704 0 3.65064
      vertex 70.9216 0 3.72293
    endloop
  endfacet
  facet normal 0 -1 0
    outer loop
      vertex 70.6472 0 3.67665
      vertex 73.7704 0 3.65064
      vertex 70.7859 0 3.6969
    endloop
  endfacet
  facet normal 0 -1 0
    outer loop
      vertex 70.5054 0 3.6622
      vertex 73.7704 0 3.65064
      vertex 70.6472 0 3.67665
    endloop
  endfacet
  facet normal 0 -1 0
    outer loop
      vertex 70.3605 0 3.65352
      vertex 73.7704 0 3.65064
      vertex 70.5054 0 3.6622
    endloop
  endfacet
  facet normal 0 -1 0
    outer loop
      vertex 73.7704 0 3.65064
      vertex 70.3605 0 3.65352
      vertex 70.2126 0 3.65064
    endloop
  endfacet
  facet normal 0 -1 0
    outer loop
      vertex 69.9685 0 9.3835
      vertex 6 0 12.91
      vertex 67.8934 0 9.3835
    endloop
  endfacet
  facet normal 0 -1 0
    outer loop
      vertex 6 0 12.91
      vertex 67.8934 0 3.65064
      vertex 67.8934 0 9.3835
    endloop
  endfacet
  facet normal 0 0 0
    outer loop
      vertex 67.8934 0 3.65064
      vertex 73.7704 0 3.65064
      vertex 70.2126 0 3.65064
    endloop
  endfacet
  facet normal 0 0 0
    outer loop
      vertex 67.8934 0 3.65064
      vertex 74.9707 0 3.65064
      vertex 73.7704 0 3.65064
    endloop
  endfacet
  facet normal 0 0 0
    outer loop
      vertex 67.8934 0 3.65064
      vertex 76.0314 0 3.65064
      vertex 74.9707 0 3.65064
    endloop
  endfacet
  facet normal 0 0 0
    outer loop
      vertex 67.8934 0 3.65064
      vertex 77.2318 0 3.65064
      vertex 76.0314 0 3.65064
    endloop
  endfacet
  facet normal 0 -1 0
    outer loop
      vertex 6 0 0
      vertex 77.2318 0 3.65064
      vertex 67.8934 0 3.65064
    endloop
  endfacet
  facet normal 0 -1 -0
    outer loop
      vertex 77.2318 0 3.65064
      vertex 6 0 0
      vertex 84.1369 0 3.65064
    endloop
  endfacet
  facet normal 0 -1 -0
    outer loop
      vertex 84.1369 0 3.65064
      vertex 6 0 0
      vertex 88.0145 0 3.65064
    endloop
  endfacet
  facet normal 0 -1 0
    outer loop
      vertex 154 0 0
      vertex 88.0145 0 3.65064
      vertex 6 0 0
    endloop
  endfacet
  facet normal 0 -1 0
    outer loop
      vertex 88.0145 0 3.65064
      vertex 154 0 0
      vertex 90.8722 0 3.65064
    endloop
  endfacet
  facet normal 0 -1 0
    outer loop
      vertex 6 0 0
      vertex 67.8934 0 3.65064
      vertex 6 0 12.91
    endloop
  endfacet
  facet normal 0 -1 0
    outer loop
      vertex 73.7704 0 9.3835
      vertex 6 0 12.91
      vertex 69.9685 0 9.3835
    endloop
  endfacet
  facet normal 0 -1 0
    outer loop
      vertex 6 0 12.91
      vertex 73.7704 0 9.3835
      vertex 154 0 12.91
    endloop
  endfacet
  facet normal 0 -1 0
    outer loop
      vertex 74.9707 0 9.3835
      vertex 154 0 12.91
      vertex 73.7704 0 9.3835
    endloop
  endfacet
  facet normal 0 -1 0
    outer loop
      vertex 76.0314 0 9.3835
      vertex 154 0 12.91
      vertex 74.9707 0 9.3835
    endloop
  endfacet
  facet normal 0 -1 0
    outer loop
      vertex 78.607 0 9.3835
      vertex 154 0 12.91
      vertex 76.0314 0 9.3835
    endloop
  endfacet
  facet normal 0 -1 0
    outer loop
      vertex 85.618 0 9.3835
      vertex 154 0 12.91
      vertex 78.607 0 9.3835
    endloop
  endfacet
  facet normal 0 -1 0
    outer loop
      vertex 86.7003 0 9.3835
      vertex 154 0 12.91
      vertex 85.618 0 9.3835
    endloop
  endfacet
  facet normal 0 -1 0
    outer loop
      vertex 90.6851 0 9.3835
      vertex 154 0 12.91
      vertex 86.7003 0 9.3835
    endloop
  endfacet
  facet normal 0 -1 0
    outer loop
      vertex 91.9627 0 9.3835
      vertex 154 0 12.91
      vertex 90.6851 0 9.3835
    endloop
  endfacet
  facet normal 0 -1 0
    outer loop
      vertex 92.7276 0 5.66873
      vertex 91.9627 0 9.3835
      vertex 91.9627 0 5.66873
    endloop
  endfacet
  facet normal 0 -1 0
    outer loop
      vertex 91.9627 0 9.3835
      vertex 92.7276 0 5.66873
      vertex 154 0 12.91
    endloop
  endfacet
  facet normal 0 -1 0
    outer loop
      vertex 154 0 0
      vertex 92.7276 0 5.66873
      vertex 92.7276 0 4.81835
    endloop
  endfacet
  facet normal 0 -1 0
    outer loop
      vertex 154 0 0
      vertex 92.7276 0 4.81835
      vertex 91.9627 0 3.65064
    endloop
  endfacet
  facet normal 0 -1 0
    outer loop
      vertex 92.7276 0 5.66873
      vertex 154 0 0
      vertex 154 0 12.91
    endloop
  endfacet
  facet normal 0 -1 0
    outer loop
      vertex 90.8722 0 3.65064
      vertex 154 0 0
      vertex 91.9627 0 3.65064
    endloop
  endfacet
  facet normal 0 -1 0
    outer loop
      vertex 81.2275 0 6.30756
      vertex 80.7451 0 7.46916
      vertex 80.7388 0 7.37149
    endloop
  endfacet
  facet normal 0 -1 0
    outer loop
      vertex 81.2275 0 6.30756
      vertex 80.7388 0 7.37149
      vertex 80.7284 0 7.27576
    endloop
  endfacet
  facet normal 0 -1 0
    outer loop
      vertex 81.2275 0 6.30756
      vertex 80.7284 0 7.27576
      vertex 80.7138 0 7.18198
    endloop
  endfacet
  facet normal 0 -1 0
    outer loop
      vertex 81.2275 0 6.30756
      vertex 80.7138 0 7.18198
      vertex 80.695 0 7.09015
    endloop
  endfacet
  facet normal 0 -1 0
    outer loop
      vertex 81.2275 0 6.30756
      vertex 80.695 0 7.09015
      vertex 80.6721 0 7.00028
    endloop
  endfacet
  facet normal 0 -1 0
    outer loop
      vertex 81.2275 0 6.30756
      vertex 80.6721 0 7.00028
      vertex 80.645 0 6.91234
    endloop
  endfacet
  facet normal 0 -1 0
    outer loop
      vertex 81.2275 0 6.30756
      vertex 80.645 0 6.91234
      vertex 80.6137 0 6.82636
    endloop
  endfacet
  facet normal 0 -1 0
    outer loop
      vertex 81.2275 0 6.30756
      vertex 80.6137 0 6.82636
      vertex 80.5782 0 6.74233
    endloop
  endfacet
  facet normal 0 -1 0
    outer loop
      vertex 81.2275 0 6.30756
      vertex 80.5782 0 6.74233
      vertex 80.5386 0 6.66025
    endloop
  endfacet
  facet normal 0 -1 0
    outer loop
      vertex 81.2275 0 6.30756
      vertex 80.5386 0 6.66025
      vertex 80.4948 0 6.58011
    endloop
  endfacet
  facet normal 0 -1 0
    outer loop
      vertex 81.2275 0 6.30756
      vertex 80.4948 0 6.58011
      vertex 80.4472 0 6.5026
    endloop
  endfacet
  facet normal 0 -1 0
    outer loop
      vertex 81.2275 0 6.30756
      vertex 80.4472 0 6.5026
      vertex 80.3959 0 6.42835
    endloop
  endfacet
  facet normal 0 -1 0
    outer loop
      vertex 81.2275 0 6.30756
      vertex 80.3959 0 6.42835
      vertex 80.3411 0 6.35735
    endloop
  endfacet
  facet normal 0 -1 0
    outer loop
      vertex 80.7451 0 7.46916
      vertex 81.2275 0 6.30756
      vertex 83.3433 0 6.30756
    endloop
  endfacet
  facet normal 0 -1 0
    outer loop
      vertex 80.7425 0 7.72313
      vertex 83.3433 0 6.30756
      vertex 84.1817 0 7.55254
    endloop
  endfacet
  facet normal 0 -1 0
    outer loop
      vertex 85.5569 0 4.50101
      vertex 84.1817 0 7.55254
      vertex 83.3433 0 6.30756
    endloop
  endfacet
  facet normal 0 -1 0
    outer loop
      vertex 84.1369 0 4.50101
      vertex 83.3433 0 6.30756
      vertex 83.3433 0 5.31473
    endloop
  endfacet
  facet normal 0 -1 0
    outer loop
      vertex 83.3433 0 6.30756
      vertex 84.1369 0 4.50101
      vertex 85.5569 0 4.50101
    endloop
  endfacet
  facet normal 0 -1 0
    outer loop
      vertex 84.1817 0 7.55254
      vertex 85.5569 0 4.50101
      vertex 85.5569 0 8.41107
    endloop
  endfacet
  facet normal 0 -1 0
    outer loop
      vertex 77.2318 0 3.65064
      vertex 78.6558 0 5.66873
      vertex 77.2318 0 5.66873
    endloop
  endfacet
  facet normal 0 -1 0
    outer loop
      vertex 84.1369 0 3.65064
      vertex 83.3433 0 5.31473
      vertex 81.2275 0 5.31473
    endloop
  endfacet
  facet normal 0 -1 -0
    outer loop
      vertex 78.6558 0 5.66873
      vertex 77.2318 0 3.65064
      vertex 81.2275 0 5.31473
    endloop
  endfacet
  facet normal 0 -1 0
    outer loop
      vertex 84.1369 0 3.65064
      vertex 81.2275 0 5.31473
      vertex 77.2318 0 3.65064
    endloop
  endfacet
  facet normal 0 -1 0
    outer loop
      vertex 83.3433 0 5.31473
      vertex 84.1369 0 3.65064
      vertex 84.1369 0 4.50101
    endloop
  endfacet
  facet normal 0 -1 0
    outer loop
      vertex 80.2826 0 6.2896
      vertex 81.2275 0 6.30756
      vertex 80.3411 0 6.35735
    endloop
  endfacet
  facet normal 0 -1 0
    outer loop
      vertex 81.2275 0 5.31473
      vertex 80.2826 0 6.2896
      vertex 80.2206 0 6.22512
    endloop
  endfacet
  facet normal 0 -1 0
    outer loop
      vertex 81.2275 0 5.31473
      vertex 80.2206 0 6.22512
      vertex 80.1549 0 6.16391
    endloop
  endfacet
  facet normal 0 -1 0
    outer loop
      vertex 81.2275 0 5.31473
      vertex 80.1549 0 6.16391
      vertex 80.0856 0 6.10596
    endloop
  endfacet
  facet normal 0 -1 0
    outer loop
      vertex 81.2275 0 5.31473
      vertex 80.0856 0 6.10596
      vertex 80.0128 0 6.05126
    endloop
  endfacet
  facet normal 0 -1 0
    outer loop
      vertex 81.2275 0 5.31473
      vertex 80.0128 0 6.05126
      vertex 79.9364 0 5.99984
    endloop
  endfacet
  facet normal 0 -1 0
    outer loop
      vertex 81.2275 0 5.31473
      vertex 79.9364 0 5.99984
      vertex 79.8563 0 5.95166
    endloop
  endfacet
  facet normal 0 -1 0
    outer loop
      vertex 81.2275 0 5.31473
      vertex 79.8563 0 5.95166
      vertex 79.7727 0 5.90676
    endloop
  endfacet
  facet normal 0 -1 0
    outer loop
      vertex 81.2275 0 5.31473
      vertex 79.7727 0 5.90676
      vertex 79.6858 0 5.86544
    endloop
  endfacet
  facet normal 0 -1 0
    outer loop
      vertex 81.2275 0 5.31473
      vertex 79.6858 0 5.86544
      vertex 79.596 0 5.82807
    endloop
  endfacet
  facet normal 0 -1 0
    outer loop
      vertex 81.2275 0 5.31473
      vertex 79.596 0 5.82807
      vertex 79.5032 0 5.79463
    endloop
  endfacet
  facet normal 0 -1 0
    outer loop
      vertex 81.2275 0 5.31473
      vertex 79.5032 0 5.79463
      vertex 79.4075 0 5.76512
    endloop
  endfacet
  facet normal 0 -1 0
    outer loop
      vertex 80.2826 0 6.2896
      vertex 81.2275 0 5.31473
      vertex 81.2275 0 6.30756
    endloop
  endfacet
  facet normal 0 -1 0
    outer loop
      vertex 79.3089 0 5.73955
      vertex 81.2275 0 5.31473
      vertex 79.4075 0 5.76512
    endloop
  endfacet
  facet normal 0 -1 0
    outer loop
      vertex 79.2074 0 5.71791
      vertex 81.2275 0 5.31473
      vertex 79.3089 0 5.73955
    endloop
  endfacet
  facet normal 0 -1 0
    outer loop
      vertex 79.1029 0 5.70021
      vertex 81.2275 0 5.31473
      vertex 79.2074 0 5.71791
    endloop
  endfacet
  facet normal 0 -1 0
    outer loop
      vertex 78.9955 0 5.68643
      vertex 81.2275 0 5.31473
      vertex 79.1029 0 5.70021
    endloop
  endfacet
  facet normal 0 -1 0
    outer loop
      vertex 78.8852 0 5.67661
      vertex 81.2275 0 5.31473
      vertex 78.9955 0 5.68643
    endloop
  endfacet
  facet normal 0 -1 0
    outer loop
      vertex 78.772 0 5.6707
      vertex 81.2275 0 5.31473
      vertex 78.8852 0 5.67661
    endloop
  endfacet
  facet normal 0 -1 0
    outer loop
      vertex 81.2275 0 5.31473
      vertex 78.772 0 5.6707
      vertex 78.6558 0 5.66873
    endloop
  endfacet
  facet normal 0 -1 0
    outer loop
      vertex 91.9627 0 4.81835
      vertex 91.9627 0 3.65064
      vertex 92.7276 0 4.81835
    endloop
  endfacet
  facet normal 0 -1 0
    outer loop
      vertex 69.0937 0 4.5783
      vertex 69.9441 0 8.45584
      vertex 69.0937 0 8.45584
    endloop
  endfacet
  facet normal -0 -1 0
    outer loop
      vertex 71.7954 0 6.55977
      vertex 69.9441 0 8.45584
      vertex 70.1109 0 4.5783
    endloop
  endfacet
  facet normal -0 -1 -0
    outer loop
      vertex 71.7914 0 6.72409
      vertex 69.9441 0 8.45584
      vertex 71.7954 0 6.55977
    endloop
  endfacet
  facet normal 0 -1 0
    outer loop
      vertex 69.9441 0 8.45584
      vertex 71.7914 0 6.72409
      vertex 70.1027 0 8.45182
    endloop
  endfacet
  facet normal -0 -1 -0
    outer loop
      vertex 71.7795 0 6.88117
      vertex 70.1027 0 8.45182
      vertex 71.7914 0 6.72409
    endloop
  endfacet
  facet normal 0 -1 0
    outer loop
      vertex 70.1027 0 8.45182
      vertex 71.7795 0 6.88117
      vertex 70.2545 0 8.43976
    endloop
  endfacet
  facet normal -0 -1 -0
    outer loop
      vertex 71.7319 0 7.17365
      vertex 70.3996 0 8.41967
      vertex 71.7597 0 7.03102
    endloop
  endfacet
  facet normal 0 -1 0
    outer loop
      vertex 70.3996 0 8.41967
      vertex 71.7319 0 7.17365
      vertex 70.5378 0 8.39154
    endloop
  endfacet
  facet normal -0 -1 -0
    outer loop
      vertex 71.6962 0 7.30904
      vertex 70.6693 0 8.35538
      vertex 71.7319 0 7.17365
    endloop
  endfacet
  facet normal 0 -1 0
    outer loop
      vertex 70.6693 0 8.35538
      vertex 71.6962 0 7.30904
      vertex 70.7939 0 8.31118
    endloop
  endfacet
  facet normal 0 -1 0
    outer loop
      vertex 70.7939 0 8.31118
      vertex 71.6526 0 7.4372
      vertex 70.9118 0 8.25893
    endloop
  endfacet
  facet normal 0 -1 0
    outer loop
      vertex 70.9118 0 8.25893
      vertex 71.6526 0 7.4372
      vertex 71.0228 0 8.19866
    endloop
  endfacet
  facet normal 0 -1 0
    outer loop
      vertex 71.1271 0 8.13034
      vertex 71.6526 0 7.4372
      vertex 71.2246 0 8.05399
    endloop
  endfacet
  facet normal 0 -1 0
    outer loop
      vertex 71.3153 0 7.96959
      vertex 71.6526 0 7.4372
      vertex 71.3986 0 7.87758
    endloop
  endfacet
  facet normal 0 -1 0
    outer loop
      vertex 71.474 0 7.77832
      vertex 71.6526 0 7.4372
      vertex 71.5415 0 7.67185
    endloop
  endfacet
  facet normal 0 -1 0
    outer loop
      vertex 71.5415 0 7.67185
      vertex 71.6526 0 7.4372
      vertex 71.601 0 7.55814
    endloop
  endfacet
  facet normal 0 -1 0
    outer loop
      vertex 71.3986 0 7.87758
      vertex 71.6526 0 7.4372
      vertex 71.474 0 7.77832
    endloop
  endfacet
  facet normal 0 -1 0
    outer loop
      vertex 71.2246 0 8.05399
      vertex 71.6526 0 7.4372
      vertex 71.3153 0 7.96959
    endloop
  endfacet
  facet normal 0 -1 0
    outer loop
      vertex 71.0228 0 8.19866
      vertex 71.6526 0 7.4372
      vertex 71.1271 0 8.13034
    endloop
  endfacet
  facet normal -0 -1 -0
    outer loop
      vertex 71.6526 0 7.4372
      vertex 70.7939 0 8.31118
      vertex 71.6962 0 7.30904
    endloop
  endfacet
  facet normal 0 -1 0
    outer loop
      vertex 70.5378 0 8.39154
      vertex 71.7319 0 7.17365
      vertex 70.6693 0 8.35538
    endloop
  endfacet
  facet normal 0 -1 0
    outer loop
      vertex 70.2545 0 8.43976
      vertex 71.7597 0 7.03102
      vertex 70.3996 0 8.41967
    endloop
  endfacet
  facet normal -0 -1 -0
    outer loop
      vertex 71.7597 0 7.03102
      vertex 70.2545 0 8.43976
      vertex 71.7795 0 6.88117
    endloop
  endfacet
  facet normal 0 -1 0
    outer loop
      vertex 71.7954 0 6.55977
      vertex 70.1109 0 4.5783
      vertex 71.7916 0 6.3965
    endloop
  endfacet
  facet normal 0 -1 0
    outer loop
      vertex 71.7916 0 6.3965
      vertex 70.1109 0 4.5783
      vertex 71.7803 0 6.23954
    endloop
  endfacet
  facet normal 0 -1 0
    outer loop
      vertex 71.7803 0 6.23954
      vertex 70.1109 0 4.5783
      vertex 71.7615 0 6.08889
    endloop
  endfacet
  facet normal 0 -1 0
    outer loop
      vertex 71.7615 0 6.08889
      vertex 70.1109 0 4.5783
      vertex 71.7351 0 5.94455
    endloop
  endfacet
  facet normal 0 -1 0
    outer loop
      vertex 71.7351 0 5.94455
      vertex 70.1109 0 4.5783
      vertex 71.7012 0 5.80655
    endloop
  endfacet
  facet normal 0 -1 0
    outer loop
      vertex 71.7012 0 5.80655
      vertex 70.1109 0 4.5783
      vertex 71.6598 0 5.67487
    endloop
  endfacet
  facet normal 0 -1 0
    outer loop
      vertex 71.6598 0 5.67487
      vertex 70.1109 0 4.5783
      vertex 71.6109 0 5.5495
    endloop
  endfacet
  facet normal 0 -1 0
    outer loop
      vertex 71.6109 0 5.5495
      vertex 70.1109 0 4.5783
      vertex 71.5544 0 5.43047
    endloop
  endfacet
  facet normal -0 -1 0
    outer loop
      vertex 70.2488 0 4.58269
      vertex 71.5544 0 5.43047
      vertex 70.1109 0 4.5783
    endloop
  endfacet
  facet normal 0 -1 0
    outer loop
      vertex 71.5544 0 5.43047
      vertex 70.2488 0 4.58269
      vertex 71.4903 0 5.31775
    endloop
  endfacet
  facet normal 0 -1 0
    outer loop
      vertex 71.4903 0 5.31775
      vertex 70.2488 0 4.58269
      vertex 71.4188 0 5.21135
    endloop
  endfacet
  facet normal 0 -1 0
    outer loop
      vertex 71.4188 0 5.21135
      vertex 70.2488 0 4.58269
      vertex 71.3397 0 5.11127
    endloop
  endfacet
  facet normal 0 -1 0
    outer loop
      vertex 71.3397 0 5.11127
      vertex 70.2488 0 4.58269
      vertex 71.2542 0 5.01877
    endloop
  endfacet
  facet normal 0 -1 0
    outer loop
      vertex 71.2542 0 5.01877
      vertex 70.2488 0 4.58269
      vertex 71.1635 0 4.93508
    endloop
  endfacet
  facet normal 0 -1 0
    outer loop
      vertex 71.1635 0 4.93508
      vertex 70.2488 0 4.58269
      vertex 71.0675 0 4.8602
    endloop
  endfacet
  facet normal 0 -1 0
    outer loop
      vertex 71.0675 0 4.8602
      vertex 70.2488 0 4.58269
      vertex 70.9663 0 4.79413
    endloop
  endfacet
  facet normal 0 -1 0
    outer loop
      vertex 70.9663 0 4.79413
      vertex 70.2488 0 4.58269
      vertex 70.8598 0 4.73687
    endloop
  endfacet
  facet normal 0 -1 0
    outer loop
      vertex 70.8598 0 4.73687
      vertex 70.2488 0 4.58269
      vertex 70.7481 0 4.68842
    endloop
  endfacet
  facet normal 0 -1 0
    outer loop
      vertex 70.6312 0 4.64878
      vertex 70.3815 0 4.5959
      vertex 70.509 0 4.61794
    endloop
  endfacet
  facet normal 0 -1 0
    outer loop
      vertex 70.6312 0 4.64878
      vertex 70.2488 0 4.58269
      vertex 70.3815 0 4.5959
    endloop
  endfacet
  facet normal 0 -1 -0
    outer loop
      vertex 69.9441 0 8.45584
      vertex 69.0937 0 4.5783
      vertex 70.1109 0 4.5783
    endloop
  endfacet
  facet normal 0 -1 0
    outer loop
      vertex 70.7481 0 4.68842
      vertex 70.2488 0 4.58269
      vertex 70.6312 0 4.64878
    endloop
  endfacet
  facet normal 0 -1 0
    outer loop
      vertex 77.2318 0 6.5923
      vertex 78.4727 0 8.45175
      vertex 77.2318 0 8.45175
    endloop
  endfacet
  facet normal 0 -1 0
    outer loop
      vertex 78.4727 0 8.45175
      vertex 78.5052 0 6.5923
      vertex 78.6577 0 8.44429
    endloop
  endfacet
  facet normal -0 -1 0
    outer loop
      vertex 78.5936 0 6.59433
      vertex 78.6577 0 8.44429
      vertex 78.5052 0 6.5923
    endloop
  endfacet
  facet normal -0 -1 0
    outer loop
      vertex 78.6782 0 6.60044
      vertex 78.6577 0 8.44429
      vertex 78.5936 0 6.59433
    endloop
  endfacet
  facet normal -0 -1 0
    outer loop
      vertex 78.7591 0 6.61061
      vertex 78.6577 0 8.44429
      vertex 78.6782 0 6.60044
    endloop
  endfacet
  facet normal 0 -1 0
    outer loop
      vertex 78.6577 0 8.44429
      vertex 78.7591 0 6.61061
      vertex 78.8251 0 8.42189
    endloop
  endfacet
  facet normal -0 -1 -0
    outer loop
      vertex 79.5299 0 7.70523
      vertex 78.8251 0 8.42189
      vertex 79.5388 0 7.54846
    endloop
  endfacet
  facet normal 0 -1 0
    outer loop
      vertex 78.8251 0 8.42189
      vertex 79.5299 0 7.70523
      vertex 78.9749 0 8.38457
    endloop
  endfacet
  facet normal 0 -1 0
    outer loop
      vertex 79.1071 0 8.33231
      vertex 79.5035 0 7.84706
      vertex 79.2216 0 8.26512
    endloop
  endfacet
  facet normal -0 -1 -0
    outer loop
      vertex 79.4595 0 7.97397
      vertex 79.2216 0 8.26512
      vertex 79.5035 0 7.84706
    endloop
  endfacet
  facet normal 0 -1 0
    outer loop
      vertex 79.3185 0 8.183
      vertex 79.4595 0 7.97397
      vertex 79.3978 0 8.08596
    endloop
  endfacet
  facet normal 0 -1 0
    outer loop
      vertex 79.2216 0 8.26512
      vertex 79.4595 0 7.97397
      vertex 79.3185 0 8.183
    endloop
  endfacet
  facet normal -0 -1 -0
    outer loop
      vertex 79.5035 0 7.84706
      vertex 79.1071 0 8.33231
      vertex 79.5299 0 7.70523
    endloop
  endfacet
  facet normal 0 -1 0
    outer loop
      vertex 78.9749 0 8.38457
      vertex 79.5299 0 7.70523
      vertex 79.1071 0 8.33231
    endloop
  endfacet
  facet normal 0 -1 0
    outer loop
      vertex 78.8251 0 8.42189
      vertex 79.5365 0 7.46593
      vertex 79.5388 0 7.54846
    endloop
  endfacet
  facet normal 0 -1 -0
    outer loop
      vertex 78.8251 0 8.42189
      vertex 78.7591 0 6.61061
      vertex 79.5365 0 7.46593
    endloop
  endfacet
  facet normal 0 -1 0
    outer loop
      vertex 79.5365 0 7.46593
      vertex 78.7591 0 6.61061
      vertex 79.5299 0 7.387
    endloop
  endfacet
  facet normal -0 -1 0
    outer loop
      vertex 78.8361 0 6.62485
      vertex 79.5299 0 7.387
      vertex 78.7591 0 6.61061
    endloop
  endfacet
  facet normal 0 -1 0
    outer loop
      vertex 79.5299 0 7.387
      vertex 78.8361 0 6.62485
      vertex 79.5188 0 7.31166
    endloop
  endfacet
  facet normal -0 -1 0
    outer loop
      vertex 78.9094 0 6.64316
      vertex 79.5188 0 7.31166
      vertex 78.8361 0 6.62485
    endloop
  endfacet
  facet normal 0 -1 0
    outer loop
      vertex 79.5188 0 7.31166
      vertex 78.9094 0 6.64316
      vertex 79.5032 0 7.23992
    endloop
  endfacet
  facet normal -0 -1 0
    outer loop
      vertex 78.979 0 6.66555
      vertex 79.5032 0 7.23992
      vertex 78.9094 0 6.64316
    endloop
  endfacet
  facet normal 0 -1 0
    outer loop
      vertex 79.5032 0 7.23992
      vertex 78.979 0 6.66555
      vertex 79.4833 0 7.17179
    endloop
  endfacet
  facet normal -0 -1 0
    outer loop
      vertex 79.0448 0 6.69199
      vertex 79.4833 0 7.17179
      vertex 78.979 0 6.66555
    endloop
  endfacet
  facet normal 0 -1 0
    outer loop
      vertex 79.4588 0 7.10724
      vertex 79.0448 0 6.69199
      vertex 79.43 0 7.0463
    endloop
  endfacet
  facet normal 0 -1 0
    outer loop
      vertex 79.43 0 7.0463
      vertex 79.0448 0 6.69199
      vertex 79.3967 0 6.98894
    endloop
  endfacet
  facet normal 0 -1 0
    outer loop
      vertex 79.2195 0 6.79575
      vertex 79.1068 0 6.72251
      vertex 79.165 0 6.7571
    endloop
  endfacet
  facet normal 0 -1 0
    outer loop
      vertex 79.2702 0 6.83847
      vertex 79.0448 0 6.69199
      vertex 79.2195 0 6.79575
    endloop
  endfacet
  facet normal 0 -1 0
    outer loop
      vertex 79.3168 0 6.88504
      vertex 79.0448 0 6.69199
      vertex 79.2702 0 6.83847
    endloop
  endfacet
  facet normal 0 -1 0
    outer loop
      vertex 79.359 0 6.9352
      vertex 79.0448 0 6.69199
      vertex 79.3168 0 6.88504
    endloop
  endfacet
  facet normal 0 -1 0
    outer loop
      vertex 79.2195 0 6.79575
      vertex 79.0448 0 6.69199
      vertex 79.1068 0 6.72251
    endloop
  endfacet
  facet normal 0 -1 0
    outer loop
      vertex 79.3967 0 6.98894
      vertex 79.0448 0 6.69199
      vertex 79.359 0 6.9352
    endloop
  endfacet
  facet normal 0 -1 -0
    outer loop
      vertex 78.4727 0 8.45175
      vertex 77.2318 0 6.5923
      vertex 78.5052 0 6.5923
    endloop
  endfacet
  facet normal 0 -1 0
    outer loop
      vertex 79.4833 0 7.17179
      vertex 79.0448 0 6.69199
      vertex 79.4588 0 7.10724
    endloop
  endfacet
  facet normal 0 -1 0
    outer loop
      vertex 90.8882 0 8.30689
      vertex 90.9073 0 8.33518
      vertex 90.9088 0 8.34999
    endloop
  endfacet
  facet normal 0 -1 0
    outer loop
      vertex 90.8882 0 8.30689
      vertex 90.9057 0 8.31732
      vertex 90.9073 0 8.33518
    endloop
  endfacet
  facet normal 0 -1 0
    outer loop
      vertex 90.8882 0 8.30689
      vertex 90.9039 0 8.29645
      vertex 90.9057 0 8.31732
    endloop
  endfacet
  facet normal 0 -1 0
    outer loop
      vertex 90.8882 0 8.30689
      vertex 90.9021 0 8.27254
      vertex 90.9039 0 8.29645
    endloop
  endfacet
  facet normal 0 -1 0
    outer loop
      vertex 90.8647 0 8.26042
      vertex 90.9021 0 8.27254
      vertex 90.8882 0 8.30689
    endloop
  endfacet
  facet normal 0 -1 0
    outer loop
      vertex 90.8647 0 8.26042
      vertex 90.9002 0 8.24561
      vertex 90.9021 0 8.27254
    endloop
  endfacet
  facet normal 0 -1 0
    outer loop
      vertex 90.8647 0 8.26042
      vertex 90.8981 0 8.21564
      vertex 90.9002 0 8.24561
    endloop
  endfacet
  facet normal 0 -1 0
    outer loop
      vertex 90.8384 0 8.2106
      vertex 90.8981 0 8.21564
      vertex 90.8647 0 8.26042
    endloop
  endfacet
  facet normal 0 -1 0
    outer loop
      vertex 90.8384 0 8.2106
      vertex 90.896 0 8.18265
      vertex 90.8981 0 8.21564
    endloop
  endfacet
  facet normal 0 -1 0
    outer loop
      vertex 90.8093 0 8.15741
      vertex 90.896 0 8.18265
      vertex 90.8384 0 8.2106
    endloop
  endfacet
  facet normal 0 -1 0
    outer loop
      vertex 90.8093 0 8.15741
      vertex 90.8938 0 8.14664
      vertex 90.896 0 8.18265
    endloop
  endfacet
  facet normal 0 -1 0
    outer loop
      vertex 90.8093 0 8.15741
      vertex 90.8914 0 8.10759
      vertex 90.8938 0 8.14664
    endloop
  endfacet
  facet normal 0 -1 0
    outer loop
      vertex 90.7773 0 8.10085
      vertex 90.8914 0 8.10759
      vertex 90.8093 0 8.15741
    endloop
  endfacet
  facet normal 0 -1 0
    outer loop
      vertex 90.7773 0 8.10085
      vertex 90.889 0 8.06552
      vertex 90.8914 0 8.10759
    endloop
  endfacet
  facet normal 0 -1 0
    outer loop
      vertex 90.8864 0 8.02042
      vertex 90.7773 0 8.10085
      vertex 90.7426 0 8.04093
    endloop
  endfacet
  facet normal 0 -1 0
    outer loop
      vertex 90.7773 0 8.10085
      vertex 90.8864 0 8.02042
      vertex 90.889 0 8.06552
    endloop
  endfacet
  facet normal 0 -1 0
    outer loop
      vertex 90.884 0 7.97412
      vertex 90.7426 0 8.04093
      vertex 90.705 0 7.97765
    endloop
  endfacet
  facet normal 0 -1 0
    outer loop
      vertex 90.7426 0 8.04093
      vertex 90.884 0 7.97412
      vertex 90.8864 0 8.02042
    endloop
  endfacet
  facet normal 0 -1 0
    outer loop
      vertex 90.705 0 7.97765
      vertex 90.8817 0 7.92842
      vertex 90.884 0 7.97412
    endloop
  endfacet
  facet normal 0 -1 0
    outer loop
      vertex 90.8797 0 7.88333
      vertex 90.705 0 7.97765
      vertex 90.6646 0 7.91101
    endloop
  endfacet
  facet normal 0 -1 0
    outer loop
      vertex 90.705 0 7.97765
      vertex 90.8797 0 7.88333
      vertex 90.8817 0 7.92842
    endloop
  endfacet
  facet normal 0 -1 0
    outer loop
      vertex 90.8764 0 7.79497
      vertex 90.6646 0 7.91101
      vertex 90.6213 0 7.84101
    endloop
  endfacet
  facet normal 0 -1 0
    outer loop
      vertex 90.6646 0 7.91101
      vertex 90.878 0 7.83885
      vertex 90.8797 0 7.88333
    endloop
  endfacet
  facet normal 0 -1 0
    outer loop
      vertex 90.6646 0 7.91101
      vertex 90.8764 0 7.79497
      vertex 90.878 0 7.83885
    endloop
  endfacet
  facet normal 0 -1 0
    outer loop
      vertex 90.8741 0 7.70903
      vertex 90.6213 0 7.84101
      vertex 90.5753 0 7.76763
    endloop
  endfacet
  facet normal 0 -1 0
    outer loop
      vertex 90.6213 0 7.84101
      vertex 90.8752 0 7.7517
      vertex 90.8764 0 7.79497
    endloop
  endfacet
  facet normal 0 -1 0
    outer loop
      vertex 90.6213 0 7.84101
      vertex 90.8741 0 7.70903
      vertex 90.8752 0 7.7517
    endloop
  endfacet
  facet normal 0 -1 0
    outer loop
      vertex 90.8727 0 7.62552
      vertex 90.5753 0 7.76763
      vertex 90.5264 0 7.69089
    endloop
  endfacet
  facet normal 0 -1 0
    outer loop
      vertex 90.5753 0 7.76763
      vertex 90.8733 0 7.66698
      vertex 90.8741 0 7.70903
    endloop
  endfacet
  facet normal 0 -1 0
    outer loop
      vertex 90.5753 0 7.76763
      vertex 90.8727 0 7.62552
      vertex 90.8733 0 7.66698
    endloop
  endfacet
  facet normal 0 -1 0
    outer loop
      vertex 90.5264 0 7.69089
      vertex 90.8723 0 7.58467
      vertex 90.8727 0 7.62552
    endloop
  endfacet
  facet normal 0 -1 0
    outer loop
      vertex 90.5264 0 7.69089
      vertex 90.8722 0 7.54444
      vertex 90.8723 0 7.58467
    endloop
  endfacet
  facet normal 0 -1 0
    outer loop
      vertex 90.8722 0 5.66873
      vertex 90.5264 0 7.69089
      vertex 89.1959 0 5.66873
    endloop
  endfacet
  facet normal 0 -1 0
    outer loop
      vertex 90.5264 0 7.69089
      vertex 90.8722 0 5.66873
      vertex 90.8722 0 7.54444
    endloop
  endfacet
  facet normal 0.117501 -0.993073 0
    outer loop
      vertex 154.471 0.0184937 0
      vertex 154.939 0.0738678 12.91
      vertex 154.471 0.0184937 12.91
    endloop
  endfacet
  facet normal 0.117501 -0.993073 0
    outer loop
      vertex 154.939 0.0738678 12.91
      vertex 154.471 0.0184937 0
      vertex 154.939 0.0738678 0
    endloop
  endfacet
  facet normal 0.999271 0.0381887 0
    outer loop
      vertex 160 154 12.91
      vertex 159.982 154.471 0
      vertex 159.982 154.471 12.91
    endloop
  endfacet
  facet normal 0.999271 0.0381887 0
    outer loop
      vertex 159.982 154.471 0
      vertex 160 154 12.91
      vertex 160 154 0
    endloop
  endfacet
  facet normal 0.0392345 -0.99923 0
    outer loop
      vertex 154 0 0
      vertex 154.471 0.0184937 12.91
      vertex 154 0 12.91
    endloop
  endfacet
  facet normal 0.0392345 -0.99923 0
    outer loop
      vertex 154.471 0.0184937 12.91
      vertex 154 0 0
      vertex 154.471 0.0184937 0
    endloop
  endfacet
  facet normal 0.678745 -0.734374 0
    outer loop
      vertex 157.897 1.43756 0
      vertex 158.243 1.75735 12.91
      vertex 157.897 1.43756 12.91
    endloop
  endfacet
  facet normal 0.678745 -0.734374 0
    outer loop
      vertex 158.243 1.75735 12.91
      vertex 157.897 1.43756 0
      vertex 158.243 1.75735 0
    endloop
  endfacet
  facet normal 0.555679 0.831397 -0
    outer loop
      vertex 157.527 158.854 0
      vertex 157.135 159.116 12.91
      vertex 157.527 158.854 12.91
    endloop
  endfacet
  facet normal 0.555679 0.831397 0
    outer loop
      vertex 157.135 159.116 12.91
      vertex 157.527 158.854 0
      vertex 157.135 159.116 0
    endloop
  endfacet
  facet normal -0.418656 -0.908145 0
    outer loop
      vertex 3.27606 0.653961 0
      vertex 3.7039 0.456726 12.91
      vertex 3.27606 0.653961 12.91
    endloop
  endfacet
  facet normal -0.418656 -0.908145 -0
    outer loop
      vertex 3.7039 0.456726 12.91
      vertex 3.27606 0.653961 0
      vertex 3.7039 0.456726 0
    endloop
  endfacet
  facet normal -0.555943 0.83122 0
    outer loop
      vertex 2.86501 159.116 0
      vertex 2.47328 158.854 12.91
      vertex 2.86501 159.116 12.91
    endloop
  endfacet
  facet normal -0.555943 0.83122 0
    outer loop
      vertex 2.47328 158.854 12.91
      vertex 2.86501 159.116 0
      vertex 2.47328 158.854 0
    endloop
  endfacet
  facet normal -0.678776 -0.734345 0
    outer loop
      vertex 1.75735 1.75735 0
      vertex 2.10332 1.43756 12.91
      vertex 1.75735 1.75735 12.91
    endloop
  endfacet
  facet normal -0.678776 -0.734345 -0
    outer loop
      vertex 2.10332 1.43756 12.91
      vertex 1.75735 1.75735 0
      vertex 2.10332 1.43756 0
    endloop
  endfacet
  facet normal -0.555569 -0.83147 0
    outer loop
      vertex 2.47328 1.1459 0
      vertex 2.86501 0.884155 12.91
      vertex 2.47328 1.1459 12.91
    endloop
  endfacet
  facet normal -0.555569 -0.83147 -0
    outer loop
      vertex 2.86501 0.884155 12.91
      vertex 2.47328 1.1459 0
      vertex 2.86501 0.884155 0
    endloop
  endfacet
  facet normal -0.346133 -0.938185 0
    outer loop
      vertex 3.7039 0.456726 0
      vertex 4.1459 0.293655 12.91
      vertex 3.7039 0.456726 12.91
    endloop
  endfacet
  facet normal -0.346133 -0.938185 -0
    outer loop
      vertex 4.1459 0.293655 12.91
      vertex 3.7039 0.456726 0
      vertex 4.1459 0.293655 0
    endloop
  endfacet
  facet normal -0.0382089 0.99927 0
    outer loop
      vertex 6 160 0
      vertex 5.52925 159.982 12.91
      vertex 6 160 12.91
    endloop
  endfacet
  facet normal -0.0382089 0.99927 0
    outer loop
      vertex 5.52925 159.982 12.91
      vertex 6 160 0
      vertex 5.52925 159.982 0
    endloop
  endfacet
  facet normal 0 0 0
    outer loop
      vertex 3.2 5.99993 1.8
      vertex 3.2 154 1.8
      vertex 3.2 6 1.8
    endloop
  endfacet
  facet normal 0 0 1
    outer loop
      vertex 5.26 156.698 1.8
      vertex 8.64 156.8 1.8
      vertex 6 156.8 1.8
    endloop
  endfacet
  facet normal 0 0 1
    outer loop
      vertex 16.02 156.8 1.8
      vertex 12.64 156.8 1.8
      vertex 16.02 3.2 1.8
    endloop
  endfacet
  facet normal 0 0 1
    outer loop
      vertex 20.2 156.8 1.8
      vertex 16.82 156.8 1.8
      vertex 20.2 3.2 1.8
    endloop
  endfacet
  facet normal 0 0 1
    outer loop
      vertex 27.58 156.8 1.8
      vertex 24.2 156.8 1.8
      vertex 27.58 3.2 1.8
    endloop
  endfacet
  facet normal 0 0 1
    outer loop
      vertex 31.76 156.8 1.8
      vertex 28.38 156.8 1.8
      vertex 31.76 3.2 1.8
    endloop
  endfacet
  facet normal 0 0 1
    outer loop
      vertex 39.14 156.8 1.8
      vertex 35.76 156.8 1.8
      vertex 39.14 3.2 1.8
    endloop
  endfacet
  facet normal 0 0 1
    outer loop
      vertex 43.32 156.8 1.8
      vertex 39.94 156.8 1.8
      vertex 43.32 3.2 1.8
    endloop
  endfacet
  facet normal 0 0 1
    outer loop
      vertex 50.7 156.8 1.8
      vertex 47.32 156.8 1.8
      vertex 50.7 3.2 1.8
    endloop
  endfacet
  facet normal 0 0 1
    outer loop
      vertex 54.88 156.8 1.8
      vertex 51.5 156.8 1.8
      vertex 54.88 3.2 1.8
    endloop
  endfacet
  facet normal 0 0 1
    outer loop
      vertex 62.26 156.8 1.8
      vertex 58.88 156.8 1.8
      vertex 62.26 3.2 1.8
    endloop
  endfacet
  facet normal 0 0 1
    outer loop
      vertex 66.44 156.8 1.8
      vertex 63.06 156.8 1.8
      vertex 66.44 3.2 1.8
    endloop
  endfacet
  facet normal 0 0 1
    outer loop
      vertex 73.82 156.8 1.8
      vertex 70.44 156.8 1.8
      vertex 73.82 3.2 1.8
    endloop
  endfacet
  facet normal 0 0 1
    outer loop
      vertex 78 156.8 1.8
      vertex 74.62 156.8 1.8
      vertex 78 3.2 1.8
    endloop
  endfacet
  facet normal 0 0 1
    outer loop
      vertex 85.38 156.8 1.8
      vertex 82 156.8 1.8
      vertex 85.38 3.2 1.8
    endloop
  endfacet
  facet normal 0 0 1
    outer loop
      vertex 89.56 156.8 1.8
      vertex 86.18 156.8 1.8
      vertex 89.56 3.2 1.8
    endloop
  endfacet
  facet normal 0 0 1
    outer loop
      vertex 96.94 156.8 1.8
      vertex 93.56 156.8 1.8
      vertex 96.94 3.2 1.8
    endloop
  endfacet
  facet normal 0 0 1
    outer loop
      vertex 101.12 156.8 1.8
      vertex 97.74 156.8 1.8
      vertex 101.12 3.2 1.8
    endloop
  endfacet
  facet normal 0 0 1
    outer loop
      vertex 108.5 156.8 1.8
      vertex 105.12 156.8 1.8
      vertex 108.5 3.2 1.8
    endloop
  endfacet
  facet normal 0 0 1
    outer loop
      vertex 112.68 156.8 1.8
      vertex 109.3 156.8 1.8
      vertex 112.68 3.2 1.8
    endloop
  endfacet
  facet normal 0 0 1
    outer loop
      vertex 120.06 156.8 1.8
      vertex 116.68 156.8 1.8
      vertex 120.06 3.2 1.8
    endloop
  endfacet
  facet normal 0 0 1
    outer loop
      vertex 124.24 156.8 1.8
      vertex 120.86 156.8 1.8
      vertex 124.24 3.2 1.8
    endloop
  endfacet
  facet normal 0 0 1
    outer loop
      vertex 131.62 156.8 1.8
      vertex 128.24 156.8 1.8
      vertex 131.62 3.2 1.8
    endloop
  endfacet
  facet normal 0 0 1
    outer loop
      vertex 135.8 156.8 1.8
      vertex 132.42 156.8 1.8
      vertex 135.8 3.2 1.8
    endloop
  endfacet
  facet normal 0 0 1
    outer loop
      vertex 143.18 156.8 1.8
      vertex 139.8 156.8 1.8
      vertex 143.18 3.2 1.8
    endloop
  endfacet
  facet normal 0 0 1
    outer loop
      vertex 147.36 156.8 1.8
      vertex 143.98 156.8 1.8
      vertex 147.36 3.2 1.8
    endloop
  endfacet
  facet normal 0 0 1
    outer loop
      vertex 154.438 156.766 1.8
      vertex 154.74 156.698 1.8
      vertex 154.654 156.723 1.8
    endloop
  endfacet
  facet normal 0 0 1
    outer loop
      vertex 154.74 156.698 1.8
      vertex 151.36 156.8 1.8
      vertex 154.74 3.30171 1.8
    endloop
  endfacet
  facet normal 0 0 1
    outer loop
      vertex 154.74 156.698 1.8
      vertex 154.438 156.766 1.8
      vertex 154 156.8 1.8
    endloop
  endfacet
  facet normal 0 0 1
    outer loop
      vertex 151.36 3.2 1.8
      vertex 154.74 3.30171 1.8
      vertex 151.36 156.8 1.8
    endloop
  endfacet
  facet normal 0 0 1
    outer loop
      vertex 154 156.8 1.8
      vertex 154.438 156.766 1.8
      vertex 154.22 156.791 1.8
    endloop
  endfacet
  facet normal 0 -0 1
    outer loop
      vertex 154 3.2 1.8
      vertex 154.74 3.30171 1.8
      vertex 151.36 3.2 1.8
    endloop
  endfacet
  facet normal 0 0 1
    outer loop
      vertex 154.74 156.698 1.8
      vertex 154 156.8 1.8
      vertex 151.36 156.8 1.8
    endloop
  endfacet
  facet normal 0 -0 1
    outer loop
      vertex 154.438 3.23447 1.8
      vertex 154.74 3.30171 1.8
      vertex 154 3.2 1.8
    endloop
  endfacet
  facet normal 0 0 1
    outer loop
      vertex 154.74 3.30171 1.8
      vertex 154.438 3.23447 1.8
      vertex 154.654 3.27736 1.8
    endloop
  endfacet
  facet normal 0 0 1
    outer loop
      vertex 154.438 3.23447 1.8
      vertex 154 3.2 1.8
      vertex 154.22 3.20863 1.8
    endloop
  endfacet
  facet normal 0 0 0
    outer loop
      vertex 147.36 3.2 1.8
      vertex 154 3.2 1.8
      vertex 151.36 3.2 1.8
    endloop
  endfacet
  facet normal 0 0 1
    outer loop
      vertex 143.98 3.2 1.8
      vertex 147.36 3.2 1.8
      vertex 143.98 156.8 1.8
    endloop
  endfacet
  facet normal 0 0 0
    outer loop
      vertex 143.98 3.2 1.8
      vertex 154 3.2 1.8
      vertex 147.36 3.2 1.8
    endloop
  endfacet
  facet normal 0 0 0
    outer loop
      vertex 143.18 3.2 1.8
      vertex 154 3.2 1.8
      vertex 143.98 3.2 1.8
    endloop
  endfacet
  facet normal 0 0 1
    outer loop
      vertex 139.8 3.2 1.8
      vertex 143.18 3.2 1.8
      vertex 139.8 156.8 1.8
    endloop
  endfacet
  facet normal 0 0 0
    outer loop
      vertex 139.8 3.2 1.8
      vertex 154 3.2 1.8
      vertex 143.18 3.2 1.8
    endloop
  endfacet
  facet normal 0 0 0
    outer loop
      vertex 135.8 3.2 1.8
      vertex 154 3.2 1.8
      vertex 139.8 3.2 1.8
    endloop
  endfacet
  facet normal 0 0 1
    outer loop
      vertex 132.42 3.2 1.8
      vertex 135.8 3.2 1.8
      vertex 132.42 156.8 1.8
    endloop
  endfacet
  facet normal 0 0 0
    outer loop
      vertex 132.42 3.2 1.8
      vertex 154 3.2 1.8
      vertex 135.8 3.2 1.8
    endloop
  endfacet
  facet normal 0 0 0
    outer loop
      vertex 131.62 3.2 1.8
      vertex 154 3.2 1.8
      vertex 132.42 3.2 1.8
    endloop
  endfacet
  facet normal 0 0 1
    outer loop
      vertex 128.24 3.2 1.8
      vertex 131.62 3.2 1.8
      vertex 128.24 156.8 1.8
    endloop
  endfacet
  facet normal 0 0 0
    outer loop
      vertex 128.24 3.2 1.8
      vertex 154 3.2 1.8
      vertex 131.62 3.2 1.8
    endloop
  endfacet
  facet normal 0 0 0
    outer loop
      vertex 124.24 3.2 1.8
      vertex 154 3.2 1.8
      vertex 128.24 3.2 1.8
    endloop
  endfacet
  facet normal 0 0 1
    outer loop
      vertex 120.86 3.2 1.8
      vertex 124.24 3.2 1.8
      vertex 120.86 156.8 1.8
    endloop
  endfacet
  facet normal 0 0 0
    outer loop
      vertex 120.86 3.2 1.8
      vertex 154 3.2 1.8
      vertex 124.24 3.2 1.8
    endloop
  endfacet
  facet normal 0 0 0
    outer loop
      vertex 120.06 3.2 1.8
      vertex 154 3.2 1.8
      vertex 120.86 3.2 1.8
    endloop
  endfacet
  facet normal 0 0 1
    outer loop
      vertex 116.68 3.2 1.8
      vertex 120.06 3.2 1.8
      vertex 116.68 156.8 1.8
    endloop
  endfacet
  facet normal 0 0 0
    outer loop
      vertex 116.68 3.2 1.8
      vertex 154 3.2 1.8
      vertex 120.06 3.2 1.8
    endloop
  endfacet
  facet normal 0 0 0
    outer loop
      vertex 112.68 3.2 1.8
      vertex 154 3.2 1.8
      vertex 116.68 3.2 1.8
    endloop
  endfacet
  facet normal 0 0 1
    outer loop
      vertex 109.3 3.2 1.8
      vertex 112.68 3.2 1.8
      vertex 109.3 156.8 1.8
    endloop
  endfacet
  facet normal 0 0 0
    outer loop
      vertex 109.3 3.2 1.8
      vertex 154 3.2 1.8
      vertex 112.68 3.2 1.8
    endloop
  endfacet
  facet normal 0 0 0
    outer loop
      vertex 108.5 3.2 1.8
      vertex 154 3.2 1.8
      vertex 109.3 3.2 1.8
    endloop
  endfacet
  facet normal 0 0 1
    outer loop
      vertex 105.12 3.2 1.8
      vertex 108.5 3.2 1.8
      vertex 105.12 156.8 1.8
    endloop
  endfacet
  facet normal 0 0 0
    outer loop
      vertex 105.12 3.2 1.8
      vertex 154 3.2 1.8
      vertex 108.5 3.2 1.8
    endloop
  endfacet
  facet normal 0 0 0
    outer loop
      vertex 101.12 3.2 1.8
      vertex 154 3.2 1.8
      vertex 105.12 3.2 1.8
    endloop
  endfacet
  facet normal 0 0 1
    outer loop
      vertex 97.74 3.2 1.8
      vertex 101.12 3.2 1.8
      vertex 97.74 156.8 1.8
    endloop
  endfacet
  facet normal 0 0 0
    outer loop
      vertex 97.74 3.2 1.8
      vertex 154 3.2 1.8
      vertex 101.12 3.2 1.8
    endloop
  endfacet
  facet normal 0 0 0
    outer loop
      vertex 96.94 3.2 1.8
      vertex 154 3.2 1.8
      vertex 97.74 3.2 1.8
    endloop
  endfacet
  facet normal 0 0 1
    outer loop
      vertex 93.56 3.2 1.8
      vertex 96.94 3.2 1.8
      vertex 93.56 156.8 1.8
    endloop
  endfacet
  facet normal 0 0 0
    outer loop
      vertex 93.56 3.2 1.8
      vertex 154 3.2 1.8
      vertex 96.94 3.2 1.8
    endloop
  endfacet
  facet normal 0 0 0
    outer loop
      vertex 89.56 3.2 1.8
      vertex 154 3.2 1.8
      vertex 93.56 3.2 1.8
    endloop
  endfacet
  facet normal 0 0 1
    outer loop
      vertex 86.18 3.2 1.8
      vertex 89.56 3.2 1.8
      vertex 86.18 156.8 1.8
    endloop
  endfacet
  facet normal 0 0 0
    outer loop
      vertex 86.18 3.2 1.8
      vertex 154 3.2 1.8
      vertex 89.56 3.2 1.8
    endloop
  endfacet
  facet normal 0 0 0
    outer loop
      vertex 85.38 3.2 1.8
      vertex 154 3.2 1.8
      vertex 86.18 3.2 1.8
    endloop
  endfacet
  facet normal 0 0 1
    outer loop
      vertex 82 3.2 1.8
      vertex 85.38 3.2 1.8
      vertex 82 156.8 1.8
    endloop
  endfacet
  facet normal 0 0 0
    outer loop
      vertex 82 3.2 1.8
      vertex 154 3.2 1.8
      vertex 85.38 3.2 1.8
    endloop
  endfacet
  facet normal 0 0 0
    outer loop
      vertex 78 3.2 1.8
      vertex 154 3.2 1.8
      vertex 82 3.2 1.8
    endloop
  endfacet
  facet normal 0 0 1
    outer loop
      vertex 74.62 3.2 1.8
      vertex 78 3.2 1.8
      vertex 74.62 156.8 1.8
    endloop
  endfacet
  facet normal 0 0 0
    outer loop
      vertex 74.62 3.2 1.8
      vertex 154 3.2 1.8
      vertex 78 3.2 1.8
    endloop
  endfacet
  facet normal 0 0 0
    outer loop
      vertex 73.82 3.2 1.8
      vertex 154 3.2 1.8
      vertex 74.62 3.2 1.8
    endloop
  endfacet
  facet normal 0 0 1
    outer loop
      vertex 70.44 3.2 1.8
      vertex 73.82 3.2 1.8
      vertex 70.44 156.8 1.8
    endloop
  endfacet
  facet normal 0 0 0
    outer loop
      vertex 70.44 3.2 1.8
      vertex 154 3.2 1.8
      vertex 73.82 3.2 1.8
    endloop
  endfacet
  facet normal 0 0 0
    outer loop
      vertex 66.44 3.2 1.8
      vertex 154 3.2 1.8
      vertex 70.44 3.2 1.8
    endloop
  endfacet
  facet normal 0 0 1
    outer loop
      vertex 63.06 3.2 1.8
      vertex 66.44 3.2 1.8
      vertex 63.06 156.8 1.8
    endloop
  endfacet
  facet normal 0 0 0
    outer loop
      vertex 63.06 3.2 1.8
      vertex 154 3.2 1.8
      vertex 66.44 3.2 1.8
    endloop
  endfacet
  facet normal 0 0 0
    outer loop
      vertex 62.26 3.2 1.8
      vertex 154 3.2 1.8
      vertex 63.06 3.2 1.8
    endloop
  endfacet
  facet normal 0 0 1
    outer loop
      vertex 58.88 3.2 1.8
      vertex 62.26 3.2 1.8
      vertex 58.88 156.8 1.8
    endloop
  endfacet
  facet normal 0 0 0
    outer loop
      vertex 58.88 3.2 1.8
      vertex 154 3.2 1.8
      vertex 62.26 3.2 1.8
    endloop
  endfacet
  facet normal 0 0 0
    outer loop
      vertex 54.88 3.2 1.8
      vertex 154 3.2 1.8
      vertex 58.88 3.2 1.8
    endloop
  endfacet
  facet normal 0 0 1
    outer loop
      vertex 51.5 3.2 1.8
      vertex 54.88 3.2 1.8
      vertex 51.5 156.8 1.8
    endloop
  endfacet
  facet normal 0 0 0
    outer loop
      vertex 51.5 3.2 1.8
      vertex 154 3.2 1.8
      vertex 54.88 3.2 1.8
    endloop
  endfacet
  facet normal 0 0 0
    outer loop
      vertex 50.7 3.2 1.8
      vertex 154 3.2 1.8
      vertex 51.5 3.2 1.8
    endloop
  endfacet
  facet normal 0 0 1
    outer loop
      vertex 47.32 3.2 1.8
      vertex 50.7 3.2 1.8
      vertex 47.32 156.8 1.8
    endloop
  endfacet
  facet normal 0 0 0
    outer loop
      vertex 47.32 3.2 1.8
      vertex 154 3.2 1.8
      vertex 50.7 3.2 1.8
    endloop
  endfacet
  facet normal 0 0 0
    outer loop
      vertex 43.32 3.2 1.8
      vertex 154 3.2 1.8
      vertex 47.32 3.2 1.8
    endloop
  endfacet
  facet normal 0 0 1
    outer loop
      vertex 39.94 3.2 1.8
      vertex 43.32 3.2 1.8
      vertex 39.94 156.8 1.8
    endloop
  endfacet
  facet normal 0 0 0
    outer loop
      vertex 39.94 3.2 1.8
      vertex 154 3.2 1.8
      vertex 43.32 3.2 1.8
    endloop
  endfacet
  facet normal 0 0 0
    outer loop
      vertex 39.14 3.2 1.8
      vertex 154 3.2 1.8
      vertex 39.94 3.2 1.8
    endloop
  endfacet
  facet normal 0 0 1
    outer loop
      vertex 35.76 3.2 1.8
      vertex 39.14 3.2 1.8
      vertex 35.76 156.8 1.8
    endloop
  endfacet
  facet normal 0 0 0
    outer loop
      vertex 35.76 3.2 1.8
      vertex 154 3.2 1.8
      vertex 39.14 3.2 1.8
    endloop
  endfacet
  facet normal 0 0 0
    outer loop
      vertex 31.76 3.2 1.8
      vertex 154 3.2 1.8
      vertex 35.76 3.2 1.8
    endloop
  endfacet
  facet normal 0 0 1
    outer loop
      vertex 28.38 3.2 1.8
      vertex 31.76 3.2 1.8
      vertex 28.38 156.8 1.8
    endloop
  endfacet
  facet normal 0 0 0
    outer loop
      vertex 28.38 3.2 1.8
      vertex 154 3.2 1.8
      vertex 31.76 3.2 1.8
    endloop
  endfacet
  facet normal 0 0 0
    outer loop
      vertex 27.58 3.2 1.8
      vertex 154 3.2 1.8
      vertex 28.38 3.2 1.8
    endloop
  endfacet
  facet normal 0 0 1
    outer loop
      vertex 24.2 3.2 1.8
      vertex 27.58 3.2 1.8
      vertex 24.2 156.8 1.8
    endloop
  endfacet
  facet normal 0 0 0
    outer loop
      vertex 24.2 3.2 1.8
      vertex 154 3.2 1.8
      vertex 27.58 3.2 1.8
    endloop
  endfacet
  facet normal 0 0 0
    outer loop
      vertex 20.2 3.2 1.8
      vertex 154 3.2 1.8
      vertex 24.2 3.2 1.8
    endloop
  endfacet
  facet normal 0 0 1
    outer loop
      vertex 16.82 3.2 1.8
      vertex 20.2 3.2 1.8
      vertex 16.82 156.8 1.8
    endloop
  endfacet
  facet normal 0 0 0
    outer loop
      vertex 16.82 3.2 1.8
      vertex 154 3.2 1.8
      vertex 20.2 3.2 1.8
    endloop
  endfacet
  facet normal 0 0 0
    outer loop
      vertex 16.02 3.2 1.8
      vertex 154 3.2 1.8
      vertex 16.82 3.2 1.8
    endloop
  endfacet
  facet normal 0 0 1
    outer loop
      vertex 12.64 3.2 1.8
      vertex 16.02 3.2 1.8
      vertex 12.64 156.8 1.8
    endloop
  endfacet
  facet normal 0 0 0
    outer loop
      vertex 12.64 3.2 1.8
      vertex 154 3.2 1.8
      vertex 16.02 3.2 1.8
    endloop
  endfacet
  facet normal 0 0 0
    outer loop
      vertex 8.64 3.2 1.8
      vertex 154 3.2 1.8
      vertex 12.64 3.2 1.8
    endloop
  endfacet
  facet normal 0 0 -0
    outer loop
      vertex 8.64 3.2 1.8
      vertex 6 3.2 1.8
      vertex 154 3.2 1.8
    endloop
  endfacet
  facet normal 0 0 1
    outer loop
      vertex 8.64 156.8 1.8
      vertex 5.26 156.698 1.8
      vertex 8.64 3.2 1.8
    endloop
  endfacet
  facet normal 0 0 1
    outer loop
      vertex 5.26 156.698 1.8
      vertex 6 156.8 1.8
      vertex 5.78032 156.791 1.8
    endloop
  endfacet
  facet normal -0 0 1
    outer loop
      vertex 5.26 3.30171 1.8
      vertex 8.64 3.2 1.8
      vertex 5.26 156.698 1.8
    endloop
  endfacet
  facet normal 0 0 1
    outer loop
      vertex 5.26 156.698 1.8
      vertex 5.78032 156.791 1.8
      vertex 5.56198 156.766 1.8
    endloop
  endfacet
  facet normal 0 0 1
    outer loop
      vertex 8.64 3.2 1.8
      vertex 5.26 3.30171 1.8
      vertex 6 3.2 1.8
    endloop
  endfacet
  facet normal 0 0 1
    outer loop
      vertex 5.26 156.698 1.8
      vertex 5.56198 156.766 1.8
      vertex 5.34636 156.723 1.8
    endloop
  endfacet
  facet normal 0 0 1
    outer loop
      vertex 6 3.2 1.8
      vertex 5.26 3.30171 1.8
      vertex 5.78032 3.20863 1.8
    endloop
  endfacet
  facet normal 0 0 1
    outer loop
      vertex 5.78032 3.20863 1.8
      vertex 5.26 3.30171 1.8
      vertex 5.56198 3.23447 1.8
    endloop
  endfacet
  facet normal 0 0 1
    outer loop
      vertex 5.56198 3.23447 1.8
      vertex 5.26 3.30171 1.8
      vertex 5.34636 3.27736 1.8
    endloop
  endfacet
  facet normal 0 0 0
    outer loop
      vertex 27.58 156.8 1.8
      vertex 28.38 156.8 1.8
      vertex 31.76 156.8 1.8
    endloop
  endfacet
  facet normal 0 0 0
    outer loop
      vertex 20.2 156.8 1.8
      vertex 24.2 156.8 1.8
      vertex 27.58 156.8 1.8
    endloop
  endfacet
  facet normal 0 0 0
    outer loop
      vertex 16.02 156.8 1.8
      vertex 16.82 156.8 1.8
      vertex 20.2 156.8 1.8
    endloop
  endfacet
  facet normal 0 0 0
    outer loop
      vertex 63.06 156.8 1.8
      vertex 66.44 156.8 1.8
      vertex 70.44 156.8 1.8
    endloop
  endfacet
  facet normal 0 0 0
    outer loop
      vertex 62.26 156.8 1.8
      vertex 63.06 156.8 1.8
      vertex 70.44 156.8 1.8
    endloop
  endfacet
  facet normal 0 0 0
    outer loop
      vertex 86.18 156.8 1.8
      vertex 89.56 156.8 1.8
      vertex 93.56 156.8 1.8
    endloop
  endfacet
  facet normal 0 0 0
    outer loop
      vertex 39.94 156.8 1.8
      vertex 43.32 156.8 1.8
      vertex 47.32 156.8 1.8
    endloop
  endfacet
  facet normal 0 0 0
    outer loop
      vertex 54.88 156.8 1.8
      vertex 58.88 156.8 1.8
      vertex 62.26 156.8 1.8
    endloop
  endfacet
  facet normal 0 0 0
    outer loop
      vertex 132.42 156.8 1.8
      vertex 135.8 156.8 1.8
      vertex 139.8 156.8 1.8
    endloop
  endfacet
  facet normal 0 0 0
    outer loop
      vertex 85.38 156.8 1.8
      vertex 86.18 156.8 1.8
      vertex 93.56 156.8 1.8
    endloop
  endfacet
  facet normal 0 0 0
    outer loop
      vertex 50.7 156.8 1.8
      vertex 51.5 156.8 1.8
      vertex 54.88 156.8 1.8
    endloop
  endfacet
  facet normal 0 0 0
    outer loop
      vertex 128.24 156.8 1.8
      vertex 131.62 156.8 1.8
      vertex 132.42 156.8 1.8
    endloop
  endfacet
  facet normal 0 0 0
    outer loop
      vertex 20.2 156.8 1.8
      vertex 27.58 156.8 1.8
      vertex 31.76 156.8 1.8
    endloop
  endfacet
  facet normal 0 0 0
    outer loop
      vertex 120.86 156.8 1.8
      vertex 124.24 156.8 1.8
      vertex 128.24 156.8 1.8
    endloop
  endfacet
  facet normal 0 0 0
    outer loop
      vertex 116.68 156.8 1.8
      vertex 120.06 156.8 1.8
      vertex 120.86 156.8 1.8
    endloop
  endfacet
  facet normal 0 0 0
    outer loop
      vertex 109.3 156.8 1.8
      vertex 112.68 156.8 1.8
      vertex 116.68 156.8 1.8
    endloop
  endfacet
  facet normal 0 0 0
    outer loop
      vertex 97.74 156.8 1.8
      vertex 101.12 156.8 1.8
      vertex 105.12 156.8 1.8
    endloop
  endfacet
  facet normal 0 0 0
    outer loop
      vertex 82 156.8 1.8
      vertex 85.38 156.8 1.8
      vertex 93.56 156.8 1.8
    endloop
  endfacet
  facet normal 0 0 0
    outer loop
      vertex 50.7 156.8 1.8
      vertex 54.88 156.8 1.8
      vertex 62.26 156.8 1.8
    endloop
  endfacet
  facet normal 0 0 0
    outer loop
      vertex 35.76 156.8 1.8
      vertex 39.14 156.8 1.8
      vertex 39.94 156.8 1.8
    endloop
  endfacet
  facet normal 0 0 0
    outer loop
      vertex 70.44 156.8 1.8
      vertex 73.82 156.8 1.8
      vertex 74.62 156.8 1.8
    endloop
  endfacet
  facet normal 0 0 0
    outer loop
      vertex 12.64 156.8 1.8
      vertex 16.02 156.8 1.8
      vertex 20.2 156.8 1.8
    endloop
  endfacet
  facet normal 0 0 0
    outer loop
      vertex 31.76 156.8 1.8
      vertex 35.76 156.8 1.8
      vertex 39.94 156.8 1.8
    endloop
  endfacet
  facet normal 0 0 0
    outer loop
      vertex 62.26 156.8 1.8
      vertex 70.44 156.8 1.8
      vertex 74.62 156.8 1.8
    endloop
  endfacet
  facet normal 0 0 0
    outer loop
      vertex 62.26 156.8 1.8
      vertex 74.62 156.8 1.8
      vertex 78 156.8 1.8
    endloop
  endfacet
  facet normal 0 0 0
    outer loop
      vertex 82 156.8 1.8
      vertex 93.56 156.8 1.8
      vertex 96.94 156.8 1.8
    endloop
  endfacet
  facet normal 0 0 0
    outer loop
      vertex 105.12 156.8 1.8
      vertex 108.5 156.8 1.8
      vertex 109.3 156.8 1.8
    endloop
  endfacet
  facet normal 0 0 0
    outer loop
      vertex 96.94 156.8 1.8
      vertex 97.74 156.8 1.8
      vertex 105.12 156.8 1.8
    endloop
  endfacet
  facet normal 0 0 0
    outer loop
      vertex 96.94 156.8 1.8
      vertex 105.12 156.8 1.8
      vertex 109.3 156.8 1.8
    endloop
  endfacet
  facet normal 0 0 0
    outer loop
      vertex 96.94 156.8 1.8
      vertex 109.3 156.8 1.8
      vertex 116.68 156.8 1.8
    endloop
  endfacet
  facet normal 0 0 0
    outer loop
      vertex 62.26 156.8 1.8
      vertex 78 156.8 1.8
      vertex 82 156.8 1.8
    endloop
  endfacet
  facet normal 0 0 0
    outer loop
      vertex 96.94 156.8 1.8
      vertex 116.68 156.8 1.8
      vertex 120.86 156.8 1.8
    endloop
  endfacet
  facet normal 0 0 0
    outer loop
      vertex 96.94 156.8 1.8
      vertex 120.86 156.8 1.8
      vertex 128.24 156.8 1.8
    endloop
  endfacet
  facet normal 0 0 0
    outer loop
      vertex 96.94 156.8 1.8
      vertex 128.24 156.8 1.8
      vertex 132.42 156.8 1.8
    endloop
  endfacet
  facet normal 0 0 0
    outer loop
      vertex 139.8 156.8 1.8
      vertex 143.18 156.8 1.8
      vertex 143.98 156.8 1.8
    endloop
  endfacet
  facet normal 0 0 0
    outer loop
      vertex 132.42 156.8 1.8
      vertex 139.8 156.8 1.8
      vertex 143.98 156.8 1.8
    endloop
  endfacet
  facet normal 0 0 0
    outer loop
      vertex 154 156.8 1.8
      vertex 6 156.8 1.8
      vertex 8.64 156.8 1.8
    endloop
  endfacet
  facet normal 0 0 0
    outer loop
      vertex 132.42 156.8 1.8
      vertex 143.98 156.8 1.8
      vertex 147.36 156.8 1.8
    endloop
  endfacet
  facet normal 0 0 0
    outer loop
      vertex 147.36 156.8 1.8
      vertex 151.36 156.8 1.8
      vertex 154 156.8 1.8
    endloop
  endfacet
  facet normal 0 0 0
    outer loop
      vertex 50.7 156.8 1.8
      vertex 62.26 156.8 1.8
      vertex 82 156.8 1.8
    endloop
  endfacet
  facet normal 0 0 0
    outer loop
      vertex 39.94 156.8 1.8
      vertex 47.32 156.8 1.8
      vertex 50.7 156.8 1.8
    endloop
  endfacet
  facet normal 0 0 0
    outer loop
      vertex 39.94 156.8 1.8
      vertex 50.7 156.8 1.8
      vertex 82 156.8 1.8
    endloop
  endfacet
  facet normal 0 -0 0
    outer loop
      vertex 147.36 156.8 1.8
      vertex 154 156.8 1.8
      vertex 8.64 156.8 1.8
    endloop
  endfacet
  facet normal 0 -0 0
    outer loop
      vertex 132.42 156.8 1.8
      vertex 147.36 156.8 1.8
      vertex 8.64 156.8 1.8
    endloop
  endfacet
  facet normal 0 0 0
    outer loop
      vertex 12.64 156.8 1.8
      vertex 20.2 156.8 1.8
      vertex 31.76 156.8 1.8
    endloop
  endfacet
  facet normal 0 0 0
    outer loop
      vertex 31.76 156.8 1.8
      vertex 39.94 156.8 1.8
      vertex 82 156.8 1.8
    endloop
  endfacet
  facet normal 0 0 0
    outer loop
      vertex 132.42 156.8 1.8
      vertex 8.64 156.8 1.8
      vertex 12.64 156.8 1.8
    endloop
  endfacet
  facet normal 0 0 0
    outer loop
      vertex 132.42 156.8 1.8
      vertex 12.64 156.8 1.8
      vertex 31.76 156.8 1.8
    endloop
  endfacet
  facet normal 0 -0 0
    outer loop
      vertex 96.94 156.8 1.8
      vertex 132.42 156.8 1.8
      vertex 31.76 156.8 1.8
    endloop
  endfacet
  facet normal 0 0 0
    outer loop
      vertex 96.94 156.8 1.8
      vertex 31.76 156.8 1.8
      vertex 82 156.8 1.8
    endloop
  endfacet
  facet normal 0 0 0
    outer loop
      vertex 156.8 154 1.8
      vertex 156.8 5.9999 1.8
      vertex 156.8 6 1.8
    endloop
  endfacet
  facet normal 1 -0 0
    outer loop
      vertex 160 6 12.91
      vertex 160 154 0
      vertex 160 154 12.91
    endloop
  endfacet
  facet normal 1 0 0
    outer loop
      vertex 160 154 0
      vertex 160 6 12.91
      vertex 160 6 0
    endloop
  endfacet
  facet normal -1 0 0
    outer loop
      vertex 0 6 0
      vertex 0 154 12.91
      vertex 0 154 0
    endloop
  endfacet
  facet normal -1 -0 0
    outer loop
      vertex 0 154 12.91
      vertex 0 6 0
      vertex 0 6 12.91
    endloop
  endfacet
  facet normal -0.19511 -0.980781 0
    outer loop
      vertex 4.59933 0.165787 0
      vertex 5.06139 0.0738678 12.91
      vertex 4.59933 0.165787 12.91
    endloop
  endfacet
  facet normal -0.19511 -0.980781 -0
    outer loop
      vertex 5.06139 0.0738678 12.91
      vertex 4.59933 0.165787 0
      vertex 5.06139 0.0738678 0
    endloop
  endfacet
  facet normal 0.488658 -0.872475 0
    outer loop
      vertex 156.724 0.653961 0
      vertex 157.135 0.884155 12.91
      vertex 156.724 0.653961 12.91
    endloop
  endfacet
  facet normal 0.488658 -0.872475 0
    outer loop
      vertex 157.135 0.884155 12.91
      vertex 156.724 0.653961 0
      vertex 157.135 0.884155 0
    endloop
  endfacet
  facet normal -0.418245 0.908334 0
    outer loop
      vertex 3.7039 159.543 0
      vertex 3.27606 159.346 12.91
      vertex 3.7039 159.543 12.91
    endloop
  endfacet
  facet normal -0.418245 0.908334 0
    outer loop
      vertex 3.27606 159.346 12.91
      vertex 3.7039 159.543 0
      vertex 3.27606 159.346 0
    endloop
  endfacet
  facet normal 0.938234 0.346 0
    outer loop
      vertex 159.706 155.854 12.91
      vertex 159.543 156.296 0
      vertex 159.543 156.296 12.91
    endloop
  endfacet
  facet normal 0.938234 0.346 0
    outer loop
      vertex 159.543 156.296 0
      vertex 159.706 155.854 12.91
      vertex 159.706 155.854 0
    endloop
  endfacet
  facet normal 0 1 -0
    outer loop
      vertex 154 160 0
      vertex 6 160 12.91
      vertex 154 160 12.91
    endloop
  endfacet
  facet normal 0 1 0
    outer loop
      vertex 6 160 12.91
      vertex 154 160 0
      vertex 6 160 0
    endloop
  endfacet
  facet normal 0.346 0.938234 -0
    outer loop
      vertex 156.296 159.543 0
      vertex 155.854 159.706 12.91
      vertex 156.296 159.543 12.91
    endloop
  endfacet
  facet normal 0.346 0.938234 0
    outer loop
      vertex 155.854 159.706 12.91
      vertex 156.296 159.543 0
      vertex 155.854 159.706 0
    endloop
  endfacet
  facet normal -0.271675 0.962389 0
    outer loop
      vertex 4.59933 159.834 0
      vertex 4.1459 159.706 12.91
      vertex 4.59933 159.834 12.91
    endloop
  endfacet
  facet normal -0.271675 0.962389 0
    outer loop
      vertex 4.1459 159.706 12.91
      vertex 4.59933 159.834 0
      vertex 4.1459 159.706 0
    endloop
  endfacet
  facet normal -0.488613 -0.872501 0
    outer loop
      vertex 2.86501 0.884155 0
      vertex 3.27606 0.653961 12.91
      vertex 2.86501 0.884155 12.91
    endloop
  endfacet
  facet normal -0.488613 -0.872501 -0
    outer loop
      vertex 3.27606 0.653961 12.91
      vertex 2.86501 0.884155 0
      vertex 3.27606 0.653961 0
    endloop
  endfacet
  facet normal 0.831397 0.555679 0
    outer loop
      vertex 159.116 157.135 12.91
      vertex 158.854 157.527 0
      vertex 158.854 157.527 12.91
    endloop
  endfacet
  facet normal 0.831397 0.555679 0
    outer loop
      vertex 158.854 157.527 0
      vertex 159.116 157.135 12.91
      vertex 159.116 157.135 0
    endloop
  endfacet
  facet normal -0.962395 0.271655 0
    outer loop
      vertex 0.165787 155.401 0
      vertex 0.293655 155.854 12.91
      vertex 0.293655 155.854 0
    endloop
  endfacet
  facet normal -0.962395 0.271655 0
    outer loop
      vertex 0.293655 155.854 12.91
      vertex 0.165787 155.401 0
      vertex 0.165787 155.401 12.91
    endloop
  endfacet
  facet normal -0.980776 0.195135 0
    outer loop
      vertex 0.0738678 154.939 0
      vertex 0.165787 155.401 12.91
      vertex 0.165787 155.401 0
    endloop
  endfacet
  facet normal -0.980776 0.195135 0
    outer loop
      vertex 0.165787 155.401 12.91
      vertex 0.0738678 154.939 0
      vertex 0.0738678 154.939 12.91
    endloop
  endfacet
  facet normal 0.962321 0.271914 0
    outer loop
      vertex 159.834 155.401 12.91
      vertex 159.706 155.854 0
      vertex 159.706 155.854 12.91
    endloop
  endfacet
  facet normal 0.962321 0.271914 0
    outer loop
      vertex 159.706 155.854 0
      vertex 159.834 155.401 12.91
      vertex 159.834 155.401 0
    endloop
  endfacet
  facet normal -0.999229 -0.0392553 0
    outer loop
      vertex 0.0184937 5.52925 0
      vertex 0 6 12.91
      vertex 0 6 0
    endloop
  endfacet
  facet normal -0.999229 -0.0392553 0
    outer loop
      vertex 0 6 12.91
      vertex 0.0184937 5.52925 0
      vertex 0.0184937 5.52925 12.91
    endloop
  endfacet
  facet normal -0.908204 0.418527 0
    outer loop
      vertex 0.456726 156.296 0
      vertex 0.653961 156.724 12.91
      vertex 0.653961 156.724 0
    endloop
  endfacet
  facet normal -0.908204 0.418527 0
    outer loop
      vertex 0.653961 156.724 12.91
      vertex 0.456726 156.296 0
      vertex 0.456726 156.296 12.91
    endloop
  endfacet
  facet normal 0.908394 0.418116 0
    outer loop
      vertex 159.543 156.296 12.91
      vertex 159.346 156.724 0
      vertex 159.346 156.724 12.91
    endloop
  endfacet
  facet normal 0.908394 0.418116 0
    outer loop
      vertex 159.346 156.724 0
      vertex 159.543 156.296 12.91
      vertex 159.543 156.296 0
    endloop
  endfacet
  facet normal -0.118846 0.992913 0
    outer loop
      vertex 5.52925 159.982 0
      vertex 5.06139 159.926 12.91
      vertex 5.52925 159.982 12.91
    endloop
  endfacet
  facet normal -0.118846 0.992913 0
    outer loop
      vertex 5.06139 159.926 12.91
      vertex 5.52925 159.982 0
      vertex 5.06139 159.926 0
    endloop
  endfacet
  facet normal 0.619507 0.784991 -0
    outer loop
      vertex 157.897 158.562 0
      vertex 157.527 158.854 12.91
      vertex 157.897 158.562 12.91
    endloop
  endfacet
  facet normal 0.619507 0.784991 0
    outer loop
      vertex 157.527 158.854 12.91
      vertex 157.897 158.562 0
      vertex 157.527 158.854 0
    endloop
  endfacet
  facet normal -0.195275 0.980748 0
    outer loop
      vertex 5.06139 159.926 0
      vertex 4.59933 159.834 12.91
      vertex 5.06139 159.926 12.91
    endloop
  endfacet
  facet normal -0.195275 0.980748 0
    outer loop
      vertex 4.59933 159.834 12.91
      vertex 5.06139 159.926 0
      vertex 4.59933 159.834 0
    endloop
  endfacet
  facet normal 0.677839 0.735211 -0
    outer loop
      vertex 158.243 158.243 0
      vertex 157.897 158.562 12.91
      vertex 158.243 158.243 12.91
    endloop
  endfacet
  facet normal 0.677839 0.735211 0
    outer loop
      vertex 157.897 158.562 12.91
      vertex 158.243 158.243 0
      vertex 157.897 158.562 0
    endloop
  endfacet
  facet normal -0.980781 -0.19511 0
    outer loop
      vertex 0.165787 4.59933 0
      vertex 0.0738678 5.06139 12.91
      vertex 0.0738678 5.06139 0
    endloop
  endfacet
  facet normal -0.980781 -0.19511 0
    outer loop
      vertex 0.0738678 5.06139 12.91
      vertex 0.165787 4.59933 0
      vertex 0.165787 4.59933 12.91
    endloop
  endfacet
  facet normal -0.271416 -0.962462 0
    outer loop
      vertex 4.1459 0.293655 0
      vertex 4.59933 0.165787 12.91
      vertex 4.1459 0.293655 12.91
    endloop
  endfacet
  facet normal -0.271416 -0.962462 -0
    outer loop
      vertex 4.59933 0.165787 12.91
      vertex 4.1459 0.293655 0
      vertex 4.59933 0.165787 0
    endloop
  endfacet
  facet normal -0.785342 0.619062 0
    outer loop
      vertex 1.1459 157.527 0
      vertex 1.43756 157.897 12.91
      vertex 1.43756 157.897 0
    endloop
  endfacet
  facet normal -0.785342 0.619062 0
    outer loop
      vertex 1.43756 157.897 12.91
      vertex 1.1459 157.527 0
      vertex 1.1459 157.527 12.91
    endloop
  endfacet
  facet normal 0.0381887 0.999271 -0
    outer loop
      vertex 154.471 159.982 0
      vertex 154 160 12.91
      vertex 154.471 159.982 12.91
    endloop
  endfacet
  facet normal 0.0381887 0.999271 0
    outer loop
      vertex 154 160 12.91
      vertex 154.471 159.982 0
      vertex 154 160 0
    endloop
  endfacet
  facet normal -0.67787 0.735181 0
    outer loop
      vertex 2.10332 158.562 0
      vertex 1.75735 158.243 12.91
      vertex 2.10332 158.562 12.91
    endloop
  endfacet
  facet normal -0.67787 0.735181 0
    outer loop
      vertex 1.75735 158.243 12.91
      vertex 2.10332 158.562 0
      vertex 1.75735 158.243 0
    endloop
  endfacet
  facet normal -0.117536 -0.993069 0
    outer loop
      vertex 5.06139 0.0738678 0
      vertex 5.52925 0.0184937 12.91
      vertex 5.06139 0.0738678 12.91
    endloop
  endfacet
  facet normal -0.117536 -0.993069 -0
    outer loop
      vertex 5.52925 0.0184937 12.91
      vertex 5.06139 0.0738678 0
      vertex 5.52925 0.0184937 0
    endloop
  endfacet
  facet normal 0.872651 0.488345 0
    outer loop
      vertex 159.346 156.724 12.91
      vertex 159.116 157.135 0
      vertex 159.116 157.135 12.91
    endloop
  endfacet
  facet normal 0.872651 0.488345 0
    outer loop
      vertex 159.116 157.135 0
      vertex 159.346 156.724 12.91
      vertex 159.346 156.724 0
    endloop
  endfacet
  facet normal -0.619103 -0.78531 0
    outer loop
      vertex 2.10332 1.43756 0
      vertex 2.47328 1.1459 12.91
      vertex 2.10332 1.43756 12.91
    endloop
  endfacet
  facet normal -0.619103 -0.78531 -0
    outer loop
      vertex 2.47328 1.1459 12.91
      vertex 2.10332 1.43756 0
      vertex 2.47328 1.1459 0
    endloop
  endfacet
  facet normal -0.83147 -0.555569 0
    outer loop
      vertex 1.1459 2.47328 0
      vertex 0.884155 2.86501 12.91
      vertex 0.884155 2.86501 0
    endloop
  endfacet
  facet normal -0.83147 -0.555569 0
    outer loop
      vertex 0.884155 2.86501 12.91
      vertex 1.1459 2.47328 0
      vertex 1.1459 2.47328 12.91
    endloop
  endfacet
  facet normal 0.992913 -0.118846 0
    outer loop
      vertex 159.926 5.06139 12.91
      vertex 159.982 5.52925 0
      vertex 159.982 5.52925 12.91
    endloop
  endfacet
  facet normal 0.992913 -0.118846 0
    outer loop
      vertex 159.982 5.52925 0
      vertex 159.926 5.06139 12.91
      vertex 159.926 5.06139 0
    endloop
  endfacet
  facet normal -0.872501 -0.488613 0
    outer loop
      vertex 0.884155 2.86501 0
      vertex 0.653961 3.27606 12.91
      vertex 0.653961 3.27606 0
    endloop
  endfacet
  facet normal -0.872501 -0.488613 0
    outer loop
      vertex 0.653961 3.27606 12.91
      vertex 0.884155 2.86501 0
      vertex 0.884155 2.86501 12.91
    endloop
  endfacet
  facet normal 0.980744 0.1953 0
    outer loop
      vertex 159.926 154.939 12.91
      vertex 159.834 155.401 0
      vertex 159.834 155.401 12.91
    endloop
  endfacet
  facet normal 0.980744 0.1953 0
    outer loop
      vertex 159.834 155.401 0
      vertex 159.926 154.939 12.91
      vertex 159.926 154.939 0
    endloop
  endfacet
  facet normal -0.488299 0.872676 0
    outer loop
      vertex 3.27606 159.346 0
      vertex 2.86501 159.116 12.91
      vertex 3.27606 159.346 12.91
    endloop
  endfacet
  facet normal -0.488299 0.872676 0
    outer loop
      vertex 2.86501 159.116 12.91
      vertex 3.27606 159.346 0
      vertex 2.86501 159.116 0
    endloop
  endfacet
  facet normal -0.0392553 -0.999229 0
    outer loop
      vertex 5.52925 0.0184937 0
      vertex 6 0 12.91
      vertex 5.52925 0.0184937 12.91
    endloop
  endfacet
  facet normal -0.0392553 -0.999229 -0
    outer loop
      vertex 6 0 12.91
      vertex 5.52925 0.0184937 0
      vertex 6 0 0
    endloop
  endfacet
  facet normal -0.962462 -0.271416 0
    outer loop
      vertex 0.293655 4.1459 0
      vertex 0.165787 4.59933 12.91
      vertex 0.165787 4.59933 0
    endloop
  endfacet
  facet normal -0.962462 -0.271416 0
    outer loop
      vertex 0.165787 4.59933 12.91
      vertex 0.293655 4.1459 0
      vertex 0.293655 4.1459 12.91
    endloop
  endfacet
  facet normal 0.488345 0.872651 -0
    outer loop
      vertex 157.135 159.116 0
      vertex 156.724 159.346 12.91
      vertex 157.135 159.116 12.91
    endloop
  endfacet
  facet normal 0.488345 0.872651 0
    outer loop
      vertex 156.724 159.346 12.91
      vertex 157.135 159.116 0
      vertex 156.724 159.346 0
    endloop
  endfacet
  facet normal 0.784991 0.619507 0
    outer loop
      vertex 158.854 157.527 12.91
      vertex 158.562 157.897 0
      vertex 158.562 157.897 12.91
    endloop
  endfacet
  facet normal 0.784991 0.619507 0
    outer loop
      vertex 158.562 157.897 0
      vertex 158.854 157.527 12.91
      vertex 158.854 157.527 0
    endloop
  endfacet
  facet normal 0.271655 -0.962395 0
    outer loop
      vertex 155.401 0.165787 0
      vertex 155.854 0.293655 12.91
      vertex 155.401 0.165787 12.91
    endloop
  endfacet
  facet normal 0.271655 -0.962395 0
    outer loop
      vertex 155.854 0.293655 12.91
      vertex 155.401 0.165787 0
      vertex 155.854 0.293655 0
    endloop
  endfacet
  facet normal -0.872475 0.488658 0
    outer loop
      vertex 0.653961 156.724 0
      vertex 0.884155 157.135 12.91
      vertex 0.884155 157.135 0
    endloop
  endfacet
  facet normal -0.872475 0.488658 0
    outer loop
      vertex 0.884155 157.135 12.91
      vertex 0.653961 156.724 0
      vertex 0.653961 156.724 12.91
    endloop
  endfacet
  facet normal -0.993073 0.117501 0
    outer loop
      vertex 0.0184937 154.471 0
      vertex 0.0738678 154.939 12.91
      vertex 0.0738678 154.939 0
    endloop
  endfacet
  facet normal -0.993073 0.117501 0
    outer loop
      vertex 0.0738678 154.939 12.91
      vertex 0.0184937 154.471 0
      vertex 0.0184937 154.471 12.91
    endloop
  endfacet
  facet normal -0.831647 0.555305 0
    outer loop
      vertex 0.884155 157.135 0
      vertex 1.1459 157.527 12.91
      vertex 1.1459 157.527 0
    endloop
  endfacet
  facet normal -0.831647 0.555305 0
    outer loop
      vertex 1.1459 157.527 12.91
      vertex 0.884155 157.135 0
      vertex 0.884155 157.135 12.91
    endloop
  endfacet
  facet normal -0.99923 0.0392345 0
    outer loop
      vertex 0 154 0
      vertex 0.0184937 154.471 12.91
      vertex 0.0184937 154.471 0
    endloop
  endfacet
  facet normal -0.99923 0.0392345 0
    outer loop
      vertex 0.0184937 154.471 12.91
      vertex 0 154 0
      vertex 0 154 12.91
    endloop
  endfacet
  facet normal 0.1953 0.980744 -0
    outer loop
      vertex 155.401 159.834 0
      vertex 154.939 159.926 12.91
      vertex 155.401 159.834 12.91
    endloop
  endfacet
  facet normal 0.1953 0.980744 0
    outer loop
      vertex 154.939 159.926 12.91
      vertex 155.401 159.834 0
      vertex 154.939 159.926 0
    endloop
  endfacet
  facet normal -0.938185 0.346133 0
    outer loop
      vertex 0.293655 155.854 0
      vertex 0.456726 156.296 12.91
      vertex 0.456726 156.296 0
    endloop
  endfacet
  facet normal -0.938185 0.346133 0
    outer loop
      vertex 0.456726 156.296 12.91
      vertex 0.293655 155.854 0
      vertex 0.293655 155.854 12.91
    endloop
  endfacet
  facet normal 0.418116 0.908394 -0
    outer loop
      vertex 156.724 159.346 0
      vertex 156.296 159.543 12.91
      vertex 156.724 159.346 12.91
    endloop
  endfacet
  facet normal 0.418116 0.908394 0
    outer loop
      vertex 156.296 159.543 12.91
      vertex 156.724 159.346 0
      vertex 156.296 159.543 0
    endloop
  endfacet
  facet normal 0.980748 -0.195275 0
    outer loop
      vertex 159.834 4.59933 12.91
      vertex 159.926 5.06139 0
      vertex 159.926 5.06139 12.91
    endloop
  endfacet
  facet normal 0.980748 -0.195275 0
    outer loop
      vertex 159.926 5.06139 0
      vertex 159.834 4.59933 12.91
      vertex 159.834 4.59933 0
    endloop
  endfacet
  facet normal 0.619062 -0.785342 0
    outer loop
      vertex 157.527 1.1459 0
      vertex 157.897 1.43756 12.91
      vertex 157.527 1.1459 12.91
    endloop
  endfacet
  facet normal 0.619062 -0.785342 0
    outer loop
      vertex 157.897 1.43756 12.91
      vertex 157.527 1.1459 0
      vertex 157.897 1.43756 0
    endloop
  endfacet
  facet normal -0.908145 -0.418656 0
    outer loop
      vertex 0.653961 3.27606 0
      vertex 0.456726 3.7039 12.91
      vertex 0.456726 3.7039 0
    endloop
  endfacet
  facet normal -0.908145 -0.418656 0
    outer loop
      vertex 0.456726 3.7039 12.91
      vertex 0.653961 3.27606 0
      vertex 0.653961 3.27606 12.91
    endloop
  endfacet
  facet normal -0.346 0.938234 0
    outer loop
      vertex 4.1459 159.706 0
      vertex 3.7039 159.543 12.91
      vertex 4.1459 159.706 12.91
    endloop
  endfacet
  facet normal -0.346 0.938234 0
    outer loop
      vertex 3.7039 159.543 12.91
      vertex 4.1459 159.706 0
      vertex 3.7039 159.543 0
    endloop
  endfacet
  facet normal 0.418527 -0.908204 0
    outer loop
      vertex 156.296 0.456726 0
      vertex 156.724 0.653961 12.91
      vertex 156.296 0.456726 12.91
    endloop
  endfacet
  facet normal 0.418527 -0.908204 0
    outer loop
      vertex 156.724 0.653961 12.91
      vertex 156.296 0.456726 0
      vertex 156.724 0.653961 0
    endloop
  endfacet
  facet normal 0.992917 0.118811 0
    outer loop
      vertex 159.982 154.471 12.91
      vertex 159.926 154.939 0
      vertex 159.926 154.939 12.91
    endloop
  endfacet
  facet normal 0.992917 0.118811 0
    outer loop
      vertex 159.926 154.939 0
      vertex 159.982 154.471 12.91
      vertex 159.982 154.471 0
    endloop
  endfacet
  facet normal -0.734374 0.678745 0
    outer loop
      vertex 1.43756 157.897 0
      vertex 1.75735 158.243 12.91
      vertex 1.75735 158.243 0
    endloop
  endfacet
  facet normal -0.734374 0.678745 0
    outer loop
      vertex 1.75735 158.243 12.91
      vertex 1.43756 157.897 0
      vertex 1.43756 157.897 12.91
    endloop
  endfacet
  facet normal -0.734345 -0.678776 0
    outer loop
      vertex 1.75735 1.75735 0
      vertex 1.43756 2.10332 12.91
      vertex 1.43756 2.10332 0
    endloop
  endfacet
  facet normal -0.734345 -0.678776 0
    outer loop
      vertex 1.43756 2.10332 12.91
      vertex 1.75735 1.75735 0
      vertex 1.75735 1.75735 12.91
    endloop
  endfacet
  facet normal -0.938185 -0.346133 0
    outer loop
      vertex 0.456726 3.7039 0
      vertex 0.293655 4.1459 12.91
      vertex 0.293655 4.1459 0
    endloop
  endfacet
  facet normal -0.938185 -0.346133 0
    outer loop
      vertex 0.293655 4.1459 12.91
      vertex 0.456726 3.7039 0
      vertex 0.456726 3.7039 12.91
    endloop
  endfacet
  facet normal -0.78531 -0.619103 0
    outer loop
      vertex 1.43756 2.10332 0
      vertex 1.1459 2.47328 12.91
      vertex 1.1459 2.47328 0
    endloop
  endfacet
  facet normal -0.78531 -0.619103 0
    outer loop
      vertex 1.1459 2.47328 12.91
      vertex 1.43756 2.10332 0
      vertex 1.43756 2.10332 12.91
    endloop
  endfacet
  facet normal 0.908334 -0.418245 0
    outer loop
      vertex 159.346 3.27606 12.91
      vertex 159.543 3.7039 0
      vertex 159.543 3.7039 12.91
    endloop
  endfacet
  facet normal 0.908334 -0.418245 0
    outer loop
      vertex 159.543 3.7039 0
      vertex 159.346 3.27606 12.91
      vertex 159.346 3.27606 0
    endloop
  endfacet
  facet normal 0.118811 0.992917 -0
    outer loop
      vertex 154.939 159.926 0
      vertex 154.471 159.982 12.91
      vertex 154.939 159.926 12.91
    endloop
  endfacet
  facet normal 0.118811 0.992917 0
    outer loop
      vertex 154.471 159.982 12.91
      vertex 154.939 159.926 0
      vertex 154.471 159.982 0
    endloop
  endfacet
  facet normal 0.735211 0.677839 0
    outer loop
      vertex 158.562 157.897 12.91
      vertex 158.243 158.243 0
      vertex 158.243 158.243 12.91
    endloop
  endfacet
  facet normal 0.735211 0.677839 0
    outer loop
      vertex 158.243 158.243 0
      vertex 158.562 157.897 12.91
      vertex 158.562 157.897 0
    endloop
  endfacet
  facet normal 0.99927 -0.0382089 0
    outer loop
      vertex 159.982 5.52925 12.91
      vertex 160 6 0
      vertex 160 6 12.91
    endloop
  endfacet
  facet normal 0.99927 -0.0382089 0
    outer loop
      vertex 160 6 0
      vertex 159.982 5.52925 12.91
      vertex 159.982 5.52925 0
    endloop
  endfacet
  facet normal 0.555305 -0.831647 0
    outer loop
      vertex 157.135 0.884155 0
      vertex 157.527 1.1459 12.91
      vertex 157.135 0.884155 12.91
    endloop
  endfacet
  facet normal 0.555305 -0.831647 0
    outer loop
      vertex 157.527 1.1459 12.91
      vertex 157.135 0.884155 0
      vertex 157.527 1.1459 0
    endloop
  endfacet
  facet normal -0.993069 -0.117536 0
    outer loop
      vertex 0.0738678 5.06139 0
      vertex 0.0184937 5.52925 12.91
      vertex 0.0184937 5.52925 0
    endloop
  endfacet
  facet normal -0.993069 -0.117536 0
    outer loop
      vertex 0.0184937 5.52925 12.91
      vertex 0.0738678 5.06139 0
      vertex 0.0738678 5.06139 12.91
    endloop
  endfacet
  facet normal 0.938234 -0.346 0
    outer loop
      vertex 159.543 3.7039 12.91
      vertex 159.706 4.1459 0
      vertex 159.706 4.1459 12.91
    endloop
  endfacet
  facet normal 0.938234 -0.346 0
    outer loop
      vertex 159.706 4.1459 0
      vertex 159.543 3.7039 12.91
      vertex 159.543 3.7039 0
    endloop
  endfacet
  facet normal 0.271914 0.962321 -0
    outer loop
      vertex 155.854 159.706 0
      vertex 155.401 159.834 12.91
      vertex 155.854 159.706 12.91
    endloop
  endfacet
  facet normal 0.271914 0.962321 0
    outer loop
      vertex 155.401 159.834 12.91
      vertex 155.854 159.706 0
      vertex 155.401 159.834 0
    endloop
  endfacet
  facet normal 0.962389 -0.271675 0
    outer loop
      vertex 159.706 4.1459 12.91
      vertex 159.834 4.59933 0
      vertex 159.834 4.59933 12.91
    endloop
  endfacet
  facet normal 0.962389 -0.271675 0
    outer loop
      vertex 159.834 4.59933 0
      vertex 159.706 4.1459 12.91
      vertex 159.706 4.1459 0
    endloop
  endfacet
  facet normal 0.784959 -0.619548 0
    outer loop
      vertex 158.562 2.10332 12.91
      vertex 158.854 2.47328 0
      vertex 158.854 2.47328 12.91
    endloop
  endfacet
  facet normal 0.784959 -0.619548 0
    outer loop
      vertex 158.854 2.47328 0
      vertex 158.562 2.10332 12.91
      vertex 158.562 2.10332 0
    endloop
  endfacet
  facet normal 0.83122 -0.555943 0
    outer loop
      vertex 158.854 2.47328 12.91
      vertex 159.116 2.86501 0
      vertex 159.116 2.86501 12.91
    endloop
  endfacet
  facet normal 0.83122 -0.555943 0
    outer loop
      vertex 159.116 2.86501 0
      vertex 158.854 2.47328 12.91
      vertex 158.854 2.47328 0
    endloop
  endfacet
  facet normal 0 0 -1
    outer loop
      vertex 159.3 6 0
      vertex 160 6 0
      vertex 159.982 5.52925 0
    endloop
  endfacet
  facet normal 0 0 -1
    outer loop
      vertex 160 6 0
      vertex 159.3 6 0
      vertex 160 154 0
    endloop
  endfacet
  facet normal 0 0 -1
    outer loop
      vertex 159.284 5.58417 0
      vertex 159.982 5.52925 0
      vertex 159.926 5.06139 0
    endloop
  endfacet
  facet normal 0 0 -1
    outer loop
      vertex 159.3 154 0
      vertex 160 154 0
      vertex 159.3 6 0
    endloop
  endfacet
  facet normal 0 0 -1
    outer loop
      vertex 159.235 5.1709 0
      vertex 159.926 5.06139 0
      vertex 159.834 4.59933 0
    endloop
  endfacet
  facet normal 0 0 -1
    outer loop
      vertex 160 154 0
      vertex 159.3 154 0
      vertex 159.982 154.471 0
    endloop
  endfacet
  facet normal 0 0 -1
    outer loop
      vertex 159.154 4.76274 0
      vertex 159.834 4.59933 0
      vertex 159.706 4.1459 0
    endloop
  endfacet
  facet normal 0 0 -1
    outer loop
      vertex 159.284 154.416 0
      vertex 159.982 154.471 0
      vertex 159.3 154 0
    endloop
  endfacet
  facet normal 0 0 -1
    outer loop
      vertex 159.041 4.36221 0
      vertex 159.706 4.1459 0
      vertex 159.543 3.7039 0
    endloop
  endfacet
  facet normal -0 0 -1
    outer loop
      vertex 159.982 154.471 0
      vertex 159.284 154.416 0
      vertex 159.926 154.939 0
    endloop
  endfacet
  facet normal 0 0 -1
    outer loop
      vertex 158.897 3.97177 0
      vertex 159.543 3.7039 0
      vertex 159.346 3.27606 0
    endloop
  endfacet
  facet normal 0 0 -1
    outer loop
      vertex 159.235 154.829 0
      vertex 159.926 154.939 0
      vertex 159.284 154.416 0
    endloop
  endfacet
  facet normal -0 0 -1
    outer loop
      vertex 159.926 154.939 0
      vertex 159.235 154.829 0
      vertex 159.834 155.401 0
    endloop
  endfacet
  facet normal 0 0 -1
    outer loop
      vertex 159.982 5.52925 0
      vertex 159.284 5.58417 0
      vertex 159.3 6 0
    endloop
  endfacet
  facet normal 0 0 -1
    outer loop
      vertex 159.926 5.06139 0
      vertex 159.235 5.1709 0
      vertex 159.284 5.58417 0
    endloop
  endfacet
  facet normal 0 0 -1
    outer loop
      vertex 159.834 4.59933 0
      vertex 159.154 4.76274 0
      vertex 159.235 5.1709 0
    endloop
  endfacet
  facet normal 0 0 -1
    outer loop
      vertex 158.722 3.59386 0
      vertex 159.346 3.27606 0
      vertex 159.116 2.86501 0
    endloop
  endfacet
  facet normal 0 0 -1
    outer loop
      vertex 159.706 4.1459 0
      vertex 159.041 4.36221 0
      vertex 159.154 4.76274 0
    endloop
  endfacet
  facet normal 0 0 -1
    outer loop
      vertex 159.543 3.7039 0
      vertex 158.897 3.97177 0
      vertex 159.041 4.36221 0
    endloop
  endfacet
  facet normal 0 0 -1
    outer loop
      vertex 158.519 3.23076 0
      vertex 159.116 2.86501 0
      vertex 158.854 2.47328 0
    endloop
  endfacet
  facet normal 0 0 -1
    outer loop
      vertex 159.346 3.27606 0
      vertex 158.722 3.59386 0
      vertex 158.897 3.97177 0
    endloop
  endfacet
  facet normal 0 0 -1
    outer loop
      vertex 158.288 2.88474 0
      vertex 158.854 2.47328 0
      vertex 158.562 2.10332 0
    endloop
  endfacet
  facet normal 0 0 -1
    outer loop
      vertex 159.116 2.86501 0
      vertex 158.519 3.23076 0
      vertex 158.722 3.59386 0
    endloop
  endfacet
  facet normal 0 0 -1
    outer loop
      vertex 158.854 2.47328 0
      vertex 158.288 2.88474 0
      vertex 158.519 3.23076 0
    endloop
  endfacet
  facet normal 0 0 -1
    outer loop
      vertex 158.03 2.55792 0
      vertex 158.562 2.10332 0
      vertex 158.243 1.75735 0
    endloop
  endfacet
  facet normal 0 0 -1
    outer loop
      vertex 158.562 2.10332 0
      vertex 158.03 2.55792 0
      vertex 158.288 2.88474 0
    endloop
  endfacet
  facet normal 0 0 -1
    outer loop
      vertex 157.748 2.25233 0
      vertex 158.243 1.75735 0
      vertex 157.897 1.43756 0
    endloop
  endfacet
  facet normal 0 0 -1
    outer loop
      vertex 158.243 1.75735 0
      vertex 157.748 2.25233 0
      vertex 158.03 2.55792 0
    endloop
  endfacet
  facet normal 0 0 -1
    outer loop
      vertex 157.442 1.96985 0
      vertex 157.897 1.43756 0
      vertex 157.527 1.1459 0
    endloop
  endfacet
  facet normal 0 0 -1
    outer loop
      vertex 157.897 1.43756 0
      vertex 157.442 1.96985 0
      vertex 157.748 2.25233 0
    endloop
  endfacet
  facet normal 0 0 -1
    outer loop
      vertex 157.115 1.7122 0
      vertex 157.527 1.1459 0
      vertex 157.135 0.884155 0
    endloop
  endfacet
  facet normal 0 0 -1
    outer loop
      vertex 157.527 1.1459 0
      vertex 157.115 1.7122 0
      vertex 157.442 1.96985 0
    endloop
  endfacet
  facet normal 0 0 -1
    outer loop
      vertex 157.135 0.884155 0
      vertex 156.769 1.481 0
      vertex 157.115 1.7122 0
    endloop
  endfacet
  facet normal 0 0 -1
    outer loop
      vertex 156.724 0.653961 0
      vertex 156.769 1.481 0
      vertex 157.135 0.884155 0
    endloop
  endfacet
  facet normal 0 0 -1
    outer loop
      vertex 156.724 0.653961 0
      vertex 156.406 1.27766 0
      vertex 156.769 1.481 0
    endloop
  endfacet
  facet normal 0 0 -1
    outer loop
      vertex 156.296 0.456726 0
      vertex 156.406 1.27766 0
      vertex 156.724 0.653961 0
    endloop
  endfacet
  facet normal 0 0 -1
    outer loop
      vertex 156.296 0.456726 0
      vertex 156.028 1.10344 0
      vertex 156.406 1.27766 0
    endloop
  endfacet
  facet normal 0 0 -1
    outer loop
      vertex 155.854 0.293655 0
      vertex 156.028 1.10344 0
      vertex 156.296 0.456726 0
    endloop
  endfacet
  facet normal 0 0 -1
    outer loop
      vertex 155.854 0.293655 0
      vertex 155.638 0.959396 0
      vertex 156.028 1.10344 0
    endloop
  endfacet
  facet normal 0 0 -1
    outer loop
      vertex 155.401 0.165787 0
      vertex 155.638 0.959396 0
      vertex 155.854 0.293655 0
    endloop
  endfacet
  facet normal 0 0 -1
    outer loop
      vertex 155.401 0.165787 0
      vertex 155.237 0.846436 0
      vertex 155.638 0.959396 0
    endloop
  endfacet
  facet normal 0 0 -1
    outer loop
      vertex 154.939 0.0738678 0
      vertex 155.237 0.846436 0
      vertex 155.401 0.165787 0
    endloop
  endfacet
  facet normal 0 0 -1
    outer loop
      vertex 154.939 0.0738678 0
      vertex 154.829 0.765259 0
      vertex 155.237 0.846436 0
    endloop
  endfacet
  facet normal 0 0 -1
    outer loop
      vertex 154.471 0.0184937 0
      vertex 154.829 0.765259 0
      vertex 154.939 0.0738678 0
    endloop
  endfacet
  facet normal 0 0 -1
    outer loop
      vertex 154.471 0.0184937 0
      vertex 154.416 0.716339 0
      vertex 154.829 0.765259 0
    endloop
  endfacet
  facet normal 0 0 -1
    outer loop
      vertex 154 0 0
      vertex 154.416 0.716339 0
      vertex 154.471 0.0184937 0
    endloop
  endfacet
  facet normal 0 0 -1
    outer loop
      vertex 154 0 0
      vertex 154 0.699997 0
      vertex 154.416 0.716339 0
    endloop
  endfacet
  facet normal 0 0 -1
    outer loop
      vertex 6 0 0
      vertex 154 0.699997 0
      vertex 154 0 0
    endloop
  endfacet
  facet normal 0 0 -1
    outer loop
      vertex 6 0 0
      vertex 6 0.699997 0
      vertex 154 0.699997 0
    endloop
  endfacet
  facet normal 0 0 -1
    outer loop
      vertex 6 0 0
      vertex 5.58417 0.716339 0
      vertex 6 0.699997 0
    endloop
  endfacet
  facet normal 0 0 -1
    outer loop
      vertex 5.52925 0.0184937 0
      vertex 5.58417 0.716339 0
      vertex 6 0 0
    endloop
  endfacet
  facet normal 0 0 -1
    outer loop
      vertex 5.52925 0.0184937 0
      vertex 5.1709 0.765259 0
      vertex 5.58417 0.716339 0
    endloop
  endfacet
  facet normal 0 0 -1
    outer loop
      vertex 5.06139 0.0738678 0
      vertex 5.1709 0.765259 0
      vertex 5.52925 0.0184937 0
    endloop
  endfacet
  facet normal 0 0 -1
    outer loop
      vertex 5.06139 0.0738678 0
      vertex 4.76274 0.846436 0
      vertex 5.1709 0.765259 0
    endloop
  endfacet
  facet normal 0 0 -1
    outer loop
      vertex 4.59933 0.165787 0
      vertex 4.76274 0.846436 0
      vertex 5.06139 0.0738678 0
    endloop
  endfacet
  facet normal 0 0 -1
    outer loop
      vertex 4.59933 0.165787 0
      vertex 4.36221 0.959396 0
      vertex 4.76274 0.846436 0
    endloop
  endfacet
  facet normal 0 0 -1
    outer loop
      vertex 4.1459 0.293655 0
      vertex 4.36221 0.959396 0
      vertex 4.59933 0.165787 0
    endloop
  endfacet
  facet normal 0 0 -1
    outer loop
      vertex 4.1459 0.293655 0
      vertex 3.97177 1.10344 0
      vertex 4.36221 0.959396 0
    endloop
  endfacet
  facet normal 0 0 -1
    outer loop
      vertex 3.7039 0.456726 0
      vertex 3.97177 1.10344 0
      vertex 4.1459 0.293655 0
    endloop
  endfacet
  facet normal 0 0 -1
    outer loop
      vertex 3.7039 0.456726 0
      vertex 3.59386 1.27766 0
      vertex 3.97177 1.10344 0
    endloop
  endfacet
  facet normal 0 0 -1
    outer loop
      vertex 3.27606 0.653961 0
      vertex 3.59386 1.27766 0
      vertex 3.7039 0.456726 0
    endloop
  endfacet
  facet normal 0 0 -1
    outer loop
      vertex 3.27606 0.653961 0
      vertex 3.23076 1.481 0
      vertex 3.59386 1.27766 0
    endloop
  endfacet
  facet normal 0 0 -1
    outer loop
      vertex 2.86501 0.884155 0
      vertex 3.23076 1.481 0
      vertex 3.27606 0.653961 0
    endloop
  endfacet
  facet normal -0 0 -1
    outer loop
      vertex 3.23076 1.481 0
      vertex 2.86501 0.884155 0
      vertex 2.88474 1.7122 0
    endloop
  endfacet
  facet normal 0 0 -1
    outer loop
      vertex 2.47328 1.1459 0
      vertex 2.88474 1.7122 0
      vertex 2.86501 0.884155 0
    endloop
  endfacet
  facet normal -0 0 -1
    outer loop
      vertex 2.88474 1.7122 0
      vertex 2.47328 1.1459 0
      vertex 2.55792 1.96985 0
    endloop
  endfacet
  facet normal 0 0 -1
    outer loop
      vertex 2.10332 1.43756 0
      vertex 2.55792 1.96985 0
      vertex 2.47328 1.1459 0
    endloop
  endfacet
  facet normal -0 0 -1
    outer loop
      vertex 2.55792 1.96985 0
      vertex 2.10332 1.43756 0
      vertex 2.25233 2.25233 0
    endloop
  endfacet
  facet normal 0 0 -1
    outer loop
      vertex 1.75735 1.75735 0
      vertex 2.25233 2.25233 0
      vertex 2.10332 1.43756 0
    endloop
  endfacet
  facet normal -0 0 -1
    outer loop
      vertex 2.25233 2.25233 0
      vertex 1.75735 1.75735 0
      vertex 1.96985 2.55792 0
    endloop
  endfacet
  facet normal 0 0 -1
    outer loop
      vertex 1.43756 2.10332 0
      vertex 1.96985 2.55792 0
      vertex 1.75735 1.75735 0
    endloop
  endfacet
  facet normal -0 0 -1
    outer loop
      vertex 1.96985 2.55792 0
      vertex 1.43756 2.10332 0
      vertex 1.7122 2.88474 0
    endloop
  endfacet
  facet normal 0 0 -1
    outer loop
      vertex 1.1459 2.47328 0
      vertex 1.7122 2.88474 0
      vertex 1.43756 2.10332 0
    endloop
  endfacet
  facet normal -0 0 -1
    outer loop
      vertex 1.7122 2.88474 0
      vertex 1.1459 2.47328 0
      vertex 1.481 3.23076 0
    endloop
  endfacet
  facet normal 0 0 -1
    outer loop
      vertex 0.884155 2.86501 0
      vertex 1.481 3.23076 0
      vertex 1.1459 2.47328 0
    endloop
  endfacet
  facet normal -0 0 -1
    outer loop
      vertex 1.481 3.23076 0
      vertex 0.884155 2.86501 0
      vertex 1.27766 3.59386 0
    endloop
  endfacet
  facet normal 0 0 -1
    outer loop
      vertex 0.653961 3.27606 0
      vertex 1.27766 3.59386 0
      vertex 0.884155 2.86501 0
    endloop
  endfacet
  facet normal -0 0 -1
    outer loop
      vertex 1.27766 3.59386 0
      vertex 0.653961 3.27606 0
      vertex 1.10344 3.97177 0
    endloop
  endfacet
  facet normal 0 0 -1
    outer loop
      vertex 0.456726 3.7039 0
      vertex 1.10344 3.97177 0
      vertex 0.653961 3.27606 0
    endloop
  endfacet
  facet normal -0 0 -1
    outer loop
      vertex 1.10344 3.97177 0
      vertex 0.456726 3.7039 0
      vertex 0.959396 4.36221 0
    endloop
  endfacet
  facet normal 0 0 -1
    outer loop
      vertex 0.293655 4.1459 0
      vertex 0.959396 4.36221 0
      vertex 0.456726 3.7039 0
    endloop
  endfacet
  facet normal -0 0 -1
    outer loop
      vertex 0.846436 4.76274 0
      vertex 0.165787 4.59933 0
      vertex 0.765259 5.1709 0
    endloop
  endfacet
  facet normal 0 0 -1
    outer loop
      vertex 0.165787 4.59933 0
      vertex 0.846436 4.76274 0
      vertex 0.293655 4.1459 0
    endloop
  endfacet
  facet normal -0 0 -1
    outer loop
      vertex 0.959396 4.36221 0
      vertex 0.293655 4.1459 0
      vertex 0.846436 4.76274 0
    endloop
  endfacet
  facet normal 0 0 -1
    outer loop
      vertex 159.154 155.237 0
      vertex 159.834 155.401 0
      vertex 159.235 154.829 0
    endloop
  endfacet
  facet normal -0 0 -1
    outer loop
      vertex 159.834 155.401 0
      vertex 159.154 155.237 0
      vertex 159.706 155.854 0
    endloop
  endfacet
  facet normal 0 0 -1
    outer loop
      vertex 159.041 155.638 0
      vertex 159.706 155.854 0
      vertex 159.154 155.237 0
    endloop
  endfacet
  facet normal -0 0 -1
    outer loop
      vertex 159.706 155.854 0
      vertex 159.041 155.638 0
      vertex 159.543 156.296 0
    endloop
  endfacet
  facet normal 0 0 -1
    outer loop
      vertex 158.897 156.028 0
      vertex 159.543 156.296 0
      vertex 159.041 155.638 0
    endloop
  endfacet
  facet normal -0 0 -1
    outer loop
      vertex 159.543 156.296 0
      vertex 158.897 156.028 0
      vertex 159.346 156.724 0
    endloop
  endfacet
  facet normal 0 0 -1
    outer loop
      vertex 158.722 156.406 0
      vertex 159.346 156.724 0
      vertex 158.897 156.028 0
    endloop
  endfacet
  facet normal -0 0 -1
    outer loop
      vertex 159.346 156.724 0
      vertex 158.722 156.406 0
      vertex 159.116 157.135 0
    endloop
  endfacet
  facet normal 0 0 -1
    outer loop
      vertex 158.519 156.769 0
      vertex 159.116 157.135 0
      vertex 158.722 156.406 0
    endloop
  endfacet
  facet normal -0 0 -1
    outer loop
      vertex 159.116 157.135 0
      vertex 158.519 156.769 0
      vertex 158.854 157.527 0
    endloop
  endfacet
  facet normal 0 0 -1
    outer loop
      vertex 158.288 157.115 0
      vertex 158.854 157.527 0
      vertex 158.519 156.769 0
    endloop
  endfacet
  facet normal -0 0 -1
    outer loop
      vertex 158.854 157.527 0
      vertex 158.288 157.115 0
      vertex 158.562 157.897 0
    endloop
  endfacet
  facet normal 0 0 -1
    outer loop
      vertex 158.03 157.442 0
      vertex 158.562 157.897 0
      vertex 158.288 157.115 0
    endloop
  endfacet
  facet normal -0 0 -1
    outer loop
      vertex 158.562 157.897 0
      vertex 158.03 157.442 0
      vertex 158.243 158.243 0
    endloop
  endfacet
  facet normal 0 0 -1
    outer loop
      vertex 157.748 157.748 0
      vertex 158.243 158.243 0
      vertex 158.03 157.442 0
    endloop
  endfacet
  facet normal -0 0 -1
    outer loop
      vertex 158.243 158.243 0
      vertex 157.748 157.748 0
      vertex 157.897 158.562 0
    endloop
  endfacet
  facet normal 0 0 -1
    outer loop
      vertex 157.442 158.03 0
      vertex 157.897 158.562 0
      vertex 157.748 157.748 0
    endloop
  endfacet
  facet normal -0 0 -1
    outer loop
      vertex 157.897 158.562 0
      vertex 157.442 158.03 0
      vertex 157.527 158.854 0
    endloop
  endfacet
  facet normal 0 0 -1
    outer loop
      vertex 157.115 158.288 0
      vertex 157.527 158.854 0
      vertex 157.442 158.03 0
    endloop
  endfacet
  facet normal -0 0 -1
    outer loop
      vertex 157.527 158.854 0
      vertex 157.115 158.288 0
      vertex 157.135 159.116 0
    endloop
  endfacet
  facet normal 0 0 -1
    outer loop
      vertex 156.769 158.519 0
      vertex 157.135 159.116 0
      vertex 157.115 158.288 0
    endloop
  endfacet
  facet normal 0 0 -1
    outer loop
      vertex 156.769 158.519 0
      vertex 156.724 159.346 0
      vertex 157.135 159.116 0
    endloop
  endfacet
  facet normal 0 0 -1
    outer loop
      vertex 156.406 158.722 0
      vertex 156.724 159.346 0
      vertex 156.769 158.519 0
    endloop
  endfacet
  facet normal 0 0 -1
    outer loop
      vertex 156.406 158.722 0
      vertex 156.296 159.543 0
      vertex 156.724 159.346 0
    endloop
  endfacet
  facet normal 0 0 -1
    outer loop
      vertex 156.028 158.897 0
      vertex 156.296 159.543 0
      vertex 156.406 158.722 0
    endloop
  endfacet
  facet normal 0 0 -1
    outer loop
      vertex 156.028 158.897 0
      vertex 155.854 159.706 0
      vertex 156.296 159.543 0
    endloop
  endfacet
  facet normal 0 0 -1
    outer loop
      vertex 155.638 159.041 0
      vertex 155.854 159.706 0
      vertex 156.028 158.897 0
    endloop
  endfacet
  facet normal 0 0 -1
    outer loop
      vertex 155.638 159.041 0
      vertex 155.401 159.834 0
      vertex 155.854 159.706 0
    endloop
  endfacet
  facet normal 0 0 -1
    outer loop
      vertex 155.237 159.154 0
      vertex 155.401 159.834 0
      vertex 155.638 159.041 0
    endloop
  endfacet
  facet normal 0 0 -1
    outer loop
      vertex 155.237 159.154 0
      vertex 154.939 159.926 0
      vertex 155.401 159.834 0
    endloop
  endfacet
  facet normal 0 0 -1
    outer loop
      vertex 154.829 159.235 0
      vertex 154.939 159.926 0
      vertex 155.237 159.154 0
    endloop
  endfacet
  facet normal 0 0 -1
    outer loop
      vertex 154.829 159.235 0
      vertex 154.471 159.982 0
      vertex 154.939 159.926 0
    endloop
  endfacet
  facet normal 0 0 -1
    outer loop
      vertex 154.416 159.284 0
      vertex 154.471 159.982 0
      vertex 154.829 159.235 0
    endloop
  endfacet
  facet normal 0 0 -1
    outer loop
      vertex 154 159.3 0
      vertex 154.471 159.982 0
      vertex 154.416 159.284 0
    endloop
  endfacet
  facet normal 0 0 -1
    outer loop
      vertex 154 159.3 0
      vertex 154 160 0
      vertex 154.471 159.982 0
    endloop
  endfacet
  facet normal 0 0 -1
    outer loop
      vertex 6 159.3 0
      vertex 154 160 0
      vertex 154 159.3 0
    endloop
  endfacet
  facet normal 0 0 -1
    outer loop
      vertex 6 159.3 0
      vertex 6 160 0
      vertex 154 160 0
    endloop
  endfacet
  facet normal 0 0 -1
    outer loop
      vertex 5.58417 159.284 0
      vertex 6 160 0
      vertex 6 159.3 0
    endloop
  endfacet
  facet normal 0 0 -1
    outer loop
      vertex 5.58417 159.284 0
      vertex 5.52925 159.982 0
      vertex 6 160 0
    endloop
  endfacet
  facet normal 0 0 -1
    outer loop
      vertex 5.1709 159.235 0
      vertex 5.52925 159.982 0
      vertex 5.58417 159.284 0
    endloop
  endfacet
  facet normal 0 0 -1
    outer loop
      vertex 5.1709 159.235 0
      vertex 5.06139 159.926 0
      vertex 5.52925 159.982 0
    endloop
  endfacet
  facet normal 0 0 -1
    outer loop
      vertex 4.76274 159.154 0
      vertex 5.06139 159.926 0
      vertex 5.1709 159.235 0
    endloop
  endfacet
  facet normal 0 0 -1
    outer loop
      vertex 4.76274 159.154 0
      vertex 4.59933 159.834 0
      vertex 5.06139 159.926 0
    endloop
  endfacet
  facet normal 0 0 -1
    outer loop
      vertex 4.36221 159.041 0
      vertex 4.59933 159.834 0
      vertex 4.76274 159.154 0
    endloop
  endfacet
  facet normal 0 0 -1
    outer loop
      vertex 4.36221 159.041 0
      vertex 4.1459 159.706 0
      vertex 4.59933 159.834 0
    endloop
  endfacet
  facet normal 0 0 -1
    outer loop
      vertex 3.97177 158.897 0
      vertex 4.1459 159.706 0
      vertex 4.36221 159.041 0
    endloop
  endfacet
  facet normal 0 0 -1
    outer loop
      vertex 3.97177 158.897 0
      vertex 3.7039 159.543 0
      vertex 4.1459 159.706 0
    endloop
  endfacet
  facet normal 0 0 -1
    outer loop
      vertex 3.59386 158.722 0
      vertex 3.7039 159.543 0
      vertex 3.97177 158.897 0
    endloop
  endfacet
  facet normal 0 0 -1
    outer loop
      vertex 3.59386 158.722 0
      vertex 3.27606 159.346 0
      vertex 3.7039 159.543 0
    endloop
  endfacet
  facet normal 0 0 -1
    outer loop
      vertex 3.23076 158.519 0
      vertex 3.27606 159.346 0
      vertex 3.59386 158.722 0
    endloop
  endfacet
  facet normal 0 0 -1
    outer loop
      vertex 2.86501 159.116 0
      vertex 3.23076 158.519 0
      vertex 2.88474 158.288 0
    endloop
  endfacet
  facet normal 0 0 -1
    outer loop
      vertex 3.23076 158.519 0
      vertex 2.86501 159.116 0
      vertex 3.27606 159.346 0
    endloop
  endfacet
  facet normal 0 0 -1
    outer loop
      vertex 2.47328 158.854 0
      vertex 2.88474 158.288 0
      vertex 2.55792 158.03 0
    endloop
  endfacet
  facet normal 0 0 -1
    outer loop
      vertex 2.88474 158.288 0
      vertex 2.47328 158.854 0
      vertex 2.86501 159.116 0
    endloop
  endfacet
  facet normal 0 0 -1
    outer loop
      vertex 2.10332 158.562 0
      vertex 2.55792 158.03 0
      vertex 2.25233 157.748 0
    endloop
  endfacet
  facet normal 0 0 -1
    outer loop
      vertex 2.55792 158.03 0
      vertex 2.10332 158.562 0
      vertex 2.47328 158.854 0
    endloop
  endfacet
  facet normal 0 0 -1
    outer loop
      vertex 1.75735 158.243 0
      vertex 2.25233 157.748 0
      vertex 1.96985 157.442 0
    endloop
  endfacet
  facet normal 0 0 -1
    outer loop
      vertex 2.25233 157.748 0
      vertex 1.75735 158.243 0
      vertex 2.10332 158.562 0
    endloop
  endfacet
  facet normal 0 0 -1
    outer loop
      vertex 1.43756 157.897 0
      vertex 1.96985 157.442 0
      vertex 1.7122 157.115 0
    endloop
  endfacet
  facet normal 0 0 -1
    outer loop
      vertex 1.1459 157.527 0
      vertex 1.7122 157.115 0
      vertex 1.481 156.769 0
    endloop
  endfacet
  facet normal 0 0 -1
    outer loop
      vertex 1.96985 157.442 0
      vertex 1.43756 157.897 0
      vertex 1.75735 158.243 0
    endloop
  endfacet
  facet normal 0 0 -1
    outer loop
      vertex 0.884155 157.135 0
      vertex 1.481 156.769 0
      vertex 1.27766 156.406 0
    endloop
  endfacet
  facet normal 0 0 -1
    outer loop
      vertex 1.7122 157.115 0
      vertex 1.1459 157.527 0
      vertex 1.43756 157.897 0
    endloop
  endfacet
  facet normal 0 0 -1
    outer loop
      vertex 0.653961 156.724 0
      vertex 1.27766 156.406 0
      vertex 1.10344 156.028 0
    endloop
  endfacet
  facet normal 0 0 -1
    outer loop
      vertex 0.456726 156.296 0
      vertex 1.10344 156.028 0
      vertex 0.959396 155.638 0
    endloop
  endfacet
  facet normal 0 0 -1
    outer loop
      vertex 1.481 156.769 0
      vertex 0.884155 157.135 0
      vertex 1.1459 157.527 0
    endloop
  endfacet
  facet normal 0 0 -1
    outer loop
      vertex 0.293655 155.854 0
      vertex 0.959396 155.638 0
      vertex 0.846436 155.237 0
    endloop
  endfacet
  facet normal 0 0 -1
    outer loop
      vertex 0.165787 155.401 0
      vertex 0.846436 155.237 0
      vertex 0.765259 154.829 0
    endloop
  endfacet
  facet normal 0 0 -1
    outer loop
      vertex 0.0738678 154.939 0
      vertex 0.765259 154.829 0
      vertex 0.716339 154.416 0
    endloop
  endfacet
  facet normal 0 0 -1
    outer loop
      vertex 1.27766 156.406 0
      vertex 0.653961 156.724 0
      vertex 0.884155 157.135 0
    endloop
  endfacet
  facet normal 0 0 -1
    outer loop
      vertex 0.0184937 154.471 0
      vertex 0.716339 154.416 0
      vertex 0.699997 154 0
    endloop
  endfacet
  facet normal 0 0 -1
    outer loop
      vertex 0.699997 6 0
      vertex 0 6 0
      vertex 0.699997 154 0
    endloop
  endfacet
  facet normal 0 0 -1
    outer loop
      vertex 0.0738678 5.06139 0
      vertex 0.765259 5.1709 0
      vertex 0.165787 4.59933 0
    endloop
  endfacet
  facet normal 0 0 -1
    outer loop
      vertex 0 154 0
      vertex 0.699997 154 0
      vertex 0 6 0
    endloop
  endfacet
  facet normal -0 0 -1
    outer loop
      vertex 0.765259 5.1709 0
      vertex 0.0738678 5.06139 0
      vertex 0.716339 5.58417 0
    endloop
  endfacet
  facet normal 0 -0 -1
    outer loop
      vertex 0.0184937 154.471 0
      vertex 0.699997 154 0
      vertex 0 154 0
    endloop
  endfacet
  facet normal 0 0 -1
    outer loop
      vertex 0.0184937 5.52925 0
      vertex 0.716339 5.58417 0
      vertex 0.0738678 5.06139 0
    endloop
  endfacet
  facet normal 0 0 -1
    outer loop
      vertex 1.10344 156.028 0
      vertex 0.456726 156.296 0
      vertex 0.653961 156.724 0
    endloop
  endfacet
  facet normal -0 0 -1
    outer loop
      vertex 0.716339 5.58417 0
      vertex 0.0184937 5.52925 0
      vertex 0.699997 6 0
    endloop
  endfacet
  facet normal 0 0 -1
    outer loop
      vertex 0.959396 155.638 0
      vertex 0.293655 155.854 0
      vertex 0.456726 156.296 0
    endloop
  endfacet
  facet normal -0 0 -1
    outer loop
      vertex 0.699997 6 0
      vertex 0.0184937 5.52925 0
      vertex 0 6 0
    endloop
  endfacet
  facet normal 0 0 -1
    outer loop
      vertex 0.846436 155.237 0
      vertex 0.165787 155.401 0
      vertex 0.293655 155.854 0
    endloop
  endfacet
  facet normal 0 0 -1
    outer loop
      vertex 0.765259 154.829 0
      vertex 0.0738678 154.939 0
      vertex 0.165787 155.401 0
    endloop
  endfacet
  facet normal 0 0 -1
    outer loop
      vertex 0.716339 154.416 0
      vertex 0.0184937 154.471 0
      vertex 0.0738678 154.939 0
    endloop
  endfacet
  facet normal 0 0 -1
    outer loop
      vertex 154 2.5 0
      vertex 157.5 6 0
      vertex 157.489 5.72539 0
    endloop
  endfacet
  facet normal -0 0 -1
    outer loop
      vertex 157.5 6 0
      vertex 154 2.5 0
      vertex 157.5 154 0
    endloop
  endfacet
  facet normal 0 0 -1
    outer loop
      vertex 154 2.5 0
      vertex 157.489 5.72539 0
      vertex 157.457 5.45248 0
    endloop
  endfacet
  facet normal 0 0 -1
    outer loop
      vertex 154 157.5 0
      vertex 157.5 154 0
      vertex 154 2.5 0
    endloop
  endfacet
  facet normal 0 0 -1
    outer loop
      vertex 154 2.5 0
      vertex 157.457 5.45248 0
      vertex 157.403 5.18294 0
    endloop
  endfacet
  facet normal 0 0 -1
    outer loop
      vertex 157.5 154 0
      vertex 154 157.5 0
      vertex 157.489 154.275 0
    endloop
  endfacet
  facet normal 0 0 -1
    outer loop
      vertex 154 2.5 0
      vertex 157.403 5.18294 0
      vertex 157.329 4.91844 0
    endloop
  endfacet
  facet normal 0 0 -1
    outer loop
      vertex 157.489 154.275 0
      vertex 154 157.5 0
      vertex 157.457 154.548 0
    endloop
  endfacet
  facet normal 0 0 -1
    outer loop
      vertex 154 2.5 0
      vertex 157.329 4.91844 0
      vertex 157.234 4.66061 0
    endloop
  endfacet
  facet normal 0 0 -1
    outer loop
      vertex 157.457 154.548 0
      vertex 154 157.5 0
      vertex 157.403 154.817 0
    endloop
  endfacet
  facet normal 0 0 -1
    outer loop
      vertex 154 2.5 0
      vertex 157.234 4.66061 0
      vertex 157.119 4.41103 0
    endloop
  endfacet
  facet normal 0 0 -1
    outer loop
      vertex 157.403 154.817 0
      vertex 154 157.5 0
      vertex 157.329 155.082 0
    endloop
  endfacet
  facet normal 0 0 -1
    outer loop
      vertex 154 2.5 0
      vertex 157.119 4.41103 0
      vertex 156.984 4.17125 0
    endloop
  endfacet
  facet normal 0 0 -1
    outer loop
      vertex 157.329 155.082 0
      vertex 154 157.5 0
      vertex 157.234 155.339 0
    endloop
  endfacet
  facet normal 0 0 -1
    outer loop
      vertex 154 2.5 0
      vertex 156.984 4.17125 0
      vertex 156.832 3.94275 0
    endloop
  endfacet
  facet normal 0 0 -1
    outer loop
      vertex 157.234 155.339 0
      vertex 154 157.5 0
      vertex 157.119 155.589 0
    endloop
  endfacet
  facet normal 0 0 -1
    outer loop
      vertex 154 2.5 0
      vertex 156.832 3.94275 0
      vertex 156.661 3.72693 0
    endloop
  endfacet
  facet normal 0 0 -1
    outer loop
      vertex 157.119 155.589 0
      vertex 154 157.5 0
      vertex 156.984 155.829 0
    endloop
  endfacet
  facet normal 0 0 -1
    outer loop
      vertex 154 2.5 0
      vertex 156.661 3.72693 0
      vertex 156.475 3.52513 0
    endloop
  endfacet
  facet normal 0 0 -1
    outer loop
      vertex 156.984 155.829 0
      vertex 154 157.5 0
      vertex 156.832 156.057 0
    endloop
  endfacet
  facet normal 0 0 -1
    outer loop
      vertex 154 2.5 0
      vertex 156.475 3.52513 0
      vertex 156.273 3.33858 0
    endloop
  endfacet
  facet normal 0 0 -1
    outer loop
      vertex 156.832 156.057 0
      vertex 154 157.5 0
      vertex 156.661 156.273 0
    endloop
  endfacet
  facet normal 0 0 -1
    outer loop
      vertex 154 2.5 0
      vertex 156.273 3.33858 0
      vertex 156.057 3.16844 0
    endloop
  endfacet
  facet normal 0 0 -1
    outer loop
      vertex 156.661 156.273 0
      vertex 154 157.5 0
      vertex 156.475 156.475 0
    endloop
  endfacet
  facet normal 0 0 -1
    outer loop
      vertex 154 2.5 0
      vertex 156.057 3.16844 0
      vertex 155.829 3.01576 0
    endloop
  endfacet
  facet normal 0 0 -1
    outer loop
      vertex 156.475 156.475 0
      vertex 154 157.5 0
      vertex 156.273 156.661 0
    endloop
  endfacet
  facet normal 0 0 -1
    outer loop
      vertex 154 2.5 0
      vertex 155.829 3.01576 0
      vertex 155.589 2.88147 0
    endloop
  endfacet
  facet normal 0 0 -1
    outer loop
      vertex 156.273 156.661 0
      vertex 154 157.5 0
      vertex 156.057 156.832 0
    endloop
  endfacet
  facet normal 0 0 -1
    outer loop
      vertex 154 2.5 0
      vertex 155.589 2.88147 0
      vertex 155.339 2.76642 0
    endloop
  endfacet
  facet normal 0 0 -1
    outer loop
      vertex 156.057 156.832 0
      vertex 154 157.5 0
      vertex 155.829 156.984 0
    endloop
  endfacet
  facet normal 0 0 -1
    outer loop
      vertex 154 2.5 0
      vertex 155.339 2.76642 0
      vertex 155.082 2.6713 0
    endloop
  endfacet
  facet normal 0 0 -1
    outer loop
      vertex 155.829 156.984 0
      vertex 154 157.5 0
      vertex 155.589 157.119 0
    endloop
  endfacet
  facet normal 0 0 -1
    outer loop
      vertex 154 2.5 0
      vertex 155.082 2.6713 0
      vertex 154.817 2.59671 0
    endloop
  endfacet
  facet normal 0 0 -1
    outer loop
      vertex 155.589 157.119 0
      vertex 154 157.5 0
      vertex 155.339 157.234 0
    endloop
  endfacet
  facet normal 0 0 -1
    outer loop
      vertex 154 2.5 0
      vertex 154.817 2.59671 0
      vertex 154.548 2.54309 0
    endloop
  endfacet
  facet normal 0 0 -1
    outer loop
      vertex 155.339 157.234 0
      vertex 154 157.5 0
      vertex 155.082 157.329 0
    endloop
  endfacet
  facet normal 0 0 -1
    outer loop
      vertex 154 2.5 0
      vertex 154.548 2.54309 0
      vertex 154.275 2.51079 0
    endloop
  endfacet
  facet normal 0 0 -1
    outer loop
      vertex 155.082 157.329 0
      vertex 154 157.5 0
      vertex 154.817 157.403 0
    endloop
  endfacet
  facet normal 0 0 -1
    outer loop
      vertex 154.817 157.403 0
      vertex 154 157.5 0
      vertex 154.548 157.457 0
    endloop
  endfacet
  facet normal 0 0 -1
    outer loop
      vertex 154.548 157.457 0
      vertex 154 157.5 0
      vertex 154.275 157.489 0
    endloop
  endfacet
  facet normal 0 0 -1
    outer loop
      vertex 6 2.5 0
      vertex 154 157.5 0
      vertex 154 2.5 0
    endloop
  endfacet
  facet normal 0 0 -1
    outer loop
      vertex 6 2.5 0
      vertex 6 157.5 0
      vertex 154 157.5 0
    endloop
  endfacet
  facet normal 0 0 -1
    outer loop
      vertex 2.5 6 0
      vertex 6 2.5 0
      vertex 5.72539 2.51079 0
    endloop
  endfacet
  facet normal 0 0 -1
    outer loop
      vertex 6 2.5 0
      vertex 2.5 6 0
      vertex 6 157.5 0
    endloop
  endfacet
  facet normal 0 0 -1
    outer loop
      vertex 2.5 6 0
      vertex 5.72539 2.51079 0
      vertex 5.45248 2.54309 0
    endloop
  endfacet
  facet normal 0 0 -1
    outer loop
      vertex 2.5 154 0
      vertex 6 157.5 0
      vertex 2.5 6 0
    endloop
  endfacet
  facet normal 0 0 -1
    outer loop
      vertex 2.5 6 0
      vertex 5.45248 2.54309 0
      vertex 5.18294 2.59671 0
    endloop
  endfacet
  facet normal 0 0 -1
    outer loop
      vertex 6 157.5 0
      vertex 2.5 154 0
      vertex 5.72539 157.489 0
    endloop
  endfacet
  facet normal 0 0 -1
    outer loop
      vertex 2.5 6 0
      vertex 5.18294 2.59671 0
      vertex 4.91844 2.6713 0
    endloop
  endfacet
  facet normal 0 0 -1
    outer loop
      vertex 5.72539 157.489 0
      vertex 2.5 154 0
      vertex 5.45248 157.457 0
    endloop
  endfacet
  facet normal 0 0 -1
    outer loop
      vertex 2.5 6 0
      vertex 4.91844 2.6713 0
      vertex 4.66061 2.76642 0
    endloop
  endfacet
  facet normal 0 0 -1
    outer loop
      vertex 5.45248 157.457 0
      vertex 2.5 154 0
      vertex 5.18294 157.403 0
    endloop
  endfacet
  facet normal 0 0 -1
    outer loop
      vertex 2.5 6 0
      vertex 4.66061 2.76642 0
      vertex 4.41103 2.88147 0
    endloop
  endfacet
  facet normal 0 0 -1
    outer loop
      vertex 5.18294 157.403 0
      vertex 2.5 154 0
      vertex 4.91844 157.329 0
    endloop
  endfacet
  facet normal 0 0 -1
    outer loop
      vertex 2.5 6 0
      vertex 4.41103 2.88147 0
      vertex 4.17125 3.01576 0
    endloop
  endfacet
  facet normal 0 0 -1
    outer loop
      vertex 4.91844 157.329 0
      vertex 2.5 154 0
      vertex 4.66061 157.234 0
    endloop
  endfacet
  facet normal 0 0 -1
    outer loop
      vertex 2.5 6 0
      vertex 4.17125 3.01576 0
      vertex 3.94275 3.16844 0
    endloop
  endfacet
  facet normal 0 0 -1
    outer loop
      vertex 4.66061 157.234 0
      vertex 2.5 154 0
      vertex 4.41103 157.119 0
    endloop
  endfacet
  facet normal 0 0 -1
    outer loop
      vertex 2.5 6 0
      vertex 3.94275 3.16844 0
      vertex 3.72693 3.33858 0
    endloop
  endfacet
  facet normal 0 0 -1
    outer loop
      vertex 4.41103 157.119 0
      vertex 2.5 154 0
      vertex 4.17125 156.984 0
    endloop
  endfacet
  facet normal 0 0 -1
    outer loop
      vertex 2.5 6 0
      vertex 3.72693 3.33858 0
      vertex 3.52513 3.52513 0
    endloop
  endfacet
  facet normal 0 0 -1
    outer loop
      vertex 4.17125 156.984 0
      vertex 2.5 154 0
      vertex 3.94275 156.832 0
    endloop
  endfacet
  facet normal 0 0 -1
    outer loop
      vertex 2.5 6 0
      vertex 3.52513 3.52513 0
      vertex 3.33858 3.72693 0
    endloop
  endfacet
  facet normal 0 0 -1
    outer loop
      vertex 3.94275 156.832 0
      vertex 2.5 154 0
      vertex 3.72693 156.661 0
    endloop
  endfacet
  facet normal 0 0 -1
    outer loop
      vertex 2.5 6 0
      vertex 3.33858 3.72693 0
      vertex 3.16844 3.94275 0
    endloop
  endfacet
  facet normal 0 0 -1
    outer loop
      vertex 3.72693 156.661 0
      vertex 2.5 154 0
      vertex 3.52513 156.475 0
    endloop
  endfacet
  facet normal 0 0 -1
    outer loop
      vertex 2.5 6 0
      vertex 3.16844 3.94275 0
      vertex 3.01576 4.17125 0
    endloop
  endfacet
  facet normal 0 0 -1
    outer loop
      vertex 3.52513 156.475 0
      vertex 2.5 154 0
      vertex 3.33858 156.273 0
    endloop
  endfacet
  facet normal 0 0 -1
    outer loop
      vertex 2.5 6 0
      vertex 3.01576 4.17125 0
      vertex 2.88147 4.41103 0
    endloop
  endfacet
  facet normal 0 0 -1
    outer loop
      vertex 3.33858 156.273 0
      vertex 2.5 154 0
      vertex 3.16844 156.057 0
    endloop
  endfacet
  facet normal 0 0 -1
    outer loop
      vertex 2.5 6 0
      vertex 2.88147 4.41103 0
      vertex 2.76642 4.66061 0
    endloop
  endfacet
  facet normal 0 0 -1
    outer loop
      vertex 3.16844 156.057 0
      vertex 2.5 154 0
      vertex 3.01576 155.829 0
    endloop
  endfacet
  facet normal 0 0 -1
    outer loop
      vertex 2.5 6 0
      vertex 2.76642 4.66061 0
      vertex 2.6713 4.91844 0
    endloop
  endfacet
  facet normal 0 0 -1
    outer loop
      vertex 3.01576 155.829 0
      vertex 2.5 154 0
      vertex 2.88147 155.589 0
    endloop
  endfacet
  facet normal 0 0 -1
    outer loop
      vertex 2.5 6 0
      vertex 2.6713 4.91844 0
      vertex 2.59671 5.18294 0
    endloop
  endfacet
  facet normal 0 0 -1
    outer loop
      vertex 2.88147 155.589 0
      vertex 2.5 154 0
      vertex 2.76642 155.339 0
    endloop
  endfacet
  facet normal 0 0 -1
    outer loop
      vertex 2.5 6 0
      vertex 2.59671 5.18294 0
      vertex 2.54309 5.45248 0
    endloop
  endfacet
  facet normal 0 0 -1
    outer loop
      vertex 2.76642 155.339 0
      vertex 2.5 154 0
      vertex 2.6713 155.082 0
    endloop
  endfacet
  facet normal 0 0 -1
    outer loop
      vertex 2.5 6 0
      vertex 2.54309 5.45248 0
      vertex 2.51079 5.72539 0
    endloop
  endfacet
  facet normal 0 0 -1
    outer loop
      vertex 2.6713 155.082 0
      vertex 2.5 154 0
      vertex 2.59671 154.817 0
    endloop
  endfacet
  facet normal 0 0 -1
    outer loop
      vertex 2.59671 154.817 0
      vertex 2.5 154 0
      vertex 2.54309 154.548 0
    endloop
  endfacet
  facet normal 0 0 -1
    outer loop
      vertex 2.54309 154.548 0
      vertex 2.5 154 0
      vertex 2.51079 154.275 0
    endloop
  endfacet
  facet normal 0.735181 -0.67787 0
    outer loop
      vertex 158.243 1.75735 12.91
      vertex 158.562 2.10332 0
      vertex 158.562 2.10332 12.91
    endloop
  endfacet
  facet normal 0.735181 -0.67787 0
    outer loop
      vertex 158.562 2.10332 0
      vertex 158.243 1.75735 12.91
      vertex 158.243 1.75735 0
    endloop
  endfacet
  facet normal 0.872676 -0.488299 0
    outer loop
      vertex 159.116 2.86501 12.91
      vertex 159.346 3.27606 0
      vertex 159.346 3.27606 12.91
    endloop
  endfacet
  facet normal 0.872676 -0.488299 0
    outer loop
      vertex 159.346 3.27606 0
      vertex 159.116 2.86501 12.91
      vertex 159.116 2.86501 0
    endloop
  endfacet
  facet normal 0.346133 -0.938185 0
    outer loop
      vertex 155.854 0.293655 0
      vertex 156.296 0.456726 12.91
      vertex 155.854 0.293655 12.91
    endloop
  endfacet
  facet normal 0.346133 -0.938185 0
    outer loop
      vertex 156.296 0.456726 12.91
      vertex 155.854 0.293655 0
      vertex 156.296 0.456726 0
    endloop
  endfacet
  facet normal 0 0 1
    outer loop
      vertex 159 154 12.91
      vertex 160 154 12.91
      vertex 159.982 154.471 12.91
    endloop
  endfacet
  facet normal 0 0 1
    outer loop
      vertex 160 154 12.91
      vertex 159 154 12.91
      vertex 160 6 12.91
    endloop
  endfacet
  facet normal 0 0 1
    outer loop
      vertex 158.985 154.392 12.91
      vertex 159.982 154.471 12.91
      vertex 159.926 154.939 12.91
    endloop
  endfacet
  facet normal 0 0 1
    outer loop
      vertex 159 6 12.91
      vertex 160 6 12.91
      vertex 159 154 12.91
    endloop
  endfacet
  facet normal 0 0 1
    outer loop
      vertex 158.938 154.782 12.91
      vertex 159.926 154.939 12.91
      vertex 159.834 155.401 12.91
    endloop
  endfacet
  facet normal 0 0 1
    outer loop
      vertex 160 6 12.91
      vertex 159 6 12.91
      vertex 159.982 5.52925 12.91
    endloop
  endfacet
  facet normal 0 0 1
    outer loop
      vertex 158.862 155.167 12.91
      vertex 159.834 155.401 12.91
      vertex 159.706 155.854 12.91
    endloop
  endfacet
  facet normal -0 0 1
    outer loop
      vertex 158.985 5.60771 12.91
      vertex 159.982 5.52925 12.91
      vertex 159 6 12.91
    endloop
  endfacet
  facet normal 0 0 1
    outer loop
      vertex 158.755 155.545 12.91
      vertex 159.706 155.854 12.91
      vertex 159.543 156.296 12.91
    endloop
  endfacet
  facet normal 0 0 1
    outer loop
      vertex 159.982 5.52925 12.91
      vertex 158.985 5.60771 12.91
      vertex 159.926 5.06139 12.91
    endloop
  endfacet
  facet normal 0 0 1
    outer loop
      vertex 158.619 155.913 12.91
      vertex 159.543 156.296 12.91
      vertex 159.346 156.724 12.91
    endloop
  endfacet
  facet normal -0 0 1
    outer loop
      vertex 158.938 5.21783 12.91
      vertex 159.926 5.06139 12.91
      vertex 158.985 5.60771 12.91
    endloop
  endfacet
  facet normal 0 0 1
    outer loop
      vertex 158.455 156.27 12.91
      vertex 159.346 156.724 12.91
      vertex 159.116 157.135 12.91
    endloop
  endfacet
  facet normal 0 0 1
    outer loop
      vertex 159.926 5.06139 12.91
      vertex 158.938 5.21783 12.91
      vertex 159.834 4.59933 12.91
    endloop
  endfacet
  facet normal -0 0 1
    outer loop
      vertex 158.862 4.83278 12.91
      vertex 159.834 4.59933 12.91
      vertex 158.938 5.21783 12.91
    endloop
  endfacet
  facet normal 0 0 1
    outer loop
      vertex 159.982 154.471 12.91
      vertex 158.985 154.392 12.91
      vertex 159 154 12.91
    endloop
  endfacet
  facet normal 0 0 1
    outer loop
      vertex 159.926 154.939 12.91
      vertex 158.938 154.782 12.91
      vertex 158.985 154.392 12.91
    endloop
  endfacet
  facet normal 0 0 1
    outer loop
      vertex 159.834 155.401 12.91
      vertex 158.862 155.167 12.91
      vertex 158.938 154.782 12.91
    endloop
  endfacet
  facet normal 0 0 1
    outer loop
      vertex 158.263 156.612 12.91
      vertex 159.116 157.135 12.91
      vertex 158.854 157.527 12.91
    endloop
  endfacet
  facet normal 0 0 1
    outer loop
      vertex 159.706 155.854 12.91
      vertex 158.755 155.545 12.91
      vertex 158.862 155.167 12.91
    endloop
  endfacet
  facet normal 0 0 1
    outer loop
      vertex 159.543 156.296 12.91
      vertex 158.619 155.913 12.91
      vertex 158.755 155.545 12.91
    endloop
  endfacet
  facet normal 0 0 1
    outer loop
      vertex 158.045 156.939 12.91
      vertex 158.854 157.527 12.91
      vertex 158.562 157.897 12.91
    endloop
  endfacet
  facet normal 0 0 1
    outer loop
      vertex 159.346 156.724 12.91
      vertex 158.455 156.27 12.91
      vertex 158.619 155.913 12.91
    endloop
  endfacet
  facet normal 0 0 1
    outer loop
      vertex 159.116 157.135 12.91
      vertex 158.263 156.612 12.91
      vertex 158.455 156.27 12.91
    endloop
  endfacet
  facet normal 0 0 1
    outer loop
      vertex 157.802 157.247 12.91
      vertex 158.562 157.897 12.91
      vertex 158.243 158.243 12.91
    endloop
  endfacet
  facet normal 0 0 1
    outer loop
      vertex 158.854 157.527 12.91
      vertex 158.045 156.939 12.91
      vertex 158.263 156.612 12.91
    endloop
  endfacet
  facet normal 0 0 1
    outer loop
      vertex 157.536 157.536 12.91
      vertex 158.243 158.243 12.91
      vertex 157.897 158.562 12.91
    endloop
  endfacet
  facet normal 0 0 1
    outer loop
      vertex 158.562 157.897 12.91
      vertex 157.802 157.247 12.91
      vertex 158.045 156.939 12.91
    endloop
  endfacet
  facet normal 0 0 1
    outer loop
      vertex 158.243 158.243 12.91
      vertex 157.536 157.536 12.91
      vertex 157.802 157.247 12.91
    endloop
  endfacet
  facet normal 0 0 1
    outer loop
      vertex 157.247 157.802 12.91
      vertex 157.897 158.562 12.91
      vertex 157.527 158.854 12.91
    endloop
  endfacet
  facet normal 0 0 1
    outer loop
      vertex 157.897 158.562 12.91
      vertex 157.247 157.802 12.91
      vertex 157.536 157.536 12.91
    endloop
  endfacet
  facet normal 0 0 1
    outer loop
      vertex 156.939 158.045 12.91
      vertex 157.527 158.854 12.91
      vertex 157.135 159.116 12.91
    endloop
  endfacet
  facet normal 0 0 1
    outer loop
      vertex 157.527 158.854 12.91
      vertex 156.939 158.045 12.91
      vertex 157.247 157.802 12.91
    endloop
  endfacet
  facet normal 0 0 1
    outer loop
      vertex 156.612 158.263 12.91
      vertex 157.135 159.116 12.91
      vertex 156.724 159.346 12.91
    endloop
  endfacet
  facet normal 0 0 1
    outer loop
      vertex 157.135 159.116 12.91
      vertex 156.612 158.263 12.91
      vertex 156.939 158.045 12.91
    endloop
  endfacet
  facet normal 0 0 1
    outer loop
      vertex 156.27 158.455 12.91
      vertex 156.724 159.346 12.91
      vertex 156.296 159.543 12.91
    endloop
  endfacet
  facet normal 0 0 1
    outer loop
      vertex 156.724 159.346 12.91
      vertex 156.27 158.455 12.91
      vertex 156.612 158.263 12.91
    endloop
  endfacet
  facet normal 0 0 1
    outer loop
      vertex 156.296 159.543 12.91
      vertex 155.913 158.619 12.91
      vertex 156.27 158.455 12.91
    endloop
  endfacet
  facet normal 0 0 1
    outer loop
      vertex 155.854 159.706 12.91
      vertex 155.913 158.619 12.91
      vertex 156.296 159.543 12.91
    endloop
  endfacet
  facet normal 0 0 1
    outer loop
      vertex 155.854 159.706 12.91
      vertex 155.545 158.755 12.91
      vertex 155.913 158.619 12.91
    endloop
  endfacet
  facet normal 0 0 1
    outer loop
      vertex 155.401 159.834 12.91
      vertex 155.545 158.755 12.91
      vertex 155.854 159.706 12.91
    endloop
  endfacet
  facet normal 0 0 1
    outer loop
      vertex 155.401 159.834 12.91
      vertex 155.167 158.862 12.91
      vertex 155.545 158.755 12.91
    endloop
  endfacet
  facet normal 0 0 1
    outer loop
      vertex 154.939 159.926 12.91
      vertex 155.167 158.862 12.91
      vertex 155.401 159.834 12.91
    endloop
  endfacet
  facet normal 0 0 1
    outer loop
      vertex 154.939 159.926 12.91
      vertex 154.782 158.938 12.91
      vertex 155.167 158.862 12.91
    endloop
  endfacet
  facet normal 0 0 1
    outer loop
      vertex 154.471 159.982 12.91
      vertex 154.782 158.938 12.91
      vertex 154.939 159.926 12.91
    endloop
  endfacet
  facet normal 0 0 1
    outer loop
      vertex 154.471 159.982 12.91
      vertex 154.392 158.985 12.91
      vertex 154.782 158.938 12.91
    endloop
  endfacet
  facet normal 0 0 1
    outer loop
      vertex 154 160 12.91
      vertex 154.392 158.985 12.91
      vertex 154.471 159.982 12.91
    endloop
  endfacet
  facet normal 0 0 1
    outer loop
      vertex 154 160 12.91
      vertex 154 159 12.91
      vertex 154.392 158.985 12.91
    endloop
  endfacet
  facet normal -0 0 1
    outer loop
      vertex 6 160 12.91
      vertex 154 159 12.91
      vertex 154 160 12.91
    endloop
  endfacet
  facet normal 0 0 1
    outer loop
      vertex 6 160 12.91
      vertex 6 159 12.91
      vertex 154 159 12.91
    endloop
  endfacet
  facet normal 0 0 1
    outer loop
      vertex 6 160 12.91
      vertex 5.60771 158.985 12.91
      vertex 6 159 12.91
    endloop
  endfacet
  facet normal -0 0 1
    outer loop
      vertex 5.52925 159.982 12.91
      vertex 5.60771 158.985 12.91
      vertex 6 160 12.91
    endloop
  endfacet
  facet normal 0 0 1
    outer loop
      vertex 5.52925 159.982 12.91
      vertex 5.21783 158.938 12.91
      vertex 5.60771 158.985 12.91
    endloop
  endfacet
  facet normal -0 0 1
    outer loop
      vertex 5.06139 159.926 12.91
      vertex 5.21783 158.938 12.91
      vertex 5.52925 159.982 12.91
    endloop
  endfacet
  facet normal 0 0 1
    outer loop
      vertex 5.06139 159.926 12.91
      vertex 4.83278 158.862 12.91
      vertex 5.21783 158.938 12.91
    endloop
  endfacet
  facet normal -0 0 1
    outer loop
      vertex 4.59933 159.834 12.91
      vertex 4.83278 158.862 12.91
      vertex 5.06139 159.926 12.91
    endloop
  endfacet
  facet normal 0 0 1
    outer loop
      vertex 4.59933 159.834 12.91
      vertex 4.45491 158.755 12.91
      vertex 4.83278 158.862 12.91
    endloop
  endfacet
  facet normal -0 0 1
    outer loop
      vertex 4.1459 159.706 12.91
      vertex 4.45491 158.755 12.91
      vertex 4.59933 159.834 12.91
    endloop
  endfacet
  facet normal 0 0 1
    outer loop
      vertex 4.1459 159.706 12.91
      vertex 4.08658 158.619 12.91
      vertex 4.45491 158.755 12.91
    endloop
  endfacet
  facet normal -0 0 1
    outer loop
      vertex 3.7039 159.543 12.91
      vertex 4.08658 158.619 12.91
      vertex 4.1459 159.706 12.91
    endloop
  endfacet
  facet normal 0 0 1
    outer loop
      vertex 4.08658 158.619 12.91
      vertex 3.7039 159.543 12.91
      vertex 3.73004 158.455 12.91
    endloop
  endfacet
  facet normal -0 0 1
    outer loop
      vertex 3.27606 159.346 12.91
      vertex 3.73004 158.455 12.91
      vertex 3.7039 159.543 12.91
    endloop
  endfacet
  facet normal 0 0 1
    outer loop
      vertex 3.73004 158.455 12.91
      vertex 3.27606 159.346 12.91
      vertex 3.38751 158.263 12.91
    endloop
  endfacet
  facet normal -0 0 1
    outer loop
      vertex 2.86501 159.116 12.91
      vertex 3.38751 158.263 12.91
      vertex 3.27606 159.346 12.91
    endloop
  endfacet
  facet normal 0 0 1
    outer loop
      vertex 3.38751 158.263 12.91
      vertex 2.86501 159.116 12.91
      vertex 3.06108 158.045 12.91
    endloop
  endfacet
  facet normal -0 0 1
    outer loop
      vertex 2.47328 158.854 12.91
      vertex 3.06108 158.045 12.91
      vertex 2.86501 159.116 12.91
    endloop
  endfacet
  facet normal 0 0 1
    outer loop
      vertex 3.06108 158.045 12.91
      vertex 2.47328 158.854 12.91
      vertex 2.75276 157.802 12.91
    endloop
  endfacet
  facet normal -0 0 1
    outer loop
      vertex 2.10332 158.562 12.91
      vertex 2.75276 157.802 12.91
      vertex 2.47328 158.854 12.91
    endloop
  endfacet
  facet normal 0 0 1
    outer loop
      vertex 2.75276 157.802 12.91
      vertex 2.10332 158.562 12.91
      vertex 2.46446 157.536 12.91
    endloop
  endfacet
  facet normal -0 0 1
    outer loop
      vertex 1.75735 158.243 12.91
      vertex 2.46446 157.536 12.91
      vertex 2.10332 158.562 12.91
    endloop
  endfacet
  facet normal 0 0 1
    outer loop
      vertex 2.46446 157.536 12.91
      vertex 1.75735 158.243 12.91
      vertex 2.19797 157.247 12.91
    endloop
  endfacet
  facet normal -0 0 1
    outer loop
      vertex 1.43756 157.897 12.91
      vertex 2.19797 157.247 12.91
      vertex 1.75735 158.243 12.91
    endloop
  endfacet
  facet normal 0 0 1
    outer loop
      vertex 2.19797 157.247 12.91
      vertex 1.43756 157.897 12.91
      vertex 1.95491 156.939 12.91
    endloop
  endfacet
  facet normal -0 0 1
    outer loop
      vertex 1.1459 157.527 12.91
      vertex 1.95491 156.939 12.91
      vertex 1.43756 157.897 12.91
    endloop
  endfacet
  facet normal 0 0 1
    outer loop
      vertex 1.95491 156.939 12.91
      vertex 1.1459 157.527 12.91
      vertex 1.7368 156.612 12.91
    endloop
  endfacet
  facet normal -0 0 1
    outer loop
      vertex 0.884155 157.135 12.91
      vertex 1.7368 156.612 12.91
      vertex 1.1459 157.527 12.91
    endloop
  endfacet
  facet normal 0 0 1
    outer loop
      vertex 1.7368 156.612 12.91
      vertex 0.884155 157.135 12.91
      vertex 1.54497 156.27 12.91
    endloop
  endfacet
  facet normal -0 0 1
    outer loop
      vertex 0.653961 156.724 12.91
      vertex 1.54497 156.27 12.91
      vertex 0.884155 157.135 12.91
    endloop
  endfacet
  facet normal 0 0 1
    outer loop
      vertex 1.54497 156.27 12.91
      vertex 0.653961 156.724 12.91
      vertex 1.3806 155.913 12.91
    endloop
  endfacet
  facet normal -0 0 1
    outer loop
      vertex 0.456726 156.296 12.91
      vertex 1.3806 155.913 12.91
      vertex 0.653961 156.724 12.91
    endloop
  endfacet
  facet normal 0 0 1
    outer loop
      vertex 1.3806 155.913 12.91
      vertex 0.456726 156.296 12.91
      vertex 1.24472 155.545 12.91
    endloop
  endfacet
  facet normal -0 0 1
    outer loop
      vertex 0.165787 155.401 12.91
      vertex 1.13815 155.167 12.91
      vertex 0.293655 155.854 12.91
    endloop
  endfacet
  facet normal 0 0 1
    outer loop
      vertex 1.24472 155.545 12.91
      vertex 0.293655 155.854 12.91
      vertex 1.13815 155.167 12.91
    endloop
  endfacet
  facet normal -0 0 1
    outer loop
      vertex 0.293655 155.854 12.91
      vertex 1.24472 155.545 12.91
      vertex 0.456726 156.296 12.91
    endloop
  endfacet
  facet normal 0 0 1
    outer loop
      vertex 159.834 4.59933 12.91
      vertex 158.862 4.83278 12.91
      vertex 159.706 4.1459 12.91
    endloop
  endfacet
  facet normal -0 0 1
    outer loop
      vertex 158.755 4.45491 12.91
      vertex 159.706 4.1459 12.91
      vertex 158.862 4.83278 12.91
    endloop
  endfacet
  facet normal 0 0 1
    outer loop
      vertex 159.706 4.1459 12.91
      vertex 158.755 4.45491 12.91
      vertex 159.543 3.7039 12.91
    endloop
  endfacet
  facet normal -0 0 1
    outer loop
      vertex 158.619 4.08658 12.91
      vertex 159.543 3.7039 12.91
      vertex 158.755 4.45491 12.91
    endloop
  endfacet
  facet normal 0 0 1
    outer loop
      vertex 159.543 3.7039 12.91
      vertex 158.619 4.08658 12.91
      vertex 159.346 3.27606 12.91
    endloop
  endfacet
  facet normal -0 0 1
    outer loop
      vertex 158.455 3.73004 12.91
      vertex 159.346 3.27606 12.91
      vertex 158.619 4.08658 12.91
    endloop
  endfacet
  facet normal 0 0 1
    outer loop
      vertex 159.346 3.27606 12.91
      vertex 158.455 3.73004 12.91
      vertex 159.116 2.86501 12.91
    endloop
  endfacet
  facet normal -0 0 1
    outer loop
      vertex 158.263 3.38751 12.91
      vertex 159.116 2.86501 12.91
      vertex 158.455 3.73004 12.91
    endloop
  endfacet
  facet normal 0 0 1
    outer loop
      vertex 159.116 2.86501 12.91
      vertex 158.263 3.38751 12.91
      vertex 158.854 2.47328 12.91
    endloop
  endfacet
  facet normal -0 0 1
    outer loop
      vertex 158.045 3.06108 12.91
      vertex 158.854 2.47328 12.91
      vertex 158.263 3.38751 12.91
    endloop
  endfacet
  facet normal 0 0 1
    outer loop
      vertex 158.854 2.47328 12.91
      vertex 158.045 3.06108 12.91
      vertex 158.562 2.10332 12.91
    endloop
  endfacet
  facet normal -0 0 1
    outer loop
      vertex 157.802 2.75276 12.91
      vertex 158.562 2.10332 12.91
      vertex 158.045 3.06108 12.91
    endloop
  endfacet
  facet normal 0 0 1
    outer loop
      vertex 158.562 2.10332 12.91
      vertex 157.802 2.75276 12.91
      vertex 158.243 1.75735 12.91
    endloop
  endfacet
  facet normal -0 0 1
    outer loop
      vertex 157.536 2.46446 12.91
      vertex 158.243 1.75735 12.91
      vertex 157.802 2.75276 12.91
    endloop
  endfacet
  facet normal 0 0 1
    outer loop
      vertex 158.243 1.75735 12.91
      vertex 157.536 2.46446 12.91
      vertex 157.897 1.43756 12.91
    endloop
  endfacet
  facet normal -0 0 1
    outer loop
      vertex 157.247 2.19797 12.91
      vertex 157.897 1.43756 12.91
      vertex 157.536 2.46446 12.91
    endloop
  endfacet
  facet normal 0 0 1
    outer loop
      vertex 157.897 1.43756 12.91
      vertex 157.247 2.19797 12.91
      vertex 157.527 1.1459 12.91
    endloop
  endfacet
  facet normal -0 0 1
    outer loop
      vertex 156.939 1.95491 12.91
      vertex 157.527 1.1459 12.91
      vertex 157.247 2.19797 12.91
    endloop
  endfacet
  facet normal 0 0 1
    outer loop
      vertex 157.527 1.1459 12.91
      vertex 156.939 1.95491 12.91
      vertex 157.135 0.884155 12.91
    endloop
  endfacet
  facet normal -0 0 1
    outer loop
      vertex 156.612 1.7368 12.91
      vertex 157.135 0.884155 12.91
      vertex 156.939 1.95491 12.91
    endloop
  endfacet
  facet normal 0 0 1
    outer loop
      vertex 157.135 0.884155 12.91
      vertex 156.612 1.7368 12.91
      vertex 156.724 0.653961 12.91
    endloop
  endfacet
  facet normal -0 0 1
    outer loop
      vertex 156.27 1.54497 12.91
      vertex 156.724 0.653961 12.91
      vertex 156.612 1.7368 12.91
    endloop
  endfacet
  facet normal 0 0 1
    outer loop
      vertex 156.724 0.653961 12.91
      vertex 156.27 1.54497 12.91
      vertex 156.296 0.456726 12.91
    endloop
  endfacet
  facet normal -0 0 1
    outer loop
      vertex 155.913 1.3806 12.91
      vertex 156.296 0.456726 12.91
      vertex 156.27 1.54497 12.91
    endloop
  endfacet
  facet normal 0 0 1
    outer loop
      vertex 155.913 1.3806 12.91
      vertex 155.854 0.293655 12.91
      vertex 156.296 0.456726 12.91
    endloop
  endfacet
  facet normal -0 0 1
    outer loop
      vertex 155.545 1.24472 12.91
      vertex 155.854 0.293655 12.91
      vertex 155.913 1.3806 12.91
    endloop
  endfacet
  facet normal 0 0 1
    outer loop
      vertex 155.545 1.24472 12.91
      vertex 155.401 0.165787 12.91
      vertex 155.854 0.293655 12.91
    endloop
  endfacet
  facet normal -0 0 1
    outer loop
      vertex 155.167 1.13815 12.91
      vertex 155.401 0.165787 12.91
      vertex 155.545 1.24472 12.91
    endloop
  endfacet
  facet normal 0 0 1
    outer loop
      vertex 155.167 1.13815 12.91
      vertex 154.939 0.0738678 12.91
      vertex 155.401 0.165787 12.91
    endloop
  endfacet
  facet normal -0 0 1
    outer loop
      vertex 154.782 1.06155 12.91
      vertex 154.939 0.0738678 12.91
      vertex 155.167 1.13815 12.91
    endloop
  endfacet
  facet normal 0 0 1
    outer loop
      vertex 154.782 1.06155 12.91
      vertex 154.471 0.0184937 12.91
      vertex 154.939 0.0738678 12.91
    endloop
  endfacet
  facet normal -0 0 1
    outer loop
      vertex 154.392 1.01541 12.91
      vertex 154.471 0.0184937 12.91
      vertex 154.782 1.06155 12.91
    endloop
  endfacet
  facet normal -0 0 1
    outer loop
      vertex 154 1 12.91
      vertex 154.471 0.0184937 12.91
      vertex 154.392 1.01541 12.91
    endloop
  endfacet
  facet normal 0 0 1
    outer loop
      vertex 154 1 12.91
      vertex 154 0 12.91
      vertex 154.471 0.0184937 12.91
    endloop
  endfacet
  facet normal -0 0 1
    outer loop
      vertex 6 1 12.91
      vertex 154 0 12.91
      vertex 154 1 12.91
    endloop
  endfacet
  facet normal 0 0 1
    outer loop
      vertex 6 1 12.91
      vertex 6 0 12.91
      vertex 154 0 12.91
    endloop
  endfacet
  facet normal 0 0 1
    outer loop
      vertex 5.60771 1.01541 12.91
      vertex 6 0 12.91
      vertex 6 1 12.91
    endloop
  endfacet
  facet normal 0 0 1
    outer loop
      vertex 5.60771 1.01541 12.91
      vertex 5.52925 0.0184937 12.91
      vertex 6 0 12.91
    endloop
  endfacet
  facet normal 0 0 1
    outer loop
      vertex 5.21783 1.06155 12.91
      vertex 5.52925 0.0184937 12.91
      vertex 5.60771 1.01541 12.91
    endloop
  endfacet
  facet normal 0 0 1
    outer loop
      vertex 5.21783 1.06155 12.91
      vertex 5.06139 0.0738678 12.91
      vertex 5.52925 0.0184937 12.91
    endloop
  endfacet
  facet normal 0 0 1
    outer loop
      vertex 4.83278 1.13815 12.91
      vertex 5.06139 0.0738678 12.91
      vertex 5.21783 1.06155 12.91
    endloop
  endfacet
  facet normal 0 0 1
    outer loop
      vertex 4.83278 1.13815 12.91
      vertex 4.59933 0.165787 12.91
      vertex 5.06139 0.0738678 12.91
    endloop
  endfacet
  facet normal 0 0 1
    outer loop
      vertex 4.45491 1.24472 12.91
      vertex 4.59933 0.165787 12.91
      vertex 4.83278 1.13815 12.91
    endloop
  endfacet
  facet normal 0 0 1
    outer loop
      vertex 4.45491 1.24472 12.91
      vertex 4.1459 0.293655 12.91
      vertex 4.59933 0.165787 12.91
    endloop
  endfacet
  facet normal 0 0 1
    outer loop
      vertex 4.08658 1.3806 12.91
      vertex 4.1459 0.293655 12.91
      vertex 4.45491 1.24472 12.91
    endloop
  endfacet
  facet normal 0 0 1
    outer loop
      vertex 3.7039 0.456726 12.91
      vertex 4.08658 1.3806 12.91
      vertex 3.73004 1.54497 12.91
    endloop
  endfacet
  facet normal 0 0 1
    outer loop
      vertex 4.08658 1.3806 12.91
      vertex 3.7039 0.456726 12.91
      vertex 4.1459 0.293655 12.91
    endloop
  endfacet
  facet normal 0 0 1
    outer loop
      vertex 3.27606 0.653961 12.91
      vertex 3.73004 1.54497 12.91
      vertex 3.38751 1.7368 12.91
    endloop
  endfacet
  facet normal 0 0 1
    outer loop
      vertex 3.73004 1.54497 12.91
      vertex 3.27606 0.653961 12.91
      vertex 3.7039 0.456726 12.91
    endloop
  endfacet
  facet normal 0 0 1
    outer loop
      vertex 2.86501 0.884155 12.91
      vertex 3.38751 1.7368 12.91
      vertex 3.06108 1.95491 12.91
    endloop
  endfacet
  facet normal 0 0 1
    outer loop
      vertex 3.38751 1.7368 12.91
      vertex 2.86501 0.884155 12.91
      vertex 3.27606 0.653961 12.91
    endloop
  endfacet
  facet normal 0 0 1
    outer loop
      vertex 2.47328 1.1459 12.91
      vertex 3.06108 1.95491 12.91
      vertex 2.75276 2.19797 12.91
    endloop
  endfacet
  facet normal 0 0 1
    outer loop
      vertex 3.06108 1.95491 12.91
      vertex 2.47328 1.1459 12.91
      vertex 2.86501 0.884155 12.91
    endloop
  endfacet
  facet normal 0 0 1
    outer loop
      vertex 2.10332 1.43756 12.91
      vertex 2.75276 2.19797 12.91
      vertex 2.46446 2.46446 12.91
    endloop
  endfacet
  facet normal 0 0 1
    outer loop
      vertex 1.75735 1.75735 12.91
      vertex 2.46446 2.46446 12.91
      vertex 2.19797 2.75276 12.91
    endloop
  endfacet
  facet normal 0 0 1
    outer loop
      vertex 2.75276 2.19797 12.91
      vertex 2.10332 1.43756 12.91
      vertex 2.47328 1.1459 12.91
    endloop
  endfacet
  facet normal 0 0 1
    outer loop
      vertex 1.43756 2.10332 12.91
      vertex 2.19797 2.75276 12.91
      vertex 1.95491 3.06108 12.91
    endloop
  endfacet
  facet normal 0 0 1
    outer loop
      vertex 2.46446 2.46446 12.91
      vertex 1.75735 1.75735 12.91
      vertex 2.10332 1.43756 12.91
    endloop
  endfacet
  facet normal 0 0 1
    outer loop
      vertex 1.1459 2.47328 12.91
      vertex 1.95491 3.06108 12.91
      vertex 1.7368 3.38751 12.91
    endloop
  endfacet
  facet normal 0 0 1
    outer loop
      vertex 0.884155 2.86501 12.91
      vertex 1.7368 3.38751 12.91
      vertex 1.54497 3.73004 12.91
    endloop
  endfacet
  facet normal 0 0 1
    outer loop
      vertex 2.19797 2.75276 12.91
      vertex 1.43756 2.10332 12.91
      vertex 1.75735 1.75735 12.91
    endloop
  endfacet
  facet normal 0 0 1
    outer loop
      vertex 0.653961 3.27606 12.91
      vertex 1.54497 3.73004 12.91
      vertex 1.3806 4.08658 12.91
    endloop
  endfacet
  facet normal 0 0 1
    outer loop
      vertex 0.456726 3.7039 12.91
      vertex 1.3806 4.08658 12.91
      vertex 1.24472 4.45491 12.91
    endloop
  endfacet
  facet normal 0 0 1
    outer loop
      vertex 1.95491 3.06108 12.91
      vertex 1.1459 2.47328 12.91
      vertex 1.43756 2.10332 12.91
    endloop
  endfacet
  facet normal 0 0 1
    outer loop
      vertex 0.293655 4.1459 12.91
      vertex 1.24472 4.45491 12.91
      vertex 1.13815 4.83278 12.91
    endloop
  endfacet
  facet normal 0 0 1
    outer loop
      vertex 0.165787 4.59933 12.91
      vertex 1.13815 4.83278 12.91
      vertex 1.06155 5.21783 12.91
    endloop
  endfacet
  facet normal 0 0 1
    outer loop
      vertex 0.0738678 5.06139 12.91
      vertex 1.06155 5.21783 12.91
      vertex 1.01541 5.60771 12.91
    endloop
  endfacet
  facet normal 0 0 1
    outer loop
      vertex 1.7368 3.38751 12.91
      vertex 0.884155 2.86501 12.91
      vertex 1.1459 2.47328 12.91
    endloop
  endfacet
  facet normal 0 0 1
    outer loop
      vertex 0.0184937 5.52925 12.91
      vertex 1.01541 5.60771 12.91
      vertex 1 6 12.91
    endloop
  endfacet
  facet normal 0 0 1
    outer loop
      vertex 1 154 12.91
      vertex 0 154 12.91
      vertex 1 6 12.91
    endloop
  endfacet
  facet normal 0 0 1
    outer loop
      vertex 1.13815 155.167 12.91
      vertex 0.165787 155.401 12.91
      vertex 1.06155 154.782 12.91
    endloop
  endfacet
  facet normal 0 0 1
    outer loop
      vertex 0 6 12.91
      vertex 1 6 12.91
      vertex 0 154 12.91
    endloop
  endfacet
  facet normal -0 0 1
    outer loop
      vertex 0.0738678 154.939 12.91
      vertex 1.06155 154.782 12.91
      vertex 0.165787 155.401 12.91
    endloop
  endfacet
  facet normal 0 -0 1
    outer loop
      vertex 0.0184937 5.52925 12.91
      vertex 1 6 12.91
      vertex 0 6 12.91
    endloop
  endfacet
  facet normal 0 0 1
    outer loop
      vertex 1.06155 154.782 12.91
      vertex 0.0738678 154.939 12.91
      vertex 1.01541 154.392 12.91
    endloop
  endfacet
  facet normal 0 0 1
    outer loop
      vertex 1.54497 3.73004 12.91
      vertex 0.653961 3.27606 12.91
      vertex 0.884155 2.86501 12.91
    endloop
  endfacet
  facet normal -0 0 1
    outer loop
      vertex 0.0184937 154.471 12.91
      vertex 1.01541 154.392 12.91
      vertex 0.0738678 154.939 12.91
    endloop
  endfacet
  facet normal 0 0 1
    outer loop
      vertex 1.3806 4.08658 12.91
      vertex 0.456726 3.7039 12.91
      vertex 0.653961 3.27606 12.91
    endloop
  endfacet
  facet normal 0 0 1
    outer loop
      vertex 1.01541 154.392 12.91
      vertex 0.0184937 154.471 12.91
      vertex 1 154 12.91
    endloop
  endfacet
  facet normal 0 0 1
    outer loop
      vertex 1.24472 4.45491 12.91
      vertex 0.293655 4.1459 12.91
      vertex 0.456726 3.7039 12.91
    endloop
  endfacet
  facet normal 0 0 1
    outer loop
      vertex 1 154 12.91
      vertex 0.0184937 154.471 12.91
      vertex 0 154 12.91
    endloop
  endfacet
  facet normal 0 0 1
    outer loop
      vertex 1.13815 4.83278 12.91
      vertex 0.165787 4.59933 12.91
      vertex 0.293655 4.1459 12.91
    endloop
  endfacet
  facet normal 0 0 1
    outer loop
      vertex 1.06155 5.21783 12.91
      vertex 0.0738678 5.06139 12.91
      vertex 0.165787 4.59933 12.91
    endloop
  endfacet
  facet normal 0 0 1
    outer loop
      vertex 1.01541 5.60771 12.91
      vertex 0.0184937 5.52925 12.91
      vertex 0.0738678 5.06139 12.91
    endloop
  endfacet
  facet normal 0 0 1
    outer loop
      vertex 156.8 154 12.91
      vertex 157.8 154 12.91
      vertex 157.788 154.298 12.91
    endloop
  endfacet
  facet normal 0 0 1
    outer loop
      vertex 157.8 154 12.91
      vertex 156.8 154 12.91
      vertex 157.8 6 12.91
    endloop
  endfacet
  facet normal 0 0 1
    outer loop
      vertex 156.791 154.22 12.91
      vertex 157.788 154.298 12.91
      vertex 157.753 154.594 12.91
    endloop
  endfacet
  facet normal 0 0 1
    outer loop
      vertex 156.8 6 12.91
      vertex 157.8 6 12.91
      vertex 156.8 154 12.91
    endloop
  endfacet
  facet normal 0 0 1
    outer loop
      vertex 156.766 154.438 12.91
      vertex 157.753 154.594 12.91
      vertex 157.695 154.887 12.91
    endloop
  endfacet
  facet normal 0 0 1
    outer loop
      vertex 157.8 6 12.91
      vertex 156.8 6 12.91
      vertex 157.788 5.70186 12.91
    endloop
  endfacet
  facet normal 0 0 1
    outer loop
      vertex 156.723 154.654 12.91
      vertex 157.695 154.887 12.91
      vertex 157.614 155.174 12.91
    endloop
  endfacet
  facet normal -0 0 1
    outer loop
      vertex 156.791 5.78032 12.91
      vertex 157.788 5.70186 12.91
      vertex 156.8 6 12.91
    endloop
  endfacet
  facet normal 0 0 1
    outer loop
      vertex 156.663 154.865 12.91
      vertex 157.614 155.174 12.91
      vertex 157.511 155.454 12.91
    endloop
  endfacet
  facet normal 0 0 1
    outer loop
      vertex 157.788 5.70186 12.91
      vertex 156.791 5.78032 12.91
      vertex 157.753 5.40555 12.91
    endloop
  endfacet
  facet normal 0 0 1
    outer loop
      vertex 156.587 155.072 12.91
      vertex 157.511 155.454 12.91
      vertex 157.386 155.725 12.91
    endloop
  endfacet
  facet normal -0 0 1
    outer loop
      vertex 156.766 5.56198 12.91
      vertex 157.753 5.40555 12.91
      vertex 156.791 5.78032 12.91
    endloop
  endfacet
  facet normal 0 0 1
    outer loop
      vertex 156.495 155.271 12.91
      vertex 157.386 155.725 12.91
      vertex 157.24 155.985 12.91
    endloop
  endfacet
  facet normal 0 0 1
    outer loop
      vertex 157.753 5.40555 12.91
      vertex 156.766 5.56198 12.91
      vertex 157.695 5.11292 12.91
    endloop
  endfacet
  facet normal 0 0 1
    outer loop
      vertex 156.387 155.463 12.91
      vertex 157.24 155.985 12.91
      vertex 157.074 156.234 12.91
    endloop
  endfacet
  facet normal -0 0 1
    outer loop
      vertex 156.723 5.34636 12.91
      vertex 157.695 5.11292 12.91
      vertex 156.766 5.56198 12.91
    endloop
  endfacet
  facet normal 0 0 1
    outer loop
      vertex 156.265 155.646 12.91
      vertex 157.074 156.234 12.91
      vertex 156.89 156.468 12.91
    endloop
  endfacet
  facet normal 0 0 1
    outer loop
      vertex 157.695 5.11292 12.91
      vertex 156.723 5.34636 12.91
      vertex 157.614 4.82573 12.91
    endloop
  endfacet
  facet normal -0 0 1
    outer loop
      vertex 156.663 5.13475 12.91
      vertex 157.614 4.82573 12.91
      vertex 156.723 5.34636 12.91
    endloop
  endfacet
  facet normal 0 0 1
    outer loop
      vertex 157.788 154.298 12.91
      vertex 156.791 154.22 12.91
      vertex 156.8 154 12.91
    endloop
  endfacet
  facet normal 0 0 1
    outer loop
      vertex 157.753 154.594 12.91
      vertex 156.766 154.438 12.91
      vertex 156.791 154.22 12.91
    endloop
  endfacet
  facet normal 0 0 1
    outer loop
      vertex 157.695 154.887 12.91
      vertex 156.723 154.654 12.91
      vertex 156.766 154.438 12.91
    endloop
  endfacet
  facet normal 0 0 1
    outer loop
      vertex 156.129 155.818 12.91
      vertex 156.89 156.468 12.91
      vertex 156.687 156.687 12.91
    endloop
  endfacet
  facet normal 0 0 1
    outer loop
      vertex 157.614 155.174 12.91
      vertex 156.663 154.865 12.91
      vertex 156.723 154.654 12.91
    endloop
  endfacet
  facet normal 0 0 1
    outer loop
      vertex 157.511 155.454 12.91
      vertex 156.587 155.072 12.91
      vertex 156.663 154.865 12.91
    endloop
  endfacet
  facet normal 0 0 1
    outer loop
      vertex 157.386 155.725 12.91
      vertex 156.495 155.271 12.91
      vertex 156.587 155.072 12.91
    endloop
  endfacet
  facet normal 0 0 1
    outer loop
      vertex 155.98 155.98 12.91
      vertex 156.687 156.687 12.91
      vertex 156.468 156.89 12.91
    endloop
  endfacet
  facet normal 0 0 1
    outer loop
      vertex 157.24 155.985 12.91
      vertex 156.387 155.463 12.91
      vertex 156.495 155.271 12.91
    endloop
  endfacet
  facet normal 0 0 1
    outer loop
      vertex 157.074 156.234 12.91
      vertex 156.265 155.646 12.91
      vertex 156.387 155.463 12.91
    endloop
  endfacet
  facet normal 0 0 1
    outer loop
      vertex 155.818 156.129 12.91
      vertex 156.468 156.89 12.91
      vertex 156.234 157.074 12.91
    endloop
  endfacet
  facet normal 0 0 1
    outer loop
      vertex 156.89 156.468 12.91
      vertex 156.129 155.818 12.91
      vertex 156.265 155.646 12.91
    endloop
  endfacet
  facet normal 0 0 1
    outer loop
      vertex 155.646 156.265 12.91
      vertex 156.234 157.074 12.91
      vertex 155.985 157.24 12.91
    endloop
  endfacet
  facet normal 0 0 1
    outer loop
      vertex 156.687 156.687 12.91
      vertex 155.98 155.98 12.91
      vertex 156.129 155.818 12.91
    endloop
  endfacet
  facet normal 0 0 1
    outer loop
      vertex 156.468 156.89 12.91
      vertex 155.818 156.129 12.91
      vertex 155.98 155.98 12.91
    endloop
  endfacet
  facet normal 0 0 1
    outer loop
      vertex 155.463 156.387 12.91
      vertex 155.985 157.24 12.91
      vertex 155.725 157.386 12.91
    endloop
  endfacet
  facet normal 0 0 1
    outer loop
      vertex 156.234 157.074 12.91
      vertex 155.646 156.265 12.91
      vertex 155.818 156.129 12.91
    endloop
  endfacet
  facet normal 0 0 1
    outer loop
      vertex 155.985 157.24 12.91
      vertex 155.463 156.387 12.91
      vertex 155.646 156.265 12.91
    endloop
  endfacet
  facet normal 0 0 1
    outer loop
      vertex 155.271 156.495 12.91
      vertex 155.725 157.386 12.91
      vertex 155.454 157.511 12.91
    endloop
  endfacet
  facet normal 0 0 1
    outer loop
      vertex 155.725 157.386 12.91
      vertex 155.271 156.495 12.91
      vertex 155.463 156.387 12.91
    endloop
  endfacet
  facet normal 0 0 1
    outer loop
      vertex 155.072 156.587 12.91
      vertex 155.454 157.511 12.91
      vertex 155.174 157.614 12.91
    endloop
  endfacet
  facet normal 0 0 1
    outer loop
      vertex 155.454 157.511 12.91
      vertex 155.072 156.587 12.91
      vertex 155.271 156.495 12.91
    endloop
  endfacet
  facet normal 0 0 1
    outer loop
      vertex 154.865 156.663 12.91
      vertex 155.174 157.614 12.91
      vertex 154.887 157.695 12.91
    endloop
  endfacet
  facet normal 0 0 1
    outer loop
      vertex 155.174 157.614 12.91
      vertex 154.865 156.663 12.91
      vertex 155.072 156.587 12.91
    endloop
  endfacet
  facet normal 0 0 1
    outer loop
      vertex 154.887 157.695 12.91
      vertex 154.654 156.723 12.91
      vertex 154.865 156.663 12.91
    endloop
  endfacet
  facet normal 0 0 1
    outer loop
      vertex 154.594 157.753 12.91
      vertex 154.654 156.723 12.91
      vertex 154.887 157.695 12.91
    endloop
  endfacet
  facet normal 0 0 1
    outer loop
      vertex 154.594 157.753 12.91
      vertex 154.438 156.766 12.91
      vertex 154.654 156.723 12.91
    endloop
  endfacet
  facet normal 0 0 1
    outer loop
      vertex 154.298 157.788 12.91
      vertex 154.438 156.766 12.91
      vertex 154.594 157.753 12.91
    endloop
  endfacet
  facet normal 0 0 1
    outer loop
      vertex 154.298 157.788 12.91
      vertex 154.22 156.791 12.91
      vertex 154.438 156.766 12.91
    endloop
  endfacet
  facet normal 0 0 1
    outer loop
      vertex 154 157.8 12.91
      vertex 154.22 156.791 12.91
      vertex 154.298 157.788 12.91
    endloop
  endfacet
  facet normal 0 0 1
    outer loop
      vertex 154 157.8 12.91
      vertex 154 156.8 12.91
      vertex 154.22 156.791 12.91
    endloop
  endfacet
  facet normal -0 0 1
    outer loop
      vertex 6 157.8 12.91
      vertex 154 156.8 12.91
      vertex 154 157.8 12.91
    endloop
  endfacet
  facet normal 0 0 1
    outer loop
      vertex 6 157.8 12.91
      vertex 6 156.8 12.91
      vertex 154 156.8 12.91
    endloop
  endfacet
  facet normal 0 0 1
    outer loop
      vertex 6 157.8 12.91
      vertex 5.78032 156.791 12.91
      vertex 6 156.8 12.91
    endloop
  endfacet
  facet normal -0 0 1
    outer loop
      vertex 5.70186 157.788 12.91
      vertex 5.78032 156.791 12.91
      vertex 6 157.8 12.91
    endloop
  endfacet
  facet normal 0 0 1
    outer loop
      vertex 5.70186 157.788 12.91
      vertex 5.56198 156.766 12.91
      vertex 5.78032 156.791 12.91
    endloop
  endfacet
  facet normal -0 0 1
    outer loop
      vertex 5.40555 157.753 12.91
      vertex 5.56198 156.766 12.91
      vertex 5.70186 157.788 12.91
    endloop
  endfacet
  facet normal 0 0 1
    outer loop
      vertex 5.40555 157.753 12.91
      vertex 5.34636 156.723 12.91
      vertex 5.56198 156.766 12.91
    endloop
  endfacet
  facet normal -0 0 1
    outer loop
      vertex 5.11292 157.695 12.91
      vertex 5.34636 156.723 12.91
      vertex 5.40555 157.753 12.91
    endloop
  endfacet
  facet normal 0 0 1
    outer loop
      vertex 5.34636 156.723 12.91
      vertex 5.11292 157.695 12.91
      vertex 5.13475 156.663 12.91
    endloop
  endfacet
  facet normal -0 0 1
    outer loop
      vertex 4.82573 157.614 12.91
      vertex 5.13475 156.663 12.91
      vertex 5.11292 157.695 12.91
    endloop
  endfacet
  facet normal 0 0 1
    outer loop
      vertex 5.13475 156.663 12.91
      vertex 4.82573 157.614 12.91
      vertex 4.92848 156.587 12.91
    endloop
  endfacet
  facet normal -0 0 1
    outer loop
      vertex 4.54581 157.511 12.91
      vertex 4.92848 156.587 12.91
      vertex 4.82573 157.614 12.91
    endloop
  endfacet
  facet normal 0 0 1
    outer loop
      vertex 4.92848 156.587 12.91
      vertex 4.54581 157.511 12.91
      vertex 4.72882 156.495 12.91
    endloop
  endfacet
  facet normal -0 0 1
    outer loop
      vertex 4.27484 157.386 12.91
      vertex 4.72882 156.495 12.91
      vertex 4.54581 157.511 12.91
    endloop
  endfacet
  facet normal 0 0 1
    outer loop
      vertex 4.72882 156.495 12.91
      vertex 4.27484 157.386 12.91
      vertex 4.537 156.387 12.91
    endloop
  endfacet
  facet normal -0 0 1
    outer loop
      vertex 4.01451 157.24 12.91
      vertex 4.537 156.387 12.91
      vertex 4.27484 157.386 12.91
    endloop
  endfacet
  facet normal 0 0 1
    outer loop
      vertex 4.537 156.387 12.91
      vertex 4.01451 157.24 12.91
      vertex 4.3542 156.265 12.91
    endloop
  endfacet
  facet normal -0 0 1
    outer loop
      vertex 3.76642 157.074 12.91
      vertex 4.3542 156.265 12.91
      vertex 4.01451 157.24 12.91
    endloop
  endfacet
  facet normal 0 0 1
    outer loop
      vertex 4.3542 156.265 12.91
      vertex 3.76642 157.074 12.91
      vertex 4.18155 156.129 12.91
    endloop
  endfacet
  facet normal -0 0 1
    outer loop
      vertex 3.5321 156.89 12.91
      vertex 4.18155 156.129 12.91
      vertex 3.76642 157.074 12.91
    endloop
  endfacet
  facet normal 0 0 1
    outer loop
      vertex 4.18155 156.129 12.91
      vertex 3.5321 156.89 12.91
      vertex 4.0201 155.98 12.91
    endloop
  endfacet
  facet normal -0 0 1
    outer loop
      vertex 3.31299 156.687 12.91
      vertex 4.0201 155.98 12.91
      vertex 3.5321 156.89 12.91
    endloop
  endfacet
  facet normal 0 0 1
    outer loop
      vertex 4.0201 155.98 12.91
      vertex 3.31299 156.687 12.91
      vertex 3.87086 155.818 12.91
    endloop
  endfacet
  facet normal -0 0 1
    outer loop
      vertex 3.11046 156.468 12.91
      vertex 3.87086 155.818 12.91
      vertex 3.31299 156.687 12.91
    endloop
  endfacet
  facet normal 0 0 1
    outer loop
      vertex 3.87086 155.818 12.91
      vertex 3.11046 156.468 12.91
      vertex 3.73476 155.646 12.91
    endloop
  endfacet
  facet normal -0 0 1
    outer loop
      vertex 2.92574 156.234 12.91
      vertex 3.73476 155.646 12.91
      vertex 3.11046 156.468 12.91
    endloop
  endfacet
  facet normal 0 0 1
    outer loop
      vertex 3.73476 155.646 12.91
      vertex 2.92574 156.234 12.91
      vertex 3.61261 155.463 12.91
    endloop
  endfacet
  facet normal -0 0 1
    outer loop
      vertex 2.75996 155.985 12.91
      vertex 3.61261 155.463 12.91
      vertex 2.92574 156.234 12.91
    endloop
  endfacet
  facet normal 0 0 1
    outer loop
      vertex 3.61261 155.463 12.91
      vertex 2.75996 155.985 12.91
      vertex 3.50519 155.271 12.91
    endloop
  endfacet
  facet normal -0 0 1
    outer loop
      vertex 2.61418 155.725 12.91
      vertex 3.50519 155.271 12.91
      vertex 2.75996 155.985 12.91
    endloop
  endfacet
  facet normal 0 0 1
    outer loop
      vertex 3.50519 155.271 12.91
      vertex 2.61418 155.725 12.91
      vertex 3.41313 155.072 12.91
    endloop
  endfacet
  facet normal -0 0 1
    outer loop
      vertex 2.38599 155.174 12.91
      vertex 3.33704 154.865 12.91
      vertex 2.48926 155.454 12.91
    endloop
  endfacet
  facet normal 0 0 1
    outer loop
      vertex 3.41313 155.072 12.91
      vertex 2.48926 155.454 12.91
      vertex 3.33704 154.865 12.91
    endloop
  endfacet
  facet normal -0 0 1
    outer loop
      vertex 2.48926 155.454 12.91
      vertex 3.41313 155.072 12.91
      vertex 2.61418 155.725 12.91
    endloop
  endfacet
  facet normal 0 0 1
    outer loop
      vertex 157.614 4.82573 12.91
      vertex 156.663 5.13475 12.91
      vertex 157.511 4.54581 12.91
    endloop
  endfacet
  facet normal -0 0 1
    outer loop
      vertex 156.587 4.92848 12.91
      vertex 157.511 4.54581 12.91
      vertex 156.663 5.13475 12.91
    endloop
  endfacet
  facet normal 0 0 1
    outer loop
      vertex 157.511 4.54581 12.91
      vertex 156.587 4.92848 12.91
      vertex 157.386 4.27484 12.91
    endloop
  endfacet
  facet normal -0 0 1
    outer loop
      vertex 156.495 4.72882 12.91
      vertex 157.386 4.27484 12.91
      vertex 156.587 4.92848 12.91
    endloop
  endfacet
  facet normal 0 0 1
    outer loop
      vertex 157.386 4.27484 12.91
      vertex 156.495 4.72882 12.91
      vertex 157.24 4.01451 12.91
    endloop
  endfacet
  facet normal -0 0 1
    outer loop
      vertex 156.387 4.537 12.91
      vertex 157.24 4.01451 12.91
      vertex 156.495 4.72882 12.91
    endloop
  endfacet
  facet normal 0 0 1
    outer loop
      vertex 157.24 4.01451 12.91
      vertex 156.387 4.537 12.91
      vertex 157.074 3.76642 12.91
    endloop
  endfacet
  facet normal -0 0 1
    outer loop
      vertex 156.265 4.3542 12.91
      vertex 157.074 3.76642 12.91
      vertex 156.387 4.537 12.91
    endloop
  endfacet
  facet normal 0 0 1
    outer loop
      vertex 157.074 3.76642 12.91
      vertex 156.265 4.3542 12.91
      vertex 156.89 3.5321 12.91
    endloop
  endfacet
  facet normal -0 0 1
    outer loop
      vertex 156.129 4.18155 12.91
      vertex 156.89 3.5321 12.91
      vertex 156.265 4.3542 12.91
    endloop
  endfacet
  facet normal 0 0 1
    outer loop
      vertex 156.89 3.5321 12.91
      vertex 156.129 4.18155 12.91
      vertex 156.687 3.31299 12.91
    endloop
  endfacet
  facet normal -0 0 1
    outer loop
      vertex 155.98 4.0201 12.91
      vertex 156.687 3.31299 12.91
      vertex 156.129 4.18155 12.91
    endloop
  endfacet
  facet normal 0 0 1
    outer loop
      vertex 156.687 3.31299 12.91
      vertex 155.98 4.0201 12.91
      vertex 156.468 3.11046 12.91
    endloop
  endfacet
  facet normal -0 0 1
    outer loop
      vertex 155.818 3.87086 12.91
      vertex 156.468 3.11046 12.91
      vertex 155.98 4.0201 12.91
    endloop
  endfacet
  facet normal 0 0 1
    outer loop
      vertex 156.468 3.11046 12.91
      vertex 155.818 3.87086 12.91
      vertex 156.234 2.92574 12.91
    endloop
  endfacet
  facet normal -0 0 1
    outer loop
      vertex 155.646 3.73476 12.91
      vertex 156.234 2.92574 12.91
      vertex 155.818 3.87086 12.91
    endloop
  endfacet
  facet normal 0 0 1
    outer loop
      vertex 156.234 2.92574 12.91
      vertex 155.646 3.73476 12.91
      vertex 155.985 2.75996 12.91
    endloop
  endfacet
  facet normal -0 0 1
    outer loop
      vertex 155.463 3.61261 12.91
      vertex 155.985 2.75996 12.91
      vertex 155.646 3.73476 12.91
    endloop
  endfacet
  facet normal 0 0 1
    outer loop
      vertex 155.985 2.75996 12.91
      vertex 155.463 3.61261 12.91
      vertex 155.725 2.61418 12.91
    endloop
  endfacet
  facet normal -0 0 1
    outer loop
      vertex 155.271 3.50519 12.91
      vertex 155.725 2.61418 12.91
      vertex 155.463 3.61261 12.91
    endloop
  endfacet
  facet normal 0 0 1
    outer loop
      vertex 155.725 2.61418 12.91
      vertex 155.271 3.50519 12.91
      vertex 155.454 2.48926 12.91
    endloop
  endfacet
  facet normal -0 0 1
    outer loop
      vertex 155.072 3.41313 12.91
      vertex 155.454 2.48926 12.91
      vertex 155.271 3.50519 12.91
    endloop
  endfacet
  facet normal 0 0 1
    outer loop
      vertex 155.454 2.48926 12.91
      vertex 155.072 3.41313 12.91
      vertex 155.174 2.38599 12.91
    endloop
  endfacet
  facet normal -0 0 1
    outer loop
      vertex 154.865 3.33704 12.91
      vertex 155.174 2.38599 12.91
      vertex 155.072 3.41313 12.91
    endloop
  endfacet
  facet normal 0 0 1
    outer loop
      vertex 155.174 2.38599 12.91
      vertex 154.865 3.33704 12.91
      vertex 154.887 2.30499 12.91
    endloop
  endfacet
  facet normal -0 0 1
    outer loop
      vertex 154.654 3.27736 12.91
      vertex 154.887 2.30499 12.91
      vertex 154.865 3.33704 12.91
    endloop
  endfacet
  facet normal 0 0 1
    outer loop
      vertex 154.654 3.27736 12.91
      vertex 154.594 2.24678 12.91
      vertex 154.887 2.30499 12.91
    endloop
  endfacet
  facet normal -0 0 1
    outer loop
      vertex 154.438 3.23447 12.91
      vertex 154.594 2.24678 12.91
      vertex 154.654 3.27736 12.91
    endloop
  endfacet
  facet normal 0 0 1
    outer loop
      vertex 154.438 3.23447 12.91
      vertex 154.298 2.21172 12.91
      vertex 154.594 2.24678 12.91
    endloop
  endfacet
  facet normal -0 0 1
    outer loop
      vertex 154.22 3.20863 12.91
      vertex 154.298 2.21172 12.91
      vertex 154.438 3.23447 12.91
    endloop
  endfacet
  facet normal -0 0 1
    outer loop
      vertex 154 3.2 12.91
      vertex 154.298 2.21172 12.91
      vertex 154.22 3.20863 12.91
    endloop
  endfacet
  facet normal 0 0 1
    outer loop
      vertex 154 3.2 12.91
      vertex 154 2.2 12.91
      vertex 154.298 2.21172 12.91
    endloop
  endfacet
  facet normal -0 0 1
    outer loop
      vertex 6 3.2 12.91
      vertex 154 2.2 12.91
      vertex 154 3.2 12.91
    endloop
  endfacet
  facet normal 0 0 1
    outer loop
      vertex 6 3.2 12.91
      vertex 6 2.2 12.91
      vertex 154 2.2 12.91
    endloop
  endfacet
  facet normal 0 0 1
    outer loop
      vertex 5.78032 3.20863 12.91
      vertex 6 2.2 12.91
      vertex 6 3.2 12.91
    endloop
  endfacet
  facet normal 0 0 1
    outer loop
      vertex 5.78032 3.20863 12.91
      vertex 5.70186 2.21172 12.91
      vertex 6 2.2 12.91
    endloop
  endfacet
  facet normal 0 0 1
    outer loop
      vertex 5.56198 3.23447 12.91
      vertex 5.70186 2.21172 12.91
      vertex 5.78032 3.20863 12.91
    endloop
  endfacet
  facet normal 0 0 1
    outer loop
      vertex 5.56198 3.23447 12.91
      vertex 5.40555 2.24678 12.91
      vertex 5.70186 2.21172 12.91
    endloop
  endfacet
  facet normal 0 0 1
    outer loop
      vertex 5.34636 3.27736 12.91
      vertex 5.40555 2.24678 12.91
      vertex 5.56198 3.23447 12.91
    endloop
  endfacet
  facet normal 0 0 1
    outer loop
      vertex 5.11292 2.30499 12.91
      vertex 5.34636 3.27736 12.91
      vertex 5.13475 3.33704 12.91
    endloop
  endfacet
  facet normal 0 0 1
    outer loop
      vertex 5.34636 3.27736 12.91
      vertex 5.11292 2.30499 12.91
      vertex 5.40555 2.24678 12.91
    endloop
  endfacet
  facet normal 0 0 1
    outer loop
      vertex 4.82573 2.38599 12.91
      vertex 5.13475 3.33704 12.91
      vertex 4.92848 3.41313 12.91
    endloop
  endfacet
  facet normal 0 0 1
    outer loop
      vertex 5.13475 3.33704 12.91
      vertex 4.82573 2.38599 12.91
      vertex 5.11292 2.30499 12.91
    endloop
  endfacet
  facet normal 0 0 1
    outer loop
      vertex 4.54581 2.48926 12.91
      vertex 4.92848 3.41313 12.91
      vertex 4.72882 3.50519 12.91
    endloop
  endfacet
  facet normal 0 0 1
    outer loop
      vertex 4.92848 3.41313 12.91
      vertex 4.54581 2.48926 12.91
      vertex 4.82573 2.38599 12.91
    endloop
  endfacet
  facet normal 0 0 1
    outer loop
      vertex 4.27484 2.61418 12.91
      vertex 4.72882 3.50519 12.91
      vertex 4.537 3.61261 12.91
    endloop
  endfacet
  facet normal 0 0 1
    outer loop
      vertex 4.01451 2.75996 12.91
      vertex 4.537 3.61261 12.91
      vertex 4.3542 3.73476 12.91
    endloop
  endfacet
  facet normal 0 0 1
    outer loop
      vertex 4.72882 3.50519 12.91
      vertex 4.27484 2.61418 12.91
      vertex 4.54581 2.48926 12.91
    endloop
  endfacet
  facet normal 0 0 1
    outer loop
      vertex 3.76642 2.92574 12.91
      vertex 4.3542 3.73476 12.91
      vertex 4.18155 3.87086 12.91
    endloop
  endfacet
  facet normal 0 0 1
    outer loop
      vertex 3.5321 3.11046 12.91
      vertex 4.18155 3.87086 12.91
      vertex 4.0201 4.0201 12.91
    endloop
  endfacet
  facet normal 0 0 1
    outer loop
      vertex 4.537 3.61261 12.91
      vertex 4.01451 2.75996 12.91
      vertex 4.27484 2.61418 12.91
    endloop
  endfacet
  facet normal 0 0 1
    outer loop
      vertex 3.31299 3.31299 12.91
      vertex 4.0201 4.0201 12.91
      vertex 3.87086 4.18155 12.91
    endloop
  endfacet
  facet normal 0 0 1
    outer loop
      vertex 4.3542 3.73476 12.91
      vertex 3.76642 2.92574 12.91
      vertex 4.01451 2.75996 12.91
    endloop
  endfacet
  facet normal 0 0 1
    outer loop
      vertex 3.11046 3.5321 12.91
      vertex 3.87086 4.18155 12.91
      vertex 3.73476 4.3542 12.91
    endloop
  endfacet
  facet normal 0 0 1
    outer loop
      vertex 2.92574 3.76642 12.91
      vertex 3.73476 4.3542 12.91
      vertex 3.61261 4.537 12.91
    endloop
  endfacet
  facet normal 0 0 1
    outer loop
      vertex 4.18155 3.87086 12.91
      vertex 3.5321 3.11046 12.91
      vertex 3.76642 2.92574 12.91
    endloop
  endfacet
  facet normal 0 0 1
    outer loop
      vertex 2.75996 4.01451 12.91
      vertex 3.61261 4.537 12.91
      vertex 3.50519 4.72882 12.91
    endloop
  endfacet
  facet normal 0 0 1
    outer loop
      vertex 2.61418 4.27484 12.91
      vertex 3.50519 4.72882 12.91
      vertex 3.41313 4.92848 12.91
    endloop
  endfacet
  facet normal 0 0 1
    outer loop
      vertex 2.48926 4.54581 12.91
      vertex 3.41313 4.92848 12.91
      vertex 3.33704 5.13475 12.91
    endloop
  endfacet
  facet normal 0 0 1
    outer loop
      vertex 4.0201 4.0201 12.91
      vertex 3.31299 3.31299 12.91
      vertex 3.5321 3.11046 12.91
    endloop
  endfacet
  facet normal 0 0 1
    outer loop
      vertex 2.38599 4.82573 12.91
      vertex 3.33704 5.13475 12.91
      vertex 3.27736 5.34636 12.91
    endloop
  endfacet
  facet normal 0 0 1
    outer loop
      vertex 2.30499 5.11292 12.91
      vertex 3.27736 5.34636 12.91
      vertex 3.23447 5.56198 12.91
    endloop
  endfacet
  facet normal 0 0 1
    outer loop
      vertex 2.24678 5.40555 12.91
      vertex 3.23447 5.56198 12.91
      vertex 3.20863 5.78032 12.91
    endloop
  endfacet
  facet normal 0 0 1
    outer loop
      vertex 3.87086 4.18155 12.91
      vertex 3.11046 3.5321 12.91
      vertex 3.31299 3.31299 12.91
    endloop
  endfacet
  facet normal 0 0 1
    outer loop
      vertex 2.21172 5.70186 12.91
      vertex 3.20863 5.78032 12.91
      vertex 3.2 6 12.91
    endloop
  endfacet
  facet normal 0 0 1
    outer loop
      vertex 3.2 154 12.91
      vertex 2.2 154 12.91
      vertex 3.2 6 12.91
    endloop
  endfacet
  facet normal 0 0 1
    outer loop
      vertex 3.33704 154.865 12.91
      vertex 2.38599 155.174 12.91
      vertex 3.27736 154.654 12.91
    endloop
  endfacet
  facet normal 0 0 1
    outer loop
      vertex 2.2 6 12.91
      vertex 3.2 6 12.91
      vertex 2.2 154 12.91
    endloop
  endfacet
  facet normal -0 0 1
    outer loop
      vertex 2.30499 154.887 12.91
      vertex 3.27736 154.654 12.91
      vertex 2.38599 155.174 12.91
    endloop
  endfacet
  facet normal 0 -0 1
    outer loop
      vertex 2.21172 5.70186 12.91
      vertex 3.2 6 12.91
      vertex 2.2 6 12.91
    endloop
  endfacet
  facet normal 0 0 1
    outer loop
      vertex 3.27736 154.654 12.91
      vertex 2.30499 154.887 12.91
      vertex 3.23447 154.438 12.91
    endloop
  endfacet
  facet normal 0 0 1
    outer loop
      vertex 3.73476 4.3542 12.91
      vertex 2.92574 3.76642 12.91
      vertex 3.11046 3.5321 12.91
    endloop
  endfacet
  facet normal -0 0 1
    outer loop
      vertex 2.24678 154.594 12.91
      vertex 3.23447 154.438 12.91
      vertex 2.30499 154.887 12.91
    endloop
  endfacet
  facet normal 0 0 1
    outer loop
      vertex 3.61261 4.537 12.91
      vertex 2.75996 4.01451 12.91
      vertex 2.92574 3.76642 12.91
    endloop
  endfacet
  facet normal 0 0 1
    outer loop
      vertex 3.23447 154.438 12.91
      vertex 2.24678 154.594 12.91
      vertex 3.20863 154.22 12.91
    endloop
  endfacet
  facet normal 0 0 1
    outer loop
      vertex 3.50519 4.72882 12.91
      vertex 2.61418 4.27484 12.91
      vertex 2.75996 4.01451 12.91
    endloop
  endfacet
  facet normal -0 0 1
    outer loop
      vertex 2.21172 154.298 12.91
      vertex 3.20863 154.22 12.91
      vertex 2.24678 154.594 12.91
    endloop
  endfacet
  facet normal 0 0 1
    outer loop
      vertex 3.41313 4.92848 12.91
      vertex 2.48926 4.54581 12.91
      vertex 2.61418 4.27484 12.91
    endloop
  endfacet
  facet normal 0 0 1
    outer loop
      vertex 3.20863 154.22 12.91
      vertex 2.21172 154.298 12.91
      vertex 3.2 154 12.91
    endloop
  endfacet
  facet normal 0 0 1
    outer loop
      vertex 3.33704 5.13475 12.91
      vertex 2.38599 4.82573 12.91
      vertex 2.48926 4.54581 12.91
    endloop
  endfacet
  facet normal 0 0 1
    outer loop
      vertex 3.2 154 12.91
      vertex 2.21172 154.298 12.91
      vertex 2.2 154 12.91
    endloop
  endfacet
  facet normal 0 0 1
    outer loop
      vertex 3.27736 5.34636 12.91
      vertex 2.30499 5.11292 12.91
      vertex 2.38599 4.82573 12.91
    endloop
  endfacet
  facet normal 0 0 1
    outer loop
      vertex 3.23447 5.56198 12.91
      vertex 2.24678 5.40555 12.91
      vertex 2.30499 5.11292 12.91
    endloop
  endfacet
  facet normal 0 0 1
    outer loop
      vertex 3.20863 5.78032 12.91
      vertex 2.21172 5.70186 12.91
      vertex 2.24678 5.40555 12.91
    endloop
  endfacet
  facet normal 0.0392541 0.999229 -0
    outer loop
      vertex 6 3.2 1.8
      vertex 5.78032 3.20863 12.91
      vertex 6 3.2 12.91
    endloop
  endfacet
  facet normal 0.0392541 0.999229 0
    outer loop
      vertex 5.78032 3.20863 12.91
      vertex 6 3.2 1.8
      vertex 5.78032 3.20863 1.8
    endloop
  endfacet
  facet normal 0.117527 0.99307 -0
    outer loop
      vertex 5.78032 3.20863 1.8
      vertex 5.56198 3.23447 12.91
      vertex 5.78032 3.20863 12.91
    endloop
  endfacet
  facet normal 0.117527 0.99307 0
    outer loop
      vertex 5.56198 3.23447 12.91
      vertex 5.78032 3.20863 1.8
      vertex 5.56198 3.23447 1.8
    endloop
  endfacet
  facet normal 0.195093 0.980785 -0
    outer loop
      vertex 5.56198 3.23447 1.8
      vertex 5.34636 3.27736 12.91
      vertex 5.56198 3.23447 12.91
    endloop
  endfacet
  facet normal 0.195093 0.980785 0
    outer loop
      vertex 5.34636 3.27736 12.91
      vertex 5.56198 3.23447 1.8
      vertex 5.34636 3.27736 1.8
    endloop
  endfacet
  facet normal 0.27144 0.962455 -1.97138e-06
    outer loop
      vertex 5.34636 3.27736 12.91
      vertex 5.26 3.30171 10
      vertex 5.13475 3.33704 12.91
    endloop
  endfacet
  facet normal 0.271378 0.962473 -0
    outer loop
      vertex 5.34636 3.27736 1.8
      vertex 5.26 3.30171 10
      vertex 5.34636 3.27736 12.91
    endloop
  endfacet
  facet normal 0.271378 0.962473 0
    outer loop
      vertex 5.26 3.30171 10
      vertex 5.34636 3.27736 1.8
      vertex 5.26 3.30171 1.8
    endloop
  endfacet
  facet normal 0.271482 0.962443 0
    outer loop
      vertex 5.13475 3.33704 12.91
      vertex 5.26 3.30171 10
      vertex 5.13475 3.33704 10
    endloop
  endfacet
  facet normal 0.346089 0.938202 -0
    outer loop
      vertex 5.13475 3.33704 10
      vertex 4.92848 3.41313 12.91
      vertex 5.13475 3.33704 12.91
    endloop
  endfacet
  facet normal 0.346089 0.938202 0
    outer loop
      vertex 4.92848 3.41313 12.91
      vertex 5.13475 3.33704 10
      vertex 4.92848 3.41313 10
    endloop
  endfacet
  facet normal 0.418718 0.908116 -0
    outer loop
      vertex 4.92848 3.41313 10
      vertex 4.72882 3.50519 12.91
      vertex 4.92848 3.41313 12.91
    endloop
  endfacet
  facet normal 0.418718 0.908116 0
    outer loop
      vertex 4.72882 3.50519 12.91
      vertex 4.92848 3.41313 10
      vertex 4.72882 3.50519 10
    endloop
  endfacet
  facet normal 0.488606 0.872504 -0
    outer loop
      vertex 4.72882 3.50519 10
      vertex 4.537 3.61261 12.91
      vertex 4.72882 3.50519 12.91
    endloop
  endfacet
  facet normal 0.488606 0.872504 0
    outer loop
      vertex 4.537 3.61261 12.91
      vertex 4.72882 3.50519 10
      vertex 4.537 3.61261 10
    endloop
  endfacet
  facet normal 0.555592 0.831455 -0
    outer loop
      vertex 4.537 3.61261 10
      vertex 4.3542 3.73476 12.91
      vertex 4.537 3.61261 12.91
    endloop
  endfacet
  facet normal 0.555592 0.831455 0
    outer loop
      vertex 4.3542 3.73476 12.91
      vertex 4.537 3.61261 10
      vertex 4.3542 3.73476 10
    endloop
  endfacet
  facet normal 0.619076 0.785331 -0
    outer loop
      vertex 4.3542 3.73476 10
      vertex 4.18155 3.87086 12.91
      vertex 4.3542 3.73476 12.91
    endloop
  endfacet
  facet normal 0.619076 0.785331 0
    outer loop
      vertex 4.18155 3.87086 12.91
      vertex 4.3542 3.73476 10
      vertex 4.18155 3.87086 10
    endloop
  endfacet
  facet normal 0.678794 0.734329 -0
    outer loop
      vertex 4.18155 3.87086 10
      vertex 4.0201 4.0201 12.91
      vertex 4.18155 3.87086 12.91
    endloop
  endfacet
  facet normal 0.678794 0.734329 0
    outer loop
      vertex 4.0201 4.0201 12.91
      vertex 4.18155 3.87086 10
      vertex 4.0201 4.0201 10
    endloop
  endfacet
  facet normal 0.734329 0.678794 0
    outer loop
      vertex 4.0201 4.0201 12.91
      vertex 3.87086 4.18155 10
      vertex 3.87086 4.18155 12.91
    endloop
  endfacet
  facet normal 0.734329 0.678794 0
    outer loop
      vertex 3.87086 4.18155 10
      vertex 4.0201 4.0201 12.91
      vertex 4.0201 4.0201 10
    endloop
  endfacet
  facet normal 0.785331 0.619076 0
    outer loop
      vertex 3.87086 4.18155 12.91
      vertex 3.73476 4.3542 10
      vertex 3.73476 4.3542 12.91
    endloop
  endfacet
  facet normal 0.785331 0.619076 0
    outer loop
      vertex 3.73476 4.3542 10
      vertex 3.87086 4.18155 12.91
      vertex 3.87086 4.18155 10
    endloop
  endfacet
  facet normal 0.831455 0.555592 0
    outer loop
      vertex 3.73476 4.3542 12.91
      vertex 3.61261 4.537 10
      vertex 3.61261 4.537 12.91
    endloop
  endfacet
  facet normal 0.831455 0.555592 0
    outer loop
      vertex 3.61261 4.537 10
      vertex 3.73476 4.3542 12.91
      vertex 3.73476 4.3542 10
    endloop
  endfacet
  facet normal 0.872504 0.488606 0
    outer loop
      vertex 3.61261 4.537 12.91
      vertex 3.50519 4.72882 10
      vertex 3.50519 4.72882 12.91
    endloop
  endfacet
  facet normal 0.872504 0.488606 0
    outer loop
      vertex 3.50519 4.72882 10
      vertex 3.61261 4.537 12.91
      vertex 3.61261 4.537 10
    endloop
  endfacet
  facet normal 0.908116 0.418718 0
    outer loop
      vertex 3.50519 4.72882 12.91
      vertex 3.41313 4.92848 10
      vertex 3.41313 4.92848 12.91
    endloop
  endfacet
  facet normal 0.908116 0.418718 0
    outer loop
      vertex 3.41313 4.92848 10
      vertex 3.50519 4.72882 12.91
      vertex 3.50519 4.72882 10
    endloop
  endfacet
  facet normal 0.938202 0.346089 0
    outer loop
      vertex 3.41313 4.92848 12.91
      vertex 3.33704 5.13475 10
      vertex 3.33704 5.13475 12.91
    endloop
  endfacet
  facet normal 0.938202 0.346089 0
    outer loop
      vertex 3.33704 5.13475 10
      vertex 3.41313 4.92848 12.91
      vertex 3.41313 4.92848 10
    endloop
  endfacet
  facet normal 0.962455 0.27144 0
    outer loop
      vertex 3.33704 5.13475 12.91
      vertex 3.27736 5.34636 10
      vertex 3.27736 5.34636 12.91
    endloop
  endfacet
  facet normal 0.962455 0.27144 0
    outer loop
      vertex 3.27736 5.34636 10
      vertex 3.33704 5.13475 12.91
      vertex 3.33704 5.13475 10
    endloop
  endfacet
  facet normal 0.980785 0.195093 0
    outer loop
      vertex 3.27736 5.34636 12.91
      vertex 3.23447 5.56198 10
      vertex 3.23447 5.56198 12.91
    endloop
  endfacet
  facet normal 0.980785 0.195093 0
    outer loop
      vertex 3.23447 5.56198 10
      vertex 3.27736 5.34636 12.91
      vertex 3.27736 5.34636 10
    endloop
  endfacet
  facet normal 0.99307 0.117527 0
    outer loop
      vertex 3.23447 5.56198 12.91
      vertex 3.20863 5.78032 10
      vertex 3.20863 5.78032 12.91
    endloop
  endfacet
  facet normal 0.99307 0.117527 0
    outer loop
      vertex 3.20863 5.78032 10
      vertex 3.23447 5.56198 12.91
      vertex 3.23447 5.56198 10
    endloop
  endfacet
  facet normal 1 0 0
    outer loop
      vertex 3.2 6 12.91
      vertex 3.2 5.99993 10
      vertex 3.2 6 1.8
    endloop
  endfacet
  facet normal 0.999229 0.0392541 -9.44258e-07
    outer loop
      vertex 3.20863 5.78032 12.91
      vertex 3.2 5.99993 10
      vertex 3.2 6 12.91
    endloop
  endfacet
  facet normal 0.999229 0.0392666 0
    outer loop
      vertex 3.2 5.99993 10
      vertex 3.20863 5.78032 12.91
      vertex 3.20863 5.78032 10
    endloop
  endfacet
  facet normal 1 0 0
    outer loop
      vertex 3.2 6 1.8
      vertex 3.2 5.99993 10
      vertex 3.2 5.99993 1.8
    endloop
  endfacet
  facet normal 1 -0 0
    outer loop
      vertex 3.2 6 12.91
      vertex 3.2 154 1.8
      vertex 3.2 154 12.91
    endloop
  endfacet
  facet normal 1 0 0
    outer loop
      vertex 3.2 154 1.8
      vertex 3.2 6 12.91
      vertex 3.2 6 1.8
    endloop
  endfacet
  facet normal 0.999231 -0.0391971 0
    outer loop
      vertex 3.20863 154.22 12.91
      vertex 3.2 154 10
      vertex 3.20863 154.22 10
    endloop
  endfacet
  facet normal 0.999231 -0.0391971 0
    outer loop
      vertex 3.2 154 12.91
      vertex 3.2 154 10
      vertex 3.20863 154.22 12.91
    endloop
  endfacet
  facet normal 0 0 0
    outer loop
      vertex 3.2 154 1.8
      vertex 3.2 154 10
      vertex 3.2 154 12.91
    endloop
  endfacet
  facet normal 0.993048 -0.117708 0
    outer loop
      vertex 3.20863 154.22 12.91
      vertex 3.23447 154.438 10
      vertex 3.23447 154.438 12.91
    endloop
  endfacet
  facet normal 0.993048 -0.117708 0
    outer loop
      vertex 3.23447 154.438 10
      vertex 3.20863 154.22 12.91
      vertex 3.20863 154.22 10
    endloop
  endfacet
  facet normal 0.98085 -0.194762 0
    outer loop
      vertex 3.23447 154.438 12.91
      vertex 3.27736 154.654 10
      vertex 3.27736 154.654 12.91
    endloop
  endfacet
  facet normal 0.98085 -0.194762 0
    outer loop
      vertex 3.27736 154.654 10
      vertex 3.23447 154.438 12.91
      vertex 3.23447 154.438 10
    endloop
  endfacet
  facet normal 0.96225 -0.272166 0
    outer loop
      vertex 3.27736 154.654 12.91
      vertex 3.33704 154.865 10
      vertex 3.33704 154.865 12.91
    endloop
  endfacet
  facet normal 0.96225 -0.272166 0
    outer loop
      vertex 3.33704 154.865 10
      vertex 3.27736 154.654 12.91
      vertex 3.27736 154.654 10
    endloop
  endfacet
  facet normal 0.938598 -0.345014 0
    outer loop
      vertex 3.33704 154.865 12.91
      vertex 3.41313 155.072 10
      vertex 3.41313 155.072 12.91
    endloop
  endfacet
  facet normal 0.938598 -0.345014 0
    outer loop
      vertex 3.41313 155.072 10
      vertex 3.33704 154.865 12.91
      vertex 3.33704 154.865 10
    endloop
  endfacet
  facet normal 0.907588 -0.419862 0
    outer loop
      vertex 3.41313 155.072 12.91
      vertex 3.50519 155.271 10
      vertex 3.50519 155.271 12.91
    endloop
  endfacet
  facet normal 0.907588 -0.419862 0
    outer loop
      vertex 3.50519 155.271 10
      vertex 3.41313 155.072 12.91
      vertex 3.41313 155.072 10
    endloop
  endfacet
  facet normal 0.8727 -0.488257 0
    outer loop
      vertex 3.50519 155.271 12.91
      vertex 3.61261 155.463 10
      vertex 3.61261 155.463 12.91
    endloop
  endfacet
  facet normal 0.8727 -0.488257 0
    outer loop
      vertex 3.61261 155.463 10
      vertex 3.50519 155.271 12.91
      vertex 3.50519 155.271 10
    endloop
  endfacet
  facet normal 0.831736 -0.555172 0
    outer loop
      vertex 3.61261 155.463 12.91
      vertex 3.73476 155.646 10
      vertex 3.73476 155.646 12.91
    endloop
  endfacet
  facet normal 0.831736 -0.555172 0
    outer loop
      vertex 3.73476 155.646 10
      vertex 3.61261 155.463 12.91
      vertex 3.61261 155.463 10
    endloop
  endfacet
  facet normal 0.784194 -0.620516 0
    outer loop
      vertex 3.73476 155.646 12.91
      vertex 3.87086 155.818 10
      vertex 3.87086 155.818 12.91
    endloop
  endfacet
  facet normal 0.784194 -0.620516 0
    outer loop
      vertex 3.87086 155.818 10
      vertex 3.73476 155.646 12.91
      vertex 3.73476 155.646 10
    endloop
  endfacet
  facet normal 0.735478 -0.677548 0
    outer loop
      vertex 3.87086 155.818 12.91
      vertex 4.0201 155.98 10
      vertex 4.0201 155.98 12.91
    endloop
  endfacet
  facet normal 0.735478 -0.677548 0
    outer loop
      vertex 4.0201 155.98 10
      vertex 3.87086 155.818 12.91
      vertex 3.87086 155.818 10
    endloop
  endfacet
  facet normal 0.678204 -0.734873 0
    outer loop
      vertex 4.0201 155.98 10
      vertex 4.18155 156.129 12.91
      vertex 4.0201 155.98 12.91
    endloop
  endfacet
  facet normal 0.678204 -0.734873 0
    outer loop
      vertex 4.18155 156.129 12.91
      vertex 4.0201 155.98 10
      vertex 4.18155 156.129 10
    endloop
  endfacet
  facet normal 0.618796 -0.785552 0
    outer loop
      vertex 4.18155 156.129 10
      vertex 4.3542 156.265 12.91
      vertex 4.18155 156.129 12.91
    endloop
  endfacet
  facet normal 0.618796 -0.785552 0
    outer loop
      vertex 4.3542 156.265 12.91
      vertex 4.18155 156.129 10
      vertex 4.3542 156.265 10
    endloop
  endfacet
  facet normal 0.55512 -0.83177 0
    outer loop
      vertex 4.3542 156.265 10
      vertex 4.537 156.387 12.91
      vertex 4.3542 156.265 12.91
    endloop
  endfacet
  facet normal 0.55512 -0.83177 0
    outer loop
      vertex 4.537 156.387 12.91
      vertex 4.3542 156.265 10
      vertex 4.537 156.387 10
    endloop
  endfacet
  facet normal 0.490611 -0.871379 0
    outer loop
      vertex 4.537 156.387 10
      vertex 4.72882 156.495 12.91
      vertex 4.537 156.387 12.91
    endloop
  endfacet
  facet normal 0.490611 -0.871379 0
    outer loop
      vertex 4.72882 156.495 12.91
      vertex 4.537 156.387 10
      vertex 4.72882 156.495 10
    endloop
  endfacet
  facet normal 0.418493 -0.90822 0
    outer loop
      vertex 4.72882 156.495 10
      vertex 4.92848 156.587 12.91
      vertex 4.72882 156.495 12.91
    endloop
  endfacet
  facet normal 0.418493 -0.90822 0
    outer loop
      vertex 4.92848 156.587 12.91
      vertex 4.72882 156.495 10
      vertex 4.92848 156.587 10
    endloop
  endfacet
  facet normal 0.345729 -0.938335 0
    outer loop
      vertex 4.92848 156.587 10
      vertex 5.13475 156.663 12.91
      vertex 4.92848 156.587 12.91
    endloop
  endfacet
  facet normal 0.345729 -0.938335 0
    outer loop
      vertex 5.13475 156.663 12.91
      vertex 4.92848 156.587 10
      vertex 5.13475 156.663 10
    endloop
  endfacet
  facet normal 0.269131 -0.963104 0
    outer loop
      vertex 5.26 156.698 10
      vertex 5.13475 156.663 12.91
      vertex 5.13475 156.663 10
    endloop
  endfacet
  facet normal 0.272787 -0.962074 0.00016975
    outer loop
      vertex 5.13475 156.663 12.91
      vertex 5.26 156.698 10
      vertex 5.34636 156.723 12.91
    endloop
  endfacet
  facet normal 0.278069 -0.960561 0
    outer loop
      vertex 5.34636 156.723 1.8
      vertex 5.26 156.698 10
      vertex 5.26 156.698 1.8
    endloop
  endfacet
  facet normal 0.278069 -0.960561 0
    outer loop
      vertex 5.26 156.698 10
      vertex 5.34636 156.723 1.8
      vertex 5.34636 156.723 12.91
    endloop
  endfacet
  facet normal 0.195574 -0.980689 0
    outer loop
      vertex 5.34636 156.723 1.8
      vertex 5.56198 156.766 12.91
      vertex 5.34636 156.723 12.91
    endloop
  endfacet
  facet normal 0.195574 -0.980689 0
    outer loop
      vertex 5.56198 156.766 12.91
      vertex 5.34636 156.723 1.8
      vertex 5.56198 156.766 1.8
    endloop
  endfacet
  facet normal 0.113757 -0.993509 0
    outer loop
      vertex 5.56198 156.766 1.8
      vertex 5.78032 156.791 12.91
      vertex 5.56198 156.766 12.91
    endloop
  endfacet
  facet normal 0.113757 -0.993509 0
    outer loop
      vertex 5.78032 156.791 12.91
      vertex 5.56198 156.766 1.8
      vertex 5.78032 156.791 1.8
    endloop
  endfacet
  facet normal 0.0409343 -0.999162 0
    outer loop
      vertex 5.78032 156.791 1.8
      vertex 6 156.8 12.91
      vertex 5.78032 156.791 12.91
    endloop
  endfacet
  facet normal 0.0409343 -0.999162 0
    outer loop
      vertex 6 156.8 12.91
      vertex 5.78032 156.791 1.8
      vertex 6 156.8 1.8
    endloop
  endfacet
  facet normal 0 -1 0
    outer loop
      vertex 6 156.8 1.8
      vertex 154 156.8 12.91
      vertex 6 156.8 12.91
    endloop
  endfacet
  facet normal 0 -1 -0
    outer loop
      vertex 154 156.8 12.91
      vertex 6 156.8 1.8
      vertex 154 156.8 1.8
    endloop
  endfacet
  facet normal -0.0408749 -0.999164 0
    outer loop
      vertex 154 156.8 1.8
      vertex 154.22 156.791 12.91
      vertex 154 156.8 12.91
    endloop
  endfacet
  facet normal -0.0408749 -0.999164 -0
    outer loop
      vertex 154.22 156.791 12.91
      vertex 154 156.8 1.8
      vertex 154.22 156.791 1.8
    endloop
  endfacet
  facet normal -0.113932 -0.993489 0
    outer loop
      vertex 154.22 156.791 1.8
      vertex 154.438 156.766 12.91
      vertex 154.22 156.791 12.91
    endloop
  endfacet
  facet normal -0.113932 -0.993489 -0
    outer loop
      vertex 154.438 156.766 12.91
      vertex 154.22 156.791 1.8
      vertex 154.438 156.766 1.8
    endloop
  endfacet
  facet normal -0.195243 -0.980755 0
    outer loop
      vertex 154.438 156.766 1.8
      vertex 154.654 156.723 12.91
      vertex 154.438 156.766 12.91
    endloop
  endfacet
  facet normal -0.195243 -0.980755 -0
    outer loop
      vertex 154.654 156.723 12.91
      vertex 154.438 156.766 1.8
      vertex 154.654 156.723 1.8
    endloop
  endfacet
  facet normal -0.273517 -0.961867 0.000180151
    outer loop
      vertex 154.654 156.723 12.91
      vertex 154.74 156.698 10
      vertex 154.865 156.663 12.91
    endloop
  endfacet
  facet normal -0.279142 -0.96025 0
    outer loop
      vertex 154.654 156.723 1.8
      vertex 154.74 156.698 10
      vertex 154.654 156.723 12.91
    endloop
  endfacet
  facet normal -0.279142 -0.96025 -0
    outer loop
      vertex 154.74 156.698 10
      vertex 154.654 156.723 1.8
      vertex 154.74 156.698 1.8
    endloop
  endfacet
  facet normal -0.26963 -0.962964 -0
    outer loop
      vertex 154.865 156.663 12.91
      vertex 154.74 156.698 10
      vertex 154.865 156.663 10
    endloop
  endfacet
  facet normal -0.344654 -0.93873 0
    outer loop
      vertex 154.865 156.663 10
      vertex 155.072 156.587 12.91
      vertex 154.865 156.663 12.91
    endloop
  endfacet
  facet normal -0.344654 -0.93873 -0
    outer loop
      vertex 155.072 156.587 12.91
      vertex 154.865 156.663 10
      vertex 155.072 156.587 10
    endloop
  endfacet
  facet normal -0.419637 -0.907692 0
    outer loop
      vertex 155.072 156.587 10
      vertex 155.271 156.495 12.91
      vertex 155.072 156.587 12.91
    endloop
  endfacet
  facet normal -0.419637 -0.907692 -0
    outer loop
      vertex 155.271 156.495 12.91
      vertex 155.072 156.587 10
      vertex 155.271 156.495 10
    endloop
  endfacet
  facet normal -0.490261 -0.871576 0
    outer loop
      vertex 155.271 156.495 10
      vertex 155.463 156.387 12.91
      vertex 155.271 156.495 12.91
    endloop
  endfacet
  facet normal -0.490261 -0.871576 -0
    outer loop
      vertex 155.463 156.387 12.91
      vertex 155.271 156.495 10
      vertex 155.463 156.387 10
    endloop
  endfacet
  facet normal -0.5547 -0.83205 0
    outer loop
      vertex 155.463 156.387 10
      vertex 155.646 156.265 12.91
      vertex 155.463 156.387 12.91
    endloop
  endfacet
  facet normal -0.5547 -0.83205 -0
    outer loop
      vertex 155.646 156.265 12.91
      vertex 155.463 156.387 10
      vertex 155.646 156.265 10
    endloop
  endfacet
  facet normal -0.620236 -0.784416 0
    outer loop
      vertex 155.646 156.265 10
      vertex 155.818 156.129 12.91
      vertex 155.646 156.265 12.91
    endloop
  endfacet
  facet normal -0.620236 -0.784416 -0
    outer loop
      vertex 155.818 156.129 12.91
      vertex 155.646 156.265 10
      vertex 155.818 156.129 10
    endloop
  endfacet
  facet normal -0.676958 -0.736022 0
    outer loop
      vertex 155.818 156.129 10
      vertex 155.98 155.98 12.91
      vertex 155.818 156.129 12.91
    endloop
  endfacet
  facet normal -0.676958 -0.736022 -0
    outer loop
      vertex 155.98 155.98 12.91
      vertex 155.818 156.129 10
      vertex 155.98 155.98 10
    endloop
  endfacet
  facet normal -0.736022 -0.676958 0
    outer loop
      vertex 156.129 155.818 10
      vertex 155.98 155.98 12.91
      vertex 155.98 155.98 10
    endloop
  endfacet
  facet normal -0.736022 -0.676958 0
    outer loop
      vertex 155.98 155.98 12.91
      vertex 156.129 155.818 10
      vertex 156.129 155.818 12.91
    endloop
  endfacet
  facet normal -0.784416 -0.620236 0
    outer loop
      vertex 156.265 155.646 10
      vertex 156.129 155.818 12.91
      vertex 156.129 155.818 10
    endloop
  endfacet
  facet normal -0.784416 -0.620236 0
    outer loop
      vertex 156.129 155.818 12.91
      vertex 156.265 155.646 10
      vertex 156.265 155.646 12.91
    endloop
  endfacet
  facet normal -0.83205 -0.5547 0
    outer loop
      vertex 156.387 155.463 10
      vertex 156.265 155.646 12.91
      vertex 156.265 155.646 10
    endloop
  endfacet
  facet normal -0.83205 -0.5547 0
    outer loop
      vertex 156.265 155.646 12.91
      vertex 156.387 155.463 10
      vertex 156.387 155.463 12.91
    endloop
  endfacet
  facet normal -0.871576 -0.490261 0
    outer loop
      vertex 156.495 155.271 10
      vertex 156.387 155.463 12.91
      vertex 156.387 155.463 10
    endloop
  endfacet
  facet normal -0.871576 -0.490261 0
    outer loop
      vertex 156.387 155.463 12.91
      vertex 156.495 155.271 10
      vertex 156.495 155.271 12.91
    endloop
  endfacet
  facet normal -0.907692 -0.419637 0
    outer loop
      vertex 156.587 155.072 10
      vertex 156.495 155.271 12.91
      vertex 156.495 155.271 10
    endloop
  endfacet
  facet normal -0.907692 -0.419637 0
    outer loop
      vertex 156.495 155.271 12.91
      vertex 156.587 155.072 10
      vertex 156.587 155.072 12.91
    endloop
  endfacet
  facet normal -0.93873 -0.344654 0
    outer loop
      vertex 156.663 154.865 10
      vertex 156.587 155.072 12.91
      vertex 156.587 155.072 10
    endloop
  endfacet
  facet normal -0.93873 -0.344654 0
    outer loop
      vertex 156.587 155.072 12.91
      vertex 156.663 154.865 10
      vertex 156.663 154.865 12.91
    endloop
  endfacet
  facet normal -0.961867 -0.273517 0
    outer loop
      vertex 156.723 154.654 10
      vertex 156.663 154.865 12.91
      vertex 156.663 154.865 10
    endloop
  endfacet
  facet normal -0.961867 -0.273517 0
    outer loop
      vertex 156.663 154.865 12.91
      vertex 156.723 154.654 10
      vertex 156.723 154.654 12.91
    endloop
  endfacet
  facet normal -0.980755 -0.195243 0
    outer loop
      vertex 156.766 154.438 10
      vertex 156.723 154.654 12.91
      vertex 156.723 154.654 10
    endloop
  endfacet
  facet normal -0.980755 -0.195243 0
    outer loop
      vertex 156.723 154.654 12.91
      vertex 156.766 154.438 10
      vertex 156.766 154.438 12.91
    endloop
  endfacet
  facet normal -0.993489 -0.113932 0
    outer loop
      vertex 156.791 154.22 10
      vertex 156.766 154.438 12.91
      vertex 156.766 154.438 10
    endloop
  endfacet
  facet normal -0.993489 -0.113932 0
    outer loop
      vertex 156.766 154.438 12.91
      vertex 156.791 154.22 10
      vertex 156.791 154.22 12.91
    endloop
  endfacet
  facet normal -0.999164 -0.0408749 0
    outer loop
      vertex 156.8 154 10
      vertex 156.791 154.22 12.91
      vertex 156.791 154.22 10
    endloop
  endfacet
  facet normal -0.999164 -0.0408749 0
    outer loop
      vertex 156.8 154 10
      vertex 156.8 154 12.91
      vertex 156.791 154.22 12.91
    endloop
  endfacet
  facet normal 0 0 0
    outer loop
      vertex 156.8 154 12.91
      vertex 156.8 154 10
      vertex 156.8 154 1.8
    endloop
  endfacet
  facet normal -1 0 0
    outer loop
      vertex 156.8 6 1.8
      vertex 156.8 154 12.91
      vertex 156.8 154 1.8
    endloop
  endfacet
  facet normal -1 -0 0
    outer loop
      vertex 156.8 154 12.91
      vertex 156.8 6 1.8
      vertex 156.8 6 12.91
    endloop
  endfacet
  facet normal -1 0 0
    outer loop
      vertex 156.8 5.9999 10
      vertex 156.8 6 1.8
      vertex 156.8 5.9999 1.8
    endloop
  endfacet
  facet normal -1 0 0
    outer loop
      vertex 156.8 6 1.8
      vertex 156.8 5.9999 10
      vertex 156.8 6 12.91
    endloop
  endfacet
  facet normal -0.999161 0.040953 -1.40732e-06
    outer loop
      vertex 156.791 5.78032 10
      vertex 156.8 6 12.91
      vertex 156.8 5.9999 10
    endloop
  endfacet
  facet normal -0.999162 0.0409343 0
    outer loop
      vertex 156.8 6 12.91
      vertex 156.791 5.78032 10
      vertex 156.791 5.78032 12.91
    endloop
  endfacet
  facet normal -0.993509 0.113757 0
    outer loop
      vertex 156.766 5.56198 10
      vertex 156.791 5.78032 12.91
      vertex 156.791 5.78032 10
    endloop
  endfacet
  facet normal -0.993509 0.113757 0
    outer loop
      vertex 156.791 5.78032 12.91
      vertex 156.766 5.56198 10
      vertex 156.766 5.56198 12.91
    endloop
  endfacet
  facet normal -0.980689 0.195574 0
    outer loop
      vertex 156.723 5.34636 10
      vertex 156.766 5.56198 12.91
      vertex 156.766 5.56198 10
    endloop
  endfacet
  facet normal -0.980689 0.195574 0
    outer loop
      vertex 156.766 5.56198 12.91
      vertex 156.723 5.34636 10
      vertex 156.723 5.34636 12.91
    endloop
  endfacet
  facet normal -0.962074 0.272787 0
    outer loop
      vertex 156.663 5.13475 10
      vertex 156.723 5.34636 12.91
      vertex 156.723 5.34636 10
    endloop
  endfacet
  facet normal -0.962074 0.272787 0
    outer loop
      vertex 156.723 5.34636 12.91
      vertex 156.663 5.13475 10
      vertex 156.663 5.13475 12.91
    endloop
  endfacet
  facet normal -0.938335 0.345729 0
    outer loop
      vertex 156.587 4.92848 10
      vertex 156.663 5.13475 12.91
      vertex 156.663 5.13475 10
    endloop
  endfacet
  facet normal -0.938335 0.345729 0
    outer loop
      vertex 156.663 5.13475 12.91
      vertex 156.587 4.92848 10
      vertex 156.587 4.92848 12.91
    endloop
  endfacet
  facet normal -0.90822 0.418493 0
    outer loop
      vertex 156.495 4.72882 10
      vertex 156.587 4.92848 12.91
      vertex 156.587 4.92848 10
    endloop
  endfacet
  facet normal -0.90822 0.418493 0
    outer loop
      vertex 156.587 4.92848 12.91
      vertex 156.495 4.72882 10
      vertex 156.495 4.72882 12.91
    endloop
  endfacet
  facet normal -0.871379 0.490611 0
    outer loop
      vertex 156.387 4.537 10
      vertex 156.495 4.72882 12.91
      vertex 156.495 4.72882 10
    endloop
  endfacet
  facet normal -0.871379 0.490611 0
    outer loop
      vertex 156.495 4.72882 12.91
      vertex 156.387 4.537 10
      vertex 156.387 4.537 12.91
    endloop
  endfacet
  facet normal -0.83177 0.55512 0
    outer loop
      vertex 156.265 4.3542 10
      vertex 156.387 4.537 12.91
      vertex 156.387 4.537 10
    endloop
  endfacet
  facet normal -0.83177 0.55512 0
    outer loop
      vertex 156.387 4.537 12.91
      vertex 156.265 4.3542 10
      vertex 156.265 4.3542 12.91
    endloop
  endfacet
  facet normal -0.785552 0.618796 0
    outer loop
      vertex 156.129 4.18155 10
      vertex 156.265 4.3542 12.91
      vertex 156.265 4.3542 10
    endloop
  endfacet
  facet normal -0.785552 0.618796 0
    outer loop
      vertex 156.265 4.3542 12.91
      vertex 156.129 4.18155 10
      vertex 156.129 4.18155 12.91
    endloop
  endfacet
  facet normal -0.734873 0.678204 0
    outer loop
      vertex 155.98 4.0201 10
      vertex 156.129 4.18155 12.91
      vertex 156.129 4.18155 10
    endloop
  endfacet
  facet normal -0.734873 0.678204 0
    outer loop
      vertex 156.129 4.18155 12.91
      vertex 155.98 4.0201 10
      vertex 155.98 4.0201 12.91
    endloop
  endfacet
  facet normal -0.677548 0.735478 0
    outer loop
      vertex 155.98 4.0201 10
      vertex 155.818 3.87086 12.91
      vertex 155.98 4.0201 12.91
    endloop
  endfacet
  facet normal -0.677548 0.735478 0
    outer loop
      vertex 155.818 3.87086 12.91
      vertex 155.98 4.0201 10
      vertex 155.818 3.87086 10
    endloop
  endfacet
  facet normal -0.620516 0.784194 0
    outer loop
      vertex 155.818 3.87086 10
      vertex 155.646 3.73476 12.91
      vertex 155.818 3.87086 12.91
    endloop
  endfacet
  facet normal -0.620516 0.784194 0
    outer loop
      vertex 155.646 3.73476 12.91
      vertex 155.818 3.87086 10
      vertex 155.646 3.73476 10
    endloop
  endfacet
  facet normal -0.555172 0.831736 0
    outer loop
      vertex 155.646 3.73476 10
      vertex 155.463 3.61261 12.91
      vertex 155.646 3.73476 12.91
    endloop
  endfacet
  facet normal -0.555172 0.831736 0
    outer loop
      vertex 155.463 3.61261 12.91
      vertex 155.646 3.73476 10
      vertex 155.463 3.61261 10
    endloop
  endfacet
  facet normal -0.488257 0.8727 0
    outer loop
      vertex 155.463 3.61261 10
      vertex 155.271 3.50519 12.91
      vertex 155.463 3.61261 12.91
    endloop
  endfacet
  facet normal -0.488257 0.8727 0
    outer loop
      vertex 155.271 3.50519 12.91
      vertex 155.463 3.61261 10
      vertex 155.271 3.50519 10
    endloop
  endfacet
  facet normal -0.419862 0.907588 0
    outer loop
      vertex 155.271 3.50519 10
      vertex 155.072 3.41313 12.91
      vertex 155.271 3.50519 12.91
    endloop
  endfacet
  facet normal -0.419862 0.907588 0
    outer loop
      vertex 155.072 3.41313 12.91
      vertex 155.271 3.50519 10
      vertex 155.072 3.41313 10
    endloop
  endfacet
  facet normal -0.345014 0.938598 0
    outer loop
      vertex 155.072 3.41313 10
      vertex 154.865 3.33704 12.91
      vertex 155.072 3.41313 12.91
    endloop
  endfacet
  facet normal -0.345014 0.938598 0
    outer loop
      vertex 154.865 3.33704 12.91
      vertex 155.072 3.41313 10
      vertex 154.865 3.33704 10
    endloop
  endfacet
  facet normal -0.271985 0.962302 0
    outer loop
      vertex 154.74 3.30171 10
      vertex 154.865 3.33704 12.91
      vertex 154.865 3.33704 10
    endloop
  endfacet
  facet normal -0.272166 0.96225 8.41563e-06
    outer loop
      vertex 154.865 3.33704 12.91
      vertex 154.74 3.30171 10
      vertex 154.654 3.27736 12.91
    endloop
  endfacet
  facet normal -0.27243 0.962176 0
    outer loop
      vertex 154.654 3.27736 1.8
      vertex 154.74 3.30171 10
      vertex 154.74 3.30171 1.8
    endloop
  endfacet
  facet normal -0.27243 0.962176 0
    outer loop
      vertex 154.74 3.30171 10
      vertex 154.654 3.27736 1.8
      vertex 154.654 3.27736 12.91
    endloop
  endfacet
  facet normal -0.194762 0.98085 0
    outer loop
      vertex 154.654 3.27736 1.8
      vertex 154.438 3.23447 12.91
      vertex 154.654 3.27736 12.91
    endloop
  endfacet
  facet normal -0.194762 0.98085 0
    outer loop
      vertex 154.438 3.23447 12.91
      vertex 154.654 3.27736 1.8
      vertex 154.438 3.23447 1.8
    endloop
  endfacet
  facet normal -0.117708 0.993048 0
    outer loop
      vertex 154.438 3.23447 1.8
      vertex 154.22 3.20863 12.91
      vertex 154.438 3.23447 12.91
    endloop
  endfacet
  facet normal -0.117708 0.993048 0
    outer loop
      vertex 154.22 3.20863 12.91
      vertex 154.438 3.23447 1.8
      vertex 154.22 3.20863 1.8
    endloop
  endfacet
  facet normal -0.0391971 0.999231 0
    outer loop
      vertex 154.22 3.20863 1.8
      vertex 154 3.2 12.91
      vertex 154.22 3.20863 12.91
    endloop
  endfacet
  facet normal -0.0391971 0.999231 0
    outer loop
      vertex 154 3.2 12.91
      vertex 154.22 3.20863 1.8
      vertex 154 3.2 1.8
    endloop
  endfacet
  facet normal 0 1 -0
    outer loop
      vertex 154 3.2 1.8
      vertex 6 3.2 12.91
      vertex 154 3.2 12.91
    endloop
  endfacet
  facet normal 0 1 0
    outer loop
      vertex 6 3.2 12.91
      vertex 154 3.2 1.8
      vertex 6 3.2 1.8
    endloop
  endfacet
  facet normal 0 0 1
    outer loop
      vertex 157.8 154 14.1
      vertex 159 154 14.1
      vertex 158.985 154.392 14.1
    endloop
  endfacet
  facet normal 0 0 1
    outer loop
      vertex 159 154 14.1
      vertex 157.8 154 14.1
      vertex 159 6 14.1
    endloop
  endfacet
  facet normal 0 0 1
    outer loop
      vertex 157.788 154.298 14.1
      vertex 158.985 154.392 14.1
      vertex 158.938 154.782 14.1
    endloop
  endfacet
  facet normal 0 0 1
    outer loop
      vertex 157.8 6 14.1
      vertex 159 6 14.1
      vertex 157.8 154 14.1
    endloop
  endfacet
  facet normal 0 0 1
    outer loop
      vertex 157.753 154.594 14.1
      vertex 158.938 154.782 14.1
      vertex 158.862 155.167 14.1
    endloop
  endfacet
  facet normal 0 0 1
    outer loop
      vertex 159 6 14.1
      vertex 157.8 6 14.1
      vertex 158.985 5.60771 14.1
    endloop
  endfacet
  facet normal 0 0 1
    outer loop
      vertex 157.695 154.887 14.1
      vertex 158.862 155.167 14.1
      vertex 158.755 155.545 14.1
    endloop
  endfacet
  facet normal -0 0 1
    outer loop
      vertex 157.788 5.70186 14.1
      vertex 158.985 5.60771 14.1
      vertex 157.8 6 14.1
    endloop
  endfacet
  facet normal 0 0 1
    outer loop
      vertex 157.614 155.174 14.1
      vertex 158.755 155.545 14.1
      vertex 158.619 155.913 14.1
    endloop
  endfacet
  facet normal 0 0 1
    outer loop
      vertex 158.985 5.60771 14.1
      vertex 157.788 5.70186 14.1
      vertex 158.938 5.21783 14.1
    endloop
  endfacet
  facet normal 0 0 1
    outer loop
      vertex 157.511 155.454 14.1
      vertex 158.619 155.913 14.1
      vertex 158.455 156.27 14.1
    endloop
  endfacet
  facet normal -0 0 1
    outer loop
      vertex 157.753 5.40555 14.1
      vertex 158.938 5.21783 14.1
      vertex 157.788 5.70186 14.1
    endloop
  endfacet
  facet normal 0 0 1
    outer loop
      vertex 157.386 155.725 14.1
      vertex 158.455 156.27 14.1
      vertex 158.263 156.612 14.1
    endloop
  endfacet
  facet normal 0 0 1
    outer loop
      vertex 158.938 5.21783 14.1
      vertex 157.753 5.40555 14.1
      vertex 158.862 4.83278 14.1
    endloop
  endfacet
  facet normal 0 0 1
    outer loop
      vertex 157.24 155.985 14.1
      vertex 158.263 156.612 14.1
      vertex 158.045 156.939 14.1
    endloop
  endfacet
  facet normal -0 0 1
    outer loop
      vertex 157.695 5.11292 14.1
      vertex 158.862 4.83278 14.1
      vertex 157.753 5.40555 14.1
    endloop
  endfacet
  facet normal 0 0 1
    outer loop
      vertex 157.074 156.234 14.1
      vertex 158.045 156.939 14.1
      vertex 157.802 157.247 14.1
    endloop
  endfacet
  facet normal 0 0 1
    outer loop
      vertex 158.862 4.83278 14.1
      vertex 157.695 5.11292 14.1
      vertex 158.755 4.45491 14.1
    endloop
  endfacet
  facet normal -0 0 1
    outer loop
      vertex 157.614 4.82573 14.1
      vertex 158.755 4.45491 14.1
      vertex 157.695 5.11292 14.1
    endloop
  endfacet
  facet normal 0 0 1
    outer loop
      vertex 158.985 154.392 14.1
      vertex 157.788 154.298 14.1
      vertex 157.8 154 14.1
    endloop
  endfacet
  facet normal 0 0 1
    outer loop
      vertex 158.938 154.782 14.1
      vertex 157.753 154.594 14.1
      vertex 157.788 154.298 14.1
    endloop
  endfacet
  facet normal 0 0 1
    outer loop
      vertex 158.862 155.167 14.1
      vertex 157.695 154.887 14.1
      vertex 157.753 154.594 14.1
    endloop
  endfacet
  facet normal 0 0 1
    outer loop
      vertex 158.755 155.545 14.1
      vertex 157.614 155.174 14.1
      vertex 157.695 154.887 14.1
    endloop
  endfacet
  facet normal 0 0 1
    outer loop
      vertex 156.89 156.468 14.1
      vertex 157.802 157.247 14.1
      vertex 157.536 157.536 14.1
    endloop
  endfacet
  facet normal 0 0 1
    outer loop
      vertex 158.619 155.913 14.1
      vertex 157.511 155.454 14.1
      vertex 157.614 155.174 14.1
    endloop
  endfacet
  facet normal 0 0 1
    outer loop
      vertex 158.455 156.27 14.1
      vertex 157.386 155.725 14.1
      vertex 157.511 155.454 14.1
    endloop
  endfacet
  facet normal 0 0 1
    outer loop
      vertex 156.687 156.687 14.1
      vertex 157.536 157.536 14.1
      vertex 157.247 157.802 14.1
    endloop
  endfacet
  facet normal 0 0 1
    outer loop
      vertex 158.263 156.612 14.1
      vertex 157.24 155.985 14.1
      vertex 157.386 155.725 14.1
    endloop
  endfacet
  facet normal 0 0 1
    outer loop
      vertex 158.045 156.939 14.1
      vertex 157.074 156.234 14.1
      vertex 157.24 155.985 14.1
    endloop
  endfacet
  facet normal 0 0 1
    outer loop
      vertex 156.468 156.89 14.1
      vertex 157.247 157.802 14.1
      vertex 156.939 158.045 14.1
    endloop
  endfacet
  facet normal 0 0 1
    outer loop
      vertex 157.802 157.247 14.1
      vertex 156.89 156.468 14.1
      vertex 157.074 156.234 14.1
    endloop
  endfacet
  facet normal 0 0 1
    outer loop
      vertex 157.536 157.536 14.1
      vertex 156.687 156.687 14.1
      vertex 156.89 156.468 14.1
    endloop
  endfacet
  facet normal 0 0 1
    outer loop
      vertex 156.234 157.074 14.1
      vertex 156.939 158.045 14.1
      vertex 156.612 158.263 14.1
    endloop
  endfacet
  facet normal 0 0 1
    outer loop
      vertex 157.247 157.802 14.1
      vertex 156.468 156.89 14.1
      vertex 156.687 156.687 14.1
    endloop
  endfacet
  facet normal 0 0 1
    outer loop
      vertex 155.985 157.24 14.1
      vertex 156.612 158.263 14.1
      vertex 156.27 158.455 14.1
    endloop
  endfacet
  facet normal 0 0 1
    outer loop
      vertex 156.939 158.045 14.1
      vertex 156.234 157.074 14.1
      vertex 156.468 156.89 14.1
    endloop
  endfacet
  facet normal 0 0 1
    outer loop
      vertex 156.612 158.263 14.1
      vertex 155.985 157.24 14.1
      vertex 156.234 157.074 14.1
    endloop
  endfacet
  facet normal 0 0 1
    outer loop
      vertex 155.725 157.386 14.1
      vertex 156.27 158.455 14.1
      vertex 155.913 158.619 14.1
    endloop
  endfacet
  facet normal 0 0 1
    outer loop
      vertex 156.27 158.455 14.1
      vertex 155.725 157.386 14.1
      vertex 155.985 157.24 14.1
    endloop
  endfacet
  facet normal 0 0 1
    outer loop
      vertex 155.454 157.511 14.1
      vertex 155.913 158.619 14.1
      vertex 155.545 158.755 14.1
    endloop
  endfacet
  facet normal 0 0 1
    outer loop
      vertex 155.913 158.619 14.1
      vertex 155.454 157.511 14.1
      vertex 155.725 157.386 14.1
    endloop
  endfacet
  facet normal 0 0 1
    outer loop
      vertex 155.545 158.755 14.1
      vertex 155.174 157.614 14.1
      vertex 155.454 157.511 14.1
    endloop
  endfacet
  facet normal 0 0 1
    outer loop
      vertex 155.167 158.862 14.1
      vertex 155.174 157.614 14.1
      vertex 155.545 158.755 14.1
    endloop
  endfacet
  facet normal 0 0 1
    outer loop
      vertex 155.167 158.862 14.1
      vertex 154.887 157.695 14.1
      vertex 155.174 157.614 14.1
    endloop
  endfacet
  facet normal 0 0 1
    outer loop
      vertex 154.782 158.938 14.1
      vertex 154.887 157.695 14.1
      vertex 155.167 158.862 14.1
    endloop
  endfacet
  facet normal 0 0 1
    outer loop
      vertex 154.782 158.938 14.1
      vertex 154.594 157.753 14.1
      vertex 154.887 157.695 14.1
    endloop
  endfacet
  facet normal 0 0 1
    outer loop
      vertex 154.392 158.985 14.1
      vertex 154.594 157.753 14.1
      vertex 154.782 158.938 14.1
    endloop
  endfacet
  facet normal 0 0 1
    outer loop
      vertex 154.392 158.985 14.1
      vertex 154.298 157.788 14.1
      vertex 154.594 157.753 14.1
    endloop
  endfacet
  facet normal 0 0 1
    outer loop
      vertex 154 159 14.1
      vertex 154.298 157.788 14.1
      vertex 154.392 158.985 14.1
    endloop
  endfacet
  facet normal 0 0 1
    outer loop
      vertex 154 159 14.1
      vertex 154 157.8 14.1
      vertex 154.298 157.788 14.1
    endloop
  endfacet
  facet normal -0 0 1
    outer loop
      vertex 6 159 14.1
      vertex 154 157.8 14.1
      vertex 154 159 14.1
    endloop
  endfacet
  facet normal 0 0 1
    outer loop
      vertex 6 159 14.1
      vertex 6 157.8 14.1
      vertex 154 157.8 14.1
    endloop
  endfacet
  facet normal 0 0 1
    outer loop
      vertex 6 159 14.1
      vertex 5.70186 157.788 14.1
      vertex 6 157.8 14.1
    endloop
  endfacet
  facet normal -0 0 1
    outer loop
      vertex 5.60771 158.985 14.1
      vertex 5.70186 157.788 14.1
      vertex 6 159 14.1
    endloop
  endfacet
  facet normal 0 0 1
    outer loop
      vertex 5.60771 158.985 14.1
      vertex 5.40555 157.753 14.1
      vertex 5.70186 157.788 14.1
    endloop
  endfacet
  facet normal -0 0 1
    outer loop
      vertex 5.21783 158.938 14.1
      vertex 5.40555 157.753 14.1
      vertex 5.60771 158.985 14.1
    endloop
  endfacet
  facet normal 0 0 1
    outer loop
      vertex 5.21783 158.938 14.1
      vertex 5.11292 157.695 14.1
      vertex 5.40555 157.753 14.1
    endloop
  endfacet
  facet normal -0 0 1
    outer loop
      vertex 4.83278 158.862 14.1
      vertex 5.11292 157.695 14.1
      vertex 5.21783 158.938 14.1
    endloop
  endfacet
  facet normal 0 0 1
    outer loop
      vertex 4.83278 158.862 14.1
      vertex 4.82573 157.614 14.1
      vertex 5.11292 157.695 14.1
    endloop
  endfacet
  facet normal -0 0 1
    outer loop
      vertex 4.45491 158.755 14.1
      vertex 4.82573 157.614 14.1
      vertex 4.83278 158.862 14.1
    endloop
  endfacet
  facet normal 0 0 1
    outer loop
      vertex 4.82573 157.614 14.1
      vertex 4.45491 158.755 14.1
      vertex 4.54581 157.511 14.1
    endloop
  endfacet
  facet normal -0 0 1
    outer loop
      vertex 4.08658 158.619 14.1
      vertex 4.54581 157.511 14.1
      vertex 4.45491 158.755 14.1
    endloop
  endfacet
  facet normal 0 0 1
    outer loop
      vertex 4.54581 157.511 14.1
      vertex 4.08658 158.619 14.1
      vertex 4.27484 157.386 14.1
    endloop
  endfacet
  facet normal -0 0 1
    outer loop
      vertex 3.73004 158.455 14.1
      vertex 4.27484 157.386 14.1
      vertex 4.08658 158.619 14.1
    endloop
  endfacet
  facet normal 0 0 1
    outer loop
      vertex 4.27484 157.386 14.1
      vertex 3.73004 158.455 14.1
      vertex 4.01451 157.24 14.1
    endloop
  endfacet
  facet normal -0 0 1
    outer loop
      vertex 3.38751 158.263 14.1
      vertex 4.01451 157.24 14.1
      vertex 3.73004 158.455 14.1
    endloop
  endfacet
  facet normal 0 0 1
    outer loop
      vertex 4.01451 157.24 14.1
      vertex 3.38751 158.263 14.1
      vertex 3.76642 157.074 14.1
    endloop
  endfacet
  facet normal -0 0 1
    outer loop
      vertex 3.06108 158.045 14.1
      vertex 3.76642 157.074 14.1
      vertex 3.38751 158.263 14.1
    endloop
  endfacet
  facet normal 0 0 1
    outer loop
      vertex 3.76642 157.074 14.1
      vertex 3.06108 158.045 14.1
      vertex 3.5321 156.89 14.1
    endloop
  endfacet
  facet normal -0 0 1
    outer loop
      vertex 2.75276 157.802 14.1
      vertex 3.5321 156.89 14.1
      vertex 3.06108 158.045 14.1
    endloop
  endfacet
  facet normal 0 0 1
    outer loop
      vertex 3.5321 156.89 14.1
      vertex 2.75276 157.802 14.1
      vertex 3.31299 156.687 14.1
    endloop
  endfacet
  facet normal -0 0 1
    outer loop
      vertex 2.46446 157.536 14.1
      vertex 3.31299 156.687 14.1
      vertex 2.75276 157.802 14.1
    endloop
  endfacet
  facet normal 0 0 1
    outer loop
      vertex 3.31299 156.687 14.1
      vertex 2.46446 157.536 14.1
      vertex 3.11046 156.468 14.1
    endloop
  endfacet
  facet normal -0 0 1
    outer loop
      vertex 2.19797 157.247 14.1
      vertex 3.11046 156.468 14.1
      vertex 2.46446 157.536 14.1
    endloop
  endfacet
  facet normal 0 0 1
    outer loop
      vertex 3.11046 156.468 14.1
      vertex 2.19797 157.247 14.1
      vertex 2.92574 156.234 14.1
    endloop
  endfacet
  facet normal -0 0 1
    outer loop
      vertex 1.95491 156.939 14.1
      vertex 2.92574 156.234 14.1
      vertex 2.19797 157.247 14.1
    endloop
  endfacet
  facet normal 0 0 1
    outer loop
      vertex 2.92574 156.234 14.1
      vertex 1.95491 156.939 14.1
      vertex 2.75996 155.985 14.1
    endloop
  endfacet
  facet normal -0 0 1
    outer loop
      vertex 1.7368 156.612 14.1
      vertex 2.75996 155.985 14.1
      vertex 1.95491 156.939 14.1
    endloop
  endfacet
  facet normal 0 0 1
    outer loop
      vertex 2.75996 155.985 14.1
      vertex 1.7368 156.612 14.1
      vertex 2.61418 155.725 14.1
    endloop
  endfacet
  facet normal -0 0 1
    outer loop
      vertex 1.54497 156.27 14.1
      vertex 2.61418 155.725 14.1
      vertex 1.7368 156.612 14.1
    endloop
  endfacet
  facet normal 0 0 1
    outer loop
      vertex 2.61418 155.725 14.1
      vertex 1.54497 156.27 14.1
      vertex 2.48926 155.454 14.1
    endloop
  endfacet
  facet normal -0 0 1
    outer loop
      vertex 1.24472 155.545 14.1
      vertex 2.38599 155.174 14.1
      vertex 1.3806 155.913 14.1
    endloop
  endfacet
  facet normal 0 0 1
    outer loop
      vertex 2.48926 155.454 14.1
      vertex 1.3806 155.913 14.1
      vertex 2.38599 155.174 14.1
    endloop
  endfacet
  facet normal -0 0 1
    outer loop
      vertex 1.3806 155.913 14.1
      vertex 2.48926 155.454 14.1
      vertex 1.54497 156.27 14.1
    endloop
  endfacet
  facet normal 0 0 1
    outer loop
      vertex 158.755 4.45491 14.1
      vertex 157.614 4.82573 14.1
      vertex 158.619 4.08658 14.1
    endloop
  endfacet
  facet normal -0 0 1
    outer loop
      vertex 157.511 4.54581 14.1
      vertex 158.619 4.08658 14.1
      vertex 157.614 4.82573 14.1
    endloop
  endfacet
  facet normal 0 0 1
    outer loop
      vertex 158.619 4.08658 14.1
      vertex 157.511 4.54581 14.1
      vertex 158.455 3.73004 14.1
    endloop
  endfacet
  facet normal -0 0 1
    outer loop
      vertex 157.386 4.27484 14.1
      vertex 158.455 3.73004 14.1
      vertex 157.511 4.54581 14.1
    endloop
  endfacet
  facet normal 0 0 1
    outer loop
      vertex 158.455 3.73004 14.1
      vertex 157.386 4.27484 14.1
      vertex 158.263 3.38751 14.1
    endloop
  endfacet
  facet normal -0 0 1
    outer loop
      vertex 157.24 4.01451 14.1
      vertex 158.263 3.38751 14.1
      vertex 157.386 4.27484 14.1
    endloop
  endfacet
  facet normal 0 0 1
    outer loop
      vertex 158.263 3.38751 14.1
      vertex 157.24 4.01451 14.1
      vertex 158.045 3.06108 14.1
    endloop
  endfacet
  facet normal -0 0 1
    outer loop
      vertex 157.074 3.76642 14.1
      vertex 158.045 3.06108 14.1
      vertex 157.24 4.01451 14.1
    endloop
  endfacet
  facet normal 0 0 1
    outer loop
      vertex 158.045 3.06108 14.1
      vertex 157.074 3.76642 14.1
      vertex 157.802 2.75276 14.1
    endloop
  endfacet
  facet normal -0 0 1
    outer loop
      vertex 156.89 3.5321 14.1
      vertex 157.802 2.75276 14.1
      vertex 157.074 3.76642 14.1
    endloop
  endfacet
  facet normal 0 0 1
    outer loop
      vertex 157.802 2.75276 14.1
      vertex 156.89 3.5321 14.1
      vertex 157.536 2.46446 14.1
    endloop
  endfacet
  facet normal -0 0 1
    outer loop
      vertex 156.687 3.31299 14.1
      vertex 157.536 2.46446 14.1
      vertex 156.89 3.5321 14.1
    endloop
  endfacet
  facet normal 0 0 1
    outer loop
      vertex 157.536 2.46446 14.1
      vertex 156.687 3.31299 14.1
      vertex 157.247 2.19797 14.1
    endloop
  endfacet
  facet normal -0 0 1
    outer loop
      vertex 156.468 3.11046 14.1
      vertex 157.247 2.19797 14.1
      vertex 156.687 3.31299 14.1
    endloop
  endfacet
  facet normal 0 0 1
    outer loop
      vertex 157.247 2.19797 14.1
      vertex 156.468 3.11046 14.1
      vertex 156.939 1.95491 14.1
    endloop
  endfacet
  facet normal -0 0 1
    outer loop
      vertex 156.234 2.92574 14.1
      vertex 156.939 1.95491 14.1
      vertex 156.468 3.11046 14.1
    endloop
  endfacet
  facet normal 0 0 1
    outer loop
      vertex 156.939 1.95491 14.1
      vertex 156.234 2.92574 14.1
      vertex 156.612 1.7368 14.1
    endloop
  endfacet
  facet normal -0 0 1
    outer loop
      vertex 155.985 2.75996 14.1
      vertex 156.612 1.7368 14.1
      vertex 156.234 2.92574 14.1
    endloop
  endfacet
  facet normal 0 0 1
    outer loop
      vertex 156.612 1.7368 14.1
      vertex 155.985 2.75996 14.1
      vertex 156.27 1.54497 14.1
    endloop
  endfacet
  facet normal -0 0 1
    outer loop
      vertex 155.725 2.61418 14.1
      vertex 156.27 1.54497 14.1
      vertex 155.985 2.75996 14.1
    endloop
  endfacet
  facet normal 0 0 1
    outer loop
      vertex 156.27 1.54497 14.1
      vertex 155.725 2.61418 14.1
      vertex 155.913 1.3806 14.1
    endloop
  endfacet
  facet normal -0 0 1
    outer loop
      vertex 155.454 2.48926 14.1
      vertex 155.913 1.3806 14.1
      vertex 155.725 2.61418 14.1
    endloop
  endfacet
  facet normal 0 0 1
    outer loop
      vertex 155.913 1.3806 14.1
      vertex 155.454 2.48926 14.1
      vertex 155.545 1.24472 14.1
    endloop
  endfacet
  facet normal -0 0 1
    outer loop
      vertex 155.174 2.38599 14.1
      vertex 155.545 1.24472 14.1
      vertex 155.454 2.48926 14.1
    endloop
  endfacet
  facet normal 0 0 1
    outer loop
      vertex 155.174 2.38599 14.1
      vertex 155.167 1.13815 14.1
      vertex 155.545 1.24472 14.1
    endloop
  endfacet
  facet normal -0 0 1
    outer loop
      vertex 154.887 2.30499 14.1
      vertex 155.167 1.13815 14.1
      vertex 155.174 2.38599 14.1
    endloop
  endfacet
  facet normal 0 0 1
    outer loop
      vertex 154.887 2.30499 14.1
      vertex 154.782 1.06155 14.1
      vertex 155.167 1.13815 14.1
    endloop
  endfacet
  facet normal -0 0 1
    outer loop
      vertex 154.594 2.24678 14.1
      vertex 154.782 1.06155 14.1
      vertex 154.887 2.30499 14.1
    endloop
  endfacet
  facet normal 0 0 1
    outer loop
      vertex 154.594 2.24678 14.1
      vertex 154.392 1.01541 14.1
      vertex 154.782 1.06155 14.1
    endloop
  endfacet
  facet normal -0 0 1
    outer loop
      vertex 154.298 2.21172 14.1
      vertex 154.392 1.01541 14.1
      vertex 154.594 2.24678 14.1
    endloop
  endfacet
  facet normal -0 0 1
    outer loop
      vertex 154 2.2 14.1
      vertex 154.392 1.01541 14.1
      vertex 154.298 2.21172 14.1
    endloop
  endfacet
  facet normal 0 0 1
    outer loop
      vertex 154 2.2 14.1
      vertex 154 1 14.1
      vertex 154.392 1.01541 14.1
    endloop
  endfacet
  facet normal -0 0 1
    outer loop
      vertex 6 2.2 14.1
      vertex 154 1 14.1
      vertex 154 2.2 14.1
    endloop
  endfacet
  facet normal 0 0 1
    outer loop
      vertex 6 2.2 14.1
      vertex 6 1 14.1
      vertex 154 1 14.1
    endloop
  endfacet
  facet normal 0 0 1
    outer loop
      vertex 5.70186 2.21172 14.1
      vertex 6 1 14.1
      vertex 6 2.2 14.1
    endloop
  endfacet
  facet normal 0 0 1
    outer loop
      vertex 5.70186 2.21172 14.1
      vertex 5.60771 1.01541 14.1
      vertex 6 1 14.1
    endloop
  endfacet
  facet normal 0 0 1
    outer loop
      vertex 5.40555 2.24678 14.1
      vertex 5.60771 1.01541 14.1
      vertex 5.70186 2.21172 14.1
    endloop
  endfacet
  facet normal 0 0 1
    outer loop
      vertex 5.40555 2.24678 14.1
      vertex 5.21783 1.06155 14.1
      vertex 5.60771 1.01541 14.1
    endloop
  endfacet
  facet normal 0 0 1
    outer loop
      vertex 5.11292 2.30499 14.1
      vertex 5.21783 1.06155 14.1
      vertex 5.40555 2.24678 14.1
    endloop
  endfacet
  facet normal 0 0 1
    outer loop
      vertex 5.11292 2.30499 14.1
      vertex 4.83278 1.13815 14.1
      vertex 5.21783 1.06155 14.1
    endloop
  endfacet
  facet normal 0 0 1
    outer loop
      vertex 4.82573 2.38599 14.1
      vertex 4.83278 1.13815 14.1
      vertex 5.11292 2.30499 14.1
    endloop
  endfacet
  facet normal 0 0 1
    outer loop
      vertex 4.45491 1.24472 14.1
      vertex 4.82573 2.38599 14.1
      vertex 4.54581 2.48926 14.1
    endloop
  endfacet
  facet normal 0 0 1
    outer loop
      vertex 4.82573 2.38599 14.1
      vertex 4.45491 1.24472 14.1
      vertex 4.83278 1.13815 14.1
    endloop
  endfacet
  facet normal 0 0 1
    outer loop
      vertex 4.08658 1.3806 14.1
      vertex 4.54581 2.48926 14.1
      vertex 4.27484 2.61418 14.1
    endloop
  endfacet
  facet normal 0 0 1
    outer loop
      vertex 4.54581 2.48926 14.1
      vertex 4.08658 1.3806 14.1
      vertex 4.45491 1.24472 14.1
    endloop
  endfacet
  facet normal 0 0 1
    outer loop
      vertex 3.73004 1.54497 14.1
      vertex 4.27484 2.61418 14.1
      vertex 4.01451 2.75996 14.1
    endloop
  endfacet
  facet normal 0 0 1
    outer loop
      vertex 3.38751 1.7368 14.1
      vertex 4.01451 2.75996 14.1
      vertex 3.76642 2.92574 14.1
    endloop
  endfacet
  facet normal 0 0 1
    outer loop
      vertex 4.27484 2.61418 14.1
      vertex 3.73004 1.54497 14.1
      vertex 4.08658 1.3806 14.1
    endloop
  endfacet
  facet normal 0 0 1
    outer loop
      vertex 3.06108 1.95491 14.1
      vertex 3.76642 2.92574 14.1
      vertex 3.5321 3.11046 14.1
    endloop
  endfacet
  facet normal 0 0 1
    outer loop
      vertex 4.01451 2.75996 14.1
      vertex 3.38751 1.7368 14.1
      vertex 3.73004 1.54497 14.1
    endloop
  endfacet
  facet normal 0 0 1
    outer loop
      vertex 2.75276 2.19797 14.1
      vertex 3.5321 3.11046 14.1
      vertex 3.31299 3.31299 14.1
    endloop
  endfacet
  facet normal 0 0 1
    outer loop
      vertex 2.46446 2.46446 14.1
      vertex 3.31299 3.31299 14.1
      vertex 3.11046 3.5321 14.1
    endloop
  endfacet
  facet normal 0 0 1
    outer loop
      vertex 3.76642 2.92574 14.1
      vertex 3.06108 1.95491 14.1
      vertex 3.38751 1.7368 14.1
    endloop
  endfacet
  facet normal 0 0 1
    outer loop
      vertex 2.19797 2.75276 14.1
      vertex 3.11046 3.5321 14.1
      vertex 2.92574 3.76642 14.1
    endloop
  endfacet
  facet normal 0 0 1
    outer loop
      vertex 1.95491 3.06108 14.1
      vertex 2.92574 3.76642 14.1
      vertex 2.75996 4.01451 14.1
    endloop
  endfacet
  facet normal 0 0 1
    outer loop
      vertex 3.5321 3.11046 14.1
      vertex 2.75276 2.19797 14.1
      vertex 3.06108 1.95491 14.1
    endloop
  endfacet
  facet normal 0 0 1
    outer loop
      vertex 1.7368 3.38751 14.1
      vertex 2.75996 4.01451 14.1
      vertex 2.61418 4.27484 14.1
    endloop
  endfacet
  facet normal 0 0 1
    outer loop
      vertex 1.54497 3.73004 14.1
      vertex 2.61418 4.27484 14.1
      vertex 2.48926 4.54581 14.1
    endloop
  endfacet
  facet normal 0 0 1
    outer loop
      vertex 3.31299 3.31299 14.1
      vertex 2.46446 2.46446 14.1
      vertex 2.75276 2.19797 14.1
    endloop
  endfacet
  facet normal 0 0 1
    outer loop
      vertex 1.3806 4.08658 14.1
      vertex 2.48926 4.54581 14.1
      vertex 2.38599 4.82573 14.1
    endloop
  endfacet
  facet normal 0 0 1
    outer loop
      vertex 1.24472 4.45491 14.1
      vertex 2.38599 4.82573 14.1
      vertex 2.30499 5.11292 14.1
    endloop
  endfacet
  facet normal 0 0 1
    outer loop
      vertex 1.13815 4.83278 14.1
      vertex 2.30499 5.11292 14.1
      vertex 2.24678 5.40555 14.1
    endloop
  endfacet
  facet normal 0 0 1
    outer loop
      vertex 1.06155 5.21783 14.1
      vertex 2.24678 5.40555 14.1
      vertex 2.21172 5.70186 14.1
    endloop
  endfacet
  facet normal 0 0 1
    outer loop
      vertex 3.11046 3.5321 14.1
      vertex 2.19797 2.75276 14.1
      vertex 2.46446 2.46446 14.1
    endloop
  endfacet
  facet normal 0 0 1
    outer loop
      vertex 1.01541 5.60771 14.1
      vertex 2.21172 5.70186 14.1
      vertex 2.2 6 14.1
    endloop
  endfacet
  facet normal 0 0 1
    outer loop
      vertex 2.2 154 14.1
      vertex 1 154 14.1
      vertex 2.2 6 14.1
    endloop
  endfacet
  facet normal 0 0 1
    outer loop
      vertex 2.38599 155.174 14.1
      vertex 1.24472 155.545 14.1
      vertex 2.30499 154.887 14.1
    endloop
  endfacet
  facet normal 0 0 1
    outer loop
      vertex 1 6 14.1
      vertex 2.2 6 14.1
      vertex 1 154 14.1
    endloop
  endfacet
  facet normal -0 0 1
    outer loop
      vertex 1.13815 155.167 14.1
      vertex 2.30499 154.887 14.1
      vertex 1.24472 155.545 14.1
    endloop
  endfacet
  facet normal 0 -0 1
    outer loop
      vertex 1.01541 5.60771 14.1
      vertex 2.2 6 14.1
      vertex 1 6 14.1
    endloop
  endfacet
  facet normal 0 0 1
    outer loop
      vertex 2.30499 154.887 14.1
      vertex 1.13815 155.167 14.1
      vertex 2.24678 154.594 14.1
    endloop
  endfacet
  facet normal 0 0 1
    outer loop
      vertex 2.92574 3.76642 14.1
      vertex 1.95491 3.06108 14.1
      vertex 2.19797 2.75276 14.1
    endloop
  endfacet
  facet normal -0 0 1
    outer loop
      vertex 1.06155 154.782 14.1
      vertex 2.24678 154.594 14.1
      vertex 1.13815 155.167 14.1
    endloop
  endfacet
  facet normal 0 0 1
    outer loop
      vertex 2.75996 4.01451 14.1
      vertex 1.7368 3.38751 14.1
      vertex 1.95491 3.06108 14.1
    endloop
  endfacet
  facet normal 0 0 1
    outer loop
      vertex 2.24678 154.594 14.1
      vertex 1.06155 154.782 14.1
      vertex 2.21172 154.298 14.1
    endloop
  endfacet
  facet normal 0 0 1
    outer loop
      vertex 2.61418 4.27484 14.1
      vertex 1.54497 3.73004 14.1
      vertex 1.7368 3.38751 14.1
    endloop
  endfacet
  facet normal -0 0 1
    outer loop
      vertex 1.01541 154.392 14.1
      vertex 2.21172 154.298 14.1
      vertex 1.06155 154.782 14.1
    endloop
  endfacet
  facet normal 0 0 1
    outer loop
      vertex 2.48926 4.54581 14.1
      vertex 1.3806 4.08658 14.1
      vertex 1.54497 3.73004 14.1
    endloop
  endfacet
  facet normal 0 0 1
    outer loop
      vertex 2.21172 154.298 14.1
      vertex 1.01541 154.392 14.1
      vertex 2.2 154 14.1
    endloop
  endfacet
  facet normal 0 0 1
    outer loop
      vertex 2.38599 4.82573 14.1
      vertex 1.24472 4.45491 14.1
      vertex 1.3806 4.08658 14.1
    endloop
  endfacet
  facet normal 0 0 1
    outer loop
      vertex 2.2 154 14.1
      vertex 1.01541 154.392 14.1
      vertex 1 154 14.1
    endloop
  endfacet
  facet normal 0 0 1
    outer loop
      vertex 2.30499 5.11292 14.1
      vertex 1.13815 4.83278 14.1
      vertex 1.24472 4.45491 14.1
    endloop
  endfacet
  facet normal 0 0 1
    outer loop
      vertex 2.24678 5.40555 14.1
      vertex 1.06155 5.21783 14.1
      vertex 1.13815 4.83278 14.1
    endloop
  endfacet
  facet normal 0 0 1
    outer loop
      vertex 2.21172 5.70186 14.1
      vertex 1.01541 5.60771 14.1
      vertex 1.06155 5.21783 14.1
    endloop
  endfacet
  facet normal 0.117488 -0.993074 0
    outer loop
      vertex 154.392 1.01541 12.91
      vertex 154.782 1.06155 14.1
      vertex 154.392 1.01541 14.1
    endloop
  endfacet
  facet normal 0.117488 -0.993074 0
    outer loop
      vertex 154.782 1.06155 14.1
      vertex 154.392 1.01541 12.91
      vertex 154.782 1.06155 12.91
    endloop
  endfacet
  facet normal 0.195136 -0.980776 0
    outer loop
      vertex 154.782 1.06155 12.91
      vertex 155.167 1.13815 14.1
      vertex 154.782 1.06155 14.1
    endloop
  endfacet
  facet normal 0.195136 -0.980776 0
    outer loop
      vertex 155.167 1.13815 14.1
      vertex 154.782 1.06155 12.91
      vertex 155.167 1.13815 12.91
    endloop
  endfacet
  facet normal 0.271353 -0.96248 0
    outer loop
      vertex 155.167 1.13815 12.91
      vertex 155.545 1.24472 14.1
      vertex 155.167 1.13815 14.1
    endloop
  endfacet
  facet normal 0.271353 -0.96248 0
    outer loop
      vertex 155.545 1.24472 14.1
      vertex 155.167 1.13815 12.91
      vertex 155.545 1.24472 12.91
    endloop
  endfacet
  facet normal 0.346381 -0.938094 0
    outer loop
      vertex 155.545 1.24472 12.91
      vertex 155.913 1.3806 14.1
      vertex 155.545 1.24472 14.1
    endloop
  endfacet
  facet normal 0.346381 -0.938094 0
    outer loop
      vertex 155.913 1.3806 14.1
      vertex 155.545 1.24472 12.91
      vertex 155.913 1.3806 12.91
    endloop
  endfacet
  facet normal 0.418221 -0.908345 0
    outer loop
      vertex 155.913 1.3806 12.91
      vertex 156.27 1.54497 14.1
      vertex 155.913 1.3806 14.1
    endloop
  endfacet
  facet normal 0.418221 -0.908345 0
    outer loop
      vertex 156.27 1.54497 14.1
      vertex 155.913 1.3806 12.91
      vertex 156.27 1.54497 12.91
    endloop
  endfacet
  facet normal 0.489205 -0.872169 0
    outer loop
      vertex 156.27 1.54497 12.91
      vertex 156.612 1.7368 14.1
      vertex 156.27 1.54497 14.1
    endloop
  endfacet
  facet normal 0.489205 -0.872169 0
    outer loop
      vertex 156.612 1.7368 14.1
      vertex 156.27 1.54497 12.91
      vertex 156.612 1.7368 12.91
    endloop
  endfacet
  facet normal 0.554894 -0.831921 0
    outer loop
      vertex 156.612 1.7368 12.91
      vertex 156.939 1.95491 14.1
      vertex 156.612 1.7368 14.1
    endloop
  endfacet
  facet normal 0.554894 -0.831921 0
    outer loop
      vertex 156.939 1.95491 14.1
      vertex 156.612 1.7368 12.91
      vertex 156.939 1.95491 12.91
    endloop
  endfacet
  facet normal 0.619491 -0.785004 0
    outer loop
      vertex 156.939 1.95491 12.91
      vertex 157.247 2.19797 14.1
      vertex 156.939 1.95491 14.1
    endloop
  endfacet
  facet normal 0.619491 -0.785004 0
    outer loop
      vertex 157.247 2.19797 14.1
      vertex 156.939 1.95491 12.91
      vertex 157.247 2.19797 12.91
    endloop
  endfacet
  facet normal 0.677896 -0.735157 0
    outer loop
      vertex 157.247 2.19797 12.91
      vertex 157.536 2.46446 14.1
      vertex 157.247 2.19797 14.1
    endloop
  endfacet
  facet normal 0.677896 -0.735157 0
    outer loop
      vertex 157.536 2.46446 14.1
      vertex 157.247 2.19797 12.91
      vertex 157.536 2.46446 12.91
    endloop
  endfacet
  facet normal 0.73496 -0.678111 0
    outer loop
      vertex 157.536 2.46446 14.1
      vertex 157.802 2.75276 12.91
      vertex 157.802 2.75276 14.1
    endloop
  endfacet
  facet normal 0.73496 -0.678111 0
    outer loop
      vertex 157.802 2.75276 12.91
      vertex 157.536 2.46446 14.1
      vertex 157.536 2.46446 12.91
    endloop
  endfacet
  facet normal 0.785391 -0.619 0
    outer loop
      vertex 157.802 2.75276 14.1
      vertex 158.045 3.06108 12.91
      vertex 158.045 3.06108 14.1
    endloop
  endfacet
  facet normal 0.785391 -0.619 0
    outer loop
      vertex 158.045 3.06108 12.91
      vertex 157.802 2.75276 14.1
      vertex 157.802 2.75276 12.91
    endloop
  endfacet
  facet normal 0.831603 -0.55537 0
    outer loop
      vertex 158.045 3.06108 14.1
      vertex 158.263 3.38751 12.91
      vertex 158.263 3.38751 14.1
    endloop
  endfacet
  facet normal 0.831603 -0.55537 0
    outer loop
      vertex 158.263 3.38751 12.91
      vertex 158.045 3.06108 14.1
      vertex 158.045 3.06108 12.91
    endloop
  endfacet
  facet normal 0.872307 -0.488958 0
    outer loop
      vertex 158.263 3.38751 14.1
      vertex 158.455 3.73004 12.91
      vertex 158.455 3.73004 14.1
    endloop
  endfacet
  facet normal 0.872307 -0.488958 0
    outer loop
      vertex 158.455 3.73004 12.91
      vertex 158.263 3.38751 14.1
      vertex 158.263 3.38751 12.91
    endloop
  endfacet
  facet normal 0.908499 -0.417888 0
    outer loop
      vertex 158.455 3.73004 14.1
      vertex 158.619 4.08658 12.91
      vertex 158.619 4.08658 14.1
    endloop
  endfacet
  facet normal 0.908499 -0.417888 0
    outer loop
      vertex 158.619 4.08658 12.91
      vertex 158.455 3.73004 14.1
      vertex 158.455 3.73004 12.91
    endloop
  endfacet
  facet normal 0.938095 -0.346377 0
    outer loop
      vertex 158.619 4.08658 14.1
      vertex 158.755 4.45491 12.91
      vertex 158.755 4.45491 14.1
    endloop
  endfacet
  facet normal 0.938095 -0.346377 0
    outer loop
      vertex 158.755 4.45491 12.91
      vertex 158.619 4.08658 14.1
      vertex 158.619 4.08658 12.91
    endloop
  endfacet
  facet normal 0.962169 -0.272454 0
    outer loop
      vertex 158.755 4.45491 14.1
      vertex 158.862 4.83278 12.91
      vertex 158.862 4.83278 14.1
    endloop
  endfacet
  facet normal 0.962169 -0.272454 0
    outer loop
      vertex 158.862 4.83278 12.91
      vertex 158.755 4.45491 14.1
      vertex 158.755 4.45491 12.91
    endloop
  endfacet
  facet normal 0.981072 -0.193641 0
    outer loop
      vertex 158.862 4.83278 14.1
      vertex 158.938 5.21783 12.91
      vertex 158.938 5.21783 14.1
    endloop
  endfacet
  facet normal 0.981072 -0.193641 0
    outer loop
      vertex 158.938 5.21783 12.91
      vertex 158.862 4.83278 14.1
      vertex 158.862 4.83278 12.91
    endloop
  endfacet
  facet normal 0.992812 -0.119683 0
    outer loop
      vertex 158.938 5.21783 14.1
      vertex 158.985 5.60771 12.91
      vertex 158.985 5.60771 14.1
    endloop
  endfacet
  facet normal 0.992812 -0.119683 0
    outer loop
      vertex 158.985 5.60771 12.91
      vertex 158.938 5.21783 14.1
      vertex 158.938 5.21783 12.91
    endloop
  endfacet
  facet normal 0.99927 -0.0382091 0
    outer loop
      vertex 158.985 5.60771 14.1
      vertex 159 6 12.91
      vertex 159 6 14.1
    endloop
  endfacet
  facet normal 0.99927 -0.0382091 0
    outer loop
      vertex 159 6 12.91
      vertex 158.985 5.60771 14.1
      vertex 158.985 5.60771 12.91
    endloop
  endfacet
  facet normal 1 -0 0
    outer loop
      vertex 159 6 14.1
      vertex 159 154 12.91
      vertex 159 154 14.1
    endloop
  endfacet
  facet normal 1 0 0
    outer loop
      vertex 159 154 12.91
      vertex 159 6 14.1
      vertex 159 6 12.91
    endloop
  endfacet
  facet normal 0.999269 0.0382373 0
    outer loop
      vertex 159 154 14.1
      vertex 158.985 154.392 12.91
      vertex 158.985 154.392 14.1
    endloop
  endfacet
  facet normal 0.999269 0.0382373 0
    outer loop
      vertex 158.985 154.392 12.91
      vertex 159 154 14.1
      vertex 159 154 12.91
    endloop
  endfacet
  facet normal 0.992816 0.119647 0
    outer loop
      vertex 158.985 154.392 14.1
      vertex 158.938 154.782 12.91
      vertex 158.938 154.782 14.1
    endloop
  endfacet
  facet normal 0.992816 0.119647 0
    outer loop
      vertex 158.938 154.782 12.91
      vertex 158.985 154.392 14.1
      vertex 158.985 154.392 12.91
    endloop
  endfacet
  facet normal 0.981068 0.193665 0
    outer loop
      vertex 158.938 154.782 14.1
      vertex 158.862 155.167 12.91
      vertex 158.862 155.167 14.1
    endloop
  endfacet
  facet normal 0.981068 0.193665 0
    outer loop
      vertex 158.862 155.167 12.91
      vertex 158.938 154.782 14.1
      vertex 158.938 154.782 12.91
    endloop
  endfacet
  facet normal 0.962193 0.272367 0
    outer loop
      vertex 158.862 155.167 14.1
      vertex 158.755 155.545 12.91
      vertex 158.755 155.545 14.1
    endloop
  endfacet
  facet normal 0.962193 0.272367 0
    outer loop
      vertex 158.755 155.545 12.91
      vertex 158.862 155.167 14.1
      vertex 158.862 155.167 12.91
    endloop
  endfacet
  facet normal 0.937994 0.34665 0
    outer loop
      vertex 158.755 155.545 14.1
      vertex 158.619 155.913 12.91
      vertex 158.619 155.913 14.1
    endloop
  endfacet
  facet normal 0.937994 0.34665 0
    outer loop
      vertex 158.619 155.913 12.91
      vertex 158.755 155.545 14.1
      vertex 158.755 155.545 12.91
    endloop
  endfacet
  facet normal 0.908703 0.417443 0
    outer loop
      vertex 158.619 155.913 14.1
      vertex 158.455 156.27 12.91
      vertex 158.455 156.27 14.1
    endloop
  endfacet
  facet normal 0.908703 0.417443 0
    outer loop
      vertex 158.455 156.27 12.91
      vertex 158.619 155.913 14.1
      vertex 158.619 155.913 12.91
    endloop
  endfacet
  facet normal 0.871984 0.489535 0
    outer loop
      vertex 158.455 156.27 14.1
      vertex 158.263 156.612 12.91
      vertex 158.263 156.612 14.1
    endloop
  endfacet
  facet normal 0.871984 0.489535 0
    outer loop
      vertex 158.263 156.612 12.91
      vertex 158.455 156.27 14.1
      vertex 158.455 156.27 12.91
    endloop
  endfacet
  facet normal 0.83205 0.5547 0
    outer loop
      vertex 158.263 156.612 14.1
      vertex 158.045 156.939 12.91
      vertex 158.045 156.939 14.1
    endloop
  endfacet
  facet normal 0.83205 0.5547 0
    outer loop
      vertex 158.045 156.939 12.91
      vertex 158.263 156.612 14.1
      vertex 158.263 156.612 12.91
    endloop
  endfacet
  facet normal 0.785078 0.619396 0
    outer loop
      vertex 158.045 156.939 14.1
      vertex 157.802 157.247 12.91
      vertex 157.802 157.247 14.1
    endloop
  endfacet
  facet normal 0.785078 0.619396 0
    outer loop
      vertex 157.802 157.247 12.91
      vertex 158.045 156.939 14.1
      vertex 158.045 156.939 12.91
    endloop
  endfacet
  facet normal 0.735779 0.677222 0
    outer loop
      vertex 157.802 157.247 14.1
      vertex 157.536 157.536 12.91
      vertex 157.536 157.536 14.1
    endloop
  endfacet
  facet normal 0.735779 0.677222 0
    outer loop
      vertex 157.536 157.536 12.91
      vertex 157.802 157.247 14.1
      vertex 157.802 157.247 12.91
    endloop
  endfacet
  facet normal 0.677222 0.735779 -0
    outer loop
      vertex 157.536 157.536 12.91
      vertex 157.247 157.802 14.1
      vertex 157.536 157.536 14.1
    endloop
  endfacet
  facet normal 0.677222 0.735779 0
    outer loop
      vertex 157.247 157.802 14.1
      vertex 157.536 157.536 12.91
      vertex 157.247 157.802 12.91
    endloop
  endfacet
  facet normal 0.619396 0.785078 -0
    outer loop
      vertex 157.247 157.802 12.91
      vertex 156.939 158.045 14.1
      vertex 157.247 157.802 14.1
    endloop
  endfacet
  facet normal 0.619396 0.785078 0
    outer loop
      vertex 156.939 158.045 14.1
      vertex 157.247 157.802 12.91
      vertex 156.939 158.045 12.91
    endloop
  endfacet
  facet normal 0.5547 0.83205 -0
    outer loop
      vertex 156.939 158.045 12.91
      vertex 156.612 158.263 14.1
      vertex 156.939 158.045 14.1
    endloop
  endfacet
  facet normal 0.5547 0.83205 0
    outer loop
      vertex 156.612 158.263 14.1
      vertex 156.939 158.045 12.91
      vertex 156.612 158.263 12.91
    endloop
  endfacet
  facet normal 0.489535 0.871984 -0
    outer loop
      vertex 156.612 158.263 12.91
      vertex 156.27 158.455 14.1
      vertex 156.612 158.263 14.1
    endloop
  endfacet
  facet normal 0.489535 0.871984 0
    outer loop
      vertex 156.27 158.455 14.1
      vertex 156.612 158.263 12.91
      vertex 156.27 158.455 12.91
    endloop
  endfacet
  facet normal 0.417443 0.908703 -0
    outer loop
      vertex 156.27 158.455 12.91
      vertex 155.913 158.619 14.1
      vertex 156.27 158.455 14.1
    endloop
  endfacet
  facet normal 0.417443 0.908703 0
    outer loop
      vertex 155.913 158.619 14.1
      vertex 156.27 158.455 12.91
      vertex 155.913 158.619 12.91
    endloop
  endfacet
  facet normal 0.34665 0.937994 -0
    outer loop
      vertex 155.913 158.619 12.91
      vertex 155.545 158.755 14.1
      vertex 155.913 158.619 14.1
    endloop
  endfacet
  facet normal 0.34665 0.937994 0
    outer loop
      vertex 155.545 158.755 14.1
      vertex 155.913 158.619 12.91
      vertex 155.545 158.755 12.91
    endloop
  endfacet
  facet normal 0.272367 0.962193 -0
    outer loop
      vertex 155.545 158.755 12.91
      vertex 155.167 158.862 14.1
      vertex 155.545 158.755 14.1
    endloop
  endfacet
  facet normal 0.272367 0.962193 0
    outer loop
      vertex 155.167 158.862 14.1
      vertex 155.545 158.755 12.91
      vertex 155.167 158.862 12.91
    endloop
  endfacet
  facet normal 0.193665 0.981068 -0
    outer loop
      vertex 155.167 158.862 12.91
      vertex 154.782 158.938 14.1
      vertex 155.167 158.862 14.1
    endloop
  endfacet
  facet normal 0.193665 0.981068 0
    outer loop
      vertex 154.782 158.938 14.1
      vertex 155.167 158.862 12.91
      vertex 154.782 158.938 12.91
    endloop
  endfacet
  facet normal 0.119647 0.992816 -0
    outer loop
      vertex 154.782 158.938 12.91
      vertex 154.392 158.985 14.1
      vertex 154.782 158.938 14.1
    endloop
  endfacet
  facet normal 0.119647 0.992816 0
    outer loop
      vertex 154.392 158.985 14.1
      vertex 154.782 158.938 12.91
      vertex 154.392 158.985 12.91
    endloop
  endfacet
  facet normal 0.0382373 0.999269 -0
    outer loop
      vertex 154.392 158.985 12.91
      vertex 154 159 14.1
      vertex 154.392 158.985 14.1
    endloop
  endfacet
  facet normal 0.0382373 0.999269 0
    outer loop
      vertex 154 159 14.1
      vertex 154.392 158.985 12.91
      vertex 154 159 12.91
    endloop
  endfacet
  facet normal 0 1 -0
    outer loop
      vertex 154 159 12.91
      vertex 6 159 14.1
      vertex 154 159 14.1
    endloop
  endfacet
  facet normal 0 1 0
    outer loop
      vertex 6 159 14.1
      vertex 154 159 12.91
      vertex 6 159 12.91
    endloop
  endfacet
  facet normal -0.0382091 0.99927 0
    outer loop
      vertex 6 159 12.91
      vertex 5.60771 158.985 14.1
      vertex 6 159 14.1
    endloop
  endfacet
  facet normal -0.0382091 0.99927 0
    outer loop
      vertex 5.60771 158.985 14.1
      vertex 6 159 12.91
      vertex 5.60771 158.985 12.91
    endloop
  endfacet
  facet normal -0.119683 0.992812 0
    outer loop
      vertex 5.60771 158.985 12.91
      vertex 5.21783 158.938 14.1
      vertex 5.60771 158.985 14.1
    endloop
  endfacet
  facet normal -0.119683 0.992812 0
    outer loop
      vertex 5.21783 158.938 14.1
      vertex 5.60771 158.985 12.91
      vertex 5.21783 158.938 12.91
    endloop
  endfacet
  facet normal -0.193641 0.981072 0
    outer loop
      vertex 5.21783 158.938 12.91
      vertex 4.83278 158.862 14.1
      vertex 5.21783 158.938 14.1
    endloop
  endfacet
  facet normal -0.193641 0.981072 0
    outer loop
      vertex 4.83278 158.862 14.1
      vertex 5.21783 158.938 12.91
      vertex 4.83278 158.862 12.91
    endloop
  endfacet
  facet normal -0.272454 0.962169 0
    outer loop
      vertex 4.83278 158.862 12.91
      vertex 4.45491 158.755 14.1
      vertex 4.83278 158.862 14.1
    endloop
  endfacet
  facet normal -0.272454 0.962169 0
    outer loop
      vertex 4.45491 158.755 14.1
      vertex 4.83278 158.862 12.91
      vertex 4.45491 158.755 12.91
    endloop
  endfacet
  facet normal -0.346377 0.938095 0
    outer loop
      vertex 4.45491 158.755 12.91
      vertex 4.08658 158.619 14.1
      vertex 4.45491 158.755 14.1
    endloop
  endfacet
  facet normal -0.346377 0.938095 0
    outer loop
      vertex 4.08658 158.619 14.1
      vertex 4.45491 158.755 12.91
      vertex 4.08658 158.619 12.91
    endloop
  endfacet
  facet normal -0.417888 0.908499 0
    outer loop
      vertex 4.08658 158.619 12.91
      vertex 3.73004 158.455 14.1
      vertex 4.08658 158.619 14.1
    endloop
  endfacet
  facet normal -0.417888 0.908499 0
    outer loop
      vertex 3.73004 158.455 14.1
      vertex 4.08658 158.619 12.91
      vertex 3.73004 158.455 12.91
    endloop
  endfacet
  facet normal -0.488958 0.872307 0
    outer loop
      vertex 3.73004 158.455 12.91
      vertex 3.38751 158.263 14.1
      vertex 3.73004 158.455 14.1
    endloop
  endfacet
  facet normal -0.488958 0.872307 0
    outer loop
      vertex 3.38751 158.263 14.1
      vertex 3.73004 158.455 12.91
      vertex 3.38751 158.263 12.91
    endloop
  endfacet
  facet normal -0.55537 0.831603 0
    outer loop
      vertex 3.38751 158.263 12.91
      vertex 3.06108 158.045 14.1
      vertex 3.38751 158.263 14.1
    endloop
  endfacet
  facet normal -0.55537 0.831603 0
    outer loop
      vertex 3.06108 158.045 14.1
      vertex 3.38751 158.263 12.91
      vertex 3.06108 158.045 12.91
    endloop
  endfacet
  facet normal -0.619 0.785391 0
    outer loop
      vertex 3.06108 158.045 12.91
      vertex 2.75276 157.802 14.1
      vertex 3.06108 158.045 14.1
    endloop
  endfacet
  facet normal -0.619 0.785391 0
    outer loop
      vertex 2.75276 157.802 14.1
      vertex 3.06108 158.045 12.91
      vertex 2.75276 157.802 12.91
    endloop
  endfacet
  facet normal -0.678111 0.73496 0
    outer loop
      vertex 2.75276 157.802 12.91
      vertex 2.46446 157.536 14.1
      vertex 2.75276 157.802 14.1
    endloop
  endfacet
  facet normal -0.678111 0.73496 0
    outer loop
      vertex 2.46446 157.536 14.1
      vertex 2.75276 157.802 12.91
      vertex 2.46446 157.536 12.91
    endloop
  endfacet
  facet normal -0.735157 0.677896 0
    outer loop
      vertex 2.19797 157.247 12.91
      vertex 2.46446 157.536 14.1
      vertex 2.46446 157.536 12.91
    endloop
  endfacet
  facet normal -0.735157 0.677896 0
    outer loop
      vertex 2.46446 157.536 14.1
      vertex 2.19797 157.247 12.91
      vertex 2.19797 157.247 14.1
    endloop
  endfacet
  facet normal -0.785004 0.619491 0
    outer loop
      vertex 1.95491 156.939 12.91
      vertex 2.19797 157.247 14.1
      vertex 2.19797 157.247 12.91
    endloop
  endfacet
  facet normal -0.785004 0.619491 0
    outer loop
      vertex 2.19797 157.247 14.1
      vertex 1.95491 156.939 12.91
      vertex 1.95491 156.939 14.1
    endloop
  endfacet
  facet normal -0.831921 0.554894 0
    outer loop
      vertex 1.7368 156.612 12.91
      vertex 1.95491 156.939 14.1
      vertex 1.95491 156.939 12.91
    endloop
  endfacet
  facet normal -0.831921 0.554894 0
    outer loop
      vertex 1.95491 156.939 14.1
      vertex 1.7368 156.612 12.91
      vertex 1.7368 156.612 14.1
    endloop
  endfacet
  facet normal -0.872169 0.489205 0
    outer loop
      vertex 1.54497 156.27 12.91
      vertex 1.7368 156.612 14.1
      vertex 1.7368 156.612 12.91
    endloop
  endfacet
  facet normal -0.872169 0.489205 0
    outer loop
      vertex 1.7368 156.612 14.1
      vertex 1.54497 156.27 12.91
      vertex 1.54497 156.27 14.1
    endloop
  endfacet
  facet normal -0.908345 0.418221 0
    outer loop
      vertex 1.3806 155.913 12.91
      vertex 1.54497 156.27 14.1
      vertex 1.54497 156.27 12.91
    endloop
  endfacet
  facet normal -0.908345 0.418221 0
    outer loop
      vertex 1.54497 156.27 14.1
      vertex 1.3806 155.913 12.91
      vertex 1.3806 155.913 14.1
    endloop
  endfacet
  facet normal -0.938094 0.346381 0
    outer loop
      vertex 1.24472 155.545 12.91
      vertex 1.3806 155.913 14.1
      vertex 1.3806 155.913 12.91
    endloop
  endfacet
  facet normal -0.938094 0.346381 0
    outer loop
      vertex 1.3806 155.913 14.1
      vertex 1.24472 155.545 12.91
      vertex 1.24472 155.545 14.1
    endloop
  endfacet
  facet normal -0.96248 0.271353 0
    outer loop
      vertex 1.13815 155.167 12.91
      vertex 1.24472 155.545 14.1
      vertex 1.24472 155.545 12.91
    endloop
  endfacet
  facet normal -0.96248 0.271353 0
    outer loop
      vertex 1.24472 155.545 14.1
      vertex 1.13815 155.167 12.91
      vertex 1.13815 155.167 14.1
    endloop
  endfacet
  facet normal -0.980776 0.195136 0
    outer loop
      vertex 1.06155 154.782 12.91
      vertex 1.13815 155.167 14.1
      vertex 1.13815 155.167 12.91
    endloop
  endfacet
  facet normal -0.980776 0.195136 0
    outer loop
      vertex 1.13815 155.167 14.1
      vertex 1.06155 154.782 12.91
      vertex 1.06155 154.782 14.1
    endloop
  endfacet
  facet normal -0.993074 0.117488 0
    outer loop
      vertex 1.01541 154.392 12.91
      vertex 1.06155 154.782 14.1
      vertex 1.06155 154.782 12.91
    endloop
  endfacet
  facet normal -0.993074 0.117488 0
    outer loop
      vertex 1.06155 154.782 14.1
      vertex 1.01541 154.392 12.91
      vertex 1.01541 154.392 14.1
    endloop
  endfacet
  facet normal -0.999228 0.0392809 0
    outer loop
      vertex 1 154 12.91
      vertex 1.01541 154.392 14.1
      vertex 1.01541 154.392 12.91
    endloop
  endfacet
  facet normal -0.999228 0.0392809 0
    outer loop
      vertex 1.01541 154.392 14.1
      vertex 1 154 12.91
      vertex 1 154 14.1
    endloop
  endfacet
  facet normal -1 0 0
    outer loop
      vertex 1 6 12.91
      vertex 1 154 14.1
      vertex 1 154 12.91
    endloop
  endfacet
  facet normal -1 -0 0
    outer loop
      vertex 1 154 14.1
      vertex 1 6 12.91
      vertex 1 6 14.1
    endloop
  endfacet
  facet normal -0.999229 -0.0392519 0
    outer loop
      vertex 1.01541 5.60771 12.91
      vertex 1 6 14.1
      vertex 1 6 12.91
    endloop
  endfacet
  facet normal -0.999229 -0.0392519 0
    outer loop
      vertex 1 6 14.1
      vertex 1.01541 5.60771 12.91
      vertex 1.01541 5.60771 14.1
    endloop
  endfacet
  facet normal -0.99307 -0.117524 0
    outer loop
      vertex 1.06155 5.21783 12.91
      vertex 1.01541 5.60771 14.1
      vertex 1.01541 5.60771 12.91
    endloop
  endfacet
  facet normal -0.99307 -0.117524 0
    outer loop
      vertex 1.01541 5.60771 14.1
      vertex 1.06155 5.21783 12.91
      vertex 1.06155 5.21783 14.1
    endloop
  endfacet
  facet normal -0.980781 -0.195112 0
    outer loop
      vertex 1.13815 4.83278 12.91
      vertex 1.06155 5.21783 14.1
      vertex 1.06155 5.21783 12.91
    endloop
  endfacet
  facet normal -0.980781 -0.195112 0
    outer loop
      vertex 1.06155 5.21783 14.1
      vertex 1.13815 4.83278 12.91
      vertex 1.13815 4.83278 14.1
    endloop
  endfacet
  facet normal -0.962455 -0.27144 0
    outer loop
      vertex 1.24472 4.45491 12.91
      vertex 1.13815 4.83278 14.1
      vertex 1.13815 4.83278 12.91
    endloop
  endfacet
  facet normal -0.962455 -0.27144 0
    outer loop
      vertex 1.13815 4.83278 14.1
      vertex 1.24472 4.45491 12.91
      vertex 1.24472 4.45491 14.1
    endloop
  endfacet
  facet normal -0.938195 -0.346108 0
    outer loop
      vertex 1.3806 4.08658 12.91
      vertex 1.24472 4.45491 14.1
      vertex 1.24472 4.45491 12.91
    endloop
  endfacet
  facet normal -0.938195 -0.346108 0
    outer loop
      vertex 1.24472 4.45491 14.1
      vertex 1.3806 4.08658 12.91
      vertex 1.3806 4.08658 14.1
    endloop
  endfacet
  facet normal -0.90814 -0.418666 0
    outer loop
      vertex 1.54497 3.73004 12.91
      vertex 1.3806 4.08658 14.1
      vertex 1.3806 4.08658 12.91
    endloop
  endfacet
  facet normal -0.90814 -0.418666 0
    outer loop
      vertex 1.3806 4.08658 14.1
      vertex 1.54497 3.73004 12.91
      vertex 1.54497 3.73004 14.1
    endloop
  endfacet
  facet normal -0.872492 -0.488629 0
    outer loop
      vertex 1.7368 3.38751 12.91
      vertex 1.54497 3.73004 14.1
      vertex 1.54497 3.73004 12.91
    endloop
  endfacet
  facet normal -0.872492 -0.488629 0
    outer loop
      vertex 1.54497 3.73004 14.1
      vertex 1.7368 3.38751 12.91
      vertex 1.7368 3.38751 14.1
    endloop
  endfacet
  facet normal -0.831474 -0.555564 0
    outer loop
      vertex 1.95491 3.06108 12.91
      vertex 1.7368 3.38751 14.1
      vertex 1.7368 3.38751 12.91
    endloop
  endfacet
  facet normal -0.831474 -0.555564 0
    outer loop
      vertex 1.7368 3.38751 14.1
      vertex 1.95491 3.06108 12.91
      vertex 1.95491 3.06108 14.1
    endloop
  endfacet
  facet normal -0.785317 -0.619094 0
    outer loop
      vertex 2.19797 2.75276 12.91
      vertex 1.95491 3.06108 14.1
      vertex 1.95491 3.06108 12.91
    endloop
  endfacet
  facet normal -0.785317 -0.619094 0
    outer loop
      vertex 1.95491 3.06108 14.1
      vertex 2.19797 2.75276 12.91
      vertex 2.19797 2.75276 14.1
    endloop
  endfacet
  facet normal -0.734337 -0.678785 0
    outer loop
      vertex 2.46446 2.46446 12.91
      vertex 2.19797 2.75276 14.1
      vertex 2.19797 2.75276 12.91
    endloop
  endfacet
  facet normal -0.734337 -0.678785 0
    outer loop
      vertex 2.19797 2.75276 14.1
      vertex 2.46446 2.46446 12.91
      vertex 2.46446 2.46446 14.1
    endloop
  endfacet
  facet normal -0.678785 -0.734337 0
    outer loop
      vertex 2.46446 2.46446 12.91
      vertex 2.75276 2.19797 14.1
      vertex 2.46446 2.46446 14.1
    endloop
  endfacet
  facet normal -0.678785 -0.734337 -0
    outer loop
      vertex 2.75276 2.19797 14.1
      vertex 2.46446 2.46446 12.91
      vertex 2.75276 2.19797 12.91
    endloop
  endfacet
  facet normal -0.619094 -0.785317 0
    outer loop
      vertex 2.75276 2.19797 12.91
      vertex 3.06108 1.95491 14.1
      vertex 2.75276 2.19797 14.1
    endloop
  endfacet
  facet normal -0.619094 -0.785317 -0
    outer loop
      vertex 3.06108 1.95491 14.1
      vertex 2.75276 2.19797 12.91
      vertex 3.06108 1.95491 12.91
    endloop
  endfacet
  facet normal -0.555564 -0.831474 0
    outer loop
      vertex 3.06108 1.95491 12.91
      vertex 3.38751 1.7368 14.1
      vertex 3.06108 1.95491 14.1
    endloop
  endfacet
  facet normal -0.555564 -0.831474 -0
    outer loop
      vertex 3.38751 1.7368 14.1
      vertex 3.06108 1.95491 12.91
      vertex 3.38751 1.7368 12.91
    endloop
  endfacet
  facet normal -0.488629 -0.872492 0
    outer loop
      vertex 3.38751 1.7368 12.91
      vertex 3.73004 1.54497 14.1
      vertex 3.38751 1.7368 14.1
    endloop
  endfacet
  facet normal -0.488629 -0.872492 -0
    outer loop
      vertex 3.73004 1.54497 14.1
      vertex 3.38751 1.7368 12.91
      vertex 3.73004 1.54497 12.91
    endloop
  endfacet
  facet normal -0.418666 -0.90814 0
    outer loop
      vertex 3.73004 1.54497 12.91
      vertex 4.08658 1.3806 14.1
      vertex 3.73004 1.54497 14.1
    endloop
  endfacet
  facet normal -0.418666 -0.90814 -0
    outer loop
      vertex 4.08658 1.3806 14.1
      vertex 3.73004 1.54497 12.91
      vertex 4.08658 1.3806 12.91
    endloop
  endfacet
  facet normal -0.346108 -0.938195 0
    outer loop
      vertex 4.08658 1.3806 12.91
      vertex 4.45491 1.24472 14.1
      vertex 4.08658 1.3806 14.1
    endloop
  endfacet
  facet normal -0.346108 -0.938195 -0
    outer loop
      vertex 4.45491 1.24472 14.1
      vertex 4.08658 1.3806 12.91
      vertex 4.45491 1.24472 12.91
    endloop
  endfacet
  facet normal -0.27144 -0.962455 0
    outer loop
      vertex 4.45491 1.24472 12.91
      vertex 4.83278 1.13815 14.1
      vertex 4.45491 1.24472 14.1
    endloop
  endfacet
  facet normal -0.27144 -0.962455 -0
    outer loop
      vertex 4.83278 1.13815 14.1
      vertex 4.45491 1.24472 12.91
      vertex 4.83278 1.13815 12.91
    endloop
  endfacet
  facet normal -0.195112 -0.980781 0
    outer loop
      vertex 4.83278 1.13815 12.91
      vertex 5.21783 1.06155 14.1
      vertex 4.83278 1.13815 14.1
    endloop
  endfacet
  facet normal -0.195112 -0.980781 -0
    outer loop
      vertex 5.21783 1.06155 14.1
      vertex 4.83278 1.13815 12.91
      vertex 5.21783 1.06155 12.91
    endloop
  endfacet
  facet normal -0.117524 -0.99307 0
    outer loop
      vertex 5.21783 1.06155 12.91
      vertex 5.60771 1.01541 14.1
      vertex 5.21783 1.06155 14.1
    endloop
  endfacet
  facet normal -0.117524 -0.99307 -0
    outer loop
      vertex 5.60771 1.01541 14.1
      vertex 5.21783 1.06155 12.91
      vertex 5.60771 1.01541 12.91
    endloop
  endfacet
  facet normal -0.0392519 -0.999229 0
    outer loop
      vertex 5.60771 1.01541 12.91
      vertex 6 1 14.1
      vertex 5.60771 1.01541 14.1
    endloop
  endfacet
  facet normal -0.0392519 -0.999229 -0
    outer loop
      vertex 6 1 14.1
      vertex 5.60771 1.01541 12.91
      vertex 6 1 12.91
    endloop
  endfacet
  facet normal 0 -1 0
    outer loop
      vertex 6 1 12.91
      vertex 154 1 14.1
      vertex 6 1 14.1
    endloop
  endfacet
  facet normal 0 -1 -0
    outer loop
      vertex 154 1 14.1
      vertex 6 1 12.91
      vertex 154 1 12.91
    endloop
  endfacet
  facet normal 0.0392809 -0.999228 0
    outer loop
      vertex 154 1 12.91
      vertex 154.392 1.01541 14.1
      vertex 154 1 14.1
    endloop
  endfacet
  facet normal 0.0392809 -0.999228 0
    outer loop
      vertex 154.392 1.01541 14.1
      vertex 154 1 12.91
      vertex 154.392 1.01541 12.91
    endloop
  endfacet
  facet normal 0.0392801 0.999228 -0
    outer loop
      vertex 6 2.2 12.91
      vertex 5.70186 2.21172 14.1
      vertex 6 2.2 14.1
    endloop
  endfacet
  facet normal 0.0392801 0.999228 0
    outer loop
      vertex 5.70186 2.21172 14.1
      vertex 6 2.2 12.91
      vertex 5.70186 2.21172 12.91
    endloop
  endfacet
  facet normal 0.117502 0.993073 -0
    outer loop
      vertex 5.70186 2.21172 12.91
      vertex 5.40555 2.24678 14.1
      vertex 5.70186 2.21172 14.1
    endloop
  endfacet
  facet normal 0.117502 0.993073 0
    outer loop
      vertex 5.40555 2.24678 14.1
      vertex 5.70186 2.21172 12.91
      vertex 5.40555 2.24678 12.91
    endloop
  endfacet
  facet normal 0.195098 0.980784 -0
    outer loop
      vertex 5.40555 2.24678 12.91
      vertex 5.11292 2.30499 14.1
      vertex 5.40555 2.24678 14.1
    endloop
  endfacet
  facet normal 0.195098 0.980784 0
    outer loop
      vertex 5.11292 2.30499 14.1
      vertex 5.40555 2.24678 12.91
      vertex 5.11292 2.30499 12.91
    endloop
  endfacet
  facet normal 0.271453 0.962452 -0
    outer loop
      vertex 5.11292 2.30499 12.91
      vertex 4.82573 2.38599 14.1
      vertex 5.11292 2.30499 14.1
    endloop
  endfacet
  facet normal 0.271453 0.962452 0
    outer loop
      vertex 4.82573 2.38599 14.1
      vertex 5.11292 2.30499 12.91
      vertex 4.82573 2.38599 12.91
    endloop
  endfacet
  facet normal 0.346123 0.938189 -0
    outer loop
      vertex 4.82573 2.38599 12.91
      vertex 4.54581 2.48926 14.1
      vertex 4.82573 2.38599 14.1
    endloop
  endfacet
  facet normal 0.346123 0.938189 0
    outer loop
      vertex 4.54581 2.48926 14.1
      vertex 4.82573 2.38599 12.91
      vertex 4.54581 2.48926 12.91
    endloop
  endfacet
  facet normal 0.418663 0.908142 -0
    outer loop
      vertex 4.54581 2.48926 12.91
      vertex 4.27484 2.61418 14.1
      vertex 4.54581 2.48926 14.1
    endloop
  endfacet
  facet normal 0.418663 0.908142 0
    outer loop
      vertex 4.27484 2.61418 14.1
      vertex 4.54581 2.48926 12.91
      vertex 4.27484 2.61418 12.91
    endloop
  endfacet
  facet normal 0.488591 0.872513 -0
    outer loop
      vertex 4.27484 2.61418 12.91
      vertex 4.01451 2.75996 14.1
      vertex 4.27484 2.61418 14.1
    endloop
  endfacet
  facet normal 0.488591 0.872513 0
    outer loop
      vertex 4.01451 2.75996 14.1
      vertex 4.27484 2.61418 12.91
      vertex 4.01451 2.75996 12.91
    endloop
  endfacet
  facet normal 0.555597 0.831452 -0
    outer loop
      vertex 4.01451 2.75996 12.91
      vertex 3.76642 2.92574 14.1
      vertex 4.01451 2.75996 14.1
    endloop
  endfacet
  facet normal 0.555597 0.831452 0
    outer loop
      vertex 3.76642 2.92574 14.1
      vertex 4.01451 2.75996 12.91
      vertex 3.76642 2.92574 12.91
    endloop
  endfacet
  facet normal 0.619088 0.785322 -0
    outer loop
      vertex 3.76642 2.92574 12.91
      vertex 3.5321 3.11046 14.1
      vertex 3.76642 2.92574 14.1
    endloop
  endfacet
  facet normal 0.619088 0.785322 0
    outer loop
      vertex 3.5321 3.11046 14.1
      vertex 3.76642 2.92574 12.91
      vertex 3.5321 3.11046 12.91
    endloop
  endfacet
  facet normal 0.678777 0.734345 -0
    outer loop
      vertex 3.5321 3.11046 12.91
      vertex 3.31299 3.31299 14.1
      vertex 3.5321 3.11046 14.1
    endloop
  endfacet
  facet normal 0.678777 0.734345 0
    outer loop
      vertex 3.31299 3.31299 14.1
      vertex 3.5321 3.11046 12.91
      vertex 3.31299 3.31299 12.91
    endloop
  endfacet
  facet normal 0.734345 0.678777 0
    outer loop
      vertex 3.31299 3.31299 14.1
      vertex 3.11046 3.5321 12.91
      vertex 3.11046 3.5321 14.1
    endloop
  endfacet
  facet normal 0.734345 0.678777 0
    outer loop
      vertex 3.11046 3.5321 12.91
      vertex 3.31299 3.31299 14.1
      vertex 3.31299 3.31299 12.91
    endloop
  endfacet
  facet normal 0.785322 0.619088 0
    outer loop
      vertex 3.11046 3.5321 14.1
      vertex 2.92574 3.76642 12.91
      vertex 2.92574 3.76642 14.1
    endloop
  endfacet
  facet normal 0.785322 0.619088 0
    outer loop
      vertex 2.92574 3.76642 12.91
      vertex 3.11046 3.5321 14.1
      vertex 3.11046 3.5321 12.91
    endloop
  endfacet
  facet normal 0.831452 0.555597 0
    outer loop
      vertex 2.92574 3.76642 14.1
      vertex 2.75996 4.01451 12.91
      vertex 2.75996 4.01451 14.1
    endloop
  endfacet
  facet normal 0.831452 0.555597 0
    outer loop
      vertex 2.75996 4.01451 12.91
      vertex 2.92574 3.76642 14.1
      vertex 2.92574 3.76642 12.91
    endloop
  endfacet
  facet normal 0.872513 0.488591 0
    outer loop
      vertex 2.75996 4.01451 14.1
      vertex 2.61418 4.27484 12.91
      vertex 2.61418 4.27484 14.1
    endloop
  endfacet
  facet normal 0.872513 0.488591 0
    outer loop
      vertex 2.61418 4.27484 12.91
      vertex 2.75996 4.01451 14.1
      vertex 2.75996 4.01451 12.91
    endloop
  endfacet
  facet normal 0.908142 0.418663 0
    outer loop
      vertex 2.61418 4.27484 14.1
      vertex 2.48926 4.54581 12.91
      vertex 2.48926 4.54581 14.1
    endloop
  endfacet
  facet normal 0.908142 0.418663 0
    outer loop
      vertex 2.48926 4.54581 12.91
      vertex 2.61418 4.27484 14.1
      vertex 2.61418 4.27484 12.91
    endloop
  endfacet
  facet normal 0.938189 0.346123 0
    outer loop
      vertex 2.48926 4.54581 14.1
      vertex 2.38599 4.82573 12.91
      vertex 2.38599 4.82573 14.1
    endloop
  endfacet
  facet normal 0.938189 0.346123 0
    outer loop
      vertex 2.38599 4.82573 12.91
      vertex 2.48926 4.54581 14.1
      vertex 2.48926 4.54581 12.91
    endloop
  endfacet
  facet normal 0.962452 0.271453 0
    outer loop
      vertex 2.38599 4.82573 14.1
      vertex 2.30499 5.11292 12.91
      vertex 2.30499 5.11292 14.1
    endloop
  endfacet
  facet normal 0.962452 0.271453 0
    outer loop
      vertex 2.30499 5.11292 12.91
      vertex 2.38599 4.82573 14.1
      vertex 2.38599 4.82573 12.91
    endloop
  endfacet
  facet normal 0.980784 0.195098 0
    outer loop
      vertex 2.30499 5.11292 14.1
      vertex 2.24678 5.40555 12.91
      vertex 2.24678 5.40555 14.1
    endloop
  endfacet
  facet normal 0.980784 0.195098 0
    outer loop
      vertex 2.24678 5.40555 12.91
      vertex 2.30499 5.11292 14.1
      vertex 2.30499 5.11292 12.91
    endloop
  endfacet
  facet normal 0.993073 0.117502 0
    outer loop
      vertex 2.24678 5.40555 14.1
      vertex 2.21172 5.70186 12.91
      vertex 2.21172 5.70186 14.1
    endloop
  endfacet
  facet normal 0.993073 0.117502 0
    outer loop
      vertex 2.21172 5.70186 12.91
      vertex 2.24678 5.40555 14.1
      vertex 2.24678 5.40555 12.91
    endloop
  endfacet
  facet normal 0.999228 0.0392801 0
    outer loop
      vertex 2.21172 5.70186 14.1
      vertex 2.2 6 12.91
      vertex 2.2 6 14.1
    endloop
  endfacet
  facet normal 0.999228 0.0392801 0
    outer loop
      vertex 2.2 6 12.91
      vertex 2.21172 5.70186 14.1
      vertex 2.21172 5.70186 12.91
    endloop
  endfacet
  facet normal 1 -0 0
    outer loop
      vertex 2.2 6 14.1
      vertex 2.2 154 12.91
      vertex 2.2 154 14.1
    endloop
  endfacet
  facet normal 1 0 0
    outer loop
      vertex 2.2 154 12.91
      vertex 2.2 6 14.1
      vertex 2.2 6 12.91
    endloop
  endfacet
  facet normal 0.999228 -0.0392985 0
    outer loop
      vertex 2.2 154 14.1
      vertex 2.21172 154.298 12.91
      vertex 2.21172 154.298 14.1
    endloop
  endfacet
  facet normal 0.999228 -0.0392985 0
    outer loop
      vertex 2.21172 154.298 12.91
      vertex 2.2 154 14.1
      vertex 2.2 154 12.91
    endloop
  endfacet
  facet normal 0.993058 -0.117624 0
    outer loop
      vertex 2.21172 154.298 14.1
      vertex 2.24678 154.594 12.91
      vertex 2.24678 154.594 14.1
    endloop
  endfacet
  facet normal 0.993058 -0.117624 0
    outer loop
      vertex 2.24678 154.594 12.91
      vertex 2.21172 154.298 14.1
      vertex 2.21172 154.298 12.91
    endloop
  endfacet
  facet normal 0.980831 -0.194861 0
    outer loop
      vertex 2.24678 154.594 14.1
      vertex 2.30499 154.887 12.91
      vertex 2.30499 154.887 14.1
    endloop
  endfacet
  facet normal 0.980831 -0.194861 0
    outer loop
      vertex 2.30499 154.887 12.91
      vertex 2.24678 154.594 14.1
      vertex 2.24678 154.594 12.91
    endloop
  endfacet
  facet normal 0.962405 -0.271619 0
    outer loop
      vertex 2.30499 154.887 14.1
      vertex 2.38599 155.174 12.91
      vertex 2.38599 155.174 14.1
    endloop
  endfacet
  facet normal 0.962405 -0.271619 0
    outer loop
      vertex 2.38599 155.174 12.91
      vertex 2.30499 154.887 14.1
      vertex 2.30499 154.887 12.91
    endloop
  endfacet
  facet normal 0.938221 -0.346036 0
    outer loop
      vertex 2.38599 155.174 14.1
      vertex 2.48926 155.454 12.91
      vertex 2.48926 155.454 14.1
    endloop
  endfacet
  facet normal 0.938221 -0.346036 0
    outer loop
      vertex 2.48926 155.454 12.91
      vertex 2.38599 155.174 14.1
      vertex 2.38599 155.174 12.91
    endloop
  endfacet
  facet normal 0.908159 -0.418625 0
    outer loop
      vertex 2.48926 155.454 14.1
      vertex 2.61418 155.725 12.91
      vertex 2.61418 155.725 14.1
    endloop
  endfacet
  facet normal 0.908159 -0.418625 0
    outer loop
      vertex 2.61418 155.725 12.91
      vertex 2.48926 155.454 14.1
      vertex 2.48926 155.454 12.91
    endloop
  endfacet
  facet normal 0.872248 -0.489063 0
    outer loop
      vertex 2.61418 155.725 14.1
      vertex 2.75996 155.985 12.91
      vertex 2.75996 155.985 14.1
    endloop
  endfacet
  facet normal 0.872248 -0.489063 0
    outer loop
      vertex 2.75996 155.985 12.91
      vertex 2.61418 155.725 14.1
      vertex 2.61418 155.725 12.91
    endloop
  endfacet
  facet normal 0.83239 -0.554191 0
    outer loop
      vertex 2.75996 155.985 14.1
      vertex 2.92574 156.234 12.91
      vertex 2.92574 156.234 14.1
    endloop
  endfacet
  facet normal 0.83239 -0.554191 0
    outer loop
      vertex 2.92574 156.234 12.91
      vertex 2.75996 155.985 14.1
      vertex 2.75996 155.985 12.91
    endloop
  endfacet
  facet normal 0.78491 -0.619609 0
    outer loop
      vertex 2.92574 156.234 14.1
      vertex 3.11046 156.468 12.91
      vertex 3.11046 156.468 14.1
    endloop
  endfacet
  facet normal 0.78491 -0.619609 0
    outer loop
      vertex 3.11046 156.468 12.91
      vertex 2.92574 156.234 14.1
      vertex 2.92574 156.234 12.91
    endloop
  endfacet
  facet normal 0.734175 -0.678961 0
    outer loop
      vertex 3.11046 156.468 14.1
      vertex 3.31299 156.687 12.91
      vertex 3.31299 156.687 14.1
    endloop
  endfacet
  facet normal 0.734175 -0.678961 0
    outer loop
      vertex 3.31299 156.687 12.91
      vertex 3.11046 156.468 14.1
      vertex 3.11046 156.468 12.91
    endloop
  endfacet
  facet normal 0.679625 -0.73356 0
    outer loop
      vertex 3.31299 156.687 12.91
      vertex 3.5321 156.89 14.1
      vertex 3.31299 156.687 14.1
    endloop
  endfacet
  facet normal 0.679625 -0.73356 0
    outer loop
      vertex 3.5321 156.89 14.1
      vertex 3.31299 156.687 12.91
      vertex 3.5321 156.89 12.91
    endloop
  endfacet
  facet normal 0.617596 -0.786495 0
    outer loop
      vertex 3.5321 156.89 12.91
      vertex 3.76642 157.074 14.1
      vertex 3.5321 156.89 14.1
    endloop
  endfacet
  facet normal 0.617596 -0.786495 0
    outer loop
      vertex 3.76642 157.074 14.1
      vertex 3.5321 156.89 12.91
      vertex 3.76642 157.074 12.91
    endloop
  endfacet
  facet normal 0.556106 -0.831111 0
    outer loop
      vertex 3.76642 157.074 12.91
      vertex 4.01451 157.24 14.1
      vertex 3.76642 157.074 14.1
    endloop
  endfacet
  facet normal 0.556106 -0.831111 0
    outer loop
      vertex 4.01451 157.24 14.1
      vertex 3.76642 157.074 12.91
      vertex 4.01451 157.24 12.91
    endloop
  endfacet
  facet normal 0.489152 -0.872198 0
    outer loop
      vertex 4.01451 157.24 12.91
      vertex 4.27484 157.386 14.1
      vertex 4.01451 157.24 14.1
    endloop
  endfacet
  facet normal 0.489152 -0.872198 0
    outer loop
      vertex 4.27484 157.386 14.1
      vertex 4.01451 157.24 12.91
      vertex 4.27484 157.386 12.91
    endloop
  endfacet
  facet normal 0.418884 -0.90804 0
    outer loop
      vertex 4.27484 157.386 12.91
      vertex 4.54581 157.511 14.1
      vertex 4.27484 157.386 14.1
    endloop
  endfacet
  facet normal 0.418884 -0.90804 0
    outer loop
      vertex 4.54581 157.511 14.1
      vertex 4.27484 157.386 12.91
      vertex 4.54581 157.511 12.91
    endloop
  endfacet
  facet normal 0.345326 -0.938483 0
    outer loop
      vertex 4.54581 157.511 12.91
      vertex 4.82573 157.614 14.1
      vertex 4.54581 157.511 14.1
    endloop
  endfacet
  facet normal 0.345326 -0.938483 0
    outer loop
      vertex 4.82573 157.614 14.1
      vertex 4.54581 157.511 12.91
      vertex 4.82573 157.614 12.91
    endloop
  endfacet
  facet normal 0.271453 -0.962452 0
    outer loop
      vertex 4.82573 157.614 12.91
      vertex 5.11292 157.695 14.1
      vertex 4.82573 157.614 14.1
    endloop
  endfacet
  facet normal 0.271453 -0.962452 0
    outer loop
      vertex 5.11292 157.695 14.1
      vertex 4.82573 157.614 12.91
      vertex 5.11292 157.695 12.91
    endloop
  endfacet
  facet normal 0.19442 -0.980918 0
    outer loop
      vertex 5.11292 157.695 12.91
      vertex 5.40555 157.753 14.1
      vertex 5.11292 157.695 14.1
    endloop
  endfacet
  facet normal 0.19442 -0.980918 0
    outer loop
      vertex 5.40555 157.753 14.1
      vertex 5.11292 157.695 12.91
      vertex 5.40555 157.753 12.91
    endloop
  endfacet
  facet normal 0.117304 -0.993096 0
    outer loop
      vertex 5.40555 157.753 12.91
      vertex 5.70186 157.788 14.1
      vertex 5.40555 157.753 14.1
    endloop
  endfacet
  facet normal 0.117304 -0.993096 0
    outer loop
      vertex 5.70186 157.788 14.1
      vertex 5.40555 157.753 12.91
      vertex 5.70186 157.788 12.91
    endloop
  endfacet
  facet normal 0.040217 -0.999191 0
    outer loop
      vertex 5.70186 157.788 12.91
      vertex 6 157.8 14.1
      vertex 5.70186 157.788 14.1
    endloop
  endfacet
  facet normal 0.040217 -0.999191 0
    outer loop
      vertex 6 157.8 14.1
      vertex 5.70186 157.788 12.91
      vertex 6 157.8 12.91
    endloop
  endfacet
  facet normal 0 -1 0
    outer loop
      vertex 6 157.8 12.91
      vertex 154 157.8 14.1
      vertex 6 157.8 14.1
    endloop
  endfacet
  facet normal 0 -1 -0
    outer loop
      vertex 154 157.8 14.1
      vertex 6 157.8 12.91
      vertex 154 157.8 12.91
    endloop
  endfacet
  facet normal -0.0402358 -0.99919 0
    outer loop
      vertex 154 157.8 12.91
      vertex 154.298 157.788 14.1
      vertex 154 157.8 14.1
    endloop
  endfacet
  facet normal -0.0402358 -0.99919 -0
    outer loop
      vertex 154.298 157.788 14.1
      vertex 154 157.8 12.91
      vertex 154.298 157.788 12.91
    endloop
  endfacet
  facet normal -0.117425 -0.993082 0
    outer loop
      vertex 154.298 157.788 12.91
      vertex 154.594 157.753 14.1
      vertex 154.298 157.788 14.1
    endloop
  endfacet
  facet normal -0.117425 -0.993082 -0
    outer loop
      vertex 154.594 157.753 14.1
      vertex 154.298 157.788 12.91
      vertex 154.594 157.753 12.91
    endloop
  endfacet
  facet normal -0.194184 -0.980965 0
    outer loop
      vertex 154.594 157.753 12.91
      vertex 154.887 157.695 14.1
      vertex 154.594 157.753 14.1
    endloop
  endfacet
  facet normal -0.194184 -0.980965 -0
    outer loop
      vertex 154.887 157.695 14.1
      vertex 154.594 157.753 12.91
      vertex 154.887 157.695 12.91
    endloop
  endfacet
  facet normal -0.271619 -0.962405 0
    outer loop
      vertex 154.887 157.695 12.91
      vertex 155.174 157.614 14.1
      vertex 154.887 157.695 14.1
    endloop
  endfacet
  facet normal -0.271619 -0.962405 -0
    outer loop
      vertex 155.174 157.614 14.1
      vertex 154.887 157.695 12.91
      vertex 155.174 157.614 12.91
    endloop
  endfacet
  facet normal -0.345239 -0.938515 0
    outer loop
      vertex 155.174 157.614 12.91
      vertex 155.454 157.511 14.1
      vertex 155.174 157.614 14.1
    endloop
  endfacet
  facet normal -0.345239 -0.938515 -0
    outer loop
      vertex 155.454 157.511 14.1
      vertex 155.174 157.614 12.91
      vertex 155.454 157.511 12.91
    endloop
  endfacet
  facet normal -0.418846 -0.908057 0
    outer loop
      vertex 155.454 157.511 12.91
      vertex 155.725 157.386 14.1
      vertex 155.454 157.511 14.1
    endloop
  endfacet
  facet normal -0.418846 -0.908057 -0
    outer loop
      vertex 155.725 157.386 14.1
      vertex 155.454 157.511 12.91
      vertex 155.725 157.386 12.91
    endloop
  endfacet
  facet normal -0.489624 -0.871934 0
    outer loop
      vertex 155.725 157.386 12.91
      vertex 155.985 157.24 14.1
      vertex 155.725 157.386 14.1
    endloop
  endfacet
  facet normal -0.489624 -0.871934 -0
    outer loop
      vertex 155.985 157.24 14.1
      vertex 155.725 157.386 12.91
      vertex 155.985 157.24 12.91
    endloop
  endfacet
  facet normal -0.5547 -0.83205 0
    outer loop
      vertex 155.985 157.24 12.91
      vertex 156.234 157.074 14.1
      vertex 155.985 157.24 14.1
    endloop
  endfacet
  facet normal -0.5547 -0.83205 -0
    outer loop
      vertex 156.234 157.074 14.1
      vertex 155.985 157.24 12.91
      vertex 156.234 157.074 12.91
    endloop
  endfacet
  facet normal -0.618118 -0.786085 0
    outer loop
      vertex 156.234 157.074 12.91
      vertex 156.468 156.89 14.1
      vertex 156.234 157.074 14.1
    endloop
  endfacet
  facet normal -0.618118 -0.786085 -0
    outer loop
      vertex 156.468 156.89 14.1
      vertex 156.234 157.074 12.91
      vertex 156.468 156.89 12.91
    endloop
  endfacet
  facet normal -0.679809 -0.73339 0
    outer loop
      vertex 156.468 156.89 12.91
      vertex 156.687 156.687 14.1
      vertex 156.468 156.89 14.1
    endloop
  endfacet
  facet normal -0.679809 -0.73339 -0
    outer loop
      vertex 156.687 156.687 14.1
      vertex 156.468 156.89 12.91
      vertex 156.687 156.687 12.91
    endloop
  endfacet
  facet normal -0.73339 -0.679809 0
    outer loop
      vertex 156.89 156.468 12.91
      vertex 156.687 156.687 14.1
      vertex 156.687 156.687 12.91
    endloop
  endfacet
  facet normal -0.73339 -0.679809 0
    outer loop
      vertex 156.687 156.687 14.1
      vertex 156.89 156.468 12.91
      vertex 156.89 156.468 14.1
    endloop
  endfacet
  facet normal -0.786085 -0.618118 0
    outer loop
      vertex 157.074 156.234 12.91
      vertex 156.89 156.468 14.1
      vertex 156.89 156.468 12.91
    endloop
  endfacet
  facet normal -0.786085 -0.618118 0
    outer loop
      vertex 156.89 156.468 14.1
      vertex 157.074 156.234 12.91
      vertex 157.074 156.234 14.1
    endloop
  endfacet
  facet normal -0.83205 -0.5547 0
    outer loop
      vertex 157.24 155.985 12.91
      vertex 157.074 156.234 14.1
      vertex 157.074 156.234 12.91
    endloop
  endfacet
  facet normal -0.83205 -0.5547 0
    outer loop
      vertex 157.074 156.234 14.1
      vertex 157.24 155.985 12.91
      vertex 157.24 155.985 14.1
    endloop
  endfacet
  facet normal -0.871934 -0.489624 0
    outer loop
      vertex 157.386 155.725 12.91
      vertex 157.24 155.985 14.1
      vertex 157.24 155.985 12.91
    endloop
  endfacet
  facet normal -0.871934 -0.489624 0
    outer loop
      vertex 157.24 155.985 14.1
      vertex 157.386 155.725 12.91
      vertex 157.386 155.725 14.1
    endloop
  endfacet
  facet normal -0.908057 -0.418846 0
    outer loop
      vertex 157.511 155.454 12.91
      vertex 157.386 155.725 14.1
      vertex 157.386 155.725 12.91
    endloop
  endfacet
  facet normal -0.908057 -0.418846 0
    outer loop
      vertex 157.386 155.725 14.1
      vertex 157.511 155.454 12.91
      vertex 157.511 155.454 14.1
    endloop
  endfacet
  facet normal -0.938515 -0.345239 0
    outer loop
      vertex 157.614 155.174 12.91
      vertex 157.511 155.454 14.1
      vertex 157.511 155.454 12.91
    endloop
  endfacet
  facet normal -0.938515 -0.345239 0
    outer loop
      vertex 157.511 155.454 14.1
      vertex 157.614 155.174 12.91
      vertex 157.614 155.174 14.1
    endloop
  endfacet
  facet normal -0.962405 -0.271619 0
    outer loop
      vertex 157.695 154.887 12.91
      vertex 157.614 155.174 14.1
      vertex 157.614 155.174 12.91
    endloop
  endfacet
  facet normal -0.962405 -0.271619 0
    outer loop
      vertex 157.614 155.174 14.1
      vertex 157.695 154.887 12.91
      vertex 157.695 154.887 14.1
    endloop
  endfacet
  facet normal -0.980965 -0.194184 0
    outer loop
      vertex 157.753 154.594 12.91
      vertex 157.695 154.887 14.1
      vertex 157.695 154.887 12.91
    endloop
  endfacet
  facet normal -0.980965 -0.194184 0
    outer loop
      vertex 157.695 154.887 14.1
      vertex 157.753 154.594 12.91
      vertex 157.753 154.594 14.1
    endloop
  endfacet
  facet normal -0.993082 -0.117425 0
    outer loop
      vertex 157.788 154.298 12.91
      vertex 157.753 154.594 14.1
      vertex 157.753 154.594 12.91
    endloop
  endfacet
  facet normal -0.993082 -0.117425 0
    outer loop
      vertex 157.753 154.594 14.1
      vertex 157.788 154.298 12.91
      vertex 157.788 154.298 14.1
    endloop
  endfacet
  facet normal -0.99919 -0.0402358 0
    outer loop
      vertex 157.8 154 12.91
      vertex 157.788 154.298 14.1
      vertex 157.788 154.298 12.91
    endloop
  endfacet
  facet normal -0.99919 -0.0402358 0
    outer loop
      vertex 157.788 154.298 14.1
      vertex 157.8 154 12.91
      vertex 157.8 154 14.1
    endloop
  endfacet
  facet normal -1 0 0
    outer loop
      vertex 157.8 6 12.91
      vertex 157.8 154 14.1
      vertex 157.8 154 12.91
    endloop
  endfacet
  facet normal -1 -0 0
    outer loop
      vertex 157.8 154 14.1
      vertex 157.8 6 12.91
      vertex 157.8 6 14.1
    endloop
  endfacet
  facet normal -0.999191 0.040217 0
    outer loop
      vertex 157.788 5.70186 12.91
      vertex 157.8 6 14.1
      vertex 157.8 6 12.91
    endloop
  endfacet
  facet normal -0.999191 0.040217 0
    outer loop
      vertex 157.8 6 14.1
      vertex 157.788 5.70186 12.91
      vertex 157.788 5.70186 14.1
    endloop
  endfacet
  facet normal -0.993096 0.117304 0
    outer loop
      vertex 157.753 5.40555 12.91
      vertex 157.788 5.70186 14.1
      vertex 157.788 5.70186 12.91
    endloop
  endfacet
  facet normal -0.993096 0.117304 0
    outer loop
      vertex 157.788 5.70186 14.1
      vertex 157.753 5.40555 12.91
      vertex 157.753 5.40555 14.1
    endloop
  endfacet
  facet normal -0.980918 0.19442 0
    outer loop
      vertex 157.695 5.11292 12.91
      vertex 157.753 5.40555 14.1
      vertex 157.753 5.40555 12.91
    endloop
  endfacet
  facet normal -0.980918 0.19442 0
    outer loop
      vertex 157.753 5.40555 14.1
      vertex 157.695 5.11292 12.91
      vertex 157.695 5.11292 14.1
    endloop
  endfacet
  facet normal -0.962452 0.271453 0
    outer loop
      vertex 157.614 4.82573 12.91
      vertex 157.695 5.11292 14.1
      vertex 157.695 5.11292 12.91
    endloop
  endfacet
  facet normal -0.962452 0.271453 0
    outer loop
      vertex 157.695 5.11292 14.1
      vertex 157.614 4.82573 12.91
      vertex 157.614 4.82573 14.1
    endloop
  endfacet
  facet normal -0.938483 0.345326 0
    outer loop
      vertex 157.511 4.54581 12.91
      vertex 157.614 4.82573 14.1
      vertex 157.614 4.82573 12.91
    endloop
  endfacet
  facet normal -0.938483 0.345326 0
    outer loop
      vertex 157.614 4.82573 14.1
      vertex 157.511 4.54581 12.91
      vertex 157.511 4.54581 14.1
    endloop
  endfacet
  facet normal -0.90804 0.418884 0
    outer loop
      vertex 157.386 4.27484 12.91
      vertex 157.511 4.54581 14.1
      vertex 157.511 4.54581 12.91
    endloop
  endfacet
  facet normal -0.90804 0.418884 0
    outer loop
      vertex 157.511 4.54581 14.1
      vertex 157.386 4.27484 12.91
      vertex 157.386 4.27484 14.1
    endloop
  endfacet
  facet normal -0.872198 0.489152 0
    outer loop
      vertex 157.24 4.01451 12.91
      vertex 157.386 4.27484 14.1
      vertex 157.386 4.27484 12.91
    endloop
  endfacet
  facet normal -0.872198 0.489152 0
    outer loop
      vertex 157.386 4.27484 14.1
      vertex 157.24 4.01451 12.91
      vertex 157.24 4.01451 14.1
    endloop
  endfacet
  facet normal -0.831111 0.556106 0
    outer loop
      vertex 157.074 3.76642 12.91
      vertex 157.24 4.01451 14.1
      vertex 157.24 4.01451 12.91
    endloop
  endfacet
  facet normal -0.831111 0.556106 0
    outer loop
      vertex 157.24 4.01451 14.1
      vertex 157.074 3.76642 12.91
      vertex 157.074 3.76642 14.1
    endloop
  endfacet
  facet normal -0.786495 0.617596 0
    outer loop
      vertex 156.89 3.5321 12.91
      vertex 157.074 3.76642 14.1
      vertex 157.074 3.76642 12.91
    endloop
  endfacet
  facet normal -0.786495 0.617596 0
    outer loop
      vertex 157.074 3.76642 14.1
      vertex 156.89 3.5321 12.91
      vertex 156.89 3.5321 14.1
    endloop
  endfacet
  facet normal -0.73356 0.679625 0
    outer loop
      vertex 156.687 3.31299 12.91
      vertex 156.89 3.5321 14.1
      vertex 156.89 3.5321 12.91
    endloop
  endfacet
  facet normal -0.73356 0.679625 0
    outer loop
      vertex 156.89 3.5321 14.1
      vertex 156.687 3.31299 12.91
      vertex 156.687 3.31299 14.1
    endloop
  endfacet
  facet normal -0.678961 0.734175 0
    outer loop
      vertex 156.687 3.31299 12.91
      vertex 156.468 3.11046 14.1
      vertex 156.687 3.31299 14.1
    endloop
  endfacet
  facet normal -0.678961 0.734175 0
    outer loop
      vertex 156.468 3.11046 14.1
      vertex 156.687 3.31299 12.91
      vertex 156.468 3.11046 12.91
    endloop
  endfacet
  facet normal -0.619609 0.78491 0
    outer loop
      vertex 156.468 3.11046 12.91
      vertex 156.234 2.92574 14.1
      vertex 156.468 3.11046 14.1
    endloop
  endfacet
  facet normal -0.619609 0.78491 0
    outer loop
      vertex 156.234 2.92574 14.1
      vertex 156.468 3.11046 12.91
      vertex 156.234 2.92574 12.91
    endloop
  endfacet
  facet normal -0.554191 0.83239 0
    outer loop
      vertex 156.234 2.92574 12.91
      vertex 155.985 2.75996 14.1
      vertex 156.234 2.92574 14.1
    endloop
  endfacet
  facet normal -0.554191 0.83239 0
    outer loop
      vertex 155.985 2.75996 14.1
      vertex 156.234 2.92574 12.91
      vertex 155.985 2.75996 12.91
    endloop
  endfacet
  facet normal -0.489063 0.872248 0
    outer loop
      vertex 155.985 2.75996 12.91
      vertex 155.725 2.61418 14.1
      vertex 155.985 2.75996 14.1
    endloop
  endfacet
  facet normal -0.489063 0.872248 0
    outer loop
      vertex 155.725 2.61418 14.1
      vertex 155.985 2.75996 12.91
      vertex 155.725 2.61418 12.91
    endloop
  endfacet
  facet normal -0.418625 0.908159 0
    outer loop
      vertex 155.725 2.61418 12.91
      vertex 155.454 2.48926 14.1
      vertex 155.725 2.61418 14.1
    endloop
  endfacet
  facet normal -0.418625 0.908159 0
    outer loop
      vertex 155.454 2.48926 14.1
      vertex 155.725 2.61418 12.91
      vertex 155.454 2.48926 12.91
    endloop
  endfacet
  facet normal -0.346036 0.938221 0
    outer loop
      vertex 155.454 2.48926 12.91
      vertex 155.174 2.38599 14.1
      vertex 155.454 2.48926 14.1
    endloop
  endfacet
  facet normal -0.346036 0.938221 0
    outer loop
      vertex 155.174 2.38599 14.1
      vertex 155.454 2.48926 12.91
      vertex 155.174 2.38599 12.91
    endloop
  endfacet
  facet normal -0.271619 0.962405 0
    outer loop
      vertex 155.174 2.38599 12.91
      vertex 154.887 2.30499 14.1
      vertex 155.174 2.38599 14.1
    endloop
  endfacet
  facet normal -0.271619 0.962405 0
    outer loop
      vertex 154.887 2.30499 14.1
      vertex 155.174 2.38599 12.91
      vertex 154.887 2.30499 12.91
    endloop
  endfacet
  facet normal -0.194861 0.980831 0
    outer loop
      vertex 154.887 2.30499 12.91
      vertex 154.594 2.24678 14.1
      vertex 154.887 2.30499 14.1
    endloop
  endfacet
  facet normal -0.194861 0.980831 0
    outer loop
      vertex 154.594 2.24678 14.1
      vertex 154.887 2.30499 12.91
      vertex 154.594 2.24678 12.91
    endloop
  endfacet
  facet normal -0.117624 0.993058 0
    outer loop
      vertex 154.594 2.24678 12.91
      vertex 154.298 2.21172 14.1
      vertex 154.594 2.24678 14.1
    endloop
  endfacet
  facet normal -0.117624 0.993058 0
    outer loop
      vertex 154.298 2.21172 14.1
      vertex 154.594 2.24678 12.91
      vertex 154.298 2.21172 12.91
    endloop
  endfacet
  facet normal -0.0392985 0.999228 0
    outer loop
      vertex 154.298 2.21172 12.91
      vertex 154 2.2 14.1
      vertex 154.298 2.21172 14.1
    endloop
  endfacet
  facet normal -0.0392985 0.999228 0
    outer loop
      vertex 154 2.2 14.1
      vertex 154.298 2.21172 12.91
      vertex 154 2.2 12.91
    endloop
  endfacet
  facet normal 0 1 -0
    outer loop
      vertex 154 2.2 12.91
      vertex 6 2.2 14.1
      vertex 154 2.2 14.1
    endloop
  endfacet
  facet normal 0 1 0
    outer loop
      vertex 6 2.2 14.1
      vertex 154 2.2 12.91
      vertex 6 2.2 12.91
    endloop
  endfacet
  facet normal 0 0 -1
    outer loop
      vertex 157.5 6 1.4
      vertex 159.3 6 1.4
      vertex 159.284 5.58417 1.4
    endloop
  endfacet
  facet normal 0 0 -1
    outer loop
      vertex 159.3 6 1.4
      vertex 157.5 6 1.4
      vertex 159.3 154 1.4
    endloop
  endfacet
  facet normal 0 0 -1
    outer loop
      vertex 157.489 5.72539 1.4
      vertex 159.284 5.58417 1.4
      vertex 159.235 5.1709 1.4
    endloop
  endfacet
  facet normal 0 0 -1
    outer loop
      vertex 157.5 154 1.4
      vertex 159.3 154 1.4
      vertex 157.5 6 1.4
    endloop
  endfacet
  facet normal 0 0 -1
    outer loop
      vertex 157.457 5.45248 1.4
      vertex 159.235 5.1709 1.4
      vertex 159.154 4.76274 1.4
    endloop
  endfacet
  facet normal 0 0 -1
    outer loop
      vertex 159.3 154 1.4
      vertex 157.5 154 1.4
      vertex 159.284 154.416 1.4
    endloop
  endfacet
  facet normal 0 0 -1
    outer loop
      vertex 157.403 5.18294 1.4
      vertex 159.154 4.76274 1.4
      vertex 159.041 4.36221 1.4
    endloop
  endfacet
  facet normal 0 0 -1
    outer loop
      vertex 157.489 154.275 1.4
      vertex 159.284 154.416 1.4
      vertex 157.5 154 1.4
    endloop
  endfacet
  facet normal 0 0 -1
    outer loop
      vertex 157.329 4.91844 1.4
      vertex 159.041 4.36221 1.4
      vertex 158.897 3.97177 1.4
    endloop
  endfacet
  facet normal -0 0 -1
    outer loop
      vertex 159.284 154.416 1.4
      vertex 157.489 154.275 1.4
      vertex 159.235 154.829 1.4
    endloop
  endfacet
  facet normal 0 0 -1
    outer loop
      vertex 157.234 4.66061 1.4
      vertex 158.897 3.97177 1.4
      vertex 158.722 3.59386 1.4
    endloop
  endfacet
  facet normal 0 0 -1
    outer loop
      vertex 157.457 154.548 1.4
      vertex 159.235 154.829 1.4
      vertex 157.489 154.275 1.4
    endloop
  endfacet
  facet normal 0 0 -1
    outer loop
      vertex 157.119 4.41103 1.4
      vertex 158.722 3.59386 1.4
      vertex 158.519 3.23076 1.4
    endloop
  endfacet
  facet normal -0 0 -1
    outer loop
      vertex 159.235 154.829 1.4
      vertex 157.457 154.548 1.4
      vertex 159.154 155.237 1.4
    endloop
  endfacet
  facet normal 0 0 -1
    outer loop
      vertex 156.984 4.17125 1.4
      vertex 158.519 3.23076 1.4
      vertex 158.288 2.88474 1.4
    endloop
  endfacet
  facet normal 0 0 -1
    outer loop
      vertex 157.403 154.817 1.4
      vertex 159.154 155.237 1.4
      vertex 157.457 154.548 1.4
    endloop
  endfacet
  facet normal 0 0 -1
    outer loop
      vertex 156.832 3.94275 1.4
      vertex 158.288 2.88474 1.4
      vertex 158.03 2.55792 1.4
    endloop
  endfacet
  facet normal -0 0 -1
    outer loop
      vertex 159.154 155.237 1.4
      vertex 157.403 154.817 1.4
      vertex 159.041 155.638 1.4
    endloop
  endfacet
  facet normal 0 0 -1
    outer loop
      vertex 156.661 3.72693 1.4
      vertex 158.03 2.55792 1.4
      vertex 157.748 2.25233 1.4
    endloop
  endfacet
  facet normal 0 0 -1
    outer loop
      vertex 157.329 155.082 1.4
      vertex 159.041 155.638 1.4
      vertex 157.403 154.817 1.4
    endloop
  endfacet
  facet normal -0 0 -1
    outer loop
      vertex 159.041 155.638 1.4
      vertex 157.329 155.082 1.4
      vertex 158.897 156.028 1.4
    endloop
  endfacet
  facet normal 0 0 -1
    outer loop
      vertex 159.284 5.58417 1.4
      vertex 157.489 5.72539 1.4
      vertex 157.5 6 1.4
    endloop
  endfacet
  facet normal 0 0 -1
    outer loop
      vertex 159.235 5.1709 1.4
      vertex 157.457 5.45248 1.4
      vertex 157.489 5.72539 1.4
    endloop
  endfacet
  facet normal 0 0 -1
    outer loop
      vertex 156.475 3.52513 1.4
      vertex 157.748 2.25233 1.4
      vertex 157.442 1.96985 1.4
    endloop
  endfacet
  facet normal 0 0 -1
    outer loop
      vertex 159.154 4.76274 1.4
      vertex 157.403 5.18294 1.4
      vertex 157.457 5.45248 1.4
    endloop
  endfacet
  facet normal 0 0 -1
    outer loop
      vertex 159.041 4.36221 1.4
      vertex 157.329 4.91844 1.4
      vertex 157.403 5.18294 1.4
    endloop
  endfacet
  facet normal 0 0 -1
    outer loop
      vertex 158.897 3.97177 1.4
      vertex 157.234 4.66061 1.4
      vertex 157.329 4.91844 1.4
    endloop
  endfacet
  facet normal 0 0 -1
    outer loop
      vertex 158.722 3.59386 1.4
      vertex 157.119 4.41103 1.4
      vertex 157.234 4.66061 1.4
    endloop
  endfacet
  facet normal 0 0 -1
    outer loop
      vertex 156.273 3.33858 1.4
      vertex 157.442 1.96985 1.4
      vertex 157.115 1.7122 1.4
    endloop
  endfacet
  facet normal 0 0 -1
    outer loop
      vertex 158.519 3.23076 1.4
      vertex 156.984 4.17125 1.4
      vertex 157.119 4.41103 1.4
    endloop
  endfacet
  facet normal 0 0 -1
    outer loop
      vertex 158.288 2.88474 1.4
      vertex 156.832 3.94275 1.4
      vertex 156.984 4.17125 1.4
    endloop
  endfacet
  facet normal 0 0 -1
    outer loop
      vertex 156.057 3.16844 1.4
      vertex 157.115 1.7122 1.4
      vertex 156.769 1.481 1.4
    endloop
  endfacet
  facet normal 0 0 -1
    outer loop
      vertex 158.03 2.55792 1.4
      vertex 156.661 3.72693 1.4
      vertex 156.832 3.94275 1.4
    endloop
  endfacet
  facet normal 0 0 -1
    outer loop
      vertex 157.748 2.25233 1.4
      vertex 156.475 3.52513 1.4
      vertex 156.661 3.72693 1.4
    endloop
  endfacet
  facet normal 0 0 -1
    outer loop
      vertex 155.829 3.01576 1.4
      vertex 156.769 1.481 1.4
      vertex 156.406 1.27766 1.4
    endloop
  endfacet
  facet normal 0 0 -1
    outer loop
      vertex 157.442 1.96985 1.4
      vertex 156.273 3.33858 1.4
      vertex 156.475 3.52513 1.4
    endloop
  endfacet
  facet normal 0 0 -1
    outer loop
      vertex 157.115 1.7122 1.4
      vertex 156.057 3.16844 1.4
      vertex 156.273 3.33858 1.4
    endloop
  endfacet
  facet normal 0 0 -1
    outer loop
      vertex 155.589 2.88147 1.4
      vertex 156.406 1.27766 1.4
      vertex 156.028 1.10344 1.4
    endloop
  endfacet
  facet normal 0 0 -1
    outer loop
      vertex 156.769 1.481 1.4
      vertex 155.829 3.01576 1.4
      vertex 156.057 3.16844 1.4
    endloop
  endfacet
  facet normal 0 0 -1
    outer loop
      vertex 155.339 2.76642 1.4
      vertex 156.028 1.10344 1.4
      vertex 155.638 0.959396 1.4
    endloop
  endfacet
  facet normal 0 0 -1
    outer loop
      vertex 156.406 1.27766 1.4
      vertex 155.589 2.88147 1.4
      vertex 155.829 3.01576 1.4
    endloop
  endfacet
  facet normal 0 0 -1
    outer loop
      vertex 156.028 1.10344 1.4
      vertex 155.339 2.76642 1.4
      vertex 155.589 2.88147 1.4
    endloop
  endfacet
  facet normal 0 0 -1
    outer loop
      vertex 155.082 2.6713 1.4
      vertex 155.638 0.959396 1.4
      vertex 155.237 0.846436 1.4
    endloop
  endfacet
  facet normal 0 0 -1
    outer loop
      vertex 155.638 0.959396 1.4
      vertex 155.082 2.6713 1.4
      vertex 155.339 2.76642 1.4
    endloop
  endfacet
  facet normal 0 0 -1
    outer loop
      vertex 154.817 2.59671 1.4
      vertex 155.237 0.846436 1.4
      vertex 154.829 0.765259 1.4
    endloop
  endfacet
  facet normal 0 0 -1
    outer loop
      vertex 155.237 0.846436 1.4
      vertex 154.817 2.59671 1.4
      vertex 155.082 2.6713 1.4
    endloop
  endfacet
  facet normal 0 0 -1
    outer loop
      vertex 154.829 0.765259 1.4
      vertex 154.548 2.54309 1.4
      vertex 154.817 2.59671 1.4
    endloop
  endfacet
  facet normal 0 0 -1
    outer loop
      vertex 154.416 0.716339 1.4
      vertex 154.548 2.54309 1.4
      vertex 154.829 0.765259 1.4
    endloop
  endfacet
  facet normal 0 0 -1
    outer loop
      vertex 154.416 0.716339 1.4
      vertex 154.275 2.51079 1.4
      vertex 154.548 2.54309 1.4
    endloop
  endfacet
  facet normal 0 0 -1
    outer loop
      vertex 154 0.699997 1.4
      vertex 154.275 2.51079 1.4
      vertex 154.416 0.716339 1.4
    endloop
  endfacet
  facet normal 0 0 -1
    outer loop
      vertex 154 0.699997 1.4
      vertex 154 2.5 1.4
      vertex 154.275 2.51079 1.4
    endloop
  endfacet
  facet normal 0 0 -1
    outer loop
      vertex 6 0.699997 1.4
      vertex 154 2.5 1.4
      vertex 154 0.699997 1.4
    endloop
  endfacet
  facet normal 0 0 -1
    outer loop
      vertex 6 0.699997 1.4
      vertex 6 2.5 1.4
      vertex 154 2.5 1.4
    endloop
  endfacet
  facet normal 0 0 -1
    outer loop
      vertex 6 0.699997 1.4
      vertex 5.72539 2.51079 1.4
      vertex 6 2.5 1.4
    endloop
  endfacet
  facet normal 0 0 -1
    outer loop
      vertex 5.58417 0.716339 1.4
      vertex 5.72539 2.51079 1.4
      vertex 6 0.699997 1.4
    endloop
  endfacet
  facet normal 0 0 -1
    outer loop
      vertex 5.58417 0.716339 1.4
      vertex 5.45248 2.54309 1.4
      vertex 5.72539 2.51079 1.4
    endloop
  endfacet
  facet normal 0 0 -1
    outer loop
      vertex 5.1709 0.765259 1.4
      vertex 5.45248 2.54309 1.4
      vertex 5.58417 0.716339 1.4
    endloop
  endfacet
  facet normal -0 0 -1
    outer loop
      vertex 5.45248 2.54309 1.4
      vertex 5.1709 0.765259 1.4
      vertex 5.18294 2.59671 1.4
    endloop
  endfacet
  facet normal 0 0 -1
    outer loop
      vertex 4.76274 0.846436 1.4
      vertex 5.18294 2.59671 1.4
      vertex 5.1709 0.765259 1.4
    endloop
  endfacet
  facet normal -0 0 -1
    outer loop
      vertex 5.18294 2.59671 1.4
      vertex 4.76274 0.846436 1.4
      vertex 4.91844 2.6713 1.4
    endloop
  endfacet
  facet normal 0 0 -1
    outer loop
      vertex 4.36221 0.959396 1.4
      vertex 4.91844 2.6713 1.4
      vertex 4.76274 0.846436 1.4
    endloop
  endfacet
  facet normal -0 0 -1
    outer loop
      vertex 4.91844 2.6713 1.4
      vertex 4.36221 0.959396 1.4
      vertex 4.66061 2.76642 1.4
    endloop
  endfacet
  facet normal 0 0 -1
    outer loop
      vertex 3.97177 1.10344 1.4
      vertex 4.66061 2.76642 1.4
      vertex 4.36221 0.959396 1.4
    endloop
  endfacet
  facet normal -0 0 -1
    outer loop
      vertex 4.66061 2.76642 1.4
      vertex 3.97177 1.10344 1.4
      vertex 4.41103 2.88147 1.4
    endloop
  endfacet
  facet normal 0 0 -1
    outer loop
      vertex 3.59386 1.27766 1.4
      vertex 4.41103 2.88147 1.4
      vertex 3.97177 1.10344 1.4
    endloop
  endfacet
  facet normal -0 0 -1
    outer loop
      vertex 4.41103 2.88147 1.4
      vertex 3.59386 1.27766 1.4
      vertex 4.17125 3.01576 1.4
    endloop
  endfacet
  facet normal 0 0 -1
    outer loop
      vertex 3.23076 1.481 1.4
      vertex 4.17125 3.01576 1.4
      vertex 3.59386 1.27766 1.4
    endloop
  endfacet
  facet normal -0 0 -1
    outer loop
      vertex 4.17125 3.01576 1.4
      vertex 3.23076 1.481 1.4
      vertex 3.94275 3.16844 1.4
    endloop
  endfacet
  facet normal 0 0 -1
    outer loop
      vertex 2.88474 1.7122 1.4
      vertex 3.94275 3.16844 1.4
      vertex 3.23076 1.481 1.4
    endloop
  endfacet
  facet normal -0 0 -1
    outer loop
      vertex 3.94275 3.16844 1.4
      vertex 2.88474 1.7122 1.4
      vertex 3.72693 3.33858 1.4
    endloop
  endfacet
  facet normal 0 0 -1
    outer loop
      vertex 2.55792 1.96985 1.4
      vertex 3.72693 3.33858 1.4
      vertex 2.88474 1.7122 1.4
    endloop
  endfacet
  facet normal -0 0 -1
    outer loop
      vertex 3.72693 3.33858 1.4
      vertex 2.55792 1.96985 1.4
      vertex 3.52513 3.52513 1.4
    endloop
  endfacet
  facet normal 0 0 -1
    outer loop
      vertex 2.25233 2.25233 1.4
      vertex 3.52513 3.52513 1.4
      vertex 2.55792 1.96985 1.4
    endloop
  endfacet
  facet normal -0 0 -1
    outer loop
      vertex 3.52513 3.52513 1.4
      vertex 2.25233 2.25233 1.4
      vertex 3.33858 3.72693 1.4
    endloop
  endfacet
  facet normal 0 0 -1
    outer loop
      vertex 1.96985 2.55792 1.4
      vertex 3.33858 3.72693 1.4
      vertex 2.25233 2.25233 1.4
    endloop
  endfacet
  facet normal -0 0 -1
    outer loop
      vertex 3.33858 3.72693 1.4
      vertex 1.96985 2.55792 1.4
      vertex 3.16844 3.94275 1.4
    endloop
  endfacet
  facet normal 0 0 -1
    outer loop
      vertex 1.7122 2.88474 1.4
      vertex 3.16844 3.94275 1.4
      vertex 1.96985 2.55792 1.4
    endloop
  endfacet
  facet normal -0 0 -1
    outer loop
      vertex 3.16844 3.94275 1.4
      vertex 1.7122 2.88474 1.4
      vertex 3.01576 4.17125 1.4
    endloop
  endfacet
  facet normal 0 0 -1
    outer loop
      vertex 1.481 3.23076 1.4
      vertex 3.01576 4.17125 1.4
      vertex 1.7122 2.88474 1.4
    endloop
  endfacet
  facet normal -0 0 -1
    outer loop
      vertex 3.01576 4.17125 1.4
      vertex 1.481 3.23076 1.4
      vertex 2.88147 4.41103 1.4
    endloop
  endfacet
  facet normal 0 0 -1
    outer loop
      vertex 1.27766 3.59386 1.4
      vertex 2.88147 4.41103 1.4
      vertex 1.481 3.23076 1.4
    endloop
  endfacet
  facet normal -0 0 -1
    outer loop
      vertex 2.88147 4.41103 1.4
      vertex 1.27766 3.59386 1.4
      vertex 2.76642 4.66061 1.4
    endloop
  endfacet
  facet normal -0 0 -1
    outer loop
      vertex 2.76642 4.66061 1.4
      vertex 1.10344 3.97177 1.4
      vertex 2.6713 4.91844 1.4
    endloop
  endfacet
  facet normal 0 0 -1
    outer loop
      vertex 1.10344 3.97177 1.4
      vertex 2.76642 4.66061 1.4
      vertex 1.27766 3.59386 1.4
    endloop
  endfacet
  facet normal 0 0 -1
    outer loop
      vertex 157.234 155.339 1.4
      vertex 158.897 156.028 1.4
      vertex 157.329 155.082 1.4
    endloop
  endfacet
  facet normal -0 0 -1
    outer loop
      vertex 158.897 156.028 1.4
      vertex 157.234 155.339 1.4
      vertex 158.722 156.406 1.4
    endloop
  endfacet
  facet normal 0 0 -1
    outer loop
      vertex 157.119 155.589 1.4
      vertex 158.722 156.406 1.4
      vertex 157.234 155.339 1.4
    endloop
  endfacet
  facet normal -0 0 -1
    outer loop
      vertex 158.722 156.406 1.4
      vertex 157.119 155.589 1.4
      vertex 158.519 156.769 1.4
    endloop
  endfacet
  facet normal 0 0 -1
    outer loop
      vertex 156.984 155.829 1.4
      vertex 158.519 156.769 1.4
      vertex 157.119 155.589 1.4
    endloop
  endfacet
  facet normal -0 0 -1
    outer loop
      vertex 158.519 156.769 1.4
      vertex 156.984 155.829 1.4
      vertex 158.288 157.115 1.4
    endloop
  endfacet
  facet normal 0 0 -1
    outer loop
      vertex 156.832 156.057 1.4
      vertex 158.288 157.115 1.4
      vertex 156.984 155.829 1.4
    endloop
  endfacet
  facet normal -0 0 -1
    outer loop
      vertex 158.288 157.115 1.4
      vertex 156.832 156.057 1.4
      vertex 158.03 157.442 1.4
    endloop
  endfacet
  facet normal 0 0 -1
    outer loop
      vertex 156.661 156.273 1.4
      vertex 158.03 157.442 1.4
      vertex 156.832 156.057 1.4
    endloop
  endfacet
  facet normal -0 0 -1
    outer loop
      vertex 158.03 157.442 1.4
      vertex 156.661 156.273 1.4
      vertex 157.748 157.748 1.4
    endloop
  endfacet
  facet normal 0 0 -1
    outer loop
      vertex 156.475 156.475 1.4
      vertex 157.748 157.748 1.4
      vertex 156.661 156.273 1.4
    endloop
  endfacet
  facet normal -0 0 -1
    outer loop
      vertex 157.748 157.748 1.4
      vertex 156.475 156.475 1.4
      vertex 157.442 158.03 1.4
    endloop
  endfacet
  facet normal 0 0 -1
    outer loop
      vertex 156.273 156.661 1.4
      vertex 157.442 158.03 1.4
      vertex 156.475 156.475 1.4
    endloop
  endfacet
  facet normal -0 0 -1
    outer loop
      vertex 157.442 158.03 1.4
      vertex 156.273 156.661 1.4
      vertex 157.115 158.288 1.4
    endloop
  endfacet
  facet normal 0 0 -1
    outer loop
      vertex 156.057 156.832 1.4
      vertex 157.115 158.288 1.4
      vertex 156.273 156.661 1.4
    endloop
  endfacet
  facet normal -0 0 -1
    outer loop
      vertex 157.115 158.288 1.4
      vertex 156.057 156.832 1.4
      vertex 156.769 158.519 1.4
    endloop
  endfacet
  facet normal 0 0 -1
    outer loop
      vertex 155.829 156.984 1.4
      vertex 156.769 158.519 1.4
      vertex 156.057 156.832 1.4
    endloop
  endfacet
  facet normal -0 0 -1
    outer loop
      vertex 156.769 158.519 1.4
      vertex 155.829 156.984 1.4
      vertex 156.406 158.722 1.4
    endloop
  endfacet
  facet normal 0 0 -1
    outer loop
      vertex 155.589 157.119 1.4
      vertex 156.406 158.722 1.4
      vertex 155.829 156.984 1.4
    endloop
  endfacet
  facet normal -0 0 -1
    outer loop
      vertex 156.406 158.722 1.4
      vertex 155.589 157.119 1.4
      vertex 156.028 158.897 1.4
    endloop
  endfacet
  facet normal 0 0 -1
    outer loop
      vertex 155.339 157.234 1.4
      vertex 156.028 158.897 1.4
      vertex 155.589 157.119 1.4
    endloop
  endfacet
  facet normal -0 0 -1
    outer loop
      vertex 156.028 158.897 1.4
      vertex 155.339 157.234 1.4
      vertex 155.638 159.041 1.4
    endloop
  endfacet
  facet normal 0 0 -1
    outer loop
      vertex 155.082 157.329 1.4
      vertex 155.638 159.041 1.4
      vertex 155.339 157.234 1.4
    endloop
  endfacet
  facet normal -0 0 -1
    outer loop
      vertex 155.638 159.041 1.4
      vertex 155.082 157.329 1.4
      vertex 155.237 159.154 1.4
    endloop
  endfacet
  facet normal 0 0 -1
    outer loop
      vertex 154.817 157.403 1.4
      vertex 155.237 159.154 1.4
      vertex 155.082 157.329 1.4
    endloop
  endfacet
  facet normal -0 0 -1
    outer loop
      vertex 155.237 159.154 1.4
      vertex 154.817 157.403 1.4
      vertex 154.829 159.235 1.4
    endloop
  endfacet
  facet normal 0 0 -1
    outer loop
      vertex 154.548 157.457 1.4
      vertex 154.829 159.235 1.4
      vertex 154.817 157.403 1.4
    endloop
  endfacet
  facet normal 0 0 -1
    outer loop
      vertex 154.548 157.457 1.4
      vertex 154.416 159.284 1.4
      vertex 154.829 159.235 1.4
    endloop
  endfacet
  facet normal 0 0 -1
    outer loop
      vertex 154.275 157.489 1.4
      vertex 154.416 159.284 1.4
      vertex 154.548 157.457 1.4
    endloop
  endfacet
  facet normal 0 0 -1
    outer loop
      vertex 154 157.5 1.4
      vertex 154.416 159.284 1.4
      vertex 154.275 157.489 1.4
    endloop
  endfacet
  facet normal 0 0 -1
    outer loop
      vertex 154 157.5 1.4
      vertex 154 159.3 1.4
      vertex 154.416 159.284 1.4
    endloop
  endfacet
  facet normal 0 0 -1
    outer loop
      vertex 6 157.5 1.4
      vertex 154 159.3 1.4
      vertex 154 157.5 1.4
    endloop
  endfacet
  facet normal 0 0 -1
    outer loop
      vertex 6 157.5 1.4
      vertex 6 159.3 1.4
      vertex 154 159.3 1.4
    endloop
  endfacet
  facet normal 0 0 -1
    outer loop
      vertex 5.72539 157.489 1.4
      vertex 6 159.3 1.4
      vertex 6 157.5 1.4
    endloop
  endfacet
  facet normal 0 0 -1
    outer loop
      vertex 5.72539 157.489 1.4
      vertex 5.58417 159.284 1.4
      vertex 6 159.3 1.4
    endloop
  endfacet
  facet normal 0 0 -1
    outer loop
      vertex 5.45248 157.457 1.4
      vertex 5.58417 159.284 1.4
      vertex 5.72539 157.489 1.4
    endloop
  endfacet
  facet normal 0 0 -1
    outer loop
      vertex 5.1709 159.235 1.4
      vertex 5.45248 157.457 1.4
      vertex 5.18294 157.403 1.4
    endloop
  endfacet
  facet normal 0 0 -1
    outer loop
      vertex 5.45248 157.457 1.4
      vertex 5.1709 159.235 1.4
      vertex 5.58417 159.284 1.4
    endloop
  endfacet
  facet normal 0 0 -1
    outer loop
      vertex 4.76274 159.154 1.4
      vertex 5.18294 157.403 1.4
      vertex 4.91844 157.329 1.4
    endloop
  endfacet
  facet normal 0 0 -1
    outer loop
      vertex 5.18294 157.403 1.4
      vertex 4.76274 159.154 1.4
      vertex 5.1709 159.235 1.4
    endloop
  endfacet
  facet normal 0 0 -1
    outer loop
      vertex 4.36221 159.041 1.4
      vertex 4.91844 157.329 1.4
      vertex 4.66061 157.234 1.4
    endloop
  endfacet
  facet normal 0 0 -1
    outer loop
      vertex 3.97177 158.897 1.4
      vertex 4.66061 157.234 1.4
      vertex 4.41103 157.119 1.4
    endloop
  endfacet
  facet normal 0 0 -1
    outer loop
      vertex 4.91844 157.329 1.4
      vertex 4.36221 159.041 1.4
      vertex 4.76274 159.154 1.4
    endloop
  endfacet
  facet normal 0 0 -1
    outer loop
      vertex 3.59386 158.722 1.4
      vertex 4.41103 157.119 1.4
      vertex 4.17125 156.984 1.4
    endloop
  endfacet
  facet normal 0 0 -1
    outer loop
      vertex 4.66061 157.234 1.4
      vertex 3.97177 158.897 1.4
      vertex 4.36221 159.041 1.4
    endloop
  endfacet
  facet normal 0 0 -1
    outer loop
      vertex 3.23076 158.519 1.4
      vertex 4.17125 156.984 1.4
      vertex 3.94275 156.832 1.4
    endloop
  endfacet
  facet normal 0 0 -1
    outer loop
      vertex 2.88474 158.288 1.4
      vertex 3.94275 156.832 1.4
      vertex 3.72693 156.661 1.4
    endloop
  endfacet
  facet normal 0 0 -1
    outer loop
      vertex 4.41103 157.119 1.4
      vertex 3.59386 158.722 1.4
      vertex 3.97177 158.897 1.4
    endloop
  endfacet
  facet normal 0 0 -1
    outer loop
      vertex 2.55792 158.03 1.4
      vertex 3.72693 156.661 1.4
      vertex 3.52513 156.475 1.4
    endloop
  endfacet
  facet normal 0 0 -1
    outer loop
      vertex 2.25233 157.748 1.4
      vertex 3.52513 156.475 1.4
      vertex 3.33858 156.273 1.4
    endloop
  endfacet
  facet normal 0 0 -1
    outer loop
      vertex 4.17125 156.984 1.4
      vertex 3.23076 158.519 1.4
      vertex 3.59386 158.722 1.4
    endloop
  endfacet
  facet normal 0 0 -1
    outer loop
      vertex 1.96985 157.442 1.4
      vertex 3.33858 156.273 1.4
      vertex 3.16844 156.057 1.4
    endloop
  endfacet
  facet normal 0 0 -1
    outer loop
      vertex 1.7122 157.115 1.4
      vertex 3.16844 156.057 1.4
      vertex 3.01576 155.829 1.4
    endloop
  endfacet
  facet normal 0 0 -1
    outer loop
      vertex 3.94275 156.832 1.4
      vertex 2.88474 158.288 1.4
      vertex 3.23076 158.519 1.4
    endloop
  endfacet
  facet normal 0 0 -1
    outer loop
      vertex 1.481 156.769 1.4
      vertex 3.01576 155.829 1.4
      vertex 2.88147 155.589 1.4
    endloop
  endfacet
  facet normal 0 0 -1
    outer loop
      vertex 1.27766 156.406 1.4
      vertex 2.88147 155.589 1.4
      vertex 2.76642 155.339 1.4
    endloop
  endfacet
  facet normal 0 0 -1
    outer loop
      vertex 1.10344 156.028 1.4
      vertex 2.76642 155.339 1.4
      vertex 2.6713 155.082 1.4
    endloop
  endfacet
  facet normal 0 0 -1
    outer loop
      vertex 0.959396 155.638 1.4
      vertex 2.6713 155.082 1.4
      vertex 2.59671 154.817 1.4
    endloop
  endfacet
  facet normal 0 0 -1
    outer loop
      vertex 3.72693 156.661 1.4
      vertex 2.55792 158.03 1.4
      vertex 2.88474 158.288 1.4
    endloop
  endfacet
  facet normal 0 0 -1
    outer loop
      vertex 0.846436 155.237 1.4
      vertex 2.59671 154.817 1.4
      vertex 2.54309 154.548 1.4
    endloop
  endfacet
  facet normal 0 0 -1
    outer loop
      vertex 0.765259 154.829 1.4
      vertex 2.54309 154.548 1.4
      vertex 2.51079 154.275 1.4
    endloop
  endfacet
  facet normal 0 0 -1
    outer loop
      vertex 0.716339 154.416 1.4
      vertex 2.51079 154.275 1.4
      vertex 2.5 154 1.4
    endloop
  endfacet
  facet normal 0 0 -1
    outer loop
      vertex 3.52513 156.475 1.4
      vertex 2.25233 157.748 1.4
      vertex 2.55792 158.03 1.4
    endloop
  endfacet
  facet normal 0 0 -1
    outer loop
      vertex 2.5 6 1.4
      vertex 0.699997 6 1.4
      vertex 2.5 154 1.4
    endloop
  endfacet
  facet normal 0 0 -1
    outer loop
      vertex 0.959396 4.36221 1.4
      vertex 2.6713 4.91844 1.4
      vertex 1.10344 3.97177 1.4
    endloop
  endfacet
  facet normal 0 0 -1
    outer loop
      vertex 0.699997 154 1.4
      vertex 2.5 154 1.4
      vertex 0.699997 6 1.4
    endloop
  endfacet
  facet normal -0 0 -1
    outer loop
      vertex 2.6713 4.91844 1.4
      vertex 0.959396 4.36221 1.4
      vertex 2.59671 5.18294 1.4
    endloop
  endfacet
  facet normal 0 -0 -1
    outer loop
      vertex 0.716339 154.416 1.4
      vertex 2.5 154 1.4
      vertex 0.699997 154 1.4
    endloop
  endfacet
  facet normal 0 0 -1
    outer loop
      vertex 0.846436 4.76274 1.4
      vertex 2.59671 5.18294 1.4
      vertex 0.959396 4.36221 1.4
    endloop
  endfacet
  facet normal 0 0 -1
    outer loop
      vertex 3.33858 156.273 1.4
      vertex 1.96985 157.442 1.4
      vertex 2.25233 157.748 1.4
    endloop
  endfacet
  facet normal -0 0 -1
    outer loop
      vertex 2.59671 5.18294 1.4
      vertex 0.846436 4.76274 1.4
      vertex 2.54309 5.45248 1.4
    endloop
  endfacet
  facet normal 0 0 -1
    outer loop
      vertex 3.16844 156.057 1.4
      vertex 1.7122 157.115 1.4
      vertex 1.96985 157.442 1.4
    endloop
  endfacet
  facet normal 0 0 -1
    outer loop
      vertex 0.765259 5.1709 1.4
      vertex 2.54309 5.45248 1.4
      vertex 0.846436 4.76274 1.4
    endloop
  endfacet
  facet normal 0 0 -1
    outer loop
      vertex 3.01576 155.829 1.4
      vertex 1.481 156.769 1.4
      vertex 1.7122 157.115 1.4
    endloop
  endfacet
  facet normal -0 0 -1
    outer loop
      vertex 2.54309 5.45248 1.4
      vertex 0.765259 5.1709 1.4
      vertex 2.51079 5.72539 1.4
    endloop
  endfacet
  facet normal 0 0 -1
    outer loop
      vertex 2.88147 155.589 1.4
      vertex 1.27766 156.406 1.4
      vertex 1.481 156.769 1.4
    endloop
  endfacet
  facet normal 0 0 -1
    outer loop
      vertex 0.716339 5.58417 1.4
      vertex 2.51079 5.72539 1.4
      vertex 0.765259 5.1709 1.4
    endloop
  endfacet
  facet normal 0 0 -1
    outer loop
      vertex 2.76642 155.339 1.4
      vertex 1.10344 156.028 1.4
      vertex 1.27766 156.406 1.4
    endloop
  endfacet
  facet normal -0 0 -1
    outer loop
      vertex 2.51079 5.72539 1.4
      vertex 0.716339 5.58417 1.4
      vertex 2.5 6 1.4
    endloop
  endfacet
  facet normal 0 0 -1
    outer loop
      vertex 2.6713 155.082 1.4
      vertex 0.959396 155.638 1.4
      vertex 1.10344 156.028 1.4
    endloop
  endfacet
  facet normal -0 0 -1
    outer loop
      vertex 2.5 6 1.4
      vertex 0.716339 5.58417 1.4
      vertex 0.699997 6 1.4
    endloop
  endfacet
  facet normal 0 0 -1
    outer loop
      vertex 2.59671 154.817 1.4
      vertex 0.846436 155.237 1.4
      vertex 0.959396 155.638 1.4
    endloop
  endfacet
  facet normal 0 0 -1
    outer loop
      vertex 2.54309 154.548 1.4
      vertex 0.765259 154.829 1.4
      vertex 0.846436 155.237 1.4
    endloop
  endfacet
  facet normal 0 0 -1
    outer loop
      vertex 2.51079 154.275 1.4
      vertex 0.716339 154.416 1.4
      vertex 0.765259 154.829 1.4
    endloop
  endfacet
  facet normal -0.117628 0.993058 0
    outer loop
      vertex 154.829 0.765259 0
      vertex 154.416 0.716339 1.4
      vertex 154.829 0.765259 1.4
    endloop
  endfacet
  facet normal -0.117628 0.993058 0
    outer loop
      vertex 154.416 0.716339 1.4
      vertex 154.829 0.765259 0
      vertex 154.416 0.716339 0
    endloop
  endfacet
  facet normal -0.195138 0.980776 0
    outer loop
      vertex 155.237 0.846436 0
      vertex 154.829 0.765259 1.4
      vertex 155.237 0.846436 1.4
    endloop
  endfacet
  facet normal -0.195138 0.980776 0
    outer loop
      vertex 154.829 0.765259 1.4
      vertex 155.237 0.846436 0
      vertex 154.829 0.765259 0
    endloop
  endfacet
  facet normal -0.271143 0.962539 0
    outer loop
      vertex 155.638 0.959396 0
      vertex 155.237 0.846436 1.4
      vertex 155.638 0.959396 1.4
    endloop
  endfacet
  facet normal -0.271143 0.962539 0
    outer loop
      vertex 155.237 0.846436 1.4
      vertex 155.638 0.959396 0
      vertex 155.237 0.846436 0
    endloop
  endfacet
  facet normal -0.346467 0.938062 0
    outer loop
      vertex 156.028 1.10344 0
      vertex 155.638 0.959396 1.4
      vertex 156.028 1.10344 1.4
    endloop
  endfacet
  facet normal -0.346467 0.938062 0
    outer loop
      vertex 155.638 0.959396 1.4
      vertex 156.028 1.10344 0
      vertex 155.638 0.959396 0
    endloop
  endfacet
  facet normal -0.41858 0.90818 0
    outer loop
      vertex 156.406 1.27766 0
      vertex 156.028 1.10344 1.4
      vertex 156.406 1.27766 1.4
    endloop
  endfacet
  facet normal -0.41858 0.90818 0
    outer loop
      vertex 156.028 1.10344 1.4
      vertex 156.406 1.27766 0
      vertex 156.028 1.10344 0
    endloop
  endfacet
  facet normal -0.488713 0.872445 0
    outer loop
      vertex 156.769 1.481 0
      vertex 156.406 1.27766 1.4
      vertex 156.769 1.481 1.4
    endloop
  endfacet
  facet normal -0.488713 0.872445 0
    outer loop
      vertex 156.406 1.27766 1.4
      vertex 156.769 1.481 0
      vertex 156.406 1.27766 0
    endloop
  endfacet
  facet normal -0.555587 0.831458 0
    outer loop
      vertex 157.115 1.7122 0
      vertex 156.769 1.481 1.4
      vertex 157.115 1.7122 1.4
    endloop
  endfacet
  facet normal -0.555587 0.831458 0
    outer loop
      vertex 156.769 1.481 1.4
      vertex 157.115 1.7122 0
      vertex 156.769 1.481 0
    endloop
  endfacet
  facet normal -0.618892 0.785476 0
    outer loop
      vertex 157.442 1.96985 0
      vertex 157.115 1.7122 1.4
      vertex 157.442 1.96985 1.4
    endloop
  endfacet
  facet normal -0.618892 0.785476 0
    outer loop
      vertex 157.115 1.7122 1.4
      vertex 157.442 1.96985 0
      vertex 157.115 1.7122 0
    endloop
  endfacet
  facet normal -0.678304 0.734781 0
    outer loop
      vertex 157.748 2.25233 0
      vertex 157.442 1.96985 1.4
      vertex 157.748 2.25233 1.4
    endloop
  endfacet
  facet normal -0.678304 0.734781 0
    outer loop
      vertex 157.442 1.96985 1.4
      vertex 157.748 2.25233 0
      vertex 157.442 1.96985 0
    endloop
  endfacet
  facet normal -0.734903 0.678172 0
    outer loop
      vertex 157.748 2.25233 0
      vertex 158.03 2.55792 1.4
      vertex 158.03 2.55792 0
    endloop
  endfacet
  facet normal -0.734903 0.678172 0
    outer loop
      vertex 158.03 2.55792 1.4
      vertex 157.748 2.25233 0
      vertex 157.748 2.25233 1.4
    endloop
  endfacet
  facet normal -0.784901 0.619621 0
    outer loop
      vertex 158.03 2.55792 0
      vertex 158.288 2.88474 1.4
      vertex 158.288 2.88474 0
    endloop
  endfacet
  facet normal -0.784901 0.619621 0
    outer loop
      vertex 158.288 2.88474 1.4
      vertex 158.03 2.55792 0
      vertex 158.03 2.55792 1.4
    endloop
  endfacet
  facet normal -0.831695 0.555233 0
    outer loop
      vertex 158.288 2.88474 0
      vertex 158.519 3.23076 1.4
      vertex 158.519 3.23076 0
    endloop
  endfacet
  facet normal -0.831695 0.555233 0
    outer loop
      vertex 158.519 3.23076 1.4
      vertex 158.288 2.88474 0
      vertex 158.288 2.88474 1.4
    endloop
  endfacet
  facet normal -0.87285 0.487988 0
    outer loop
      vertex 158.519 3.23076 0
      vertex 158.722 3.59386 1.4
      vertex 158.722 3.59386 0
    endloop
  endfacet
  facet normal -0.87285 0.487988 0
    outer loop
      vertex 158.722 3.59386 1.4
      vertex 158.519 3.23076 0
      vertex 158.519 3.23076 1.4
    endloop
  endfacet
  facet normal -0.907429 0.420206 0
    outer loop
      vertex 158.722 3.59386 0
      vertex 158.897 3.97177 1.4
      vertex 158.897 3.97177 0
    endloop
  endfacet
  facet normal -0.907429 0.420206 0
    outer loop
      vertex 158.897 3.97177 1.4
      vertex 158.722 3.59386 0
      vertex 158.722 3.59386 1.4
    endloop
  endfacet
  facet normal -0.938223 0.346031 0
    outer loop
      vertex 158.897 3.97177 0
      vertex 159.041 4.36221 1.4
      vertex 159.041 4.36221 0
    endloop
  endfacet
  facet normal -0.938223 0.346031 0
    outer loop
      vertex 159.041 4.36221 1.4
      vertex 158.897 3.97177 0
      vertex 158.897 3.97177 1.4
    endloop
  endfacet
  facet normal -0.962431 0.271527 0
    outer loop
      vertex 159.041 4.36221 0
      vertex 159.154 4.76274 1.4
      vertex 159.154 4.76274 0
    endloop
  endfacet
  facet normal -0.962431 0.271527 0
    outer loop
      vertex 159.154 4.76274 1.4
      vertex 159.041 4.36221 0
      vertex 159.041 4.36221 1.4
    endloop
  endfacet
  facet normal -0.980872 0.194656 0
    outer loop
      vertex 159.154 4.76274 0
      vertex 159.235 5.1709 1.4
      vertex 159.235 5.1709 0
    endloop
  endfacet
  facet normal -0.980872 0.194656 0
    outer loop
      vertex 159.235 5.1709 1.4
      vertex 159.154 4.76274 0
      vertex 159.154 4.76274 1.4
    endloop
  endfacet
  facet normal -0.993044 0.117742 0
    outer loop
      vertex 159.235 5.1709 0
      vertex 159.284 5.58417 1.4
      vertex 159.284 5.58417 0
    endloop
  endfacet
  facet normal -0.993044 0.117742 0
    outer loop
      vertex 159.284 5.58417 1.4
      vertex 159.235 5.1709 0
      vertex 159.235 5.1709 1.4
    endloop
  endfacet
  facet normal -0.999261 0.0384488 0
    outer loop
      vertex 159.284 5.58417 0
      vertex 159.3 6 1.4
      vertex 159.3 6 0
    endloop
  endfacet
  facet normal -0.999261 0.0384488 0
    outer loop
      vertex 159.3 6 1.4
      vertex 159.284 5.58417 0
      vertex 159.284 5.58417 1.4
    endloop
  endfacet
  facet normal -1 0 0
    outer loop
      vertex 159.3 6 0
      vertex 159.3 154 1.4
      vertex 159.3 154 0
    endloop
  endfacet
  facet normal -1 -0 0
    outer loop
      vertex 159.3 154 1.4
      vertex 159.3 6 0
      vertex 159.3 6 1.4
    endloop
  endfacet
  facet normal -0.999261 -0.0384331 0
    outer loop
      vertex 159.3 154 0
      vertex 159.284 154.416 1.4
      vertex 159.284 154.416 0
    endloop
  endfacet
  facet normal -0.999261 -0.0384331 0
    outer loop
      vertex 159.284 154.416 1.4
      vertex 159.3 154 0
      vertex 159.3 154 1.4
    endloop
  endfacet
  facet normal -0.993035 -0.117818 0
    outer loop
      vertex 159.284 154.416 0
      vertex 159.235 154.829 1.4
      vertex 159.235 154.829 0
    endloop
  endfacet
  facet normal -0.993035 -0.117818 0
    outer loop
      vertex 159.235 154.829 1.4
      vertex 159.284 154.416 0
      vertex 159.284 154.416 1.4
    endloop
  endfacet
  facet normal -0.980857 -0.194729 0
    outer loop
      vertex 159.235 154.829 0
      vertex 159.154 155.237 1.4
      vertex 159.154 155.237 0
    endloop
  endfacet
  facet normal -0.980857 -0.194729 0
    outer loop
      vertex 159.154 155.237 1.4
      vertex 159.235 154.829 0
      vertex 159.235 154.829 1.4
    endloop
  endfacet
  facet normal -0.962514 -0.271232 0
    outer loop
      vertex 159.154 155.237 0
      vertex 159.041 155.638 1.4
      vertex 159.041 155.638 0
    endloop
  endfacet
  facet normal -0.962514 -0.271232 0
    outer loop
      vertex 159.041 155.638 1.4
      vertex 159.154 155.237 0
      vertex 159.154 155.237 1.4
    endloop
  endfacet
  facet normal -0.938096 -0.346374 0
    outer loop
      vertex 159.041 155.638 0
      vertex 158.897 156.028 1.4
      vertex 158.897 156.028 0
    endloop
  endfacet
  facet normal -0.938096 -0.346374 0
    outer loop
      vertex 158.897 156.028 1.4
      vertex 159.041 155.638 0
      vertex 159.041 155.638 1.4
    endloop
  endfacet
  facet normal -0.907467 -0.420124 0
    outer loop
      vertex 158.897 156.028 0
      vertex 158.722 156.406 1.4
      vertex 158.722 156.406 0
    endloop
  endfacet
  facet normal -0.907467 -0.420124 0
    outer loop
      vertex 158.722 156.406 1.4
      vertex 158.897 156.028 0
      vertex 158.897 156.028 1.4
    endloop
  endfacet
  facet normal -0.872793 -0.488091 0
    outer loop
      vertex 158.722 156.406 0
      vertex 158.519 156.769 1.4
      vertex 158.519 156.769 0
    endloop
  endfacet
  facet normal -0.872793 -0.488091 0
    outer loop
      vertex 158.519 156.769 1.4
      vertex 158.722 156.406 0
      vertex 158.722 156.406 1.4
    endloop
  endfacet
  facet normal -0.83168 -0.555255 0
    outer loop
      vertex 158.519 156.769 0
      vertex 158.288 157.115 1.4
      vertex 158.288 157.115 0
    endloop
  endfacet
  facet normal -0.83168 -0.555255 0
    outer loop
      vertex 158.288 157.115 1.4
      vertex 158.519 156.769 0
      vertex 158.519 156.769 1.4
    endloop
  endfacet
  facet normal -0.785067 -0.619411 0
    outer loop
      vertex 158.288 157.115 0
      vertex 158.03 157.442 1.4
      vertex 158.03 157.442 0
    endloop
  endfacet
  facet normal -0.785067 -0.619411 0
    outer loop
      vertex 158.03 157.442 1.4
      vertex 158.288 157.115 0
      vertex 158.288 157.115 1.4
    endloop
  endfacet
  facet normal -0.735356 -0.677681 0
    outer loop
      vertex 158.03 157.442 0
      vertex 157.748 157.748 1.4
      vertex 157.748 157.748 0
    endloop
  endfacet
  facet normal -0.735356 -0.677681 0
    outer loop
      vertex 157.748 157.748 1.4
      vertex 158.03 157.442 0
      vertex 158.03 157.442 1.4
    endloop
  endfacet
  facet normal -0.677681 -0.735356 0
    outer loop
      vertex 157.442 158.03 0
      vertex 157.748 157.748 1.4
      vertex 157.442 158.03 1.4
    endloop
  endfacet
  facet normal -0.677681 -0.735356 -0
    outer loop
      vertex 157.748 157.748 1.4
      vertex 157.442 158.03 0
      vertex 157.748 157.748 0
    endloop
  endfacet
  facet normal -0.619411 -0.785067 0
    outer loop
      vertex 157.115 158.288 0
      vertex 157.442 158.03 1.4
      vertex 157.115 158.288 1.4
    endloop
  endfacet
  facet normal -0.619411 -0.785067 -0
    outer loop
      vertex 157.442 158.03 1.4
      vertex 157.115 158.288 0
      vertex 157.442 158.03 0
    endloop
  endfacet
  facet normal -0.555255 -0.83168 0
    outer loop
      vertex 156.769 158.519 0
      vertex 157.115 158.288 1.4
      vertex 156.769 158.519 1.4
    endloop
  endfacet
  facet normal -0.555255 -0.83168 -0
    outer loop
      vertex 157.115 158.288 1.4
      vertex 156.769 158.519 0
      vertex 157.115 158.288 0
    endloop
  endfacet
  facet normal -0.488091 -0.872793 0
    outer loop
      vertex 156.406 158.722 0
      vertex 156.769 158.519 1.4
      vertex 156.406 158.722 1.4
    endloop
  endfacet
  facet normal -0.488091 -0.872793 -0
    outer loop
      vertex 156.769 158.519 1.4
      vertex 156.406 158.722 0
      vertex 156.769 158.519 0
    endloop
  endfacet
  facet normal -0.420124 -0.907467 0
    outer loop
      vertex 156.028 158.897 0
      vertex 156.406 158.722 1.4
      vertex 156.028 158.897 1.4
    endloop
  endfacet
  facet normal -0.420124 -0.907467 -0
    outer loop
      vertex 156.406 158.722 1.4
      vertex 156.028 158.897 0
      vertex 156.406 158.722 0
    endloop
  endfacet
  facet normal -0.346374 -0.938096 0
    outer loop
      vertex 155.638 159.041 0
      vertex 156.028 158.897 1.4
      vertex 155.638 159.041 1.4
    endloop
  endfacet
  facet normal -0.346374 -0.938096 -0
    outer loop
      vertex 156.028 158.897 1.4
      vertex 155.638 159.041 0
      vertex 156.028 158.897 0
    endloop
  endfacet
  facet normal -0.271232 -0.962514 0
    outer loop
      vertex 155.237 159.154 0
      vertex 155.638 159.041 1.4
      vertex 155.237 159.154 1.4
    endloop
  endfacet
  facet normal -0.271232 -0.962514 -0
    outer loop
      vertex 155.638 159.041 1.4
      vertex 155.237 159.154 0
      vertex 155.638 159.041 0
    endloop
  endfacet
  facet normal -0.194729 -0.980857 0
    outer loop
      vertex 154.829 159.235 0
      vertex 155.237 159.154 1.4
      vertex 154.829 159.235 1.4
    endloop
  endfacet
  facet normal -0.194729 -0.980857 -0
    outer loop
      vertex 155.237 159.154 1.4
      vertex 154.829 159.235 0
      vertex 155.237 159.154 0
    endloop
  endfacet
  facet normal -0.117818 -0.993035 0
    outer loop
      vertex 154.416 159.284 0
      vertex 154.829 159.235 1.4
      vertex 154.416 159.284 1.4
    endloop
  endfacet
  facet normal -0.117818 -0.993035 -0
    outer loop
      vertex 154.829 159.235 1.4
      vertex 154.416 159.284 0
      vertex 154.829 159.235 0
    endloop
  endfacet
  facet normal -0.0384331 -0.999261 0
    outer loop
      vertex 154 159.3 0
      vertex 154.416 159.284 1.4
      vertex 154 159.3 1.4
    endloop
  endfacet
  facet normal -0.0384331 -0.999261 -0
    outer loop
      vertex 154.416 159.284 1.4
      vertex 154 159.3 0
      vertex 154.416 159.284 0
    endloop
  endfacet
  facet normal 0 -1 0
    outer loop
      vertex 6 159.3 0
      vertex 154 159.3 1.4
      vertex 6 159.3 1.4
    endloop
  endfacet
  facet normal 0 -1 -0
    outer loop
      vertex 154 159.3 1.4
      vertex 6 159.3 0
      vertex 154 159.3 0
    endloop
  endfacet
  facet normal 0.0384488 -0.999261 0
    outer loop
      vertex 5.58417 159.284 0
      vertex 6 159.3 1.4
      vertex 5.58417 159.284 1.4
    endloop
  endfacet
  facet normal 0.0384488 -0.999261 0
    outer loop
      vertex 6 159.3 1.4
      vertex 5.58417 159.284 0
      vertex 6 159.3 0
    endloop
  endfacet
  facet normal 0.117742 -0.993044 0
    outer loop
      vertex 5.1709 159.235 0
      vertex 5.58417 159.284 1.4
      vertex 5.1709 159.235 1.4
    endloop
  endfacet
  facet normal 0.117742 -0.993044 0
    outer loop
      vertex 5.58417 159.284 1.4
      vertex 5.1709 159.235 0
      vertex 5.58417 159.284 0
    endloop
  endfacet
  facet normal 0.194656 -0.980872 0
    outer loop
      vertex 4.76274 159.154 0
      vertex 5.1709 159.235 1.4
      vertex 4.76274 159.154 1.4
    endloop
  endfacet
  facet normal 0.194656 -0.980872 0
    outer loop
      vertex 5.1709 159.235 1.4
      vertex 4.76274 159.154 0
      vertex 5.1709 159.235 0
    endloop
  endfacet
  facet normal 0.271527 -0.962431 0
    outer loop
      vertex 4.36221 159.041 0
      vertex 4.76274 159.154 1.4
      vertex 4.36221 159.041 1.4
    endloop
  endfacet
  facet normal 0.271527 -0.962431 0
    outer loop
      vertex 4.76274 159.154 1.4
      vertex 4.36221 159.041 0
      vertex 4.76274 159.154 0
    endloop
  endfacet
  facet normal 0.346031 -0.938223 0
    outer loop
      vertex 3.97177 158.897 0
      vertex 4.36221 159.041 1.4
      vertex 3.97177 158.897 1.4
    endloop
  endfacet
  facet normal 0.346031 -0.938223 0
    outer loop
      vertex 4.36221 159.041 1.4
      vertex 3.97177 158.897 0
      vertex 4.36221 159.041 0
    endloop
  endfacet
  facet normal 0.420206 -0.907429 0
    outer loop
      vertex 3.59386 158.722 0
      vertex 3.97177 158.897 1.4
      vertex 3.59386 158.722 1.4
    endloop
  endfacet
  facet normal 0.420206 -0.907429 0
    outer loop
      vertex 3.97177 158.897 1.4
      vertex 3.59386 158.722 0
      vertex 3.97177 158.897 0
    endloop
  endfacet
  facet normal 0.487988 -0.87285 0
    outer loop
      vertex 3.23076 158.519 0
      vertex 3.59386 158.722 1.4
      vertex 3.23076 158.519 1.4
    endloop
  endfacet
  facet normal 0.487988 -0.87285 0
    outer loop
      vertex 3.59386 158.722 1.4
      vertex 3.23076 158.519 0
      vertex 3.59386 158.722 0
    endloop
  endfacet
  facet normal 0.555233 -0.831695 0
    outer loop
      vertex 2.88474 158.288 0
      vertex 3.23076 158.519 1.4
      vertex 2.88474 158.288 1.4
    endloop
  endfacet
  facet normal 0.555233 -0.831695 0
    outer loop
      vertex 3.23076 158.519 1.4
      vertex 2.88474 158.288 0
      vertex 3.23076 158.519 0
    endloop
  endfacet
  facet normal 0.619621 -0.784901 0
    outer loop
      vertex 2.55792 158.03 0
      vertex 2.88474 158.288 1.4
      vertex 2.55792 158.03 1.4
    endloop
  endfacet
  facet normal 0.619621 -0.784901 0
    outer loop
      vertex 2.88474 158.288 1.4
      vertex 2.55792 158.03 0
      vertex 2.88474 158.288 0
    endloop
  endfacet
  facet normal 0.678172 -0.734903 0
    outer loop
      vertex 2.25233 157.748 0
      vertex 2.55792 158.03 1.4
      vertex 2.25233 157.748 1.4
    endloop
  endfacet
  facet normal 0.678172 -0.734903 0
    outer loop
      vertex 2.55792 158.03 1.4
      vertex 2.25233 157.748 0
      vertex 2.55792 158.03 0
    endloop
  endfacet
  facet normal 0.734781 -0.678304 0
    outer loop
      vertex 1.96985 157.442 1.4
      vertex 2.25233 157.748 0
      vertex 2.25233 157.748 1.4
    endloop
  endfacet
  facet normal 0.734781 -0.678304 0
    outer loop
      vertex 2.25233 157.748 0
      vertex 1.96985 157.442 1.4
      vertex 1.96985 157.442 0
    endloop
  endfacet
  facet normal 0.785476 -0.618892 0
    outer loop
      vertex 1.7122 157.115 1.4
      vertex 1.96985 157.442 0
      vertex 1.96985 157.442 1.4
    endloop
  endfacet
  facet normal 0.785476 -0.618892 0
    outer loop
      vertex 1.96985 157.442 0
      vertex 1.7122 157.115 1.4
      vertex 1.7122 157.115 0
    endloop
  endfacet
  facet normal 0.831458 -0.555587 0
    outer loop
      vertex 1.481 156.769 1.4
      vertex 1.7122 157.115 0
      vertex 1.7122 157.115 1.4
    endloop
  endfacet
  facet normal 0.831458 -0.555587 0
    outer loop
      vertex 1.7122 157.115 0
      vertex 1.481 156.769 1.4
      vertex 1.481 156.769 0
    endloop
  endfacet
  facet normal 0.872445 -0.488713 0
    outer loop
      vertex 1.27766 156.406 1.4
      vertex 1.481 156.769 0
      vertex 1.481 156.769 1.4
    endloop
  endfacet
  facet normal 0.872445 -0.488713 0
    outer loop
      vertex 1.481 156.769 0
      vertex 1.27766 156.406 1.4
      vertex 1.27766 156.406 0
    endloop
  endfacet
  facet normal 0.90818 -0.41858 0
    outer loop
      vertex 1.10344 156.028 1.4
      vertex 1.27766 156.406 0
      vertex 1.27766 156.406 1.4
    endloop
  endfacet
  facet normal 0.90818 -0.41858 0
    outer loop
      vertex 1.27766 156.406 0
      vertex 1.10344 156.028 1.4
      vertex 1.10344 156.028 0
    endloop
  endfacet
  facet normal 0.938062 -0.346467 0
    outer loop
      vertex 0.959396 155.638 1.4
      vertex 1.10344 156.028 0
      vertex 1.10344 156.028 1.4
    endloop
  endfacet
  facet normal 0.938062 -0.346467 0
    outer loop
      vertex 1.10344 156.028 0
      vertex 0.959396 155.638 1.4
      vertex 0.959396 155.638 0
    endloop
  endfacet
  facet normal 0.962539 -0.271143 0
    outer loop
      vertex 0.846436 155.237 1.4
      vertex 0.959396 155.638 0
      vertex 0.959396 155.638 1.4
    endloop
  endfacet
  facet normal 0.962539 -0.271143 0
    outer loop
      vertex 0.959396 155.638 0
      vertex 0.846436 155.237 1.4
      vertex 0.846436 155.237 0
    endloop
  endfacet
  facet normal 0.980776 -0.195138 0
    outer loop
      vertex 0.765259 154.829 1.4
      vertex 0.846436 155.237 0
      vertex 0.846436 155.237 1.4
    endloop
  endfacet
  facet normal 0.980776 -0.195138 0
    outer loop
      vertex 0.846436 155.237 0
      vertex 0.765259 154.829 1.4
      vertex 0.765259 154.829 0
    endloop
  endfacet
  facet normal 0.993058 -0.117628 0
    outer loop
      vertex 0.716339 154.416 1.4
      vertex 0.765259 154.829 0
      vertex 0.765259 154.829 1.4
    endloop
  endfacet
  facet normal 0.993058 -0.117628 0
    outer loop
      vertex 0.765259 154.829 0
      vertex 0.716339 154.416 1.4
      vertex 0.716339 154.416 0
    endloop
  endfacet
  facet normal 0.999229 -0.0392534 0
    outer loop
      vertex 0.699997 154 1.4
      vertex 0.716339 154.416 0
      vertex 0.716339 154.416 1.4
    endloop
  endfacet
  facet normal 0.999229 -0.0392534 0
    outer loop
      vertex 0.716339 154.416 0
      vertex 0.699997 154 1.4
      vertex 0.699997 154 0
    endloop
  endfacet
  facet normal 1 -0 0
    outer loop
      vertex 0.699997 6 1.4
      vertex 0.699997 154 0
      vertex 0.699997 154 1.4
    endloop
  endfacet
  facet normal 1 0 0
    outer loop
      vertex 0.699997 154 0
      vertex 0.699997 6 1.4
      vertex 0.699997 6 0
    endloop
  endfacet
  facet normal 0.999229 0.0392694 0
    outer loop
      vertex 0.716339 5.58417 1.4
      vertex 0.699997 6 0
      vertex 0.699997 6 1.4
    endloop
  endfacet
  facet normal 0.999229 0.0392694 0
    outer loop
      vertex 0.699997 6 0
      vertex 0.716339 5.58417 1.4
      vertex 0.716339 5.58417 0
    endloop
  endfacet
  facet normal 0.993067 0.117552 0
    outer loop
      vertex 0.765259 5.1709 1.4
      vertex 0.716339 5.58417 0
      vertex 0.716339 5.58417 1.4
    endloop
  endfacet
  facet normal 0.993067 0.117552 0
    outer loop
      vertex 0.716339 5.58417 0
      vertex 0.765259 5.1709 1.4
      vertex 0.765259 5.1709 0
    endloop
  endfacet
  facet normal 0.98079 0.195065 0
    outer loop
      vertex 0.846436 4.76274 1.4
      vertex 0.765259 5.1709 0
      vertex 0.765259 5.1709 1.4
    endloop
  endfacet
  facet normal 0.98079 0.195065 0
    outer loop
      vertex 0.765259 5.1709 0
      vertex 0.846436 4.76274 1.4
      vertex 0.846436 4.76274 0
    endloop
  endfacet
  facet normal 0.962456 0.271438 0
    outer loop
      vertex 0.959396 4.36221 1.4
      vertex 0.846436 4.76274 0
      vertex 0.846436 4.76274 1.4
    endloop
  endfacet
  facet normal 0.962456 0.271438 0
    outer loop
      vertex 0.846436 4.76274 0
      vertex 0.959396 4.36221 1.4
      vertex 0.959396 4.36221 0
    endloop
  endfacet
  facet normal 0.938189 0.346124 0
    outer loop
      vertex 1.10344 3.97177 1.4
      vertex 0.959396 4.36221 0
      vertex 0.959396 4.36221 1.4
    endloop
  endfacet
  facet normal 0.938189 0.346124 0
    outer loop
      vertex 0.959396 4.36221 0
      vertex 1.10344 3.97177 1.4
      vertex 1.10344 3.97177 0
    endloop
  endfacet
  facet normal 0.908142 0.418662 0
    outer loop
      vertex 1.27766 3.59386 1.4
      vertex 1.10344 3.97177 0
      vertex 1.10344 3.97177 1.4
    endloop
  endfacet
  facet normal 0.908142 0.418662 0
    outer loop
      vertex 1.10344 3.97177 0
      vertex 1.27766 3.59386 1.4
      vertex 1.27766 3.59386 0
    endloop
  endfacet
  facet normal 0.872502 0.488611 0
    outer loop
      vertex 1.481 3.23076 1.4
      vertex 1.27766 3.59386 0
      vertex 1.27766 3.59386 1.4
    endloop
  endfacet
  facet normal 0.872502 0.488611 0
    outer loop
      vertex 1.27766 3.59386 0
      vertex 1.481 3.23076 1.4
      vertex 1.481 3.23076 0
    endloop
  endfacet
  facet normal 0.831473 0.555565 0
    outer loop
      vertex 1.7122 2.88474 1.4
      vertex 1.481 3.23076 0
      vertex 1.481 3.23076 1.4
    endloop
  endfacet
  facet normal 0.831473 0.555565 0
    outer loop
      vertex 1.481 3.23076 0
      vertex 1.7122 2.88474 1.4
      vertex 1.7122 2.88474 0
    endloop
  endfacet
  facet normal 0.78531 0.619103 0
    outer loop
      vertex 1.96985 2.55792 1.4
      vertex 1.7122 2.88474 0
      vertex 1.7122 2.88474 1.4
    endloop
  endfacet
  facet normal 0.78531 0.619103 0
    outer loop
      vertex 1.7122 2.88474 0
      vertex 1.96985 2.55792 1.4
      vertex 1.96985 2.55792 0
    endloop
  endfacet
  facet normal 0.734328 0.678795 0
    outer loop
      vertex 2.25233 2.25233 1.4
      vertex 1.96985 2.55792 0
      vertex 1.96985 2.55792 1.4
    endloop
  endfacet
  facet normal 0.734328 0.678795 0
    outer loop
      vertex 1.96985 2.55792 0
      vertex 2.25233 2.25233 1.4
      vertex 2.25233 2.25233 0
    endloop
  endfacet
  facet normal 0.678795 0.734328 -0
    outer loop
      vertex 2.55792 1.96985 0
      vertex 2.25233 2.25233 1.4
      vertex 2.55792 1.96985 1.4
    endloop
  endfacet
  facet normal 0.678795 0.734328 0
    outer loop
      vertex 2.25233 2.25233 1.4
      vertex 2.55792 1.96985 0
      vertex 2.25233 2.25233 0
    endloop
  endfacet
  facet normal 0.619103 0.78531 -0
    outer loop
      vertex 2.88474 1.7122 0
      vertex 2.55792 1.96985 1.4
      vertex 2.88474 1.7122 1.4
    endloop
  endfacet
  facet normal 0.619103 0.78531 0
    outer loop
      vertex 2.55792 1.96985 1.4
      vertex 2.88474 1.7122 0
      vertex 2.55792 1.96985 0
    endloop
  endfacet
  facet normal 0.555565 0.831473 -0
    outer loop
      vertex 3.23076 1.481 0
      vertex 2.88474 1.7122 1.4
      vertex 3.23076 1.481 1.4
    endloop
  endfacet
  facet normal 0.555565 0.831473 0
    outer loop
      vertex 2.88474 1.7122 1.4
      vertex 3.23076 1.481 0
      vertex 2.88474 1.7122 0
    endloop
  endfacet
  facet normal 0.488611 0.872502 -0
    outer loop
      vertex 3.59386 1.27766 0
      vertex 3.23076 1.481 1.4
      vertex 3.59386 1.27766 1.4
    endloop
  endfacet
  facet normal 0.488611 0.872502 0
    outer loop
      vertex 3.23076 1.481 1.4
      vertex 3.59386 1.27766 0
      vertex 3.23076 1.481 0
    endloop
  endfacet
  facet normal 0.418662 0.908142 -0
    outer loop
      vertex 3.97177 1.10344 0
      vertex 3.59386 1.27766 1.4
      vertex 3.97177 1.10344 1.4
    endloop
  endfacet
  facet normal 0.418662 0.908142 0
    outer loop
      vertex 3.59386 1.27766 1.4
      vertex 3.97177 1.10344 0
      vertex 3.59386 1.27766 0
    endloop
  endfacet
  facet normal 0.346124 0.938189 -0
    outer loop
      vertex 4.36221 0.959396 0
      vertex 3.97177 1.10344 1.4
      vertex 4.36221 0.959396 1.4
    endloop
  endfacet
  facet normal 0.346124 0.938189 0
    outer loop
      vertex 3.97177 1.10344 1.4
      vertex 4.36221 0.959396 0
      vertex 3.97177 1.10344 0
    endloop
  endfacet
  facet normal 0.271438 0.962456 -0
    outer loop
      vertex 4.76274 0.846436 0
      vertex 4.36221 0.959396 1.4
      vertex 4.76274 0.846436 1.4
    endloop
  endfacet
  facet normal 0.271438 0.962456 0
    outer loop
      vertex 4.36221 0.959396 1.4
      vertex 4.76274 0.846436 0
      vertex 4.36221 0.959396 0
    endloop
  endfacet
  facet normal 0.195065 0.98079 -0
    outer loop
      vertex 5.1709 0.765259 0
      vertex 4.76274 0.846436 1.4
      vertex 5.1709 0.765259 1.4
    endloop
  endfacet
  facet normal 0.195065 0.98079 0
    outer loop
      vertex 4.76274 0.846436 1.4
      vertex 5.1709 0.765259 0
      vertex 4.76274 0.846436 0
    endloop
  endfacet
  facet normal 0.117552 0.993067 -0
    outer loop
      vertex 5.58417 0.716339 0
      vertex 5.1709 0.765259 1.4
      vertex 5.58417 0.716339 1.4
    endloop
  endfacet
  facet normal 0.117552 0.993067 0
    outer loop
      vertex 5.1709 0.765259 1.4
      vertex 5.58417 0.716339 0
      vertex 5.1709 0.765259 0
    endloop
  endfacet
  facet normal 0.0392694 0.999229 -0
    outer loop
      vertex 6 0.699997 0
      vertex 5.58417 0.716339 1.4
      vertex 6 0.699997 1.4
    endloop
  endfacet
  facet normal 0.0392694 0.999229 0
    outer loop
      vertex 5.58417 0.716339 1.4
      vertex 6 0.699997 0
      vertex 5.58417 0.716339 0
    endloop
  endfacet
  facet normal 0 1 -0
    outer loop
      vertex 154 0.699997 0
      vertex 6 0.699997 1.4
      vertex 154 0.699997 1.4
    endloop
  endfacet
  facet normal 0 1 0
    outer loop
      vertex 6 0.699997 1.4
      vertex 154 0.699997 0
      vertex 6 0.699997 0
    endloop
  endfacet
  facet normal -0.0392534 0.999229 0
    outer loop
      vertex 154.416 0.716339 0
      vertex 154 0.699997 1.4
      vertex 154.416 0.716339 1.4
    endloop
  endfacet
  facet normal -0.0392534 0.999229 0
    outer loop
      vertex 154 0.699997 1.4
      vertex 154.416 0.716339 0
      vertex 154 0.699997 0
    endloop
  endfacet
  facet normal -0.0392618 -0.999229 0
    outer loop
      vertex 5.72539 2.51079 0
      vertex 6 2.5 1.4
      vertex 5.72539 2.51079 1.4
    endloop
  endfacet
  facet normal -0.0392618 -0.999229 -0
    outer loop
      vertex 6 2.5 1.4
      vertex 5.72539 2.51079 0
      vertex 6 2.5 0
    endloop
  endfacet
  facet normal -0.117534 -0.993069 0
    outer loop
      vertex 5.45248 2.54309 0
      vertex 5.72539 2.51079 1.4
      vertex 5.45248 2.54309 1.4
    endloop
  endfacet
  facet normal -0.117534 -0.993069 -0
    outer loop
      vertex 5.72539 2.51079 1.4
      vertex 5.45248 2.54309 0
      vertex 5.72539 2.51079 0
    endloop
  endfacet
  facet normal -0.195108 -0.980782 0
    outer loop
      vertex 5.18294 2.59671 0
      vertex 5.45248 2.54309 1.4
      vertex 5.18294 2.59671 1.4
    endloop
  endfacet
  facet normal -0.195108 -0.980782 -0
    outer loop
      vertex 5.45248 2.54309 1.4
      vertex 5.18294 2.59671 0
      vertex 5.45248 2.54309 0
    endloop
  endfacet
  facet normal -0.271418 -0.962462 0
    outer loop
      vertex 4.91844 2.6713 0
      vertex 5.18294 2.59671 1.4
      vertex 4.91844 2.6713 1.4
    endloop
  endfacet
  facet normal -0.271418 -0.962462 -0
    outer loop
      vertex 5.18294 2.59671 1.4
      vertex 4.91844 2.6713 0
      vertex 5.18294 2.59671 0
    endloop
  endfacet
  facet normal -0.346122 -0.93819 0
    outer loop
      vertex 4.66061 2.76642 0
      vertex 4.91844 2.6713 1.4
      vertex 4.66061 2.76642 1.4
    endloop
  endfacet
  facet normal -0.346122 -0.93819 -0
    outer loop
      vertex 4.91844 2.6713 1.4
      vertex 4.66061 2.76642 0
      vertex 4.91844 2.6713 0
    endloop
  endfacet
  facet normal -0.418636 -0.908154 0
    outer loop
      vertex 4.41103 2.88147 0
      vertex 4.66061 2.76642 1.4
      vertex 4.41103 2.88147 1.4
    endloop
  endfacet
  facet normal -0.418636 -0.908154 -0
    outer loop
      vertex 4.66061 2.76642 1.4
      vertex 4.41103 2.88147 0
      vertex 4.66061 2.76642 0
    endloop
  endfacet
  facet normal -0.48864 -0.872486 0
    outer loop
      vertex 4.17125 3.01576 0
      vertex 4.41103 2.88147 1.4
      vertex 4.17125 3.01576 1.4
    endloop
  endfacet
  facet normal -0.48864 -0.872486 -0
    outer loop
      vertex 4.41103 2.88147 1.4
      vertex 4.17125 3.01576 0
      vertex 4.41103 2.88147 0
    endloop
  endfacet
  facet normal -0.555573 -0.831468 0
    outer loop
      vertex 3.94275 3.16844 0
      vertex 4.17125 3.01576 1.4
      vertex 3.94275 3.16844 1.4
    endloop
  endfacet
  facet normal -0.555573 -0.831468 -0
    outer loop
      vertex 4.17125 3.01576 1.4
      vertex 3.94275 3.16844 0
      vertex 4.17125 3.01576 0
    endloop
  endfacet
  facet normal -0.619097 -0.785315 0
    outer loop
      vertex 3.72693 3.33858 0
      vertex 3.94275 3.16844 1.4
      vertex 3.72693 3.33858 1.4
    endloop
  endfacet
  facet normal -0.619097 -0.785315 -0
    outer loop
      vertex 3.94275 3.16844 1.4
      vertex 3.72693 3.33858 0
      vertex 3.94275 3.16844 0
    endloop
  endfacet
  facet normal -0.678816 -0.734308 0
    outer loop
      vertex 3.52513 3.52513 0
      vertex 3.72693 3.33858 1.4
      vertex 3.52513 3.52513 1.4
    endloop
  endfacet
  facet normal -0.678816 -0.734308 -0
    outer loop
      vertex 3.72693 3.33858 1.4
      vertex 3.52513 3.52513 0
      vertex 3.72693 3.33858 0
    endloop
  endfacet
  facet normal -0.734308 -0.678816 0
    outer loop
      vertex 3.52513 3.52513 0
      vertex 3.33858 3.72693 1.4
      vertex 3.33858 3.72693 0
    endloop
  endfacet
  facet normal -0.734308 -0.678816 0
    outer loop
      vertex 3.33858 3.72693 1.4
      vertex 3.52513 3.52513 0
      vertex 3.52513 3.52513 1.4
    endloop
  endfacet
  facet normal -0.785315 -0.619097 0
    outer loop
      vertex 3.33858 3.72693 0
      vertex 3.16844 3.94275 1.4
      vertex 3.16844 3.94275 0
    endloop
  endfacet
  facet normal -0.785315 -0.619097 0
    outer loop
      vertex 3.16844 3.94275 1.4
      vertex 3.33858 3.72693 0
      vertex 3.33858 3.72693 1.4
    endloop
  endfacet
  facet normal -0.831468 -0.555573 0
    outer loop
      vertex 3.16844 3.94275 0
      vertex 3.01576 4.17125 1.4
      vertex 3.01576 4.17125 0
    endloop
  endfacet
  facet normal -0.831468 -0.555573 0
    outer loop
      vertex 3.01576 4.17125 1.4
      vertex 3.16844 3.94275 0
      vertex 3.16844 3.94275 1.4
    endloop
  endfacet
  facet normal -0.872486 -0.48864 0
    outer loop
      vertex 3.01576 4.17125 0
      vertex 2.88147 4.41103 1.4
      vertex 2.88147 4.41103 0
    endloop
  endfacet
  facet normal -0.872486 -0.48864 0
    outer loop
      vertex 2.88147 4.41103 1.4
      vertex 3.01576 4.17125 0
      vertex 3.01576 4.17125 1.4
    endloop
  endfacet
  facet normal -0.908154 -0.418636 0
    outer loop
      vertex 2.88147 4.41103 0
      vertex 2.76642 4.66061 1.4
      vertex 2.76642 4.66061 0
    endloop
  endfacet
  facet normal -0.908154 -0.418636 0
    outer loop
      vertex 2.76642 4.66061 1.4
      vertex 2.88147 4.41103 0
      vertex 2.88147 4.41103 1.4
    endloop
  endfacet
  facet normal -0.93819 -0.346122 0
    outer loop
      vertex 2.76642 4.66061 0
      vertex 2.6713 4.91844 1.4
      vertex 2.6713 4.91844 0
    endloop
  endfacet
  facet normal -0.93819 -0.346122 0
    outer loop
      vertex 2.6713 4.91844 1.4
      vertex 2.76642 4.66061 0
      vertex 2.76642 4.66061 1.4
    endloop
  endfacet
  facet normal -0.962462 -0.271418 0
    outer loop
      vertex 2.6713 4.91844 0
      vertex 2.59671 5.18294 1.4
      vertex 2.59671 5.18294 0
    endloop
  endfacet
  facet normal -0.962462 -0.271418 0
    outer loop
      vertex 2.59671 5.18294 1.4
      vertex 2.6713 4.91844 0
      vertex 2.6713 4.91844 1.4
    endloop
  endfacet
  facet normal -0.980782 -0.195108 0
    outer loop
      vertex 2.59671 5.18294 0
      vertex 2.54309 5.45248 1.4
      vertex 2.54309 5.45248 0
    endloop
  endfacet
  facet normal -0.980782 -0.195108 0
    outer loop
      vertex 2.54309 5.45248 1.4
      vertex 2.59671 5.18294 0
      vertex 2.59671 5.18294 1.4
    endloop
  endfacet
  facet normal -0.993069 -0.117534 0
    outer loop
      vertex 2.54309 5.45248 0
      vertex 2.51079 5.72539 1.4
      vertex 2.51079 5.72539 0
    endloop
  endfacet
  facet normal -0.993069 -0.117534 0
    outer loop
      vertex 2.51079 5.72539 1.4
      vertex 2.54309 5.45248 0
      vertex 2.54309 5.45248 1.4
    endloop
  endfacet
  facet normal -0.999229 -0.0392618 0
    outer loop
      vertex 2.51079 5.72539 0
      vertex 2.5 6 1.4
      vertex 2.5 6 0
    endloop
  endfacet
  facet normal -0.999229 -0.0392618 0
    outer loop
      vertex 2.5 6 1.4
      vertex 2.51079 5.72539 0
      vertex 2.51079 5.72539 1.4
    endloop
  endfacet
  facet normal -1 0 0
    outer loop
      vertex 2.5 6 0
      vertex 2.5 154 1.4
      vertex 2.5 154 0
    endloop
  endfacet
  facet normal -1 -0 0
    outer loop
      vertex 2.5 154 1.4
      vertex 2.5 6 0
      vertex 2.5 6 1.4
    endloop
  endfacet
  facet normal -0.999231 0.0392062 0
    outer loop
      vertex 2.5 154 0
      vertex 2.51079 154.275 1.4
      vertex 2.51079 154.275 0
    endloop
  endfacet
  facet normal -0.999231 0.0392062 0
    outer loop
      vertex 2.51079 154.275 1.4
      vertex 2.5 154 0
      vertex 2.5 154 1.4
    endloop
  endfacet
  facet normal -0.993073 0.117495 0
    outer loop
      vertex 2.51079 154.275 0
      vertex 2.54309 154.548 1.4
      vertex 2.54309 154.548 0
    endloop
  endfacet
  facet normal -0.993073 0.117495 0
    outer loop
      vertex 2.54309 154.548 1.4
      vertex 2.51079 154.275 0
      vertex 2.51079 154.275 1.4
    endloop
  endfacet
  facet normal -0.980707 0.195485 0
    outer loop
      vertex 2.54309 154.548 0
      vertex 2.59671 154.817 1.4
      vertex 2.59671 154.817 0
    endloop
  endfacet
  facet normal -0.980707 0.195485 0
    outer loop
      vertex 2.59671 154.817 1.4
      vertex 2.54309 154.548 0
      vertex 2.54309 154.548 1.4
    endloop
  endfacet
  facet normal -0.962595 0.270943 0
    outer loop
      vertex 2.59671 154.817 0
      vertex 2.6713 155.082 1.4
      vertex 2.6713 155.082 0
    endloop
  endfacet
  facet normal -0.962595 0.270943 0
    outer loop
      vertex 2.6713 155.082 1.4
      vertex 2.59671 154.817 0
      vertex 2.59671 154.817 1.4
    endloop
  endfacet
  facet normal -0.937826 0.347105 0
    outer loop
      vertex 2.6713 155.082 0
      vertex 2.76642 155.339 1.4
      vertex 2.76642 155.339 0
    endloop
  endfacet
  facet normal -0.937826 0.347105 0
    outer loop
      vertex 2.76642 155.339 1.4
      vertex 2.6713 155.082 0
      vertex 2.6713 155.082 1.4
    endloop
  endfacet
  facet normal -0.908421 0.418056 0
    outer loop
      vertex 2.76642 155.339 0
      vertex 2.88147 155.589 1.4
      vertex 2.88147 155.589 0
    endloop
  endfacet
  facet normal -0.908421 0.418056 0
    outer loop
      vertex 2.88147 155.589 1.4
      vertex 2.76642 155.339 0
      vertex 2.76642 155.339 1.4
    endloop
  endfacet
  facet normal -0.872676 0.488299 0
    outer loop
      vertex 2.88147 155.589 0
      vertex 3.01576 155.829 1.4
      vertex 3.01576 155.829 0
    endloop
  endfacet
  facet normal -0.872676 0.488299 0
    outer loop
      vertex 3.01576 155.829 1.4
      vertex 2.88147 155.589 0
      vertex 2.88147 155.589 1.4
    endloop
  endfacet
  facet normal -0.830905 0.556415 0
    outer loop
      vertex 3.01576 155.829 0
      vertex 3.16844 156.057 1.4
      vertex 3.16844 156.057 0
    endloop
  endfacet
  facet normal -0.830905 0.556415 0
    outer loop
      vertex 3.16844 156.057 1.4
      vertex 3.01576 155.829 0
      vertex 3.01576 155.829 1.4
    endloop
  endfacet
  facet normal -0.785566 0.618778 0
    outer loop
      vertex 3.16844 156.057 0
      vertex 3.33858 156.273 1.4
      vertex 3.33858 156.273 0
    endloop
  endfacet
  facet normal -0.785566 0.618778 0
    outer loop
      vertex 3.33858 156.273 1.4
      vertex 3.16844 156.057 0
      vertex 3.16844 156.057 1.4
    endloop
  endfacet
  facet normal -0.734643 0.678454 0
    outer loop
      vertex 3.33858 156.273 0
      vertex 3.52513 156.475 1.4
      vertex 3.52513 156.475 0
    endloop
  endfacet
  facet normal -0.734643 0.678454 0
    outer loop
      vertex 3.52513 156.475 1.4
      vertex 3.33858 156.273 0
      vertex 3.33858 156.273 1.4
    endloop
  endfacet
  facet normal -0.677735 0.735306 0
    outer loop
      vertex 3.72693 156.661 0
      vertex 3.52513 156.475 1.4
      vertex 3.72693 156.661 1.4
    endloop
  endfacet
  facet normal -0.677735 0.735306 0
    outer loop
      vertex 3.52513 156.475 1.4
      vertex 3.72693 156.661 0
      vertex 3.52513 156.475 0
    endloop
  endfacet
  facet normal -0.621021 0.783794 0
    outer loop
      vertex 3.94275 156.832 0
      vertex 3.72693 156.661 1.4
      vertex 3.94275 156.832 1.4
    endloop
  endfacet
  facet normal -0.621021 0.783794 0
    outer loop
      vertex 3.72693 156.661 1.4
      vertex 3.94275 156.832 0
      vertex 3.72693 156.661 0
    endloop
  endfacet
  facet normal -0.553859 0.83261 0
    outer loop
      vertex 4.17125 156.984 0
      vertex 3.94275 156.832 1.4
      vertex 4.17125 156.984 1.4
    endloop
  endfacet
  facet normal -0.553859 0.83261 0
    outer loop
      vertex 3.94275 156.832 1.4
      vertex 4.17125 156.984 0
      vertex 3.94275 156.832 0
    endloop
  endfacet
  facet normal -0.490603 0.871383 0
    outer loop
      vertex 4.41103 157.119 0
      vertex 4.17125 156.984 1.4
      vertex 4.41103 157.119 1.4
    endloop
  endfacet
  facet normal -0.490603 0.871383 0
    outer loop
      vertex 4.17125 156.984 1.4
      vertex 4.41103 157.119 0
      vertex 4.17125 156.984 0
    endloop
  endfacet
  facet normal -0.418486 0.908223 0
    outer loop
      vertex 4.66061 157.234 0
      vertex 4.41103 157.119 1.4
      vertex 4.66061 157.234 1.4
    endloop
  endfacet
  facet normal -0.418486 0.908223 0
    outer loop
      vertex 4.41103 157.119 1.4
      vertex 4.66061 157.234 0
      vertex 4.41103 157.119 0
    endloop
  endfacet
  facet normal -0.345737 0.938331 0
    outer loop
      vertex 4.91844 157.329 0
      vertex 4.66061 157.234 1.4
      vertex 4.91844 157.329 1.4
    endloop
  endfacet
  facet normal -0.345737 0.938331 0
    outer loop
      vertex 4.66061 157.234 1.4
      vertex 4.91844 157.329 0
      vertex 4.66061 157.234 0
    endloop
  endfacet
  facet normal -0.269427 0.963021 0
    outer loop
      vertex 5.18294 157.403 0
      vertex 4.91844 157.329 1.4
      vertex 5.18294 157.403 1.4
    endloop
  endfacet
  facet normal -0.269427 0.963021 0
    outer loop
      vertex 4.91844 157.329 1.4
      vertex 5.18294 157.403 0
      vertex 4.91844 157.329 0
    endloop
  endfacet
  facet normal -0.196438 0.980516 0
    outer loop
      vertex 5.45248 157.457 0
      vertex 5.18294 157.403 1.4
      vertex 5.45248 157.457 1.4
    endloop
  endfacet
  facet normal -0.196438 0.980516 0
    outer loop
      vertex 5.18294 157.403 1.4
      vertex 5.45248 157.457 0
      vertex 5.18294 157.403 0
    endloop
  endfacet
  facet normal -0.116457 0.993196 0
    outer loop
      vertex 5.72539 157.489 0
      vertex 5.45248 157.457 1.4
      vertex 5.72539 157.489 1.4
    endloop
  endfacet
  facet normal -0.116457 0.993196 0
    outer loop
      vertex 5.45248 157.457 1.4
      vertex 5.72539 157.489 0
      vertex 5.45248 157.457 0
    endloop
  endfacet
  facet normal -0.0400247 0.999199 0
    outer loop
      vertex 6 157.5 0
      vertex 5.72539 157.489 1.4
      vertex 6 157.5 1.4
    endloop
  endfacet
  facet normal -0.0400247 0.999199 0
    outer loop
      vertex 5.72539 157.489 1.4
      vertex 6 157.5 0
      vertex 5.72539 157.489 0
    endloop
  endfacet
  facet normal 0 1 -0
    outer loop
      vertex 154 157.5 0
      vertex 6 157.5 1.4
      vertex 154 157.5 1.4
    endloop
  endfacet
  facet normal 0 1 0
    outer loop
      vertex 6 157.5 1.4
      vertex 154 157.5 0
      vertex 6 157.5 0
    endloop
  endfacet
  facet normal 0.039968 0.999201 -0
    outer loop
      vertex 154.275 157.489 0
      vertex 154 157.5 1.4
      vertex 154.275 157.489 1.4
    endloop
  endfacet
  facet normal 0.039968 0.999201 0
    outer loop
      vertex 154 157.5 1.4
      vertex 154.275 157.489 0
      vertex 154 157.5 0
    endloop
  endfacet
  facet normal 0.116419 0.9932 -0
    outer loop
      vertex 154.548 157.457 0
      vertex 154.275 157.489 1.4
      vertex 154.548 157.457 1.4
    endloop
  endfacet
  facet normal 0.116419 0.9932 0
    outer loop
      vertex 154.275 157.489 1.4
      vertex 154.548 157.457 0
      vertex 154.275 157.489 0
    endloop
  endfacet
  facet normal 0.196817 0.98044 -0
    outer loop
      vertex 154.817 157.403 0
      vertex 154.548 157.457 1.4
      vertex 154.817 157.403 1.4
    endloop
  endfacet
  facet normal 0.196817 0.98044 0
    outer loop
      vertex 154.548 157.457 1.4
      vertex 154.817 157.403 0
      vertex 154.548 157.457 0
    endloop
  endfacet
  facet normal 0.268956 0.963153 -0
    outer loop
      vertex 155.082 157.329 0
      vertex 154.817 157.403 1.4
      vertex 155.082 157.329 1.4
    endloop
  endfacet
  facet normal 0.268956 0.963153 0
    outer loop
      vertex 154.817 157.403 1.4
      vertex 155.082 157.329 0
      vertex 154.817 157.403 0
    endloop
  endfacet
  facet normal 0.34672 0.937969 -0
    outer loop
      vertex 155.339 157.234 0
      vertex 155.082 157.329 1.4
      vertex 155.339 157.234 1.4
    endloop
  endfacet
  facet normal 0.34672 0.937969 0
    outer loop
      vertex 155.082 157.329 1.4
      vertex 155.339 157.234 0
      vertex 155.082 157.329 0
    endloop
  endfacet
  facet normal 0.417906 0.90849 -0
    outer loop
      vertex 155.589 157.119 0
      vertex 155.339 157.234 1.4
      vertex 155.589 157.119 1.4
    endloop
  endfacet
  facet normal 0.417906 0.90849 0
    outer loop
      vertex 155.339 157.234 1.4
      vertex 155.589 157.119 0
      vertex 155.339 157.234 0
    endloop
  endfacet
  facet normal 0.490261 0.871576 -0
    outer loop
      vertex 155.829 156.984 0
      vertex 155.589 157.119 1.4
      vertex 155.829 156.984 1.4
    endloop
  endfacet
  facet normal 0.490261 0.871576 0
    outer loop
      vertex 155.589 157.119 1.4
      vertex 155.829 156.984 0
      vertex 155.589 157.119 0
    endloop
  endfacet
  facet normal 0.5547 0.83205 -0
    outer loop
      vertex 156.057 156.832 0
      vertex 155.829 156.984 1.4
      vertex 156.057 156.832 1.4
    endloop
  endfacet
  facet normal 0.5547 0.83205 0
    outer loop
      vertex 155.829 156.984 1.4
      vertex 156.057 156.832 0
      vertex 155.829 156.984 0
    endloop
  endfacet
  facet normal 0.620703 0.784046 -0
    outer loop
      vertex 156.273 156.661 0
      vertex 156.057 156.832 1.4
      vertex 156.273 156.661 1.4
    endloop
  endfacet
  facet normal 0.620703 0.784046 0
    outer loop
      vertex 156.057 156.832 1.4
      vertex 156.273 156.661 0
      vertex 156.057 156.832 0
    endloop
  endfacet
  facet normal 0.677372 0.735641 -0
    outer loop
      vertex 156.475 156.475 0
      vertex 156.273 156.661 1.4
      vertex 156.475 156.475 1.4
    endloop
  endfacet
  facet normal 0.677372 0.735641 0
    outer loop
      vertex 156.273 156.661 1.4
      vertex 156.475 156.475 0
      vertex 156.273 156.661 0
    endloop
  endfacet
  facet normal 0.735641 0.677372 0
    outer loop
      vertex 156.661 156.273 1.4
      vertex 156.475 156.475 0
      vertex 156.475 156.475 1.4
    endloop
  endfacet
  facet normal 0.735641 0.677372 0
    outer loop
      vertex 156.475 156.475 0
      vertex 156.661 156.273 1.4
      vertex 156.661 156.273 0
    endloop
  endfacet
  facet normal 0.784046 0.620703 0
    outer loop
      vertex 156.832 156.057 1.4
      vertex 156.661 156.273 0
      vertex 156.661 156.273 1.4
    endloop
  endfacet
  facet normal 0.784046 0.620703 0
    outer loop
      vertex 156.661 156.273 0
      vertex 156.832 156.057 1.4
      vertex 156.832 156.057 0
    endloop
  endfacet
  facet normal 0.83205 0.5547 0
    outer loop
      vertex 156.984 155.829 1.4
      vertex 156.832 156.057 0
      vertex 156.832 156.057 1.4
    endloop
  endfacet
  facet normal 0.83205 0.5547 0
    outer loop
      vertex 156.832 156.057 0
      vertex 156.984 155.829 1.4
      vertex 156.984 155.829 0
    endloop
  endfacet
  facet normal 0.871576 0.490261 0
    outer loop
      vertex 157.119 155.589 1.4
      vertex 156.984 155.829 0
      vertex 156.984 155.829 1.4
    endloop
  endfacet
  facet normal 0.871576 0.490261 0
    outer loop
      vertex 156.984 155.829 0
      vertex 157.119 155.589 1.4
      vertex 157.119 155.589 0
    endloop
  endfacet
  facet normal 0.90849 0.417906 0
    outer loop
      vertex 157.234 155.339 1.4
      vertex 157.119 155.589 0
      vertex 157.119 155.589 1.4
    endloop
  endfacet
  facet normal 0.90849 0.417906 0
    outer loop
      vertex 157.119 155.589 0
      vertex 157.234 155.339 1.4
      vertex 157.234 155.339 0
    endloop
  endfacet
  facet normal 0.937969 0.34672 0
    outer loop
      vertex 157.329 155.082 1.4
      vertex 157.234 155.339 0
      vertex 157.234 155.339 1.4
    endloop
  endfacet
  facet normal 0.937969 0.34672 0
    outer loop
      vertex 157.234 155.339 0
      vertex 157.329 155.082 1.4
      vertex 157.329 155.082 0
    endloop
  endfacet
  facet normal 0.963153 0.268956 0
    outer loop
      vertex 157.403 154.817 1.4
      vertex 157.329 155.082 0
      vertex 157.329 155.082 1.4
    endloop
  endfacet
  facet normal 0.963153 0.268956 0
    outer loop
      vertex 157.329 155.082 0
      vertex 157.403 154.817 1.4
      vertex 157.403 154.817 0
    endloop
  endfacet
  facet normal 0.98044 0.196817 0
    outer loop
      vertex 157.457 154.548 1.4
      vertex 157.403 154.817 0
      vertex 157.403 154.817 1.4
    endloop
  endfacet
  facet normal 0.98044 0.196817 0
    outer loop
      vertex 157.403 154.817 0
      vertex 157.457 154.548 1.4
      vertex 157.457 154.548 0
    endloop
  endfacet
  facet normal 0.9932 0.116419 0
    outer loop
      vertex 157.489 154.275 1.4
      vertex 157.457 154.548 0
      vertex 157.457 154.548 1.4
    endloop
  endfacet
  facet normal 0.9932 0.116419 0
    outer loop
      vertex 157.457 154.548 0
      vertex 157.489 154.275 1.4
      vertex 157.489 154.275 0
    endloop
  endfacet
  facet normal 0.999201 0.039968 0
    outer loop
      vertex 157.5 154 1.4
      vertex 157.489 154.275 0
      vertex 157.489 154.275 1.4
    endloop
  endfacet
  facet normal 0.999201 0.039968 0
    outer loop
      vertex 157.489 154.275 0
      vertex 157.5 154 1.4
      vertex 157.5 154 0
    endloop
  endfacet
  facet normal 1 -0 0
    outer loop
      vertex 157.5 6 1.4
      vertex 157.5 154 0
      vertex 157.5 154 1.4
    endloop
  endfacet
  facet normal 1 0 0
    outer loop
      vertex 157.5 154 0
      vertex 157.5 6 1.4
      vertex 157.5 6 0
    endloop
  endfacet
  facet normal 0.999199 -0.0400247 0
    outer loop
      vertex 157.489 5.72539 1.4
      vertex 157.5 6 0
      vertex 157.5 6 1.4
    endloop
  endfacet
  facet normal 0.999199 -0.0400247 0
    outer loop
      vertex 157.5 6 0
      vertex 157.489 5.72539 1.4
      vertex 157.489 5.72539 0
    endloop
  endfacet
  facet normal 0.993196 -0.116457 0
    outer loop
      vertex 157.457 5.45248 1.4
      vertex 157.489 5.72539 0
      vertex 157.489 5.72539 1.4
    endloop
  endfacet
  facet normal 0.993196 -0.116457 0
    outer loop
      vertex 157.489 5.72539 0
      vertex 157.457 5.45248 1.4
      vertex 157.457 5.45248 0
    endloop
  endfacet
  facet normal 0.980516 -0.196438 0
    outer loop
      vertex 157.403 5.18294 1.4
      vertex 157.457 5.45248 0
      vertex 157.457 5.45248 1.4
    endloop
  endfacet
  facet normal 0.980516 -0.196438 0
    outer loop
      vertex 157.457 5.45248 0
      vertex 157.403 5.18294 1.4
      vertex 157.403 5.18294 0
    endloop
  endfacet
  facet normal 0.963021 -0.269427 0
    outer loop
      vertex 157.329 4.91844 1.4
      vertex 157.403 5.18294 0
      vertex 157.403 5.18294 1.4
    endloop
  endfacet
  facet normal 0.963021 -0.269427 0
    outer loop
      vertex 157.403 5.18294 0
      vertex 157.329 4.91844 1.4
      vertex 157.329 4.91844 0
    endloop
  endfacet
  facet normal 0.938331 -0.345737 0
    outer loop
      vertex 157.234 4.66061 1.4
      vertex 157.329 4.91844 0
      vertex 157.329 4.91844 1.4
    endloop
  endfacet
  facet normal 0.938331 -0.345737 0
    outer loop
      vertex 157.329 4.91844 0
      vertex 157.234 4.66061 1.4
      vertex 157.234 4.66061 0
    endloop
  endfacet
  facet normal 0.908223 -0.418486 0
    outer loop
      vertex 157.119 4.41103 1.4
      vertex 157.234 4.66061 0
      vertex 157.234 4.66061 1.4
    endloop
  endfacet
  facet normal 0.908223 -0.418486 0
    outer loop
      vertex 157.234 4.66061 0
      vertex 157.119 4.41103 1.4
      vertex 157.119 4.41103 0
    endloop
  endfacet
  facet normal 0.871383 -0.490603 0
    outer loop
      vertex 156.984 4.17125 1.4
      vertex 157.119 4.41103 0
      vertex 157.119 4.41103 1.4
    endloop
  endfacet
  facet normal 0.871383 -0.490603 0
    outer loop
      vertex 157.119 4.41103 0
      vertex 156.984 4.17125 1.4
      vertex 156.984 4.17125 0
    endloop
  endfacet
  facet normal 0.83261 -0.553859 0
    outer loop
      vertex 156.832 3.94275 1.4
      vertex 156.984 4.17125 0
      vertex 156.984 4.17125 1.4
    endloop
  endfacet
  facet normal 0.83261 -0.553859 0
    outer loop
      vertex 156.984 4.17125 0
      vertex 156.832 3.94275 1.4
      vertex 156.832 3.94275 0
    endloop
  endfacet
  facet normal 0.783794 -0.621021 0
    outer loop
      vertex 156.661 3.72693 1.4
      vertex 156.832 3.94275 0
      vertex 156.832 3.94275 1.4
    endloop
  endfacet
  facet normal 0.783794 -0.621021 0
    outer loop
      vertex 156.832 3.94275 0
      vertex 156.661 3.72693 1.4
      vertex 156.661 3.72693 0
    endloop
  endfacet
  facet normal 0.735306 -0.677735 0
    outer loop
      vertex 156.475 3.52513 1.4
      vertex 156.661 3.72693 0
      vertex 156.661 3.72693 1.4
    endloop
  endfacet
  facet normal 0.735306 -0.677735 0
    outer loop
      vertex 156.661 3.72693 0
      vertex 156.475 3.52513 1.4
      vertex 156.475 3.52513 0
    endloop
  endfacet
  facet normal 0.678454 -0.734643 0
    outer loop
      vertex 156.273 3.33858 0
      vertex 156.475 3.52513 1.4
      vertex 156.273 3.33858 1.4
    endloop
  endfacet
  facet normal 0.678454 -0.734643 0
    outer loop
      vertex 156.475 3.52513 1.4
      vertex 156.273 3.33858 0
      vertex 156.475 3.52513 0
    endloop
  endfacet
  facet normal 0.618778 -0.785566 0
    outer loop
      vertex 156.057 3.16844 0
      vertex 156.273 3.33858 1.4
      vertex 156.057 3.16844 1.4
    endloop
  endfacet
  facet normal 0.618778 -0.785566 0
    outer loop
      vertex 156.273 3.33858 1.4
      vertex 156.057 3.16844 0
      vertex 156.273 3.33858 0
    endloop
  endfacet
  facet normal 0.556415 -0.830905 0
    outer loop
      vertex 155.829 3.01576 0
      vertex 156.057 3.16844 1.4
      vertex 155.829 3.01576 1.4
    endloop
  endfacet
  facet normal 0.556415 -0.830905 0
    outer loop
      vertex 156.057 3.16844 1.4
      vertex 155.829 3.01576 0
      vertex 156.057 3.16844 0
    endloop
  endfacet
  facet normal 0.488299 -0.872676 0
    outer loop
      vertex 155.589 2.88147 0
      vertex 155.829 3.01576 1.4
      vertex 155.589 2.88147 1.4
    endloop
  endfacet
  facet normal 0.488299 -0.872676 0
    outer loop
      vertex 155.829 3.01576 1.4
      vertex 155.589 2.88147 0
      vertex 155.829 3.01576 0
    endloop
  endfacet
  facet normal 0.418056 -0.908421 0
    outer loop
      vertex 155.339 2.76642 0
      vertex 155.589 2.88147 1.4
      vertex 155.339 2.76642 1.4
    endloop
  endfacet
  facet normal 0.418056 -0.908421 0
    outer loop
      vertex 155.589 2.88147 1.4
      vertex 155.339 2.76642 0
      vertex 155.589 2.88147 0
    endloop
  endfacet
  facet normal 0.347105 -0.937826 0
    outer loop
      vertex 155.082 2.6713 0
      vertex 155.339 2.76642 1.4
      vertex 155.082 2.6713 1.4
    endloop
  endfacet
  facet normal 0.347105 -0.937826 0
    outer loop
      vertex 155.339 2.76642 1.4
      vertex 155.082 2.6713 0
      vertex 155.339 2.76642 0
    endloop
  endfacet
  facet normal 0.270943 -0.962595 0
    outer loop
      vertex 154.817 2.59671 0
      vertex 155.082 2.6713 1.4
      vertex 154.817 2.59671 1.4
    endloop
  endfacet
  facet normal 0.270943 -0.962595 0
    outer loop
      vertex 155.082 2.6713 1.4
      vertex 154.817 2.59671 0
      vertex 155.082 2.6713 0
    endloop
  endfacet
  facet normal 0.195485 -0.980707 0
    outer loop
      vertex 154.548 2.54309 0
      vertex 154.817 2.59671 1.4
      vertex 154.548 2.54309 1.4
    endloop
  endfacet
  facet normal 0.195485 -0.980707 0
    outer loop
      vertex 154.817 2.59671 1.4
      vertex 154.548 2.54309 0
      vertex 154.817 2.59671 0
    endloop
  endfacet
  facet normal 0.117495 -0.993073 0
    outer loop
      vertex 154.275 2.51079 0
      vertex 154.548 2.54309 1.4
      vertex 154.275 2.51079 1.4
    endloop
  endfacet
  facet normal 0.117495 -0.993073 0
    outer loop
      vertex 154.548 2.54309 1.4
      vertex 154.275 2.51079 0
      vertex 154.548 2.54309 0
    endloop
  endfacet
  facet normal 0.0392062 -0.999231 0
    outer loop
      vertex 154 2.5 0
      vertex 154.275 2.51079 1.4
      vertex 154 2.5 1.4
    endloop
  endfacet
  facet normal 0.0392062 -0.999231 0
    outer loop
      vertex 154.275 2.51079 1.4
      vertex 154 2.5 0
      vertex 154.275 2.51079 0
    endloop
  endfacet
  facet normal 0 -1 0
    outer loop
      vertex 6 2.5 0
      vertex 154 2.5 1.4
      vertex 6 2.5 1.4
    endloop
  endfacet
  facet normal 0 -1 -0
    outer loop
      vertex 154 2.5 1.4
      vertex 6 2.5 0
      vertex 154 2.5 0
    endloop
  endfacet
  facet normal 0 -1 0
    outer loop
      vertex 69.0937 0.61 8.45584
      vertex 69.9685 0.61 9.3835
      vertex 67.8934 0.61 9.3835
    endloop
  endfacet
  facet normal 0 -1 0
    outer loop
      vertex 69.9441 0.61 8.45584
      vertex 69.9685 0.61 9.3835
      vertex 69.0937 0.61 8.45584
    endloop
  endfacet
  facet normal 0 -1 0
    outer loop
      vertex 70.1027 0.61 8.45182
      vertex 69.9685 0.61 9.3835
      vertex 69.9441 0.61 8.45584
    endloop
  endfacet
  facet normal 0 -1 0
    outer loop
      vertex 69.9685 0.61 9.3835
      vertex 70.1027 0.61 8.45182
      vertex 70.2265 0.61 9.37746
    endloop
  endfacet
  facet normal 0 -1 0
    outer loop
      vertex 70.2545 0.61 8.43976
      vertex 70.2265 0.61 9.37746
      vertex 70.1027 0.61 8.45182
    endloop
  endfacet
  facet normal 0 -1 0
    outer loop
      vertex 70.3996 0.61 8.41967
      vertex 70.4736 0.61 9.35935
      vertex 70.2545 0.61 8.43976
    endloop
  endfacet
  facet normal 0 -1 -0
    outer loop
      vertex 70.4736 0.61 9.35935
      vertex 70.3996 0.61 8.41967
      vertex 70.7099 0.61 9.32917
    endloop
  endfacet
  facet normal 0 -1 0
    outer loop
      vertex 70.5378 0.61 8.39154
      vertex 70.7099 0.61 9.32917
      vertex 70.3996 0.61 8.41967
    endloop
  endfacet
  facet normal 0 -1 -0
    outer loop
      vertex 70.7099 0.61 9.32917
      vertex 70.5378 0.61 8.39154
      vertex 70.9353 0.61 9.28691
    endloop
  endfacet
  facet normal 0 -1 0
    outer loop
      vertex 70.7939 0.61 8.31118
      vertex 70.9353 0.61 9.28691
      vertex 70.6693 0.61 8.35538
    endloop
  endfacet
  facet normal 0 -1 -0
    outer loop
      vertex 70.9353 0.61 9.28691
      vertex 70.7939 0.61 8.31118
      vertex 71.15 0.61 9.23259
    endloop
  endfacet
  facet normal 0 -1 -0
    outer loop
      vertex 71.15 0.61 9.23259
      vertex 70.9118 0.61 8.25893
      vertex 71.3538 0.61 9.1662
    endloop
  endfacet
  facet normal 0 -1 0
    outer loop
      vertex 70.2265 0.61 9.37746
      vertex 70.2545 0.61 8.43976
      vertex 70.4736 0.61 9.35935
    endloop
  endfacet
  facet normal 0 -1 0
    outer loop
      vertex 67.8934 0.61 9.3835
      vertex 69.0937 0.61 4.5783
      vertex 69.0937 0.61 8.45584
    endloop
  endfacet
  facet normal 0 -1 0
    outer loop
      vertex 70.2126 0.61 3.65064
      vertex 70.1109 0.61 4.5783
      vertex 69.0937 0.61 4.5783
    endloop
  endfacet
  facet normal 0 -1 0
    outer loop
      vertex 70.1109 0.61 4.5783
      vertex 72.28 0.61 4.47487
      vertex 72.3647 0.61 4.57193
    endloop
  endfacet
  facet normal 0 -1 0
    outer loop
      vertex 70.1109 0.61 4.5783
      vertex 72.1905 0.61 4.38297
      vertex 72.28 0.61 4.47487
    endloop
  endfacet
  facet normal 0 -1 0
    outer loop
      vertex 70.1109 0.61 4.5783
      vertex 72.0962 0.61 4.29619
      vertex 72.1905 0.61 4.38297
    endloop
  endfacet
  facet normal 0 -1 0
    outer loop
      vertex 70.1109 0.61 4.5783
      vertex 71.9971 0.61 4.21457
      vertex 72.0962 0.61 4.29619
    endloop
  endfacet
  facet normal 0 -1 0
    outer loop
      vertex 70.1109 0.61 4.5783
      vertex 71.8933 0.61 4.13808
      vertex 71.9971 0.61 4.21457
    endloop
  endfacet
  facet normal 0 -1 0
    outer loop
      vertex 70.1109 0.61 4.5783
      vertex 71.7847 0.61 4.06674
      vertex 71.8933 0.61 4.13808
    endloop
  endfacet
  facet normal 0 -1 0
    outer loop
      vertex 70.1109 0.61 4.5783
      vertex 71.6713 0.61 4.00055
      vertex 71.7847 0.61 4.06674
    endloop
  endfacet
  facet normal 0 -1 0
    outer loop
      vertex 70.1109 0.61 4.5783
      vertex 71.554 0.61 3.93982
      vertex 71.6713 0.61 4.00055
    endloop
  endfacet
  facet normal 0 -1 0
    outer loop
      vertex 70.1109 0.61 4.5783
      vertex 71.4336 0.61 3.88488
      vertex 71.554 0.61 3.93982
    endloop
  endfacet
  facet normal 0 -1 0
    outer loop
      vertex 70.1109 0.61 4.5783
      vertex 71.3102 0.61 3.83571
      vertex 71.4336 0.61 3.88488
    endloop
  endfacet
  facet normal 0 -1 0
    outer loop
      vertex 70.1109 0.61 4.5783
      vertex 71.1837 0.61 3.79233
      vertex 71.3102 0.61 3.83571
    endloop
  endfacet
  facet normal 0 -1 0
    outer loop
      vertex 70.1109 0.61 4.5783
      vertex 71.0542 0.61 3.75475
      vertex 71.1837 0.61 3.79233
    endloop
  endfacet
  facet normal 0 -1 0
    outer loop
      vertex 70.1109 0.61 4.5783
      vertex 70.9216 0.61 3.72293
      vertex 71.0542 0.61 3.75475
    endloop
  endfacet
  facet normal 0 -1 0
    outer loop
      vertex 70.1109 0.61 4.5783
      vertex 70.7859 0.61 3.6969
      vertex 70.9216 0.61 3.72293
    endloop
  endfacet
  facet normal 0 -1 0
    outer loop
      vertex 70.1109 0.61 4.5783
      vertex 70.6472 0.61 3.67665
      vertex 70.7859 0.61 3.6969
    endloop
  endfacet
  facet normal 0 -1 0
    outer loop
      vertex 70.1109 0.61 4.5783
      vertex 70.5054 0.61 3.6622
      vertex 70.6472 0.61 3.67665
    endloop
  endfacet
  facet normal 0 -1 0
    outer loop
      vertex 70.1109 0.61 4.5783
      vertex 70.3605 0.61 3.65352
      vertex 70.5054 0.61 3.6622
    endloop
  endfacet
  facet normal 0 -1 0
    outer loop
      vertex 67.8934 0.61 3.65064
      vertex 69.0937 0.61 4.5783
      vertex 67.8934 0.61 9.3835
    endloop
  endfacet
  facet normal 0 -1 0
    outer loop
      vertex 70.2126 0.61 3.65064
      vertex 69.0937 0.61 4.5783
      vertex 67.8934 0.61 3.65064
    endloop
  endfacet
  facet normal 0 -1 0
    outer loop
      vertex 70.1109 0.61 4.5783
      vertex 70.2126 0.61 3.65064
      vertex 70.3605 0.61 3.65352
    endloop
  endfacet
  facet normal 0 -1 0
    outer loop
      vertex 70.6693 0.61 8.35538
      vertex 70.9353 0.61 9.28691
      vertex 70.5378 0.61 8.39154
    endloop
  endfacet
  facet normal 0 -1 0
    outer loop
      vertex 70.9118 0.61 8.25893
      vertex 71.15 0.61 9.23259
      vertex 70.7939 0.61 8.31118
    endloop
  endfacet
  facet normal 0 -1 0
    outer loop
      vertex 71.0228 0.61 8.19866
      vertex 71.3538 0.61 9.1662
      vertex 70.9118 0.61 8.25893
    endloop
  endfacet
  facet normal 0 -1 -0
    outer loop
      vertex 71.3538 0.61 9.1662
      vertex 71.0228 0.61 8.19866
      vertex 71.5467 0.61 9.08773
    endloop
  endfacet
  facet normal 0 -1 0
    outer loop
      vertex 71.1271 0.61 8.13034
      vertex 71.5467 0.61 9.08773
      vertex 71.0228 0.61 8.19866
    endloop
  endfacet
  facet normal 0 -1 -0
    outer loop
      vertex 71.5467 0.61 9.08773
      vertex 71.1271 0.61 8.13034
      vertex 71.7289 0.61 8.99718
    endloop
  endfacet
  facet normal 0 -1 0
    outer loop
      vertex 71.2246 0.61 8.05399
      vertex 71.7289 0.61 8.99718
      vertex 71.1271 0.61 8.13034
    endloop
  endfacet
  facet normal 0 -1 -0
    outer loop
      vertex 71.7289 0.61 8.99718
      vertex 71.2246 0.61 8.05399
      vertex 71.9002 0.61 8.89456
    endloop
  endfacet
  facet normal 0 -1 0
    outer loop
      vertex 71.3153 0.61 7.96959
      vertex 71.9002 0.61 8.89456
      vertex 71.2246 0.61 8.05399
    endloop
  endfacet
  facet normal 0 -1 -0
    outer loop
      vertex 71.9002 0.61 8.89456
      vertex 71.3153 0.61 7.96959
      vertex 72.0607 0.61 8.77988
    endloop
  endfacet
  facet normal 0 -1 0
    outer loop
      vertex 71.3986 0.61 7.87758
      vertex 72.0607 0.61 8.77988
      vertex 71.3153 0.61 7.96959
    endloop
  endfacet
  facet normal 0 -1 -0
    outer loop
      vertex 72.0607 0.61 8.77988
      vertex 71.3986 0.61 7.87758
      vertex 72.2104 0.61 8.65312
    endloop
  endfacet
  facet normal 0 -1 -0
    outer loop
      vertex 72.2104 0.61 8.65312
      vertex 71.3986 0.61 7.87758
      vertex 72.3481 0.61 8.51511
    endloop
  endfacet
  facet normal 0 -1 0
    outer loop
      vertex 71.474 0.61 7.77832
      vertex 72.3481 0.61 8.51511
      vertex 71.3986 0.61 7.87758
    endloop
  endfacet
  facet normal 0 -1 -0
    outer loop
      vertex 72.3481 0.61 8.51511
      vertex 71.474 0.61 7.77832
      vertex 72.4727 0.61 8.36663
    endloop
  endfacet
  facet normal 0 -1 0
    outer loop
      vertex 71.5415 0.61 7.67185
      vertex 72.4727 0.61 8.36663
      vertex 71.474 0.61 7.77832
    endloop
  endfacet
  facet normal 0 -1 -0
    outer loop
      vertex 72.4727 0.61 8.36663
      vertex 71.5415 0.61 7.67185
      vertex 72.5841 0.61 8.20771
    endloop
  endfacet
  facet normal 0 -1 0
    outer loop
      vertex 71.601 0.61 7.55814
      vertex 72.5841 0.61 8.20771
      vertex 71.5415 0.61 7.67185
    endloop
  endfacet
  facet normal 0 -1 -0
    outer loop
      vertex 72.5841 0.61 8.20771
      vertex 71.601 0.61 7.55814
      vertex 72.6825 0.61 8.03832
    endloop
  endfacet
  facet normal 0 -1 0
    outer loop
      vertex 71.6526 0.61 7.4372
      vertex 72.6825 0.61 8.03832
      vertex 71.601 0.61 7.55814
    endloop
  endfacet
  facet normal 0 -1 -0
    outer loop
      vertex 72.6825 0.61 8.03832
      vertex 71.6526 0.61 7.4372
      vertex 72.7677 0.61 7.85846
    endloop
  endfacet
  facet normal 0 -1 0
    outer loop
      vertex 71.6962 0.61 7.30904
      vertex 72.7677 0.61 7.85846
      vertex 71.6526 0.61 7.4372
    endloop
  endfacet
  facet normal 0 -1 -0
    outer loop
      vertex 72.7677 0.61 7.85846
      vertex 71.6962 0.61 7.30904
      vertex 72.8399 0.61 7.66817
    endloop
  endfacet
  facet normal 0 -1 -0
    outer loop
      vertex 72.8399 0.61 7.66817
      vertex 71.6962 0.61 7.30904
      vertex 72.8989 0.61 7.46739
    endloop
  endfacet
  facet normal 0 -1 0
    outer loop
      vertex 71.7319 0.61 7.17365
      vertex 72.8989 0.61 7.46739
      vertex 71.6962 0.61 7.30904
    endloop
  endfacet
  facet normal 0 -1 -0
    outer loop
      vertex 72.8989 0.61 7.46739
      vertex 71.7319 0.61 7.17365
      vertex 72.9448 0.61 7.25618
    endloop
  endfacet
  facet normal 0 -1 0
    outer loop
      vertex 71.7597 0.61 7.03102
      vertex 72.9448 0.61 7.25618
      vertex 71.7319 0.61 7.17365
    endloop
  endfacet
  facet normal 0 -1 -0
    outer loop
      vertex 72.9448 0.61 7.25618
      vertex 71.7597 0.61 7.03102
      vertex 72.9776 0.61 7.0345
    endloop
  endfacet
  facet normal 0 -1 0
    outer loop
      vertex 71.7795 0.61 6.88117
      vertex 72.9776 0.61 7.0345
      vertex 71.7597 0.61 7.03102
    endloop
  endfacet
  facet normal 0 -1 0
    outer loop
      vertex 71.7795 0.61 6.88117
      vertex 72.9973 0.61 6.80237
      vertex 72.9776 0.61 7.0345
    endloop
  endfacet
  facet normal 0 -1 0
    outer loop
      vertex 71.7914 0.61 6.72409
      vertex 72.9973 0.61 6.80237
      vertex 71.7795 0.61 6.88117
    endloop
  endfacet
  facet normal 0 -1 0
    outer loop
      vertex 73.0038 0.61 6.55977
      vertex 71.7914 0.61 6.72409
      vertex 71.7954 0.61 6.55977
    endloop
  endfacet
  facet normal 0 -1 0
    outer loop
      vertex 71.7914 0.61 6.72409
      vertex 73.0038 0.61 6.55977
      vertex 72.9973 0.61 6.80237
    endloop
  endfacet
  facet normal 0 -1 0
    outer loop
      vertex 71.7954 0.61 6.55977
      vertex 73.0009 0.61 6.40039
      vertex 73.0038 0.61 6.55977
    endloop
  endfacet
  facet normal 0 -1 0
    outer loop
      vertex 71.7916 0.61 6.3965
      vertex 73.0009 0.61 6.40039
      vertex 71.7954 0.61 6.55977
    endloop
  endfacet
  facet normal 0 -1 0
    outer loop
      vertex 71.7916 0.61 6.3965
      vertex 72.9923 0.61 6.24472
      vertex 73.0009 0.61 6.40039
    endloop
  endfacet
  facet normal 0 -1 0
    outer loop
      vertex 71.7803 0.61 6.23954
      vertex 72.9923 0.61 6.24472
      vertex 71.7916 0.61 6.3965
    endloop
  endfacet
  facet normal 0 -1 0
    outer loop
      vertex 71.7803 0.61 6.23954
      vertex 72.9779 0.61 6.09278
      vertex 72.9923 0.61 6.24472
    endloop
  endfacet
  facet normal 0 -1 0
    outer loop
      vertex 72.9578 0.61 5.94457
      vertex 71.7803 0.61 6.23954
      vertex 71.7615 0.61 6.08889
    endloop
  endfacet
  facet normal 0 -1 0
    outer loop
      vertex 71.7803 0.61 6.23954
      vertex 72.9578 0.61 5.94457
      vertex 72.9779 0.61 6.09278
    endloop
  endfacet
  facet normal 0 -1 0
    outer loop
      vertex 72.9319 0.61 5.8001
      vertex 71.7615 0.61 6.08889
      vertex 71.7351 0.61 5.94455
    endloop
  endfacet
  facet normal 0 -1 0
    outer loop
      vertex 72.8629 0.61 5.52234
      vertex 71.7351 0.61 5.94455
      vertex 71.7012 0.61 5.80655
    endloop
  endfacet
  facet normal 0 -1 0
    outer loop
      vertex 71.7615 0.61 6.08889
      vertex 72.9319 0.61 5.8001
      vertex 72.9578 0.61 5.94457
    endloop
  endfacet
  facet normal 0 -1 0
    outer loop
      vertex 72.8198 0.61 5.38906
      vertex 71.7012 0.61 5.80655
      vertex 71.6598 0.61 5.67487
    endloop
  endfacet
  facet normal 0 -1 0
    outer loop
      vertex 71.7351 0.61 5.94455
      vertex 72.9003 0.61 5.65935
      vertex 72.9319 0.61 5.8001
    endloop
  endfacet
  facet normal 0 -1 0
    outer loop
      vertex 72.7163 0.61 5.1337
      vertex 71.6598 0.61 5.67487
      vertex 71.6109 0.61 5.5495
    endloop
  endfacet
  facet normal 0 -1 0
    outer loop
      vertex 71.7351 0.61 5.94455
      vertex 72.8629 0.61 5.52234
      vertex 72.9003 0.61 5.65935
    endloop
  endfacet
  facet normal 0 -1 0
    outer loop
      vertex 72.6559 0.61 5.01161
      vertex 71.6109 0.61 5.5495
      vertex 71.5544 0.61 5.43047
    endloop
  endfacet
  facet normal 0 -1 0
    outer loop
      vertex 71.7012 0.61 5.80655
      vertex 72.8198 0.61 5.38906
      vertex 72.8629 0.61 5.52234
    endloop
  endfacet
  facet normal 0 -1 0
    outer loop
      vertex 72.5199 0.61 4.78148
      vertex 71.5544 0.61 5.43047
      vertex 71.4903 0.61 5.31775
    endloop
  endfacet
  facet normal 0 -1 0
    outer loop
      vertex 71.6598 0.61 5.67487
      vertex 72.7709 0.61 5.25951
      vertex 72.8198 0.61 5.38906
    endloop
  endfacet
  facet normal 0 -1 0
    outer loop
      vertex 72.3647 0.61 4.57193
      vertex 71.4903 0.61 5.31775
      vertex 71.4188 0.61 5.21135
    endloop
  endfacet
  facet normal 0 -1 0
    outer loop
      vertex 71.6598 0.61 5.67487
      vertex 72.7163 0.61 5.1337
      vertex 72.7709 0.61 5.25951
    endloop
  endfacet
  facet normal 0 -1 0
    outer loop
      vertex 72.3647 0.61 4.57193
      vertex 71.4188 0.61 5.21135
      vertex 71.3397 0.61 5.11127
    endloop
  endfacet
  facet normal 0 -1 0
    outer loop
      vertex 72.3647 0.61 4.57193
      vertex 71.3397 0.61 5.11127
      vertex 71.2542 0.61 5.01877
    endloop
  endfacet
  facet normal 0 -1 0
    outer loop
      vertex 71.6109 0.61 5.5495
      vertex 72.6559 0.61 5.01161
      vertex 72.7163 0.61 5.1337
    endloop
  endfacet
  facet normal 0 -1 0
    outer loop
      vertex 72.3647 0.61 4.57193
      vertex 71.2542 0.61 5.01877
      vertex 71.1635 0.61 4.93508
    endloop
  endfacet
  facet normal 0 -1 0
    outer loop
      vertex 71.5544 0.61 5.43047
      vertex 72.5903 0.61 4.89398
      vertex 72.6559 0.61 5.01161
    endloop
  endfacet
  facet normal 0 -1 0
    outer loop
      vertex 72.3647 0.61 4.57193
      vertex 71.1635 0.61 4.93508
      vertex 71.0675 0.61 4.8602
    endloop
  endfacet
  facet normal 0 -1 0
    outer loop
      vertex 72.3647 0.61 4.57193
      vertex 71.0675 0.61 4.8602
      vertex 70.9663 0.61 4.79413
    endloop
  endfacet
  facet normal 0 -1 0
    outer loop
      vertex 71.5544 0.61 5.43047
      vertex 72.5199 0.61 4.78148
      vertex 72.5903 0.61 4.89398
    endloop
  endfacet
  facet normal 0 -1 0
    outer loop
      vertex 72.3647 0.61 4.57193
      vertex 70.9663 0.61 4.79413
      vertex 70.8598 0.61 4.73687
    endloop
  endfacet
  facet normal 0 -1 0
    outer loop
      vertex 72.3647 0.61 4.57193
      vertex 70.8598 0.61 4.73687
      vertex 70.7481 0.61 4.68842
    endloop
  endfacet
  facet normal 0 -1 0
    outer loop
      vertex 71.4903 0.61 5.31775
      vertex 72.4447 0.61 4.67414
      vertex 72.5199 0.61 4.78148
    endloop
  endfacet
  facet normal 0 -1 0
    outer loop
      vertex 72.3647 0.61 4.57193
      vertex 70.7481 0.61 4.68842
      vertex 70.6312 0.61 4.64878
    endloop
  endfacet
  facet normal 0 -1 0
    outer loop
      vertex 72.3647 0.61 4.57193
      vertex 70.6312 0.61 4.64878
      vertex 70.509 0.61 4.61794
    endloop
  endfacet
  facet normal 0 -1 0
    outer loop
      vertex 72.3647 0.61 4.57193
      vertex 70.509 0.61 4.61794
      vertex 70.3815 0.61 4.5959
    endloop
  endfacet
  facet normal 0 -1 0
    outer loop
      vertex 72.3647 0.61 4.57193
      vertex 70.3815 0.61 4.5959
      vertex 70.2488 0.61 4.58269
    endloop
  endfacet
  facet normal 0 -1 0
    outer loop
      vertex 71.4903 0.61 5.31775
      vertex 72.3647 0.61 4.57193
      vertex 72.4447 0.61 4.67414
    endloop
  endfacet
  facet normal 0 -1 0
    outer loop
      vertex 72.3647 0.61 4.57193
      vertex 70.2488 0.61 4.58269
      vertex 70.1109 0.61 4.5783
    endloop
  endfacet
  facet normal 0 -1 0
    outer loop
      vertex 73.7704 0.61 3.65064
      vertex 74.9707 0.61 9.3835
      vertex 73.7704 0.61 9.3835
    endloop
  endfacet
  facet normal 0 -1 -0
    outer loop
      vertex 74.9707 0.61 9.3835
      vertex 73.7704 0.61 3.65064
      vertex 74.9707 0.61 3.65064
    endloop
  endfacet
  facet normal 0 -1 0
    outer loop
      vertex 81.2275 0.61 5.31473
      vertex 83.3433 0.61 6.30756
      vertex 81.2275 0.61 6.30756
    endloop
  endfacet
  facet normal 0 -1 -0
    outer loop
      vertex 83.3433 0.61 6.30756
      vertex 81.2275 0.61 5.31473
      vertex 83.3433 0.61 5.31473
    endloop
  endfacet
  facet normal 0 -1 0
    outer loop
      vertex 77.2318 0.61 8.45175
      vertex 78.607 0.61 9.3835
      vertex 76.0314 0.61 9.3835
    endloop
  endfacet
  facet normal 0 -1 0
    outer loop
      vertex 78.4727 0.61 8.45175
      vertex 78.607 0.61 9.3835
      vertex 77.2318 0.61 8.45175
    endloop
  endfacet
  facet normal 0 -1 0
    outer loop
      vertex 78.6577 0.61 8.44429
      vertex 78.607 0.61 9.3835
      vertex 78.4727 0.61 8.45175
    endloop
  endfacet
  facet normal 0 -1 0
    outer loop
      vertex 78.607 0.61 9.3835
      vertex 78.6577 0.61 8.44429
      vertex 78.7903 0.61 9.37958
    endloop
  endfacet
  facet normal 0 -1 0
    outer loop
      vertex 78.8251 0.61 8.42189
      vertex 78.7903 0.61 9.37958
      vertex 78.6577 0.61 8.44429
    endloop
  endfacet
  facet normal 0 -1 0
    outer loop
      vertex 78.7903 0.61 9.37958
      vertex 78.8251 0.61 8.42189
      vertex 78.9657 0.61 9.36783
    endloop
  endfacet
  facet normal 0 -1 0
    outer loop
      vertex 78.9749 0.61 8.38457
      vertex 79.1332 0.61 9.34824
      vertex 78.8251 0.61 8.42189
    endloop
  endfacet
  facet normal 0 -1 -0
    outer loop
      vertex 79.1332 0.61 9.34824
      vertex 78.9749 0.61 8.38457
      vertex 79.293 0.61 9.32082
    endloop
  endfacet
  facet normal 0 -1 0
    outer loop
      vertex 79.1071 0.61 8.33231
      vertex 79.293 0.61 9.32082
      vertex 78.9749 0.61 8.38457
    endloop
  endfacet
  facet normal 0 -1 -0
    outer loop
      vertex 79.293 0.61 9.32082
      vertex 79.1071 0.61 8.33231
      vertex 79.4449 0.61 9.28556
    endloop
  endfacet
  facet normal 0 -1 -0
    outer loop
      vertex 79.4449 0.61 9.28556
      vertex 79.1071 0.61 8.33231
      vertex 79.5889 0.61 9.24247
    endloop
  endfacet
  facet normal 0 -1 0
    outer loop
      vertex 79.2216 0.61 8.26512
      vertex 79.5889 0.61 9.24247
      vertex 79.1071 0.61 8.33231
    endloop
  endfacet
  facet normal 0 -1 -0
    outer loop
      vertex 79.5889 0.61 9.24247
      vertex 79.2216 0.61 8.26512
      vertex 79.7252 0.61 9.19155
    endloop
  endfacet
  facet normal 0 -1 0
    outer loop
      vertex 79.3185 0.61 8.183
      vertex 79.8535 0.61 9.13278
      vertex 79.2216 0.61 8.26512
    endloop
  endfacet
  facet normal 0 -1 -0
    outer loop
      vertex 79.8535 0.61 9.13278
      vertex 79.3185 0.61 8.183
      vertex 79.9741 0.61 9.0662
    endloop
  endfacet
  facet normal 0 -1 -0
    outer loop
      vertex 78.9657 0.61 9.36783
      vertex 78.8251 0.61 8.42189
      vertex 79.1332 0.61 9.34824
    endloop
  endfacet
  facet normal 0 -1 0
    outer loop
      vertex 76.0314 0.61 9.3835
      vertex 77.2318 0.61 6.5923
      vertex 77.2318 0.61 8.45175
    endloop
  endfacet
  facet normal 0 -1 0
    outer loop
      vertex 77.2318 0.61 5.66873
      vertex 78.5052 0.61 6.5923
      vertex 77.2318 0.61 6.5923
    endloop
  endfacet
  facet normal 0 -1 0
    outer loop
      vertex 78.5052 0.61 6.5923
      vertex 80.4472 0.61 6.5026
      vertex 80.4948 0.61 6.58011
    endloop
  endfacet
  facet normal 0 -1 0
    outer loop
      vertex 78.5052 0.61 6.5923
      vertex 80.3959 0.61 6.42835
      vertex 80.4472 0.61 6.5026
    endloop
  endfacet
  facet normal 0 -1 0
    outer loop
      vertex 78.5052 0.61 6.5923
      vertex 80.3411 0.61 6.35735
      vertex 80.3959 0.61 6.42835
    endloop
  endfacet
  facet normal 0 -1 0
    outer loop
      vertex 78.5052 0.61 6.5923
      vertex 80.2826 0.61 6.2896
      vertex 80.3411 0.61 6.35735
    endloop
  endfacet
  facet normal 0 -1 0
    outer loop
      vertex 78.5052 0.61 6.5923
      vertex 80.2206 0.61 6.22512
      vertex 80.2826 0.61 6.2896
    endloop
  endfacet
  facet normal 0 -1 0
    outer loop
      vertex 78.5052 0.61 6.5923
      vertex 80.1549 0.61 6.16391
      vertex 80.2206 0.61 6.22512
    endloop
  endfacet
  facet normal 0 -1 0
    outer loop
      vertex 78.5052 0.61 6.5923
      vertex 80.0856 0.61 6.10596
      vertex 80.1549 0.61 6.16391
    endloop
  endfacet
  facet normal 0 -1 0
    outer loop
      vertex 78.5052 0.61 6.5923
      vertex 80.0128 0.61 6.05126
      vertex 80.0856 0.61 6.10596
    endloop
  endfacet
  facet normal 0 -1 0
    outer loop
      vertex 78.5052 0.61 6.5923
      vertex 79.9364 0.61 5.99984
      vertex 80.0128 0.61 6.05126
    endloop
  endfacet
  facet normal 0 -1 0
    outer loop
      vertex 78.5052 0.61 6.5923
      vertex 79.8563 0.61 5.95166
      vertex 79.9364 0.61 5.99984
    endloop
  endfacet
  facet normal 0 -1 0
    outer loop
      vertex 78.5052 0.61 6.5923
      vertex 79.7727 0.61 5.90676
      vertex 79.8563 0.61 5.95166
    endloop
  endfacet
  facet normal 0 -1 0
    outer loop
      vertex 78.5052 0.61 6.5923
      vertex 79.6858 0.61 5.86544
      vertex 79.7727 0.61 5.90676
    endloop
  endfacet
  facet normal 0 -1 0
    outer loop
      vertex 78.5052 0.61 6.5923
      vertex 79.596 0.61 5.82807
      vertex 79.6858 0.61 5.86544
    endloop
  endfacet
  facet normal 0 -1 0
    outer loop
      vertex 78.5052 0.61 6.5923
      vertex 79.5032 0.61 5.79463
      vertex 79.596 0.61 5.82807
    endloop
  endfacet
  facet normal 0 -1 0
    outer loop
      vertex 78.5052 0.61 6.5923
      vertex 79.4075 0.61 5.76512
      vertex 79.5032 0.61 5.79463
    endloop
  endfacet
  facet normal 0 -1 0
    outer loop
      vertex 78.5052 0.61 6.5923
      vertex 79.3089 0.61 5.73955
      vertex 79.4075 0.61 5.76512
    endloop
  endfacet
  facet normal 0 -1 0
    outer loop
      vertex 78.5052 0.61 6.5923
      vertex 79.2074 0.61 5.71791
      vertex 79.3089 0.61 5.73955
    endloop
  endfacet
  facet normal 0 -1 0
    outer loop
      vertex 78.5052 0.61 6.5923
      vertex 79.1029 0.61 5.70021
      vertex 79.2074 0.61 5.71791
    endloop
  endfacet
  facet normal 0 -1 0
    outer loop
      vertex 78.5052 0.61 6.5923
      vertex 78.9955 0.61 5.68643
      vertex 79.1029 0.61 5.70021
    endloop
  endfacet
  facet normal 0 -1 0
    outer loop
      vertex 78.5052 0.61 6.5923
      vertex 78.8852 0.61 5.67661
      vertex 78.9955 0.61 5.68643
    endloop
  endfacet
  facet normal 0 -1 0
    outer loop
      vertex 78.5052 0.61 6.5923
      vertex 78.772 0.61 5.6707
      vertex 78.8852 0.61 5.67661
    endloop
  endfacet
  facet normal 0 -1 -0
    outer loop
      vertex 78.5052 0.61 6.5923
      vertex 77.2318 0.61 5.66873
      vertex 78.6558 0.61 5.66873
    endloop
  endfacet
  facet normal 0 -1 0
    outer loop
      vertex 76.0314 0.61 3.65064
      vertex 77.2318 0.61 6.5923
      vertex 76.0314 0.61 9.3835
    endloop
  endfacet
  facet normal 0 -1 -0
    outer loop
      vertex 77.2318 0.61 6.5923
      vertex 76.0314 0.61 3.65064
      vertex 77.2318 0.61 5.66873
    endloop
  endfacet
  facet normal 0 -1 -0
    outer loop
      vertex 77.2318 0.61 5.66873
      vertex 76.0314 0.61 3.65064
      vertex 77.2318 0.61 3.65064
    endloop
  endfacet
  facet normal 0 -1 -0
    outer loop
      vertex 79.7252 0.61 9.19155
      vertex 79.2216 0.61 8.26512
      vertex 79.8535 0.61 9.13278
    endloop
  endfacet
  facet normal 0 -1 -0
    outer loop
      vertex 79.9741 0.61 9.0662
      vertex 79.3185 0.61 8.183
      vertex 80.0868 0.61 8.99176
    endloop
  endfacet
  facet normal 0 -1 -0
    outer loop
      vertex 80.0868 0.61 8.99176
      vertex 79.3185 0.61 8.183
      vertex 80.1917 0.61 8.9095
    endloop
  endfacet
  facet normal 0 -1 0
    outer loop
      vertex 79.3978 0.61 8.08596
      vertex 80.1917 0.61 8.9095
      vertex 79.3185 0.61 8.183
    endloop
  endfacet
  facet normal 0 -1 -0
    outer loop
      vertex 80.1917 0.61 8.9095
      vertex 79.3978 0.61 8.08596
      vertex 80.2881 0.61 8.82007
    endloop
  endfacet
  facet normal 0 -1 -0
    outer loop
      vertex 80.2881 0.61 8.82007
      vertex 79.3978 0.61 8.08596
      vertex 80.3753 0.61 8.72415
    endloop
  endfacet
  facet normal 0 -1 -0
    outer loop
      vertex 80.3753 0.61 8.72415
      vertex 79.3978 0.61 8.08596
      vertex 80.4534 0.61 8.62174
    endloop
  endfacet
  facet normal 0 -1 0
    outer loop
      vertex 79.4595 0.61 7.97397
      vertex 80.4534 0.61 8.62174
      vertex 79.3978 0.61 8.08596
    endloop
  endfacet
  facet normal 0 -1 -0
    outer loop
      vertex 80.4534 0.61 8.62174
      vertex 79.4595 0.61 7.97397
      vertex 80.5222 0.61 8.51284
    endloop
  endfacet
  facet normal 0 -1 -0
    outer loop
      vertex 80.5222 0.61 8.51284
      vertex 79.4595 0.61 7.97397
      vertex 80.5819 0.61 8.39745
    endloop
  endfacet
  facet normal 0 -1 -0
    outer loop
      vertex 80.5819 0.61 8.39745
      vertex 79.4595 0.61 7.97397
      vertex 80.6324 0.61 8.27558
    endloop
  endfacet
  facet normal 0 -1 0
    outer loop
      vertex 79.5035 0.61 7.84706
      vertex 80.6324 0.61 8.27558
      vertex 79.4595 0.61 7.97397
    endloop
  endfacet
  facet normal 0 -1 -0
    outer loop
      vertex 80.6324 0.61 8.27558
      vertex 79.5035 0.61 7.84706
      vertex 80.6737 0.61 8.1472
    endloop
  endfacet
  facet normal 0 -1 -0
    outer loop
      vertex 80.6737 0.61 8.1472
      vertex 79.5035 0.61 7.84706
      vertex 80.7058 0.61 8.01233
    endloop
  endfacet
  facet normal 0 -1 0
    outer loop
      vertex 79.5299 0.61 7.70523
      vertex 80.7058 0.61 8.01233
      vertex 79.5035 0.61 7.84706
    endloop
  endfacet
  facet normal 0 -1 -0
    outer loop
      vertex 80.7058 0.61 8.01233
      vertex 79.5299 0.61 7.70523
      vertex 80.7288 0.61 7.87097
    endloop
  endfacet
  facet normal 0 -1 -0
    outer loop
      vertex 80.7288 0.61 7.87097
      vertex 79.5299 0.61 7.70523
      vertex 80.7425 0.61 7.72313
    endloop
  endfacet
  facet normal 0 -1 0
    outer loop
      vertex 79.5388 0.61 7.54846
      vertex 80.7425 0.61 7.72313
      vertex 79.5299 0.61 7.70523
    endloop
  endfacet
  facet normal 0 -1 -0
    outer loop
      vertex 80.7425 0.61 7.72313
      vertex 79.5388 0.61 7.54846
      vertex 80.7471 0.61 7.5688
    endloop
  endfacet
  facet normal 0 -1 0
    outer loop
      vertex 79.5388 0.61 7.54846
      vertex 80.7451 0.61 7.46916
      vertex 80.7471 0.61 7.5688
    endloop
  endfacet
  facet normal 0 -1 0
    outer loop
      vertex 79.5365 0.61 7.46593
      vertex 80.7451 0.61 7.46916
      vertex 79.5388 0.61 7.54846
    endloop
  endfacet
  facet normal 0 -1 0
    outer loop
      vertex 80.7284 0.61 7.27576
      vertex 79.5365 0.61 7.46593
      vertex 79.5299 0.61 7.387
    endloop
  endfacet
  facet normal 0 -1 0
    outer loop
      vertex 79.5365 0.61 7.46593
      vertex 80.7388 0.61 7.37149
      vertex 80.7451 0.61 7.46916
    endloop
  endfacet
  facet normal 0 -1 0
    outer loop
      vertex 80.7138 0.61 7.18198
      vertex 79.5299 0.61 7.387
      vertex 79.5188 0.61 7.31166
    endloop
  endfacet
  facet normal 0 -1 0
    outer loop
      vertex 79.5365 0.61 7.46593
      vertex 80.7284 0.61 7.27576
      vertex 80.7388 0.61 7.37149
    endloop
  endfacet
  facet normal 0 -1 0
    outer loop
      vertex 80.6721 0.61 7.00028
      vertex 79.5188 0.61 7.31166
      vertex 79.5032 0.61 7.23992
    endloop
  endfacet
  facet normal 0 -1 0
    outer loop
      vertex 79.5299 0.61 7.387
      vertex 80.7138 0.61 7.18198
      vertex 80.7284 0.61 7.27576
    endloop
  endfacet
  facet normal 0 -1 0
    outer loop
      vertex 80.6137 0.61 6.82636
      vertex 79.5032 0.61 7.23992
      vertex 79.4833 0.61 7.17179
    endloop
  endfacet
  facet normal 0 -1 0
    outer loop
      vertex 80.5386 0.61 6.66025
      vertex 79.4833 0.61 7.17179
      vertex 79.4588 0.61 7.10724
    endloop
  endfacet
  facet normal 0 -1 0
    outer loop
      vertex 79.5188 0.61 7.31166
      vertex 80.695 0.61 7.09015
      vertex 80.7138 0.61 7.18198
    endloop
  endfacet
  facet normal 0 -1 0
    outer loop
      vertex 80.4948 0.61 6.58011
      vertex 79.4588 0.61 7.10724
      vertex 79.43 0.61 7.0463
    endloop
  endfacet
  facet normal 0 -1 0
    outer loop
      vertex 79.5188 0.61 7.31166
      vertex 80.6721 0.61 7.00028
      vertex 80.695 0.61 7.09015
    endloop
  endfacet
  facet normal 0 -1 0
    outer loop
      vertex 80.4948 0.61 6.58011
      vertex 79.43 0.61 7.0463
      vertex 79.3967 0.61 6.98894
    endloop
  endfacet
  facet normal 0 -1 0
    outer loop
      vertex 80.4948 0.61 6.58011
      vertex 79.3967 0.61 6.98894
      vertex 79.359 0.61 6.9352
    endloop
  endfacet
  facet normal 0 -1 0
    outer loop
      vertex 79.5032 0.61 7.23992
      vertex 80.645 0.61 6.91234
      vertex 80.6721 0.61 7.00028
    endloop
  endfacet
  facet normal 0 -1 0
    outer loop
      vertex 80.4948 0.61 6.58011
      vertex 79.359 0.61 6.9352
      vertex 79.3168 0.61 6.88504
    endloop
  endfacet
  facet normal 0 -1 0
    outer loop
      vertex 80.4948 0.61 6.58011
      vertex 79.3168 0.61 6.88504
      vertex 79.2702 0.61 6.83847
    endloop
  endfacet
  facet normal 0 -1 0
    outer loop
      vertex 79.5032 0.61 7.23992
      vertex 80.6137 0.61 6.82636
      vertex 80.645 0.61 6.91234
    endloop
  endfacet
  facet normal 0 -1 0
    outer loop
      vertex 80.4948 0.61 6.58011
      vertex 79.2702 0.61 6.83847
      vertex 79.2195 0.61 6.79575
    endloop
  endfacet
  facet normal 0 -1 0
    outer loop
      vertex 80.4948 0.61 6.58011
      vertex 79.2195 0.61 6.79575
      vertex 79.165 0.61 6.7571
    endloop
  endfacet
  facet normal 0 -1 0
    outer loop
      vertex 79.4833 0.61 7.17179
      vertex 80.5782 0.61 6.74233
      vertex 80.6137 0.61 6.82636
    endloop
  endfacet
  facet normal 0 -1 0
    outer loop
      vertex 80.4948 0.61 6.58011
      vertex 79.165 0.61 6.7571
      vertex 79.1068 0.61 6.72251
    endloop
  endfacet
  facet normal 0 -1 0
    outer loop
      vertex 80.4948 0.61 6.58011
      vertex 79.1068 0.61 6.72251
      vertex 79.0448 0.61 6.69199
    endloop
  endfacet
  facet normal 0 -1 0
    outer loop
      vertex 80.4948 0.61 6.58011
      vertex 79.0448 0.61 6.69199
      vertex 78.979 0.61 6.66555
    endloop
  endfacet
  facet normal 0 -1 0
    outer loop
      vertex 79.4833 0.61 7.17179
      vertex 80.5386 0.61 6.66025
      vertex 80.5782 0.61 6.74233
    endloop
  endfacet
  facet normal 0 -1 0
    outer loop
      vertex 80.4948 0.61 6.58011
      vertex 78.979 0.61 6.66555
      vertex 78.9094 0.61 6.64316
    endloop
  endfacet
  facet normal 0 -1 0
    outer loop
      vertex 80.4948 0.61 6.58011
      vertex 78.9094 0.61 6.64316
      vertex 78.8361 0.61 6.62485
    endloop
  endfacet
  facet normal 0 -1 0
    outer loop
      vertex 80.4948 0.61 6.58011
      vertex 78.8361 0.61 6.62485
      vertex 78.7591 0.61 6.61061
    endloop
  endfacet
  facet normal 0 -1 0
    outer loop
      vertex 80.4948 0.61 6.58011
      vertex 78.7591 0.61 6.61061
      vertex 78.6782 0.61 6.60044
    endloop
  endfacet
  facet normal 0 -1 0
    outer loop
      vertex 80.4948 0.61 6.58011
      vertex 78.6782 0.61 6.60044
      vertex 78.5936 0.61 6.59433
    endloop
  endfacet
  facet normal 0 -1 0
    outer loop
      vertex 79.4588 0.61 7.10724
      vertex 80.4948 0.61 6.58011
      vertex 80.5386 0.61 6.66025
    endloop
  endfacet
  facet normal 0 -1 0
    outer loop
      vertex 80.4948 0.61 6.58011
      vertex 78.5936 0.61 6.59433
      vertex 78.5052 0.61 6.5923
    endloop
  endfacet
  facet normal 0 -1 0
    outer loop
      vertex 78.5052 0.61 6.5923
      vertex 78.6558 0.61 5.66873
      vertex 78.772 0.61 5.6707
    endloop
  endfacet
  facet normal 0 -1 0
    outer loop
      vertex 84.1817 0.61 8.45175
      vertex 84.1817 0.61 7.55254
      vertex 85.5569 0.61 8.41107
    endloop
  endfacet
  facet normal 0 -1 0
    outer loop
      vertex 85.5569 0.61 8.41107
      vertex 85.618 0.61 9.3835
      vertex 84.1817 0.61 8.45175
    endloop
  endfacet
  facet normal 0 -1 -0
    outer loop
      vertex 85.618 0.61 9.3835
      vertex 85.5569 0.61 8.41107
      vertex 86.7003 0.61 9.3835
    endloop
  endfacet
  facet normal 0 -1 0
    outer loop
      vertex 86.7003 0.61 4.50101
      vertex 85.5569 0.61 8.41107
      vertex 85.5569 0.61 4.50101
    endloop
  endfacet
  facet normal 0 -1 0
    outer loop
      vertex 85.5569 0.61 8.41107
      vertex 86.7003 0.61 4.50101
      vertex 86.7003 0.61 9.3835
    endloop
  endfacet
  facet normal 0 -1 0
    outer loop
      vertex 84.1369 0.61 3.65064
      vertex 85.5569 0.61 4.50101
      vertex 84.1369 0.61 4.50101
    endloop
  endfacet
  facet normal 0 -1 0
    outer loop
      vertex 88.0145 0.61 3.65064
      vertex 85.5569 0.61 4.50101
      vertex 84.1369 0.61 3.65064
    endloop
  endfacet
  facet normal 0 -1 0
    outer loop
      vertex 85.5569 0.61 4.50101
      vertex 88.0145 0.61 3.65064
      vertex 86.7003 0.61 4.50101
    endloop
  endfacet
  facet normal 0 -1 0
    outer loop
      vertex 86.7003 0.61 4.50101
      vertex 88.0145 0.61 3.65064
      vertex 88.0145 0.61 4.50101
    endloop
  endfacet
  facet normal 0 -1 0
    outer loop
      vertex 90.8722 0.61 3.65064
      vertex 91.9627 0.61 4.81835
      vertex 90.8722 0.61 4.81835
    endloop
  endfacet
  facet normal 0 -1 -0
    outer loop
      vertex 91.9627 0.61 4.81835
      vertex 90.8722 0.61 3.65064
      vertex 91.9627 0.61 3.65064
    endloop
  endfacet
  facet normal 0 -1 0
    outer loop
      vertex 90.6851 0.61 9.3835
      vertex 90.9088 0.61 8.34999
      vertex 91.9627 0.61 9.3835
    endloop
  endfacet
  facet normal 0 -1 0
    outer loop
      vertex 90.6851 0.61 9.3835
      vertex 90.8882 0.61 8.30689
      vertex 90.9088 0.61 8.34999
    endloop
  endfacet
  facet normal 0 -1 0
    outer loop
      vertex 90.6851 0.61 9.3835
      vertex 90.8647 0.61 8.26042
      vertex 90.8882 0.61 8.30689
    endloop
  endfacet
  facet normal 0 -1 0
    outer loop
      vertex 90.6851 0.61 9.3835
      vertex 90.8384 0.61 8.2106
      vertex 90.8647 0.61 8.26042
    endloop
  endfacet
  facet normal 0 -1 0
    outer loop
      vertex 90.6851 0.61 9.3835
      vertex 90.8093 0.61 8.15741
      vertex 90.8384 0.61 8.2106
    endloop
  endfacet
  facet normal 0 -1 0
    outer loop
      vertex 90.6851 0.61 9.3835
      vertex 90.7773 0.61 8.10085
      vertex 90.8093 0.61 8.15741
    endloop
  endfacet
  facet normal 0 -1 0
    outer loop
      vertex 90.6851 0.61 9.3835
      vertex 90.7426 0.61 8.04093
      vertex 90.7773 0.61 8.10085
    endloop
  endfacet
  facet normal 0 -1 0
    outer loop
      vertex 90.6851 0.61 9.3835
      vertex 90.705 0.61 7.97765
      vertex 90.7426 0.61 8.04093
    endloop
  endfacet
  facet normal 0 -1 -0
    outer loop
      vertex 90.6851 0.61 9.3835
      vertex 90.6646 0.61 7.91101
      vertex 90.705 0.61 7.97765
    endloop
  endfacet
  facet normal 0 -1 0
    outer loop
      vertex 90.6851 0.61 9.3835
      vertex 90.6213 0.61 7.84101
      vertex 90.6646 0.61 7.91101
    endloop
  endfacet
  facet normal 0 -1 0
    outer loop
      vertex 90.6851 0.61 9.3835
      vertex 90.5753 0.61 7.76763
      vertex 90.6213 0.61 7.84101
    endloop
  endfacet
  facet normal 0 -1 0
    outer loop
      vertex 90.6851 0.61 9.3835
      vertex 90.5264 0.61 7.69089
      vertex 90.5753 0.61 7.76763
    endloop
  endfacet
  facet normal 0 -1 0
    outer loop
      vertex 88.2641 0.61 5.6769
      vertex 90.5264 0.61 7.69089
      vertex 90.6851 0.61 9.3835
    endloop
  endfacet
  facet normal 0 -1 0
    outer loop
      vertex 88.2641 0.61 5.6769
      vertex 89.1959 0.61 5.66873
      vertex 90.5264 0.61 7.69089
    endloop
  endfacet
  facet normal 0 -1 0
    outer loop
      vertex 90.8722 0.61 4.81835
      vertex 90.8722 0.61 5.66873
      vertex 89.1959 0.61 5.66873
    endloop
  endfacet
  facet normal 0 -1 0
    outer loop
      vertex 90.8722 0.61 5.66873
      vertex 90.8722 0.61 4.81835
      vertex 91.9627 0.61 5.66873
    endloop
  endfacet
  facet normal 0 -1 0
    outer loop
      vertex 88.2641 0.61 4.81835
      vertex 89.1959 0.61 5.66873
      vertex 88.2641 0.61 5.6769
    endloop
  endfacet
  facet normal 0 -1 0
    outer loop
      vertex 90.8722 0.61 4.81835
      vertex 89.1959 0.61 5.66873
      vertex 88.2641 0.61 4.81835
    endloop
  endfacet
  facet normal 0 -1 0
    outer loop
      vertex 91.9627 0.61 4.81835
      vertex 91.9627 0.61 5.66873
      vertex 90.8722 0.61 4.81835
    endloop
  endfacet
  facet normal 0 -1 0
    outer loop
      vertex 91.9627 0.61 5.66873
      vertex 91.9627 0.61 4.81835
      vertex 92.7276 0.61 5.66873
    endloop
  endfacet
  facet normal 0 -1 -0
    outer loop
      vertex 92.7276 0.61 5.66873
      vertex 91.9627 0.61 4.81835
      vertex 92.7276 0.61 4.81835
    endloop
  endfacet
  facet normal 0 -1 0
    outer loop
      vertex 90.9073 0.61 8.33518
      vertex 91.9627 0.61 9.3835
      vertex 90.9088 0.61 8.34999
    endloop
  endfacet
  facet normal 0 -1 0
    outer loop
      vertex 90.9057 0.61 8.31732
      vertex 91.9627 0.61 9.3835
      vertex 90.9073 0.61 8.33518
    endloop
  endfacet
  facet normal 0 -1 0
    outer loop
      vertex 90.9039 0.61 8.29645
      vertex 91.9627 0.61 9.3835
      vertex 90.9057 0.61 8.31732
    endloop
  endfacet
  facet normal 0 -1 0
    outer loop
      vertex 90.9021 0.61 8.27254
      vertex 91.9627 0.61 9.3835
      vertex 90.9039 0.61 8.29645
    endloop
  endfacet
  facet normal 0 -1 0
    outer loop
      vertex 90.9002 0.61 8.24561
      vertex 91.9627 0.61 9.3835
      vertex 90.9021 0.61 8.27254
    endloop
  endfacet
  facet normal 0 -1 0
    outer loop
      vertex 90.8981 0.61 8.21564
      vertex 91.9627 0.61 9.3835
      vertex 90.9002 0.61 8.24561
    endloop
  endfacet
  facet normal 0 -1 0
    outer loop
      vertex 90.896 0.61 8.18265
      vertex 91.9627 0.61 9.3835
      vertex 90.8981 0.61 8.21564
    endloop
  endfacet
  facet normal 0 -1 0
    outer loop
      vertex 90.8938 0.61 8.14664
      vertex 91.9627 0.61 9.3835
      vertex 90.896 0.61 8.18265
    endloop
  endfacet
  facet normal 0 -1 0
    outer loop
      vertex 90.8914 0.61 8.10759
      vertex 91.9627 0.61 9.3835
      vertex 90.8938 0.61 8.14664
    endloop
  endfacet
  facet normal 0 -1 0
    outer loop
      vertex 90.889 0.61 8.06552
      vertex 91.9627 0.61 9.3835
      vertex 90.8914 0.61 8.10759
    endloop
  endfacet
  facet normal 0 -1 0
    outer loop
      vertex 90.8864 0.61 8.02042
      vertex 91.9627 0.61 9.3835
      vertex 90.889 0.61 8.06552
    endloop
  endfacet
  facet normal 0 -1 0
    outer loop
      vertex 90.884 0.61 7.97412
      vertex 91.9627 0.61 9.3835
      vertex 90.8864 0.61 8.02042
    endloop
  endfacet
  facet normal 0 -1 0
    outer loop
      vertex 90.8817 0.61 7.92842
      vertex 91.9627 0.61 9.3835
      vertex 90.884 0.61 7.97412
    endloop
  endfacet
  facet normal 0 -1 0
    outer loop
      vertex 90.8797 0.61 7.88333
      vertex 91.9627 0.61 9.3835
      vertex 90.8817 0.61 7.92842
    endloop
  endfacet
  facet normal 0 -1 0
    outer loop
      vertex 90.878 0.61 7.83885
      vertex 91.9627 0.61 9.3835
      vertex 90.8797 0.61 7.88333
    endloop
  endfacet
  facet normal 0 -1 0
    outer loop
      vertex 90.8764 0.61 7.79497
      vertex 91.9627 0.61 9.3835
      vertex 90.878 0.61 7.83885
    endloop
  endfacet
  facet normal 0 -1 0
    outer loop
      vertex 90.8752 0.61 7.7517
      vertex 91.9627 0.61 9.3835
      vertex 90.8764 0.61 7.79497
    endloop
  endfacet
  facet normal 0 -1 0
    outer loop
      vertex 90.8741 0.61 7.70903
      vertex 91.9627 0.61 9.3835
      vertex 90.8752 0.61 7.7517
    endloop
  endfacet
  facet normal 0 -1 0
    outer loop
      vertex 90.8733 0.61 7.66698
      vertex 91.9627 0.61 9.3835
      vertex 90.8741 0.61 7.70903
    endloop
  endfacet
  facet normal 0 -1 0
    outer loop
      vertex 90.8727 0.61 7.62552
      vertex 91.9627 0.61 9.3835
      vertex 90.8733 0.61 7.66698
    endloop
  endfacet
  facet normal 0 -1 0
    outer loop
      vertex 90.8723 0.61 7.58467
      vertex 91.9627 0.61 9.3835
      vertex 90.8727 0.61 7.62552
    endloop
  endfacet
  facet normal 0 -1 0
    outer loop
      vertex 90.8722 0.61 7.54444
      vertex 91.9627 0.61 9.3835
      vertex 90.8723 0.61 7.58467
    endloop
  endfacet
  facet normal 0 -1 0
    outer loop
      vertex 91.9627 0.61 5.66873
      vertex 90.8722 0.61 7.54444
      vertex 90.8722 0.61 5.66873
    endloop
  endfacet
  facet normal 0 -1 0
    outer loop
      vertex 90.8722 0.61 7.54444
      vertex 91.9627 0.61 5.66873
      vertex 91.9627 0.61 9.3835
    endloop
  endfacet
  facet normal -0.0597962 0 0.998211
    outer loop
      vertex 70.3605 0.61 3.65352
      vertex 70.5054 0 3.6622
      vertex 70.5054 0.61 3.6622
    endloop
  endfacet
  facet normal -0.0597962 0 0.998211
    outer loop
      vertex 70.5054 0 3.6622
      vertex 70.3605 0.61 3.65352
      vertex 70.3605 0 3.65352
    endloop
  endfacet
  facet normal -0.101379 0 0.994848
    outer loop
      vertex 70.5054 0.61 3.6622
      vertex 70.6472 0 3.67665
      vertex 70.6472 0.61 3.67665
    endloop
  endfacet
  facet normal -0.101379 0 0.994848
    outer loop
      vertex 70.6472 0 3.67665
      vertex 70.5054 0.61 3.6622
      vertex 70.5054 0 3.6622
    endloop
  endfacet
  facet normal -0.144467 0 0.98951
    outer loop
      vertex 70.6472 0.61 3.67665
      vertex 70.7859 0 3.6969
      vertex 70.7859 0.61 3.6969
    endloop
  endfacet
  facet normal -0.144467 0 0.98951
    outer loop
      vertex 70.7859 0 3.6969
      vertex 70.6472 0.61 3.67665
      vertex 70.6472 0 3.67665
    endloop
  endfacet
  facet normal -0.188386 0 0.982095
    outer loop
      vertex 70.7859 0.61 3.6969
      vertex 70.9216 0 3.72293
      vertex 70.9216 0.61 3.72293
    endloop
  endfacet
  facet normal -0.188386 0 0.982095
    outer loop
      vertex 70.9216 0 3.72293
      vertex 70.7859 0.61 3.6969
      vertex 70.7859 0 3.6969
    endloop
  endfacet
  facet normal -0.233345 0 0.972394
    outer loop
      vertex 70.9216 0.61 3.72293
      vertex 71.0542 0 3.75475
      vertex 71.0542 0.61 3.75475
    endloop
  endfacet
  facet normal -0.233345 0 0.972394
    outer loop
      vertex 71.0542 0 3.75475
      vertex 70.9216 0.61 3.72293
      vertex 70.9216 0 3.72293
    endloop
  endfacet
  facet normal -0.278695 0 0.96038
    outer loop
      vertex 71.0542 0.61 3.75475
      vertex 71.1837 0 3.79233
      vertex 71.1837 0.61 3.79233
    endloop
  endfacet
  facet normal -0.278695 0 0.96038
    outer loop
      vertex 71.1837 0 3.79233
      vertex 71.0542 0.61 3.75475
      vertex 71.0542 0 3.75475
    endloop
  endfacet
  facet normal -0.324382 0 0.945926
    outer loop
      vertex 71.1837 0.61 3.79233
      vertex 71.3102 0 3.83571
      vertex 71.3102 0.61 3.83571
    endloop
  endfacet
  facet normal -0.324382 0 0.945926
    outer loop
      vertex 71.3102 0 3.83571
      vertex 71.1837 0.61 3.79233
      vertex 71.1837 0 3.79233
    endloop
  endfacet
  facet normal -0.370157 0 0.928969
    outer loop
      vertex 71.3102 0.61 3.83571
      vertex 71.4336 0 3.88488
      vertex 71.4336 0.61 3.88488
    endloop
  endfacet
  facet normal -0.370157 0 0.928969
    outer loop
      vertex 71.4336 0 3.88488
      vertex 71.3102 0.61 3.83571
      vertex 71.3102 0 3.83571
    endloop
  endfacet
  facet normal -0.415135 0 0.90976
    outer loop
      vertex 71.4336 0.61 3.88488
      vertex 71.554 0 3.93982
      vertex 71.554 0.61 3.93982
    endloop
  endfacet
  facet normal -0.415135 0 0.90976
    outer loop
      vertex 71.554 0 3.93982
      vertex 71.4336 0.61 3.88488
      vertex 71.4336 0 3.88488
    endloop
  endfacet
  facet normal -0.459767 0 0.88804
    outer loop
      vertex 71.554 0.61 3.93982
      vertex 71.6713 0 4.00055
      vertex 71.6713 0.61 4.00055
    endloop
  endfacet
  facet normal -0.459767 0 0.88804
    outer loop
      vertex 71.6713 0 4.00055
      vertex 71.554 0.61 3.93982
      vertex 71.554 0 3.93982
    endloop
  endfacet
  facet normal -0.504098 0 0.863646
    outer loop
      vertex 71.6713 0.61 4.00055
      vertex 71.7847 0 4.06674
      vertex 71.7847 0.61 4.06674
    endloop
  endfacet
  facet normal -0.504098 0 0.863646
    outer loop
      vertex 71.7847 0 4.06674
      vertex 71.6713 0.61 4.00055
      vertex 71.6713 0 4.00055
    endloop
  endfacet
  facet normal -0.54904 0 0.835796
    outer loop
      vertex 71.7847 0.61 4.06674
      vertex 71.8933 0 4.13808
      vertex 71.8933 0.61 4.13808
    endloop
  endfacet
  facet normal -0.54904 0 0.835796
    outer loop
      vertex 71.8933 0 4.13808
      vertex 71.7847 0.61 4.06674
      vertex 71.7847 0 4.06674
    endloop
  endfacet
  facet normal -0.593228 0 0.805034
    outer loop
      vertex 71.8933 0.61 4.13808
      vertex 71.9971 0 4.21457
      vertex 71.9971 0.61 4.21457
    endloop
  endfacet
  facet normal -0.593228 0 0.805034
    outer loop
      vertex 71.9971 0 4.21457
      vertex 71.8933 0.61 4.13808
      vertex 71.8933 0 4.13808
    endloop
  endfacet
  facet normal -0.635745 0 0.771899
    outer loop
      vertex 71.9971 0.61 4.21457
      vertex 72.0962 0 4.29619
      vertex 72.0962 0.61 4.29619
    endloop
  endfacet
  facet normal -0.635745 0 0.771899
    outer loop
      vertex 72.0962 0 4.29619
      vertex 71.9971 0.61 4.21457
      vertex 71.9971 0 4.21457
    endloop
  endfacet
  facet normal -0.677158 0 0.735838
    outer loop
      vertex 72.0962 0.61 4.29619
      vertex 72.1905 0 4.38297
      vertex 72.1905 0.61 4.38297
    endloop
  endfacet
  facet normal -0.677158 0 0.735838
    outer loop
      vertex 72.1905 0 4.38297
      vertex 72.0962 0.61 4.29619
      vertex 72.0962 0 4.29619
    endloop
  endfacet
  facet normal -0.716399 0 0.69769
    outer loop
      vertex 72.1905 0 4.38297
      vertex 72.28 0.61 4.47487
      vertex 72.1905 0.61 4.38297
    endloop
  endfacet
  facet normal -0.716399 0 0.69769
    outer loop
      vertex 72.28 0.61 4.47487
      vertex 72.1905 0 4.38297
      vertex 72.28 0 4.47487
    endloop
  endfacet
  facet normal -0.753451 0 0.657504
    outer loop
      vertex 72.28 0 4.47487
      vertex 72.3647 0.61 4.57193
      vertex 72.28 0.61 4.47487
    endloop
  endfacet
  facet normal -0.753451 0 0.657504
    outer loop
      vertex 72.3647 0.61 4.57193
      vertex 72.28 0 4.47487
      vertex 72.3647 0 4.57193
    endloop
  endfacet
  facet normal -0.787469 0 0.616354
    outer loop
      vertex 72.3647 0 4.57193
      vertex 72.4447 0.61 4.67414
      vertex 72.3647 0.61 4.57193
    endloop
  endfacet
  facet normal -0.787469 0 0.616354
    outer loop
      vertex 72.4447 0.61 4.67414
      vertex 72.3647 0 4.57193
      vertex 72.4447 0 4.67414
    endloop
  endfacet
  facet normal -0.81901 0 0.57378
    outer loop
      vertex 72.4447 0 4.67414
      vertex 72.5199 0.61 4.78148
      vertex 72.4447 0.61 4.67414
    endloop
  endfacet
  facet normal -0.81901 0 0.57378
    outer loop
      vertex 72.5199 0.61 4.78148
      vertex 72.4447 0 4.67414
      vertex 72.5199 0 4.78148
    endloop
  endfacet
  facet normal -0.847702 0 0.530473
    outer loop
      vertex 72.5199 0 4.78148
      vertex 72.5903 0.61 4.89398
      vertex 72.5199 0.61 4.78148
    endloop
  endfacet
  facet normal -0.847702 0 0.530473
    outer loop
      vertex 72.5903 0.61 4.89398
      vertex 72.5199 0 4.78148
      vertex 72.5903 0 4.89398
    endloop
  endfacet
  facet normal -0.873368 0 0.487061
    outer loop
      vertex 72.5903 0 4.89398
      vertex 72.6559 0.61 5.01161
      vertex 72.5903 0.61 4.89398
    endloop
  endfacet
  facet normal -0.873368 0 0.487061
    outer loop
      vertex 72.6559 0.61 5.01161
      vertex 72.5903 0 4.89398
      vertex 72.6559 0 5.01161
    endloop
  endfacet
  facet normal -0.896313 0 0.443421
    outer loop
      vertex 72.6559 0 5.01161
      vertex 72.7163 0.61 5.1337
      vertex 72.6559 0.61 5.01161
    endloop
  endfacet
  facet normal -0.896313 0 0.443421
    outer loop
      vertex 72.7163 0.61 5.1337
      vertex 72.6559 0 5.01161
      vertex 72.7163 0 5.1337
    endloop
  endfacet
  facet normal -0.917336 0 0.398113
    outer loop
      vertex 72.7163 0 5.1337
      vertex 72.7709 0.61 5.25951
      vertex 72.7163 0.61 5.1337
    endloop
  endfacet
  facet normal -0.917336 0 0.398113
    outer loop
      vertex 72.7709 0.61 5.25951
      vertex 72.7163 0 5.1337
      vertex 72.7709 0 5.25951
    endloop
  endfacet
  facet normal -0.93557 0 0.353141
    outer loop
      vertex 72.7709 0 5.25951
      vertex 72.8198 0.61 5.38906
      vertex 72.7709 0.61 5.25951
    endloop
  endfacet
  facet normal -0.93557 0 0.353141
    outer loop
      vertex 72.8198 0.61 5.38906
      vertex 72.7709 0 5.25951
      vertex 72.8198 0 5.38906
    endloop
  endfacet
  facet normal -0.951486 0 0.307691
    outer loop
      vertex 72.8198 0 5.38906
      vertex 72.8629 0.61 5.52234
      vertex 72.8198 0.61 5.38906
    endloop
  endfacet
  facet normal -0.951486 0 0.307691
    outer loop
      vertex 72.8629 0.61 5.52234
      vertex 72.8198 0 5.38906
      vertex 72.8629 0 5.52234
    endloop
  endfacet
  facet normal -0.964704 0 0.263338
    outer loop
      vertex 72.8629 0 5.52234
      vertex 72.9003 0.61 5.65935
      vertex 72.8629 0.61 5.52234
    endloop
  endfacet
  facet normal -0.964704 0 0.263338
    outer loop
      vertex 72.9003 0.61 5.65935
      vertex 72.8629 0 5.52234
      vertex 72.9003 0 5.65935
    endloop
  endfacet
  facet normal -0.975712 0 0.219059
    outer loop
      vertex 72.9003 0 5.65935
      vertex 72.9319 0.61 5.8001
      vertex 72.9003 0.61 5.65935
    endloop
  endfacet
  facet normal -0.975712 0 0.219059
    outer loop
      vertex 72.9319 0.61 5.8001
      vertex 72.9003 0 5.65935
      vertex 72.9319 0 5.8001
    endloop
  endfacet
  facet normal -0.984307 0 0.176463
    outer loop
      vertex 72.9319 0 5.8001
      vertex 72.9578 0.61 5.94457
      vertex 72.9319 0.61 5.8001
    endloop
  endfacet
  facet normal -0.984307 0 0.176463
    outer loop
      vertex 72.9578 0.61 5.94457
      vertex 72.9319 0 5.8001
      vertex 72.9578 0 5.94457
    endloop
  endfacet
  facet normal -0.990929 0 0.134388
    outer loop
      vertex 72.9578 0 5.94457
      vertex 72.9779 0.61 6.09278
      vertex 72.9578 0.61 5.94457
    endloop
  endfacet
  facet normal -0.990929 0 0.134388
    outer loop
      vertex 72.9779 0.61 6.09278
      vertex 72.9578 0 5.94457
      vertex 72.9779 0 6.09278
    endloop
  endfacet
  facet normal -0.995539 0 0.0943515
    outer loop
      vertex 72.9779 0 6.09278
      vertex 72.9923 0.61 6.24472
      vertex 72.9779 0.61 6.09278
    endloop
  endfacet
  facet normal -0.995539 0 0.0943515
    outer loop
      vertex 72.9923 0.61 6.24472
      vertex 72.9779 0 6.09278
      vertex 72.9923 0 6.24472
    endloop
  endfacet
  facet normal -0.998477 0 0.055161
    outer loop
      vertex 72.9923 0 6.24472
      vertex 73.0009 0.61 6.40039
      vertex 72.9923 0.61 6.24472
    endloop
  endfacet
  facet normal -0.998477 0 0.055161
    outer loop
      vertex 73.0009 0.61 6.40039
      vertex 72.9923 0 6.24472
      vertex 73.0009 0 6.40039
    endloop
  endfacet
  facet normal -0.999835 0 0.0181925
    outer loop
      vertex 73.0009 0 6.40039
      vertex 73.0038 0.61 6.55977
      vertex 73.0009 0.61 6.40039
    endloop
  endfacet
  facet normal -0.999835 0 0.0181925
    outer loop
      vertex 73.0038 0.61 6.55977
      vertex 73.0009 0 6.40039
      vertex 73.0038 0 6.55977
    endloop
  endfacet
  facet normal -0.999641 0 -0.0267835
    outer loop
      vertex 73.0038 0 6.55977
      vertex 72.9973 0.61 6.80237
      vertex 73.0038 0.61 6.55977
    endloop
  endfacet
  facet normal -0.999641 -0 -0.0267835
    outer loop
      vertex 72.9973 0.61 6.80237
      vertex 73.0038 0 6.55977
      vertex 72.9973 0 6.80237
    endloop
  endfacet
  facet normal -0.996418 0 -0.0845623
    outer loop
      vertex 72.9973 0 6.80237
      vertex 72.9776 0.61 7.0345
      vertex 72.9973 0.61 6.80237
    endloop
  endfacet
  facet normal -0.996418 -0 -0.0845623
    outer loop
      vertex 72.9776 0.61 7.0345
      vertex 72.9973 0 6.80237
      vertex 72.9776 0 7.0345
    endloop
  endfacet
  facet normal -0.98923 0 -0.146368
    outer loop
      vertex 72.9776 0 7.0345
      vertex 72.9448 0.61 7.25618
      vertex 72.9776 0.61 7.0345
    endloop
  endfacet
  facet normal -0.98923 -0 -0.146368
    outer loop
      vertex 72.9448 0.61 7.25618
      vertex 72.9776 0 7.0345
      vertex 72.9448 0 7.25618
    endloop
  endfacet
  facet normal -0.977191 0 -0.212362
    outer loop
      vertex 72.9448 0 7.25618
      vertex 72.8989 0.61 7.46739
      vertex 72.9448 0.61 7.25618
    endloop
  endfacet
  facet normal -0.977191 -0 -0.212362
    outer loop
      vertex 72.8989 0.61 7.46739
      vertex 72.9448 0 7.25618
      vertex 72.8989 0 7.46739
    endloop
  endfacet
  facet normal -0.959434 0 -0.281933
    outer loop
      vertex 72.8989 0 7.46739
      vertex 72.8399 0.61 7.66817
      vertex 72.8989 0.61 7.46739
    endloop
  endfacet
  facet normal -0.959434 -0 -0.281933
    outer loop
      vertex 72.8399 0.61 7.66817
      vertex 72.8989 0 7.46739
      vertex 72.8399 0 7.66817
    endloop
  endfacet
  facet normal -0.934963 0 -0.354745
    outer loop
      vertex 72.8399 0 7.66817
      vertex 72.7677 0.61 7.85846
      vertex 72.8399 0.61 7.66817
    endloop
  endfacet
  facet normal -0.934963 -0 -0.354745
    outer loop
      vertex 72.7677 0.61 7.85846
      vertex 72.8399 0 7.66817
      vertex 72.7677 0 7.85846
    endloop
  endfacet
  facet normal -0.903732 0 -0.428099
    outer loop
      vertex 72.7677 0 7.85846
      vertex 72.6825 0.61 8.03832
      vertex 72.7677 0.61 7.85846
    endloop
  endfacet
  facet normal -0.903732 -0 -0.428099
    outer loop
      vertex 72.6825 0.61 8.03832
      vertex 72.7677 0 7.85846
      vertex 72.6825 0 8.03832
    endloop
  endfacet
  facet normal -0.86469 0 -0.502305
    outer loop
      vertex 72.6825 0 8.03832
      vertex 72.5841 0.61 8.20771
      vertex 72.6825 0.61 8.03832
    endloop
  endfacet
  facet normal -0.86469 -0 -0.502305
    outer loop
      vertex 72.5841 0.61 8.20771
      vertex 72.6825 0 8.03832
      vertex 72.5841 0 8.20771
    endloop
  endfacet
  facet normal -0.818854 0 -0.574002
    outer loop
      vertex 72.5841 0 8.20771
      vertex 72.4727 0.61 8.36663
      vertex 72.5841 0.61 8.20771
    endloop
  endfacet
  facet normal -0.818854 -0 -0.574002
    outer loop
      vertex 72.4727 0.61 8.36663
      vertex 72.5841 0 8.20771
      vertex 72.4727 0 8.36663
    endloop
  endfacet
  facet normal -0.766018 0 -0.642819
    outer loop
      vertex 72.4727 0 8.36663
      vertex 72.3481 0.61 8.51511
      vertex 72.4727 0.61 8.36663
    endloop
  endfacet
  facet normal -0.766018 -0 -0.642819
    outer loop
      vertex 72.3481 0.61 8.51511
      vertex 72.4727 0 8.36663
      vertex 72.3481 0 8.51511
    endloop
  endfacet
  facet normal -0.707901 0 -0.706311
    outer loop
      vertex 72.3481 0 8.51511
      vertex 72.2104 0.61 8.65312
      vertex 72.3481 0.61 8.51511
    endloop
  endfacet
  facet normal -0.707901 -0 -0.706311
    outer loop
      vertex 72.2104 0.61 8.65312
      vertex 72.3481 0 8.51511
      vertex 72.2104 0 8.65312
    endloop
  endfacet
  facet normal -0.646212 0 -0.763158
    outer loop
      vertex 72.0607 0 8.77988
      vertex 72.2104 0.61 8.65312
      vertex 72.2104 0 8.65312
    endloop
  endfacet
  facet normal -0.646212 0 -0.763158
    outer loop
      vertex 72.2104 0.61 8.65312
      vertex 72.0607 0 8.77988
      vertex 72.0607 0.61 8.77988
    endloop
  endfacet
  facet normal -0.581363 0 -0.813644
    outer loop
      vertex 71.9002 0 8.89456
      vertex 72.0607 0.61 8.77988
      vertex 72.0607 0 8.77988
    endloop
  endfacet
  facet normal -0.581363 0 -0.813644
    outer loop
      vertex 72.0607 0.61 8.77988
      vertex 71.9002 0 8.89456
      vertex 71.9002 0.61 8.89456
    endloop
  endfacet
  facet normal -0.513906 0 -0.857846
    outer loop
      vertex 71.7289 0 8.99718
      vertex 71.9002 0.61 8.89456
      vertex 71.9002 0 8.89456
    endloop
  endfacet
  facet normal -0.513906 0 -0.857846
    outer loop
      vertex 71.9002 0.61 8.89456
      vertex 71.7289 0 8.99718
      vertex 71.7289 0.61 8.99718
    endloop
  endfacet
  facet normal -0.44505 0 -0.895506
    outer loop
      vertex 71.5467 0 9.08773
      vertex 71.7289 0.61 8.99718
      vertex 71.7289 0 8.99718
    endloop
  endfacet
  facet normal -0.44505 0 -0.895506
    outer loop
      vertex 71.7289 0.61 8.99718
      vertex 71.5467 0 9.08773
      vertex 71.5467 0.61 9.08773
    endloop
  endfacet
  facet normal -0.376807 0 -0.926292
    outer loop
      vertex 71.3538 0 9.1662
      vertex 71.5467 0.61 9.08773
      vertex 71.5467 0 9.08773
    endloop
  endfacet
  facet normal -0.376807 0 -0.926292
    outer loop
      vertex 71.5467 0.61 9.08773
      vertex 71.3538 0 9.1662
      vertex 71.3538 0.61 9.1662
    endloop
  endfacet
  facet normal -0.30974 0 -0.950821
    outer loop
      vertex 71.15 0 9.23259
      vertex 71.3538 0.61 9.1662
      vertex 71.3538 0 9.1662
    endloop
  endfacet
  facet normal -0.30974 0 -0.950821
    outer loop
      vertex 71.3538 0.61 9.1662
      vertex 71.15 0 9.23259
      vertex 71.15 0.61 9.23259
    endloop
  endfacet
  facet normal -0.245276 0 -0.969453
    outer loop
      vertex 70.9353 0 9.28691
      vertex 71.15 0.61 9.23259
      vertex 71.15 0 9.23259
    endloop
  endfacet
  facet normal -0.245276 0 -0.969453
    outer loop
      vertex 71.15 0.61 9.23259
      vertex 70.9353 0 9.28691
      vertex 70.9353 0.61 9.28691
    endloop
  endfacet
  facet normal -0.184278 0 -0.982874
    outer loop
      vertex 70.7099 0 9.32917
      vertex 70.9353 0.61 9.28691
      vertex 70.9353 0 9.28691
    endloop
  endfacet
  facet normal -0.184278 0 -0.982874
    outer loop
      vertex 70.9353 0.61 9.28691
      vertex 70.7099 0 9.32917
      vertex 70.7099 0.61 9.32917
    endloop
  endfacet
  facet normal -0.12669 0 -0.991942
    outer loop
      vertex 70.4736 0 9.35935
      vertex 70.7099 0.61 9.32917
      vertex 70.7099 0 9.32917
    endloop
  endfacet
  facet normal -0.12669 0 -0.991942
    outer loop
      vertex 70.7099 0.61 9.32917
      vertex 70.4736 0 9.35935
      vertex 70.4736 0.61 9.35935
    endloop
  endfacet
  facet normal -0.0730941 0 -0.997325
    outer loop
      vertex 70.2265 0 9.37746
      vertex 70.4736 0.61 9.35935
      vertex 70.4736 0 9.35935
    endloop
  endfacet
  facet normal -0.0730941 0 -0.997325
    outer loop
      vertex 70.4736 0.61 9.35935
      vertex 70.2265 0 9.37746
      vertex 70.2265 0.61 9.37746
    endloop
  endfacet
  facet normal -0.0234044 0 -0.999726
    outer loop
      vertex 69.9685 0 9.3835
      vertex 70.2265 0.61 9.37746
      vertex 70.2265 0 9.37746
    endloop
  endfacet
  facet normal -0.0234044 0 -0.999726
    outer loop
      vertex 70.2265 0.61 9.37746
      vertex 69.9685 0 9.3835
      vertex 69.9685 0.61 9.3835
    endloop
  endfacet
  facet normal 0 0 -1
    outer loop
      vertex 67.8934 0 9.3835
      vertex 69.9685 0.61 9.3835
      vertex 69.9685 0 9.3835
    endloop
  endfacet
  facet normal -0 0 -1
    outer loop
      vertex 69.9685 0.61 9.3835
      vertex 67.8934 0 9.3835
      vertex 67.8934 0.61 9.3835
    endloop
  endfacet
  facet normal 1 -0 0
    outer loop
      vertex 67.8934 0 9.3835
      vertex 67.8934 0.61 3.65064
      vertex 67.8934 0.61 9.3835
    endloop
  endfacet
  facet normal 1 0 0
    outer loop
      vertex 67.8934 0.61 3.65064
      vertex 67.8934 0 9.3835
      vertex 67.8934 0 3.65064
    endloop
  endfacet
  facet normal -0 0 1
    outer loop
      vertex 67.8934 0.61 3.65064
      vertex 70.2126 0 3.65064
      vertex 70.2126 0.61 3.65064
    endloop
  endfacet
  facet normal 0 0 1
    outer loop
      vertex 70.2126 0 3.65064
      vertex 67.8934 0.61 3.65064
      vertex 67.8934 0 3.65064
    endloop
  endfacet
  facet normal -0.0194689 0 0.99981
    outer loop
      vertex 70.2126 0.61 3.65064
      vertex 70.3605 0 3.65352
      vertex 70.3605 0.61 3.65352
    endloop
  endfacet
  facet normal -0.0194689 0 0.99981
    outer loop
      vertex 70.3605 0 3.65352
      vertex 70.2126 0.61 3.65064
      vertex 70.2126 0 3.65064
    endloop
  endfacet
  facet normal -1 0 0
    outer loop
      vertex 69.0937 0 4.5783
      vertex 69.0937 0.61 8.45584
      vertex 69.0937 0.61 4.5783
    endloop
  endfacet
  facet normal -1 -0 0
    outer loop
      vertex 69.0937 0.61 8.45584
      vertex 69.0937 0 4.5783
      vertex 69.0937 0 8.45584
    endloop
  endfacet
  facet normal -0 0 1
    outer loop
      vertex 69.0937 0.61 8.45584
      vertex 69.9441 0 8.45584
      vertex 69.9441 0.61 8.45584
    endloop
  endfacet
  facet normal 0 0 1
    outer loop
      vertex 69.9441 0 8.45584
      vertex 69.0937 0.61 8.45584
      vertex 69.0937 0 8.45584
    endloop
  endfacet
  facet normal 0.0253386 0 0.999679
    outer loop
      vertex 69.9441 0.61 8.45584
      vertex 70.1027 0 8.45182
      vertex 70.1027 0.61 8.45182
    endloop
  endfacet
  facet normal 0.0253386 0 0.999679
    outer loop
      vertex 70.1027 0 8.45182
      vertex 69.9441 0.61 8.45584
      vertex 69.9441 0 8.45584
    endloop
  endfacet
  facet normal 0.0791971 0 0.996859
    outer loop
      vertex 70.1027 0.61 8.45182
      vertex 70.2545 0 8.43976
      vertex 70.2545 0.61 8.43976
    endloop
  endfacet
  facet normal 0.0791971 0 0.996859
    outer loop
      vertex 70.2545 0 8.43976
      vertex 70.1027 0.61 8.45182
      vertex 70.1027 0 8.45182
    endloop
  endfacet
  facet normal 0.137148 0 0.990551
    outer loop
      vertex 70.2545 0.61 8.43976
      vertex 70.3996 0 8.41967
      vertex 70.3996 0.61 8.41967
    endloop
  endfacet
  facet normal 0.137148 0 0.990551
    outer loop
      vertex 70.3996 0 8.41967
      vertex 70.2545 0.61 8.43976
      vertex 70.2545 0 8.43976
    endloop
  endfacet
  facet normal 0.199456 0 0.979907
    outer loop
      vertex 70.3996 0.61 8.41967
      vertex 70.5378 0 8.39154
      vertex 70.5378 0.61 8.39154
    endloop
  endfacet
  facet normal 0.199456 0 0.979907
    outer loop
      vertex 70.5378 0 8.39154
      vertex 70.3996 0.61 8.41967
      vertex 70.3996 0 8.41967
    endloop
  endfacet
  facet normal 0.265139 0 0.96421
    outer loop
      vertex 70.5378 0.61 8.39154
      vertex 70.6693 0 8.35538
      vertex 70.6693 0.61 8.35538
    endloop
  endfacet
  facet normal 0.265139 0 0.96421
    outer loop
      vertex 70.6693 0 8.35538
      vertex 70.5378 0.61 8.39154
      vertex 70.5378 0 8.39154
    endloop
  endfacet
  facet normal 0.334323 0 0.942459
    outer loop
      vertex 70.6693 0.61 8.35538
      vertex 70.7939 0 8.31118
      vertex 70.7939 0.61 8.31118
    endloop
  endfacet
  facet normal 0.334323 0 0.942459
    outer loop
      vertex 70.7939 0 8.31118
      vertex 70.6693 0.61 8.35538
      vertex 70.6693 0 8.35538
    endloop
  endfacet
  facet normal 0.405167 0 0.914243
    outer loop
      vertex 70.7939 0.61 8.31118
      vertex 70.9118 0 8.25893
      vertex 70.9118 0.61 8.25893
    endloop
  endfacet
  facet normal 0.405167 0 0.914243
    outer loop
      vertex 70.9118 0 8.25893
      vertex 70.7939 0.61 8.31118
      vertex 70.7939 0 8.31118
    endloop
  endfacet
  facet normal 0.47717 0 0.878811
    outer loop
      vertex 70.9118 0.61 8.25893
      vertex 71.0228 0 8.19866
      vertex 71.0228 0.61 8.19866
    endloop
  endfacet
  facet normal 0.47717 0 0.878811
    outer loop
      vertex 71.0228 0 8.19866
      vertex 70.9118 0.61 8.25893
      vertex 70.9118 0 8.25893
    endloop
  endfacet
  facet normal 0.547945 0 0.836514
    outer loop
      vertex 71.0228 0.61 8.19866
      vertex 71.1271 0 8.13034
      vertex 71.1271 0.61 8.13034
    endloop
  endfacet
  facet normal 0.547945 0 0.836514
    outer loop
      vertex 71.1271 0 8.13034
      vertex 71.0228 0.61 8.19866
      vertex 71.0228 0 8.19866
    endloop
  endfacet
  facet normal 0.616537 0 0.787326
    outer loop
      vertex 71.1271 0.61 8.13034
      vertex 71.2246 0 8.05399
      vertex 71.2246 0.61 8.05399
    endloop
  endfacet
  facet normal 0.616537 0 0.787326
    outer loop
      vertex 71.2246 0 8.05399
      vertex 71.1271 0.61 8.13034
      vertex 71.1271 0 8.13034
    endloop
  endfacet
  facet normal 0.681225 0 0.732074
    outer loop
      vertex 71.2246 0.61 8.05399
      vertex 71.3153 0 7.96959
      vertex 71.3153 0.61 7.96959
    endloop
  endfacet
  facet normal 0.681225 0 0.732074
    outer loop
      vertex 71.3153 0 7.96959
      vertex 71.2246 0.61 8.05399
      vertex 71.2246 0 8.05399
    endloop
  endfacet
  facet normal 0.741324 -0 0.671147
    outer loop
      vertex 71.3153 0 7.96959
      vertex 71.3986 0.61 7.87758
      vertex 71.3153 0.61 7.96959
    endloop
  endfacet
  facet normal 0.741324 0 0.671147
    outer loop
      vertex 71.3986 0.61 7.87758
      vertex 71.3153 0 7.96959
      vertex 71.3986 0 7.87758
    endloop
  endfacet
  facet normal 0.796307 -0 0.604892
    outer loop
      vertex 71.3986 0 7.87758
      vertex 71.474 0.61 7.77832
      vertex 71.3986 0.61 7.87758
    endloop
  endfacet
  facet normal 0.796307 0 0.604892
    outer loop
      vertex 71.474 0.61 7.77832
      vertex 71.3986 0 7.87758
      vertex 71.474 0 7.77832
    endloop
  endfacet
  facet normal 0.844572 -0 0.535443
    outer loop
      vertex 71.474 0 7.77832
      vertex 71.5415 0.61 7.67185
      vertex 71.474 0.61 7.77832
    endloop
  endfacet
  facet normal 0.844572 0 0.535443
    outer loop
      vertex 71.5415 0.61 7.67185
      vertex 71.474 0 7.77832
      vertex 71.5415 0 7.67185
    endloop
  endfacet
  facet normal 0.886031 -0 0.463626
    outer loop
      vertex 71.5415 0 7.67185
      vertex 71.601 0.61 7.55814
      vertex 71.5415 0.61 7.67185
    endloop
  endfacet
  facet normal 0.886031 0 0.463626
    outer loop
      vertex 71.601 0.61 7.55814
      vertex 71.5415 0 7.67185
      vertex 71.601 0 7.55814
    endloop
  endfacet
  facet normal 0.919781 -0 0.392432
    outer loop
      vertex 71.601 0 7.55814
      vertex 71.6526 0.61 7.4372
      vertex 71.601 0.61 7.55814
    endloop
  endfacet
  facet normal 0.919781 0 0.392432
    outer loop
      vertex 71.6526 0.61 7.4372
      vertex 71.601 0 7.55814
      vertex 71.6526 0 7.4372
    endloop
  endfacet
  facet normal 0.946715 -0 0.322072
    outer loop
      vertex 71.6526 0 7.4372
      vertex 71.6962 0.61 7.30904
      vertex 71.6526 0.61 7.4372
    endloop
  endfacet
  facet normal 0.946715 0 0.322072
    outer loop
      vertex 71.6962 0.61 7.30904
      vertex 71.6526 0 7.4372
      vertex 71.6962 0 7.30904
    endloop
  endfacet
  facet normal 0.96695 -0 0.254968
    outer loop
      vertex 71.6962 0 7.30904
      vertex 71.7319 0.61 7.17365
      vertex 71.6962 0.61 7.30904
    endloop
  endfacet
  facet normal 0.96695 0 0.254968
    outer loop
      vertex 71.7319 0.61 7.17365
      vertex 71.6962 0 7.30904
      vertex 71.7319 0 7.17365
    endloop
  endfacet
  facet normal 0.98153 -0 0.19131
    outer loop
      vertex 71.7319 0 7.17365
      vertex 71.7597 0.61 7.03102
      vertex 71.7319 0.61 7.17365
    endloop
  endfacet
  facet normal 0.98153 0 0.19131
    outer loop
      vertex 71.7597 0.61 7.03102
      vertex 71.7319 0 7.17365
      vertex 71.7597 0 7.03102
    endloop
  endfacet
  facet normal 0.991383 -0 0.130994
    outer loop
      vertex 71.7597 0 7.03102
      vertex 71.7795 0.61 6.88117
      vertex 71.7597 0.61 7.03102
    endloop
  endfacet
  facet normal 0.991383 0 0.130994
    outer loop
      vertex 71.7795 0.61 6.88117
      vertex 71.7597 0 7.03102
      vertex 71.7795 0 6.88117
    endloop
  endfacet
  facet normal 0.997143 -0 0.0755411
    outer loop
      vertex 71.7795 0 6.88117
      vertex 71.7914 0.61 6.72409
      vertex 71.7795 0.61 6.88117
    endloop
  endfacet
  facet normal 0.997143 0 0.0755411
    outer loop
      vertex 71.7914 0.61 6.72409
      vertex 71.7795 0 6.88117
      vertex 71.7914 0 6.72409
    endloop
  endfacet
  facet normal 0.999704 -0 0.0243355
    outer loop
      vertex 71.7914 0 6.72409
      vertex 71.7954 0.61 6.55977
      vertex 71.7914 0.61 6.72409
    endloop
  endfacet
  facet normal 0.999704 0 0.0243355
    outer loop
      vertex 71.7954 0.61 6.55977
      vertex 71.7914 0 6.72409
      vertex 71.7954 0 6.55977
    endloop
  endfacet
  facet normal 0.999729 0 -0.023268
    outer loop
      vertex 71.7954 0 6.55977
      vertex 71.7916 0.61 6.3965
      vertex 71.7954 0.61 6.55977
    endloop
  endfacet
  facet normal 0.999729 0 -0.023268
    outer loop
      vertex 71.7916 0.61 6.3965
      vertex 71.7954 0 6.55977
      vertex 71.7916 0 6.3965
    endloop
  endfacet
  facet normal 0.997419 0 -0.071807
    outer loop
      vertex 71.7916 0 6.3965
      vertex 71.7803 0.61 6.23954
      vertex 71.7916 0.61 6.3965
    endloop
  endfacet
  facet normal 0.997419 0 -0.071807
    outer loop
      vertex 71.7803 0.61 6.23954
      vertex 71.7916 0 6.3965
      vertex 71.7803 0 6.23954
    endloop
  endfacet
  facet normal 0.992303 0 -0.123832
    outer loop
      vertex 71.7803 0 6.23954
      vertex 71.7615 0.61 6.08889
      vertex 71.7803 0.61 6.23954
    endloop
  endfacet
  facet normal 0.992303 0 -0.123832
    outer loop
      vertex 71.7615 0.61 6.08889
      vertex 71.7803 0 6.23954
      vertex 71.7615 0 6.08889
    endloop
  endfacet
  facet normal 0.983682 0 -0.179917
    outer loop
      vertex 71.7615 0 6.08889
      vertex 71.7351 0.61 5.94455
      vertex 71.7615 0.61 6.08889
    endloop
  endfacet
  facet normal 0.983682 0 -0.179917
    outer loop
      vertex 71.7351 0.61 5.94455
      vertex 71.7615 0 6.08889
      vertex 71.7351 0 5.94455
    endloop
  endfacet
  facet normal 0.971128 0 -0.23856
    outer loop
      vertex 71.7351 0 5.94455
      vertex 71.7012 0.61 5.80655
      vertex 71.7351 0.61 5.94455
    endloop
  endfacet
  facet normal 0.971128 0 -0.23856
    outer loop
      vertex 71.7012 0.61 5.80655
      vertex 71.7351 0 5.94455
      vertex 71.7012 0 5.80655
    endloop
  endfacet
  facet normal 0.953963 0 -0.299925
    outer loop
      vertex 71.7012 0 5.80655
      vertex 71.6598 0.61 5.67487
      vertex 71.7012 0.61 5.80655
    endloop
  endfacet
  facet normal 0.953963 0 -0.299925
    outer loop
      vertex 71.6598 0.61 5.67487
      vertex 71.7012 0 5.80655
      vertex 71.6598 0 5.67487
    endloop
  endfacet
  facet normal 0.93164 0 -0.363382
    outer loop
      vertex 71.6598 0 5.67487
      vertex 71.6109 0.61 5.5495
      vertex 71.6598 0.61 5.67487
    endloop
  endfacet
  facet normal 0.93164 0 -0.363382
    outer loop
      vertex 71.6109 0.61 5.5495
      vertex 71.6598 0 5.67487
      vertex 71.6109 0 5.5495
    endloop
  endfacet
  facet normal 0.903393 0 -0.428814
    outer loop
      vertex 71.6109 0 5.5495
      vertex 71.5544 0.61 5.43047
      vertex 71.6109 0.61 5.5495
    endloop
  endfacet
  facet normal 0.903393 0 -0.428814
    outer loop
      vertex 71.5544 0.61 5.43047
      vertex 71.6109 0 5.5495
      vertex 71.5544 0 5.43047
    endloop
  endfacet
  facet normal 0.869276 0 -0.494327
    outer loop
      vertex 71.5544 0 5.43047
      vertex 71.4903 0.61 5.31775
      vertex 71.5544 0.61 5.43047
    endloop
  endfacet
  facet normal 0.869276 0 -0.494327
    outer loop
      vertex 71.4903 0.61 5.31775
      vertex 71.5544 0 5.43047
      vertex 71.4903 0 5.31775
    endloop
  endfacet
  facet normal 0.830004 0 -0.557757
    outer loop
      vertex 71.4903 0 5.31775
      vertex 71.4188 0.61 5.21135
      vertex 71.4903 0.61 5.31775
    endloop
  endfacet
  facet normal 0.830004 0 -0.557757
    outer loop
      vertex 71.4188 0.61 5.21135
      vertex 71.4903 0 5.31775
      vertex 71.4188 0 5.21135
    endloop
  endfacet
  facet normal 0.784542 0 -0.620076
    outer loop
      vertex 71.4188 0 5.21135
      vertex 71.3397 0.61 5.11127
      vertex 71.4188 0.61 5.21135
    endloop
  endfacet
  facet normal 0.784542 0 -0.620076
    outer loop
      vertex 71.3397 0.61 5.11127
      vertex 71.4188 0 5.21135
      vertex 71.3397 0 5.11127
    endloop
  endfacet
  facet normal 0.734347 0 -0.678775
    outer loop
      vertex 71.3397 0 5.11127
      vertex 71.2542 0.61 5.01877
      vertex 71.3397 0.61 5.11127
    endloop
  endfacet
  facet normal 0.734347 0 -0.678775
    outer loop
      vertex 71.2542 0.61 5.01877
      vertex 71.3397 0 5.11127
      vertex 71.2542 0 5.01877
    endloop
  endfacet
  facet normal 0.678135 0 -0.734937
    outer loop
      vertex 71.1635 0 4.93508
      vertex 71.2542 0.61 5.01877
      vertex 71.2542 0 5.01877
    endloop
  endfacet
  facet normal 0.678135 0 -0.734937
    outer loop
      vertex 71.2542 0.61 5.01877
      vertex 71.1635 0 4.93508
      vertex 71.1635 0.61 4.93508
    endloop
  endfacet
  facet normal 0.615032 0 -0.788502
    outer loop
      vertex 71.0675 0 4.8602
      vertex 71.1635 0.61 4.93508
      vertex 71.1635 0 4.93508
    endloop
  endfacet
  facet normal 0.615032 0 -0.788502
    outer loop
      vertex 71.1635 0.61 4.93508
      vertex 71.0675 0 4.8602
      vertex 71.0675 0.61 4.8602
    endloop
  endfacet
  facet normal 0.546674 0 -0.837345
    outer loop
      vertex 70.9663 0 4.79413
      vertex 71.0675 0.61 4.8602
      vertex 71.0675 0 4.8602
    endloop
  endfacet
  facet normal 0.546674 0 -0.837345
    outer loop
      vertex 71.0675 0.61 4.8602
      vertex 70.9663 0 4.79413
      vertex 70.9663 0.61 4.79413
    endloop
  endfacet
  facet normal 0.473547 0 -0.880768
    outer loop
      vertex 70.8598 0 4.73687
      vertex 70.9663 0.61 4.79413
      vertex 70.9663 0 4.79413
    endloop
  endfacet
  facet normal 0.473547 0 -0.880768
    outer loop
      vertex 70.9663 0.61 4.79413
      vertex 70.8598 0 4.73687
      vertex 70.8598 0.61 4.73687
    endloop
  endfacet
  facet normal 0.39793 0 -0.917416
    outer loop
      vertex 70.7481 0 4.68842
      vertex 70.8598 0.61 4.73687
      vertex 70.8598 0 4.73687
    endloop
  endfacet
  facet normal 0.39793 0 -0.917416
    outer loop
      vertex 70.8598 0.61 4.73687
      vertex 70.7481 0 4.68842
      vertex 70.7481 0.61 4.68842
    endloop
  endfacet
  facet normal 0.321133 0 -0.947034
    outer loop
      vertex 70.6312 0 4.64878
      vertex 70.7481 0.61 4.68842
      vertex 70.7481 0 4.68842
    endloop
  endfacet
  facet normal 0.321133 0 -0.947034
    outer loop
      vertex 70.7481 0.61 4.68842
      vertex 70.6312 0 4.64878
      vertex 70.6312 0.61 4.64878
    endloop
  endfacet
  facet normal 0.244701 0 -0.969599
    outer loop
      vertex 70.509 0 4.61794
      vertex 70.6312 0.61 4.64878
      vertex 70.6312 0 4.64878
    endloop
  endfacet
  facet normal 0.244701 0 -0.969599
    outer loop
      vertex 70.6312 0.61 4.64878
      vertex 70.509 0 4.61794
      vertex 70.509 0.61 4.61794
    endloop
  endfacet
  facet normal 0.170337 0 -0.985386
    outer loop
      vertex 70.3815 0 4.5959
      vertex 70.509 0.61 4.61794
      vertex 70.509 0 4.61794
    endloop
  endfacet
  facet normal 0.170337 0 -0.985386
    outer loop
      vertex 70.509 0.61 4.61794
      vertex 70.3815 0 4.5959
      vertex 70.3815 0.61 4.5959
    endloop
  endfacet
  facet normal 0.0990582 0 -0.995082
    outer loop
      vertex 70.2488 0 4.58269
      vertex 70.3815 0.61 4.5959
      vertex 70.3815 0 4.5959
    endloop
  endfacet
  facet normal 0.0990582 0 -0.995082
    outer loop
      vertex 70.3815 0.61 4.5959
      vertex 70.2488 0 4.58269
      vertex 70.2488 0.61 4.58269
    endloop
  endfacet
  facet normal 0.0318185 0 -0.999494
    outer loop
      vertex 70.1109 0 4.5783
      vertex 70.2488 0.61 4.58269
      vertex 70.2488 0 4.58269
    endloop
  endfacet
  facet normal 0.0318185 0 -0.999494
    outer loop
      vertex 70.2488 0.61 4.58269
      vertex 70.1109 0 4.5783
      vertex 70.1109 0.61 4.5783
    endloop
  endfacet
  facet normal 0 0 -1
    outer loop
      vertex 69.0937 0 4.5783
      vertex 70.1109 0.61 4.5783
      vertex 70.1109 0 4.5783
    endloop
  endfacet
  facet normal -0 0 -1
    outer loop
      vertex 70.1109 0.61 4.5783
      vertex 69.0937 0 4.5783
      vertex 69.0937 0.61 4.5783
    endloop
  endfacet
  facet normal 0 0 -1
    outer loop
      vertex 73.7704 0 9.3835
      vertex 74.9707 0.61 9.3835
      vertex 74.9707 0 9.3835
    endloop
  endfacet
  facet normal -0 0 -1
    outer loop
      vertex 74.9707 0.61 9.3835
      vertex 73.7704 0 9.3835
      vertex 73.7704 0.61 9.3835
    endloop
  endfacet
  facet normal 1 -0 0
    outer loop
      vertex 73.7704 0 9.3835
      vertex 73.7704 0.61 3.65064
      vertex 73.7704 0.61 9.3835
    endloop
  endfacet
  facet normal 1 0 0
    outer loop
      vertex 73.7704 0.61 3.65064
      vertex 73.7704 0 9.3835
      vertex 73.7704 0 3.65064
    endloop
  endfacet
  facet normal -0 0 1
    outer loop
      vertex 73.7704 0.61 3.65064
      vertex 74.9707 0 3.65064
      vertex 74.9707 0.61 3.65064
    endloop
  endfacet
  facet normal 0 0 1
    outer loop
      vertex 74.9707 0 3.65064
      vertex 73.7704 0.61 3.65064
      vertex 73.7704 0 3.65064
    endloop
  endfacet
  facet normal -1 0 0
    outer loop
      vertex 74.9707 0 3.65064
      vertex 74.9707 0.61 9.3835
      vertex 74.9707 0.61 3.65064
    endloop
  endfacet
  facet normal -1 -0 0
    outer loop
      vertex 74.9707 0.61 9.3835
      vertex 74.9707 0 3.65064
      vertex 74.9707 0 9.3835
    endloop
  endfacet
  facet normal -0 0 1
    outer loop
      vertex 77.2318 0.61 5.66873
      vertex 78.6558 0 5.66873
      vertex 78.6558 0.61 5.66873
    endloop
  endfacet
  facet normal 0 0 1
    outer loop
      vertex 78.6558 0 5.66873
      vertex 77.2318 0.61 5.66873
      vertex 77.2318 0 5.66873
    endloop
  endfacet
  facet normal -0.0169511 0 0.999856
    outer loop
      vertex 78.6558 0.61 5.66873
      vertex 78.772 0 5.6707
      vertex 78.772 0.61 5.6707
    endloop
  endfacet
  facet normal -0.0169511 0 0.999856
    outer loop
      vertex 78.772 0 5.6707
      vertex 78.6558 0.61 5.66873
      vertex 78.6558 0 5.66873
    endloop
  endfacet
  facet normal -0.0521375 0 0.99864
    outer loop
      vertex 78.772 0.61 5.6707
      vertex 78.8852 0 5.67661
      vertex 78.8852 0.61 5.67661
    endloop
  endfacet
  facet normal -0.0521375 0 0.99864
    outer loop
      vertex 78.8852 0 5.67661
      vertex 78.772 0.61 5.6707
      vertex 78.772 0 5.6707
    endloop
  endfacet
  facet normal -0.0886792 0 0.99606
    outer loop
      vertex 78.8852 0.61 5.67661
      vertex 78.9955 0 5.68643
      vertex 78.9955 0.61 5.68643
    endloop
  endfacet
  facet normal -0.0886792 0 0.99606
    outer loop
      vertex 78.9955 0 5.68643
      vertex 78.8852 0.61 5.67661
      vertex 78.8852 0 5.67661
    endloop
  endfacet
  facet normal -0.127262 0 0.991869
    outer loop
      vertex 78.9955 0.61 5.68643
      vertex 79.1029 0 5.70021
      vertex 79.1029 0.61 5.70021
    endloop
  endfacet
  facet normal -0.127262 0 0.991869
    outer loop
      vertex 79.1029 0 5.70021
      vertex 78.9955 0.61 5.68643
      vertex 78.9955 0 5.68643
    endloop
  endfacet
  facet normal -0.166999 0 0.985957
    outer loop
      vertex 79.1029 0.61 5.70021
      vertex 79.2074 0 5.71791
      vertex 79.2074 0.61 5.71791
    endloop
  endfacet
  facet normal -0.166999 0 0.985957
    outer loop
      vertex 79.2074 0 5.71791
      vertex 79.1029 0.61 5.70021
      vertex 79.1029 0 5.70021
    endloop
  endfacet
  facet normal -0.208516 0 0.978019
    outer loop
      vertex 79.2074 0.61 5.71791
      vertex 79.3089 0 5.73955
      vertex 79.3089 0.61 5.73955
    endloop
  endfacet
  facet normal -0.208516 0 0.978019
    outer loop
      vertex 79.3089 0 5.73955
      vertex 79.2074 0.61 5.71791
      vertex 79.2074 0 5.71791
    endloop
  endfacet
  facet normal -0.251027 0 0.96798
    outer loop
      vertex 79.3089 0.61 5.73955
      vertex 79.4075 0 5.76512
      vertex 79.4075 0.61 5.76512
    endloop
  endfacet
  facet normal -0.251027 0 0.96798
    outer loop
      vertex 79.4075 0 5.76512
      vertex 79.3089 0.61 5.73955
      vertex 79.3089 0 5.73955
    endloop
  endfacet
  facet normal -0.294668 0 0.9556
    outer loop
      vertex 79.4075 0.61 5.76512
      vertex 79.5032 0 5.79463
      vertex 79.5032 0.61 5.79463
    endloop
  endfacet
  facet normal -0.294668 0 0.9556
    outer loop
      vertex 79.5032 0 5.79463
      vertex 79.4075 0.61 5.76512
      vertex 79.4075 0 5.76512
    endloop
  endfacet
  facet normal -0.339007 0 0.940784
    outer loop
      vertex 79.5032 0.61 5.79463
      vertex 79.596 0 5.82807
      vertex 79.596 0.61 5.82807
    endloop
  endfacet
  facet normal -0.339007 0 0.940784
    outer loop
      vertex 79.596 0 5.82807
      vertex 79.5032 0.61 5.79463
      vertex 79.5032 0 5.79463
    endloop
  endfacet
  facet normal -0.384207 0 0.923247
    outer loop
      vertex 79.596 0.61 5.82807
      vertex 79.6858 0 5.86544
      vertex 79.6858 0.61 5.86544
    endloop
  endfacet
  facet normal -0.384207 0 0.923247
    outer loop
      vertex 79.6858 0 5.86544
      vertex 79.596 0.61 5.82807
      vertex 79.596 0 5.82807
    endloop
  endfacet
  facet normal -0.429417 0 0.903106
    outer loop
      vertex 79.6858 0.61 5.86544
      vertex 79.7727 0 5.90676
      vertex 79.7727 0.61 5.90676
    endloop
  endfacet
  facet normal -0.429417 0 0.903106
    outer loop
      vertex 79.7727 0 5.90676
      vertex 79.6858 0.61 5.86544
      vertex 79.6858 0 5.86544
    endloop
  endfacet
  facet normal -0.473157 0 0.880978
    outer loop
      vertex 79.7727 0.61 5.90676
      vertex 79.8563 0 5.95166
      vertex 79.8563 0.61 5.95166
    endloop
  endfacet
  facet normal -0.473157 0 0.880978
    outer loop
      vertex 79.8563 0 5.95166
      vertex 79.7727 0.61 5.90676
      vertex 79.7727 0 5.90676
    endloop
  endfacet
  facet normal -0.515439 0 0.856926
    outer loop
      vertex 79.8563 0.61 5.95166
      vertex 79.9364 0 5.99984
      vertex 79.9364 0.61 5.99984
    endloop
  endfacet
  facet normal -0.515439 0 0.856926
    outer loop
      vertex 79.9364 0 5.99984
      vertex 79.8563 0.61 5.95166
      vertex 79.8563 0 5.95166
    endloop
  endfacet
  facet normal -0.558353 0 0.829603
    outer loop
      vertex 79.9364 0.61 5.99984
      vertex 80.0128 0 6.05126
      vertex 80.0128 0.61 6.05126
    endloop
  endfacet
  facet normal -0.558353 0 0.829603
    outer loop
      vertex 80.0128 0 6.05126
      vertex 79.9364 0.61 5.99984
      vertex 79.9364 0 5.99984
    endloop
  endfacet
  facet normal -0.600703 0 0.799473
    outer loop
      vertex 80.0128 0.61 6.05126
      vertex 80.0856 0 6.10596
      vertex 80.0856 0.61 6.10596
    endloop
  endfacet
  facet normal -0.600703 0 0.799473
    outer loop
      vertex 80.0856 0 6.10596
      vertex 80.0128 0.61 6.05126
      vertex 80.0128 0 6.05126
    endloop
  endfacet
  facet normal -0.64149 0 0.767131
    outer loop
      vertex 80.0856 0.61 6.10596
      vertex 80.1549 0 6.16391
      vertex 80.1549 0.61 6.16391
    endloop
  endfacet
  facet normal -0.64149 0 0.767131
    outer loop
      vertex 80.1549 0 6.16391
      vertex 80.0856 0.61 6.10596
      vertex 80.0856 0 6.10596
    endloop
  endfacet
  facet normal -0.681663 0 0.731666
    outer loop
      vertex 80.1549 0.61 6.16391
      vertex 80.2206 0 6.22512
      vertex 80.2206 0.61 6.22512
    endloop
  endfacet
  facet normal -0.681663 0 0.731666
    outer loop
      vertex 80.2206 0 6.22512
      vertex 80.1549 0.61 6.16391
      vertex 80.1549 0 6.16391
    endloop
  endfacet
  facet normal -0.720833 0 0.693109
    outer loop
      vertex 80.2206 0 6.22512
      vertex 80.2826 0.61 6.2896
      vertex 80.2206 0.61 6.22512
    endloop
  endfacet
  facet normal -0.720833 0 0.693109
    outer loop
      vertex 80.2826 0.61 6.2896
      vertex 80.2206 0 6.22512
      vertex 80.2826 0 6.2896
    endloop
  endfacet
  facet normal -0.756886 0 0.653547
    outer loop
      vertex 80.2826 0 6.2896
      vertex 80.3411 0.61 6.35735
      vertex 80.2826 0.61 6.2896
    endloop
  endfacet
  facet normal -0.756886 0 0.653547
    outer loop
      vertex 80.3411 0.61 6.35735
      vertex 80.2826 0 6.2896
      vertex 80.3411 0 6.35735
    endloop
  endfacet
  facet normal -0.791628 0 0.611003
    outer loop
      vertex 80.3411 0 6.35735
      vertex 80.3959 0.61 6.42835
      vertex 80.3411 0.61 6.35735
    endloop
  endfacet
  facet normal -0.791628 0 0.611003
    outer loop
      vertex 80.3959 0.61 6.42835
      vertex 80.3411 0 6.35735
      vertex 80.3959 0 6.42835
    endloop
  endfacet
  facet normal -0.82273 0 0.568432
    outer loop
      vertex 80.3959 0 6.42835
      vertex 80.4472 0.61 6.5026
      vertex 80.3959 0.61 6.42835
    endloop
  endfacet
  facet normal -0.82273 0 0.568432
    outer loop
      vertex 80.4472 0.61 6.5026
      vertex 80.3959 0 6.42835
      vertex 80.4472 0 6.5026
    endloop
  endfacet
  facet normal -0.852141 0 0.523312
    outer loop
      vertex 80.4472 0 6.5026
      vertex 80.4948 0.61 6.58011
      vertex 80.4472 0.61 6.5026
    endloop
  endfacet
  facet normal -0.852141 0 0.523312
    outer loop
      vertex 80.4948 0.61 6.58011
      vertex 80.4472 0 6.5026
      vertex 80.4948 0 6.58011
    endloop
  endfacet
  facet normal -0.877494 0 0.479588
    outer loop
      vertex 80.4948 0 6.58011
      vertex 80.5386 0.61 6.66025
      vertex 80.4948 0.61 6.58011
    endloop
  endfacet
  facet normal -0.877494 0 0.479588
    outer loop
      vertex 80.5386 0.61 6.66025
      vertex 80.4948 0 6.58011
      vertex 80.5386 0 6.66025
    endloop
  endfacet
  facet normal -0.900658 0 0.434528
    outer loop
      vertex 80.5386 0 6.66025
      vertex 80.5782 0.61 6.74233
      vertex 80.5386 0.61 6.66025
    endloop
  endfacet
  facet normal -0.900658 0 0.434528
    outer loop
      vertex 80.5782 0.61 6.74233
      vertex 80.5386 0 6.66025
      vertex 80.5782 0 6.74233
    endloop
  endfacet
  facet normal -0.921168 0 0.389164
    outer loop
      vertex 80.5782 0 6.74233
      vertex 80.6137 0.61 6.82636
      vertex 80.5782 0.61 6.74233
    endloop
  endfacet
  facet normal -0.921168 0 0.389164
    outer loop
      vertex 80.6137 0.61 6.82636
      vertex 80.5782 0 6.74233
      vertex 80.6137 0 6.82636
    endloop
  endfacet
  facet normal -0.939672 0 0.342076
    outer loop
      vertex 80.6137 0 6.82636
      vertex 80.645 0.61 6.91234
      vertex 80.6137 0.61 6.82636
    endloop
  endfacet
  facet normal -0.939672 0 0.342076
    outer loop
      vertex 80.645 0.61 6.91234
      vertex 80.6137 0 6.82636
      vertex 80.645 0 6.91234
    endloop
  endfacet
  facet normal -0.955652 0 0.294498
    outer loop
      vertex 80.645 0 6.91234
      vertex 80.6721 0.61 7.00028
      vertex 80.645 0.61 6.91234
    endloop
  endfacet
  facet normal -0.955652 0 0.294498
    outer loop
      vertex 80.6721 0.61 7.00028
      vertex 80.645 0 6.91234
      vertex 80.6721 0 7.00028
    endloop
  endfacet
  facet normal -0.969035 0 0.246922
    outer loop
      vertex 80.6721 0 7.00028
      vertex 80.695 0.61 7.09015
      vertex 80.6721 0.61 7.00028
    endloop
  endfacet
  facet normal -0.969035 0 0.246922
    outer loop
      vertex 80.695 0.61 7.09015
      vertex 80.6721 0 7.00028
      vertex 80.695 0 7.09015
    endloop
  endfacet
  facet normal -0.97968 0 0.200566
    outer loop
      vertex 80.695 0 7.09015
      vertex 80.7138 0.61 7.18198
      vertex 80.695 0.61 7.09015
    endloop
  endfacet
  facet normal -0.97968 0 0.200566
    outer loop
      vertex 80.7138 0.61 7.18198
      vertex 80.695 0 7.09015
      vertex 80.7138 0 7.18198
    endloop
  endfacet
  facet normal -0.988097 0 0.15383
    outer loop
      vertex 80.7138 0 7.18198
      vertex 80.7284 0.61 7.27576
      vertex 80.7138 0.61 7.18198
    endloop
  endfacet
  facet normal -0.988097 0 0.15383
    outer loop
      vertex 80.7284 0.61 7.27576
      vertex 80.7138 0 7.18198
      vertex 80.7284 0 7.27576
    endloop
  endfacet
  facet normal -0.994151 0 0.108003
    outer loop
      vertex 80.7284 0 7.27576
      vertex 80.7388 0.61 7.37149
      vertex 80.7284 0.61 7.27576
    endloop
  endfacet
  facet normal -0.994151 0 0.108003
    outer loop
      vertex 80.7388 0.61 7.37149
      vertex 80.7284 0 7.27576
      vertex 80.7388 0 7.37149
    endloop
  endfacet
  facet normal -0.997926 0 0.0643691
    outer loop
      vertex 80.7388 0 7.37149
      vertex 80.7451 0.61 7.46916
      vertex 80.7388 0.61 7.37149
    endloop
  endfacet
  facet normal -0.997926 0 0.0643691
    outer loop
      vertex 80.7451 0.61 7.46916
      vertex 80.7388 0 7.37149
      vertex 80.7451 0 7.46916
    endloop
  endfacet
  facet normal -0.999799 0 0.0200682
    outer loop
      vertex 80.7451 0 7.46916
      vertex 80.7471 0.61 7.5688
      vertex 80.7451 0.61 7.46916
    endloop
  endfacet
  facet normal -0.999799 0 0.0200682
    outer loop
      vertex 80.7471 0.61 7.5688
      vertex 80.7451 0 7.46916
      vertex 80.7471 0 7.5688
    endloop
  endfacet
  facet normal -0.999556 0 -0.029793
    outer loop
      vertex 80.7471 0 7.5688
      vertex 80.7425 0.61 7.72313
      vertex 80.7471 0.61 7.5688
    endloop
  endfacet
  facet normal -0.999556 -0 -0.029793
    outer loop
      vertex 80.7425 0.61 7.72313
      vertex 80.7471 0 7.5688
      vertex 80.7425 0 7.72313
    endloop
  endfacet
  facet normal -0.995734 0 -0.0922724
    outer loop
      vertex 80.7425 0 7.72313
      vertex 80.7288 0.61 7.87097
      vertex 80.7425 0.61 7.72313
    endloop
  endfacet
  facet normal -0.995734 -0 -0.0922724
    outer loop
      vertex 80.7288 0.61 7.87097
      vertex 80.7425 0 7.72313
      vertex 80.7288 0 7.87097
    endloop
  endfacet
  facet normal -0.987021 0 -0.160593
    outer loop
      vertex 80.7288 0 7.87097
      vertex 80.7058 0.61 8.01233
      vertex 80.7288 0.61 7.87097
    endloop
  endfacet
  facet normal -0.987021 -0 -0.160593
    outer loop
      vertex 80.7058 0.61 8.01233
      vertex 80.7288 0 7.87097
      vertex 80.7058 0 8.01233
    endloop
  endfacet
  facet normal -0.972826 0 -0.231539
    outer loop
      vertex 80.7058 0 8.01233
      vertex 80.6737 0.61 8.1472
      vertex 80.7058 0.61 8.01233
    endloop
  endfacet
  facet normal -0.972826 -0 -0.231539
    outer loop
      vertex 80.6737 0.61 8.1472
      vertex 80.7058 0 8.01233
      vertex 80.6737 0 8.1472
    endloop
  endfacet
  facet normal -0.951953 0 -0.306244
    outer loop
      vertex 80.6737 0 8.1472
      vertex 80.6324 0.61 8.27558
      vertex 80.6737 0.61 8.1472
    endloop
  endfacet
  facet normal -0.951953 -0 -0.306244
    outer loop
      vertex 80.6324 0.61 8.27558
      vertex 80.6737 0 8.1472
      vertex 80.6324 0 8.27558
    endloop
  endfacet
  facet normal -0.923826 0 -0.382811
    outer loop
      vertex 80.6324 0 8.27558
      vertex 80.5819 0.61 8.39745
      vertex 80.6324 0.61 8.27558
    endloop
  endfacet
  facet normal -0.923826 -0 -0.382811
    outer loop
      vertex 80.5819 0.61 8.39745
      vertex 80.6324 0 8.27558
      vertex 80.5819 0 8.39745
    endloop
  endfacet
  facet normal -0.888169 0 -0.459517
    outer loop
      vertex 80.5819 0 8.39745
      vertex 80.5222 0.61 8.51284
      vertex 80.5819 0.61 8.39745
    endloop
  endfacet
  facet normal -0.888169 -0 -0.459517
    outer loop
      vertex 80.5222 0.61 8.51284
      vertex 80.5819 0 8.39745
      vertex 80.5222 0 8.51284
    endloop
  endfacet
  facet normal -0.845415 0 -0.53411
    outer loop
      vertex 80.5222 0 8.51284
      vertex 80.4534 0.61 8.62174
      vertex 80.5222 0.61 8.51284
    endloop
  endfacet
  facet normal -0.845415 -0 -0.53411
    outer loop
      vertex 80.4534 0.61 8.62174
      vertex 80.5222 0 8.51284
      vertex 80.4534 0 8.62174
    endloop
  endfacet
  facet normal -0.795157 0 -0.606403
    outer loop
      vertex 80.4534 0 8.62174
      vertex 80.3753 0.61 8.72415
      vertex 80.4534 0.61 8.62174
    endloop
  endfacet
  facet normal -0.795157 -0 -0.606403
    outer loop
      vertex 80.3753 0.61 8.72415
      vertex 80.4534 0 8.62174
      vertex 80.3753 0 8.72415
    endloop
  endfacet
  facet normal -0.73994 0 -0.672673
    outer loop
      vertex 80.3753 0 8.72415
      vertex 80.2881 0.61 8.82007
      vertex 80.3753 0.61 8.72415
    endloop
  endfacet
  facet normal -0.73994 -0 -0.672673
    outer loop
      vertex 80.2881 0.61 8.82007
      vertex 80.3753 0 8.72415
      vertex 80.2881 0 8.82007
    endloop
  endfacet
  facet normal -0.680107 0 -0.733113
    outer loop
      vertex 80.1917 0 8.9095
      vertex 80.2881 0.61 8.82007
      vertex 80.2881 0 8.82007
    endloop
  endfacet
  facet normal -0.680107 0 -0.733113
    outer loop
      vertex 80.2881 0.61 8.82007
      vertex 80.1917 0 8.9095
      vertex 80.1917 0.61 8.9095
    endloop
  endfacet
  facet normal -0.617073 0 -0.786906
    outer loop
      vertex 80.0868 0 8.99176
      vertex 80.1917 0.61 8.9095
      vertex 80.1917 0 8.9095
    endloop
  endfacet
  facet normal -0.617073 0 -0.786906
    outer loop
      vertex 80.1917 0.61 8.9095
      vertex 80.0868 0 8.99176
      vertex 80.0868 0.61 8.99176
    endloop
  endfacet
  facet normal -0.551141 0 -0.834412
    outer loop
      vertex 79.9741 0 9.0662
      vertex 80.0868 0.61 8.99176
      vertex 80.0868 0 8.99176
    endloop
  endfacet
  facet normal -0.551141 0 -0.834412
    outer loop
      vertex 80.0868 0.61 8.99176
      vertex 79.9741 0 9.0662
      vertex 79.9741 0.61 9.0662
    endloop
  endfacet
  facet normal -0.483311 0 -0.875448
    outer loop
      vertex 79.8535 0 9.13278
      vertex 79.9741 0.61 9.0662
      vertex 79.9741 0 9.0662
    endloop
  endfacet
  facet normal -0.483311 0 -0.875448
    outer loop
      vertex 79.9741 0.61 9.0662
      vertex 79.8535 0 9.13278
      vertex 79.8535 0.61 9.13278
    endloop
  endfacet
  facet normal -0.416455 0 -0.909157
    outer loop
      vertex 79.7252 0 9.19155
      vertex 79.8535 0.61 9.13278
      vertex 79.8535 0 9.13278
    endloop
  endfacet
  facet normal -0.416455 0 -0.909157
    outer loop
      vertex 79.8535 0.61 9.13278
      vertex 79.7252 0 9.19155
      vertex 79.7252 0.61 9.19155
    endloop
  endfacet
  facet normal -0.349963 0 -0.936763
    outer loop
      vertex 79.5889 0 9.24247
      vertex 79.7252 0.61 9.19155
      vertex 79.7252 0 9.19155
    endloop
  endfacet
  facet normal -0.349963 0 -0.936763
    outer loop
      vertex 79.7252 0.61 9.19155
      vertex 79.5889 0 9.24247
      vertex 79.5889 0.61 9.24247
    endloop
  endfacet
  facet normal -0.286676 0 -0.958027
    outer loop
      vertex 79.4449 0 9.28556
      vertex 79.5889 0.61 9.24247
      vertex 79.5889 0 9.24247
    endloop
  endfacet
  facet normal -0.286676 0 -0.958027
    outer loop
      vertex 79.5889 0.61 9.24247
      vertex 79.4449 0 9.28556
      vertex 79.4449 0.61 9.28556
    endloop
  endfacet
  facet normal -0.226114 0 -0.974101
    outer loop
      vertex 79.293 0 9.32082
      vertex 79.4449 0.61 9.28556
      vertex 79.4449 0 9.28556
    endloop
  endfacet
  facet normal -0.226114 0 -0.974101
    outer loop
      vertex 79.4449 0.61 9.28556
      vertex 79.293 0 9.32082
      vertex 79.293 0.61 9.32082
    endloop
  endfacet
  facet normal -0.169118 0 -0.985596
    outer loop
      vertex 79.1332 0 9.34824
      vertex 79.293 0.61 9.32082
      vertex 79.293 0 9.32082
    endloop
  endfacet
  facet normal -0.169118 0 -0.985596
    outer loop
      vertex 79.293 0.61 9.32082
      vertex 79.1332 0 9.34824
      vertex 79.1332 0.61 9.34824
    endloop
  endfacet
  facet normal -0.116163 0 -0.99323
    outer loop
      vertex 78.9657 0 9.36783
      vertex 79.1332 0.61 9.34824
      vertex 79.1332 0 9.34824
    endloop
  endfacet
  facet normal -0.116163 0 -0.99323
    outer loop
      vertex 79.1332 0.61 9.34824
      vertex 78.9657 0 9.36783
      vertex 78.9657 0.61 9.36783
    endloop
  endfacet
  facet normal -0.0668399 0 -0.997764
    outer loop
      vertex 78.7903 0 9.37958
      vertex 78.9657 0.61 9.36783
      vertex 78.9657 0 9.36783
    endloop
  endfacet
  facet normal -0.0668399 0 -0.997764
    outer loop
      vertex 78.9657 0.61 9.36783
      vertex 78.7903 0 9.37958
      vertex 78.7903 0.61 9.37958
    endloop
  endfacet
  facet normal -0.0213808 0 -0.999771
    outer loop
      vertex 78.607 0 9.3835
      vertex 78.7903 0.61 9.37958
      vertex 78.7903 0 9.37958
    endloop
  endfacet
  facet normal -0.0213808 0 -0.999771
    outer loop
      vertex 78.7903 0.61 9.37958
      vertex 78.607 0 9.3835
      vertex 78.607 0.61 9.3835
    endloop
  endfacet
  facet normal 0 0 -1
    outer loop
      vertex 76.0314 0 9.3835
      vertex 78.607 0.61 9.3835
      vertex 78.607 0 9.3835
    endloop
  endfacet
  facet normal -0 0 -1
    outer loop
      vertex 78.607 0.61 9.3835
      vertex 76.0314 0 9.3835
      vertex 76.0314 0.61 9.3835
    endloop
  endfacet
  facet normal 1 -0 0
    outer loop
      vertex 76.0314 0 9.3835
      vertex 76.0314 0.61 3.65064
      vertex 76.0314 0.61 9.3835
    endloop
  endfacet
  facet normal 1 0 0
    outer loop
      vertex 76.0314 0.61 3.65064
      vertex 76.0314 0 9.3835
      vertex 76.0314 0 3.65064
    endloop
  endfacet
  facet normal -0 0 1
    outer loop
      vertex 76.0314 0.61 3.65064
      vertex 77.2318 0 3.65064
      vertex 77.2318 0.61 3.65064
    endloop
  endfacet
  facet normal 0 0 1
    outer loop
      vertex 77.2318 0 3.65064
      vertex 76.0314 0.61 3.65064
      vertex 76.0314 0 3.65064
    endloop
  endfacet
  facet normal -1 0 0
    outer loop
      vertex 77.2318 0 3.65064
      vertex 77.2318 0.61 5.66873
      vertex 77.2318 0.61 3.65064
    endloop
  endfacet
  facet normal -1 -0 0
    outer loop
      vertex 77.2318 0.61 5.66873
      vertex 77.2318 0 3.65064
      vertex 77.2318 0 5.66873
    endloop
  endfacet
  facet normal -1 0 0
    outer loop
      vertex 77.2318 0 6.5923
      vertex 77.2318 0.61 8.45175
      vertex 77.2318 0.61 6.5923
    endloop
  endfacet
  facet normal -1 -0 0
    outer loop
      vertex 77.2318 0.61 8.45175
      vertex 77.2318 0 6.5923
      vertex 77.2318 0 8.45175
    endloop
  endfacet
  facet normal -0 0 1
    outer loop
      vertex 77.2318 0.61 8.45175
      vertex 78.4727 0 8.45175
      vertex 78.4727 0.61 8.45175
    endloop
  endfacet
  facet normal 0 0 1
    outer loop
      vertex 78.4727 0 8.45175
      vertex 77.2318 0.61 8.45175
      vertex 77.2318 0 8.45175
    endloop
  endfacet
  facet normal 0.0402916 0 0.999188
    outer loop
      vertex 78.4727 0.61 8.45175
      vertex 78.6577 0 8.44429
      vertex 78.6577 0.61 8.44429
    endloop
  endfacet
  facet normal 0.0402916 0 0.999188
    outer loop
      vertex 78.6577 0 8.44429
      vertex 78.4727 0.61 8.45175
      vertex 78.4727 0 8.45175
    endloop
  endfacet
  facet normal 0.132629 0 0.991166
    outer loop
      vertex 78.6577 0.61 8.44429
      vertex 78.8251 0 8.42189
      vertex 78.8251 0.61 8.42189
    endloop
  endfacet
  facet normal 0.132629 0 0.991166
    outer loop
      vertex 78.8251 0 8.42189
      vertex 78.6577 0.61 8.44429
      vertex 78.6577 0 8.44429
    endloop
  endfacet
  facet normal 0.241743 0 0.97034
    outer loop
      vertex 78.8251 0.61 8.42189
      vertex 78.9749 0 8.38457
      vertex 78.9749 0.61 8.38457
    endloop
  endfacet
  facet normal 0.241743 0 0.97034
    outer loop
      vertex 78.9749 0 8.38457
      vertex 78.8251 0.61 8.42189
      vertex 78.8251 0 8.42189
    endloop
  endfacet
  facet normal 0.367628 0 0.929973
    outer loop
      vertex 78.9749 0.61 8.38457
      vertex 79.1071 0 8.33231
      vertex 79.1071 0.61 8.33231
    endloop
  endfacet
  facet normal 0.367628 0 0.929973
    outer loop
      vertex 79.1071 0 8.33231
      vertex 78.9749 0.61 8.38457
      vertex 78.9749 0 8.38457
    endloop
  endfacet
  facet normal 0.506108 0 0.86247
    outer loop
      vertex 79.1071 0.61 8.33231
      vertex 79.2216 0 8.26512
      vertex 79.2216 0.61 8.26512
    endloop
  endfacet
  facet normal 0.506108 0 0.86247
    outer loop
      vertex 79.2216 0 8.26512
      vertex 79.1071 0.61 8.33231
      vertex 79.1071 0 8.33231
    endloop
  endfacet
  facet normal 0.646528 0 0.76289
    outer loop
      vertex 79.2216 0.61 8.26512
      vertex 79.3185 0 8.183
      vertex 79.3185 0.61 8.183
    endloop
  endfacet
  facet normal 0.646528 0 0.76289
    outer loop
      vertex 79.3185 0 8.183
      vertex 79.2216 0.61 8.26512
      vertex 79.2216 0 8.26512
    endloop
  endfacet
  facet normal 0.774334 -0 0.632777
    outer loop
      vertex 79.3185 0 8.183
      vertex 79.3978 0.61 8.08596
      vertex 79.3185 0.61 8.183
    endloop
  endfacet
  facet normal 0.774334 0 0.632777
    outer loop
      vertex 79.3978 0.61 8.08596
      vertex 79.3185 0 8.183
      vertex 79.3978 0 8.08596
    endloop
  endfacet
  facet normal 0.875867 -0 0.482552
    outer loop
      vertex 79.3978 0 8.08596
      vertex 79.4595 0.61 7.97397
      vertex 79.3978 0.61 8.08596
    endloop
  endfacet
  facet normal 0.875867 0 0.482552
    outer loop
      vertex 79.4595 0.61 7.97397
      vertex 79.3978 0 8.08596
      vertex 79.4595 0 7.97397
    endloop
  endfacet
  facet normal 0.944826 -0 0.327573
    outer loop
      vertex 79.4595 0 7.97397
      vertex 79.5035 0.61 7.84706
      vertex 79.4595 0.61 7.97397
    endloop
  endfacet
  facet normal 0.944826 0 0.327573
    outer loop
      vertex 79.5035 0.61 7.84706
      vertex 79.4595 0 7.97397
      vertex 79.5035 0 7.84706
    endloop
  endfacet
  facet normal 0.983114 -0 0.182995
    outer loop
      vertex 79.5035 0 7.84706
      vertex 79.5299 0.61 7.70523
      vertex 79.5035 0.61 7.84706
    endloop
  endfacet
  facet normal 0.983114 0 0.182995
    outer loop
      vertex 79.5299 0.61 7.70523
      vertex 79.5035 0 7.84706
      vertex 79.5299 0 7.70523
    endloop
  endfacet
  facet normal 0.998392 -0 0.0566798
    outer loop
      vertex 79.5299 0 7.70523
      vertex 79.5388 0.61 7.54846
      vertex 79.5299 0.61 7.70523
    endloop
  endfacet
  facet normal 0.998392 0 0.0566798
    outer loop
      vertex 79.5388 0.61 7.54846
      vertex 79.5299 0 7.70523
      vertex 79.5388 0 7.54846
    endloop
  endfacet
  facet normal 0.999612 0 -0.0278578
    outer loop
      vertex 79.5388 0 7.54846
      vertex 79.5365 0.61 7.46593
      vertex 79.5388 0.61 7.54846
    endloop
  endfacet
  facet normal 0.999612 0 -0.0278578
    outer loop
      vertex 79.5365 0.61 7.46593
      vertex 79.5388 0 7.54846
      vertex 79.5365 0 7.46593
    endloop
  endfacet
  facet normal 0.996522 0 -0.0833276
    outer loop
      vertex 79.5365 0 7.46593
      vertex 79.5299 0.61 7.387
      vertex 79.5365 0.61 7.46593
    endloop
  endfacet
  facet normal 0.996522 0 -0.0833276
    outer loop
      vertex 79.5299 0.61 7.387
      vertex 79.5365 0 7.46593
      vertex 79.5299 0 7.387
    endloop
  endfacet
  facet normal 0.98932 0 -0.145759
    outer loop
      vertex 79.5299 0 7.387
      vertex 79.5188 0.61 7.31166
      vertex 79.5299 0.61 7.387
    endloop
  endfacet
  facet normal 0.98932 0 -0.145759
    outer loop
      vertex 79.5188 0.61 7.31166
      vertex 79.5299 0 7.387
      vertex 79.5188 0 7.31166
    endloop
  endfacet
  facet normal 0.977164 0 -0.212486
    outer loop
      vertex 79.5188 0 7.31166
      vertex 79.5032 0.61 7.23992
      vertex 79.5188 0.61 7.31166
    endloop
  endfacet
  facet normal 0.977164 0 -0.212486
    outer loop
      vertex 79.5032 0.61 7.23992
      vertex 79.5188 0 7.31166
      vertex 79.5032 0 7.23992
    endloop
  endfacet
  facet normal 0.959891 0 -0.280373
    outer loop
      vertex 79.5032 0 7.23992
      vertex 79.4833 0.61 7.17179
      vertex 79.5032 0.61 7.23992
    endloop
  endfacet
  facet normal 0.959891 0 -0.280373
    outer loop
      vertex 79.4833 0.61 7.17179
      vertex 79.5032 0 7.23992
      vertex 79.4833 0 7.17179
    endloop
  endfacet
  facet normal 0.934923 0 -0.354851
    outer loop
      vertex 79.4833 0 7.17179
      vertex 79.4588 0.61 7.10724
      vertex 79.4833 0.61 7.17179
    endloop
  endfacet
  facet normal 0.934923 0 -0.354851
    outer loop
      vertex 79.4588 0.61 7.10724
      vertex 79.4833 0 7.17179
      vertex 79.4588 0 7.10724
    endloop
  endfacet
  facet normal 0.904118 0 -0.427283
    outer loop
      vertex 79.4588 0 7.10724
      vertex 79.43 0.61 7.0463
      vertex 79.4588 0.61 7.10724
    endloop
  endfacet
  facet normal 0.904118 0 -0.427283
    outer loop
      vertex 79.43 0.61 7.0463
      vertex 79.4588 0 7.10724
      vertex 79.43 0 7.0463
    endloop
  endfacet
  facet normal 0.864827 0 -0.50207
    outer loop
      vertex 79.43 0 7.0463
      vertex 79.3967 0.61 6.98894
      vertex 79.43 0.61 7.0463
    endloop
  endfacet
  facet normal 0.864827 0 -0.50207
    outer loop
      vertex 79.3967 0.61 6.98894
      vertex 79.43 0 7.0463
      vertex 79.3967 0 6.98894
    endloop
  endfacet
  facet normal 0.818645 0 -0.5743
    outer loop
      vertex 79.3967 0 6.98894
      vertex 79.359 0.61 6.9352
      vertex 79.3967 0.61 6.98894
    endloop
  endfacet
  facet normal 0.818645 0 -0.5743
    outer loop
      vertex 79.359 0.61 6.9352
      vertex 79.3967 0 6.98894
      vertex 79.359 0 6.9352
    endloop
  endfacet
  facet normal 0.765212 0 -0.643779
    outer loop
      vertex 79.359 0 6.9352
      vertex 79.3168 0.61 6.88504
      vertex 79.359 0.61 6.9352
    endloop
  endfacet
  facet normal 0.765212 0 -0.643779
    outer loop
      vertex 79.3168 0.61 6.88504
      vertex 79.359 0 6.9352
      vertex 79.3168 0 6.88504
    endloop
  endfacet
  facet normal 0.706879 0 -0.707334
    outer loop
      vertex 79.2702 0 6.83847
      vertex 79.3168 0.61 6.88504
      vertex 79.3168 0 6.88504
    endloop
  endfacet
  facet normal 0.706879 0 -0.707334
    outer loop
      vertex 79.3168 0.61 6.88504
      vertex 79.2702 0 6.83847
      vertex 79.2702 0.61 6.83847
    endloop
  endfacet
  facet normal 0.644359 0 -0.764723
    outer loop
      vertex 79.2195 0 6.79575
      vertex 79.2702 0.61 6.83847
      vertex 79.2702 0 6.83847
    endloop
  endfacet
  facet normal 0.644359 0 -0.764723
    outer loop
      vertex 79.2702 0.61 6.83847
      vertex 79.2195 0 6.79575
      vertex 79.2195 0.61 6.79575
    endloop
  endfacet
  facet normal 0.578474 0 -0.815701
    outer loop
      vertex 79.165 0 6.7571
      vertex 79.2195 0.61 6.79575
      vertex 79.2195 0 6.79575
    endloop
  endfacet
  facet normal 0.578474 0 -0.815701
    outer loop
      vertex 79.2195 0.61 6.79575
      vertex 79.165 0 6.7571
      vertex 79.165 0.61 6.7571
    endloop
  endfacet
  facet normal 0.510907 0 -0.859636
    outer loop
      vertex 79.1068 0 6.72251
      vertex 79.165 0.61 6.7571
      vertex 79.165 0 6.7571
    endloop
  endfacet
  facet normal 0.510907 0 -0.859636
    outer loop
      vertex 79.165 0.61 6.7571
      vertex 79.1068 0 6.72251
      vertex 79.1068 0.61 6.72251
    endloop
  endfacet
  facet normal 0.441648 0 -0.897188
    outer loop
      vertex 79.0448 0 6.69199
      vertex 79.1068 0.61 6.72251
      vertex 79.1068 0 6.72251
    endloop
  endfacet
  facet normal 0.441648 0 -0.897188
    outer loop
      vertex 79.1068 0.61 6.72251
      vertex 79.0448 0 6.69199
      vertex 79.0448 0.61 6.69199
    endloop
  endfacet
  facet normal 0.372849 0 -0.927892
    outer loop
      vertex 78.979 0 6.66555
      vertex 79.0448 0.61 6.69199
      vertex 79.0448 0 6.69199
    endloop
  endfacet
  facet normal 0.372849 0 -0.927892
    outer loop
      vertex 79.0448 0.61 6.69199
      vertex 78.979 0 6.66555
      vertex 78.979 0.61 6.66555
    endloop
  endfacet
  facet normal 0.306239 0 -0.951955
    outer loop
      vertex 78.9094 0 6.64316
      vertex 78.979 0.61 6.66555
      vertex 78.979 0 6.66555
    endloop
  endfacet
  facet normal 0.306239 0 -0.951955
    outer loop
      vertex 78.979 0.61 6.66555
      vertex 78.9094 0 6.64316
      vertex 78.9094 0.61 6.64316
    endloop
  endfacet
  facet normal 0.242349 0 -0.970189
    outer loop
      vertex 78.8361 0 6.62485
      vertex 78.9094 0.61 6.64316
      vertex 78.9094 0 6.64316
    endloop
  endfacet
  facet normal 0.242349 0 -0.970189
    outer loop
      vertex 78.9094 0.61 6.64316
      vertex 78.8361 0 6.62485
      vertex 78.8361 0.61 6.62485
    endloop
  endfacet
  facet normal 0.181851 0 -0.983326
    outer loop
      vertex 78.7591 0 6.61061
      vertex 78.8361 0.61 6.62485
      vertex 78.8361 0 6.62485
    endloop
  endfacet
  facet normal 0.181851 0 -0.983326
    outer loop
      vertex 78.8361 0.61 6.62485
      vertex 78.7591 0 6.61061
      vertex 78.7591 0.61 6.61061
    endloop
  endfacet
  facet normal 0.124729 0 -0.992191
    outer loop
      vertex 78.6782 0 6.60044
      vertex 78.7591 0.61 6.61061
      vertex 78.7591 0 6.61061
    endloop
  endfacet
  facet normal 0.124729 0 -0.992191
    outer loop
      vertex 78.7591 0.61 6.61061
      vertex 78.6782 0 6.60044
      vertex 78.6782 0.61 6.60044
    endloop
  endfacet
  facet normal 0.0720346 0 -0.997402
    outer loop
      vertex 78.5936 0 6.59433
      vertex 78.6782 0.61 6.60044
      vertex 78.6782 0 6.60044
    endloop
  endfacet
  facet normal 0.0720346 0 -0.997402
    outer loop
      vertex 78.6782 0.61 6.60044
      vertex 78.5936 0 6.59433
      vertex 78.5936 0.61 6.59433
    endloop
  endfacet
  facet normal 0.0229577 0 -0.999736
    outer loop
      vertex 78.5052 0 6.5923
      vertex 78.5936 0.61 6.59433
      vertex 78.5936 0 6.59433
    endloop
  endfacet
  facet normal 0.0229577 0 -0.999736
    outer loop
      vertex 78.5936 0.61 6.59433
      vertex 78.5052 0 6.5923
      vertex 78.5052 0.61 6.5923
    endloop
  endfacet
  facet normal 0 0 -1
    outer loop
      vertex 77.2318 0 6.5923
      vertex 78.5052 0.61 6.5923
      vertex 78.5052 0 6.5923
    endloop
  endfacet
  facet normal -0 0 -1
    outer loop
      vertex 78.5052 0.61 6.5923
      vertex 77.2318 0 6.5923
      vertex 77.2318 0.61 6.5923
    endloop
  endfacet
  facet normal 0 0 -1
    outer loop
      vertex 86.7003 0 4.50101
      vertex 88.0145 0.61 4.50101
      vertex 88.0145 0 4.50101
    endloop
  endfacet
  facet normal -0 0 -1
    outer loop
      vertex 88.0145 0.61 4.50101
      vertex 86.7003 0 4.50101
      vertex 86.7003 0.61 4.50101
    endloop
  endfacet
  facet normal -1 0 0
    outer loop
      vertex 86.7003 0 4.50101
      vertex 86.7003 0.61 9.3835
      vertex 86.7003 0.61 4.50101
    endloop
  endfacet
  facet normal -1 -0 0
    outer loop
      vertex 86.7003 0.61 9.3835
      vertex 86.7003 0 4.50101
      vertex 86.7003 0 9.3835
    endloop
  endfacet
  facet normal 0 0 -1
    outer loop
      vertex 85.618 0 9.3835
      vertex 86.7003 0.61 9.3835
      vertex 86.7003 0 9.3835
    endloop
  endfacet
  facet normal -0 0 -1
    outer loop
      vertex 86.7003 0.61 9.3835
      vertex 85.618 0 9.3835
      vertex 85.618 0.61 9.3835
    endloop
  endfacet
  facet normal 0.544231 0 -0.838936
    outer loop
      vertex 84.1817 0 8.45175
      vertex 85.618 0.61 9.3835
      vertex 85.618 0 9.3835
    endloop
  endfacet
  facet normal 0.544231 0 -0.838936
    outer loop
      vertex 85.618 0.61 9.3835
      vertex 84.1817 0 8.45175
      vertex 84.1817 0.61 8.45175
    endloop
  endfacet
  facet normal 1 -0 0
    outer loop
      vertex 84.1817 0 8.45175
      vertex 84.1817 0.61 7.55254
      vertex 84.1817 0.61 8.45175
    endloop
  endfacet
  facet normal 1 0 0
    outer loop
      vertex 84.1817 0.61 7.55254
      vertex 84.1817 0 8.45175
      vertex 84.1817 0 7.55254
    endloop
  endfacet
  facet normal -0.529569 0 0.848267
    outer loop
      vertex 84.1817 0.61 7.55254
      vertex 85.5569 0 8.41107
      vertex 85.5569 0.61 8.41107
    endloop
  endfacet
  facet normal -0.529569 0 0.848267
    outer loop
      vertex 85.5569 0 8.41107
      vertex 84.1817 0.61 7.55254
      vertex 84.1817 0 7.55254
    endloop
  endfacet
  facet normal 1 -0 0
    outer loop
      vertex 85.5569 0 8.41107
      vertex 85.5569 0.61 4.50101
      vertex 85.5569 0.61 8.41107
    endloop
  endfacet
  facet normal 1 0 0
    outer loop
      vertex 85.5569 0.61 4.50101
      vertex 85.5569 0 8.41107
      vertex 85.5569 0 4.50101
    endloop
  endfacet
  facet normal 0 0 -1
    outer loop
      vertex 84.1369 0 4.50101
      vertex 85.5569 0.61 4.50101
      vertex 85.5569 0 4.50101
    endloop
  endfacet
  facet normal -0 0 -1
    outer loop
      vertex 85.5569 0.61 4.50101
      vertex 84.1369 0 4.50101
      vertex 84.1369 0.61 4.50101
    endloop
  endfacet
  facet normal 1 -0 0
    outer loop
      vertex 84.1369 0 4.50101
      vertex 84.1369 0.61 3.65064
      vertex 84.1369 0.61 4.50101
    endloop
  endfacet
  facet normal 1 0 0
    outer loop
      vertex 84.1369 0.61 3.65064
      vertex 84.1369 0 4.50101
      vertex 84.1369 0 3.65064
    endloop
  endfacet
  facet normal -0 0 1
    outer loop
      vertex 84.1369 0.61 3.65064
      vertex 88.0145 0 3.65064
      vertex 88.0145 0.61 3.65064
    endloop
  endfacet
  facet normal 0 0 1
    outer loop
      vertex 88.0145 0 3.65064
      vertex 84.1369 0.61 3.65064
      vertex 84.1369 0 3.65064
    endloop
  endfacet
  facet normal -1 0 0
    outer loop
      vertex 88.0145 0 3.65064
      vertex 88.0145 0.61 4.50101
      vertex 88.0145 0.61 3.65064
    endloop
  endfacet
  facet normal -1 -0 0
    outer loop
      vertex 88.0145 0.61 4.50101
      vertex 88.0145 0 3.65064
      vertex 88.0145 0 4.50101
    endloop
  endfacet
  facet normal -0 0 1
    outer loop
      vertex 91.9627 0.61 4.81835
      vertex 92.7276 0 4.81835
      vertex 92.7276 0.61 4.81835
    endloop
  endfacet
  facet normal 0 0 1
    outer loop
      vertex 92.7276 0 4.81835
      vertex 91.9627 0.61 4.81835
      vertex 91.9627 0 4.81835
    endloop
  endfacet
  facet normal -1 0 0
    outer loop
      vertex 92.7276 0 4.81835
      vertex 92.7276 0.61 5.66873
      vertex 92.7276 0.61 4.81835
    endloop
  endfacet
  facet normal -1 -0 0
    outer loop
      vertex 92.7276 0.61 5.66873
      vertex 92.7276 0 4.81835
      vertex 92.7276 0 5.66873
    endloop
  endfacet
  facet normal 0 0 -1
    outer loop
      vertex 91.9627 0 5.66873
      vertex 92.7276 0.61 5.66873
      vertex 92.7276 0 5.66873
    endloop
  endfacet
  facet normal -0 0 -1
    outer loop
      vertex 92.7276 0.61 5.66873
      vertex 91.9627 0 5.66873
      vertex 91.9627 0.61 5.66873
    endloop
  endfacet
  facet normal -1 0 0
    outer loop
      vertex 91.9627 0 5.66873
      vertex 91.9627 0.61 9.3835
      vertex 91.9627 0.61 5.66873
    endloop
  endfacet
  facet normal -1 -0 0
    outer loop
      vertex 91.9627 0.61 9.3835
      vertex 91.9627 0 5.66873
      vertex 91.9627 0 9.3835
    endloop
  endfacet
  facet normal 0 0 -1
    outer loop
      vertex 90.6851 0 9.3835
      vertex 91.9627 0.61 9.3835
      vertex 91.9627 0 9.3835
    endloop
  endfacet
  facet normal -0 0 -1
    outer loop
      vertex 91.9627 0.61 9.3835
      vertex 90.6851 0 9.3835
      vertex 90.6851 0.61 9.3835
    endloop
  endfacet
  facet normal 0.837233 0 -0.546846
    outer loop
      vertex 90.6851 0 9.3835
      vertex 88.2641 0.61 5.6769
      vertex 90.6851 0.61 9.3835
    endloop
  endfacet
  facet normal 0.837233 0 -0.546846
    outer loop
      vertex 88.2641 0.61 5.6769
      vertex 90.6851 0 9.3835
      vertex 88.2641 0 5.6769
    endloop
  endfacet
  facet normal 1 -0 0
    outer loop
      vertex 88.2641 0 5.6769
      vertex 88.2641 0.61 4.81835
      vertex 88.2641 0.61 5.6769
    endloop
  endfacet
  facet normal 1 0 0
    outer loop
      vertex 88.2641 0.61 4.81835
      vertex 88.2641 0 5.6769
      vertex 88.2641 0 4.81835
    endloop
  endfacet
  facet normal -0 0 1
    outer loop
      vertex 88.2641 0.61 4.81835
      vertex 90.8722 0 4.81835
      vertex 90.8722 0.61 4.81835
    endloop
  endfacet
  facet normal 0 0 1
    outer loop
      vertex 90.8722 0 4.81835
      vertex 88.2641 0.61 4.81835
      vertex 88.2641 0 4.81835
    endloop
  endfacet
  facet normal 1 -0 0
    outer loop
      vertex 90.8722 0 4.81835
      vertex 90.8722 0.61 3.65064
      vertex 90.8722 0.61 4.81835
    endloop
  endfacet
  facet normal 1 0 0
    outer loop
      vertex 90.8722 0.61 3.65064
      vertex 90.8722 0 4.81835
      vertex 90.8722 0 3.65064
    endloop
  endfacet
  facet normal -0 0 1
    outer loop
      vertex 90.8722 0.61 3.65064
      vertex 91.9627 0 3.65064
      vertex 91.9627 0.61 3.65064
    endloop
  endfacet
  facet normal 0 0 1
    outer loop
      vertex 91.9627 0 3.65064
      vertex 90.8722 0.61 3.65064
      vertex 90.8722 0 3.65064
    endloop
  endfacet
  facet normal -1 0 0
    outer loop
      vertex 91.9627 0 3.65064
      vertex 91.9627 0.61 4.81835
      vertex 91.9627 0.61 3.65064
    endloop
  endfacet
  facet normal -1 -0 0
    outer loop
      vertex 91.9627 0.61 4.81835
      vertex 91.9627 0 3.65064
      vertex 91.9627 0 4.81835
    endloop
  endfacet
  facet normal -0.835392 0 0.549654
    outer loop
      vertex 89.1959 0 5.66873
      vertex 90.5264 0.61 7.69089
      vertex 89.1959 0.61 5.66873
    endloop
  endfacet
  facet normal -0.835392 0 0.549654
    outer loop
      vertex 90.5264 0.61 7.69089
      vertex 89.1959 0 5.66873
      vertex 90.5264 0 7.69089
    endloop
  endfacet
  facet normal -0.843336 0 0.537387
    outer loop
      vertex 90.5264 0 7.69089
      vertex 90.5753 0.61 7.76763
      vertex 90.5264 0.61 7.69089
    endloop
  endfacet
  facet normal -0.843336 0 0.537387
    outer loop
      vertex 90.5753 0.61 7.76763
      vertex 90.5264 0 7.69089
      vertex 90.5753 0 7.76763
    endloop
  endfacet
  facet normal -0.847284 0 0.53114
    outer loop
      vertex 90.5753 0 7.76763
      vertex 90.6213 0.61 7.84101
      vertex 90.5753 0.61 7.76763
    endloop
  endfacet
  facet normal -0.847284 0 0.53114
    outer loop
      vertex 90.6213 0.61 7.84101
      vertex 90.5753 0 7.76763
      vertex 90.6213 0 7.84101
    endloop
  endfacet
  facet normal -0.850446 0 0.526062
    outer loop
      vertex 90.6213 0 7.84101
      vertex 90.6646 0.61 7.91101
      vertex 90.6213 0.61 7.84101
    endloop
  endfacet
  facet normal -0.850446 0 0.526062
    outer loop
      vertex 90.6646 0.61 7.91101
      vertex 90.6213 0 7.84101
      vertex 90.6646 0 7.91101
    endloop
  endfacet
  facet normal -0.855129 0 0.518415
    outer loop
      vertex 90.6646 0 7.91101
      vertex 90.705 0.61 7.97765
      vertex 90.6646 0.61 7.91101
    endloop
  endfacet
  facet normal -0.855129 0 0.518415
    outer loop
      vertex 90.705 0.61 7.97765
      vertex 90.6646 0 7.91101
      vertex 90.705 0 7.97765
    endloop
  endfacet
  facet normal -0.859691 0 0.510815
    outer loop
      vertex 90.705 0 7.97765
      vertex 90.7426 0.61 8.04093
      vertex 90.705 0.61 7.97765
    endloop
  endfacet
  facet normal -0.859691 0 0.510815
    outer loop
      vertex 90.7426 0.61 8.04093
      vertex 90.705 0 7.97765
      vertex 90.7426 0 8.04093
    endloop
  endfacet
  facet normal -0.865367 0 0.501139
    outer loop
      vertex 90.7426 0 8.04093
      vertex 90.7773 0.61 8.10085
      vertex 90.7426 0.61 8.04093
    endloop
  endfacet
  facet normal -0.865367 0 0.501139
    outer loop
      vertex 90.7773 0.61 8.10085
      vertex 90.7426 0 8.04093
      vertex 90.7773 0 8.10085
    endloop
  endfacet
  facet normal -0.870356 0 0.492422
    outer loop
      vertex 90.7773 0 8.10085
      vertex 90.8093 0.61 8.15741
      vertex 90.7773 0.61 8.10085
    endloop
  endfacet
  facet normal -0.870356 0 0.492422
    outer loop
      vertex 90.8093 0.61 8.15741
      vertex 90.7773 0 8.10085
      vertex 90.8093 0 8.15741
    endloop
  endfacet
  facet normal -0.87729 0 0.479961
    outer loop
      vertex 90.8093 0 8.15741
      vertex 90.8384 0.61 8.2106
      vertex 90.8093 0.61 8.15741
    endloop
  endfacet
  facet normal -0.87729 0 0.479961
    outer loop
      vertex 90.8384 0.61 8.2106
      vertex 90.8093 0 8.15741
      vertex 90.8384 0 8.2106
    endloop
  endfacet
  facet normal -0.88434 0 0.466843
    outer loop
      vertex 90.8384 0 8.2106
      vertex 90.8647 0.61 8.26042
      vertex 90.8384 0.61 8.2106
    endloop
  endfacet
  facet normal -0.88434 0 0.466843
    outer loop
      vertex 90.8647 0.61 8.26042
      vertex 90.8384 0 8.2106
      vertex 90.8647 0 8.26042
    endloop
  endfacet
  facet normal -0.892382 0 0.45128
    outer loop
      vertex 90.8647 0 8.26042
      vertex 90.8882 0.61 8.30689
      vertex 90.8647 0.61 8.26042
    endloop
  endfacet
  facet normal -0.892382 0 0.45128
    outer loop
      vertex 90.8882 0.61 8.30689
      vertex 90.8647 0 8.26042
      vertex 90.8882 0 8.30689
    endloop
  endfacet
  facet normal -0.90224 0 0.431233
    outer loop
      vertex 90.8882 0 8.30689
      vertex 90.9088 0.61 8.34999
      vertex 90.8882 0.61 8.30689
    endloop
  endfacet
  facet normal -0.90224 0 0.431233
    outer loop
      vertex 90.9088 0.61 8.34999
      vertex 90.8882 0 8.30689
      vertex 90.9088 0 8.34999
    endloop
  endfacet
  facet normal 0.99491 0 -0.100767
    outer loop
      vertex 90.9088 0 8.34999
      vertex 90.9073 0.61 8.33518
      vertex 90.9088 0.61 8.34999
    endloop
  endfacet
  facet normal 0.99491 0 -0.100767
    outer loop
      vertex 90.9073 0.61 8.33518
      vertex 90.9088 0 8.34999
      vertex 90.9073 0 8.33518
    endloop
  endfacet
  facet normal 0.996011 0 -0.0892283
    outer loop
      vertex 90.9073 0 8.33518
      vertex 90.9057 0.61 8.31732
      vertex 90.9073 0.61 8.33518
    endloop
  endfacet
  facet normal 0.996011 0 -0.0892283
    outer loop
      vertex 90.9057 0.61 8.31732
      vertex 90.9073 0 8.33518
      vertex 90.9057 0 8.31732
    endloop
  endfacet
  facet normal 0.996301 0 -0.0859292
    outer loop
      vertex 90.9057 0 8.31732
      vertex 90.9039 0.61 8.29645
      vertex 90.9057 0.61 8.31732
    endloop
  endfacet
  facet normal 0.996301 0 -0.0859292
    outer loop
      vertex 90.9039 0.61 8.29645
      vertex 90.9057 0 8.31732
      vertex 90.9039 0 8.29645
    endloop
  endfacet
  facet normal 0.997178 0 -0.0750699
    outer loop
      vertex 90.9039 0 8.29645
      vertex 90.9021 0.61 8.27254
      vertex 90.9039 0.61 8.29645
    endloop
  endfacet
  facet normal 0.997178 0 -0.0750699
    outer loop
      vertex 90.9021 0.61 8.27254
      vertex 90.9039 0 8.29645
      vertex 90.9021 0 8.27254
    endloop
  endfacet
  facet normal 0.99752 0 -0.0703783
    outer loop
      vertex 90.9021 0 8.27254
      vertex 90.9002 0.61 8.24561
      vertex 90.9021 0.61 8.27254
    endloop
  endfacet
  facet normal 0.99752 0 -0.0703783
    outer loop
      vertex 90.9002 0.61 8.24561
      vertex 90.9021 0 8.27254
      vertex 90.9002 0 8.24561
    endloop
  endfacet
  facet normal 0.997554 0 -0.0698987
    outer loop
      vertex 90.9002 0 8.24561
      vertex 90.8981 0.61 8.21564
      vertex 90.9002 0.61 8.24561
    endloop
  endfacet
  facet normal 0.997554 0 -0.0698987
    outer loop
      vertex 90.8981 0.61 8.21564
      vertex 90.9002 0 8.24561
      vertex 90.8981 0 8.21564
    endloop
  endfacet
  facet normal 0.99798 0 -0.0635271
    outer loop
      vertex 90.8981 0 8.21564
      vertex 90.896 0.61 8.18265
      vertex 90.8981 0.61 8.21564
    endloop
  endfacet
  facet normal 0.99798 0 -0.0635271
    outer loop
      vertex 90.896 0.61 8.18265
      vertex 90.8981 0 8.21564
      vertex 90.896 0 8.18265
    endloop
  endfacet
  facet normal 0.998139 0 -0.0609804
    outer loop
      vertex 90.896 0 8.18265
      vertex 90.8938 0.61 8.14664
      vertex 90.896 0.61 8.18265
    endloop
  endfacet
  facet normal 0.998139 0 -0.0609804
    outer loop
      vertex 90.8938 0.61 8.14664
      vertex 90.896 0 8.18265
      vertex 90.8938 0 8.14664
    endloop
  endfacet
  facet normal 0.998117 0 -0.0613439
    outer loop
      vertex 90.8938 0 8.14664
      vertex 90.8914 0.61 8.10759
      vertex 90.8938 0.61 8.14664
    endloop
  endfacet
  facet normal 0.998117 0 -0.0613439
    outer loop
      vertex 90.8914 0.61 8.10759
      vertex 90.8938 0 8.14664
      vertex 90.8914 0 8.10759
    endloop
  endfacet
  facet normal 0.998377 0 -0.0569552
    outer loop
      vertex 90.8914 0 8.10759
      vertex 90.889 0.61 8.06552
      vertex 90.8914 0.61 8.10759
    endloop
  endfacet
  facet normal 0.998377 0 -0.0569552
    outer loop
      vertex 90.889 0.61 8.06552
      vertex 90.8914 0 8.10759
      vertex 90.889 0 8.06552
    endloop
  endfacet
  facet normal 0.998342 0 -0.0575541
    outer loop
      vertex 90.889 0 8.06552
      vertex 90.8864 0.61 8.02042
      vertex 90.889 0.61 8.06552
    endloop
  endfacet
  facet normal 0.998342 0 -0.0575541
    outer loop
      vertex 90.8864 0.61 8.02042
      vertex 90.889 0 8.06552
      vertex 90.8864 0 8.02042
    endloop
  endfacet
  facet normal 0.998659 0 -0.0517664
    outer loop
      vertex 90.8864 0 8.02042
      vertex 90.884 0.61 7.97412
      vertex 90.8864 0.61 8.02042
    endloop
  endfacet
  facet normal 0.998659 0 -0.0517664
    outer loop
      vertex 90.884 0.61 7.97412
      vertex 90.8864 0 8.02042
      vertex 90.884 0 7.97412
    endloop
  endfacet
  facet normal 0.998736 0 -0.0502646
    outer loop
      vertex 90.884 0 7.97412
      vertex 90.8817 0.61 7.92842
      vertex 90.884 0.61 7.97412
    endloop
  endfacet
  facet normal 0.998736 0 -0.0502646
    outer loop
      vertex 90.8817 0.61 7.92842
      vertex 90.884 0 7.97412
      vertex 90.8817 0 7.92842
    endloop
  endfacet
  facet normal 0.999018 0 -0.0443122
    outer loop
      vertex 90.8817 0 7.92842
      vertex 90.8797 0.61 7.88333
      vertex 90.8817 0.61 7.92842
    endloop
  endfacet
  facet normal 0.999018 0 -0.0443122
    outer loop
      vertex 90.8797 0.61 7.88333
      vertex 90.8817 0 7.92842
      vertex 90.8797 0 7.88333
    endloop
  endfacet
  facet normal 0.99927 0 -0.0381915
    outer loop
      vertex 90.8797 0 7.88333
      vertex 90.878 0.61 7.83885
      vertex 90.8797 0.61 7.88333
    endloop
  endfacet
  facet normal 0.99927 0 -0.0381915
    outer loop
      vertex 90.878 0.61 7.83885
      vertex 90.8797 0 7.88333
      vertex 90.878 0 7.83885
    endloop
  endfacet
  facet normal 0.999336 0 -0.0364389
    outer loop
      vertex 90.878 0 7.83885
      vertex 90.8764 0.61 7.79497
      vertex 90.878 0.61 7.83885
    endloop
  endfacet
  facet normal 0.999336 0 -0.0364389
    outer loop
      vertex 90.8764 0.61 7.79497
      vertex 90.878 0 7.83885
      vertex 90.8764 0 7.79497
    endloop
  endfacet
  facet normal 0.999616 0 -0.0277222
    outer loop
      vertex 90.8764 0 7.79497
      vertex 90.8752 0.61 7.7517
      vertex 90.8764 0.61 7.79497
    endloop
  endfacet
  facet normal 0.999616 0 -0.0277222
    outer loop
      vertex 90.8752 0.61 7.7517
      vertex 90.8764 0 7.79497
      vertex 90.8752 0 7.7517
    endloop
  endfacet
  facet normal 0.999668 0 -0.0257707
    outer loop
      vertex 90.8752 0 7.7517
      vertex 90.8741 0.61 7.70903
      vertex 90.8752 0.61 7.7517
    endloop
  endfacet
  facet normal 0.999668 0 -0.0257707
    outer loop
      vertex 90.8741 0.61 7.70903
      vertex 90.8752 0 7.7517
      vertex 90.8741 0 7.70903
    endloop
  endfacet
  facet normal 0.999819 0 -0.0190215
    outer loop
      vertex 90.8741 0 7.70903
      vertex 90.8733 0.61 7.66698
      vertex 90.8741 0.61 7.70903
    endloop
  endfacet
  facet normal 0.999819 0 -0.0190215
    outer loop
      vertex 90.8733 0.61 7.66698
      vertex 90.8741 0 7.70903
      vertex 90.8733 0 7.66698
    endloop
  endfacet
  facet normal 0.999895 0 -0.0144703
    outer loop
      vertex 90.8733 0 7.66698
      vertex 90.8727 0.61 7.62552
      vertex 90.8733 0.61 7.66698
    endloop
  endfacet
  facet normal 0.999895 0 -0.0144703
    outer loop
      vertex 90.8727 0.61 7.62552
      vertex 90.8733 0 7.66698
      vertex 90.8727 0 7.62552
    endloop
  endfacet
  facet normal 0.999952 0 -0.00979145
    outer loop
      vertex 90.8727 0 7.62552
      vertex 90.8723 0.61 7.58467
      vertex 90.8727 0.61 7.62552
    endloop
  endfacet
  facet normal 0.999952 0 -0.00979145
    outer loop
      vertex 90.8723 0.61 7.58467
      vertex 90.8727 0 7.62552
      vertex 90.8723 0 7.58467
    endloop
  endfacet
  facet normal 0.999997 0 -0.0024857
    outer loop
      vertex 90.8723 0 7.58467
      vertex 90.8722 0.61 7.54444
      vertex 90.8723 0.61 7.58467
    endloop
  endfacet
  facet normal 0.999997 0 -0.0024857
    outer loop
      vertex 90.8722 0.61 7.54444
      vertex 90.8723 0 7.58467
      vertex 90.8722 0 7.54444
    endloop
  endfacet
  facet normal 1 -0 0
    outer loop
      vertex 90.8722 0 7.54444
      vertex 90.8722 0.61 5.66873
      vertex 90.8722 0.61 7.54444
    endloop
  endfacet
  facet normal 1 0 0
    outer loop
      vertex 90.8722 0.61 5.66873
      vertex 90.8722 0 7.54444
      vertex 90.8722 0 5.66873
    endloop
  endfacet
  facet normal 0 0 -1
    outer loop
      vertex 89.1959 0 5.66873
      vertex 90.8722 0.61 5.66873
      vertex 90.8722 0 5.66873
    endloop
  endfacet
  facet normal -0 0 -1
    outer loop
      vertex 90.8722 0.61 5.66873
      vertex 89.1959 0 5.66873
      vertex 89.1959 0.61 5.66873
    endloop
  endfacet
  facet normal 0 0 -1
    outer loop
      vertex 81.2275 0 6.30756
      vertex 83.3433 0.61 6.30756
      vertex 83.3433 0 6.30756
    endloop
  endfacet
  facet normal -0 0 -1
    outer loop
      vertex 83.3433 0.61 6.30756
      vertex 81.2275 0 6.30756
      vertex 81.2275 0.61 6.30756
    endloop
  endfacet
  facet normal 1 -0 0
    outer loop
      vertex 81.2275 0 6.30756
      vertex 81.2275 0.61 5.31473
      vertex 81.2275 0.61 6.30756
    endloop
  endfacet
  facet normal 1 0 0
    outer loop
      vertex 81.2275 0.61 5.31473
      vertex 81.2275 0 6.30756
      vertex 81.2275 0 5.31473
    endloop
  endfacet
  facet normal -0 0 1
    outer loop
      vertex 81.2275 0.61 5.31473
      vertex 83.3433 0 5.31473
      vertex 83.3433 0.61 5.31473
    endloop
  endfacet
  facet normal 0 0 1
    outer loop
      vertex 83.3433 0 5.31473
      vertex 81.2275 0.61 5.31473
      vertex 81.2275 0 5.31473
    endloop
  endfacet
  facet normal -1 0 0
    outer loop
      vertex 83.3433 0 5.31473
      vertex 83.3433 0.61 6.30756
      vertex 83.3433 0.61 5.31473
    endloop
  endfacet
  facet normal -1 -0 0
    outer loop
      vertex 83.3433 0.61 6.30756
      vertex 83.3433 0 5.31473
      vertex 83.3433 0 6.30756
    endloop
  endfacet
endsolid OpenSCAD_Model
