solid OpenSCAD_Model
  facet normal 1 -0 0
    outer loop
      vertex 18.62 3.2 5.8
      vertex 18.62 156.8 1.8
      vertex 18.62 156.8 5.8
    endloop
  endfacet
  facet normal 1 0 0
    outer loop
      vertex 18.62 156.8 1.8
      vertex 18.62 3.2 5.8
      vertex 18.62 3.2 1.8
    endloop
  endfacet
  facet normal -0 0 1
    outer loop
      vertex 7.12 156.8 5.8
      vertex 18.62 3.2 5.8
      vertex 18.62 156.8 5.8
    endloop
  endfacet
  facet normal 0 0 1
    outer loop
      vertex 18.62 3.2 5.8
      vertex 7.12 156.8 5.8
      vertex 7.12 3.2 5.8
    endloop
  endfacet
  facet normal -1 0 0
    outer loop
      vertex 7.12 3.2 1.8
      vertex 7.12 156.8 5.8
      vertex 7.12 156.8 1.8
    endloop
  endfacet
  facet normal -1 -0 0
    outer loop
      vertex 7.12 156.8 5.8
      vertex 7.12 3.2 1.8
      vertex 7.12 3.2 5.8
    endloop
  endfacet
  facet normal 0 1 -0
    outer loop
      vertex 18.62 156.8 1.8
      vertex 7.12 156.8 5.8
      vertex 18.62 156.8 5.8
    endloop
  endfacet
  facet normal 0 1 0
    outer loop
      vertex 7.12 156.8 5.8
      vertex 18.62 156.8 1.8
      vertex 7.12 156.8 1.8
    endloop
  endfacet
  facet normal 0 -1 0
    outer loop
      vertex 7.12 3.2 1.8
      vertex 18.62 3.2 5.8
      vertex 7.12 3.2 5.8
    endloop
  endfacet
  facet normal 0 -1 -0
    outer loop
      vertex 18.62 3.2 5.8
      vertex 7.12 3.2 1.8
      vertex 18.62 3.2 1.8
    endloop
  endfacet
  facet normal 1 -0 0
    outer loop
      vertex 37.8 3.2 5.8
      vertex 37.8 156.8 1.8
      vertex 37.8 156.8 5.8
    endloop
  endfacet
  facet normal 1 0 0
    outer loop
      vertex 37.8 156.8 1.8
      vertex 37.8 3.2 5.8
      vertex 37.8 3.2 1.8
    endloop
  endfacet
  facet normal -0 0 1
    outer loop
      vertex 26.3 156.8 5.8
      vertex 37.8 3.2 5.8
      vertex 37.8 156.8 5.8
    endloop
  endfacet
  facet normal 0 0 1
    outer loop
      vertex 37.8 3.2 5.8
      vertex 26.3 156.8 5.8
      vertex 26.3 3.2 5.8
    endloop
  endfacet
  facet normal -1 0 0
    outer loop
      vertex 26.3 3.2 1.8
      vertex 26.3 156.8 5.8
      vertex 26.3 156.8 1.8
    endloop
  endfacet
  facet normal -1 -0 0
    outer loop
      vertex 26.3 156.8 5.8
      vertex 26.3 3.2 1.8
      vertex 26.3 3.2 5.8
    endloop
  endfacet
  facet normal 0 1 -0
    outer loop
      vertex 37.8 156.8 1.8
      vertex 26.3 156.8 5.8
      vertex 37.8 156.8 5.8
    endloop
  endfacet
  facet normal 0 1 0
    outer loop
      vertex 26.3 156.8 5.8
      vertex 37.8 156.8 1.8
      vertex 26.3 156.8 1.8
    endloop
  endfacet
  facet normal 0 -1 0
    outer loop
      vertex 26.3 3.2 1.8
      vertex 37.8 3.2 5.8
      vertex 26.3 3.2 5.8
    endloop
  endfacet
  facet normal 0 -1 -0
    outer loop
      vertex 37.8 3.2 5.8
      vertex 26.3 3.2 1.8
      vertex 37.8 3.2 1.8
    endloop
  endfacet
  facet normal 1 -0 0
    outer loop
      vertex 56.98 3.2 5.8
      vertex 56.98 156.8 1.8
      vertex 56.98 156.8 5.8
    endloop
  endfacet
  facet normal 1 0 0
    outer loop
      vertex 56.98 156.8 1.8
      vertex 56.98 3.2 5.8
      vertex 56.98 3.2 1.8
    endloop
  endfacet
  facet normal -0 0 1
    outer loop
      vertex 45.48 156.8 5.8
      vertex 56.98 3.2 5.8
      vertex 56.98 156.8 5.8
    endloop
  endfacet
  facet normal 0 0 1
    outer loop
      vertex 56.98 3.2 5.8
      vertex 45.48 156.8 5.8
      vertex 45.48 3.2 5.8
    endloop
  endfacet
  facet normal -1 0 0
    outer loop
      vertex 45.48 3.2 1.8
      vertex 45.48 156.8 5.8
      vertex 45.48 156.8 1.8
    endloop
  endfacet
  facet normal -1 -0 0
    outer loop
      vertex 45.48 156.8 5.8
      vertex 45.48 3.2 1.8
      vertex 45.48 3.2 5.8
    endloop
  endfacet
  facet normal 0 1 -0
    outer loop
      vertex 56.98 156.8 1.8
      vertex 45.48 156.8 5.8
      vertex 56.98 156.8 5.8
    endloop
  endfacet
  facet normal 0 1 0
    outer loop
      vertex 45.48 156.8 5.8
      vertex 56.98 156.8 1.8
      vertex 45.48 156.8 1.8
    endloop
  endfacet
  facet normal 0 -1 0
    outer loop
      vertex 45.48 3.2 1.8
      vertex 56.98 3.2 5.8
      vertex 45.48 3.2 5.8
    endloop
  endfacet
  facet normal 0 -1 -0
    outer loop
      vertex 56.98 3.2 5.8
      vertex 45.48 3.2 1.8
      vertex 56.98 3.2 1.8
    endloop
  endfacet
  facet normal 1 -0 0
    outer loop
      vertex 76.16 3.2 5.8
      vertex 76.16 156.8 1.8
      vertex 76.16 156.8 5.8
    endloop
  endfacet
  facet normal 1 0 0
    outer loop
      vertex 76.16 156.8 1.8
      vertex 76.16 3.2 5.8
      vertex 76.16 3.2 1.8
    endloop
  endfacet
  facet normal -0 0 1
    outer loop
      vertex 64.66 156.8 5.8
      vertex 76.16 3.2 5.8
      vertex 76.16 156.8 5.8
    endloop
  endfacet
  facet normal 0 0 1
    outer loop
      vertex 76.16 3.2 5.8
      vertex 64.66 156.8 5.8
      vertex 64.66 3.2 5.8
    endloop
  endfacet
  facet normal -1 0 0
    outer loop
      vertex 64.66 3.2 1.8
      vertex 64.66 156.8 5.8
      vertex 64.66 156.8 1.8
    endloop
  endfacet
  facet normal -1 -0 0
    outer loop
      vertex 64.66 156.8 5.8
      vertex 64.66 3.2 1.8
      vertex 64.66 3.2 5.8
    endloop
  endfacet
  facet normal 0 1 -0
    outer loop
      vertex 76.16 156.8 1.8
      vertex 64.66 156.8 5.8
      vertex 76.16 156.8 5.8
    endloop
  endfacet
  facet normal 0 1 0
    outer loop
      vertex 64.66 156.8 5.8
      vertex 76.16 156.8 1.8
      vertex 64.66 156.8 1.8
    endloop
  endfacet
  facet normal 0 -1 0
    outer loop
      vertex 64.66 3.2 1.8
      vertex 76.16 3.2 5.8
      vertex 64.66 3.2 5.8
    endloop
  endfacet
  facet normal 0 -1 -0
    outer loop
      vertex 76.16 3.2 5.8
      vertex 64.66 3.2 1.8
      vertex 76.16 3.2 1.8
    endloop
  endfacet
  facet normal 1 -0 0
    outer loop
      vertex 95.34 3.2 5.8
      vertex 95.34 156.8 1.8
      vertex 95.34 156.8 5.8
    endloop
  endfacet
  facet normal 1 0 0
    outer loop
      vertex 95.34 156.8 1.8
      vertex 95.34 3.2 5.8
      vertex 95.34 3.2 1.8
    endloop
  endfacet
  facet normal -0 0 1
    outer loop
      vertex 83.84 156.8 5.8
      vertex 95.34 3.2 5.8
      vertex 95.34 156.8 5.8
    endloop
  endfacet
  facet normal 0 0 1
    outer loop
      vertex 95.34 3.2 5.8
      vertex 83.84 156.8 5.8
      vertex 83.84 3.2 5.8
    endloop
  endfacet
  facet normal -1 0 0
    outer loop
      vertex 83.84 3.2 1.8
      vertex 83.84 156.8 5.8
      vertex 83.84 156.8 1.8
    endloop
  endfacet
  facet normal -1 -0 0
    outer loop
      vertex 83.84 156.8 5.8
      vertex 83.84 3.2 1.8
      vertex 83.84 3.2 5.8
    endloop
  endfacet
  facet normal 0 1 -0
    outer loop
      vertex 95.34 156.8 1.8
      vertex 83.84 156.8 5.8
      vertex 95.34 156.8 5.8
    endloop
  endfacet
  facet normal 0 1 0
    outer loop
      vertex 83.84 156.8 5.8
      vertex 95.34 156.8 1.8
      vertex 83.84 156.8 1.8
    endloop
  endfacet
  facet normal 0 -1 0
    outer loop
      vertex 83.84 3.2 1.8
      vertex 95.34 3.2 5.8
      vertex 83.84 3.2 5.8
    endloop
  endfacet
  facet normal 0 -1 -0
    outer loop
      vertex 95.34 3.2 5.8
      vertex 83.84 3.2 1.8
      vertex 95.34 3.2 1.8
    endloop
  endfacet
  facet normal 1 -0 0
    outer loop
      vertex 114.52 3.2 5.8
      vertex 114.52 156.8 1.8
      vertex 114.52 156.8 5.8
    endloop
  endfacet
  facet normal 1 0 0
    outer loop
      vertex 114.52 156.8 1.8
      vertex 114.52 3.2 5.8
      vertex 114.52 3.2 1.8
    endloop
  endfacet
  facet normal -0 0 1
    outer loop
      vertex 103.02 156.8 5.8
      vertex 114.52 3.2 5.8
      vertex 114.52 156.8 5.8
    endloop
  endfacet
  facet normal 0 0 1
    outer loop
      vertex 114.52 3.2 5.8
      vertex 103.02 156.8 5.8
      vertex 103.02 3.2 5.8
    endloop
  endfacet
  facet normal -1 0 0
    outer loop
      vertex 103.02 3.2 1.8
      vertex 103.02 156.8 5.8
      vertex 103.02 156.8 1.8
    endloop
  endfacet
  facet normal -1 -0 0
    outer loop
      vertex 103.02 156.8 5.8
      vertex 103.02 3.2 1.8
      vertex 103.02 3.2 5.8
    endloop
  endfacet
  facet normal 0 1 -0
    outer loop
      vertex 114.52 156.8 1.8
      vertex 103.02 156.8 5.8
      vertex 114.52 156.8 5.8
    endloop
  endfacet
  facet normal 0 1 0
    outer loop
      vertex 103.02 156.8 5.8
      vertex 114.52 156.8 1.8
      vertex 103.02 156.8 1.8
    endloop
  endfacet
  facet normal 0 -1 0
    outer loop
      vertex 103.02 3.2 1.8
      vertex 114.52 3.2 5.8
      vertex 103.02 3.2 5.8
    endloop
  endfacet
  facet normal 0 -1 -0
    outer loop
      vertex 114.52 3.2 5.8
      vertex 103.02 3.2 1.8
      vertex 114.52 3.2 1.8
    endloop
  endfacet
  facet normal 1 -0 0
    outer loop
      vertex 133.7 3.2 5.8
      vertex 133.7 156.8 1.8
      vertex 133.7 156.8 5.8
    endloop
  endfacet
  facet normal 1 0 0
    outer loop
      vertex 133.7 156.8 1.8
      vertex 133.7 3.2 5.8
      vertex 133.7 3.2 1.8
    endloop
  endfacet
  facet normal -0 0 1
    outer loop
      vertex 122.2 156.8 5.8
      vertex 133.7 3.2 5.8
      vertex 133.7 156.8 5.8
    endloop
  endfacet
  facet normal 0 0 1
    outer loop
      vertex 133.7 3.2 5.8
      vertex 122.2 156.8 5.8
      vertex 122.2 3.2 5.8
    endloop
  endfacet
  facet normal -1 0 0
    outer loop
      vertex 122.2 3.2 1.8
      vertex 122.2 156.8 5.8
      vertex 122.2 156.8 1.8
    endloop
  endfacet
  facet normal -1 -0 0
    outer loop
      vertex 122.2 156.8 5.8
      vertex 122.2 3.2 1.8
      vertex 122.2 3.2 5.8
    endloop
  endfacet
  facet normal 0 1 -0
    outer loop
      vertex 133.7 156.8 1.8
      vertex 122.2 156.8 5.8
      vertex 133.7 156.8 5.8
    endloop
  endfacet
  facet normal 0 1 0
    outer loop
      vertex 122.2 156.8 5.8
      vertex 133.7 156.8 1.8
      vertex 122.2 156.8 1.8
    endloop
  endfacet
  facet normal 0 -1 0
    outer loop
      vertex 122.2 3.2 1.8
      vertex 133.7 3.2 5.8
      vertex 122.2 3.2 5.8
    endloop
  endfacet
  facet normal 0 -1 -0
    outer loop
      vertex 133.7 3.2 5.8
      vertex 122.2 3.2 1.8
      vertex 133.7 3.2 1.8
    endloop
  endfacet
  facet normal 1 -0 0
    outer loop
      vertex 152.88 3.2 5.8
      vertex 152.88 156.8 1.8
      vertex 152.88 156.8 5.8
    endloop
  endfacet
  facet normal 1 0 0
    outer loop
      vertex 152.88 156.8 1.8
      vertex 152.88 3.2 5.8
      vertex 152.88 3.2 1.8
    endloop
  endfacet
  facet normal -0 0 1
    outer loop
      vertex 141.38 156.8 5.8
      vertex 152.88 3.2 5.8
      vertex 152.88 156.8 5.8
    endloop
  endfacet
  facet normal 0 0 1
    outer loop
      vertex 152.88 3.2 5.8
      vertex 141.38 156.8 5.8
      vertex 141.38 3.2 5.8
    endloop
  endfacet
  facet normal -1 0 0
    outer loop
      vertex 141.38 3.2 1.8
      vertex 141.38 156.8 5.8
      vertex 141.38 156.8 1.8
    endloop
  endfacet
  facet normal -1 -0 0
    outer loop
      vertex 141.38 156.8 5.8
      vertex 141.38 3.2 1.8
      vertex 141.38 3.2 5.8
    endloop
  endfacet
  facet normal 0 1 -0
    outer loop
      vertex 152.88 156.8 1.8
      vertex 141.38 156.8 5.8
      vertex 152.88 156.8 5.8
    endloop
  endfacet
  facet normal 0 1 0
    outer loop
      vertex 141.38 156.8 5.8
      vertex 152.88 156.8 1.8
      vertex 141.38 156.8 1.8
    endloop
  endfacet
  facet normal 0 -1 0
    outer loop
      vertex 141.38 3.2 1.8
      vertex 152.88 3.2 5.8
      vertex 141.38 3.2 5.8
    endloop
  endfacet
  facet normal 0 -1 -0
    outer loop
      vertex 152.88 3.2 5.8
      vertex 141.38 3.2 1.8
      vertex 152.88 3.2 1.8
    endloop
  endfacet
  facet normal 1 -0 0
    outer loop
      vertex 22.86 3.2 10
      vertex 22.86 156.8 1.8
      vertex 22.86 156.8 10
    endloop
  endfacet
  facet normal 1 0 0
    outer loop
      vertex 22.86 156.8 1.8
      vertex 22.86 3.2 10
      vertex 22.86 3.2 1.8
    endloop
  endfacet
  facet normal -0 0 1
    outer loop
      vertex 22.06 156.8 10
      vertex 22.86 3.2 10
      vertex 22.86 156.8 10
    endloop
  endfacet
  facet normal 0 0 1
    outer loop
      vertex 22.86 3.2 10
      vertex 22.06 156.8 10
      vertex 22.06 3.2 10
    endloop
  endfacet
  facet normal -1 0 0
    outer loop
      vertex 22.06 3.2 1.8
      vertex 22.06 156.8 10
      vertex 22.06 156.8 1.8
    endloop
  endfacet
  facet normal -1 -0 0
    outer loop
      vertex 22.06 156.8 10
      vertex 22.06 3.2 1.8
      vertex 22.06 3.2 10
    endloop
  endfacet
  facet normal 0 1 -0
    outer loop
      vertex 22.86 156.8 1.8
      vertex 22.06 156.8 10
      vertex 22.86 156.8 10
    endloop
  endfacet
  facet normal 0 1 0
    outer loop
      vertex 22.06 156.8 10
      vertex 22.86 156.8 1.8
      vertex 22.06 156.8 1.8
    endloop
  endfacet
  facet normal 0 -1 0
    outer loop
      vertex 22.06 3.2 1.8
      vertex 22.86 3.2 10
      vertex 22.06 3.2 10
    endloop
  endfacet
  facet normal 0 -1 -0
    outer loop
      vertex 22.86 3.2 10
      vertex 22.06 3.2 1.8
      vertex 22.86 3.2 1.8
    endloop
  endfacet
  facet normal 1 -0 0
    outer loop
      vertex 42.04 3.2 10
      vertex 42.04 156.8 1.8
      vertex 42.04 156.8 10
    endloop
  endfacet
  facet normal 1 0 0
    outer loop
      vertex 42.04 156.8 1.8
      vertex 42.04 3.2 10
      vertex 42.04 3.2 1.8
    endloop
  endfacet
  facet normal -0 0 1
    outer loop
      vertex 41.24 156.8 10
      vertex 42.04 3.2 10
      vertex 42.04 156.8 10
    endloop
  endfacet
  facet normal 0 0 1
    outer loop
      vertex 42.04 3.2 10
      vertex 41.24 156.8 10
      vertex 41.24 3.2 10
    endloop
  endfacet
  facet normal -1 0 0
    outer loop
      vertex 41.24 3.2 1.8
      vertex 41.24 156.8 10
      vertex 41.24 156.8 1.8
    endloop
  endfacet
  facet normal -1 -0 0
    outer loop
      vertex 41.24 156.8 10
      vertex 41.24 3.2 1.8
      vertex 41.24 3.2 10
    endloop
  endfacet
  facet normal 0 1 -0
    outer loop
      vertex 42.04 156.8 1.8
      vertex 41.24 156.8 10
      vertex 42.04 156.8 10
    endloop
  endfacet
  facet normal 0 1 0
    outer loop
      vertex 41.24 156.8 10
      vertex 42.04 156.8 1.8
      vertex 41.24 156.8 1.8
    endloop
  endfacet
  facet normal 0 -1 0
    outer loop
      vertex 41.24 3.2 1.8
      vertex 42.04 3.2 10
      vertex 41.24 3.2 10
    endloop
  endfacet
  facet normal 0 -1 -0
    outer loop
      vertex 42.04 3.2 10
      vertex 41.24 3.2 1.8
      vertex 42.04 3.2 1.8
    endloop
  endfacet
  facet normal 1 -0 0
    outer loop
      vertex 61.22 3.2 10
      vertex 61.22 156.8 1.8
      vertex 61.22 156.8 10
    endloop
  endfacet
  facet normal 1 0 0
    outer loop
      vertex 61.22 156.8 1.8
      vertex 61.22 3.2 10
      vertex 61.22 3.2 1.8
    endloop
  endfacet
  facet normal -0 0 1
    outer loop
      vertex 60.42 156.8 10
      vertex 61.22 3.2 10
      vertex 61.22 156.8 10
    endloop
  endfacet
  facet normal 0 0 1
    outer loop
      vertex 61.22 3.2 10
      vertex 60.42 156.8 10
      vertex 60.42 3.2 10
    endloop
  endfacet
  facet normal -1 0 0
    outer loop
      vertex 60.42 3.2 1.8
      vertex 60.42 156.8 10
      vertex 60.42 156.8 1.8
    endloop
  endfacet
  facet normal -1 -0 0
    outer loop
      vertex 60.42 156.8 10
      vertex 60.42 3.2 1.8
      vertex 60.42 3.2 10
    endloop
  endfacet
  facet normal 0 1 -0
    outer loop
      vertex 61.22 156.8 1.8
      vertex 60.42 156.8 10
      vertex 61.22 156.8 10
    endloop
  endfacet
  facet normal 0 1 0
    outer loop
      vertex 60.42 156.8 10
      vertex 61.22 156.8 1.8
      vertex 60.42 156.8 1.8
    endloop
  endfacet
  facet normal 0 -1 0
    outer loop
      vertex 60.42 3.2 1.8
      vertex 61.22 3.2 10
      vertex 60.42 3.2 10
    endloop
  endfacet
  facet normal 0 -1 -0
    outer loop
      vertex 61.22 3.2 10
      vertex 60.42 3.2 1.8
      vertex 61.22 3.2 1.8
    endloop
  endfacet
  facet normal 1 -0 0
    outer loop
      vertex 80.4 3.2 10
      vertex 80.4 156.8 1.8
      vertex 80.4 156.8 10
    endloop
  endfacet
  facet normal 1 0 0
    outer loop
      vertex 80.4 156.8 1.8
      vertex 80.4 3.2 10
      vertex 80.4 3.2 1.8
    endloop
  endfacet
  facet normal -0 0 1
    outer loop
      vertex 79.6 156.8 10
      vertex 80.4 3.2 10
      vertex 80.4 156.8 10
    endloop
  endfacet
  facet normal 0 0 1
    outer loop
      vertex 80.4 3.2 10
      vertex 79.6 156.8 10
      vertex 79.6 3.2 10
    endloop
  endfacet
  facet normal -1 0 0
    outer loop
      vertex 79.6 3.2 1.8
      vertex 79.6 156.8 10
      vertex 79.6 156.8 1.8
    endloop
  endfacet
  facet normal -1 -0 0
    outer loop
      vertex 79.6 156.8 10
      vertex 79.6 3.2 1.8
      vertex 79.6 3.2 10
    endloop
  endfacet
  facet normal 0 1 -0
    outer loop
      vertex 80.4 156.8 1.8
      vertex 79.6 156.8 10
      vertex 80.4 156.8 10
    endloop
  endfacet
  facet normal 0 1 0
    outer loop
      vertex 79.6 156.8 10
      vertex 80.4 156.8 1.8
      vertex 79.6 156.8 1.8
    endloop
  endfacet
  facet normal 0 -1 0
    outer loop
      vertex 79.6 3.2 1.8
      vertex 80.4 3.2 10
      vertex 79.6 3.2 10
    endloop
  endfacet
  facet normal 0 -1 -0
    outer loop
      vertex 80.4 3.2 10
      vertex 79.6 3.2 1.8
      vertex 80.4 3.2 1.8
    endloop
  endfacet
  facet normal 1 -0 0
    outer loop
      vertex 99.58 3.2 10
      vertex 99.58 156.8 1.8
      vertex 99.58 156.8 10
    endloop
  endfacet
  facet normal 1 0 0
    outer loop
      vertex 99.58 156.8 1.8
      vertex 99.58 3.2 10
      vertex 99.58 3.2 1.8
    endloop
  endfacet
  facet normal -0 0 1
    outer loop
      vertex 98.78 156.8 10
      vertex 99.58 3.2 10
      vertex 99.58 156.8 10
    endloop
  endfacet
  facet normal 0 0 1
    outer loop
      vertex 99.58 3.2 10
      vertex 98.78 156.8 10
      vertex 98.78 3.2 10
    endloop
  endfacet
  facet normal -1 0 0
    outer loop
      vertex 98.78 3.2 1.8
      vertex 98.78 156.8 10
      vertex 98.78 156.8 1.8
    endloop
  endfacet
  facet normal -1 -0 0
    outer loop
      vertex 98.78 156.8 10
      vertex 98.78 3.2 1.8
      vertex 98.78 3.2 10
    endloop
  endfacet
  facet normal 0 1 -0
    outer loop
      vertex 99.58 156.8 1.8
      vertex 98.78 156.8 10
      vertex 99.58 156.8 10
    endloop
  endfacet
  facet normal 0 1 0
    outer loop
      vertex 98.78 156.8 10
      vertex 99.58 156.8 1.8
      vertex 98.78 156.8 1.8
    endloop
  endfacet
  facet normal 0 -1 0
    outer loop
      vertex 98.78 3.2 1.8
      vertex 99.58 3.2 10
      vertex 98.78 3.2 10
    endloop
  endfacet
  facet normal 0 -1 -0
    outer loop
      vertex 99.58 3.2 10
      vertex 98.78 3.2 1.8
      vertex 99.58 3.2 1.8
    endloop
  endfacet
  facet normal 1 -0 0
    outer loop
      vertex 118.76 3.2 10
      vertex 118.76 156.8 1.8
      vertex 118.76 156.8 10
    endloop
  endfacet
  facet normal 1 0 0
    outer loop
      vertex 118.76 156.8 1.8
      vertex 118.76 3.2 10
      vertex 118.76 3.2 1.8
    endloop
  endfacet
  facet normal -0 0 1
    outer loop
      vertex 117.96 156.8 10
      vertex 118.76 3.2 10
      vertex 118.76 156.8 10
    endloop
  endfacet
  facet normal 0 0 1
    outer loop
      vertex 118.76 3.2 10
      vertex 117.96 156.8 10
      vertex 117.96 3.2 10
    endloop
  endfacet
  facet normal -1 0 0
    outer loop
      vertex 117.96 3.2 1.8
      vertex 117.96 156.8 10
      vertex 117.96 156.8 1.8
    endloop
  endfacet
  facet normal -1 -0 0
    outer loop
      vertex 117.96 156.8 10
      vertex 117.96 3.2 1.8
      vertex 117.96 3.2 10
    endloop
  endfacet
  facet normal 0 1 -0
    outer loop
      vertex 118.76 156.8 1.8
      vertex 117.96 156.8 10
      vertex 118.76 156.8 10
    endloop
  endfacet
  facet normal 0 1 0
    outer loop
      vertex 117.96 156.8 10
      vertex 118.76 156.8 1.8
      vertex 117.96 156.8 1.8
    endloop
  endfacet
  facet normal 0 -1 0
    outer loop
      vertex 117.96 3.2 1.8
      vertex 118.76 3.2 10
      vertex 117.96 3.2 10
    endloop
  endfacet
  facet normal 0 -1 -0
    outer loop
      vertex 118.76 3.2 10
      vertex 117.96 3.2 1.8
      vertex 118.76 3.2 1.8
    endloop
  endfacet
  facet normal 1 -0 0
    outer loop
      vertex 137.94 3.2 10
      vertex 137.94 156.8 1.8
      vertex 137.94 156.8 10
    endloop
  endfacet
  facet normal 1 0 0
    outer loop
      vertex 137.94 156.8 1.8
      vertex 137.94 3.2 10
      vertex 137.94 3.2 1.8
    endloop
  endfacet
  facet normal -0 0 1
    outer loop
      vertex 137.14 156.8 10
      vertex 137.94 3.2 10
      vertex 137.94 156.8 10
    endloop
  endfacet
  facet normal 0 0 1
    outer loop
      vertex 137.94 3.2 10
      vertex 137.14 156.8 10
      vertex 137.14 3.2 10
    endloop
  endfacet
  facet normal -1 0 0
    outer loop
      vertex 137.14 3.2 1.8
      vertex 137.14 156.8 10
      vertex 137.14 156.8 1.8
    endloop
  endfacet
  facet normal -1 -0 0
    outer loop
      vertex 137.14 156.8 10
      vertex 137.14 3.2 1.8
      vertex 137.14 3.2 10
    endloop
  endfacet
  facet normal 0 1 -0
    outer loop
      vertex 137.94 156.8 1.8
      vertex 137.14 156.8 10
      vertex 137.94 156.8 10
    endloop
  endfacet
  facet normal 0 1 0
    outer loop
      vertex 137.14 156.8 10
      vertex 137.94 156.8 1.8
      vertex 137.14 156.8 1.8
    endloop
  endfacet
  facet normal 0 -1 0
    outer loop
      vertex 137.14 3.2 1.8
      vertex 137.94 3.2 10
      vertex 137.14 3.2 10
    endloop
  endfacet
  facet normal 0 -1 -0
    outer loop
      vertex 137.94 3.2 10
      vertex 137.14 3.2 1.8
      vertex 137.94 3.2 1.8
    endloop
  endfacet
  facet normal -0.619548 0.784959 0
    outer loop
      vertex 2.47328 158.854 0
      vertex 2.10332 158.562 12.91
      vertex 2.47328 158.854 12.91
    endloop
  endfacet
  facet normal -0.619548 0.784959 0
    outer loop
      vertex 2.10332 158.562 12.91
      vertex 2.47328 158.854 0
      vertex 2.10332 158.562 0
    endloop
  endfacet
  facet normal 0.195135 -0.980776 0
    outer loop
      vertex 154.939 0.0738678 0
      vertex 155.401 0.165787 12.91
      vertex 154.939 0.0738678 12.91
    endloop
  endfacet
  facet normal 0.195135 -0.980776 0
    outer loop
      vertex 155.401 0.165787 12.91
      vertex 154.939 0.0738678 0
      vertex 155.401 0.165787 0
    endloop
  endfacet
  facet normal 0 -1 0
    outer loop
      vertex 77.9238 0 4.89906
      vertex 78.9919 0 6.41264
      vertex 77.9238 0 6.41264
    endloop
  endfacet
  facet normal 0 -1 0
    outer loop
      vertex 82.9257 0 4.89906
      vertex 82.5075 0 6.14714
      vertex 80.9207 0 6.14714
    endloop
  endfacet
  facet normal 0 -1 0
    outer loop
      vertex 82.5075 0 6.14714
      vertex 83.2449 0 6.02151
      vertex 83.2953 0 6.08607
    endloop
  endfacet
  facet normal 0 -1 0
    outer loop
      vertex 82.5075 0 6.14714
      vertex 83.1968 0 5.95665
      vertex 83.2449 0 6.02151
    endloop
  endfacet
  facet normal 0 -1 0
    outer loop
      vertex 82.5075 0 6.14714
      vertex 83.151 0 5.89148
      vertex 83.1968 0 5.95665
    endloop
  endfacet
  facet normal 0 -1 -0
    outer loop
      vertex 78.9919 0 6.41264
      vertex 77.9238 0 4.89906
      vertex 80.9207 0 6.14714
    endloop
  endfacet
  facet normal 0 -1 0
    outer loop
      vertex 82.5075 0 6.14714
      vertex 83.1076 0 5.82602
      vertex 83.151 0 5.89148
    endloop
  endfacet
  facet normal 0 -1 0
    outer loop
      vertex 82.5075 0 6.14714
      vertex 83.0665 0 5.76024
      vertex 83.1076 0 5.82602
    endloop
  endfacet
  facet normal 0 -1 0
    outer loop
      vertex 82.5075 0 6.14714
      vertex 83.0278 0 5.69415
      vertex 83.0665 0 5.76024
    endloop
  endfacet
  facet normal 0 -1 0
    outer loop
      vertex 82.5075 0 6.14714
      vertex 82.9914 0 5.62778
      vertex 83.0278 0 5.69415
    endloop
  endfacet
  facet normal 0 -1 0
    outer loop
      vertex 82.5075 0 6.14714
      vertex 82.9574 0 5.5611
      vertex 82.9914 0 5.62778
    endloop
  endfacet
  facet normal 0 -1 0
    outer loop
      vertex 82.5075 0 6.14714
      vertex 82.9257 0 5.49411
      vertex 82.9574 0 5.5611
    endloop
  endfacet
  facet normal 0 -1 0
    outer loop
      vertex 82.9257 0 4.89906
      vertex 80.9207 0 6.14714
      vertex 77.9238 0 4.89906
    endloop
  endfacet
  facet normal 0 -1 0
    outer loop
      vertex 82.5075 0 6.14714
      vertex 82.9257 0 4.89906
      vertex 82.9257 0 5.49411
    endloop
  endfacet
  facet normal 0 -1 0
    outer loop
      vertex 80.2119 0 6.8783
      vertex 80.9207 0 6.89175
      vertex 80.2558 0 6.92911
    endloop
  endfacet
  facet normal 0 -1 0
    outer loop
      vertex 80.9207 0 6.14714
      vertex 80.2119 0 6.8783
      vertex 80.1654 0 6.82994
    endloop
  endfacet
  facet normal 0 -1 0
    outer loop
      vertex 80.9207 0 6.14714
      vertex 80.1654 0 6.82994
      vertex 80.1162 0 6.78403
    endloop
  endfacet
  facet normal 0 -1 0
    outer loop
      vertex 80.9207 0 6.14714
      vertex 80.1162 0 6.78403
      vertex 80.0642 0 6.74055
    endloop
  endfacet
  facet normal 0 -1 0
    outer loop
      vertex 80.9207 0 6.14714
      vertex 80.0642 0 6.74055
      vertex 80.0096 0 6.69954
    endloop
  endfacet
  facet normal 0 -1 0
    outer loop
      vertex 80.9207 0 6.14714
      vertex 80.0096 0 6.69954
      vertex 79.9523 0 6.66096
    endloop
  endfacet
  facet normal 0 -1 0
    outer loop
      vertex 80.9207 0 6.14714
      vertex 79.9523 0 6.66096
      vertex 79.8923 0 6.62485
    endloop
  endfacet
  facet normal 0 -1 0
    outer loop
      vertex 80.9207 0 6.14714
      vertex 79.8923 0 6.62485
      vertex 79.8295 0 6.59116
    endloop
  endfacet
  facet normal 0 -1 0
    outer loop
      vertex 80.9207 0 6.14714
      vertex 79.8295 0 6.59116
      vertex 79.7643 0 6.56018
    endloop
  endfacet
  facet normal 0 -1 0
    outer loop
      vertex 80.9207 0 6.14714
      vertex 79.7643 0 6.56018
      vertex 79.697 0 6.53215
    endloop
  endfacet
  facet normal 0 -1 0
    outer loop
      vertex 80.9207 0 6.14714
      vertex 79.697 0 6.53215
      vertex 79.6274 0 6.50706
    endloop
  endfacet
  facet normal 0 -1 0
    outer loop
      vertex 80.9207 0 6.14714
      vertex 79.6274 0 6.50706
      vertex 79.5556 0 6.48494
    endloop
  endfacet
  facet normal 0 -1 0
    outer loop
      vertex 80.2119 0 6.8783
      vertex 80.9207 0 6.14714
      vertex 80.9207 0 6.89175
    endloop
  endfacet
  facet normal 0 -1 0
    outer loop
      vertex 79.4817 0 6.46576
      vertex 80.9207 0 6.14714
      vertex 79.5556 0 6.48494
    endloop
  endfacet
  facet normal 0 -1 0
    outer loop
      vertex 79.4055 0 6.44952
      vertex 80.9207 0 6.14714
      vertex 79.4817 0 6.46576
    endloop
  endfacet
  facet normal 0 -1 0
    outer loop
      vertex 79.3272 0 6.43625
      vertex 80.9207 0 6.14714
      vertex 79.4055 0 6.44952
    endloop
  endfacet
  facet normal 0 -1 0
    outer loop
      vertex 79.2466 0 6.42592
      vertex 80.9207 0 6.14714
      vertex 79.3272 0 6.43625
    endloop
  endfacet
  facet normal 0 -1 0
    outer loop
      vertex 79.1639 0 6.41855
      vertex 80.9207 0 6.14714
      vertex 79.2466 0 6.42592
    endloop
  endfacet
  facet normal 0 -1 0
    outer loop
      vertex 79.079 0 6.41412
      vertex 80.9207 0 6.14714
      vertex 79.1639 0 6.41855
    endloop
  endfacet
  facet normal 0 -1 0
    outer loop
      vertex 80.9207 0 6.14714
      vertex 79.079 0 6.41412
      vertex 78.9919 0 6.41264
    endloop
  endfacet
  facet normal 0 -1 0
    outer loop
      vertex 76.2281 0 4.89906
      vertex 77.0236 0 9.19872
      vertex 76.2281 0 9.19872
    endloop
  endfacet
  facet normal 0 -1 -0
    outer loop
      vertex 77.0236 0 9.19872
      vertex 76.2281 0 4.89906
      vertex 77.0236 0 4.89906
    endloop
  endfacet
  facet normal 0 -1 0
    outer loop
      vertex 72.6698 0 9.19418
      vertex 75.3278 0 9.19872
      vertex 72.4764 0 9.19872
    endloop
  endfacet
  facet normal 0 -1 0
    outer loop
      vertex 72.8552 0 9.1806
      vertex 75.3278 0 9.19872
      vertex 72.6698 0 9.19418
    endloop
  endfacet
  facet normal 0 -1 0
    outer loop
      vertex 73.0324 0 9.15797
      vertex 75.3278 0 9.19872
      vertex 72.8552 0 9.1806
    endloop
  endfacet
  facet normal 0 -1 0
    outer loop
      vertex 73.2015 0 9.12628
      vertex 75.3278 0 9.19872
      vertex 73.0324 0 9.15797
    endloop
  endfacet
  facet normal 0 -1 0
    outer loop
      vertex 73.3625 0 9.08554
      vertex 75.3278 0 9.19872
      vertex 73.2015 0 9.12628
    endloop
  endfacet
  facet normal 0 -1 0
    outer loop
      vertex 73.5153 0 9.03574
      vertex 75.3278 0 9.19872
      vertex 73.3625 0 9.08554
    endloop
  endfacet
  facet normal 0 -1 0
    outer loop
      vertex 73.66 0 8.97688
      vertex 75.3278 0 9.19872
      vertex 73.5153 0 9.03574
    endloop
  endfacet
  facet normal 0 -1 0
    outer loop
      vertex 73.7967 0 8.90898
      vertex 75.3278 0 9.19872
      vertex 73.66 0 8.97688
    endloop
  endfacet
  facet normal 0 -1 0
    outer loop
      vertex 73.9252 0 8.83202
      vertex 75.3278 0 9.19872
      vertex 73.7967 0 8.90898
    endloop
  endfacet
  facet normal 0 -1 0
    outer loop
      vertex 74.0455 0 8.746
      vertex 75.3278 0 9.19872
      vertex 73.9252 0 8.83202
    endloop
  endfacet
  facet normal 0 -1 0
    outer loop
      vertex 74.1578 0 8.65092
      vertex 75.3278 0 9.19872
      vertex 74.0455 0 8.746
    endloop
  endfacet
  facet normal 0 -1 0
    outer loop
      vertex 74.261 0 8.54742
      vertex 75.3278 0 9.19872
      vertex 74.1578 0 8.65092
    endloop
  endfacet
  facet normal 0 -1 0
    outer loop
      vertex 74.3545 0 8.43607
      vertex 75.3278 0 9.19872
      vertex 74.261 0 8.54742
    endloop
  endfacet
  facet normal 0 -1 0
    outer loop
      vertex 74.4381 0 8.31686
      vertex 75.3278 0 9.19872
      vertex 74.3545 0 8.43607
    endloop
  endfacet
  facet normal 0 -1 0
    outer loop
      vertex 74.5119 0 8.18982
      vertex 75.3278 0 9.19872
      vertex 74.4381 0 8.31686
    endloop
  endfacet
  facet normal 0 -1 0
    outer loop
      vertex 74.5758 0 8.05495
      vertex 75.3278 0 9.19872
      vertex 74.5119 0 8.18982
    endloop
  endfacet
  facet normal 0 -1 0
    outer loop
      vertex 74.6299 0 7.91222
      vertex 75.3278 0 9.19872
      vertex 74.5758 0 8.05495
    endloop
  endfacet
  facet normal 0 -1 0
    outer loop
      vertex 74.6742 0 7.76164
      vertex 75.3278 0 9.19872
      vertex 74.6299 0 7.91222
    endloop
  endfacet
  facet normal 0 -1 0
    outer loop
      vertex 74.7086 0 7.60323
      vertex 75.3278 0 9.19872
      vertex 74.6742 0 7.76164
    endloop
  endfacet
  facet normal 0 -1 0
    outer loop
      vertex 74.7332 0 7.43697
      vertex 75.3278 0 9.19872
      vertex 74.7086 0 7.60323
    endloop
  endfacet
  facet normal 0 -1 0
    outer loop
      vertex 74.7479 0 7.26286
      vertex 75.3278 0 9.19872
      vertex 74.7332 0 7.43697
    endloop
  endfacet
  facet normal 0 -1 0
    outer loop
      vertex 74.7529 0 7.08092
      vertex 75.3278 0 9.19872
      vertex 74.7479 0 7.26286
    endloop
  endfacet
  facet normal 0 -1 0
    outer loop
      vertex 75.3278 0 4.89906
      vertex 74.7529 0 7.08092
      vertex 74.7507 0 6.9614
    endloop
  endfacet
  facet normal 0 -1 0
    outer loop
      vertex 75.3278 0 4.89906
      vertex 74.7507 0 6.9614
      vertex 74.7442 0 6.84464
    endloop
  endfacet
  facet normal 0 -1 0
    outer loop
      vertex 75.3278 0 4.89906
      vertex 74.7442 0 6.84464
      vertex 74.7334 0 6.73068
    endloop
  endfacet
  facet normal 0 -1 0
    outer loop
      vertex 75.3278 0 4.89906
      vertex 74.7334 0 6.73068
      vertex 74.7184 0 6.61952
    endloop
  endfacet
  facet normal 0 -1 0
    outer loop
      vertex 75.3278 0 4.89906
      vertex 74.7184 0 6.61952
      vertex 74.6989 0 6.51117
    endloop
  endfacet
  facet normal 0 -1 0
    outer loop
      vertex 75.3278 0 4.89906
      vertex 74.6989 0 6.51117
      vertex 74.6752 0 6.40561
    endloop
  endfacet
  facet normal 0 -1 0
    outer loop
      vertex 74.7529 0 7.08092
      vertex 75.3278 0 4.89906
      vertex 75.3278 0 9.19872
    endloop
  endfacet
  facet normal 0 -1 0
    outer loop
      vertex 74.6472 0 6.30286
      vertex 75.3278 0 4.89906
      vertex 74.6752 0 6.40561
    endloop
  endfacet
  facet normal 0 -1 0
    outer loop
      vertex 74.6149 0 6.2029
      vertex 75.3278 0 4.89906
      vertex 74.6472 0 6.30286
    endloop
  endfacet
  facet normal 0 -1 0
    outer loop
      vertex 74.5782 0 6.10573
      vertex 75.3278 0 4.89906
      vertex 74.6149 0 6.2029
    endloop
  endfacet
  facet normal 0 -1 0
    outer loop
      vertex 74.5372 0 6.01137
      vertex 75.3278 0 4.89906
      vertex 74.5782 0 6.10573
    endloop
  endfacet
  facet normal 0 -1 0
    outer loop
      vertex 74.4919 0 5.9198
      vertex 75.3278 0 4.89906
      vertex 74.5372 0 6.01137
    endloop
  endfacet
  facet normal 0 -1 0
    outer loop
      vertex 74.4427 0 5.83157
      vertex 75.3278 0 4.89906
      vertex 74.4919 0 5.9198
    endloop
  endfacet
  facet normal 0 -1 0
    outer loop
      vertex 74.3899 0 5.74721
      vertex 75.3278 0 4.89906
      vertex 74.4427 0 5.83157
    endloop
  endfacet
  facet normal 0 -1 0
    outer loop
      vertex 74.3335 0 5.6667
      vertex 75.3278 0 4.89906
      vertex 74.3899 0 5.74721
    endloop
  endfacet
  facet normal 0 -1 0
    outer loop
      vertex 74.2735 0 5.59004
      vertex 75.3278 0 4.89906
      vertex 74.3335 0 5.6667
    endloop
  endfacet
  facet normal 0 -1 0
    outer loop
      vertex 74.21 0 5.51726
      vertex 75.3278 0 4.89906
      vertex 74.2735 0 5.59004
    endloop
  endfacet
  facet normal 0 -1 0
    outer loop
      vertex 74.1429 0 5.44832
      vertex 75.3278 0 4.89906
      vertex 74.21 0 5.51726
    endloop
  endfacet
  facet normal 0 -1 0
    outer loop
      vertex 74.0721 0 5.38324
      vertex 75.3278 0 4.89906
      vertex 74.1429 0 5.44832
    endloop
  endfacet
  facet normal 0 -1 0
    outer loop
      vertex 73.9978 0 5.32202
      vertex 75.3278 0 4.89906
      vertex 74.0721 0 5.38324
    endloop
  endfacet
  facet normal 0 -1 0
    outer loop
      vertex 73.92 0 5.26466
      vertex 75.3278 0 4.89906
      vertex 73.9978 0 5.32202
    endloop
  endfacet
  facet normal 0 -1 0
    outer loop
      vertex 73.8385 0 5.21115
      vertex 75.3278 0 4.89906
      vertex 73.92 0 5.26466
    endloop
  endfacet
  facet normal 0 -1 0
    outer loop
      vertex 73.7534 0 5.16151
      vertex 75.3278 0 4.89906
      vertex 73.8385 0 5.21115
    endloop
  endfacet
  facet normal 0 -1 0
    outer loop
      vertex 73.6655 0 5.11597
      vertex 75.3278 0 4.89906
      vertex 73.7534 0 5.16151
    endloop
  endfacet
  facet normal 0 -1 0
    outer loop
      vertex 73.5752 0 5.07475
      vertex 75.3278 0 4.89906
      vertex 73.6655 0 5.11597
    endloop
  endfacet
  facet normal 0 -1 0
    outer loop
      vertex 73.4826 0 5.03789
      vertex 75.3278 0 4.89906
      vertex 73.5752 0 5.07475
    endloop
  endfacet
  facet normal 0 -1 0
    outer loop
      vertex 73.3878 0 5.00534
      vertex 75.3278 0 4.89906
      vertex 73.4826 0 5.03789
    endloop
  endfacet
  facet normal 0 -1 0
    outer loop
      vertex 73.2906 0 4.97716
      vertex 75.3278 0 4.89906
      vertex 73.3878 0 5.00534
    endloop
  endfacet
  facet normal 0 -1 0
    outer loop
      vertex 73.1912 0 4.95329
      vertex 75.3278 0 4.89906
      vertex 73.2906 0 4.97716
    endloop
  endfacet
  facet normal 0 -1 0
    outer loop
      vertex 73.0894 0 4.93378
      vertex 75.3278 0 4.89906
      vertex 73.1912 0 4.95329
    endloop
  endfacet
  facet normal 0 -1 0
    outer loop
      vertex 72.9854 0 4.91859
      vertex 75.3278 0 4.89906
      vertex 73.0894 0 4.93378
    endloop
  endfacet
  facet normal 0 -1 0
    outer loop
      vertex 72.879 0 4.90775
      vertex 75.3278 0 4.89906
      vertex 72.9854 0 4.91859
    endloop
  endfacet
  facet normal 0 -1 0
    outer loop
      vertex 72.7704 0 4.90125
      vertex 75.3278 0 4.89906
      vertex 72.879 0 4.90775
    endloop
  endfacet
  facet normal 0 -1 0
    outer loop
      vertex 75.3278 0 4.89906
      vertex 72.7704 0 4.90125
      vertex 72.6595 0 4.89906
    endloop
  endfacet
  facet normal 0 -1 0
    outer loop
      vertex 84.427 0 9.2628
      vertex 87.712 0 9.26027
      vertex 87.8338 0 9.2628
    endloop
  endfacet
  facet normal 0 -1 0
    outer loop
      vertex 84.5509 0 9.26018
      vertex 87.712 0 9.26027
      vertex 84.427 0 9.2628
    endloop
  endfacet
  facet normal 0 -1 0
    outer loop
      vertex 84.5509 0 9.26018
      vertex 87.5954 0 9.2527
      vertex 87.712 0 9.26027
    endloop
  endfacet
  facet normal 0 -1 0
    outer loop
      vertex 84.6694 0 9.2523
      vertex 87.5954 0 9.2527
      vertex 84.5509 0 9.26018
    endloop
  endfacet
  facet normal 0 -1 0
    outer loop
      vertex 84.6694 0 9.2523
      vertex 87.484 0 9.2401
      vertex 87.5954 0 9.2527
    endloop
  endfacet
  facet normal 0 -1 0
    outer loop
      vertex 84.7825 0 9.23918
      vertex 87.484 0 9.2401
      vertex 84.6694 0 9.2523
    endloop
  endfacet
  facet normal 0 -1 0
    outer loop
      vertex 84.7825 0 9.23918
      vertex 87.3776 0 9.22244
      vertex 87.484 0 9.2401
    endloop
  endfacet
  facet normal 0 -1 0
    outer loop
      vertex 84.8903 0 9.22083
      vertex 87.3776 0 9.22244
      vertex 84.7825 0 9.23918
    endloop
  endfacet
  facet normal 0 -1 0
    outer loop
      vertex 84.8903 0 9.22083
      vertex 87.2764 0 9.19974
      vertex 87.3776 0 9.22244
    endloop
  endfacet
  facet normal 0 -1 0
    outer loop
      vertex 84.9928 0 9.19722
      vertex 87.2764 0 9.19974
      vertex 84.8903 0 9.22083
    endloop
  endfacet
  facet normal 0 -1 0
    outer loop
      vertex 84.9928 0 9.19722
      vertex 87.1802 0 9.172
      vertex 87.2764 0 9.19974
    endloop
  endfacet
  facet normal 0 -1 0
    outer loop
      vertex 85.0898 0 9.16837
      vertex 87.1802 0 9.172
      vertex 84.9928 0 9.19722
    endloop
  endfacet
  facet normal 0 -1 0
    outer loop
      vertex 85.0898 0 9.16837
      vertex 87.0892 0 9.13921
      vertex 87.1802 0 9.172
    endloop
  endfacet
  facet normal 0 -1 0
    outer loop
      vertex 85.1816 0 9.13426
      vertex 87.0892 0 9.13921
      vertex 85.0898 0 9.16837
    endloop
  endfacet
  facet normal 0 -1 0
    outer loop
      vertex 85.1816 0 9.13426
      vertex 87.0033 0 9.10138
      vertex 87.0892 0 9.13921
    endloop
  endfacet
  facet normal 0 -1 0
    outer loop
      vertex 85.268 0 9.09492
      vertex 87.0033 0 9.10138
      vertex 85.1816 0 9.13426
    endloop
  endfacet
  facet normal 0 -1 0
    outer loop
      vertex 85.268 0 9.09492
      vertex 86.9226 0 9.05849
      vertex 87.0033 0 9.10138
    endloop
  endfacet
  facet normal 0 -1 0
    outer loop
      vertex 85.3491 0 9.05032
      vertex 86.9226 0 9.05849
      vertex 85.268 0 9.09492
    endloop
  endfacet
  facet normal 0 -1 0
    outer loop
      vertex 85.3491 0 9.05032
      vertex 86.8469 0 9.01057
      vertex 86.9226 0 9.05849
    endloop
  endfacet
  facet normal 0 -1 0
    outer loop
      vertex 85.4248 0 9.00049
      vertex 86.8469 0 9.01057
      vertex 85.3491 0 9.05032
    endloop
  endfacet
  facet normal 0 -1 0
    outer loop
      vertex 85.4248 0 9.00049
      vertex 86.7764 0 8.95761
      vertex 86.8469 0 9.01057
    endloop
  endfacet
  facet normal 0 -1 0
    outer loop
      vertex 85.4951 0 8.9454
      vertex 86.7764 0 8.95761
      vertex 85.4248 0 9.00049
    endloop
  endfacet
  facet normal 0 -1 0
    outer loop
      vertex 85.4951 0 8.9454
      vertex 86.7115 0 8.90028
      vertex 86.7764 0 8.95761
    endloop
  endfacet
  facet normal 0 -1 0
    outer loop
      vertex 85.5597 0 8.88559
      vertex 86.7115 0 8.90028
      vertex 85.4951 0 8.9454
    endloop
  endfacet
  facet normal 0 -1 0
    outer loop
      vertex 85.5597 0 8.88559
      vertex 86.6528 0 8.83928
      vertex 86.7115 0 8.90028
    endloop
  endfacet
  facet normal 0 -1 0
    outer loop
      vertex 85.6182 0 8.82153
      vertex 86.6528 0 8.83928
      vertex 85.5597 0 8.88559
    endloop
  endfacet
  facet normal 0 -1 0
    outer loop
      vertex 85.6182 0 8.82153
      vertex 86.6003 0 8.7746
      vertex 86.6528 0 8.83928
    endloop
  endfacet
  facet normal 0 -1 0
    outer loop
      vertex 85.6705 0 8.75325
      vertex 86.6003 0 8.7746
      vertex 85.6182 0 8.82153
    endloop
  endfacet
  facet normal 0 -1 0
    outer loop
      vertex 85.6705 0 8.75325
      vertex 86.554 0 8.70622
      vertex 86.6003 0 8.7746
    endloop
  endfacet
  facet normal 0 -1 0
    outer loop
      vertex 85.7167 0 8.68073
      vertex 86.554 0 8.70622
      vertex 85.6705 0 8.75325
    endloop
  endfacet
  facet normal 0 -1 0
    outer loop
      vertex 85.7167 0 8.68073
      vertex 86.5138 0 8.63417
      vertex 86.554 0 8.70622
    endloop
  endfacet
  facet normal 0 -1 0
    outer loop
      vertex 85.7567 0 8.60396
      vertex 86.5138 0 8.63417
      vertex 85.7167 0 8.68073
    endloop
  endfacet
  facet normal 0 -1 0
    outer loop
      vertex 85.7567 0 8.60396
      vertex 86.4798 0 8.55844
      vertex 86.5138 0 8.63417
    endloop
  endfacet
  facet normal 0 -1 0
    outer loop
      vertex 85.7905 0 8.52295
      vertex 86.4798 0 8.55844
      vertex 85.7567 0 8.60396
    endloop
  endfacet
  facet normal 0 -1 0
    outer loop
      vertex 85.7905 0 8.52295
      vertex 86.452 0 8.47903
      vertex 86.4798 0 8.55844
    endloop
  endfacet
  facet normal 0 -1 0
    outer loop
      vertex 85.8182 0 8.4377
      vertex 86.452 0 8.47903
      vertex 85.7905 0 8.52295
    endloop
  endfacet
  facet normal 0 -1 0
    outer loop
      vertex 85.8182 0 8.4377
      vertex 86.4304 0 8.39594
      vertex 86.452 0 8.47903
    endloop
  endfacet
  facet normal 0 -1 0
    outer loop
      vertex 85.8397 0 8.34822
      vertex 86.4304 0 8.39594
      vertex 85.8182 0 8.4377
    endloop
  endfacet
  facet normal 0 -1 0
    outer loop
      vertex 85.8397 0 8.34822
      vertex 86.4149 0 8.30916
      vertex 86.4304 0 8.39594
    endloop
  endfacet
  facet normal 0 -1 0
    outer loop
      vertex 85.8551 0 8.25452
      vertex 86.4149 0 8.30916
      vertex 85.8397 0 8.34822
    endloop
  endfacet
  facet normal 0 -1 0
    outer loop
      vertex 85.8551 0 8.25452
      vertex 86.4057 0 8.2187
      vertex 86.4149 0 8.30916
    endloop
  endfacet
  facet normal 0 -1 0
    outer loop
      vertex 85.8643 0 8.15656
      vertex 86.4057 0 8.2187
      vertex 85.8551 0 8.25452
    endloop
  endfacet
  facet normal 0 -1 0
    outer loop
      vertex 85.8643 0 8.15656
      vertex 86.4026 0 8.12456
      vertex 86.4057 0 8.2187
    endloop
  endfacet
  facet normal 0 -1 0
    outer loop
      vertex 85.8674 0 8.05437
      vertex 86.4026 0 8.12456
      vertex 85.8643 0 8.15656
    endloop
  endfacet
  facet normal 0 -1 -0
    outer loop
      vertex 86.4026 0 8.12456
      vertex 85.8674 0 8.05437
      vertex 86.4043 0 8.06143
    endloop
  endfacet
  facet normal 0 -1 0
    outer loop
      vertex 85.8664 0 7.99992
      vertex 86.4043 0 8.06143
      vertex 85.8674 0 8.05437
    endloop
  endfacet
  facet normal 0 -1 0
    outer loop
      vertex 85.8664 0 7.99992
      vertex 86.4096 0 7.99966
      vertex 86.4043 0 8.06143
    endloop
  endfacet
  facet normal 0 -1 0
    outer loop
      vertex 85.8635 0 7.94643
      vertex 86.4096 0 7.99966
      vertex 85.8664 0 7.99992
    endloop
  endfacet
  facet normal 0 -1 0
    outer loop
      vertex 85.8635 0 7.94643
      vertex 86.4185 0 7.93927
      vertex 86.4096 0 7.99966
    endloop
  endfacet
  facet normal 0 -1 0
    outer loop
      vertex 85.8586 0 7.89391
      vertex 86.4185 0 7.93927
      vertex 85.8635 0 7.94643
    endloop
  endfacet
  facet normal 0 -1 0
    outer loop
      vertex 85.8586 0 7.89391
      vertex 86.4308 0 7.88022
      vertex 86.4185 0 7.93927
    endloop
  endfacet
  facet normal 0 -1 0
    outer loop
      vertex 85.8517 0 7.84233
      vertex 86.4308 0 7.88022
      vertex 85.8586 0 7.89391
    endloop
  endfacet
  facet normal 0 -1 0
    outer loop
      vertex 85.8517 0 7.84233
      vertex 86.4467 0 7.82254
      vertex 86.4308 0 7.88022
    endloop
  endfacet
  facet normal 0 -1 0
    outer loop
      vertex 85.8428 0 7.79172
      vertex 86.4467 0 7.82254
      vertex 85.8517 0 7.84233
    endloop
  endfacet
  facet normal 0 -1 0
    outer loop
      vertex 85.832 0 7.74207
      vertex 86.4467 0 7.82254
      vertex 85.8428 0 7.79172
    endloop
  endfacet
  facet normal 0 -1 -0
    outer loop
      vertex 86.4467 0 7.82254
      vertex 85.832 0 7.74207
      vertex 86.4661 0 7.76622
    endloop
  endfacet
  facet normal 0 -1 0
    outer loop
      vertex 85.8192 0 7.69336
      vertex 86.4661 0 7.76622
      vertex 85.832 0 7.74207
    endloop
  endfacet
  facet normal 0 -1 -0
    outer loop
      vertex 86.4661 0 7.76622
      vertex 85.8192 0 7.69336
      vertex 86.4891 0 7.71126
    endloop
  endfacet
  facet normal 0 -1 0
    outer loop
      vertex 85.8045 0 7.64563
      vertex 86.4891 0 7.71126
      vertex 85.8192 0 7.69336
    endloop
  endfacet
  facet normal 0 -1 -0
    outer loop
      vertex 86.4891 0 7.71126
      vertex 85.8045 0 7.64563
      vertex 86.5155 0 7.65767
    endloop
  endfacet
  facet normal 0 -1 0
    outer loop
      vertex 85.7877 0 7.59885
      vertex 86.5155 0 7.65767
      vertex 85.8045 0 7.64563
    endloop
  endfacet
  facet normal 0 -1 -0
    outer loop
      vertex 86.5155 0 7.65767
      vertex 85.7877 0 7.59885
      vertex 86.5455 0 7.60544
    endloop
  endfacet
  facet normal 0 -1 0
    outer loop
      vertex 85.769 0 7.55302
      vertex 86.5455 0 7.60544
      vertex 85.7877 0 7.59885
    endloop
  endfacet
  facet normal 0 -1 0
    outer loop
      vertex 85.7484 0 7.50815
      vertex 86.5455 0 7.60544
      vertex 85.769 0 7.55302
    endloop
  endfacet
  facet normal 0 -1 -0
    outer loop
      vertex 86.5455 0 7.60544
      vertex 85.7484 0 7.50815
      vertex 86.5791 0 7.55457
    endloop
  endfacet
  facet normal 0 -1 0
    outer loop
      vertex 85.7262 0 7.46408
      vertex 86.5791 0 7.55457
      vertex 85.7484 0 7.50815
    endloop
  endfacet
  facet normal 0 -1 -0
    outer loop
      vertex 86.5791 0 7.55457
      vertex 85.7262 0 7.46408
      vertex 86.6161 0 7.50505
    endloop
  endfacet
  facet normal 0 -1 0
    outer loop
      vertex 86.5845 0 6.84821
      vertex 86.6161 0 7.50505
      vertex 85.7262 0 7.46408
    endloop
  endfacet
  facet normal 0 -1 0
    outer loop
      vertex 86.5845 0 6.84821
      vertex 85.7262 0 7.46408
      vertex 85.7029 0 7.42064
    endloop
  endfacet
  facet normal 0 -1 -0
    outer loop
      vertex 86.6161 0 7.50505
      vertex 86.5845 0 6.84821
      vertex 86.6561 0 7.45782
    endloop
  endfacet
  facet normal 0 -1 0
    outer loop
      vertex 86.5399 0 6.79866
      vertex 85.7029 0 7.42064
      vertex 85.6785 0 7.37784
    endloop
  endfacet
  facet normal -0 -1 0
    outer loop
      vertex 86.6318 0 6.8942
      vertex 86.6561 0 7.45782
      vertex 86.5845 0 6.84821
    endloop
  endfacet
  facet normal 0 -1 0
    outer loop
      vertex 86.4986 0 6.74626
      vertex 85.6785 0 7.37784
      vertex 85.653 0 7.33565
    endloop
  endfacet
  facet normal 0 -1 -0
    outer loop
      vertex 86.6561 0 7.45782
      vertex 86.6318 0 6.8942
      vertex 86.6983 0 7.41376
    endloop
  endfacet
  facet normal 0 -1 -0
    outer loop
      vertex 86.6983 0 7.41376
      vertex 86.6817 0 6.93663
      vertex 86.7427 0 7.37288
    endloop
  endfacet
  facet normal 0 -1 0
    outer loop
      vertex 86.4986 0 6.74626
      vertex 85.653 0 7.33565
      vertex 85.6263 0 7.2941
    endloop
  endfacet
  facet normal -0 -1 0
    outer loop
      vertex 86.7344 0 6.97551
      vertex 86.7427 0 7.37288
      vertex 86.6817 0 6.93663
    endloop
  endfacet
  facet normal 0 -1 0
    outer loop
      vertex 86.4612 0 6.69173
      vertex 85.6263 0 7.2941
      vertex 85.5986 0 7.25317
    endloop
  endfacet
  facet normal -0 -1 0
    outer loop
      vertex 86.7897 0 7.01082
      vertex 86.7893 0 7.33519
      vertex 86.7344 0 6.97551
    endloop
  endfacet
  facet normal -0 -1 0
    outer loop
      vertex 86.8477 0 7.04257
      vertex 86.8381 0 7.30066
      vertex 86.7897 0 7.01082
    endloop
  endfacet
  facet normal 0 -1 0
    outer loop
      vertex 86.4612 0 6.69173
      vertex 85.5986 0 7.25317
      vertex 85.5697 0 7.21289
    endloop
  endfacet
  facet normal -0 -1 0
    outer loop
      vertex 86.9083 0 7.07079
      vertex 86.8891 0 7.26932
      vertex 86.8477 0 7.04257
    endloop
  endfacet
  facet normal -0 -1 0
    outer loop
      vertex 86.9716 0 7.09544
      vertex 86.9424 0 7.24115
      vertex 86.9083 0 7.07079
    endloop
  endfacet
  facet normal 0 -1 0
    outer loop
      vertex 86.4278 0 6.63506
      vertex 85.5697 0 7.21289
      vertex 85.5398 0 7.17322
    endloop
  endfacet
  facet normal -0 -1 0
    outer loop
      vertex 87.0376 0 7.11653
      vertex 86.9979 0 7.21616
      vertex 86.9716 0 7.09544
    endloop
  endfacet
  facet normal 0 -1 0
    outer loop
      vertex 87.0556 0 7.19435
      vertex 87.1063 0 7.13408
      vertex 87.1155 0 7.17572
    endloop
  endfacet
  facet normal 0 -1 0
    outer loop
      vertex 86.3983 0 6.57623
      vertex 85.5398 0 7.17322
      vertex 85.5087 0 7.13419
    endloop
  endfacet
  facet normal 0 -1 0
    outer loop
      vertex 87.1155 0 7.17572
      vertex 87.1777 0 7.14807
      vertex 87.1777 0 7.16026
    endloop
  endfacet
  facet normal -0 -1 0
    outer loop
      vertex 87.1777 0 7.14807
      vertex 87.1155 0 7.17572
      vertex 87.1063 0 7.13408
    endloop
  endfacet
  facet normal 0 -1 0
    outer loop
      vertex 86.3983 0 6.57623
      vertex 85.5087 0 7.13419
      vertex 85.4765 0 7.09579
    endloop
  endfacet
  facet normal -0 -1 0
    outer loop
      vertex 87.1063 0 7.13408
      vertex 87.0556 0 7.19435
      vertex 87.0376 0 7.11653
    endloop
  endfacet
  facet normal 0 -1 0
    outer loop
      vertex 86.9979 0 7.21616
      vertex 87.0376 0 7.11653
      vertex 87.0556 0 7.19435
    endloop
  endfacet
  facet normal 0 -1 0
    outer loop
      vertex 86.3727 0 6.51527
      vertex 85.4765 0 7.09579
      vertex 85.4433 0 7.05801
    endloop
  endfacet
  facet normal 0 -1 0
    outer loop
      vertex 86.9424 0 7.24115
      vertex 86.9716 0 7.09544
      vertex 86.9979 0 7.21616
    endloop
  endfacet
  facet normal 0 -1 0
    outer loop
      vertex 86.3727 0 6.51527
      vertex 85.4433 0 7.05801
      vertex 85.4091 0 7.02078
    endloop
  endfacet
  facet normal 0 -1 0
    outer loop
      vertex 86.8891 0 7.26932
      vertex 86.9083 0 7.07079
      vertex 86.9424 0 7.24115
    endloop
  endfacet
  facet normal 0 -1 0
    outer loop
      vertex 86.351 0 6.45216
      vertex 85.4091 0 7.02078
      vertex 85.3742 0 6.98399
    endloop
  endfacet
  facet normal 0 -1 0
    outer loop
      vertex 86.8381 0 7.30066
      vertex 86.8477 0 7.04257
      vertex 86.8891 0 7.26932
    endloop
  endfacet
  facet normal 0 -1 0
    outer loop
      vertex 86.3333 0 6.3869
      vertex 85.3742 0 6.98399
      vertex 85.3386 0 6.94762
    endloop
  endfacet
  facet normal 0 -1 0
    outer loop
      vertex 86.7893 0 7.33519
      vertex 86.7897 0 7.01082
      vertex 86.8381 0 7.30066
    endloop
  endfacet
  facet normal 0 -1 0
    outer loop
      vertex 86.3333 0 6.3869
      vertex 85.3386 0 6.94762
      vertex 85.3024 0 6.91167
    endloop
  endfacet
  facet normal 0 -1 -0
    outer loop
      vertex 86.7427 0 7.37288
      vertex 86.7344 0 6.97551
      vertex 86.7893 0 7.33519
    endloop
  endfacet
  facet normal 0 -1 0
    outer loop
      vertex 86.3196 0 6.3195
      vertex 85.3024 0 6.91167
      vertex 85.2655 0 6.87614
    endloop
  endfacet
  facet normal -0 -1 0
    outer loop
      vertex 86.6817 0 6.93663
      vertex 86.6983 0 7.41376
      vertex 86.6318 0 6.8942
    endloop
  endfacet
  facet normal 0 -1 0
    outer loop
      vertex 86.3196 0 6.3195
      vertex 85.2655 0 6.87614
      vertex 85.2279 0 6.84106
    endloop
  endfacet
  facet normal 0 -1 0
    outer loop
      vertex 86.3097 0 6.24995
      vertex 85.2279 0 6.84106
      vertex 85.1896 0 6.8064
    endloop
  endfacet
  facet normal 0 -1 0
    outer loop
      vertex 85.7029 0 7.42064
      vertex 86.5399 0 6.79866
      vertex 86.5845 0 6.84821
    endloop
  endfacet
  facet normal 0 -1 0
    outer loop
      vertex 86.3097 0 6.24995
      vertex 85.1896 0 6.8064
      vertex 85.1507 0 6.77216
    endloop
  endfacet
  facet normal 0 -1 0
    outer loop
      vertex 85.6785 0 7.37784
      vertex 86.4986 0 6.74626
      vertex 86.5399 0 6.79866
    endloop
  endfacet
  facet normal 0 -1 0
    outer loop
      vertex 85.9346 0 5.60399
      vertex 85.1507 0 6.77216
      vertex 85.1111 0 6.73836
    endloop
  endfacet
  facet normal 0 -1 0
    outer loop
      vertex 85.9346 0 5.60399
      vertex 85.1111 0 6.73836
      vertex 85.0707 0 6.70497
    endloop
  endfacet
  facet normal 0 -1 0
    outer loop
      vertex 85.6263 0 7.2941
      vertex 86.4612 0 6.69173
      vertex 86.4986 0 6.74626
    endloop
  endfacet
  facet normal 0 -1 0
    outer loop
      vertex 85.9346 0 5.60399
      vertex 85.0707 0 6.70497
      vertex 85.0297 0 6.67203
    endloop
  endfacet
  facet normal 0 -1 0
    outer loop
      vertex 85.5697 0 7.21289
      vertex 86.4278 0 6.63506
      vertex 86.4612 0 6.69173
    endloop
  endfacet
  facet normal 0 -1 0
    outer loop
      vertex 85.9346 0 5.60399
      vertex 85.0297 0 6.67203
      vertex 84.9475 0 6.60686
    endloop
  endfacet
  facet normal 0 -1 0
    outer loop
      vertex 85.5398 0 7.17322
      vertex 86.3983 0 6.57623
      vertex 86.4278 0 6.63506
    endloop
  endfacet
  facet normal 0 -1 0
    outer loop
      vertex 85.9346 0 5.60399
      vertex 84.9475 0 6.60686
      vertex 84.8662 0 6.5423
    endloop
  endfacet
  facet normal 0 -1 0
    outer loop
      vertex 85.4765 0 7.09579
      vertex 86.3727 0 6.51527
      vertex 86.3983 0 6.57623
    endloop
  endfacet
  facet normal 0 -1 0
    outer loop
      vertex 85.9346 0 5.60399
      vertex 84.8662 0 6.5423
      vertex 84.7858 0 6.47833
    endloop
  endfacet
  facet normal 0 -1 0
    outer loop
      vertex 85.4091 0 7.02078
      vertex 86.351 0 6.45216
      vertex 86.3727 0 6.51527
    endloop
  endfacet
  facet normal 0 -1 0
    outer loop
      vertex 85.9346 0 5.60399
      vertex 84.7858 0 6.47833
      vertex 84.7063 0 6.41498
    endloop
  endfacet
  facet normal 0 -1 0
    outer loop
      vertex 85.3742 0 6.98399
      vertex 86.3333 0 6.3869
      vertex 86.351 0 6.45216
    endloop
  endfacet
  facet normal 0 -1 0
    outer loop
      vertex 85.9346 0 5.60399
      vertex 84.7063 0 6.41498
      vertex 84.5888 0 6.32108
    endloop
  endfacet
  facet normal 0 -1 0
    outer loop
      vertex 85.3024 0 6.91167
      vertex 86.3196 0 6.3195
      vertex 86.3333 0 6.3869
    endloop
  endfacet
  facet normal 0 -1 0
    outer loop
      vertex 85.9346 0 5.60399
      vertex 84.5888 0 6.32108
      vertex 84.5503 0 6.28998
    endloop
  endfacet
  facet normal 0 -1 0
    outer loop
      vertex 85.9346 0 5.60399
      vertex 84.5503 0 6.28998
      vertex 84.5124 0 6.25883
    endloop
  endfacet
  facet normal 0 -1 0
    outer loop
      vertex 85.2279 0 6.84106
      vertex 86.3097 0 6.24995
      vertex 86.3196 0 6.3195
    endloop
  endfacet
  facet normal 0 -1 0
    outer loop
      vertex 85.9346 0 5.60399
      vertex 84.5124 0 6.25883
      vertex 84.4751 0 6.22765
    endloop
  endfacet
  facet normal 0 -1 0
    outer loop
      vertex 85.9346 0 5.60399
      vertex 84.4751 0 6.22765
      vertex 84.4385 0 6.1964
    endloop
  endfacet
  facet normal 0 -1 0
    outer loop
      vertex 85.1507 0 6.77216
      vertex 85.9346 0 5.60399
      vertex 86.3038 0 6.17827
    endloop
  endfacet
  facet normal 0 -1 0
    outer loop
      vertex 85.9346 0 5.60399
      vertex 84.4385 0 6.1964
      vertex 84.4025 0 6.1651
    endloop
  endfacet
  facet normal 0 -1 0
    outer loop
      vertex 85.9346 0 5.60399
      vertex 84.4025 0 6.1651
      vertex 84.3671 0 6.13376
    endloop
  endfacet
  facet normal 0 -1 0
    outer loop
      vertex 85.1507 0 6.77216
      vertex 86.3038 0 6.17827
      vertex 86.3097 0 6.24995
    endloop
  endfacet
  facet normal 0 -1 0
    outer loop
      vertex 85.9346 0 5.60399
      vertex 84.3671 0 6.13376
      vertex 84.3324 0 6.10237
    endloop
  endfacet
  facet normal 0 -1 0
    outer loop
      vertex 85.9346 0 5.60399
      vertex 84.3324 0 6.10237
      vertex 84.2983 0 6.07092
    endloop
  endfacet
  facet normal 0 -1 0
    outer loop
      vertex 85.9346 0 5.60399
      vertex 84.2983 0 6.07092
      vertex 84.2648 0 6.03943
    endloop
  endfacet
  facet normal 0 -1 0
    outer loop
      vertex 85.9346 0 5.60399
      vertex 84.2648 0 6.03943
      vertex 84.2319 0 6.00787
    endloop
  endfacet
  facet normal 0 -1 0
    outer loop
      vertex 86.3038 0 6.17827
      vertex 85.9346 0 5.60399
      vertex 86.3019 0 6.10445
    endloop
  endfacet
  facet normal 0 -1 0
    outer loop
      vertex 85.9346 0 5.60399
      vertex 84.2319 0 6.00787
      vertex 84.1997 0 5.97627
    endloop
  endfacet
  facet normal 0 -1 0
    outer loop
      vertex 85.9346 0 5.60399
      vertex 84.1997 0 5.97627
      vertex 84.1686 0 5.94446
    endloop
  endfacet
  facet normal 0 -1 0
    outer loop
      vertex 85.9346 0 5.60399
      vertex 84.1686 0 5.94446
      vertex 84.1389 0 5.91223
    endloop
  endfacet
  facet normal 0 -1 -0
    outer loop
      vertex 86.3019 0 6.10445
      vertex 85.9346 0 5.60399
      vertex 86.3052 0 5.99736
    endloop
  endfacet
  facet normal 0 -1 0
    outer loop
      vertex 85.9346 0 5.60399
      vertex 84.1389 0 5.91223
      vertex 84.1107 0 5.87959
    endloop
  endfacet
  facet normal 0 -1 0
    outer loop
      vertex 85.9346 0 5.60399
      vertex 84.1107 0 5.87959
      vertex 84.084 0 5.84656
    endloop
  endfacet
  facet normal 0 -1 0
    outer loop
      vertex 85.9346 0 5.60399
      vertex 84.084 0 5.84656
      vertex 84.0588 0 5.81311
    endloop
  endfacet
  facet normal 0 -1 -0
    outer loop
      vertex 86.3052 0 5.99736
      vertex 85.9346 0 5.60399
      vertex 86.3152 0 5.89471
    endloop
  endfacet
  facet normal 0 -1 0
    outer loop
      vertex 85.9346 0 5.60399
      vertex 84.0588 0 5.81311
      vertex 84.0351 0 5.77927
    endloop
  endfacet
  facet normal 0 -1 0
    outer loop
      vertex 85.9346 0 5.60399
      vertex 84.0351 0 5.77927
      vertex 84.0128 0 5.74503
    endloop
  endfacet
  facet normal 0 -1 0
    outer loop
      vertex 85.9346 0 5.60399
      vertex 84.0128 0 5.74503
      vertex 83.9921 0 5.71037
    endloop
  endfacet
  facet normal 0 -1 -0
    outer loop
      vertex 86.3152 0 5.89471
      vertex 85.9346 0 5.60399
      vertex 86.3319 0 5.79651
    endloop
  endfacet
  facet normal 0 -1 0
    outer loop
      vertex 85.9346 0 5.60399
      vertex 83.9921 0 5.71037
      vertex 83.9729 0 5.67532
    endloop
  endfacet
  facet normal 0 -1 0
    outer loop
      vertex 85.9346 0 5.60399
      vertex 83.9729 0 5.67532
      vertex 83.9551 0 5.63986
    endloop
  endfacet
  facet normal 0 -1 -0
    outer loop
      vertex 86.3319 0 5.79651
      vertex 85.9346 0 5.60399
      vertex 86.3553 0 5.70274
    endloop
  endfacet
  facet normal 0 -1 0
    outer loop
      vertex 85.9346 0 5.60399
      vertex 83.9551 0 5.63986
      vertex 83.9388 0 5.60399
    endloop
  endfacet
  facet normal 0 -1 -0
    outer loop
      vertex 86.3553 0 5.70274
      vertex 85.9346 0 5.60399
      vertex 86.3854 0 5.61342
    endloop
  endfacet
  facet normal 0 -1 0
    outer loop
      vertex 85.9346 0 5.60399
      vertex 86.4222 0 5.52852
      vertex 86.3854 0 5.61342
    endloop
  endfacet
  facet normal 0 -1 0
    outer loop
      vertex 85.9346 0 5.60399
      vertex 86.4656 0 5.44807
      vertex 86.4222 0 5.52852
    endloop
  endfacet
  facet normal 0 -1 0
    outer loop
      vertex 85.9346 0 4.89906
      vertex 86.4656 0 5.44807
      vertex 85.9346 0 5.60399
    endloop
  endfacet
  facet normal 0 -1 -0
    outer loop
      vertex 86.4656 0 5.44807
      vertex 85.9346 0 4.89906
      vertex 86.5157 0 5.37206
    endloop
  endfacet
  facet normal 0 -1 -0
    outer loop
      vertex 86.5157 0 5.37206
      vertex 85.9346 0 4.89906
      vertex 86.5725 0 5.30048
    endloop
  endfacet
  facet normal 0 -1 -0
    outer loop
      vertex 86.5725 0 5.30048
      vertex 85.9346 0 4.89906
      vertex 86.636 0 5.23334
    endloop
  endfacet
  facet normal 0 -1 -0
    outer loop
      vertex 86.636 0 5.23334
      vertex 85.9346 0 4.89906
      vertex 86.7062 0 5.17064
    endloop
  endfacet
  facet normal 0 -1 -0
    outer loop
      vertex 86.7062 0 5.17064
      vertex 85.9346 0 4.89906
      vertex 86.7825 0 5.11292
    endloop
  endfacet
  facet normal 0 -1 -0
    outer loop
      vertex 86.7825 0 5.11292
      vertex 85.9346 0 4.89906
      vertex 86.8642 0 5.0607
    endloop
  endfacet
  facet normal 0 -1 0
    outer loop
      vertex 85.9346 0 4.89906
      vertex 86.9514 0 5.01396
      vertex 86.8642 0 5.0607
    endloop
  endfacet
  facet normal 0 -1 0
    outer loop
      vertex 85.9346 0 4.89906
      vertex 87.044 0 4.97273
      vertex 86.9514 0 5.01396
    endloop
  endfacet
  facet normal 0 -1 0
    outer loop
      vertex 85.9346 0 4.89906
      vertex 87.1422 0 4.937
      vertex 87.044 0 4.97273
    endloop
  endfacet
  facet normal 0 -1 0
    outer loop
      vertex 85.9346 0 4.89906
      vertex 87.2458 0 4.90677
      vertex 87.1422 0 4.937
    endloop
  endfacet
  facet normal 0 -1 -0
    outer loop
      vertex 87.2458 0 4.90677
      vertex 85.9346 0 4.89906
      vertex 87.3549 0 4.88203
    endloop
  endfacet
  facet normal 0 -1 0
    outer loop
      vertex 6 0 12.91
      vertex 84.427 0 9.2628
      vertex 154 0 12.91
    endloop
  endfacet
  facet normal 0 -1 0
    outer loop
      vertex 6 0 12.91
      vertex 84.3122 0 9.26019
      vertex 84.427 0 9.2628
    endloop
  endfacet
  facet normal 0 -1 0
    outer loop
      vertex 70.9201 0 9.19872
      vertex 84.3122 0 9.26019
      vertex 6 0 12.91
    endloop
  endfacet
  facet normal 0 -1 0
    outer loop
      vertex 72.4764 0 9.19872
      vertex 84.3122 0 9.26019
      vertex 70.9201 0 9.19872
    endloop
  endfacet
  facet normal 0 -1 0
    outer loop
      vertex 75.3278 0 9.19872
      vertex 84.3122 0 9.26019
      vertex 72.4764 0 9.19872
    endloop
  endfacet
  facet normal 0 -1 0
    outer loop
      vertex 76.2281 0 9.19872
      vertex 84.3122 0 9.26019
      vertex 75.3278 0 9.19872
    endloop
  endfacet
  facet normal 0 -1 0
    outer loop
      vertex 6 0 12.91
      vertex 70.9201 0 4.89906
      vertex 70.9201 0 9.19872
    endloop
  endfacet
  facet normal 0 0 0
    outer loop
      vertex 70.9201 0 4.89906
      vertex 75.3278 0 4.89906
      vertex 72.6595 0 4.89906
    endloop
  endfacet
  facet normal 0 0 0
    outer loop
      vertex 70.9201 0 4.89906
      vertex 76.2281 0 4.89906
      vertex 75.3278 0 4.89906
    endloop
  endfacet
  facet normal 0 0 0
    outer loop
      vertex 70.9201 0 4.89906
      vertex 77.0236 0 4.89906
      vertex 76.2281 0 4.89906
    endloop
  endfacet
  facet normal 0 0 0
    outer loop
      vertex 70.9201 0 4.89906
      vertex 77.9238 0 4.89906
      vertex 77.0236 0 4.89906
    endloop
  endfacet
  facet normal 0 0 0
    outer loop
      vertex 70.9201 0 4.89906
      vertex 82.9257 0 4.89906
      vertex 77.9238 0 4.89906
    endloop
  endfacet
  facet normal 0 -1 0
    outer loop
      vertex 87.715 0 4.84081
      vertex 82.9257 0 4.89906
      vertex 70.9201 0 4.89906
    endloop
  endfacet
  facet normal 0 -1 0
    outer loop
      vertex 82.9257 0 4.89906
      vertex 87.715 0 4.84081
      vertex 85.9346 0 4.89906
    endloop
  endfacet
  facet normal 0 -1 0
    outer loop
      vertex 85.9346 0 4.89906
      vertex 87.4694 0 4.86279
      vertex 87.3549 0 4.88203
    endloop
  endfacet
  facet normal 0 -1 0
    outer loop
      vertex 85.9346 0 4.89906
      vertex 87.5895 0 4.84904
      vertex 87.4694 0 4.86279
    endloop
  endfacet
  facet normal 0 -1 0
    outer loop
      vertex 85.9346 0 4.89906
      vertex 87.715 0 4.84081
      vertex 87.5895 0 4.84904
    endloop
  endfacet
  facet normal 0 -1 0
    outer loop
      vertex 70.9201 0 4.89906
      vertex 87.846 0 4.83804
      vertex 87.715 0 4.84081
    endloop
  endfacet
  facet normal 0 -1 -0
    outer loop
      vertex 70.9201 0 4.89906
      vertex 6 0 0
      vertex 87.846 0 4.83804
    endloop
  endfacet
  facet normal 0 -1 0
    outer loop
      vertex 6 0 0
      vertex 70.9201 0 4.89906
      vertex 6 0 12.91
    endloop
  endfacet
  facet normal 0 -1 0
    outer loop
      vertex 87.8338 0 9.2628
      vertex 154 0 12.91
      vertex 84.427 0 9.2628
    endloop
  endfacet
  facet normal 0 -1 0
    outer loop
      vertex 87.9581 0 9.26033
      vertex 154 0 12.91
      vertex 87.8338 0 9.2628
    endloop
  endfacet
  facet normal 0 -1 0
    outer loop
      vertex 88.0771 0 9.25296
      vertex 154 0 12.91
      vertex 87.9581 0 9.26033
    endloop
  endfacet
  facet normal 0 -1 0
    outer loop
      vertex 88.1908 0 9.24066
      vertex 154 0 12.91
      vertex 88.0771 0 9.25296
    endloop
  endfacet
  facet normal 0 -1 0
    outer loop
      vertex 88.299 0 9.22345
      vertex 154 0 12.91
      vertex 88.1908 0 9.24066
    endloop
  endfacet
  facet normal 0 -1 0
    outer loop
      vertex 88.4019 0 9.20132
      vertex 154 0 12.91
      vertex 88.299 0 9.22345
    endloop
  endfacet
  facet normal 0 -1 0
    outer loop
      vertex 88.4994 0 9.17427
      vertex 154 0 12.91
      vertex 88.4019 0 9.20132
    endloop
  endfacet
  facet normal 0 -1 0
    outer loop
      vertex 88.5915 0 9.1423
      vertex 154 0 12.91
      vertex 88.4994 0 9.17427
    endloop
  endfacet
  facet normal 0 -1 0
    outer loop
      vertex 88.6783 0 9.10542
      vertex 154 0 12.91
      vertex 88.5915 0 9.1423
    endloop
  endfacet
  facet normal 0 -1 0
    outer loop
      vertex 88.7597 0 9.06361
      vertex 154 0 12.91
      vertex 88.6783 0 9.10542
    endloop
  endfacet
  facet normal 0 -1 0
    outer loop
      vertex 88.8357 0 9.01689
      vertex 154 0 12.91
      vertex 88.7597 0 9.06361
    endloop
  endfacet
  facet normal 0 -1 0
    outer loop
      vertex 88.9064 0 8.96526
      vertex 154 0 12.91
      vertex 88.8357 0 9.01689
    endloop
  endfacet
  facet normal 0 -1 0
    outer loop
      vertex 88.9713 0 8.90907
      vertex 154 0 12.91
      vertex 88.9064 0 8.96526
    endloop
  endfacet
  facet normal 0 -1 0
    outer loop
      vertex 89.03 0 8.84874
      vertex 154 0 12.91
      vertex 88.9713 0 8.90907
    endloop
  endfacet
  facet normal 0 -1 0
    outer loop
      vertex 89.0825 0 8.78424
      vertex 154 0 12.91
      vertex 89.03 0 8.84874
    endloop
  endfacet
  facet normal 0 -1 0
    outer loop
      vertex 89.1288 0 8.71558
      vertex 154 0 12.91
      vertex 89.0825 0 8.78424
    endloop
  endfacet
  facet normal 0 -1 0
    outer loop
      vertex 89.169 0 8.64276
      vertex 154 0 12.91
      vertex 89.1288 0 8.71558
    endloop
  endfacet
  facet normal 0 -1 0
    outer loop
      vertex 89.203 0 8.56577
      vertex 154 0 12.91
      vertex 89.169 0 8.64276
    endloop
  endfacet
  facet normal 0 -1 0
    outer loop
      vertex 89.2308 0 8.48463
      vertex 154 0 12.91
      vertex 89.203 0 8.56577
    endloop
  endfacet
  facet normal 0 -1 0
    outer loop
      vertex 89.2524 0 8.39932
      vertex 154 0 12.91
      vertex 89.2308 0 8.48463
    endloop
  endfacet
  facet normal 0 -1 0
    outer loop
      vertex 89.2678 0 8.30986
      vertex 154 0 12.91
      vertex 89.2524 0 8.39932
    endloop
  endfacet
  facet normal 0 -1 0
    outer loop
      vertex 89.2771 0 8.21623
      vertex 154 0 12.91
      vertex 89.2678 0 8.30986
    endloop
  endfacet
  facet normal 0 -1 0
    outer loop
      vertex 89.2802 0 8.11844
      vertex 154 0 12.91
      vertex 89.2771 0 8.21623
    endloop
  endfacet
  facet normal 0 -1 0
    outer loop
      vertex 89.3792 0 6.26183
      vertex 89.2802 0 8.11844
      vertex 89.2784 0 8.05534
    endloop
  endfacet
  facet normal 0 -1 0
    outer loop
      vertex 89.3694 0 6.33356
      vertex 89.2784 0 8.05534
      vertex 89.2732 0 7.99367
    endloop
  endfacet
  facet normal 0 -1 0
    outer loop
      vertex 89.3557 0 6.40268
      vertex 89.2732 0 7.99367
      vertex 89.2644 0 7.9334
    endloop
  endfacet
  facet normal 0 -1 0
    outer loop
      vertex 89.3381 0 6.46922
      vertex 89.2644 0 7.9334
      vertex 89.2522 0 7.87453
    endloop
  endfacet
  facet normal 0 -1 0
    outer loop
      vertex 89.3166 0 6.53317
      vertex 89.2522 0 7.87453
      vertex 89.2364 0 7.81708
    endloop
  endfacet
  facet normal 0 -1 0
    outer loop
      vertex 89.2912 0 6.59451
      vertex 89.2364 0 7.81708
      vertex 89.2171 0 7.76105
    endloop
  endfacet
  facet normal 0 -1 0
    outer loop
      vertex 89.2619 0 6.65326
      vertex 89.2171 0 7.76105
      vertex 89.1943 0 7.70642
    endloop
  endfacet
  facet normal 0 -1 0
    outer loop
      vertex 89.2287 0 6.70941
      vertex 89.1943 0 7.70642
      vertex 89.168 0 7.6532
    endloop
  endfacet
  facet normal 0 -1 0
    outer loop
      vertex 89.1915 0 6.76295
      vertex 89.168 0 7.6532
      vertex 89.1382 0 7.60141
    endloop
  endfacet
  facet normal 0 -1 0
    outer loop
      vertex 89.1505 0 6.8139
      vertex 89.1382 0 7.60141
      vertex 89.1049 0 7.55101
    endloop
  endfacet
  facet normal 0 -1 0
    outer loop
      vertex 89.106 0 6.86188
      vertex 89.1049 0 7.55101
      vertex 89.0681 0 7.50203
    endloop
  endfacet
  facet normal 0 -1 0
    outer loop
      vertex 89.106 0 6.86188
      vertex 89.0681 0 7.50203
      vertex 89.0284 0 7.45538
    endloop
  endfacet
  facet normal 0 -1 0
    outer loop
      vertex 89.0586 0 6.90643
      vertex 89.0284 0 7.45538
      vertex 88.9862 0 7.41194
    endloop
  endfacet
  facet normal 0 -1 0
    outer loop
      vertex 89.0082 0 6.94757
      vertex 88.9862 0 7.41194
      vertex 88.9417 0 7.37175
    endloop
  endfacet
  facet normal 0 -1 0
    outer loop
      vertex 88.9549 0 6.98532
      vertex 88.9417 0 7.37175
      vertex 88.8947 0 7.33478
    endloop
  endfacet
  facet normal 0 -1 0
    outer loop
      vertex 88.8986 0 7.01964
      vertex 88.8947 0 7.33478
      vertex 88.8454 0 7.30103
    endloop
  endfacet
  facet normal 0 -1 0
    outer loop
      vertex 88.8394 0 7.05057
      vertex 88.8454 0 7.30103
      vertex 88.7936 0 7.27052
    endloop
  endfacet
  facet normal 0 -1 0
    outer loop
      vertex 88.7772 0 7.07809
      vertex 88.7936 0 7.27052
      vertex 88.7395 0 7.24323
    endloop
  endfacet
  facet normal 0 -1 0
    outer loop
      vertex 88.7121 0 7.10222
      vertex 88.7395 0 7.24323
      vertex 88.683 0 7.21918
    endloop
  endfacet
  facet normal 0 -1 0
    outer loop
      vertex 88.644 0 7.12292
      vertex 88.683 0 7.21918
      vertex 88.624 0 7.19835
    endloop
  endfacet
  facet normal 0 -1 0
    outer loop
      vertex 88.573 0 7.14024
      vertex 88.624 0 7.19835
      vertex 88.5627 0 7.18076
    endloop
  endfacet
  facet normal 0 -1 0
    outer loop
      vertex 88.499 0 7.15414
      vertex 88.5627 0 7.18076
      vertex 88.499 0 7.16638
    endloop
  endfacet
  facet normal 0 -1 -0
    outer loop
      vertex 88.5627 0 7.18076
      vertex 88.499 0 7.15414
      vertex 88.573 0 7.14024
    endloop
  endfacet
  facet normal 0 -1 -0
    outer loop
      vertex 88.624 0 7.19835
      vertex 88.573 0 7.14024
      vertex 88.644 0 7.12292
    endloop
  endfacet
  facet normal 0 -1 -0
    outer loop
      vertex 88.683 0 7.21918
      vertex 88.644 0 7.12292
      vertex 88.7121 0 7.10222
    endloop
  endfacet
  facet normal 0 -1 -0
    outer loop
      vertex 88.7395 0 7.24323
      vertex 88.7121 0 7.10222
      vertex 88.7772 0 7.07809
    endloop
  endfacet
  facet normal 0 -1 -0
    outer loop
      vertex 88.7936 0 7.27052
      vertex 88.7772 0 7.07809
      vertex 88.8394 0 7.05057
    endloop
  endfacet
  facet normal 0 -1 -0
    outer loop
      vertex 88.8454 0 7.30103
      vertex 88.8394 0 7.05057
      vertex 88.8986 0 7.01964
    endloop
  endfacet
  facet normal 0 -1 0
    outer loop
      vertex 88.8947 0 7.33478
      vertex 88.8986 0 7.01964
      vertex 88.9549 0 6.98532
    endloop
  endfacet
  facet normal 0 -1 0
    outer loop
      vertex 88.9417 0 7.37175
      vertex 88.9549 0 6.98532
      vertex 89.0082 0 6.94757
    endloop
  endfacet
  facet normal 0 -1 0
    outer loop
      vertex 88.9862 0 7.41194
      vertex 89.0082 0 6.94757
      vertex 89.0586 0 6.90643
    endloop
  endfacet
  facet normal 0 -1 0
    outer loop
      vertex 89.0284 0 7.45538
      vertex 89.0586 0 6.90643
      vertex 89.106 0 6.86188
    endloop
  endfacet
  facet normal 0 -1 0
    outer loop
      vertex 89.1049 0 7.55101
      vertex 89.106 0 6.86188
      vertex 89.1505 0 6.8139
    endloop
  endfacet
  facet normal 0 -1 0
    outer loop
      vertex 89.1382 0 7.60141
      vertex 89.1505 0 6.8139
      vertex 89.1915 0 6.76295
    endloop
  endfacet
  facet normal 0 -1 0
    outer loop
      vertex 89.168 0 7.6532
      vertex 89.1915 0 6.76295
      vertex 89.2287 0 6.70941
    endloop
  endfacet
  facet normal 0 -1 0
    outer loop
      vertex 89.1943 0 7.70642
      vertex 89.2287 0 6.70941
      vertex 89.2619 0 6.65326
    endloop
  endfacet
  facet normal 0 -1 0
    outer loop
      vertex 89.2171 0 7.76105
      vertex 89.2619 0 6.65326
      vertex 89.2912 0 6.59451
    endloop
  endfacet
  facet normal 0 -1 0
    outer loop
      vertex 89.2364 0 7.81708
      vertex 89.2912 0 6.59451
      vertex 89.3166 0 6.53317
    endloop
  endfacet
  facet normal 0 -1 0
    outer loop
      vertex 89.2522 0 7.87453
      vertex 89.3166 0 6.53317
      vertex 89.3381 0 6.46922
    endloop
  endfacet
  facet normal 0 -1 0
    outer loop
      vertex 89.2644 0 7.9334
      vertex 89.3381 0 6.46922
      vertex 89.3557 0 6.40268
    endloop
  endfacet
  facet normal 0 -1 0
    outer loop
      vertex 89.2732 0 7.99367
      vertex 89.3557 0 6.40268
      vertex 89.3694 0 6.33356
    endloop
  endfacet
  facet normal 0 -1 0
    outer loop
      vertex 89.2784 0 8.05534
      vertex 89.3694 0 6.33356
      vertex 89.3792 0 6.26183
    endloop
  endfacet
  facet normal 0 -1 0
    outer loop
      vertex 89.2802 0 8.11844
      vertex 89.3792 0 6.26183
      vertex 154 0 12.91
    endloop
  endfacet
  facet normal 0 -1 0
    outer loop
      vertex 89.385 0 6.18748
      vertex 154 0 12.91
      vertex 89.3792 0 6.26183
    endloop
  endfacet
  facet normal 0 -1 0
    outer loop
      vertex 89.387 0 6.11057
      vertex 154 0 12.91
      vertex 89.385 0 6.18748
    endloop
  endfacet
  facet normal 0 -1 0
    outer loop
      vertex 154 0 0
      vertex 89.387 0 6.11057
      vertex 89.3837 0 6.00293
    endloop
  endfacet
  facet normal 0 -1 0
    outer loop
      vertex 154 0 0
      vertex 89.3837 0 6.00293
      vertex 89.3738 0 5.89978
    endloop
  endfacet
  facet normal 0 -1 0
    outer loop
      vertex 154 0 0
      vertex 89.3738 0 5.89978
      vertex 89.3573 0 5.80107
    endloop
  endfacet
  facet normal 0 -1 0
    outer loop
      vertex 154 0 0
      vertex 89.3573 0 5.80107
      vertex 89.3341 0 5.70683
    endloop
  endfacet
  facet normal 0 -1 0
    outer loop
      vertex 154 0 0
      vertex 89.3341 0 5.70683
      vertex 89.3044 0 5.61707
    endloop
  endfacet
  facet normal 0 -1 0
    outer loop
      vertex 154 0 0
      vertex 89.3044 0 5.61707
      vertex 89.268 0 5.53175
    endloop
  endfacet
  facet normal 0 -1 0
    outer loop
      vertex 154 0 0
      vertex 89.268 0 5.53175
      vertex 89.2251 0 5.45091
    endloop
  endfacet
  facet normal 0 -1 0
    outer loop
      vertex 154 0 0
      vertex 89.2251 0 5.45091
      vertex 89.1755 0 5.37454
    endloop
  endfacet
  facet normal 0 -1 0
    outer loop
      vertex 154 0 0
      vertex 89.1755 0 5.37454
      vertex 89.1194 0 5.30261
    endloop
  endfacet
  facet normal 0 -1 0
    outer loop
      vertex 154 0 0
      vertex 89.1194 0 5.30261
      vertex 89.0566 0 5.23517
    endloop
  endfacet
  facet normal 0 -1 0
    outer loop
      vertex 154 0 0
      vertex 89.0566 0 5.23517
      vertex 88.9872 0 5.17218
    endloop
  endfacet
  facet normal 0 -1 0
    outer loop
      vertex 154 0 0
      vertex 88.9872 0 5.17218
      vertex 88.9117 0 5.11418
    endloop
  endfacet
  facet normal 0 -1 0
    outer loop
      vertex 154 0 0
      vertex 88.9117 0 5.11418
      vertex 88.8306 0 5.06172
    endloop
  endfacet
  facet normal 0 -1 0
    outer loop
      vertex 154 0 0
      vertex 88.8306 0 5.06172
      vertex 88.7437 0 5.01477
    endloop
  endfacet
  facet normal 0 -1 0
    outer loop
      vertex 154 0 0
      vertex 88.7437 0 5.01477
      vertex 88.6513 0 4.97336
    endloop
  endfacet
  facet normal 0 -1 0
    outer loop
      vertex 154 0 0
      vertex 88.6513 0 4.97336
      vertex 88.5532 0 4.93745
    endloop
  endfacet
  facet normal 0 -1 0
    outer loop
      vertex 154 0 0
      vertex 88.5532 0 4.93745
      vertex 88.4494 0 4.90709
    endloop
  endfacet
  facet normal 0 -1 0
    outer loop
      vertex 154 0 0
      vertex 88.4494 0 4.90709
      vertex 88.34 0 4.88223
    endloop
  endfacet
  facet normal 0 -1 0
    outer loop
      vertex 154 0 0
      vertex 88.34 0 4.88223
      vertex 88.225 0 4.8629
    endloop
  endfacet
  facet normal 0 -1 0
    outer loop
      vertex 154 0 0
      vertex 87.846 0 4.83804
      vertex 6 0 0
    endloop
  endfacet
  facet normal 0 -1 0
    outer loop
      vertex 89.387 0 6.11057
      vertex 154 0 0
      vertex 154 0 12.91
    endloop
  endfacet
  facet normal 0 -1 0
    outer loop
      vertex 88.1043 0 4.84909
      vertex 154 0 0
      vertex 88.225 0 4.8629
    endloop
  endfacet
  facet normal 0 -1 0
    outer loop
      vertex 87.978 0 4.84081
      vertex 154 0 0
      vertex 88.1043 0 4.84909
    endloop
  endfacet
  facet normal 0 -1 0
    outer loop
      vertex 87.846 0 4.83804
      vertex 154 0 0
      vertex 87.978 0 4.84081
    endloop
  endfacet
  facet normal 0 -1 0
    outer loop
      vertex 77.0236 0 9.19872
      vertex 84.3122 0 9.26019
      vertex 76.2281 0 9.19872
    endloop
  endfacet
  facet normal 0 -1 0
    outer loop
      vertex 78.9553 0 9.19872
      vertex 84.3122 0 9.26019
      vertex 77.0236 0 9.19872
    endloop
  endfacet
  facet normal 0 -1 0
    outer loop
      vertex 79.0927 0 9.19577
      vertex 84.3122 0 9.26019
      vertex 78.9553 0 9.19872
    endloop
  endfacet
  facet normal 0 -1 0
    outer loop
      vertex 84.3122 0 9.26019
      vertex 79.0927 0 9.19577
      vertex 84.2019 0 9.25241
    endloop
  endfacet
  facet normal 0 -1 0
    outer loop
      vertex 79.2242 0 9.18697
      vertex 84.2019 0 9.25241
      vertex 79.0927 0 9.19577
    endloop
  endfacet
  facet normal 0 -1 0
    outer loop
      vertex 84.2019 0 9.25241
      vertex 79.2242 0 9.18697
      vertex 84.0959 0 9.23941
    endloop
  endfacet
  facet normal 0 -1 0
    outer loop
      vertex 79.3499 0 9.17227
      vertex 84.0959 0 9.23941
      vertex 79.2242 0 9.18697
    endloop
  endfacet
  facet normal 0 -1 0
    outer loop
      vertex 84.0959 0 9.23941
      vertex 79.3499 0 9.17227
      vertex 83.9945 0 9.22124
    endloop
  endfacet
  facet normal 0 -1 0
    outer loop
      vertex 79.4697 0 9.1517
      vertex 83.9945 0 9.22124
      vertex 79.3499 0 9.17227
    endloop
  endfacet
  facet normal 0 -1 0
    outer loop
      vertex 83.9945 0 9.22124
      vertex 79.4697 0 9.1517
      vertex 83.8975 0 9.19785
    endloop
  endfacet
  facet normal 0 -1 0
    outer loop
      vertex 79.5836 0 9.12526
      vertex 83.8975 0 9.19785
      vertex 79.4697 0 9.1517
    endloop
  endfacet
  facet normal 0 -1 0
    outer loop
      vertex 83.8975 0 9.19785
      vertex 79.5836 0 9.12526
      vertex 83.805 0 9.16928
    endloop
  endfacet
  facet normal 0 -1 0
    outer loop
      vertex 79.6917 0 9.09294
      vertex 83.805 0 9.16928
      vertex 79.5836 0 9.12526
    endloop
  endfacet
  facet normal 0 -1 0
    outer loop
      vertex 83.805 0 9.16928
      vertex 79.6917 0 9.09294
      vertex 83.7169 0 9.13551
    endloop
  endfacet
  facet normal 0 -1 0
    outer loop
      vertex 79.7939 0 9.05475
      vertex 83.7169 0 9.13551
      vertex 79.6917 0 9.09294
    endloop
  endfacet
  facet normal 0 -1 0
    outer loop
      vertex 83.7169 0 9.13551
      vertex 79.7939 0 9.05475
      vertex 83.6334 0 9.09654
    endloop
  endfacet
  facet normal 0 -1 0
    outer loop
      vertex 79.8902 0 9.01068
      vertex 83.6334 0 9.09654
      vertex 79.7939 0 9.05475
    endloop
  endfacet
  facet normal 0 -1 0
    outer loop
      vertex 83.6334 0 9.09654
      vertex 79.8902 0 9.01068
      vertex 83.5542 0 9.05238
    endloop
  endfacet
  facet normal 0 -1 0
    outer loop
      vertex 79.9806 0 8.96074
      vertex 83.5542 0 9.05238
      vertex 79.8902 0 9.01068
    endloop
  endfacet
  facet normal 0 -1 0
    outer loop
      vertex 83.5542 0 9.05238
      vertex 79.9806 0 8.96074
      vertex 83.4796 0 9.00302
    endloop
  endfacet
  facet normal 0 -1 0
    outer loop
      vertex 80.0651 0 8.90491
      vertex 83.4796 0 9.00302
      vertex 79.9806 0 8.96074
    endloop
  endfacet
  facet normal 0 -1 0
    outer loop
      vertex 83.4796 0 9.00302
      vertex 80.0651 0 8.90491
      vertex 83.4094 0 8.94847
    endloop
  endfacet
  facet normal 0 -1 0
    outer loop
      vertex 80.1438 0 8.84322
      vertex 83.4094 0 8.94847
      vertex 80.0651 0 8.90491
    endloop
  endfacet
  facet normal 0 -1 0
    outer loop
      vertex 83.4094 0 8.94847
      vertex 80.1438 0 8.84322
      vertex 83.3439 0 8.88898
    endloop
  endfacet
  facet normal 0 -1 0
    outer loop
      vertex 80.2161 0 8.77614
      vertex 83.3439 0 8.88898
      vertex 80.1438 0 8.84322
    endloop
  endfacet
  facet normal 0 -1 0
    outer loop
      vertex 83.3439 0 8.88898
      vertex 80.2161 0 8.77614
      vertex 83.2834 0 8.8248
    endloop
  endfacet
  facet normal 0 -1 0
    outer loop
      vertex 80.2815 0 8.70421
      vertex 83.2834 0 8.8248
      vertex 80.2161 0 8.77614
    endloop
  endfacet
  facet normal 0 -1 0
    outer loop
      vertex 83.2834 0 8.8248
      vertex 80.2815 0 8.70421
      vertex 83.2278 0 8.75594
    endloop
  endfacet
  facet normal 0 -1 0
    outer loop
      vertex 80.34 0 8.6274
      vertex 83.2278 0 8.75594
      vertex 80.2815 0 8.70421
    endloop
  endfacet
  facet normal 0 -1 0
    outer loop
      vertex 83.2278 0 8.75594
      vertex 80.34 0 8.6274
      vertex 83.1773 0 8.68237
    endloop
  endfacet
  facet normal 0 -1 0
    outer loop
      vertex 80.34 0 8.6274
      vertex 83.1317 0 8.60411
      vertex 83.1773 0 8.68237
    endloop
  endfacet
  facet normal 0 -1 0
    outer loop
      vertex 80.3917 0 8.54573
      vertex 83.1317 0 8.60411
      vertex 80.34 0 8.6274
    endloop
  endfacet
  facet normal 0 -1 0
    outer loop
      vertex 80.3917 0 8.54573
      vertex 83.091 0 8.52116
      vertex 83.1317 0 8.60411
    endloop
  endfacet
  facet normal 0 -1 0
    outer loop
      vertex 80.4364 0 8.45918
      vertex 83.091 0 8.52116
      vertex 80.3917 0 8.54573
    endloop
  endfacet
  facet normal 0 -1 0
    outer loop
      vertex 80.4364 0 8.45918
      vertex 83.0553 0 8.43353
      vertex 83.091 0 8.52116
    endloop
  endfacet
  facet normal 0 -1 0
    outer loop
      vertex 80.4743 0 8.36777
      vertex 83.0553 0 8.43353
      vertex 80.4364 0 8.45918
    endloop
  endfacet
  facet normal 0 -1 0
    outer loop
      vertex 80.4743 0 8.36777
      vertex 83.0246 0 8.3412
      vertex 83.0553 0 8.43353
    endloop
  endfacet
  facet normal 0 -1 0
    outer loop
      vertex 80.5053 0 8.27148
      vertex 83.0246 0 8.3412
      vertex 80.4743 0 8.36777
    endloop
  endfacet
  facet normal 0 -1 0
    outer loop
      vertex 80.5053 0 8.27148
      vertex 82.9989 0 8.24417
      vertex 83.0246 0 8.3412
    endloop
  endfacet
  facet normal 0 -1 0
    outer loop
      vertex 80.5294 0 8.17035
      vertex 82.9989 0 8.24417
      vertex 80.5053 0 8.27148
    endloop
  endfacet
  facet normal 0 -1 0
    outer loop
      vertex 80.5294 0 8.17035
      vertex 82.9781 0 8.14246
      vertex 82.9989 0 8.24417
    endloop
  endfacet
  facet normal 0 -1 0
    outer loop
      vertex 80.5466 0 8.06433
      vertex 82.9781 0 8.14246
      vertex 80.5294 0 8.17035
    endloop
  endfacet
  facet normal 0 -1 0
    outer loop
      vertex 80.5466 0 8.06433
      vertex 82.9623 0 8.03606
      vertex 82.9781 0 8.14246
    endloop
  endfacet
  facet normal 0 -1 0
    outer loop
      vertex 80.5569 0 7.95345
      vertex 82.9623 0 8.03606
      vertex 80.5466 0 8.06433
    endloop
  endfacet
  facet normal 0 -1 0
    outer loop
      vertex 80.5603 0 7.83769
      vertex 82.9623 0 8.03606
      vertex 80.5569 0 7.95345
    endloop
  endfacet
  facet normal 0 -1 0
    outer loop
      vertex 83.8623 0 6.67329
      vertex 82.9623 0 8.03606
      vertex 82.5075 0 6.89175
    endloop
  endfacet
  facet normal 0 -1 0
    outer loop
      vertex 82.9623 0 8.03606
      vertex 83.8623 0 6.67329
      vertex 83.8259 0 7.98723
    endloop
  endfacet
  facet normal -0 -1 0
    outer loop
      vertex 84.5953 0 7.308
      vertex 83.8259 0 7.98723
      vertex 84.5377 0 7.25307
    endloop
  endfacet
  facet normal -0 -1 0
    outer loop
      vertex 84.6484 0 7.36081
      vertex 83.8259 0 7.98723
      vertex 84.5953 0 7.308
    endloop
  endfacet
  facet normal 0 -1 0
    outer loop
      vertex 82.9623 0 8.03606
      vertex 80.5603 0 7.83769
      vertex 82.5075 0 6.89175
    endloop
  endfacet
  facet normal -0 -1 0
    outer loop
      vertex 84.697 0 7.4115
      vertex 83.8259 0 7.98723
      vertex 84.6484 0 7.36081
    endloop
  endfacet
  facet normal -0 -1 0
    outer loop
      vertex 84.7809 0 7.50653
      vertex 83.8259 0 7.98723
      vertex 84.7412 0 7.46007
    endloop
  endfacet
  facet normal 0 -1 0
    outer loop
      vertex 82.5075 0 6.89175
      vertex 80.5603 0 7.83769
      vertex 80.5588 0 7.76297
    endloop
  endfacet
  facet normal -0 -1 0
    outer loop
      vertex 84.8161 0 7.55086
      vertex 83.8259 0 7.98723
      vertex 84.7809 0 7.50653
    endloop
  endfacet
  facet normal 0 -1 0
    outer loop
      vertex 80.9207 0 6.89175
      vertex 80.5588 0 7.76297
      vertex 80.5541 0 7.68971
    endloop
  endfacet
  facet normal -0 -1 0
    outer loop
      vertex 84.8761 0 7.6371
      vertex 83.8259 0 7.98723
      vertex 84.8476 0 7.59406
    endloop
  endfacet
  facet normal -0 -1 0
    outer loop
      vertex 84.9017 0 7.68001
      vertex 83.8259 0 7.98723
      vertex 84.8761 0 7.6371
    endloop
  endfacet
  facet normal 0 -1 0
    outer loop
      vertex 80.9207 0 6.89175
      vertex 80.5541 0 7.68971
      vertex 80.5463 0 7.6179
    endloop
  endfacet
  facet normal -0 -1 0
    outer loop
      vertex 84.9242 0 7.72275
      vertex 83.8259 0 7.98723
      vertex 84.9017 0 7.68001
    endloop
  endfacet
  facet normal 0 -1 0
    outer loop
      vertex 83.8259 0 7.98723
      vertex 84.9437 0 7.76534
      vertex 84.9602 0 7.80779
    endloop
  endfacet
  facet normal 0 -1 0
    outer loop
      vertex 80.9207 0 6.89175
      vertex 80.5463 0 7.6179
      vertex 80.5353 0 7.54758
    endloop
  endfacet
  facet normal 0 -1 0
    outer loop
      vertex 83.8259 0 7.98723
      vertex 84.9602 0 7.80779
      vertex 84.9737 0 7.85008
    endloop
  endfacet
  facet normal 0 -1 0
    outer loop
      vertex 80.9207 0 6.89175
      vertex 80.5353 0 7.54758
      vertex 80.5213 0 7.4787
    endloop
  endfacet
  facet normal 0 -1 0
    outer loop
      vertex 83.8259 0 7.98723
      vertex 84.9842 0 7.89221
      vertex 84.9917 0 7.9342
    endloop
  endfacet
  facet normal 0 -1 0
    outer loop
      vertex 83.8259 0 7.98723
      vertex 84.9737 0 7.85008
      vertex 84.9842 0 7.89221
    endloop
  endfacet
  facet normal 0 -1 0
    outer loop
      vertex 80.9207 0 6.89175
      vertex 80.5213 0 7.4787
      vertex 80.5041 0 7.4113
    endloop
  endfacet
  facet normal -0 -1 0
    outer loop
      vertex 84.9437 0 7.76534
      vertex 83.8259 0 7.98723
      vertex 84.9242 0 7.72275
    endloop
  endfacet
  facet normal 0 -1 0
    outer loop
      vertex 80.9207 0 6.89175
      vertex 80.5041 0 7.4113
      vertex 80.4837 0 7.34535
    endloop
  endfacet
  facet normal 0 -1 0
    outer loop
      vertex 83.8259 0 7.98723
      vertex 84.9917 0 7.9342
      vertex 84.9962 0 7.97604
    endloop
  endfacet
  facet normal 0 -1 0
    outer loop
      vertex 80.9207 0 6.89175
      vertex 80.4837 0 7.34535
      vertex 80.4603 0 7.28087
    endloop
  endfacet
  facet normal -0 -1 0
    outer loop
      vertex 84.8476 0 7.59406
      vertex 83.8259 0 7.98723
      vertex 84.8161 0 7.55086
    endloop
  endfacet
  facet normal 0 -1 0
    outer loop
      vertex 80.9207 0 6.89175
      vertex 80.4603 0 7.28087
      vertex 80.4337 0 7.21783
    endloop
  endfacet
  facet normal -0 -1 0
    outer loop
      vertex 84.7412 0 7.46007
      vertex 83.8259 0 7.98723
      vertex 84.697 0 7.4115
    endloop
  endfacet
  facet normal 0 -1 0
    outer loop
      vertex 80.9207 0 6.89175
      vertex 80.4337 0 7.21783
      vertex 80.404 0 7.15628
    endloop
  endfacet
  facet normal 0 -1 0
    outer loop
      vertex 83.8259 0 7.98723
      vertex 84.4757 0 7.19603
      vertex 84.5377 0 7.25307
    endloop
  endfacet
  facet normal 0 -1 0
    outer loop
      vertex 80.9207 0 6.89175
      vertex 80.404 0 7.15628
      vertex 80.3711 0 7.09618
    endloop
  endfacet
  facet normal 0 -1 0
    outer loop
      vertex 83.8259 0 7.98723
      vertex 84.4092 0 7.13686
      vertex 84.4757 0 7.19603
    endloop
  endfacet
  facet normal 0 -1 0
    outer loop
      vertex 80.9207 0 6.89175
      vertex 80.3711 0 7.09618
      vertex 80.3354 0 7.03804
    endloop
  endfacet
  facet normal 0 -1 0
    outer loop
      vertex 83.8259 0 7.98723
      vertex 84.3382 0 7.07558
      vertex 84.4092 0 7.13686
    endloop
  endfacet
  facet normal 0 -1 0
    outer loop
      vertex 80.9207 0 6.89175
      vertex 80.3354 0 7.03804
      vertex 80.2969 0 6.98236
    endloop
  endfacet
  facet normal 0 -1 0
    outer loop
      vertex 83.8259 0 7.98723
      vertex 84.2628 0 7.01218
      vertex 84.3382 0 7.07558
    endloop
  endfacet
  facet normal 0 -1 0
    outer loop
      vertex 80.9207 0 6.89175
      vertex 80.2969 0 6.98236
      vertex 80.2558 0 6.92911
    endloop
  endfacet
  facet normal 0 -1 0
    outer loop
      vertex 80.5588 0 7.76297
      vertex 80.9207 0 6.89175
      vertex 82.5075 0 6.89175
    endloop
  endfacet
  facet normal 0 -1 0
    outer loop
      vertex 83.8259 0 7.98723
      vertex 84.1829 0 6.94666
      vertex 84.2628 0 7.01218
    endloop
  endfacet
  facet normal 0 -1 0
    outer loop
      vertex 83.8259 0 7.98723
      vertex 84.0988 0 6.87756
      vertex 84.1829 0 6.94666
    endloop
  endfacet
  facet normal 0 -1 0
    outer loop
      vertex 83.8259 0 7.98723
      vertex 84.0173 0 6.80898
      vertex 84.0988 0 6.87756
    endloop
  endfacet
  facet normal 0 -1 0
    outer loop
      vertex 83.8259 0 7.98723
      vertex 83.9385 0 6.74088
      vertex 84.0173 0 6.80898
    endloop
  endfacet
  facet normal 0 -1 0
    outer loop
      vertex 83.8259 0 7.98723
      vertex 83.8623 0 6.67329
      vertex 83.9385 0 6.74088
    endloop
  endfacet
  facet normal 0 -1 0
    outer loop
      vertex 82.5075 0 6.89175
      vertex 83.7888 0 6.60622
      vertex 83.8623 0 6.67329
    endloop
  endfacet
  facet normal 0 -1 0
    outer loop
      vertex 82.5075 0 6.89175
      vertex 83.7179 0 6.53963
      vertex 83.7888 0 6.60622
    endloop
  endfacet
  facet normal 0 -1 0
    outer loop
      vertex 82.5075 0 6.89175
      vertex 83.6497 0 6.47356
      vertex 83.7179 0 6.53963
    endloop
  endfacet
  facet normal 0 -1 0
    outer loop
      vertex 82.5075 0 6.89175
      vertex 83.5841 0 6.40797
      vertex 83.6497 0 6.47356
    endloop
  endfacet
  facet normal 0 -1 0
    outer loop
      vertex 82.5075 0 6.89175
      vertex 83.5212 0 6.34291
      vertex 83.5841 0 6.40797
    endloop
  endfacet
  facet normal 0 -1 0
    outer loop
      vertex 82.5075 0 6.89175
      vertex 83.4609 0 6.27835
      vertex 83.5212 0 6.34291
    endloop
  endfacet
  facet normal 0 -1 0
    outer loop
      vertex 82.5075 0 6.89175
      vertex 83.4033 0 6.21428
      vertex 83.4609 0 6.27835
    endloop
  endfacet
  facet normal 0 -1 0
    outer loop
      vertex 82.5075 0 6.89175
      vertex 83.3481 0 6.15033
      vertex 83.4033 0 6.21428
    endloop
  endfacet
  facet normal 0 -1 0
    outer loop
      vertex 82.5075 0 6.14714
      vertex 83.3481 0 6.15033
      vertex 82.5075 0 6.89175
    endloop
  endfacet
  facet normal 0 -1 0
    outer loop
      vertex 83.3481 0 6.15033
      vertex 82.5075 0 6.14714
      vertex 83.2953 0 6.08607
    endloop
  endfacet
  facet normal 0 -1 0
    outer loop
      vertex 84.9962 0 7.97604
      vertex 84.4332 0 8.57924
      vertex 84.3843 0 8.57802
    endloop
  endfacet
  facet normal 0 -1 0
    outer loop
      vertex 83.8705 0 8.18294
      vertex 84.3843 0 8.57802
      vertex 84.3376 0 8.57436
    endloop
  endfacet
  facet normal 0 -1 0
    outer loop
      vertex 83.8859 0 8.22574
      vertex 84.3376 0 8.57436
      vertex 84.293 0 8.56824
    endloop
  endfacet
  facet normal 0 -1 0
    outer loop
      vertex 84.4332 0 8.57924
      vertex 84.9977 0 8.01773
      vertex 84.5311 0 8.5746
    endloop
  endfacet
  facet normal 0 -1 0
    outer loop
      vertex 83.9029 0 8.26611
      vertex 84.293 0 8.56824
      vertex 84.2506 0 8.55968
    endloop
  endfacet
  facet normal 0 -1 0
    outer loop
      vertex 83.9217 0 8.30403
      vertex 84.2506 0 8.55968
      vertex 84.2103 0 8.54866
    endloop
  endfacet
  facet normal -0 -1 -0
    outer loop
      vertex 84.993 0 8.11519
      vertex 84.5311 0 8.5746
      vertex 84.9977 0 8.01773
    endloop
  endfacet
  facet normal 0 -1 0
    outer loop
      vertex 83.9421 0 8.33951
      vertex 84.2103 0 8.54866
      vertex 84.1722 0 8.53522
    endloop
  endfacet
  facet normal 0 -1 0
    outer loop
      vertex 83.9643 0 8.37253
      vertex 84.1722 0 8.53522
      vertex 84.1362 0 8.5193
    endloop
  endfacet
  facet normal -0 -1 -0
    outer loop
      vertex 84.979 0 8.20335
      vertex 84.6198 0 8.56068
      vertex 84.993 0 8.11519
    endloop
  endfacet
  facet normal 0 -1 0
    outer loop
      vertex 83.9643 0 8.37253
      vertex 84.1362 0 8.5193
      vertex 84.1023 0 8.50096
    endloop
  endfacet
  facet normal 0 -1 0
    outer loop
      vertex 83.9881 0 8.40311
      vertex 84.1023 0 8.50096
      vertex 84.0706 0 8.48016
    endloop
  endfacet
  facet normal 0 -1 0
    outer loop
      vertex 84.6198 0 8.56068
      vertex 84.979 0 8.20335
      vertex 84.6991 0 8.53748
    endloop
  endfacet
  facet normal 0 -1 0
    outer loop
      vertex 83.9881 0 8.40311
      vertex 84.0706 0 8.48016
      vertex 84.041 0 8.45692
    endloop
  endfacet
  facet normal 0 -1 0
    outer loop
      vertex 83.9881 0 8.40311
      vertex 84.041 0 8.45692
      vertex 84.0136 0 8.43124
    endloop
  endfacet
  facet normal -0 -1 -0
    outer loop
      vertex 84.9557 0 8.28224
      vertex 84.6991 0 8.53748
      vertex 84.979 0 8.20335
    endloop
  endfacet
  facet normal 0 -1 0
    outer loop
      vertex 84.1023 0 8.50096
      vertex 83.9881 0 8.40311
      vertex 83.9643 0 8.37253
    endloop
  endfacet
  facet normal 0 -1 0
    outer loop
      vertex 84.1722 0 8.53522
      vertex 83.9643 0 8.37253
      vertex 83.9421 0 8.33951
    endloop
  endfacet
  facet normal -0 -1 -0
    outer loop
      vertex 84.923 0 8.35185
      vertex 84.7691 0 8.50499
      vertex 84.9557 0 8.28224
    endloop
  endfacet
  facet normal 0 -1 0
    outer loop
      vertex 84.2103 0 8.54866
      vertex 83.9421 0 8.33951
      vertex 83.9217 0 8.30403
    endloop
  endfacet
  facet normal 0 -1 0
    outer loop
      vertex 84.2506 0 8.55968
      vertex 83.9217 0 8.30403
      vertex 83.9029 0 8.26611
    endloop
  endfacet
  facet normal 0 -1 0
    outer loop
      vertex 84.8297 0 8.46323
      vertex 84.923 0 8.35185
      vertex 84.8811 0 8.41219
    endloop
  endfacet
  facet normal 0 -1 0
    outer loop
      vertex 84.293 0 8.56824
      vertex 83.9029 0 8.26611
      vertex 83.8859 0 8.22574
    endloop
  endfacet
  facet normal 0 -1 0
    outer loop
      vertex 83.8705 0 8.18294
      vertex 84.3376 0 8.57436
      vertex 83.8859 0 8.22574
    endloop
  endfacet
  facet normal 0 -1 0
    outer loop
      vertex 84.7691 0 8.50499
      vertex 84.923 0 8.35185
      vertex 84.8297 0 8.46323
    endloop
  endfacet
  facet normal 0 -1 -0
    outer loop
      vertex 84.3843 0 8.57802
      vertex 83.8705 0 8.18294
      vertex 84.9962 0 7.97604
    endloop
  endfacet
  facet normal 0 -1 0
    outer loop
      vertex 84.9962 0 7.97604
      vertex 83.8705 0 8.18294
      vertex 83.8568 0 8.13768
    endloop
  endfacet
  facet normal 0 -1 0
    outer loop
      vertex 84.6991 0 8.53748
      vertex 84.9557 0 8.28224
      vertex 84.7691 0 8.50499
    endloop
  endfacet
  facet normal 0 -1 0
    outer loop
      vertex 84.9962 0 7.97604
      vertex 83.8568 0 8.13768
      vertex 83.8448 0 8.08997
    endloop
  endfacet
  facet normal 0 -1 0
    outer loop
      vertex 84.9962 0 7.97604
      vertex 83.8448 0 8.08997
      vertex 83.8345 0 8.03983
    endloop
  endfacet
  facet normal 0 -1 0
    outer loop
      vertex 84.5311 0 8.5746
      vertex 84.993 0 8.11519
      vertex 84.6198 0 8.56068
    endloop
  endfacet
  facet normal 0 -1 0
    outer loop
      vertex 84.9962 0 7.97604
      vertex 83.8345 0 8.03983
      vertex 83.8259 0 7.98723
    endloop
  endfacet
  facet normal 0 -1 0
    outer loop
      vertex 84.4332 0 8.57924
      vertex 84.9962 0 7.97604
      vertex 84.9977 0 8.01773
    endloop
  endfacet
  facet normal 0 -1 0
    outer loop
      vertex 87.1893 0 6.28433
      vertex 87.8276 0 6.85513
      vertex 87.7722 0 6.85367
    endloop
  endfacet
  facet normal 0 -1 0
    outer loop
      vertex 87.1962 0 6.33838
      vertex 87.7722 0 6.85367
      vertex 87.7193 0 6.84927
    endloop
  endfacet
  facet normal 0 -1 0
    outer loop
      vertex 87.2058 0 6.38986
      vertex 87.7193 0 6.84927
      vertex 87.6686 0 6.84196
    endloop
  endfacet
  facet normal 0 -1 0
    outer loop
      vertex 87.8276 0 6.85513
      vertex 87.1893 0 6.28433
      vertex 87.1852 0 6.22771
    endloop
  endfacet
  facet normal 0 -1 0
    outer loop
      vertex 87.2181 0 6.43877
      vertex 87.6686 0 6.84196
      vertex 87.6204 0 6.83173
    endloop
  endfacet
  facet normal 0 -1 0
    outer loop
      vertex 87.2332 0 6.48509
      vertex 87.6204 0 6.83173
      vertex 87.5746 0 6.81856
    endloop
  endfacet
  facet normal 0 -1 0
    outer loop
      vertex 87.7722 0 6.85367
      vertex 87.1962 0 6.33838
      vertex 87.1893 0 6.28433
    endloop
  endfacet
  facet normal 0 -1 0
    outer loop
      vertex 87.2332 0 6.48509
      vertex 87.5746 0 6.81856
      vertex 87.5312 0 6.80247
    endloop
  endfacet
  facet normal 0 -1 0
    outer loop
      vertex 87.2511 0 6.52884
      vertex 87.5312 0 6.80247
      vertex 87.4902 0 6.78346
    endloop
  endfacet
  facet normal 0 -1 0
    outer loop
      vertex 88.499 0 6.18071
      vertex 87.8276 0 6.85513
      vertex 87.1852 0 6.22771
    endloop
  endfacet
  facet normal 0 -1 0
    outer loop
      vertex 87.2511 0 6.52884
      vertex 87.4902 0 6.78346
      vertex 87.4516 0 6.76152
    endloop
  endfacet
  facet normal 0 -1 0
    outer loop
      vertex 87.2511 0 6.52884
      vertex 87.4516 0 6.76152
      vertex 87.4153 0 6.73665
    endloop
  endfacet
  facet normal 0 -1 0
    outer loop
      vertex 87.7193 0 6.84927
      vertex 87.2058 0 6.38986
      vertex 87.1962 0 6.33838
    endloop
  endfacet
  facet normal 0 -1 0
    outer loop
      vertex 87.2511 0 6.52884
      vertex 87.4153 0 6.73665
      vertex 87.3815 0 6.70886
    endloop
  endfacet
  facet normal 0 -1 0
    outer loop
      vertex 87.2511 0 6.52884
      vertex 87.3815 0 6.70886
      vertex 87.3501 0 6.67815
    endloop
  endfacet
  facet normal 0 -1 0
    outer loop
      vertex 88.1439 0 6.80496
      vertex 88.4491 0 6.49841
      vertex 88.2271 0 6.76595
    endloop
  endfacet
  facet normal 0 -1 0
    outer loop
      vertex 87.2511 0 6.52884
      vertex 87.3501 0 6.67815
      vertex 87.3212 0 6.64468
    endloop
  endfacet
  facet normal 0 -1 0
    outer loop
      vertex 87.2717 0 6.57002
      vertex 87.3212 0 6.64468
      vertex 87.2951 0 6.60864
    endloop
  endfacet
  facet normal -0 -1 -0
    outer loop
      vertex 88.4102 0 6.58202
      vertex 88.2271 0 6.76595
      vertex 88.4491 0 6.49841
    endloop
  endfacet
  facet normal 0 -1 0
    outer loop
      vertex 87.2511 0 6.52884
      vertex 87.3212 0 6.64468
      vertex 87.2717 0 6.57002
    endloop
  endfacet
  facet normal 0 -1 0
    outer loop
      vertex 87.5312 0 6.80247
      vertex 87.2511 0 6.52884
      vertex 87.2332 0 6.48509
    endloop
  endfacet
  facet normal 0 -1 0
    outer loop
      vertex 88.2993 0 6.71579
      vertex 88.4102 0 6.58202
      vertex 88.3603 0 6.65448
    endloop
  endfacet
  facet normal 0 -1 0
    outer loop
      vertex 87.6204 0 6.83173
      vertex 87.2332 0 6.48509
      vertex 87.2181 0 6.43877
    endloop
  endfacet
  facet normal 0 -1 0
    outer loop
      vertex 87.6686 0 6.84196
      vertex 87.2181 0 6.43877
      vertex 87.2058 0 6.38986
    endloop
  endfacet
  facet normal 0 -1 0
    outer loop
      vertex 88.2271 0 6.76595
      vertex 88.4102 0 6.58202
      vertex 88.2993 0 6.71579
    endloop
  endfacet
  facet normal -0 -1 -0
    outer loop
      vertex 88.4768 0 6.40366
      vertex 88.0496 0 6.83284
      vertex 88.4935 0 6.29776
    endloop
  endfacet
  facet normal 0 -1 0
    outer loop
      vertex 88.0496 0 6.83284
      vertex 88.4768 0 6.40366
      vertex 88.1439 0 6.80496
    endloop
  endfacet
  facet normal -0 -1 -0
    outer loop
      vertex 88.4491 0 6.49841
      vertex 88.1439 0 6.80496
      vertex 88.4768 0 6.40366
    endloop
  endfacet
  facet normal 0 -1 0
    outer loop
      vertex 87.9442 0 6.84956
      vertex 88.4935 0 6.29776
      vertex 88.0496 0 6.83284
    endloop
  endfacet
  facet normal 0 -1 0
    outer loop
      vertex 87.8276 0 6.85513
      vertex 88.499 0 6.18071
      vertex 87.9442 0 6.84956
    endloop
  endfacet
  facet normal 0 -1 0
    outer loop
      vertex 87.9442 0 6.84956
      vertex 88.499 0 6.18071
      vertex 88.4935 0 6.29776
    endloop
  endfacet
  facet normal 0 -1 0
    outer loop
      vertex 87.1838 0 6.16852
      vertex 88.499 0 6.18071
      vertex 87.1852 0 6.22771
    endloop
  endfacet
  facet normal 0 -1 0
    outer loop
      vertex 87.1838 0 6.16852
      vertex 88.4977 0 6.11148
      vertex 88.499 0 6.18071
    endloop
  endfacet
  facet normal 0 -1 0
    outer loop
      vertex 87.1852 0 6.10141
      vertex 88.4977 0 6.11148
      vertex 87.1838 0 6.16852
    endloop
  endfacet
  facet normal 0 -1 0
    outer loop
      vertex 87.1852 0 6.10141
      vertex 88.4938 0 6.04584
      vertex 88.4977 0 6.11148
    endloop
  endfacet
  facet normal 0 -1 0
    outer loop
      vertex 87.1892 0 6.03767
      vertex 88.4938 0 6.04584
      vertex 87.1852 0 6.10141
    endloop
  endfacet
  facet normal 0 -1 0
    outer loop
      vertex 87.8521 0 5.44226
      vertex 88.4938 0 6.04584
      vertex 87.1892 0 6.03767
    endloop
  endfacet
  facet normal 0 -1 0
    outer loop
      vertex 87.7919 0 5.4437
      vertex 87.1892 0 6.03767
      vertex 87.196 0 5.97733
    endloop
  endfacet
  facet normal 0 -1 0
    outer loop
      vertex 88.4938 0 6.04584
      vertex 87.8521 0 5.44226
      vertex 88.4873 0 5.98378
    endloop
  endfacet
  facet normal 0 -1 0
    outer loop
      vertex 87.7346 0 5.44801
      vertex 87.196 0 5.97733
      vertex 87.2056 0 5.92035
    endloop
  endfacet
  facet normal -0 -1 0
    outer loop
      vertex 87.9111 0 5.4437
      vertex 88.4873 0 5.98378
      vertex 87.8521 0 5.44226
    endloop
  endfacet
  facet normal 0 -1 0
    outer loop
      vertex 87.6802 0 5.4552
      vertex 87.2056 0 5.92035
      vertex 87.2178 0 5.86676
    endloop
  endfacet
  facet normal 0 -1 0
    outer loop
      vertex 88.4873 0 5.98378
      vertex 87.9111 0 5.4437
      vertex 88.4782 0 5.92529
    endloop
  endfacet
  facet normal 0 -1 0
    outer loop
      vertex 87.6287 0 5.46527
      vertex 87.2178 0 5.86676
      vertex 87.2328 0 5.81656
    endloop
  endfacet
  facet normal -0 -1 0
    outer loop
      vertex 87.9672 0 5.44801
      vertex 88.4782 0 5.92529
      vertex 87.9111 0 5.4437
    endloop
  endfacet
  facet normal 0 -1 0
    outer loop
      vertex 87.5801 0 5.4782
      vertex 87.2328 0 5.81656
      vertex 87.2505 0 5.76971
    endloop
  endfacet
  facet normal 0 -1 0
    outer loop
      vertex 88.4782 0 5.92529
      vertex 87.9672 0 5.44801
      vertex 88.4665 0 5.87039
    endloop
  endfacet
  facet normal 0 -1 0
    outer loop
      vertex 87.5801 0 5.4782
      vertex 87.2505 0 5.76971
      vertex 87.2709 0 5.72627
    endloop
  endfacet
  facet normal -0 -1 0
    outer loop
      vertex 88.0204 0 5.4552
      vertex 88.4665 0 5.87039
      vertex 87.9672 0 5.44801
    endloop
  endfacet
  facet normal 0 -1 0
    outer loop
      vertex 87.5801 0 5.4782
      vertex 87.2709 0 5.72627
      vertex 87.2941 0 5.68619
    endloop
  endfacet
  facet normal 0 -1 0
    outer loop
      vertex 88.4665 0 5.87039
      vertex 88.0204 0 5.4552
      vertex 88.4522 0 5.81908
    endloop
  endfacet
  facet normal 0 -1 0
    outer loop
      vertex 87.5801 0 5.4782
      vertex 87.2941 0 5.68619
      vertex 87.3199 0 5.64951
    endloop
  endfacet
  facet normal 0 -1 0
    outer loop
      vertex 87.5801 0 5.4782
      vertex 87.3199 0 5.64951
      vertex 87.3485 0 5.6162
    endloop
  endfacet
  facet normal 0 -1 0
    outer loop
      vertex 87.1892 0 6.03767
      vertex 87.7919 0 5.4437
      vertex 87.8521 0 5.44226
    endloop
  endfacet
  facet normal 0 -1 0
    outer loop
      vertex 87.5801 0 5.4782
      vertex 87.3485 0 5.6162
      vertex 87.3799 0 5.586
    endloop
  endfacet
  facet normal -0 -1 0
    outer loop
      vertex 88.0708 0 5.46527
      vertex 88.4522 0 5.81908
      vertex 88.0204 0 5.4552
    endloop
  endfacet
  facet normal 0 -1 0
    outer loop
      vertex 87.5801 0 5.4782
      vertex 87.3799 0 5.586
      vertex 87.4142 0 5.5587
    endloop
  endfacet
  facet normal 0 -1 0
    outer loop
      vertex 88.4522 0 5.81908
      vertex 88.0708 0 5.46527
      vertex 88.4353 0 5.77133
    endloop
  endfacet
  facet normal 0 -1 0
    outer loop
      vertex 87.5801 0 5.4782
      vertex 87.4142 0 5.5587
      vertex 87.4514 0 5.53426
    endloop
  endfacet
  facet normal -0 -1 0
    outer loop
      vertex 88.1182 0 5.4782
      vertex 88.4353 0 5.77133
      vertex 88.0708 0 5.46527
    endloop
  endfacet
  facet normal 0 -1 0
    outer loop
      vertex 87.5801 0 5.4782
      vertex 87.4514 0 5.53426
      vertex 87.4914 0 5.5127
    endloop
  endfacet
  facet normal 0 -1 0
    outer loop
      vertex 88.4353 0 5.77133
      vertex 88.1182 0 5.4782
      vertex 88.4159 0 5.72717
    endloop
  endfacet
  facet normal 0 -1 0
    outer loop
      vertex 87.5801 0 5.4782
      vertex 87.4914 0 5.5127
      vertex 87.5343 0 5.49402
    endloop
  endfacet
  facet normal 0 -1 0
    outer loop
      vertex 88.4159 0 5.72717
      vertex 88.1182 0 5.4782
      vertex 88.3938 0 5.6866
    endloop
  endfacet
  facet normal 0 -1 0
    outer loop
      vertex 87.2328 0 5.81656
      vertex 87.5801 0 5.4782
      vertex 87.6287 0 5.46527
    endloop
  endfacet
  facet normal 0 -1 0
    outer loop
      vertex 88.3938 0 5.6866
      vertex 88.1182 0 5.4782
      vertex 88.3691 0 5.6496
    endloop
  endfacet
  facet normal 0 -1 0
    outer loop
      vertex 87.2178 0 5.86676
      vertex 87.6287 0 5.46527
      vertex 87.6802 0 5.4552
    endloop
  endfacet
  facet normal 0 -1 0
    outer loop
      vertex 87.196 0 5.97733
      vertex 87.7346 0 5.44801
      vertex 87.7919 0 5.4437
    endloop
  endfacet
  facet normal 0 -1 0
    outer loop
      vertex 87.2056 0 5.92035
      vertex 87.6802 0 5.4552
      vertex 87.7346 0 5.44801
    endloop
  endfacet
  facet normal 0 -1 0
    outer loop
      vertex 88.3691 0 5.6496
      vertex 88.1182 0 5.4782
      vertex 88.3418 0 5.6162
    endloop
  endfacet
  facet normal 0 -1 0
    outer loop
      vertex 88.3418 0 5.6162
      vertex 88.1182 0 5.4782
      vertex 88.3118 0 5.586
    endloop
  endfacet
  facet normal 0 -1 0
    outer loop
      vertex 88.2789 0 5.5587
      vertex 88.1182 0 5.4782
      vertex 88.2431 0 5.53426
    endloop
  endfacet
  facet normal 0 -1 0
    outer loop
      vertex 88.2043 0 5.5127
      vertex 88.1182 0 5.4782
      vertex 88.1627 0 5.49402
    endloop
  endfacet
  facet normal 0 -1 0
    outer loop
      vertex 88.2431 0 5.53426
      vertex 88.1182 0 5.4782
      vertex 88.2043 0 5.5127
    endloop
  endfacet
  facet normal 0 -1 0
    outer loop
      vertex 88.3118 0 5.586
      vertex 88.1182 0 5.4782
      vertex 88.2789 0 5.5587
    endloop
  endfacet
  facet normal 0 -1 0
    outer loop
      vertex 71.8203 0 5.59482
      vertex 72.4581 0 8.50298
      vertex 71.8203 0 8.50298
    endloop
  endfacet
  facet normal -0 -1 0
    outer loop
      vertex 73.8466 0 7.08092
      vertex 72.4581 0 8.50298
      vertex 72.5832 0 5.59482
    endloop
  endfacet
  facet normal -0 -1 -0
    outer loop
      vertex 73.8436 0 7.20416
      vertex 72.4581 0 8.50298
      vertex 73.8466 0 7.08092
    endloop
  endfacet
  facet normal 0 -1 0
    outer loop
      vertex 72.4581 0 8.50298
      vertex 73.8436 0 7.20416
      vertex 72.577 0 8.49995
    endloop
  endfacet
  facet normal -0 -1 -0
    outer loop
      vertex 73.8347 0 7.32196
      vertex 72.577 0 8.49995
      vertex 73.8436 0 7.20416
    endloop
  endfacet
  facet normal 0 -1 0
    outer loop
      vertex 72.577 0 8.49995
      vertex 73.8347 0 7.32196
      vertex 72.6909 0 8.49092
    endloop
  endfacet
  facet normal -0 -1 -0
    outer loop
      vertex 73.7989 0 7.54132
      vertex 72.7997 0 8.47585
      vertex 73.8198 0 7.43436
    endloop
  endfacet
  facet normal 0 -1 0
    outer loop
      vertex 72.7997 0 8.47585
      vertex 73.7989 0 7.54132
      vertex 72.9034 0 8.45474
    endloop
  endfacet
  facet normal -0 -1 -0
    outer loop
      vertex 73.7722 0 7.64287
      vertex 73.0019 0 8.42763
      vertex 73.7989 0 7.54132
    endloop
  endfacet
  facet normal 0 -1 0
    outer loop
      vertex 73.0019 0 8.42763
      vertex 73.7722 0 7.64287
      vertex 73.0954 0 8.39447
    endloop
  endfacet
  facet normal 0 -1 0
    outer loop
      vertex 73.0954 0 8.39447
      vertex 73.7394 0 7.739
      vertex 73.1838 0 8.35529
    endloop
  endfacet
  facet normal 0 -1 0
    outer loop
      vertex 73.1838 0 8.35529
      vertex 73.7394 0 7.739
      vertex 73.2671 0 8.31007
    endloop
  endfacet
  facet normal 0 -1 0
    outer loop
      vertex 73.3453 0 8.25885
      vertex 73.7394 0 7.739
      vertex 73.4184 0 8.20158
    endloop
  endfacet
  facet normal 0 -1 0
    outer loop
      vertex 73.4865 0 8.13829
      vertex 73.7394 0 7.739
      vertex 73.549 0 8.06927
    endloop
  endfacet
  facet normal 0 -1 0
    outer loop
      vertex 73.6055 0 7.99484
      vertex 73.7394 0 7.739
      vertex 73.6561 0 7.91498
    endloop
  endfacet
  facet normal 0 -1 0
    outer loop
      vertex 73.6561 0 7.91498
      vertex 73.7394 0 7.739
      vertex 73.7007 0 7.8297
    endloop
  endfacet
  facet normal 0 -1 0
    outer loop
      vertex 73.549 0 8.06927
      vertex 73.7394 0 7.739
      vertex 73.6055 0 7.99484
    endloop
  endfacet
  facet normal 0 -1 0
    outer loop
      vertex 73.4184 0 8.20158
      vertex 73.7394 0 7.739
      vertex 73.4865 0 8.13829
    endloop
  endfacet
  facet normal 0 -1 0
    outer loop
      vertex 73.2671 0 8.31007
      vertex 73.7394 0 7.739
      vertex 73.3453 0 8.25885
    endloop
  endfacet
  facet normal -0 -1 -0
    outer loop
      vertex 73.7394 0 7.739
      vertex 73.0954 0 8.39447
      vertex 73.7722 0 7.64287
    endloop
  endfacet
  facet normal 0 -1 0
    outer loop
      vertex 72.9034 0 8.45474
      vertex 73.7989 0 7.54132
      vertex 73.0019 0 8.42763
    endloop
  endfacet
  facet normal 0 -1 0
    outer loop
      vertex 72.6909 0 8.49092
      vertex 73.8198 0 7.43436
      vertex 72.7997 0 8.47585
    endloop
  endfacet
  facet normal -0 -1 -0
    outer loop
      vertex 73.8198 0 7.43436
      vertex 72.6909 0 8.49092
      vertex 73.8347 0 7.32196
    endloop
  endfacet
  facet normal 0 -1 0
    outer loop
      vertex 73.8466 0 7.08092
      vertex 72.5832 0 5.59482
      vertex 73.8437 0 6.95847
    endloop
  endfacet
  facet normal 0 -1 0
    outer loop
      vertex 73.8437 0 6.95847
      vertex 72.5832 0 5.59482
      vertex 73.8353 0 6.84074
    endloop
  endfacet
  facet normal 0 -1 0
    outer loop
      vertex 73.8353 0 6.84074
      vertex 72.5832 0 5.59482
      vertex 73.8211 0 6.72775
    endloop
  endfacet
  facet normal 0 -1 0
    outer loop
      vertex 73.8211 0 6.72775
      vertex 72.5832 0 5.59482
      vertex 73.8014 0 6.61952
    endloop
  endfacet
  facet normal 0 -1 0
    outer loop
      vertex 73.8014 0 6.61952
      vertex 72.5832 0 5.59482
      vertex 73.7759 0 6.51601
    endloop
  endfacet
  facet normal 0 -1 0
    outer loop
      vertex 73.7759 0 6.51601
      vertex 72.5832 0 5.59482
      vertex 73.7449 0 6.41725
    endloop
  endfacet
  facet normal 0 -1 0
    outer loop
      vertex 73.7449 0 6.41725
      vertex 72.5832 0 5.59482
      vertex 73.7081 0 6.32323
    endloop
  endfacet
  facet normal 0 -1 0
    outer loop
      vertex 73.7081 0 6.32323
      vertex 72.5832 0 5.59482
      vertex 73.6658 0 6.23395
    endloop
  endfacet
  facet normal -0 -1 0
    outer loop
      vertex 72.6866 0 5.59811
      vertex 73.6658 0 6.23395
      vertex 72.5832 0 5.59482
    endloop
  endfacet
  facet normal 0 -1 0
    outer loop
      vertex 73.6658 0 6.23395
      vertex 72.6866 0 5.59811
      vertex 73.6178 0 6.14941
    endloop
  endfacet
  facet normal 0 -1 0
    outer loop
      vertex 73.6178 0 6.14941
      vertex 72.6866 0 5.59811
      vertex 73.5641 0 6.06961
    endloop
  endfacet
  facet normal 0 -1 0
    outer loop
      vertex 73.5641 0 6.06961
      vertex 72.6866 0 5.59811
      vertex 73.5048 0 5.99455
    endloop
  endfacet
  facet normal 0 -1 0
    outer loop
      vertex 73.5048 0 5.99455
      vertex 72.6866 0 5.59811
      vertex 73.4407 0 5.92517
    endloop
  endfacet
  facet normal 0 -1 0
    outer loop
      vertex 73.4407 0 5.92517
      vertex 72.6866 0 5.59811
      vertex 73.3726 0 5.86241
    endloop
  endfacet
  facet normal 0 -1 0
    outer loop
      vertex 73.3726 0 5.86241
      vertex 72.6866 0 5.59811
      vertex 73.3006 0 5.80624
    endloop
  endfacet
  facet normal 0 -1 0
    outer loop
      vertex 73.3006 0 5.80624
      vertex 72.6866 0 5.59811
      vertex 73.2247 0 5.7567
    endloop
  endfacet
  facet normal 0 -1 0
    outer loop
      vertex 73.2247 0 5.7567
      vertex 72.6866 0 5.59811
      vertex 73.1449 0 5.71375
    endloop
  endfacet
  facet normal 0 -1 0
    outer loop
      vertex 73.1449 0 5.71375
      vertex 72.6866 0 5.59811
      vertex 73.0611 0 5.6774
    endloop
  endfacet
  facet normal 0 -1 0
    outer loop
      vertex 72.9734 0 5.64767
      vertex 72.7861 0 5.60803
      vertex 72.8817 0 5.62454
    endloop
  endfacet
  facet normal 0 -1 0
    outer loop
      vertex 72.9734 0 5.64767
      vertex 72.6866 0 5.59811
      vertex 72.7861 0 5.60803
    endloop
  endfacet
  facet normal 0 -1 -0
    outer loop
      vertex 72.4581 0 8.50298
      vertex 71.8203 0 5.59482
      vertex 72.5832 0 5.59482
    endloop
  endfacet
  facet normal 0 -1 0
    outer loop
      vertex 73.0611 0 5.6774
      vertex 72.6866 0 5.59811
      vertex 72.9734 0 5.64767
    endloop
  endfacet
  facet normal 0 -1 0
    outer loop
      vertex 77.9238 0 7.10532
      vertex 78.8546 0 8.49991
      vertex 77.9238 0 8.49991
    endloop
  endfacet
  facet normal 0 -1 0
    outer loop
      vertex 78.8546 0 8.49991
      vertex 78.8789 0 7.10532
      vertex 78.9933 0 8.49431
    endloop
  endfacet
  facet normal -0 -1 0
    outer loop
      vertex 78.9452 0 7.10684
      vertex 78.9933 0 8.49431
      vertex 78.8789 0 7.10532
    endloop
  endfacet
  facet normal -0 -1 0
    outer loop
      vertex 79.0087 0 7.11142
      vertex 78.9933 0 8.49431
      vertex 78.9452 0 7.10684
    endloop
  endfacet
  facet normal -0 -1 0
    outer loop
      vertex 79.0693 0 7.11905
      vertex 78.9933 0 8.49431
      vertex 79.0087 0 7.11142
    endloop
  endfacet
  facet normal 0 -1 0
    outer loop
      vertex 78.9933 0 8.49431
      vertex 79.0693 0 7.11905
      vertex 79.1189 0 8.47751
    endloop
  endfacet
  facet normal -0 -1 -0
    outer loop
      vertex 79.6475 0 7.94002
      vertex 79.1189 0 8.47751
      vertex 79.6541 0 7.82243
    endloop
  endfacet
  facet normal 0 -1 0
    outer loop
      vertex 79.1189 0 8.47751
      vertex 79.6475 0 7.94002
      vertex 79.2312 0 8.44952
    endloop
  endfacet
  facet normal 0 -1 0
    outer loop
      vertex 79.3303 0 8.41032
      vertex 79.6276 0 8.04639
      vertex 79.4162 0 8.35994
    endloop
  endfacet
  facet normal -0 -1 -0
    outer loop
      vertex 79.5946 0 8.14157
      vertex 79.4162 0 8.35994
      vertex 79.6276 0 8.04639
    endloop
  endfacet
  facet normal 0 -1 0
    outer loop
      vertex 79.4889 0 8.29834
      vertex 79.5946 0 8.14157
      vertex 79.5483 0 8.22556
    endloop
  endfacet
  facet normal 0 -1 0
    outer loop
      vertex 79.4162 0 8.35994
      vertex 79.5946 0 8.14157
      vertex 79.4889 0 8.29834
    endloop
  endfacet
  facet normal -0 -1 -0
    outer loop
      vertex 79.6276 0 8.04639
      vertex 79.3303 0 8.41032
      vertex 79.6475 0 7.94002
    endloop
  endfacet
  facet normal 0 -1 0
    outer loop
      vertex 79.2312 0 8.44952
      vertex 79.6475 0 7.94002
      vertex 79.3303 0 8.41032
    endloop
  endfacet
  facet normal 0 -1 0
    outer loop
      vertex 79.1189 0 8.47751
      vertex 79.6524 0 7.76054
      vertex 79.6541 0 7.82243
    endloop
  endfacet
  facet normal 0 -1 -0
    outer loop
      vertex 79.1189 0 8.47751
      vertex 79.0693 0 7.11905
      vertex 79.6524 0 7.76054
    endloop
  endfacet
  facet normal 0 -1 0
    outer loop
      vertex 79.6524 0 7.76054
      vertex 79.0693 0 7.11905
      vertex 79.6474 0 7.70134
    endloop
  endfacet
  facet normal -0 -1 0
    outer loop
      vertex 79.1271 0 7.12973
      vertex 79.6474 0 7.70134
      vertex 79.0693 0 7.11905
    endloop
  endfacet
  facet normal 0 -1 0
    outer loop
      vertex 79.6474 0 7.70134
      vertex 79.1271 0 7.12973
      vertex 79.6391 0 7.64484
    endloop
  endfacet
  facet normal 0 -1 0
    outer loop
      vertex 79.6391 0 7.64484
      vertex 79.1271 0 7.12973
      vertex 79.6274 0 7.59103
    endloop
  endfacet
  facet normal 0 -1 0
    outer loop
      vertex 79.6274 0 7.59103
      vertex 79.1271 0 7.12973
      vertex 79.6124 0 7.53993
    endloop
  endfacet
  facet normal 0 -1 0
    outer loop
      vertex 79.6124 0 7.53993
      vertex 79.1271 0 7.12973
      vertex 79.5941 0 7.49152
    endloop
  endfacet
  facet normal 0 -1 0
    outer loop
      vertex 79.5941 0 7.49152
      vertex 79.1271 0 7.12973
      vertex 79.5725 0 7.44582
    endloop
  endfacet
  facet normal 0 -1 0
    outer loop
      vertex 79.5725 0 7.44582
      vertex 79.1271 0 7.12973
      vertex 79.5475 0 7.4028
    endloop
  endfacet
  facet normal 0 -1 0
    outer loop
      vertex 79.5192 0 7.36249
      vertex 79.1271 0 7.12973
      vertex 79.4876 0 7.32487
    endloop
  endfacet
  facet normal 0 -1 0
    outer loop
      vertex 79.4876 0 7.32487
      vertex 79.1271 0 7.12973
      vertex 79.4527 0 7.28995
    endloop
  endfacet
  facet normal 0 -1 0
    outer loop
      vertex 79.4146 0 7.2579
      vertex 79.1271 0 7.12973
      vertex 79.3737 0 7.22891
    endloop
  endfacet
  facet normal 0 -1 0
    outer loop
      vertex 79.3301 0 7.20297
      vertex 79.1271 0 7.12973
      vertex 79.2836 0 7.18008
    endloop
  endfacet
  facet normal 0 -1 0
    outer loop
      vertex 79.2342 0 7.16025
      vertex 79.1271 0 7.12973
      vertex 79.1821 0 7.14346
    endloop
  endfacet
  facet normal 0 -1 0
    outer loop
      vertex 79.2836 0 7.18008
      vertex 79.1271 0 7.12973
      vertex 79.2342 0 7.16025
    endloop
  endfacet
  facet normal 0 -1 0
    outer loop
      vertex 79.3737 0 7.22891
      vertex 79.1271 0 7.12973
      vertex 79.3301 0 7.20297
    endloop
  endfacet
  facet normal 0 -1 0
    outer loop
      vertex 79.4527 0 7.28995
      vertex 79.1271 0 7.12973
      vertex 79.4146 0 7.2579
    endloop
  endfacet
  facet normal 0 -1 -0
    outer loop
      vertex 78.8546 0 8.49991
      vertex 77.9238 0 7.10532
      vertex 78.8789 0 7.10532
    endloop
  endfacet
  facet normal 0 -1 0
    outer loop
      vertex 79.5475 0 7.4028
      vertex 79.1271 0 7.12973
      vertex 79.5192 0 7.36249
    endloop
  endfacet
  facet normal 0 -1 0
    outer loop
      vertex 88.3936 0 8.17824
      vertex 87.8842 0 8.66046
      vertex 87.8338 0 8.66164
    endloop
  endfacet
  facet normal 0 -1 0
    outer loop
      vertex 87.283 0 8.1749
      vertex 87.8338 0 8.66164
      vertex 87.7374 0 8.65677
    endloop
  endfacet
  facet normal -0 -1 -0
    outer loop
      vertex 88.3936 0 8.17824
      vertex 87.8338 0 8.66164
      vertex 88.3971 0 8.12682
    endloop
  endfacet
  facet normal -0 -1 -0
    outer loop
      vertex 88.3878 0 8.22697
      vertex 87.9322 0 8.65695
      vertex 88.3936 0 8.17824
    endloop
  endfacet
  facet normal 0 -1 0
    outer loop
      vertex 87.2967 0 8.26738
      vertex 87.7374 0 8.65677
      vertex 87.6502 0 8.64217
    endloop
  endfacet
  facet normal 0 -1 0
    outer loop
      vertex 87.9322 0 8.65695
      vertex 88.3878 0 8.22697
      vertex 87.9779 0 8.65108
    endloop
  endfacet
  facet normal -0 -1 -0
    outer loop
      vertex 88.3797 0 8.27301
      vertex 87.9779 0 8.65108
      vertex 88.3878 0 8.22697
    endloop
  endfacet
  facet normal 0 -1 0
    outer loop
      vertex 87.3197 0 8.35013
      vertex 87.6502 0 8.64217
      vertex 87.5721 0 8.61783
    endloop
  endfacet
  facet normal 0 -1 0
    outer loop
      vertex 87.9779 0 8.65108
      vertex 88.3797 0 8.27301
      vertex 88.0212 0 8.64287
    endloop
  endfacet
  facet normal 0 -1 0
    outer loop
      vertex 88.0212 0 8.64287
      vertex 88.3693 0 8.31636
      vertex 88.0621 0 8.63231
    endloop
  endfacet
  facet normal 0 -1 0
    outer loop
      vertex 87.3518 0 8.42314
      vertex 87.5721 0 8.61783
      vertex 87.5033 0 8.58376
    endloop
  endfacet
  facet normal 0 -1 0
    outer loop
      vertex 88.0621 0 8.63231
      vertex 88.3693 0 8.31636
      vertex 88.1007 0 8.61942
    endloop
  endfacet
  facet normal -0 -1 -0
    outer loop
      vertex 88.3565 0 8.35699
      vertex 88.1007 0 8.61942
      vertex 88.3693 0 8.31636
    endloop
  endfacet
  facet normal 0 -1 0
    outer loop
      vertex 87.3518 0 8.42314
      vertex 87.5033 0 8.58376
      vertex 87.4436 0 8.53995
    endloop
  endfacet
  facet normal -0 -1 -0
    outer loop
      vertex 88.3414 0 8.39493
      vertex 88.1368 0 8.60416
      vertex 88.3565 0 8.35699
    endloop
  endfacet
  facet normal 0 -1 0
    outer loop
      vertex 88.1368 0 8.60416
      vertex 88.3414 0 8.39493
      vertex 88.1707 0 8.58656
    endloop
  endfacet
  facet normal 0 -1 0
    outer loop
      vertex 87.3518 0 8.42314
      vertex 87.4436 0 8.53995
      vertex 87.3931 0 8.48642
    endloop
  endfacet
  facet normal 0 -1 0
    outer loop
      vertex 88.2021 0 8.56664
      vertex 88.3414 0 8.39493
      vertex 88.2312 0 8.54434
    endloop
  endfacet
  facet normal 0 -1 0
    outer loop
      vertex 88.2579 0 8.51971
      vertex 88.3414 0 8.39493
      vertex 88.2823 0 8.49257
    endloop
  endfacet
  facet normal 0 -1 0
    outer loop
      vertex 87.5721 0 8.61783
      vertex 87.3518 0 8.42314
      vertex 87.3197 0 8.35013
    endloop
  endfacet
  facet normal 0 -1 0
    outer loop
      vertex 88.3043 0 8.46272
      vertex 88.3414 0 8.39493
      vertex 88.324 0 8.43018
    endloop
  endfacet
  facet normal 0 -1 0
    outer loop
      vertex 88.2823 0 8.49257
      vertex 88.3414 0 8.39493
      vertex 88.3043 0 8.46272
    endloop
  endfacet
  facet normal 0 -1 0
    outer loop
      vertex 87.6502 0 8.64217
      vertex 87.3197 0 8.35013
      vertex 87.2967 0 8.26738
    endloop
  endfacet
  facet normal 0 -1 0
    outer loop
      vertex 88.2312 0 8.54434
      vertex 88.3414 0 8.39493
      vertex 88.2579 0 8.51971
    endloop
  endfacet
  facet normal 0 -1 0
    outer loop
      vertex 88.1707 0 8.58656
      vertex 88.3414 0 8.39493
      vertex 88.2021 0 8.56664
    endloop
  endfacet
  facet normal 0 -1 0
    outer loop
      vertex 87.7374 0 8.65677
      vertex 87.2967 0 8.26738
      vertex 87.283 0 8.1749
    endloop
  endfacet
  facet normal 0 -1 0
    outer loop
      vertex 88.1007 0 8.61942
      vertex 88.3565 0 8.35699
      vertex 88.1368 0 8.60416
    endloop
  endfacet
  facet normal -0 -1 -0
    outer loop
      vertex 88.3693 0 8.31636
      vertex 88.0212 0 8.64287
      vertex 88.3797 0 8.27301
    endloop
  endfacet
  facet normal 0 -1 -0
    outer loop
      vertex 87.8338 0 8.66164
      vertex 87.283 0 8.1749
      vertex 88.3971 0 8.12682
    endloop
  endfacet
  facet normal 0 -1 0
    outer loop
      vertex 87.8842 0 8.66046
      vertex 88.3936 0 8.17824
      vertex 87.9322 0 8.65695
    endloop
  endfacet
  facet normal 0 -1 0
    outer loop
      vertex 87.2784 0 8.07268
      vertex 88.3971 0 8.12682
      vertex 87.283 0 8.1749
    endloop
  endfacet
  facet normal 0 -1 0
    outer loop
      vertex 87.2784 0 8.07268
      vertex 88.3983 0 8.07268
      vertex 88.3971 0 8.12682
    endloop
  endfacet
  facet normal 0 -1 0
    outer loop
      vertex 87.2784 0 8.07268
      vertex 88.3971 0 8.0143
      vertex 88.3983 0 8.07268
    endloop
  endfacet
  facet normal 0 -1 0
    outer loop
      vertex 87.283 0 7.9657
      vertex 88.3971 0 8.0143
      vertex 87.2784 0 8.07268
    endloop
  endfacet
  facet normal 0 -1 0
    outer loop
      vertex 87.283 0 7.9657
      vertex 88.3937 0 7.95898
      vertex 88.3971 0 8.0143
    endloop
  endfacet
  facet normal 0 -1 0
    outer loop
      vertex 87.8398 0 7.45627
      vertex 88.3937 0 7.95898
      vertex 87.283 0 7.9657
    endloop
  endfacet
  facet normal 0 -1 0
    outer loop
      vertex 87.8398 0 7.45627
      vertex 87.283 0 7.9657
      vertex 87.2969 0 7.86891
    endloop
  endfacet
  facet normal -0 -1 0
    outer loop
      vertex 87.8897 0 7.45746
      vertex 88.3937 0 7.95898
      vertex 87.8398 0 7.45627
    endloop
  endfacet
  facet normal 0 -1 0
    outer loop
      vertex 88.3937 0 7.95898
      vertex 87.8897 0 7.45746
      vertex 88.388 0 7.90675
    endloop
  endfacet
  facet normal 0 -1 0
    outer loop
      vertex 87.7424 0 7.46136
      vertex 87.2969 0 7.86891
      vertex 87.3201 0 7.7823
    endloop
  endfacet
  facet normal -0 -1 0
    outer loop
      vertex 87.9372 0 7.46101
      vertex 88.388 0 7.90675
      vertex 87.8897 0 7.45746
    endloop
  endfacet
  facet normal 0 -1 0
    outer loop
      vertex 88.388 0 7.90675
      vertex 87.9372 0 7.46101
      vertex 88.3799 0 7.8576
    endloop
  endfacet
  facet normal 0 -1 0
    outer loop
      vertex 87.6542 0 7.47665
      vertex 87.3201 0 7.7823
      vertex 87.3526 0 7.70589
    endloop
  endfacet
  facet normal -0 -1 0
    outer loop
      vertex 87.9824 0 7.46693
      vertex 88.3799 0 7.8576
      vertex 87.9372 0 7.46101
    endloop
  endfacet
  facet normal 0 -1 0
    outer loop
      vertex 88.3799 0 7.8576
      vertex 87.9824 0 7.46693
      vertex 88.3696 0 7.81152
    endloop
  endfacet
  facet normal 0 -1 0
    outer loop
      vertex 87.5753 0 7.50212
      vertex 87.3526 0 7.70589
      vertex 87.3944 0 7.63966
    endloop
  endfacet
  facet normal -0 -1 0
    outer loop
      vertex 88.0253 0 7.47523
      vertex 88.3696 0 7.81152
      vertex 87.9824 0 7.46693
    endloop
  endfacet
  facet normal 0 -1 0
    outer loop
      vertex 88.3696 0 7.81152
      vertex 88.0253 0 7.47523
      vertex 88.357 0 7.76852
    endloop
  endfacet
  facet normal 0 -1 0
    outer loop
      vertex 87.5753 0 7.50212
      vertex 87.3944 0 7.63966
      vertex 87.4454 0 7.58363
    endloop
  endfacet
  facet normal -0 -1 0
    outer loop
      vertex 88.0658 0 7.4859
      vertex 88.357 0 7.76852
      vertex 88.0253 0 7.47523
    endloop
  endfacet
  facet normal -0 -1 0
    outer loop
      vertex 88.1039 0 7.49893
      vertex 88.3421 0 7.72861
      vertex 88.0658 0 7.4859
    endloop
  endfacet
  facet normal 0 -1 0
    outer loop
      vertex 87.5753 0 7.50212
      vertex 87.4454 0 7.58363
      vertex 87.5057 0 7.53778
    endloop
  endfacet
  facet normal 0 -1 0
    outer loop
      vertex 88.3421 0 7.72861
      vertex 88.1039 0 7.49893
      vertex 88.3248 0 7.69176
    endloop
  endfacet
  facet normal 0 -1 0
    outer loop
      vertex 88.3248 0 7.69176
      vertex 88.1039 0 7.49893
      vertex 88.3053 0 7.65799
    endloop
  endfacet
  facet normal 0 -1 0
    outer loop
      vertex 87.3526 0 7.70589
      vertex 87.5753 0 7.50212
      vertex 87.6542 0 7.47665
    endloop
  endfacet
  facet normal 0 -1 0
    outer loop
      vertex 88.3053 0 7.65799
      vertex 88.1039 0 7.49893
      vertex 88.2835 0 7.6273
    endloop
  endfacet
  facet normal 0 -1 0
    outer loop
      vertex 88.2835 0 7.6273
      vertex 88.1039 0 7.49893
      vertex 88.2594 0 7.59969
    endloop
  endfacet
  facet normal 0 -1 0
    outer loop
      vertex 87.3201 0 7.7823
      vertex 87.6542 0 7.47665
      vertex 87.7424 0 7.46136
    endloop
  endfacet
  facet normal 0 -1 0
    outer loop
      vertex 88.2594 0 7.59969
      vertex 88.1039 0 7.49893
      vertex 88.233 0 7.5748
    endloop
  endfacet
  facet normal 0 -1 0
    outer loop
      vertex 88.233 0 7.5748
      vertex 88.1039 0 7.49893
      vertex 88.2042 0 7.55228
    endloop
  endfacet
  facet normal 0 -1 0
    outer loop
      vertex 87.2969 0 7.86891
      vertex 87.7424 0 7.46136
      vertex 87.8398 0 7.45627
    endloop
  endfacet
  facet normal 0 -1 0
    outer loop
      vertex 88.2042 0 7.55228
      vertex 88.1039 0 7.49893
      vertex 88.1731 0 7.53212
    endloop
  endfacet
  facet normal 0 -1 0
    outer loop
      vertex 88.1731 0 7.53212
      vertex 88.1039 0 7.49893
      vertex 88.1397 0 7.51434
    endloop
  endfacet
  facet normal 0 -1 0
    outer loop
      vertex 88.357 0 7.76852
      vertex 88.0658 0 7.4859
      vertex 88.3421 0 7.72861
    endloop
  endfacet
  facet normal 0.117501 -0.993073 0
    outer loop
      vertex 154.471 0.0184937 0
      vertex 154.939 0.0738678 12.91
      vertex 154.471 0.0184937 12.91
    endloop
  endfacet
  facet normal 0.117501 -0.993073 0
    outer loop
      vertex 154.939 0.0738678 12.91
      vertex 154.471 0.0184937 0
      vertex 154.939 0.0738678 0
    endloop
  endfacet
  facet normal 0.999271 0.0381887 0
    outer loop
      vertex 160 154 12.91
      vertex 159.982 154.471 0
      vertex 159.982 154.471 12.91
    endloop
  endfacet
  facet normal 0.999271 0.0381887 0
    outer loop
      vertex 159.982 154.471 0
      vertex 160 154 12.91
      vertex 160 154 0
    endloop
  endfacet
  facet normal 0.0392345 -0.99923 0
    outer loop
      vertex 154 0 0
      vertex 154.471 0.0184937 12.91
      vertex 154 0 12.91
    endloop
  endfacet
  facet normal 0.0392345 -0.99923 0
    outer loop
      vertex 154.471 0.0184937 12.91
      vertex 154 0 0
      vertex 154.471 0.0184937 0
    endloop
  endfacet
  facet normal 0.678745 -0.734374 0
    outer loop
      vertex 157.897 1.43756 0
      vertex 158.243 1.75735 12.91
      vertex 157.897 1.43756 12.91
    endloop
  endfacet
  facet normal 0.678745 -0.734374 0
    outer loop
      vertex 158.243 1.75735 12.91
      vertex 157.897 1.43756 0
      vertex 158.243 1.75735 0
    endloop
  endfacet
  facet normal 0.555679 0.831397 -0
    outer loop
      vertex 157.527 158.854 0
      vertex 157.135 159.116 12.91
      vertex 157.527 158.854 12.91
    endloop
  endfacet
  facet normal 0.555679 0.831397 0
    outer loop
      vertex 157.135 159.116 12.91
      vertex 157.527 158.854 0
      vertex 157.135 159.116 0
    endloop
  endfacet
  facet normal -0.418656 -0.908145 0
    outer loop
      vertex 3.27606 0.653961 0
      vertex 3.7039 0.456726 12.91
      vertex 3.27606 0.653961 12.91
    endloop
  endfacet
  facet normal -0.418656 -0.908145 -0
    outer loop
      vertex 3.7039 0.456726 12.91
      vertex 3.27606 0.653961 0
      vertex 3.7039 0.456726 0
    endloop
  endfacet
  facet normal -0.555943 0.83122 0
    outer loop
      vertex 2.86501 159.116 0
      vertex 2.47328 158.854 12.91
      vertex 2.86501 159.116 12.91
    endloop
  endfacet
  facet normal -0.555943 0.83122 0
    outer loop
      vertex 2.47328 158.854 12.91
      vertex 2.86501 159.116 0
      vertex 2.47328 158.854 0
    endloop
  endfacet
  facet normal -0.678776 -0.734345 0
    outer loop
      vertex 1.75735 1.75735 0
      vertex 2.10332 1.43756 12.91
      vertex 1.75735 1.75735 12.91
    endloop
  endfacet
  facet normal -0.678776 -0.734345 -0
    outer loop
      vertex 2.10332 1.43756 12.91
      vertex 1.75735 1.75735 0
      vertex 2.10332 1.43756 0
    endloop
  endfacet
  facet normal -0.555569 -0.83147 0
    outer loop
      vertex 2.47328 1.1459 0
      vertex 2.86501 0.884155 12.91
      vertex 2.47328 1.1459 12.91
    endloop
  endfacet
  facet normal -0.555569 -0.83147 -0
    outer loop
      vertex 2.86501 0.884155 12.91
      vertex 2.47328 1.1459 0
      vertex 2.86501 0.884155 0
    endloop
  endfacet
  facet normal -0.346133 -0.938185 0
    outer loop
      vertex 3.7039 0.456726 0
      vertex 4.1459 0.293655 12.91
      vertex 3.7039 0.456726 12.91
    endloop
  endfacet
  facet normal -0.346133 -0.938185 -0
    outer loop
      vertex 4.1459 0.293655 12.91
      vertex 3.7039 0.456726 0
      vertex 4.1459 0.293655 0
    endloop
  endfacet
  facet normal -0.0382089 0.99927 0
    outer loop
      vertex 6 160 0
      vertex 5.52925 159.982 12.91
      vertex 6 160 12.91
    endloop
  endfacet
  facet normal -0.0382089 0.99927 0
    outer loop
      vertex 5.52925 159.982 12.91
      vertex 6 160 0
      vertex 5.52925 159.982 0
    endloop
  endfacet
  facet normal 0 0 1
    outer loop
      vertex 3.2 154 1.8
      vertex 7.12 156.8 1.8
      vertex 6 156.8 1.8
    endloop
  endfacet
  facet normal 0 0 1
    outer loop
      vertex 22.06 156.8 1.8
      vertex 18.62 156.8 1.8
      vertex 22.06 3.2 1.8
    endloop
  endfacet
  facet normal 0 0 1
    outer loop
      vertex 26.3 156.8 1.8
      vertex 22.86 156.8 1.8
      vertex 26.3 3.2 1.8
    endloop
  endfacet
  facet normal 0 0 1
    outer loop
      vertex 41.24 156.8 1.8
      vertex 37.8 156.8 1.8
      vertex 41.24 3.2 1.8
    endloop
  endfacet
  facet normal 0 0 1
    outer loop
      vertex 45.48 156.8 1.8
      vertex 42.04 156.8 1.8
      vertex 45.48 3.2 1.8
    endloop
  endfacet
  facet normal 0 0 1
    outer loop
      vertex 60.42 156.8 1.8
      vertex 56.98 156.8 1.8
      vertex 60.42 3.2 1.8
    endloop
  endfacet
  facet normal 0 0 1
    outer loop
      vertex 64.66 156.8 1.8
      vertex 61.22 156.8 1.8
      vertex 64.66 3.2 1.8
    endloop
  endfacet
  facet normal 0 0 1
    outer loop
      vertex 79.6 156.8 1.8
      vertex 76.16 156.8 1.8
      vertex 79.6 3.2 1.8
    endloop
  endfacet
  facet normal 0 0 1
    outer loop
      vertex 83.84 156.8 1.8
      vertex 80.4 156.8 1.8
      vertex 83.84 3.2 1.8
    endloop
  endfacet
  facet normal 0 0 1
    outer loop
      vertex 98.78 156.8 1.8
      vertex 95.34 156.8 1.8
      vertex 98.78 3.2 1.8
    endloop
  endfacet
  facet normal 0 0 1
    outer loop
      vertex 103.02 156.8 1.8
      vertex 99.58 156.8 1.8
      vertex 103.02 3.2 1.8
    endloop
  endfacet
  facet normal 0 0 1
    outer loop
      vertex 117.96 156.8 1.8
      vertex 114.52 156.8 1.8
      vertex 117.96 3.2 1.8
    endloop
  endfacet
  facet normal 0 0 1
    outer loop
      vertex 122.2 156.8 1.8
      vertex 118.76 156.8 1.8
      vertex 122.2 3.2 1.8
    endloop
  endfacet
  facet normal 0 0 1
    outer loop
      vertex 137.14 156.8 1.8
      vertex 133.7 156.8 1.8
      vertex 137.14 3.2 1.8
    endloop
  endfacet
  facet normal 0 0 1
    outer loop
      vertex 141.38 156.8 1.8
      vertex 137.94 156.8 1.8
      vertex 141.38 3.2 1.8
    endloop
  endfacet
  facet normal 0 0 1
    outer loop
      vertex 154 156.8 1.8
      vertex 156.8 154 1.8
      vertex 156.791 154.22 1.8
    endloop
  endfacet
  facet normal 0 0 1
    outer loop
      vertex 156.8 154 1.8
      vertex 152.88 156.8 1.8
      vertex 156.8 6 1.8
    endloop
  endfacet
  facet normal 0 0 1
    outer loop
      vertex 154 156.8 1.8
      vertex 156.791 154.22 1.8
      vertex 156.766 154.438 1.8
    endloop
  endfacet
  facet normal 0 0 1
    outer loop
      vertex 152.88 3.2 1.8
      vertex 156.8 6 1.8
      vertex 152.88 156.8 1.8
    endloop
  endfacet
  facet normal 0 0 1
    outer loop
      vertex 154 156.8 1.8
      vertex 156.766 154.438 1.8
      vertex 156.723 154.654 1.8
    endloop
  endfacet
  facet normal 0 -0 1
    outer loop
      vertex 154 3.2 1.8
      vertex 156.8 6 1.8
      vertex 152.88 3.2 1.8
    endloop
  endfacet
  facet normal 0 0 1
    outer loop
      vertex 154 156.8 1.8
      vertex 156.723 154.654 1.8
      vertex 156.663 154.865 1.8
    endloop
  endfacet
  facet normal 0 0 1
    outer loop
      vertex 156.8 6 1.8
      vertex 154 3.2 1.8
      vertex 156.791 5.78032 1.8
    endloop
  endfacet
  facet normal 0 0 1
    outer loop
      vertex 154 156.8 1.8
      vertex 156.663 154.865 1.8
      vertex 156.587 155.072 1.8
    endloop
  endfacet
  facet normal 0 0 1
    outer loop
      vertex 156.791 5.78032 1.8
      vertex 154 3.2 1.8
      vertex 156.766 5.56198 1.8
    endloop
  endfacet
  facet normal 0 0 1
    outer loop
      vertex 154 156.8 1.8
      vertex 156.587 155.072 1.8
      vertex 156.495 155.271 1.8
    endloop
  endfacet
  facet normal 0 0 1
    outer loop
      vertex 156.766 5.56198 1.8
      vertex 154 3.2 1.8
      vertex 156.723 5.34636 1.8
    endloop
  endfacet
  facet normal 0 0 1
    outer loop
      vertex 154 156.8 1.8
      vertex 156.495 155.271 1.8
      vertex 156.387 155.463 1.8
    endloop
  endfacet
  facet normal 0 0 1
    outer loop
      vertex 156.723 5.34636 1.8
      vertex 154 3.2 1.8
      vertex 156.663 5.13475 1.8
    endloop
  endfacet
  facet normal 0 0 1
    outer loop
      vertex 154 156.8 1.8
      vertex 156.387 155.463 1.8
      vertex 156.265 155.646 1.8
    endloop
  endfacet
  facet normal 0 0 1
    outer loop
      vertex 156.663 5.13475 1.8
      vertex 154 3.2 1.8
      vertex 156.587 4.92848 1.8
    endloop
  endfacet
  facet normal 0 0 1
    outer loop
      vertex 154 156.8 1.8
      vertex 156.265 155.646 1.8
      vertex 156.129 155.818 1.8
    endloop
  endfacet
  facet normal 0 0 1
    outer loop
      vertex 156.587 4.92848 1.8
      vertex 154 3.2 1.8
      vertex 156.495 4.72882 1.8
    endloop
  endfacet
  facet normal 0 0 1
    outer loop
      vertex 154 156.8 1.8
      vertex 156.129 155.818 1.8
      vertex 155.98 155.98 1.8
    endloop
  endfacet
  facet normal 0 0 1
    outer loop
      vertex 156.495 4.72882 1.8
      vertex 154 3.2 1.8
      vertex 156.387 4.537 1.8
    endloop
  endfacet
  facet normal 0 0 1
    outer loop
      vertex 154 156.8 1.8
      vertex 155.98 155.98 1.8
      vertex 155.818 156.129 1.8
    endloop
  endfacet
  facet normal 0 0 1
    outer loop
      vertex 156.387 4.537 1.8
      vertex 154 3.2 1.8
      vertex 156.265 4.3542 1.8
    endloop
  endfacet
  facet normal 0 0 1
    outer loop
      vertex 154 156.8 1.8
      vertex 155.818 156.129 1.8
      vertex 155.646 156.265 1.8
    endloop
  endfacet
  facet normal 0 0 1
    outer loop
      vertex 156.265 4.3542 1.8
      vertex 154 3.2 1.8
      vertex 156.129 4.18155 1.8
    endloop
  endfacet
  facet normal 0 0 1
    outer loop
      vertex 154 156.8 1.8
      vertex 155.646 156.265 1.8
      vertex 155.463 156.387 1.8
    endloop
  endfacet
  facet normal 0 0 1
    outer loop
      vertex 156.129 4.18155 1.8
      vertex 154 3.2 1.8
      vertex 155.98 4.0201 1.8
    endloop
  endfacet
  facet normal 0 0 1
    outer loop
      vertex 154 156.8 1.8
      vertex 155.463 156.387 1.8
      vertex 155.271 156.495 1.8
    endloop
  endfacet
  facet normal 0 0 1
    outer loop
      vertex 155.98 4.0201 1.8
      vertex 154 3.2 1.8
      vertex 155.818 3.87086 1.8
    endloop
  endfacet
  facet normal 0 0 1
    outer loop
      vertex 154 156.8 1.8
      vertex 155.271 156.495 1.8
      vertex 155.072 156.587 1.8
    endloop
  endfacet
  facet normal 0 0 1
    outer loop
      vertex 155.818 3.87086 1.8
      vertex 154 3.2 1.8
      vertex 155.646 3.73476 1.8
    endloop
  endfacet
  facet normal 0 0 1
    outer loop
      vertex 154 156.8 1.8
      vertex 155.072 156.587 1.8
      vertex 154.865 156.663 1.8
    endloop
  endfacet
  facet normal 0 0 1
    outer loop
      vertex 155.646 3.73476 1.8
      vertex 154 3.2 1.8
      vertex 155.463 3.61261 1.8
    endloop
  endfacet
  facet normal 0 0 1
    outer loop
      vertex 154 156.8 1.8
      vertex 154.865 156.663 1.8
      vertex 154.654 156.723 1.8
    endloop
  endfacet
  facet normal 0 0 1
    outer loop
      vertex 155.463 3.61261 1.8
      vertex 154 3.2 1.8
      vertex 155.271 3.50519 1.8
    endloop
  endfacet
  facet normal 0 0 1
    outer loop
      vertex 154 156.8 1.8
      vertex 154.654 156.723 1.8
      vertex 154.438 156.766 1.8
    endloop
  endfacet
  facet normal 0 0 1
    outer loop
      vertex 155.271 3.50519 1.8
      vertex 154 3.2 1.8
      vertex 155.072 3.41313 1.8
    endloop
  endfacet
  facet normal 0 0 1
    outer loop
      vertex 154 156.8 1.8
      vertex 154.438 156.766 1.8
      vertex 154.22 156.791 1.8
    endloop
  endfacet
  facet normal 0 0 1
    outer loop
      vertex 155.072 3.41313 1.8
      vertex 154 3.2 1.8
      vertex 154.865 3.33704 1.8
    endloop
  endfacet
  facet normal 0 0 1
    outer loop
      vertex 156.8 154 1.8
      vertex 154 156.8 1.8
      vertex 152.88 156.8 1.8
    endloop
  endfacet
  facet normal 0 0 1
    outer loop
      vertex 154.865 3.33704 1.8
      vertex 154 3.2 1.8
      vertex 154.654 3.27736 1.8
    endloop
  endfacet
  facet normal 0 0 1
    outer loop
      vertex 154.654 3.27736 1.8
      vertex 154 3.2 1.8
      vertex 154.438 3.23447 1.8
    endloop
  endfacet
  facet normal 0 0 1
    outer loop
      vertex 154.438 3.23447 1.8
      vertex 154 3.2 1.8
      vertex 154.22 3.20863 1.8
    endloop
  endfacet
  facet normal 0 0 0
    outer loop
      vertex 141.38 3.2 1.8
      vertex 154 3.2 1.8
      vertex 152.88 3.2 1.8
    endloop
  endfacet
  facet normal 0 0 1
    outer loop
      vertex 137.94 3.2 1.8
      vertex 141.38 3.2 1.8
      vertex 137.94 156.8 1.8
    endloop
  endfacet
  facet normal 0 0 0
    outer loop
      vertex 137.94 3.2 1.8
      vertex 154 3.2 1.8
      vertex 141.38 3.2 1.8
    endloop
  endfacet
  facet normal 0 0 0
    outer loop
      vertex 137.14 3.2 1.8
      vertex 154 3.2 1.8
      vertex 137.94 3.2 1.8
    endloop
  endfacet
  facet normal 0 0 1
    outer loop
      vertex 133.7 3.2 1.8
      vertex 137.14 3.2 1.8
      vertex 133.7 156.8 1.8
    endloop
  endfacet
  facet normal 0 0 0
    outer loop
      vertex 133.7 3.2 1.8
      vertex 154 3.2 1.8
      vertex 137.14 3.2 1.8
    endloop
  endfacet
  facet normal 0 0 0
    outer loop
      vertex 122.2 3.2 1.8
      vertex 154 3.2 1.8
      vertex 133.7 3.2 1.8
    endloop
  endfacet
  facet normal 0 0 1
    outer loop
      vertex 118.76 3.2 1.8
      vertex 122.2 3.2 1.8
      vertex 118.76 156.8 1.8
    endloop
  endfacet
  facet normal 0 0 0
    outer loop
      vertex 118.76 3.2 1.8
      vertex 154 3.2 1.8
      vertex 122.2 3.2 1.8
    endloop
  endfacet
  facet normal 0 0 0
    outer loop
      vertex 117.96 3.2 1.8
      vertex 154 3.2 1.8
      vertex 118.76 3.2 1.8
    endloop
  endfacet
  facet normal 0 0 1
    outer loop
      vertex 114.52 3.2 1.8
      vertex 117.96 3.2 1.8
      vertex 114.52 156.8 1.8
    endloop
  endfacet
  facet normal 0 0 0
    outer loop
      vertex 114.52 3.2 1.8
      vertex 154 3.2 1.8
      vertex 117.96 3.2 1.8
    endloop
  endfacet
  facet normal 0 0 0
    outer loop
      vertex 103.02 3.2 1.8
      vertex 154 3.2 1.8
      vertex 114.52 3.2 1.8
    endloop
  endfacet
  facet normal 0 0 1
    outer loop
      vertex 99.58 3.2 1.8
      vertex 103.02 3.2 1.8
      vertex 99.58 156.8 1.8
    endloop
  endfacet
  facet normal 0 0 0
    outer loop
      vertex 99.58 3.2 1.8
      vertex 154 3.2 1.8
      vertex 103.02 3.2 1.8
    endloop
  endfacet
  facet normal 0 0 0
    outer loop
      vertex 98.78 3.2 1.8
      vertex 154 3.2 1.8
      vertex 99.58 3.2 1.8
    endloop
  endfacet
  facet normal 0 0 1
    outer loop
      vertex 95.34 3.2 1.8
      vertex 98.78 3.2 1.8
      vertex 95.34 156.8 1.8
    endloop
  endfacet
  facet normal 0 0 0
    outer loop
      vertex 95.34 3.2 1.8
      vertex 154 3.2 1.8
      vertex 98.78 3.2 1.8
    endloop
  endfacet
  facet normal 0 0 0
    outer loop
      vertex 83.84 3.2 1.8
      vertex 154 3.2 1.8
      vertex 95.34 3.2 1.8
    endloop
  endfacet
  facet normal 0 0 1
    outer loop
      vertex 80.4 3.2 1.8
      vertex 83.84 3.2 1.8
      vertex 80.4 156.8 1.8
    endloop
  endfacet
  facet normal 0 0 0
    outer loop
      vertex 80.4 3.2 1.8
      vertex 154 3.2 1.8
      vertex 83.84 3.2 1.8
    endloop
  endfacet
  facet normal 0 0 0
    outer loop
      vertex 79.6 3.2 1.8
      vertex 154 3.2 1.8
      vertex 80.4 3.2 1.8
    endloop
  endfacet
  facet normal 0 0 1
    outer loop
      vertex 76.16 3.2 1.8
      vertex 79.6 3.2 1.8
      vertex 76.16 156.8 1.8
    endloop
  endfacet
  facet normal 0 0 0
    outer loop
      vertex 76.16 3.2 1.8
      vertex 154 3.2 1.8
      vertex 79.6 3.2 1.8
    endloop
  endfacet
  facet normal 0 0 0
    outer loop
      vertex 64.66 3.2 1.8
      vertex 154 3.2 1.8
      vertex 76.16 3.2 1.8
    endloop
  endfacet
  facet normal 0 0 1
    outer loop
      vertex 61.22 3.2 1.8
      vertex 64.66 3.2 1.8
      vertex 61.22 156.8 1.8
    endloop
  endfacet
  facet normal 0 0 0
    outer loop
      vertex 61.22 3.2 1.8
      vertex 154 3.2 1.8
      vertex 64.66 3.2 1.8
    endloop
  endfacet
  facet normal 0 0 0
    outer loop
      vertex 60.42 3.2 1.8
      vertex 154 3.2 1.8
      vertex 61.22 3.2 1.8
    endloop
  endfacet
  facet normal 0 0 1
    outer loop
      vertex 56.98 3.2 1.8
      vertex 60.42 3.2 1.8
      vertex 56.98 156.8 1.8
    endloop
  endfacet
  facet normal 0 0 0
    outer loop
      vertex 56.98 3.2 1.8
      vertex 154 3.2 1.8
      vertex 60.42 3.2 1.8
    endloop
  endfacet
  facet normal 0 0 0
    outer loop
      vertex 45.48 3.2 1.8
      vertex 154 3.2 1.8
      vertex 56.98 3.2 1.8
    endloop
  endfacet
  facet normal 0 0 1
    outer loop
      vertex 42.04 3.2 1.8
      vertex 45.48 3.2 1.8
      vertex 42.04 156.8 1.8
    endloop
  endfacet
  facet normal 0 0 0
    outer loop
      vertex 42.04 3.2 1.8
      vertex 154 3.2 1.8
      vertex 45.48 3.2 1.8
    endloop
  endfacet
  facet normal 0 0 0
    outer loop
      vertex 41.24 3.2 1.8
      vertex 154 3.2 1.8
      vertex 42.04 3.2 1.8
    endloop
  endfacet
  facet normal 0 0 1
    outer loop
      vertex 37.8 3.2 1.8
      vertex 41.24 3.2 1.8
      vertex 37.8 156.8 1.8
    endloop
  endfacet
  facet normal 0 0 0
    outer loop
      vertex 37.8 3.2 1.8
      vertex 154 3.2 1.8
      vertex 41.24 3.2 1.8
    endloop
  endfacet
  facet normal 0 0 0
    outer loop
      vertex 26.3 3.2 1.8
      vertex 154 3.2 1.8
      vertex 37.8 3.2 1.8
    endloop
  endfacet
  facet normal 0 0 1
    outer loop
      vertex 22.86 3.2 1.8
      vertex 26.3 3.2 1.8
      vertex 22.86 156.8 1.8
    endloop
  endfacet
  facet normal 0 0 0
    outer loop
      vertex 22.86 3.2 1.8
      vertex 154 3.2 1.8
      vertex 26.3 3.2 1.8
    endloop
  endfacet
  facet normal 0 0 0
    outer loop
      vertex 22.06 3.2 1.8
      vertex 154 3.2 1.8
      vertex 22.86 3.2 1.8
    endloop
  endfacet
  facet normal 0 0 1
    outer loop
      vertex 18.62 3.2 1.8
      vertex 22.06 3.2 1.8
      vertex 18.62 156.8 1.8
    endloop
  endfacet
  facet normal 0 0 0
    outer loop
      vertex 18.62 3.2 1.8
      vertex 154 3.2 1.8
      vertex 22.06 3.2 1.8
    endloop
  endfacet
  facet normal 0 0 0
    outer loop
      vertex 7.12 3.2 1.8
      vertex 154 3.2 1.8
      vertex 18.62 3.2 1.8
    endloop
  endfacet
  facet normal 0 0 -0
    outer loop
      vertex 7.12 3.2 1.8
      vertex 6 3.2 1.8
      vertex 154 3.2 1.8
    endloop
  endfacet
  facet normal 0 0 1
    outer loop
      vertex 7.12 156.8 1.8
      vertex 3.2 154 1.8
      vertex 7.12 3.2 1.8
    endloop
  endfacet
  facet normal 0 0 1
    outer loop
      vertex 3.2 154 1.8
      vertex 6 156.8 1.8
      vertex 5.78032 156.791 1.8
    endloop
  endfacet
  facet normal -0 0 1
    outer loop
      vertex 3.2 6 1.8
      vertex 7.12 3.2 1.8
      vertex 3.2 154 1.8
    endloop
  endfacet
  facet normal 0 0 1
    outer loop
      vertex 3.2 154 1.8
      vertex 5.78032 156.791 1.8
      vertex 5.56198 156.766 1.8
    endloop
  endfacet
  facet normal 0 0 1
    outer loop
      vertex 7.12 3.2 1.8
      vertex 3.2 6 1.8
      vertex 6 3.2 1.8
    endloop
  endfacet
  facet normal 0 0 1
    outer loop
      vertex 3.2 154 1.8
      vertex 5.56198 156.766 1.8
      vertex 5.34636 156.723 1.8
    endloop
  endfacet
  facet normal 0 0 1
    outer loop
      vertex 6 3.2 1.8
      vertex 3.2 6 1.8
      vertex 5.78032 3.20863 1.8
    endloop
  endfacet
  facet normal 0 0 1
    outer loop
      vertex 3.2 154 1.8
      vertex 5.34636 156.723 1.8
      vertex 5.13475 156.663 1.8
    endloop
  endfacet
  facet normal 0 0 1
    outer loop
      vertex 5.78032 3.20863 1.8
      vertex 3.2 6 1.8
      vertex 5.56198 3.23447 1.8
    endloop
  endfacet
  facet normal 0 0 1
    outer loop
      vertex 3.2 154 1.8
      vertex 5.13475 156.663 1.8
      vertex 4.92848 156.587 1.8
    endloop
  endfacet
  facet normal 0 0 1
    outer loop
      vertex 5.56198 3.23447 1.8
      vertex 3.2 6 1.8
      vertex 5.34636 3.27736 1.8
    endloop
  endfacet
  facet normal 0 0 1
    outer loop
      vertex 3.2 154 1.8
      vertex 4.92848 156.587 1.8
      vertex 4.72882 156.495 1.8
    endloop
  endfacet
  facet normal 0 0 1
    outer loop
      vertex 5.34636 3.27736 1.8
      vertex 3.2 6 1.8
      vertex 5.13475 3.33704 1.8
    endloop
  endfacet
  facet normal 0 0 1
    outer loop
      vertex 3.2 154 1.8
      vertex 4.72882 156.495 1.8
      vertex 4.537 156.387 1.8
    endloop
  endfacet
  facet normal 0 0 1
    outer loop
      vertex 5.13475 3.33704 1.8
      vertex 3.2 6 1.8
      vertex 4.92848 3.41313 1.8
    endloop
  endfacet
  facet normal 0 0 1
    outer loop
      vertex 3.2 154 1.8
      vertex 4.537 156.387 1.8
      vertex 4.3542 156.265 1.8
    endloop
  endfacet
  facet normal 0 0 1
    outer loop
      vertex 4.92848 3.41313 1.8
      vertex 3.2 6 1.8
      vertex 4.72882 3.50519 1.8
    endloop
  endfacet
  facet normal 0 0 1
    outer loop
      vertex 3.2 154 1.8
      vertex 4.3542 156.265 1.8
      vertex 4.18155 156.129 1.8
    endloop
  endfacet
  facet normal 0 0 1
    outer loop
      vertex 4.72882 3.50519 1.8
      vertex 3.2 6 1.8
      vertex 4.537 3.61261 1.8
    endloop
  endfacet
  facet normal 0 0 1
    outer loop
      vertex 3.2 154 1.8
      vertex 4.18155 156.129 1.8
      vertex 4.0201 155.98 1.8
    endloop
  endfacet
  facet normal 0 0 1
    outer loop
      vertex 4.537 3.61261 1.8
      vertex 3.2 6 1.8
      vertex 4.3542 3.73476 1.8
    endloop
  endfacet
  facet normal 0 0 1
    outer loop
      vertex 3.2 154 1.8
      vertex 4.0201 155.98 1.8
      vertex 3.87086 155.818 1.8
    endloop
  endfacet
  facet normal 0 0 1
    outer loop
      vertex 4.3542 3.73476 1.8
      vertex 3.2 6 1.8
      vertex 4.18155 3.87086 1.8
    endloop
  endfacet
  facet normal 0 0 1
    outer loop
      vertex 3.2 154 1.8
      vertex 3.87086 155.818 1.8
      vertex 3.73476 155.646 1.8
    endloop
  endfacet
  facet normal 0 0 1
    outer loop
      vertex 4.18155 3.87086 1.8
      vertex 3.2 6 1.8
      vertex 4.0201 4.0201 1.8
    endloop
  endfacet
  facet normal 0 0 1
    outer loop
      vertex 3.2 154 1.8
      vertex 3.73476 155.646 1.8
      vertex 3.61261 155.463 1.8
    endloop
  endfacet
  facet normal 0 0 1
    outer loop
      vertex 4.0201 4.0201 1.8
      vertex 3.2 6 1.8
      vertex 3.87086 4.18155 1.8
    endloop
  endfacet
  facet normal 0 0 1
    outer loop
      vertex 3.2 154 1.8
      vertex 3.61261 155.463 1.8
      vertex 3.50519 155.271 1.8
    endloop
  endfacet
  facet normal 0 0 1
    outer loop
      vertex 3.87086 4.18155 1.8
      vertex 3.2 6 1.8
      vertex 3.73476 4.3542 1.8
    endloop
  endfacet
  facet normal 0 0 1
    outer loop
      vertex 3.2 154 1.8
      vertex 3.50519 155.271 1.8
      vertex 3.41313 155.072 1.8
    endloop
  endfacet
  facet normal 0 0 1
    outer loop
      vertex 3.73476 4.3542 1.8
      vertex 3.2 6 1.8
      vertex 3.61261 4.537 1.8
    endloop
  endfacet
  facet normal 0 0 1
    outer loop
      vertex 3.2 154 1.8
      vertex 3.41313 155.072 1.8
      vertex 3.33704 154.865 1.8
    endloop
  endfacet
  facet normal 0 0 1
    outer loop
      vertex 3.61261 4.537 1.8
      vertex 3.2 6 1.8
      vertex 3.50519 4.72882 1.8
    endloop
  endfacet
  facet normal 0 0 1
    outer loop
      vertex 3.2 154 1.8
      vertex 3.33704 154.865 1.8
      vertex 3.27736 154.654 1.8
    endloop
  endfacet
  facet normal 0 0 1
    outer loop
      vertex 3.50519 4.72882 1.8
      vertex 3.2 6 1.8
      vertex 3.41313 4.92848 1.8
    endloop
  endfacet
  facet normal 0 0 1
    outer loop
      vertex 3.2 154 1.8
      vertex 3.27736 154.654 1.8
      vertex 3.23447 154.438 1.8
    endloop
  endfacet
  facet normal 0 0 1
    outer loop
      vertex 3.41313 4.92848 1.8
      vertex 3.2 6 1.8
      vertex 3.33704 5.13475 1.8
    endloop
  endfacet
  facet normal 0 0 1
    outer loop
      vertex 3.2 154 1.8
      vertex 3.23447 154.438 1.8
      vertex 3.20863 154.22 1.8
    endloop
  endfacet
  facet normal 0 0 1
    outer loop
      vertex 3.33704 5.13475 1.8
      vertex 3.2 6 1.8
      vertex 3.27736 5.34636 1.8
    endloop
  endfacet
  facet normal 0 0 1
    outer loop
      vertex 3.27736 5.34636 1.8
      vertex 3.2 6 1.8
      vertex 3.23447 5.56198 1.8
    endloop
  endfacet
  facet normal 0 0 1
    outer loop
      vertex 3.23447 5.56198 1.8
      vertex 3.2 6 1.8
      vertex 3.20863 5.78032 1.8
    endloop
  endfacet
  facet normal 0 0 0
    outer loop
      vertex 76.16 156.8 1.8
      vertex 79.6 156.8 1.8
      vertex 80.4 156.8 1.8
    endloop
  endfacet
  facet normal 0 0 0
    outer loop
      vertex 61.22 156.8 1.8
      vertex 64.66 156.8 1.8
      vertex 76.16 156.8 1.8
    endloop
  endfacet
  facet normal 0 0 0
    outer loop
      vertex 80.4 156.8 1.8
      vertex 83.84 156.8 1.8
      vertex 95.34 156.8 1.8
    endloop
  endfacet
  facet normal 0 0 0
    outer loop
      vertex 103.02 156.8 1.8
      vertex 114.52 156.8 1.8
      vertex 117.96 156.8 1.8
    endloop
  endfacet
  facet normal 0 0 0
    outer loop
      vertex 80.4 156.8 1.8
      vertex 95.34 156.8 1.8
      vertex 98.78 156.8 1.8
    endloop
  endfacet
  facet normal 0 0 0
    outer loop
      vertex 133.7 156.8 1.8
      vertex 137.14 156.8 1.8
      vertex 137.94 156.8 1.8
    endloop
  endfacet
  facet normal 0 0 0
    outer loop
      vertex 41.24 156.8 1.8
      vertex 42.04 156.8 1.8
      vertex 45.48 156.8 1.8
    endloop
  endfacet
  facet normal 0 0 0
    outer loop
      vertex 61.22 156.8 1.8
      vertex 76.16 156.8 1.8
      vertex 80.4 156.8 1.8
    endloop
  endfacet
  facet normal 0 0 0
    outer loop
      vertex 98.78 156.8 1.8
      vertex 99.58 156.8 1.8
      vertex 103.02 156.8 1.8
    endloop
  endfacet
  facet normal 0 0 0
    outer loop
      vertex 118.76 156.8 1.8
      vertex 122.2 156.8 1.8
      vertex 133.7 156.8 1.8
    endloop
  endfacet
  facet normal 0 0 0
    outer loop
      vertex 117.96 156.8 1.8
      vertex 118.76 156.8 1.8
      vertex 133.7 156.8 1.8
    endloop
  endfacet
  facet normal 0 0 0
    outer loop
      vertex 137.94 156.8 1.8
      vertex 141.38 156.8 1.8
      vertex 152.88 156.8 1.8
    endloop
  endfacet
  facet normal 0 0 0
    outer loop
      vertex 26.3 156.8 1.8
      vertex 37.8 156.8 1.8
      vertex 41.24 156.8 1.8
    endloop
  endfacet
  facet normal 0 0 0
    outer loop
      vertex 133.7 156.8 1.8
      vertex 137.94 156.8 1.8
      vertex 152.88 156.8 1.8
    endloop
  endfacet
  facet normal 0 0 0
    outer loop
      vertex 133.7 156.8 1.8
      vertex 152.88 156.8 1.8
      vertex 154 156.8 1.8
    endloop
  endfacet
  facet normal 0 0 0
    outer loop
      vertex 41.24 156.8 1.8
      vertex 45.48 156.8 1.8
      vertex 56.98 156.8 1.8
    endloop
  endfacet
  facet normal 0 0 0
    outer loop
      vertex 41.24 156.8 1.8
      vertex 56.98 156.8 1.8
      vertex 60.42 156.8 1.8
    endloop
  endfacet
  facet normal 0 0 0
    outer loop
      vertex 7.12 156.8 1.8
      vertex 18.62 156.8 1.8
      vertex 22.06 156.8 1.8
    endloop
  endfacet
  facet normal 0 0 0
    outer loop
      vertex 154 156.8 1.8
      vertex 6 156.8 1.8
      vertex 7.12 156.8 1.8
    endloop
  endfacet
  facet normal 0 0 0
    outer loop
      vertex 61.22 156.8 1.8
      vertex 80.4 156.8 1.8
      vertex 98.78 156.8 1.8
    endloop
  endfacet
  facet normal 0 0 0
    outer loop
      vertex 61.22 156.8 1.8
      vertex 98.78 156.8 1.8
      vertex 103.02 156.8 1.8
    endloop
  endfacet
  facet normal 0 0 0
    outer loop
      vertex 103.02 156.8 1.8
      vertex 117.96 156.8 1.8
      vertex 133.7 156.8 1.8
    endloop
  endfacet
  facet normal 0 0 0
    outer loop
      vertex 103.02 156.8 1.8
      vertex 133.7 156.8 1.8
      vertex 154 156.8 1.8
    endloop
  endfacet
  facet normal 0 -0 0
    outer loop
      vertex 103.02 156.8 1.8
      vertex 154 156.8 1.8
      vertex 7.12 156.8 1.8
    endloop
  endfacet
  facet normal 0 -0 0
    outer loop
      vertex 61.22 156.8 1.8
      vertex 103.02 156.8 1.8
      vertex 7.12 156.8 1.8
    endloop
  endfacet
  facet normal 0 -0 0
    outer loop
      vertex 60.42 156.8 1.8
      vertex 61.22 156.8 1.8
      vertex 7.12 156.8 1.8
    endloop
  endfacet
  facet normal 0 0 0
    outer loop
      vertex 60.42 156.8 1.8
      vertex 7.12 156.8 1.8
      vertex 22.06 156.8 1.8
    endloop
  endfacet
  facet normal 0 0 0
    outer loop
      vertex 60.42 156.8 1.8
      vertex 22.06 156.8 1.8
      vertex 22.86 156.8 1.8
    endloop
  endfacet
  facet normal 0 0 0
    outer loop
      vertex 22.86 156.8 1.8
      vertex 26.3 156.8 1.8
      vertex 41.24 156.8 1.8
    endloop
  endfacet
  facet normal 0 0 0
    outer loop
      vertex 22.86 156.8 1.8
      vertex 41.24 156.8 1.8
      vertex 60.42 156.8 1.8
    endloop
  endfacet
  facet normal 1 -0 0
    outer loop
      vertex 160 6 12.91
      vertex 160 154 0
      vertex 160 154 12.91
    endloop
  endfacet
  facet normal 1 0 0
    outer loop
      vertex 160 154 0
      vertex 160 6 12.91
      vertex 160 6 0
    endloop
  endfacet
  facet normal -1 0 0
    outer loop
      vertex 0 6 0
      vertex 0 154 12.91
      vertex 0 154 0
    endloop
  endfacet
  facet normal -1 -0 0
    outer loop
      vertex 0 154 12.91
      vertex 0 6 0
      vertex 0 6 12.91
    endloop
  endfacet
  facet normal -0.19511 -0.980781 0
    outer loop
      vertex 4.59933 0.165787 0
      vertex 5.06139 0.0738678 12.91
      vertex 4.59933 0.165787 12.91
    endloop
  endfacet
  facet normal -0.19511 -0.980781 -0
    outer loop
      vertex 5.06139 0.0738678 12.91
      vertex 4.59933 0.165787 0
      vertex 5.06139 0.0738678 0
    endloop
  endfacet
  facet normal 0.488658 -0.872475 0
    outer loop
      vertex 156.724 0.653961 0
      vertex 157.135 0.884155 12.91
      vertex 156.724 0.653961 12.91
    endloop
  endfacet
  facet normal 0.488658 -0.872475 0
    outer loop
      vertex 157.135 0.884155 12.91
      vertex 156.724 0.653961 0
      vertex 157.135 0.884155 0
    endloop
  endfacet
  facet normal -0.78531 -0.619103 0
    outer loop
      vertex 1.43756 2.10332 0
      vertex 1.1459 2.47328 12.91
      vertex 1.1459 2.47328 0
    endloop
  endfacet
  facet normal -0.78531 -0.619103 0
    outer loop
      vertex 1.1459 2.47328 12.91
      vertex 1.43756 2.10332 0
      vertex 1.43756 2.10332 12.91
    endloop
  endfacet
  facet normal -0.418245 0.908334 0
    outer loop
      vertex 3.7039 159.543 0
      vertex 3.27606 159.346 12.91
      vertex 3.7039 159.543 12.91
    endloop
  endfacet
  facet normal -0.418245 0.908334 0
    outer loop
      vertex 3.27606 159.346 12.91
      vertex 3.7039 159.543 0
      vertex 3.27606 159.346 0
    endloop
  endfacet
  facet normal 0.938234 0.346 0
    outer loop
      vertex 159.706 155.854 12.91
      vertex 159.543 156.296 0
      vertex 159.543 156.296 12.91
    endloop
  endfacet
  facet normal 0.938234 0.346 0
    outer loop
      vertex 159.543 156.296 0
      vertex 159.706 155.854 12.91
      vertex 159.706 155.854 0
    endloop
  endfacet
  facet normal 0 1 -0
    outer loop
      vertex 154 160 0
      vertex 6 160 12.91
      vertex 154 160 12.91
    endloop
  endfacet
  facet normal 0 1 0
    outer loop
      vertex 6 160 12.91
      vertex 154 160 0
      vertex 6 160 0
    endloop
  endfacet
  facet normal 0.346 0.938234 -0
    outer loop
      vertex 156.296 159.543 0
      vertex 155.854 159.706 12.91
      vertex 156.296 159.543 12.91
    endloop
  endfacet
  facet normal 0.346 0.938234 0
    outer loop
      vertex 155.854 159.706 12.91
      vertex 156.296 159.543 0
      vertex 155.854 159.706 0
    endloop
  endfacet
  facet normal -0.271675 0.962389 0
    outer loop
      vertex 4.59933 159.834 0
      vertex 4.1459 159.706 12.91
      vertex 4.59933 159.834 12.91
    endloop
  endfacet
  facet normal -0.271675 0.962389 0
    outer loop
      vertex 4.1459 159.706 12.91
      vertex 4.59933 159.834 0
      vertex 4.1459 159.706 0
    endloop
  endfacet
  facet normal -0.488613 -0.872501 0
    outer loop
      vertex 2.86501 0.884155 0
      vertex 3.27606 0.653961 12.91
      vertex 2.86501 0.884155 12.91
    endloop
  endfacet
  facet normal -0.488613 -0.872501 -0
    outer loop
      vertex 3.27606 0.653961 12.91
      vertex 2.86501 0.884155 0
      vertex 3.27606 0.653961 0
    endloop
  endfacet
  facet normal 0.872676 -0.488299 0
    outer loop
      vertex 159.116 2.86501 12.91
      vertex 159.346 3.27606 0
      vertex 159.346 3.27606 12.91
    endloop
  endfacet
  facet normal 0.872676 -0.488299 0
    outer loop
      vertex 159.346 3.27606 0
      vertex 159.116 2.86501 12.91
      vertex 159.116 2.86501 0
    endloop
  endfacet
  facet normal 0.831397 0.555679 0
    outer loop
      vertex 159.116 157.135 12.91
      vertex 158.854 157.527 0
      vertex 158.854 157.527 12.91
    endloop
  endfacet
  facet normal 0.831397 0.555679 0
    outer loop
      vertex 158.854 157.527 0
      vertex 159.116 157.135 12.91
      vertex 159.116 157.135 0
    endloop
  endfacet
  facet normal -0.962395 0.271655 0
    outer loop
      vertex 0.165787 155.401 0
      vertex 0.293655 155.854 12.91
      vertex 0.293655 155.854 0
    endloop
  endfacet
  facet normal -0.962395 0.271655 0
    outer loop
      vertex 0.293655 155.854 12.91
      vertex 0.165787 155.401 0
      vertex 0.165787 155.401 12.91
    endloop
  endfacet
  facet normal -0.980776 0.195135 0
    outer loop
      vertex 0.0738678 154.939 0
      vertex 0.165787 155.401 12.91
      vertex 0.165787 155.401 0
    endloop
  endfacet
  facet normal -0.980776 0.195135 0
    outer loop
      vertex 0.165787 155.401 12.91
      vertex 0.0738678 154.939 0
      vertex 0.0738678 154.939 12.91
    endloop
  endfacet
  facet normal 0.962321 0.271914 0
    outer loop
      vertex 159.834 155.401 12.91
      vertex 159.706 155.854 0
      vertex 159.706 155.854 12.91
    endloop
  endfacet
  facet normal 0.962321 0.271914 0
    outer loop
      vertex 159.706 155.854 0
      vertex 159.834 155.401 12.91
      vertex 159.834 155.401 0
    endloop
  endfacet
  facet normal -0.999229 -0.0392553 0
    outer loop
      vertex 0.0184937 5.52925 0
      vertex 0 6 12.91
      vertex 0 6 0
    endloop
  endfacet
  facet normal -0.999229 -0.0392553 0
    outer loop
      vertex 0 6 12.91
      vertex 0.0184937 5.52925 0
      vertex 0.0184937 5.52925 12.91
    endloop
  endfacet
  facet normal -0.908204 0.418527 0
    outer loop
      vertex 0.456726 156.296 0
      vertex 0.653961 156.724 12.91
      vertex 0.653961 156.724 0
    endloop
  endfacet
  facet normal -0.908204 0.418527 0
    outer loop
      vertex 0.653961 156.724 12.91
      vertex 0.456726 156.296 0
      vertex 0.456726 156.296 12.91
    endloop
  endfacet
  facet normal 0.908394 0.418116 0
    outer loop
      vertex 159.543 156.296 12.91
      vertex 159.346 156.724 0
      vertex 159.346 156.724 12.91
    endloop
  endfacet
  facet normal 0.908394 0.418116 0
    outer loop
      vertex 159.346 156.724 0
      vertex 159.543 156.296 12.91
      vertex 159.543 156.296 0
    endloop
  endfacet
  facet normal -0.118846 0.992913 0
    outer loop
      vertex 5.52925 159.982 0
      vertex 5.06139 159.926 12.91
      vertex 5.52925 159.982 12.91
    endloop
  endfacet
  facet normal -0.118846 0.992913 0
    outer loop
      vertex 5.06139 159.926 12.91
      vertex 5.52925 159.982 0
      vertex 5.06139 159.926 0
    endloop
  endfacet
  facet normal 0.619507 0.784991 -0
    outer loop
      vertex 157.897 158.562 0
      vertex 157.527 158.854 12.91
      vertex 157.897 158.562 12.91
    endloop
  endfacet
  facet normal 0.619507 0.784991 0
    outer loop
      vertex 157.527 158.854 12.91
      vertex 157.897 158.562 0
      vertex 157.527 158.854 0
    endloop
  endfacet
  facet normal -0.195275 0.980748 0
    outer loop
      vertex 5.06139 159.926 0
      vertex 4.59933 159.834 12.91
      vertex 5.06139 159.926 12.91
    endloop
  endfacet
  facet normal -0.195275 0.980748 0
    outer loop
      vertex 4.59933 159.834 12.91
      vertex 5.06139 159.926 0
      vertex 4.59933 159.834 0
    endloop
  endfacet
  facet normal 0.677839 0.735211 -0
    outer loop
      vertex 158.243 158.243 0
      vertex 157.897 158.562 12.91
      vertex 158.243 158.243 12.91
    endloop
  endfacet
  facet normal 0.677839 0.735211 0
    outer loop
      vertex 157.897 158.562 12.91
      vertex 158.243 158.243 0
      vertex 157.897 158.562 0
    endloop
  endfacet
  facet normal -0.980781 -0.19511 0
    outer loop
      vertex 0.165787 4.59933 0
      vertex 0.0738678 5.06139 12.91
      vertex 0.0738678 5.06139 0
    endloop
  endfacet
  facet normal -0.980781 -0.19511 0
    outer loop
      vertex 0.0738678 5.06139 12.91
      vertex 0.165787 4.59933 0
      vertex 0.165787 4.59933 12.91
    endloop
  endfacet
  facet normal -0.271416 -0.962462 0
    outer loop
      vertex 4.1459 0.293655 0
      vertex 4.59933 0.165787 12.91
      vertex 4.1459 0.293655 12.91
    endloop
  endfacet
  facet normal -0.271416 -0.962462 -0
    outer loop
      vertex 4.59933 0.165787 12.91
      vertex 4.1459 0.293655 0
      vertex 4.59933 0.165787 0
    endloop
  endfacet
  facet normal -0.785342 0.619062 0
    outer loop
      vertex 1.1459 157.527 0
      vertex 1.43756 157.897 12.91
      vertex 1.43756 157.897 0
    endloop
  endfacet
  facet normal -0.785342 0.619062 0
    outer loop
      vertex 1.43756 157.897 12.91
      vertex 1.1459 157.527 0
      vertex 1.1459 157.527 12.91
    endloop
  endfacet
  facet normal 0.0381887 0.999271 -0
    outer loop
      vertex 154.471 159.982 0
      vertex 154 160 12.91
      vertex 154.471 159.982 12.91
    endloop
  endfacet
  facet normal 0.0381887 0.999271 0
    outer loop
      vertex 154 160 12.91
      vertex 154.471 159.982 0
      vertex 154 160 0
    endloop
  endfacet
  facet normal -0.67787 0.735181 0
    outer loop
      vertex 2.10332 158.562 0
      vertex 1.75735 158.243 12.91
      vertex 2.10332 158.562 12.91
    endloop
  endfacet
  facet normal -0.67787 0.735181 0
    outer loop
      vertex 1.75735 158.243 12.91
      vertex 2.10332 158.562 0
      vertex 1.75735 158.243 0
    endloop
  endfacet
  facet normal -0.117536 -0.993069 0
    outer loop
      vertex 5.06139 0.0738678 0
      vertex 5.52925 0.0184937 12.91
      vertex 5.06139 0.0738678 12.91
    endloop
  endfacet
  facet normal -0.117536 -0.993069 -0
    outer loop
      vertex 5.52925 0.0184937 12.91
      vertex 5.06139 0.0738678 0
      vertex 5.52925 0.0184937 0
    endloop
  endfacet
  facet normal 0.872651 0.488345 0
    outer loop
      vertex 159.346 156.724 12.91
      vertex 159.116 157.135 0
      vertex 159.116 157.135 12.91
    endloop
  endfacet
  facet normal 0.872651 0.488345 0
    outer loop
      vertex 159.116 157.135 0
      vertex 159.346 156.724 12.91
      vertex 159.346 156.724 0
    endloop
  endfacet
  facet normal -0.619103 -0.78531 0
    outer loop
      vertex 2.10332 1.43756 0
      vertex 2.47328 1.1459 12.91
      vertex 2.10332 1.43756 12.91
    endloop
  endfacet
  facet normal -0.619103 -0.78531 -0
    outer loop
      vertex 2.47328 1.1459 12.91
      vertex 2.10332 1.43756 0
      vertex 2.47328 1.1459 0
    endloop
  endfacet
  facet normal -0.83147 -0.555569 0
    outer loop
      vertex 1.1459 2.47328 0
      vertex 0.884155 2.86501 12.91
      vertex 0.884155 2.86501 0
    endloop
  endfacet
  facet normal -0.83147 -0.555569 0
    outer loop
      vertex 0.884155 2.86501 12.91
      vertex 1.1459 2.47328 0
      vertex 1.1459 2.47328 12.91
    endloop
  endfacet
  facet normal 0.992913 -0.118846 0
    outer loop
      vertex 159.926 5.06139 12.91
      vertex 159.982 5.52925 0
      vertex 159.982 5.52925 12.91
    endloop
  endfacet
  facet normal 0.992913 -0.118846 0
    outer loop
      vertex 159.982 5.52925 0
      vertex 159.926 5.06139 12.91
      vertex 159.926 5.06139 0
    endloop
  endfacet
  facet normal -0.872501 -0.488613 0
    outer loop
      vertex 0.884155 2.86501 0
      vertex 0.653961 3.27606 12.91
      vertex 0.653961 3.27606 0
    endloop
  endfacet
  facet normal -0.872501 -0.488613 0
    outer loop
      vertex 0.653961 3.27606 12.91
      vertex 0.884155 2.86501 0
      vertex 0.884155 2.86501 12.91
    endloop
  endfacet
  facet normal 0.980744 0.1953 0
    outer loop
      vertex 159.926 154.939 12.91
      vertex 159.834 155.401 0
      vertex 159.834 155.401 12.91
    endloop
  endfacet
  facet normal 0.980744 0.1953 0
    outer loop
      vertex 159.834 155.401 0
      vertex 159.926 154.939 12.91
      vertex 159.926 154.939 0
    endloop
  endfacet
  facet normal -0.488299 0.872676 0
    outer loop
      vertex 3.27606 159.346 0
      vertex 2.86501 159.116 12.91
      vertex 3.27606 159.346 12.91
    endloop
  endfacet
  facet normal -0.488299 0.872676 0
    outer loop
      vertex 2.86501 159.116 12.91
      vertex 3.27606 159.346 0
      vertex 2.86501 159.116 0
    endloop
  endfacet
  facet normal -0.0392553 -0.999229 0
    outer loop
      vertex 5.52925 0.0184937 0
      vertex 6 0 12.91
      vertex 5.52925 0.0184937 12.91
    endloop
  endfacet
  facet normal -0.0392553 -0.999229 -0
    outer loop
      vertex 6 0 12.91
      vertex 5.52925 0.0184937 0
      vertex 6 0 0
    endloop
  endfacet
  facet normal -0.962462 -0.271416 0
    outer loop
      vertex 0.293655 4.1459 0
      vertex 0.165787 4.59933 12.91
      vertex 0.165787 4.59933 0
    endloop
  endfacet
  facet normal -0.962462 -0.271416 0
    outer loop
      vertex 0.165787 4.59933 12.91
      vertex 0.293655 4.1459 0
      vertex 0.293655 4.1459 12.91
    endloop
  endfacet
  facet normal 0.488345 0.872651 -0
    outer loop
      vertex 157.135 159.116 0
      vertex 156.724 159.346 12.91
      vertex 157.135 159.116 12.91
    endloop
  endfacet
  facet normal 0.488345 0.872651 0
    outer loop
      vertex 156.724 159.346 12.91
      vertex 157.135 159.116 0
      vertex 156.724 159.346 0
    endloop
  endfacet
  facet normal 0.784991 0.619507 0
    outer loop
      vertex 158.854 157.527 12.91
      vertex 158.562 157.897 0
      vertex 158.562 157.897 12.91
    endloop
  endfacet
  facet normal 0.784991 0.619507 0
    outer loop
      vertex 158.562 157.897 0
      vertex 158.854 157.527 12.91
      vertex 158.854 157.527 0
    endloop
  endfacet
  facet normal -0.872475 0.488658 0
    outer loop
      vertex 0.653961 156.724 0
      vertex 0.884155 157.135 12.91
      vertex 0.884155 157.135 0
    endloop
  endfacet
  facet normal -0.872475 0.488658 0
    outer loop
      vertex 0.884155 157.135 12.91
      vertex 0.653961 156.724 0
      vertex 0.653961 156.724 12.91
    endloop
  endfacet
  facet normal -0.993073 0.117501 0
    outer loop
      vertex 0.0184937 154.471 0
      vertex 0.0738678 154.939 12.91
      vertex 0.0738678 154.939 0
    endloop
  endfacet
  facet normal -0.993073 0.117501 0
    outer loop
      vertex 0.0738678 154.939 12.91
      vertex 0.0184937 154.471 0
      vertex 0.0184937 154.471 12.91
    endloop
  endfacet
  facet normal -0.831647 0.555305 0
    outer loop
      vertex 0.884155 157.135 0
      vertex 1.1459 157.527 12.91
      vertex 1.1459 157.527 0
    endloop
  endfacet
  facet normal -0.831647 0.555305 0
    outer loop
      vertex 1.1459 157.527 12.91
      vertex 0.884155 157.135 0
      vertex 0.884155 157.135 12.91
    endloop
  endfacet
  facet normal -0.99923 0.0392345 0
    outer loop
      vertex 0 154 0
      vertex 0.0184937 154.471 12.91
      vertex 0.0184937 154.471 0
    endloop
  endfacet
  facet normal -0.99923 0.0392345 0
    outer loop
      vertex 0.0184937 154.471 12.91
      vertex 0 154 0
      vertex 0 154 12.91
    endloop
  endfacet
  facet normal 0.1953 0.980744 -0
    outer loop
      vertex 155.401 159.834 0
      vertex 154.939 159.926 12.91
      vertex 155.401 159.834 12.91
    endloop
  endfacet
  facet normal 0.1953 0.980744 0
    outer loop
      vertex 154.939 159.926 12.91
      vertex 155.401 159.834 0
      vertex 154.939 159.926 0
    endloop
  endfacet
  facet normal -0.938185 0.346133 0
    outer loop
      vertex 0.293655 155.854 0
      vertex 0.456726 156.296 12.91
      vertex 0.456726 156.296 0
    endloop
  endfacet
  facet normal -0.938185 0.346133 0
    outer loop
      vertex 0.456726 156.296 12.91
      vertex 0.293655 155.854 0
      vertex 0.293655 155.854 12.91
    endloop
  endfacet
  facet normal 0.418116 0.908394 -0
    outer loop
      vertex 156.724 159.346 0
      vertex 156.296 159.543 12.91
      vertex 156.724 159.346 12.91
    endloop
  endfacet
  facet normal 0.418116 0.908394 0
    outer loop
      vertex 156.296 159.543 12.91
      vertex 156.724 159.346 0
      vertex 156.296 159.543 0
    endloop
  endfacet
  facet normal 0.980748 -0.195275 0
    outer loop
      vertex 159.834 4.59933 12.91
      vertex 159.926 5.06139 0
      vertex 159.926 5.06139 12.91
    endloop
  endfacet
  facet normal 0.980748 -0.195275 0
    outer loop
      vertex 159.926 5.06139 0
      vertex 159.834 4.59933 12.91
      vertex 159.834 4.59933 0
    endloop
  endfacet
  facet normal 0.619062 -0.785342 0
    outer loop
      vertex 157.527 1.1459 0
      vertex 157.897 1.43756 12.91
      vertex 157.527 1.1459 12.91
    endloop
  endfacet
  facet normal 0.619062 -0.785342 0
    outer loop
      vertex 157.897 1.43756 12.91
      vertex 157.527 1.1459 0
      vertex 157.897 1.43756 0
    endloop
  endfacet
  facet normal -0.908145 -0.418656 0
    outer loop
      vertex 0.653961 3.27606 0
      vertex 0.456726 3.7039 12.91
      vertex 0.456726 3.7039 0
    endloop
  endfacet
  facet normal -0.908145 -0.418656 0
    outer loop
      vertex 0.456726 3.7039 12.91
      vertex 0.653961 3.27606 0
      vertex 0.653961 3.27606 12.91
    endloop
  endfacet
  facet normal -0.346 0.938234 0
    outer loop
      vertex 4.1459 159.706 0
      vertex 3.7039 159.543 12.91
      vertex 4.1459 159.706 12.91
    endloop
  endfacet
  facet normal -0.346 0.938234 0
    outer loop
      vertex 3.7039 159.543 12.91
      vertex 4.1459 159.706 0
      vertex 3.7039 159.543 0
    endloop
  endfacet
  facet normal 0.418527 -0.908204 0
    outer loop
      vertex 156.296 0.456726 0
      vertex 156.724 0.653961 12.91
      vertex 156.296 0.456726 12.91
    endloop
  endfacet
  facet normal 0.418527 -0.908204 0
    outer loop
      vertex 156.724 0.653961 12.91
      vertex 156.296 0.456726 0
      vertex 156.724 0.653961 0
    endloop
  endfacet
  facet normal 0.992917 0.118811 0
    outer loop
      vertex 159.982 154.471 12.91
      vertex 159.926 154.939 0
      vertex 159.926 154.939 12.91
    endloop
  endfacet
  facet normal 0.992917 0.118811 0
    outer loop
      vertex 159.926 154.939 0
      vertex 159.982 154.471 12.91
      vertex 159.982 154.471 0
    endloop
  endfacet
  facet normal -0.734374 0.678745 0
    outer loop
      vertex 1.43756 157.897 0
      vertex 1.75735 158.243 12.91
      vertex 1.75735 158.243 0
    endloop
  endfacet
  facet normal -0.734374 0.678745 0
    outer loop
      vertex 1.75735 158.243 12.91
      vertex 1.43756 157.897 0
      vertex 1.43756 157.897 12.91
    endloop
  endfacet
  facet normal -0.734345 -0.678776 0
    outer loop
      vertex 1.75735 1.75735 0
      vertex 1.43756 2.10332 12.91
      vertex 1.43756 2.10332 0
    endloop
  endfacet
  facet normal -0.734345 -0.678776 0
    outer loop
      vertex 1.43756 2.10332 12.91
      vertex 1.75735 1.75735 0
      vertex 1.75735 1.75735 12.91
    endloop
  endfacet
  facet normal -0.938185 -0.346133 0
    outer loop
      vertex 0.456726 3.7039 0
      vertex 0.293655 4.1459 12.91
      vertex 0.293655 4.1459 0
    endloop
  endfacet
  facet normal -0.938185 -0.346133 0
    outer loop
      vertex 0.293655 4.1459 12.91
      vertex 0.456726 3.7039 0
      vertex 0.456726 3.7039 12.91
    endloop
  endfacet
  facet normal 0.118811 0.992917 -0
    outer loop
      vertex 154.939 159.926 0
      vertex 154.471 159.982 12.91
      vertex 154.939 159.926 12.91
    endloop
  endfacet
  facet normal 0.118811 0.992917 0
    outer loop
      vertex 154.471 159.982 12.91
      vertex 154.939 159.926 0
      vertex 154.471 159.982 0
    endloop
  endfacet
  facet normal 0.735211 0.677839 0
    outer loop
      vertex 158.562 157.897 12.91
      vertex 158.243 158.243 0
      vertex 158.243 158.243 12.91
    endloop
  endfacet
  facet normal 0.735211 0.677839 0
    outer loop
      vertex 158.243 158.243 0
      vertex 158.562 157.897 12.91
      vertex 158.562 157.897 0
    endloop
  endfacet
  facet normal 0.99927 -0.0382089 0
    outer loop
      vertex 159.982 5.52925 12.91
      vertex 160 6 0
      vertex 160 6 12.91
    endloop
  endfacet
  facet normal 0.99927 -0.0382089 0
    outer loop
      vertex 160 6 0
      vertex 159.982 5.52925 12.91
      vertex 159.982 5.52925 0
    endloop
  endfacet
  facet normal 0.555305 -0.831647 0
    outer loop
      vertex 157.135 0.884155 0
      vertex 157.527 1.1459 12.91
      vertex 157.135 0.884155 12.91
    endloop
  endfacet
  facet normal 0.555305 -0.831647 0
    outer loop
      vertex 157.527 1.1459 12.91
      vertex 157.135 0.884155 0
      vertex 157.527 1.1459 0
    endloop
  endfacet
  facet normal -0.993069 -0.117536 0
    outer loop
      vertex 0.0738678 5.06139 0
      vertex 0.0184937 5.52925 12.91
      vertex 0.0184937 5.52925 0
    endloop
  endfacet
  facet normal -0.993069 -0.117536 0
    outer loop
      vertex 0.0184937 5.52925 12.91
      vertex 0.0738678 5.06139 0
      vertex 0.0738678 5.06139 12.91
    endloop
  endfacet
  facet normal 0.938234 -0.346 0
    outer loop
      vertex 159.543 3.7039 12.91
      vertex 159.706 4.1459 0
      vertex 159.706 4.1459 12.91
    endloop
  endfacet
  facet normal 0.938234 -0.346 0
    outer loop
      vertex 159.706 4.1459 0
      vertex 159.543 3.7039 12.91
      vertex 159.543 3.7039 0
    endloop
  endfacet
  facet normal 0.271914 0.962321 -0
    outer loop
      vertex 155.854 159.706 0
      vertex 155.401 159.834 12.91
      vertex 155.854 159.706 12.91
    endloop
  endfacet
  facet normal 0.271914 0.962321 0
    outer loop
      vertex 155.401 159.834 12.91
      vertex 155.854 159.706 0
      vertex 155.401 159.834 0
    endloop
  endfacet
  facet normal 0.962389 -0.271675 0
    outer loop
      vertex 159.706 4.1459 12.91
      vertex 159.834 4.59933 0
      vertex 159.834 4.59933 12.91
    endloop
  endfacet
  facet normal 0.962389 -0.271675 0
    outer loop
      vertex 159.834 4.59933 0
      vertex 159.706 4.1459 12.91
      vertex 159.706 4.1459 0
    endloop
  endfacet
  facet normal 0 0 -1
    outer loop
      vertex 159.3 6 0
      vertex 160 6 0
      vertex 159.982 5.52925 0
    endloop
  endfacet
  facet normal 0 0 -1
    outer loop
      vertex 160 6 0
      vertex 159.3 6 0
      vertex 160 154 0
    endloop
  endfacet
  facet normal 0 0 -1
    outer loop
      vertex 159.284 5.58417 0
      vertex 159.982 5.52925 0
      vertex 159.926 5.06139 0
    endloop
  endfacet
  facet normal 0 0 -1
    outer loop
      vertex 159.3 154 0
      vertex 160 154 0
      vertex 159.3 6 0
    endloop
  endfacet
  facet normal 0 0 -1
    outer loop
      vertex 159.235 5.1709 0
      vertex 159.926 5.06139 0
      vertex 159.834 4.59933 0
    endloop
  endfacet
  facet normal 0 0 -1
    outer loop
      vertex 160 154 0
      vertex 159.3 154 0
      vertex 159.982 154.471 0
    endloop
  endfacet
  facet normal 0 0 -1
    outer loop
      vertex 159.154 4.76274 0
      vertex 159.834 4.59933 0
      vertex 159.706 4.1459 0
    endloop
  endfacet
  facet normal 0 0 -1
    outer loop
      vertex 159.284 154.416 0
      vertex 159.982 154.471 0
      vertex 159.3 154 0
    endloop
  endfacet
  facet normal 0 0 -1
    outer loop
      vertex 159.041 4.36221 0
      vertex 159.706 4.1459 0
      vertex 159.543 3.7039 0
    endloop
  endfacet
  facet normal -0 0 -1
    outer loop
      vertex 159.982 154.471 0
      vertex 159.284 154.416 0
      vertex 159.926 154.939 0
    endloop
  endfacet
  facet normal 0 0 -1
    outer loop
      vertex 158.897 3.97177 0
      vertex 159.543 3.7039 0
      vertex 159.346 3.27606 0
    endloop
  endfacet
  facet normal 0 0 -1
    outer loop
      vertex 159.235 154.829 0
      vertex 159.926 154.939 0
      vertex 159.284 154.416 0
    endloop
  endfacet
  facet normal -0 0 -1
    outer loop
      vertex 159.926 154.939 0
      vertex 159.235 154.829 0
      vertex 159.834 155.401 0
    endloop
  endfacet
  facet normal 0 0 -1
    outer loop
      vertex 159.982 5.52925 0
      vertex 159.284 5.58417 0
      vertex 159.3 6 0
    endloop
  endfacet
  facet normal 0 0 -1
    outer loop
      vertex 159.926 5.06139 0
      vertex 159.235 5.1709 0
      vertex 159.284 5.58417 0
    endloop
  endfacet
  facet normal 0 0 -1
    outer loop
      vertex 159.834 4.59933 0
      vertex 159.154 4.76274 0
      vertex 159.235 5.1709 0
    endloop
  endfacet
  facet normal 0 0 -1
    outer loop
      vertex 158.722 3.59386 0
      vertex 159.346 3.27606 0
      vertex 159.116 2.86501 0
    endloop
  endfacet
  facet normal 0 0 -1
    outer loop
      vertex 159.706 4.1459 0
      vertex 159.041 4.36221 0
      vertex 159.154 4.76274 0
    endloop
  endfacet
  facet normal 0 0 -1
    outer loop
      vertex 159.543 3.7039 0
      vertex 158.897 3.97177 0
      vertex 159.041 4.36221 0
    endloop
  endfacet
  facet normal 0 0 -1
    outer loop
      vertex 158.519 3.23076 0
      vertex 159.116 2.86501 0
      vertex 158.854 2.47328 0
    endloop
  endfacet
  facet normal 0 0 -1
    outer loop
      vertex 159.346 3.27606 0
      vertex 158.722 3.59386 0
      vertex 158.897 3.97177 0
    endloop
  endfacet
  facet normal 0 0 -1
    outer loop
      vertex 158.288 2.88474 0
      vertex 158.854 2.47328 0
      vertex 158.562 2.10332 0
    endloop
  endfacet
  facet normal 0 0 -1
    outer loop
      vertex 159.116 2.86501 0
      vertex 158.519 3.23076 0
      vertex 158.722 3.59386 0
    endloop
  endfacet
  facet normal 0 0 -1
    outer loop
      vertex 158.854 2.47328 0
      vertex 158.288 2.88474 0
      vertex 158.519 3.23076 0
    endloop
  endfacet
  facet normal 0 0 -1
    outer loop
      vertex 158.03 2.55792 0
      vertex 158.562 2.10332 0
      vertex 158.243 1.75735 0
    endloop
  endfacet
  facet normal 0 0 -1
    outer loop
      vertex 158.562 2.10332 0
      vertex 158.03 2.55792 0
      vertex 158.288 2.88474 0
    endloop
  endfacet
  facet normal 0 0 -1
    outer loop
      vertex 157.748 2.25233 0
      vertex 158.243 1.75735 0
      vertex 157.897 1.43756 0
    endloop
  endfacet
  facet normal 0 0 -1
    outer loop
      vertex 158.243 1.75735 0
      vertex 157.748 2.25233 0
      vertex 158.03 2.55792 0
    endloop
  endfacet
  facet normal 0 0 -1
    outer loop
      vertex 157.442 1.96985 0
      vertex 157.897 1.43756 0
      vertex 157.527 1.1459 0
    endloop
  endfacet
  facet normal 0 0 -1
    outer loop
      vertex 157.897 1.43756 0
      vertex 157.442 1.96985 0
      vertex 157.748 2.25233 0
    endloop
  endfacet
  facet normal 0 0 -1
    outer loop
      vertex 157.115 1.7122 0
      vertex 157.527 1.1459 0
      vertex 157.135 0.884155 0
    endloop
  endfacet
  facet normal 0 0 -1
    outer loop
      vertex 157.527 1.1459 0
      vertex 157.115 1.7122 0
      vertex 157.442 1.96985 0
    endloop
  endfacet
  facet normal 0 0 -1
    outer loop
      vertex 157.135 0.884155 0
      vertex 156.769 1.481 0
      vertex 157.115 1.7122 0
    endloop
  endfacet
  facet normal 0 0 -1
    outer loop
      vertex 156.724 0.653961 0
      vertex 156.769 1.481 0
      vertex 157.135 0.884155 0
    endloop
  endfacet
  facet normal 0 0 -1
    outer loop
      vertex 156.724 0.653961 0
      vertex 156.406 1.27766 0
      vertex 156.769 1.481 0
    endloop
  endfacet
  facet normal 0 0 -1
    outer loop
      vertex 156.296 0.456726 0
      vertex 156.406 1.27766 0
      vertex 156.724 0.653961 0
    endloop
  endfacet
  facet normal 0 0 -1
    outer loop
      vertex 156.296 0.456726 0
      vertex 156.028 1.10344 0
      vertex 156.406 1.27766 0
    endloop
  endfacet
  facet normal 0 0 -1
    outer loop
      vertex 155.854 0.293655 0
      vertex 156.028 1.10344 0
      vertex 156.296 0.456726 0
    endloop
  endfacet
  facet normal 0 0 -1
    outer loop
      vertex 155.854 0.293655 0
      vertex 155.638 0.959396 0
      vertex 156.028 1.10344 0
    endloop
  endfacet
  facet normal 0 0 -1
    outer loop
      vertex 155.401 0.165787 0
      vertex 155.638 0.959396 0
      vertex 155.854 0.293655 0
    endloop
  endfacet
  facet normal 0 0 -1
    outer loop
      vertex 155.401 0.165787 0
      vertex 155.237 0.846436 0
      vertex 155.638 0.959396 0
    endloop
  endfacet
  facet normal 0 0 -1
    outer loop
      vertex 154.939 0.0738678 0
      vertex 155.237 0.846436 0
      vertex 155.401 0.165787 0
    endloop
  endfacet
  facet normal 0 0 -1
    outer loop
      vertex 154.939 0.0738678 0
      vertex 154.829 0.765259 0
      vertex 155.237 0.846436 0
    endloop
  endfacet
  facet normal 0 0 -1
    outer loop
      vertex 154.471 0.0184937 0
      vertex 154.829 0.765259 0
      vertex 154.939 0.0738678 0
    endloop
  endfacet
  facet normal 0 0 -1
    outer loop
      vertex 154.471 0.0184937 0
      vertex 154.416 0.716339 0
      vertex 154.829 0.765259 0
    endloop
  endfacet
  facet normal 0 0 -1
    outer loop
      vertex 154 0 0
      vertex 154.416 0.716339 0
      vertex 154.471 0.0184937 0
    endloop
  endfacet
  facet normal 0 0 -1
    outer loop
      vertex 154 0 0
      vertex 154 0.699997 0
      vertex 154.416 0.716339 0
    endloop
  endfacet
  facet normal 0 0 -1
    outer loop
      vertex 6 0 0
      vertex 154 0.699997 0
      vertex 154 0 0
    endloop
  endfacet
  facet normal 0 0 -1
    outer loop
      vertex 6 0 0
      vertex 6 0.699997 0
      vertex 154 0.699997 0
    endloop
  endfacet
  facet normal 0 0 -1
    outer loop
      vertex 6 0 0
      vertex 5.58417 0.716339 0
      vertex 6 0.699997 0
    endloop
  endfacet
  facet normal 0 0 -1
    outer loop
      vertex 5.52925 0.0184937 0
      vertex 5.58417 0.716339 0
      vertex 6 0 0
    endloop
  endfacet
  facet normal 0 0 -1
    outer loop
      vertex 5.52925 0.0184937 0
      vertex 5.1709 0.765259 0
      vertex 5.58417 0.716339 0
    endloop
  endfacet
  facet normal 0 0 -1
    outer loop
      vertex 5.06139 0.0738678 0
      vertex 5.1709 0.765259 0
      vertex 5.52925 0.0184937 0
    endloop
  endfacet
  facet normal 0 0 -1
    outer loop
      vertex 5.06139 0.0738678 0
      vertex 4.76274 0.846436 0
      vertex 5.1709 0.765259 0
    endloop
  endfacet
  facet normal 0 0 -1
    outer loop
      vertex 4.59933 0.165787 0
      vertex 4.76274 0.846436 0
      vertex 5.06139 0.0738678 0
    endloop
  endfacet
  facet normal 0 0 -1
    outer loop
      vertex 4.59933 0.165787 0
      vertex 4.36221 0.959396 0
      vertex 4.76274 0.846436 0
    endloop
  endfacet
  facet normal 0 0 -1
    outer loop
      vertex 4.1459 0.293655 0
      vertex 4.36221 0.959396 0
      vertex 4.59933 0.165787 0
    endloop
  endfacet
  facet normal 0 0 -1
    outer loop
      vertex 4.1459 0.293655 0
      vertex 3.97177 1.10344 0
      vertex 4.36221 0.959396 0
    endloop
  endfacet
  facet normal 0 0 -1
    outer loop
      vertex 3.7039 0.456726 0
      vertex 3.97177 1.10344 0
      vertex 4.1459 0.293655 0
    endloop
  endfacet
  facet normal 0 0 -1
    outer loop
      vertex 3.7039 0.456726 0
      vertex 3.59386 1.27766 0
      vertex 3.97177 1.10344 0
    endloop
  endfacet
  facet normal 0 0 -1
    outer loop
      vertex 3.27606 0.653961 0
      vertex 3.59386 1.27766 0
      vertex 3.7039 0.456726 0
    endloop
  endfacet
  facet normal 0 0 -1
    outer loop
      vertex 3.27606 0.653961 0
      vertex 3.23076 1.481 0
      vertex 3.59386 1.27766 0
    endloop
  endfacet
  facet normal 0 0 -1
    outer loop
      vertex 2.86501 0.884155 0
      vertex 3.23076 1.481 0
      vertex 3.27606 0.653961 0
    endloop
  endfacet
  facet normal -0 0 -1
    outer loop
      vertex 3.23076 1.481 0
      vertex 2.86501 0.884155 0
      vertex 2.88474 1.7122 0
    endloop
  endfacet
  facet normal 0 0 -1
    outer loop
      vertex 2.47328 1.1459 0
      vertex 2.88474 1.7122 0
      vertex 2.86501 0.884155 0
    endloop
  endfacet
  facet normal -0 0 -1
    outer loop
      vertex 2.88474 1.7122 0
      vertex 2.47328 1.1459 0
      vertex 2.55792 1.96985 0
    endloop
  endfacet
  facet normal 0 0 -1
    outer loop
      vertex 2.10332 1.43756 0
      vertex 2.55792 1.96985 0
      vertex 2.47328 1.1459 0
    endloop
  endfacet
  facet normal -0 0 -1
    outer loop
      vertex 2.55792 1.96985 0
      vertex 2.10332 1.43756 0
      vertex 2.25233 2.25233 0
    endloop
  endfacet
  facet normal 0 0 -1
    outer loop
      vertex 1.75735 1.75735 0
      vertex 2.25233 2.25233 0
      vertex 2.10332 1.43756 0
    endloop
  endfacet
  facet normal -0 0 -1
    outer loop
      vertex 2.25233 2.25233 0
      vertex 1.75735 1.75735 0
      vertex 1.96985 2.55792 0
    endloop
  endfacet
  facet normal 0 0 -1
    outer loop
      vertex 1.43756 2.10332 0
      vertex 1.96985 2.55792 0
      vertex 1.75735 1.75735 0
    endloop
  endfacet
  facet normal -0 0 -1
    outer loop
      vertex 1.96985 2.55792 0
      vertex 1.43756 2.10332 0
      vertex 1.7122 2.88474 0
    endloop
  endfacet
  facet normal 0 0 -1
    outer loop
      vertex 1.1459 2.47328 0
      vertex 1.7122 2.88474 0
      vertex 1.43756 2.10332 0
    endloop
  endfacet
  facet normal -0 0 -1
    outer loop
      vertex 1.7122 2.88474 0
      vertex 1.1459 2.47328 0
      vertex 1.481 3.23076 0
    endloop
  endfacet
  facet normal 0 0 -1
    outer loop
      vertex 0.884155 2.86501 0
      vertex 1.481 3.23076 0
      vertex 1.1459 2.47328 0
    endloop
  endfacet
  facet normal -0 0 -1
    outer loop
      vertex 1.481 3.23076 0
      vertex 0.884155 2.86501 0
      vertex 1.27766 3.59386 0
    endloop
  endfacet
  facet normal 0 0 -1
    outer loop
      vertex 0.653961 3.27606 0
      vertex 1.27766 3.59386 0
      vertex 0.884155 2.86501 0
    endloop
  endfacet
  facet normal -0 0 -1
    outer loop
      vertex 1.27766 3.59386 0
      vertex 0.653961 3.27606 0
      vertex 1.10344 3.97177 0
    endloop
  endfacet
  facet normal 0 0 -1
    outer loop
      vertex 0.456726 3.7039 0
      vertex 1.10344 3.97177 0
      vertex 0.653961 3.27606 0
    endloop
  endfacet
  facet normal -0 0 -1
    outer loop
      vertex 1.10344 3.97177 0
      vertex 0.456726 3.7039 0
      vertex 0.959396 4.36221 0
    endloop
  endfacet
  facet normal 0 0 -1
    outer loop
      vertex 0.293655 4.1459 0
      vertex 0.959396 4.36221 0
      vertex 0.456726 3.7039 0
    endloop
  endfacet
  facet normal -0 0 -1
    outer loop
      vertex 0.846436 4.76274 0
      vertex 0.165787 4.59933 0
      vertex 0.765259 5.1709 0
    endloop
  endfacet
  facet normal 0 0 -1
    outer loop
      vertex 0.165787 4.59933 0
      vertex 0.846436 4.76274 0
      vertex 0.293655 4.1459 0
    endloop
  endfacet
  facet normal -0 0 -1
    outer loop
      vertex 0.959396 4.36221 0
      vertex 0.293655 4.1459 0
      vertex 0.846436 4.76274 0
    endloop
  endfacet
  facet normal 0 0 -1
    outer loop
      vertex 159.154 155.237 0
      vertex 159.834 155.401 0
      vertex 159.235 154.829 0
    endloop
  endfacet
  facet normal -0 0 -1
    outer loop
      vertex 159.834 155.401 0
      vertex 159.154 155.237 0
      vertex 159.706 155.854 0
    endloop
  endfacet
  facet normal 0 0 -1
    outer loop
      vertex 159.041 155.638 0
      vertex 159.706 155.854 0
      vertex 159.154 155.237 0
    endloop
  endfacet
  facet normal -0 0 -1
    outer loop
      vertex 159.706 155.854 0
      vertex 159.041 155.638 0
      vertex 159.543 156.296 0
    endloop
  endfacet
  facet normal 0 0 -1
    outer loop
      vertex 158.897 156.028 0
      vertex 159.543 156.296 0
      vertex 159.041 155.638 0
    endloop
  endfacet
  facet normal -0 0 -1
    outer loop
      vertex 159.543 156.296 0
      vertex 158.897 156.028 0
      vertex 159.346 156.724 0
    endloop
  endfacet
  facet normal 0 0 -1
    outer loop
      vertex 158.722 156.406 0
      vertex 159.346 156.724 0
      vertex 158.897 156.028 0
    endloop
  endfacet
  facet normal -0 0 -1
    outer loop
      vertex 159.346 156.724 0
      vertex 158.722 156.406 0
      vertex 159.116 157.135 0
    endloop
  endfacet
  facet normal 0 0 -1
    outer loop
      vertex 158.519 156.769 0
      vertex 159.116 157.135 0
      vertex 158.722 156.406 0
    endloop
  endfacet
  facet normal -0 0 -1
    outer loop
      vertex 159.116 157.135 0
      vertex 158.519 156.769 0
      vertex 158.854 157.527 0
    endloop
  endfacet
  facet normal 0 0 -1
    outer loop
      vertex 158.288 157.115 0
      vertex 158.854 157.527 0
      vertex 158.519 156.769 0
    endloop
  endfacet
  facet normal -0 0 -1
    outer loop
      vertex 158.854 157.527 0
      vertex 158.288 157.115 0
      vertex 158.562 157.897 0
    endloop
  endfacet
  facet normal 0 0 -1
    outer loop
      vertex 158.03 157.442 0
      vertex 158.562 157.897 0
      vertex 158.288 157.115 0
    endloop
  endfacet
  facet normal -0 0 -1
    outer loop
      vertex 158.562 157.897 0
      vertex 158.03 157.442 0
      vertex 158.243 158.243 0
    endloop
  endfacet
  facet normal 0 0 -1
    outer loop
      vertex 157.748 157.748 0
      vertex 158.243 158.243 0
      vertex 158.03 157.442 0
    endloop
  endfacet
  facet normal -0 0 -1
    outer loop
      vertex 158.243 158.243 0
      vertex 157.748 157.748 0
      vertex 157.897 158.562 0
    endloop
  endfacet
  facet normal 0 0 -1
    outer loop
      vertex 157.442 158.03 0
      vertex 157.897 158.562 0
      vertex 157.748 157.748 0
    endloop
  endfacet
  facet normal -0 0 -1
    outer loop
      vertex 157.897 158.562 0
      vertex 157.442 158.03 0
      vertex 157.527 158.854 0
    endloop
  endfacet
  facet normal 0 0 -1
    outer loop
      vertex 157.115 158.288 0
      vertex 157.527 158.854 0
      vertex 157.442 158.03 0
    endloop
  endfacet
  facet normal -0 0 -1
    outer loop
      vertex 157.527 158.854 0
      vertex 157.115 158.288 0
      vertex 157.135 159.116 0
    endloop
  endfacet
  facet normal 0 0 -1
    outer loop
      vertex 156.769 158.519 0
      vertex 157.135 159.116 0
      vertex 157.115 158.288 0
    endloop
  endfacet
  facet normal 0 0 -1
    outer loop
      vertex 156.769 158.519 0
      vertex 156.724 159.346 0
      vertex 157.135 159.116 0
    endloop
  endfacet
  facet normal 0 0 -1
    outer loop
      vertex 156.406 158.722 0
      vertex 156.724 159.346 0
      vertex 156.769 158.519 0
    endloop
  endfacet
  facet normal 0 0 -1
    outer loop
      vertex 156.406 158.722 0
      vertex 156.296 159.543 0
      vertex 156.724 159.346 0
    endloop
  endfacet
  facet normal 0 0 -1
    outer loop
      vertex 156.028 158.897 0
      vertex 156.296 159.543 0
      vertex 156.406 158.722 0
    endloop
  endfacet
  facet normal 0 0 -1
    outer loop
      vertex 156.028 158.897 0
      vertex 155.854 159.706 0
      vertex 156.296 159.543 0
    endloop
  endfacet
  facet normal 0 0 -1
    outer loop
      vertex 155.638 159.041 0
      vertex 155.854 159.706 0
      vertex 156.028 158.897 0
    endloop
  endfacet
  facet normal 0 0 -1
    outer loop
      vertex 155.638 159.041 0
      vertex 155.401 159.834 0
      vertex 155.854 159.706 0
    endloop
  endfacet
  facet normal 0 0 -1
    outer loop
      vertex 155.237 159.154 0
      vertex 155.401 159.834 0
      vertex 155.638 159.041 0
    endloop
  endfacet
  facet normal 0 0 -1
    outer loop
      vertex 155.237 159.154 0
      vertex 154.939 159.926 0
      vertex 155.401 159.834 0
    endloop
  endfacet
  facet normal 0 0 -1
    outer loop
      vertex 154.829 159.235 0
      vertex 154.939 159.926 0
      vertex 155.237 159.154 0
    endloop
  endfacet
  facet normal 0 0 -1
    outer loop
      vertex 154.829 159.235 0
      vertex 154.471 159.982 0
      vertex 154.939 159.926 0
    endloop
  endfacet
  facet normal 0 0 -1
    outer loop
      vertex 154.416 159.284 0
      vertex 154.471 159.982 0
      vertex 154.829 159.235 0
    endloop
  endfacet
  facet normal 0 0 -1
    outer loop
      vertex 154 159.3 0
      vertex 154.471 159.982 0
      vertex 154.416 159.284 0
    endloop
  endfacet
  facet normal 0 0 -1
    outer loop
      vertex 154 159.3 0
      vertex 154 160 0
      vertex 154.471 159.982 0
    endloop
  endfacet
  facet normal 0 0 -1
    outer loop
      vertex 6 159.3 0
      vertex 154 160 0
      vertex 154 159.3 0
    endloop
  endfacet
  facet normal 0 0 -1
    outer loop
      vertex 6 159.3 0
      vertex 6 160 0
      vertex 154 160 0
    endloop
  endfacet
  facet normal 0 0 -1
    outer loop
      vertex 5.58417 159.284 0
      vertex 6 160 0
      vertex 6 159.3 0
    endloop
  endfacet
  facet normal 0 0 -1
    outer loop
      vertex 5.58417 159.284 0
      vertex 5.52925 159.982 0
      vertex 6 160 0
    endloop
  endfacet
  facet normal 0 0 -1
    outer loop
      vertex 5.1709 159.235 0
      vertex 5.52925 159.982 0
      vertex 5.58417 159.284 0
    endloop
  endfacet
  facet normal 0 0 -1
    outer loop
      vertex 5.1709 159.235 0
      vertex 5.06139 159.926 0
      vertex 5.52925 159.982 0
    endloop
  endfacet
  facet normal 0 0 -1
    outer loop
      vertex 4.76274 159.154 0
      vertex 5.06139 159.926 0
      vertex 5.1709 159.235 0
    endloop
  endfacet
  facet normal 0 0 -1
    outer loop
      vertex 4.76274 159.154 0
      vertex 4.59933 159.834 0
      vertex 5.06139 159.926 0
    endloop
  endfacet
  facet normal 0 0 -1
    outer loop
      vertex 4.36221 159.041 0
      vertex 4.59933 159.834 0
      vertex 4.76274 159.154 0
    endloop
  endfacet
  facet normal 0 0 -1
    outer loop
      vertex 4.36221 159.041 0
      vertex 4.1459 159.706 0
      vertex 4.59933 159.834 0
    endloop
  endfacet
  facet normal 0 0 -1
    outer loop
      vertex 3.97177 158.897 0
      vertex 4.1459 159.706 0
      vertex 4.36221 159.041 0
    endloop
  endfacet
  facet normal 0 0 -1
    outer loop
      vertex 3.97177 158.897 0
      vertex 3.7039 159.543 0
      vertex 4.1459 159.706 0
    endloop
  endfacet
  facet normal 0 0 -1
    outer loop
      vertex 3.59386 158.722 0
      vertex 3.7039 159.543 0
      vertex 3.97177 158.897 0
    endloop
  endfacet
  facet normal 0 0 -1
    outer loop
      vertex 3.59386 158.722 0
      vertex 3.27606 159.346 0
      vertex 3.7039 159.543 0
    endloop
  endfacet
  facet normal 0 0 -1
    outer loop
      vertex 3.23076 158.519 0
      vertex 3.27606 159.346 0
      vertex 3.59386 158.722 0
    endloop
  endfacet
  facet normal 0 0 -1
    outer loop
      vertex 2.86501 159.116 0
      vertex 3.23076 158.519 0
      vertex 2.88474 158.288 0
    endloop
  endfacet
  facet normal 0 0 -1
    outer loop
      vertex 3.23076 158.519 0
      vertex 2.86501 159.116 0
      vertex 3.27606 159.346 0
    endloop
  endfacet
  facet normal 0 0 -1
    outer loop
      vertex 2.47328 158.854 0
      vertex 2.88474 158.288 0
      vertex 2.55792 158.03 0
    endloop
  endfacet
  facet normal 0 0 -1
    outer loop
      vertex 2.88474 158.288 0
      vertex 2.47328 158.854 0
      vertex 2.86501 159.116 0
    endloop
  endfacet
  facet normal 0 0 -1
    outer loop
      vertex 2.10332 158.562 0
      vertex 2.55792 158.03 0
      vertex 2.25233 157.748 0
    endloop
  endfacet
  facet normal 0 0 -1
    outer loop
      vertex 2.55792 158.03 0
      vertex 2.10332 158.562 0
      vertex 2.47328 158.854 0
    endloop
  endfacet
  facet normal 0 0 -1
    outer loop
      vertex 1.75735 158.243 0
      vertex 2.25233 157.748 0
      vertex 1.96985 157.442 0
    endloop
  endfacet
  facet normal 0 0 -1
    outer loop
      vertex 2.25233 157.748 0
      vertex 1.75735 158.243 0
      vertex 2.10332 158.562 0
    endloop
  endfacet
  facet normal 0 0 -1
    outer loop
      vertex 1.43756 157.897 0
      vertex 1.96985 157.442 0
      vertex 1.7122 157.115 0
    endloop
  endfacet
  facet normal 0 0 -1
    outer loop
      vertex 1.1459 157.527 0
      vertex 1.7122 157.115 0
      vertex 1.481 156.769 0
    endloop
  endfacet
  facet normal 0 0 -1
    outer loop
      vertex 1.96985 157.442 0
      vertex 1.43756 157.897 0
      vertex 1.75735 158.243 0
    endloop
  endfacet
  facet normal 0 0 -1
    outer loop
      vertex 0.884155 157.135 0
      vertex 1.481 156.769 0
      vertex 1.27766 156.406 0
    endloop
  endfacet
  facet normal 0 0 -1
    outer loop
      vertex 1.7122 157.115 0
      vertex 1.1459 157.527 0
      vertex 1.43756 157.897 0
    endloop
  endfacet
  facet normal 0 0 -1
    outer loop
      vertex 0.653961 156.724 0
      vertex 1.27766 156.406 0
      vertex 1.10344 156.028 0
    endloop
  endfacet
  facet normal 0 0 -1
    outer loop
      vertex 0.456726 156.296 0
      vertex 1.10344 156.028 0
      vertex 0.959396 155.638 0
    endloop
  endfacet
  facet normal 0 0 -1
    outer loop
      vertex 1.481 156.769 0
      vertex 0.884155 157.135 0
      vertex 1.1459 157.527 0
    endloop
  endfacet
  facet normal 0 0 -1
    outer loop
      vertex 0.293655 155.854 0
      vertex 0.959396 155.638 0
      vertex 0.846436 155.237 0
    endloop
  endfacet
  facet normal 0 0 -1
    outer loop
      vertex 0.165787 155.401 0
      vertex 0.846436 155.237 0
      vertex 0.765259 154.829 0
    endloop
  endfacet
  facet normal 0 0 -1
    outer loop
      vertex 0.0738678 154.939 0
      vertex 0.765259 154.829 0
      vertex 0.716339 154.416 0
    endloop
  endfacet
  facet normal 0 0 -1
    outer loop
      vertex 1.27766 156.406 0
      vertex 0.653961 156.724 0
      vertex 0.884155 157.135 0
    endloop
  endfacet
  facet normal 0 0 -1
    outer loop
      vertex 0.0184937 154.471 0
      vertex 0.716339 154.416 0
      vertex 0.699997 154 0
    endloop
  endfacet
  facet normal 0 0 -1
    outer loop
      vertex 0.699997 6 0
      vertex 0 6 0
      vertex 0.699997 154 0
    endloop
  endfacet
  facet normal 0 0 -1
    outer loop
      vertex 0.0738678 5.06139 0
      vertex 0.765259 5.1709 0
      vertex 0.165787 4.59933 0
    endloop
  endfacet
  facet normal 0 0 -1
    outer loop
      vertex 0 154 0
      vertex 0.699997 154 0
      vertex 0 6 0
    endloop
  endfacet
  facet normal -0 0 -1
    outer loop
      vertex 0.765259 5.1709 0
      vertex 0.0738678 5.06139 0
      vertex 0.716339 5.58417 0
    endloop
  endfacet
  facet normal 0 -0 -1
    outer loop
      vertex 0.0184937 154.471 0
      vertex 0.699997 154 0
      vertex 0 154 0
    endloop
  endfacet
  facet normal 0 0 -1
    outer loop
      vertex 0.0184937 5.52925 0
      vertex 0.716339 5.58417 0
      vertex 0.0738678 5.06139 0
    endloop
  endfacet
  facet normal 0 0 -1
    outer loop
      vertex 1.10344 156.028 0
      vertex 0.456726 156.296 0
      vertex 0.653961 156.724 0
    endloop
  endfacet
  facet normal -0 0 -1
    outer loop
      vertex 0.716339 5.58417 0
      vertex 0.0184937 5.52925 0
      vertex 0.699997 6 0
    endloop
  endfacet
  facet normal 0 0 -1
    outer loop
      vertex 0.959396 155.638 0
      vertex 0.293655 155.854 0
      vertex 0.456726 156.296 0
    endloop
  endfacet
  facet normal -0 0 -1
    outer loop
      vertex 0.699997 6 0
      vertex 0.0184937 5.52925 0
      vertex 0 6 0
    endloop
  endfacet
  facet normal 0 0 -1
    outer loop
      vertex 0.846436 155.237 0
      vertex 0.165787 155.401 0
      vertex 0.293655 155.854 0
    endloop
  endfacet
  facet normal 0 0 -1
    outer loop
      vertex 0.765259 154.829 0
      vertex 0.0738678 154.939 0
      vertex 0.165787 155.401 0
    endloop
  endfacet
  facet normal 0 0 -1
    outer loop
      vertex 0.716339 154.416 0
      vertex 0.0184937 154.471 0
      vertex 0.0738678 154.939 0
    endloop
  endfacet
  facet normal 0 0 -1
    outer loop
      vertex 154 2.5 0
      vertex 157.5 6 0
      vertex 157.489 5.72539 0
    endloop
  endfacet
  facet normal -0 0 -1
    outer loop
      vertex 157.5 6 0
      vertex 154 2.5 0
      vertex 157.5 154 0
    endloop
  endfacet
  facet normal 0 0 -1
    outer loop
      vertex 154 2.5 0
      vertex 157.489 5.72539 0
      vertex 157.457 5.45248 0
    endloop
  endfacet
  facet normal 0 0 -1
    outer loop
      vertex 154 157.5 0
      vertex 157.5 154 0
      vertex 154 2.5 0
    endloop
  endfacet
  facet normal 0 0 -1
    outer loop
      vertex 154 2.5 0
      vertex 157.457 5.45248 0
      vertex 157.403 5.18294 0
    endloop
  endfacet
  facet normal 0 0 -1
    outer loop
      vertex 157.5 154 0
      vertex 154 157.5 0
      vertex 157.489 154.275 0
    endloop
  endfacet
  facet normal 0 0 -1
    outer loop
      vertex 154 2.5 0
      vertex 157.403 5.18294 0
      vertex 157.329 4.91844 0
    endloop
  endfacet
  facet normal 0 0 -1
    outer loop
      vertex 157.489 154.275 0
      vertex 154 157.5 0
      vertex 157.457 154.548 0
    endloop
  endfacet
  facet normal 0 0 -1
    outer loop
      vertex 154 2.5 0
      vertex 157.329 4.91844 0
      vertex 157.234 4.66061 0
    endloop
  endfacet
  facet normal 0 0 -1
    outer loop
      vertex 157.457 154.548 0
      vertex 154 157.5 0
      vertex 157.403 154.817 0
    endloop
  endfacet
  facet normal 0 0 -1
    outer loop
      vertex 154 2.5 0
      vertex 157.234 4.66061 0
      vertex 157.119 4.41103 0
    endloop
  endfacet
  facet normal 0 0 -1
    outer loop
      vertex 157.403 154.817 0
      vertex 154 157.5 0
      vertex 157.329 155.082 0
    endloop
  endfacet
  facet normal 0 0 -1
    outer loop
      vertex 154 2.5 0
      vertex 157.119 4.41103 0
      vertex 156.984 4.17125 0
    endloop
  endfacet
  facet normal 0 0 -1
    outer loop
      vertex 157.329 155.082 0
      vertex 154 157.5 0
      vertex 157.234 155.339 0
    endloop
  endfacet
  facet normal 0 0 -1
    outer loop
      vertex 154 2.5 0
      vertex 156.984 4.17125 0
      vertex 156.832 3.94275 0
    endloop
  endfacet
  facet normal 0 0 -1
    outer loop
      vertex 157.234 155.339 0
      vertex 154 157.5 0
      vertex 157.119 155.589 0
    endloop
  endfacet
  facet normal 0 0 -1
    outer loop
      vertex 154 2.5 0
      vertex 156.832 3.94275 0
      vertex 156.661 3.72693 0
    endloop
  endfacet
  facet normal 0 0 -1
    outer loop
      vertex 157.119 155.589 0
      vertex 154 157.5 0
      vertex 156.984 155.829 0
    endloop
  endfacet
  facet normal 0 0 -1
    outer loop
      vertex 154 2.5 0
      vertex 156.661 3.72693 0
      vertex 156.475 3.52513 0
    endloop
  endfacet
  facet normal 0 0 -1
    outer loop
      vertex 156.984 155.829 0
      vertex 154 157.5 0
      vertex 156.832 156.057 0
    endloop
  endfacet
  facet normal 0 0 -1
    outer loop
      vertex 154 2.5 0
      vertex 156.475 3.52513 0
      vertex 156.273 3.33858 0
    endloop
  endfacet
  facet normal 0 0 -1
    outer loop
      vertex 156.832 156.057 0
      vertex 154 157.5 0
      vertex 156.661 156.273 0
    endloop
  endfacet
  facet normal 0 0 -1
    outer loop
      vertex 154 2.5 0
      vertex 156.273 3.33858 0
      vertex 156.057 3.16844 0
    endloop
  endfacet
  facet normal 0 0 -1
    outer loop
      vertex 156.661 156.273 0
      vertex 154 157.5 0
      vertex 156.475 156.475 0
    endloop
  endfacet
  facet normal 0 0 -1
    outer loop
      vertex 154 2.5 0
      vertex 156.057 3.16844 0
      vertex 155.829 3.01576 0
    endloop
  endfacet
  facet normal 0 0 -1
    outer loop
      vertex 156.475 156.475 0
      vertex 154 157.5 0
      vertex 156.273 156.661 0
    endloop
  endfacet
  facet normal 0 0 -1
    outer loop
      vertex 154 2.5 0
      vertex 155.829 3.01576 0
      vertex 155.589 2.88147 0
    endloop
  endfacet
  facet normal 0 0 -1
    outer loop
      vertex 156.273 156.661 0
      vertex 154 157.5 0
      vertex 156.057 156.832 0
    endloop
  endfacet
  facet normal 0 0 -1
    outer loop
      vertex 154 2.5 0
      vertex 155.589 2.88147 0
      vertex 155.339 2.76642 0
    endloop
  endfacet
  facet normal 0 0 -1
    outer loop
      vertex 156.057 156.832 0
      vertex 154 157.5 0
      vertex 155.829 156.984 0
    endloop
  endfacet
  facet normal 0 0 -1
    outer loop
      vertex 154 2.5 0
      vertex 155.339 2.76642 0
      vertex 155.082 2.6713 0
    endloop
  endfacet
  facet normal 0 0 -1
    outer loop
      vertex 155.829 156.984 0
      vertex 154 157.5 0
      vertex 155.589 157.119 0
    endloop
  endfacet
  facet normal 0 0 -1
    outer loop
      vertex 154 2.5 0
      vertex 155.082 2.6713 0
      vertex 154.817 2.59671 0
    endloop
  endfacet
  facet normal 0 0 -1
    outer loop
      vertex 155.589 157.119 0
      vertex 154 157.5 0
      vertex 155.339 157.234 0
    endloop
  endfacet
  facet normal 0 0 -1
    outer loop
      vertex 154 2.5 0
      vertex 154.817 2.59671 0
      vertex 154.548 2.54309 0
    endloop
  endfacet
  facet normal 0 0 -1
    outer loop
      vertex 155.339 157.234 0
      vertex 154 157.5 0
      vertex 155.082 157.329 0
    endloop
  endfacet
  facet normal 0 0 -1
    outer loop
      vertex 154 2.5 0
      vertex 154.548 2.54309 0
      vertex 154.275 2.51079 0
    endloop
  endfacet
  facet normal 0 0 -1
    outer loop
      vertex 155.082 157.329 0
      vertex 154 157.5 0
      vertex 154.817 157.403 0
    endloop
  endfacet
  facet normal 0 0 -1
    outer loop
      vertex 154.817 157.403 0
      vertex 154 157.5 0
      vertex 154.548 157.457 0
    endloop
  endfacet
  facet normal 0 0 -1
    outer loop
      vertex 154.548 157.457 0
      vertex 154 157.5 0
      vertex 154.275 157.489 0
    endloop
  endfacet
  facet normal 0 0 -1
    outer loop
      vertex 6 2.5 0
      vertex 154 157.5 0
      vertex 154 2.5 0
    endloop
  endfacet
  facet normal 0 0 -1
    outer loop
      vertex 6 2.5 0
      vertex 6 157.5 0
      vertex 154 157.5 0
    endloop
  endfacet
  facet normal 0 0 -1
    outer loop
      vertex 2.5 6 0
      vertex 6 2.5 0
      vertex 5.72539 2.51079 0
    endloop
  endfacet
  facet normal 0 0 -1
    outer loop
      vertex 6 2.5 0
      vertex 2.5 6 0
      vertex 6 157.5 0
    endloop
  endfacet
  facet normal 0 0 -1
    outer loop
      vertex 2.5 6 0
      vertex 5.72539 2.51079 0
      vertex 5.45248 2.54309 0
    endloop
  endfacet
  facet normal 0 0 -1
    outer loop
      vertex 2.5 154 0
      vertex 6 157.5 0
      vertex 2.5 6 0
    endloop
  endfacet
  facet normal 0 0 -1
    outer loop
      vertex 2.5 6 0
      vertex 5.45248 2.54309 0
      vertex 5.18294 2.59671 0
    endloop
  endfacet
  facet normal 0 0 -1
    outer loop
      vertex 6 157.5 0
      vertex 2.5 154 0
      vertex 5.72539 157.489 0
    endloop
  endfacet
  facet normal 0 0 -1
    outer loop
      vertex 2.5 6 0
      vertex 5.18294 2.59671 0
      vertex 4.91844 2.6713 0
    endloop
  endfacet
  facet normal 0 0 -1
    outer loop
      vertex 5.72539 157.489 0
      vertex 2.5 154 0
      vertex 5.45248 157.457 0
    endloop
  endfacet
  facet normal 0 0 -1
    outer loop
      vertex 2.5 6 0
      vertex 4.91844 2.6713 0
      vertex 4.66061 2.76642 0
    endloop
  endfacet
  facet normal 0 0 -1
    outer loop
      vertex 5.45248 157.457 0
      vertex 2.5 154 0
      vertex 5.18294 157.403 0
    endloop
  endfacet
  facet normal 0 0 -1
    outer loop
      vertex 2.5 6 0
      vertex 4.66061 2.76642 0
      vertex 4.41103 2.88147 0
    endloop
  endfacet
  facet normal 0 0 -1
    outer loop
      vertex 5.18294 157.403 0
      vertex 2.5 154 0
      vertex 4.91844 157.329 0
    endloop
  endfacet
  facet normal 0 0 -1
    outer loop
      vertex 2.5 6 0
      vertex 4.41103 2.88147 0
      vertex 4.17125 3.01576 0
    endloop
  endfacet
  facet normal 0 0 -1
    outer loop
      vertex 4.91844 157.329 0
      vertex 2.5 154 0
      vertex 4.66061 157.234 0
    endloop
  endfacet
  facet normal 0 0 -1
    outer loop
      vertex 2.5 6 0
      vertex 4.17125 3.01576 0
      vertex 3.94275 3.16844 0
    endloop
  endfacet
  facet normal 0 0 -1
    outer loop
      vertex 4.66061 157.234 0
      vertex 2.5 154 0
      vertex 4.41103 157.119 0
    endloop
  endfacet
  facet normal 0 0 -1
    outer loop
      vertex 2.5 6 0
      vertex 3.94275 3.16844 0
      vertex 3.72693 3.33858 0
    endloop
  endfacet
  facet normal 0 0 -1
    outer loop
      vertex 4.41103 157.119 0
      vertex 2.5 154 0
      vertex 4.17125 156.984 0
    endloop
  endfacet
  facet normal 0 0 -1
    outer loop
      vertex 2.5 6 0
      vertex 3.72693 3.33858 0
      vertex 3.52513 3.52513 0
    endloop
  endfacet
  facet normal 0 0 -1
    outer loop
      vertex 4.17125 156.984 0
      vertex 2.5 154 0
      vertex 3.94275 156.832 0
    endloop
  endfacet
  facet normal 0 0 -1
    outer loop
      vertex 2.5 6 0
      vertex 3.52513 3.52513 0
      vertex 3.33858 3.72693 0
    endloop
  endfacet
  facet normal 0 0 -1
    outer loop
      vertex 3.94275 156.832 0
      vertex 2.5 154 0
      vertex 3.72693 156.661 0
    endloop
  endfacet
  facet normal 0 0 -1
    outer loop
      vertex 2.5 6 0
      vertex 3.33858 3.72693 0
      vertex 3.16844 3.94275 0
    endloop
  endfacet
  facet normal 0 0 -1
    outer loop
      vertex 3.72693 156.661 0
      vertex 2.5 154 0
      vertex 3.52513 156.475 0
    endloop
  endfacet
  facet normal 0 0 -1
    outer loop
      vertex 2.5 6 0
      vertex 3.16844 3.94275 0
      vertex 3.01576 4.17125 0
    endloop
  endfacet
  facet normal 0 0 -1
    outer loop
      vertex 3.52513 156.475 0
      vertex 2.5 154 0
      vertex 3.33858 156.273 0
    endloop
  endfacet
  facet normal 0 0 -1
    outer loop
      vertex 2.5 6 0
      vertex 3.01576 4.17125 0
      vertex 2.88147 4.41103 0
    endloop
  endfacet
  facet normal 0 0 -1
    outer loop
      vertex 3.33858 156.273 0
      vertex 2.5 154 0
      vertex 3.16844 156.057 0
    endloop
  endfacet
  facet normal 0 0 -1
    outer loop
      vertex 2.5 6 0
      vertex 2.88147 4.41103 0
      vertex 2.76642 4.66061 0
    endloop
  endfacet
  facet normal 0 0 -1
    outer loop
      vertex 3.16844 156.057 0
      vertex 2.5 154 0
      vertex 3.01576 155.829 0
    endloop
  endfacet
  facet normal 0 0 -1
    outer loop
      vertex 2.5 6 0
      vertex 2.76642 4.66061 0
      vertex 2.6713 4.91844 0
    endloop
  endfacet
  facet normal 0 0 -1
    outer loop
      vertex 3.01576 155.829 0
      vertex 2.5 154 0
      vertex 2.88147 155.589 0
    endloop
  endfacet
  facet normal 0 0 -1
    outer loop
      vertex 2.5 6 0
      vertex 2.6713 4.91844 0
      vertex 2.59671 5.18294 0
    endloop
  endfacet
  facet normal 0 0 -1
    outer loop
      vertex 2.88147 155.589 0
      vertex 2.5 154 0
      vertex 2.76642 155.339 0
    endloop
  endfacet
  facet normal 0 0 -1
    outer loop
      vertex 2.5 6 0
      vertex 2.59671 5.18294 0
      vertex 2.54309 5.45248 0
    endloop
  endfacet
  facet normal 0 0 -1
    outer loop
      vertex 2.76642 155.339 0
      vertex 2.5 154 0
      vertex 2.6713 155.082 0
    endloop
  endfacet
  facet normal 0 0 -1
    outer loop
      vertex 2.5 6 0
      vertex 2.54309 5.45248 0
      vertex 2.51079 5.72539 0
    endloop
  endfacet
  facet normal 0 0 -1
    outer loop
      vertex 2.6713 155.082 0
      vertex 2.5 154 0
      vertex 2.59671 154.817 0
    endloop
  endfacet
  facet normal 0 0 -1
    outer loop
      vertex 2.59671 154.817 0
      vertex 2.5 154 0
      vertex 2.54309 154.548 0
    endloop
  endfacet
  facet normal 0 0 -1
    outer loop
      vertex 2.54309 154.548 0
      vertex 2.5 154 0
      vertex 2.51079 154.275 0
    endloop
  endfacet
  facet normal 0.784959 -0.619548 0
    outer loop
      vertex 158.562 2.10332 12.91
      vertex 158.854 2.47328 0
      vertex 158.854 2.47328 12.91
    endloop
  endfacet
  facet normal 0.784959 -0.619548 0
    outer loop
      vertex 158.854 2.47328 0
      vertex 158.562 2.10332 12.91
      vertex 158.562 2.10332 0
    endloop
  endfacet
  facet normal 0.83122 -0.555943 0
    outer loop
      vertex 158.854 2.47328 12.91
      vertex 159.116 2.86501 0
      vertex 159.116 2.86501 12.91
    endloop
  endfacet
  facet normal 0.83122 -0.555943 0
    outer loop
      vertex 159.116 2.86501 0
      vertex 158.854 2.47328 12.91
      vertex 158.854 2.47328 0
    endloop
  endfacet
  facet normal 0.735181 -0.67787 0
    outer loop
      vertex 158.243 1.75735 12.91
      vertex 158.562 2.10332 0
      vertex 158.562 2.10332 12.91
    endloop
  endfacet
  facet normal 0.735181 -0.67787 0
    outer loop
      vertex 158.562 2.10332 0
      vertex 158.243 1.75735 12.91
      vertex 158.243 1.75735 0
    endloop
  endfacet
  facet normal 0.346133 -0.938185 0
    outer loop
      vertex 155.854 0.293655 0
      vertex 156.296 0.456726 12.91
      vertex 155.854 0.293655 12.91
    endloop
  endfacet
  facet normal 0.346133 -0.938185 0
    outer loop
      vertex 156.296 0.456726 12.91
      vertex 155.854 0.293655 0
      vertex 156.296 0.456726 0
    endloop
  endfacet
  facet normal 0.908334 -0.418245 0
    outer loop
      vertex 159.346 3.27606 12.91
      vertex 159.543 3.7039 0
      vertex 159.543 3.7039 12.91
    endloop
  endfacet
  facet normal 0.908334 -0.418245 0
    outer loop
      vertex 159.543 3.7039 0
      vertex 159.346 3.27606 12.91
      vertex 159.346 3.27606 0
    endloop
  endfacet
  facet normal 0.271655 -0.962395 0
    outer loop
      vertex 155.401 0.165787 0
      vertex 155.854 0.293655 12.91
      vertex 155.401 0.165787 12.91
    endloop
  endfacet
  facet normal 0.271655 -0.962395 0
    outer loop
      vertex 155.854 0.293655 12.91
      vertex 155.401 0.165787 0
      vertex 155.854 0.293655 0
    endloop
  endfacet
  facet normal 0 0 1
    outer loop
      vertex 159 154 12.91
      vertex 160 154 12.91
      vertex 159.982 154.471 12.91
    endloop
  endfacet
  facet normal 0 0 1
    outer loop
      vertex 160 154 12.91
      vertex 159 154 12.91
      vertex 160 6 12.91
    endloop
  endfacet
  facet normal 0 0 1
    outer loop
      vertex 158.985 154.392 12.91
      vertex 159.982 154.471 12.91
      vertex 159.926 154.939 12.91
    endloop
  endfacet
  facet normal 0 0 1
    outer loop
      vertex 159 6 12.91
      vertex 160 6 12.91
      vertex 159 154 12.91
    endloop
  endfacet
  facet normal 0 0 1
    outer loop
      vertex 158.938 154.782 12.91
      vertex 159.926 154.939 12.91
      vertex 159.834 155.401 12.91
    endloop
  endfacet
  facet normal 0 0 1
    outer loop
      vertex 160 6 12.91
      vertex 159 6 12.91
      vertex 159.982 5.52925 12.91
    endloop
  endfacet
  facet normal 0 0 1
    outer loop
      vertex 158.862 155.167 12.91
      vertex 159.834 155.401 12.91
      vertex 159.706 155.854 12.91
    endloop
  endfacet
  facet normal -0 0 1
    outer loop
      vertex 158.985 5.60771 12.91
      vertex 159.982 5.52925 12.91
      vertex 159 6 12.91
    endloop
  endfacet
  facet normal 0 0 1
    outer loop
      vertex 158.755 155.545 12.91
      vertex 159.706 155.854 12.91
      vertex 159.543 156.296 12.91
    endloop
  endfacet
  facet normal 0 0 1
    outer loop
      vertex 159.982 5.52925 12.91
      vertex 158.985 5.60771 12.91
      vertex 159.926 5.06139 12.91
    endloop
  endfacet
  facet normal 0 0 1
    outer loop
      vertex 158.619 155.913 12.91
      vertex 159.543 156.296 12.91
      vertex 159.346 156.724 12.91
    endloop
  endfacet
  facet normal -0 0 1
    outer loop
      vertex 158.938 5.21783 12.91
      vertex 159.926 5.06139 12.91
      vertex 158.985 5.60771 12.91
    endloop
  endfacet
  facet normal 0 0 1
    outer loop
      vertex 158.455 156.27 12.91
      vertex 159.346 156.724 12.91
      vertex 159.116 157.135 12.91
    endloop
  endfacet
  facet normal 0 0 1
    outer loop
      vertex 159.926 5.06139 12.91
      vertex 158.938 5.21783 12.91
      vertex 159.834 4.59933 12.91
    endloop
  endfacet
  facet normal -0 0 1
    outer loop
      vertex 158.862 4.83278 12.91
      vertex 159.834 4.59933 12.91
      vertex 158.938 5.21783 12.91
    endloop
  endfacet
  facet normal 0 0 1
    outer loop
      vertex 159.982 154.471 12.91
      vertex 158.985 154.392 12.91
      vertex 159 154 12.91
    endloop
  endfacet
  facet normal 0 0 1
    outer loop
      vertex 159.926 154.939 12.91
      vertex 158.938 154.782 12.91
      vertex 158.985 154.392 12.91
    endloop
  endfacet
  facet normal 0 0 1
    outer loop
      vertex 159.834 155.401 12.91
      vertex 158.862 155.167 12.91
      vertex 158.938 154.782 12.91
    endloop
  endfacet
  facet normal 0 0 1
    outer loop
      vertex 158.263 156.612 12.91
      vertex 159.116 157.135 12.91
      vertex 158.854 157.527 12.91
    endloop
  endfacet
  facet normal 0 0 1
    outer loop
      vertex 159.706 155.854 12.91
      vertex 158.755 155.545 12.91
      vertex 158.862 155.167 12.91
    endloop
  endfacet
  facet normal 0 0 1
    outer loop
      vertex 159.543 156.296 12.91
      vertex 158.619 155.913 12.91
      vertex 158.755 155.545 12.91
    endloop
  endfacet
  facet normal 0 0 1
    outer loop
      vertex 158.045 156.939 12.91
      vertex 158.854 157.527 12.91
      vertex 158.562 157.897 12.91
    endloop
  endfacet
  facet normal 0 0 1
    outer loop
      vertex 159.346 156.724 12.91
      vertex 158.455 156.27 12.91
      vertex 158.619 155.913 12.91
    endloop
  endfacet
  facet normal 0 0 1
    outer loop
      vertex 159.116 157.135 12.91
      vertex 158.263 156.612 12.91
      vertex 158.455 156.27 12.91
    endloop
  endfacet
  facet normal 0 0 1
    outer loop
      vertex 157.802 157.247 12.91
      vertex 158.562 157.897 12.91
      vertex 158.243 158.243 12.91
    endloop
  endfacet
  facet normal 0 0 1
    outer loop
      vertex 158.854 157.527 12.91
      vertex 158.045 156.939 12.91
      vertex 158.263 156.612 12.91
    endloop
  endfacet
  facet normal 0 0 1
    outer loop
      vertex 157.536 157.536 12.91
      vertex 158.243 158.243 12.91
      vertex 157.897 158.562 12.91
    endloop
  endfacet
  facet normal 0 0 1
    outer loop
      vertex 158.562 157.897 12.91
      vertex 157.802 157.247 12.91
      vertex 158.045 156.939 12.91
    endloop
  endfacet
  facet normal 0 0 1
    outer loop
      vertex 158.243 158.243 12.91
      vertex 157.536 157.536 12.91
      vertex 157.802 157.247 12.91
    endloop
  endfacet
  facet normal 0 0 1
    outer loop
      vertex 157.247 157.802 12.91
      vertex 157.897 158.562 12.91
      vertex 157.527 158.854 12.91
    endloop
  endfacet
  facet normal 0 0 1
    outer loop
      vertex 157.897 158.562 12.91
      vertex 157.247 157.802 12.91
      vertex 157.536 157.536 12.91
    endloop
  endfacet
  facet normal 0 0 1
    outer loop
      vertex 156.939 158.045 12.91
      vertex 157.527 158.854 12.91
      vertex 157.135 159.116 12.91
    endloop
  endfacet
  facet normal 0 0 1
    outer loop
      vertex 157.527 158.854 12.91
      vertex 156.939 158.045 12.91
      vertex 157.247 157.802 12.91
    endloop
  endfacet
  facet normal 0 0 1
    outer loop
      vertex 156.612 158.263 12.91
      vertex 157.135 159.116 12.91
      vertex 156.724 159.346 12.91
    endloop
  endfacet
  facet normal 0 0 1
    outer loop
      vertex 157.135 159.116 12.91
      vertex 156.612 158.263 12.91
      vertex 156.939 158.045 12.91
    endloop
  endfacet
  facet normal 0 0 1
    outer loop
      vertex 156.27 158.455 12.91
      vertex 156.724 159.346 12.91
      vertex 156.296 159.543 12.91
    endloop
  endfacet
  facet normal 0 0 1
    outer loop
      vertex 156.724 159.346 12.91
      vertex 156.27 158.455 12.91
      vertex 156.612 158.263 12.91
    endloop
  endfacet
  facet normal 0 0 1
    outer loop
      vertex 156.296 159.543 12.91
      vertex 155.913 158.619 12.91
      vertex 156.27 158.455 12.91
    endloop
  endfacet
  facet normal 0 0 1
    outer loop
      vertex 155.854 159.706 12.91
      vertex 155.913 158.619 12.91
      vertex 156.296 159.543 12.91
    endloop
  endfacet
  facet normal 0 0 1
    outer loop
      vertex 155.854 159.706 12.91
      vertex 155.545 158.755 12.91
      vertex 155.913 158.619 12.91
    endloop
  endfacet
  facet normal 0 0 1
    outer loop
      vertex 155.401 159.834 12.91
      vertex 155.545 158.755 12.91
      vertex 155.854 159.706 12.91
    endloop
  endfacet
  facet normal 0 0 1
    outer loop
      vertex 155.401 159.834 12.91
      vertex 155.167 158.862 12.91
      vertex 155.545 158.755 12.91
    endloop
  endfacet
  facet normal 0 0 1
    outer loop
      vertex 154.939 159.926 12.91
      vertex 155.167 158.862 12.91
      vertex 155.401 159.834 12.91
    endloop
  endfacet
  facet normal 0 0 1
    outer loop
      vertex 154.939 159.926 12.91
      vertex 154.782 158.938 12.91
      vertex 155.167 158.862 12.91
    endloop
  endfacet
  facet normal 0 0 1
    outer loop
      vertex 154.471 159.982 12.91
      vertex 154.782 158.938 12.91
      vertex 154.939 159.926 12.91
    endloop
  endfacet
  facet normal 0 0 1
    outer loop
      vertex 154.471 159.982 12.91
      vertex 154.392 158.985 12.91
      vertex 154.782 158.938 12.91
    endloop
  endfacet
  facet normal 0 0 1
    outer loop
      vertex 154 160 12.91
      vertex 154.392 158.985 12.91
      vertex 154.471 159.982 12.91
    endloop
  endfacet
  facet normal 0 0 1
    outer loop
      vertex 154 160 12.91
      vertex 154 159 12.91
      vertex 154.392 158.985 12.91
    endloop
  endfacet
  facet normal -0 0 1
    outer loop
      vertex 6 160 12.91
      vertex 154 159 12.91
      vertex 154 160 12.91
    endloop
  endfacet
  facet normal 0 0 1
    outer loop
      vertex 6 160 12.91
      vertex 6 159 12.91
      vertex 154 159 12.91
    endloop
  endfacet
  facet normal 0 0 1
    outer loop
      vertex 6 160 12.91
      vertex 5.60771 158.985 12.91
      vertex 6 159 12.91
    endloop
  endfacet
  facet normal -0 0 1
    outer loop
      vertex 5.52925 159.982 12.91
      vertex 5.60771 158.985 12.91
      vertex 6 160 12.91
    endloop
  endfacet
  facet normal 0 0 1
    outer loop
      vertex 5.52925 159.982 12.91
      vertex 5.21783 158.938 12.91
      vertex 5.60771 158.985 12.91
    endloop
  endfacet
  facet normal -0 0 1
    outer loop
      vertex 5.06139 159.926 12.91
      vertex 5.21783 158.938 12.91
      vertex 5.52925 159.982 12.91
    endloop
  endfacet
  facet normal 0 0 1
    outer loop
      vertex 5.06139 159.926 12.91
      vertex 4.83278 158.862 12.91
      vertex 5.21783 158.938 12.91
    endloop
  endfacet
  facet normal -0 0 1
    outer loop
      vertex 4.59933 159.834 12.91
      vertex 4.83278 158.862 12.91
      vertex 5.06139 159.926 12.91
    endloop
  endfacet
  facet normal 0 0 1
    outer loop
      vertex 4.59933 159.834 12.91
      vertex 4.45491 158.755 12.91
      vertex 4.83278 158.862 12.91
    endloop
  endfacet
  facet normal -0 0 1
    outer loop
      vertex 4.1459 159.706 12.91
      vertex 4.45491 158.755 12.91
      vertex 4.59933 159.834 12.91
    endloop
  endfacet
  facet normal 0 0 1
    outer loop
      vertex 4.1459 159.706 12.91
      vertex 4.08658 158.619 12.91
      vertex 4.45491 158.755 12.91
    endloop
  endfacet
  facet normal -0 0 1
    outer loop
      vertex 3.7039 159.543 12.91
      vertex 4.08658 158.619 12.91
      vertex 4.1459 159.706 12.91
    endloop
  endfacet
  facet normal 0 0 1
    outer loop
      vertex 4.08658 158.619 12.91
      vertex 3.7039 159.543 12.91
      vertex 3.73004 158.455 12.91
    endloop
  endfacet
  facet normal -0 0 1
    outer loop
      vertex 3.27606 159.346 12.91
      vertex 3.73004 158.455 12.91
      vertex 3.7039 159.543 12.91
    endloop
  endfacet
  facet normal 0 0 1
    outer loop
      vertex 3.73004 158.455 12.91
      vertex 3.27606 159.346 12.91
      vertex 3.38751 158.263 12.91
    endloop
  endfacet
  facet normal -0 0 1
    outer loop
      vertex 2.86501 159.116 12.91
      vertex 3.38751 158.263 12.91
      vertex 3.27606 159.346 12.91
    endloop
  endfacet
  facet normal 0 0 1
    outer loop
      vertex 3.38751 158.263 12.91
      vertex 2.86501 159.116 12.91
      vertex 3.06108 158.045 12.91
    endloop
  endfacet
  facet normal -0 0 1
    outer loop
      vertex 2.47328 158.854 12.91
      vertex 3.06108 158.045 12.91
      vertex 2.86501 159.116 12.91
    endloop
  endfacet
  facet normal 0 0 1
    outer loop
      vertex 3.06108 158.045 12.91
      vertex 2.47328 158.854 12.91
      vertex 2.75276 157.802 12.91
    endloop
  endfacet
  facet normal -0 0 1
    outer loop
      vertex 2.10332 158.562 12.91
      vertex 2.75276 157.802 12.91
      vertex 2.47328 158.854 12.91
    endloop
  endfacet
  facet normal 0 0 1
    outer loop
      vertex 2.75276 157.802 12.91
      vertex 2.10332 158.562 12.91
      vertex 2.46446 157.536 12.91
    endloop
  endfacet
  facet normal -0 0 1
    outer loop
      vertex 1.75735 158.243 12.91
      vertex 2.46446 157.536 12.91
      vertex 2.10332 158.562 12.91
    endloop
  endfacet
  facet normal 0 0 1
    outer loop
      vertex 2.46446 157.536 12.91
      vertex 1.75735 158.243 12.91
      vertex 2.19797 157.247 12.91
    endloop
  endfacet
  facet normal -0 0 1
    outer loop
      vertex 1.43756 157.897 12.91
      vertex 2.19797 157.247 12.91
      vertex 1.75735 158.243 12.91
    endloop
  endfacet
  facet normal 0 0 1
    outer loop
      vertex 2.19797 157.247 12.91
      vertex 1.43756 157.897 12.91
      vertex 1.95491 156.939 12.91
    endloop
  endfacet
  facet normal -0 0 1
    outer loop
      vertex 1.1459 157.527 12.91
      vertex 1.95491 156.939 12.91
      vertex 1.43756 157.897 12.91
    endloop
  endfacet
  facet normal 0 0 1
    outer loop
      vertex 1.95491 156.939 12.91
      vertex 1.1459 157.527 12.91
      vertex 1.7368 156.612 12.91
    endloop
  endfacet
  facet normal -0 0 1
    outer loop
      vertex 0.884155 157.135 12.91
      vertex 1.7368 156.612 12.91
      vertex 1.1459 157.527 12.91
    endloop
  endfacet
  facet normal 0 0 1
    outer loop
      vertex 1.7368 156.612 12.91
      vertex 0.884155 157.135 12.91
      vertex 1.54497 156.27 12.91
    endloop
  endfacet
  facet normal -0 0 1
    outer loop
      vertex 0.653961 156.724 12.91
      vertex 1.54497 156.27 12.91
      vertex 0.884155 157.135 12.91
    endloop
  endfacet
  facet normal 0 0 1
    outer loop
      vertex 1.54497 156.27 12.91
      vertex 0.653961 156.724 12.91
      vertex 1.3806 155.913 12.91
    endloop
  endfacet
  facet normal -0 0 1
    outer loop
      vertex 0.456726 156.296 12.91
      vertex 1.3806 155.913 12.91
      vertex 0.653961 156.724 12.91
    endloop
  endfacet
  facet normal 0 0 1
    outer loop
      vertex 1.3806 155.913 12.91
      vertex 0.456726 156.296 12.91
      vertex 1.24472 155.545 12.91
    endloop
  endfacet
  facet normal -0 0 1
    outer loop
      vertex 0.165787 155.401 12.91
      vertex 1.13815 155.167 12.91
      vertex 0.293655 155.854 12.91
    endloop
  endfacet
  facet normal 0 0 1
    outer loop
      vertex 1.24472 155.545 12.91
      vertex 0.293655 155.854 12.91
      vertex 1.13815 155.167 12.91
    endloop
  endfacet
  facet normal -0 0 1
    outer loop
      vertex 0.293655 155.854 12.91
      vertex 1.24472 155.545 12.91
      vertex 0.456726 156.296 12.91
    endloop
  endfacet
  facet normal 0 0 1
    outer loop
      vertex 159.834 4.59933 12.91
      vertex 158.862 4.83278 12.91
      vertex 159.706 4.1459 12.91
    endloop
  endfacet
  facet normal -0 0 1
    outer loop
      vertex 158.755 4.45491 12.91
      vertex 159.706 4.1459 12.91
      vertex 158.862 4.83278 12.91
    endloop
  endfacet
  facet normal 0 0 1
    outer loop
      vertex 159.706 4.1459 12.91
      vertex 158.755 4.45491 12.91
      vertex 159.543 3.7039 12.91
    endloop
  endfacet
  facet normal -0 0 1
    outer loop
      vertex 158.619 4.08658 12.91
      vertex 159.543 3.7039 12.91
      vertex 158.755 4.45491 12.91
    endloop
  endfacet
  facet normal 0 0 1
    outer loop
      vertex 159.543 3.7039 12.91
      vertex 158.619 4.08658 12.91
      vertex 159.346 3.27606 12.91
    endloop
  endfacet
  facet normal -0 0 1
    outer loop
      vertex 158.455 3.73004 12.91
      vertex 159.346 3.27606 12.91
      vertex 158.619 4.08658 12.91
    endloop
  endfacet
  facet normal 0 0 1
    outer loop
      vertex 159.346 3.27606 12.91
      vertex 158.455 3.73004 12.91
      vertex 159.116 2.86501 12.91
    endloop
  endfacet
  facet normal -0 0 1
    outer loop
      vertex 158.263 3.38751 12.91
      vertex 159.116 2.86501 12.91
      vertex 158.455 3.73004 12.91
    endloop
  endfacet
  facet normal 0 0 1
    outer loop
      vertex 159.116 2.86501 12.91
      vertex 158.263 3.38751 12.91
      vertex 158.854 2.47328 12.91
    endloop
  endfacet
  facet normal -0 0 1
    outer loop
      vertex 158.045 3.06108 12.91
      vertex 158.854 2.47328 12.91
      vertex 158.263 3.38751 12.91
    endloop
  endfacet
  facet normal 0 0 1
    outer loop
      vertex 158.854 2.47328 12.91
      vertex 158.045 3.06108 12.91
      vertex 158.562 2.10332 12.91
    endloop
  endfacet
  facet normal -0 0 1
    outer loop
      vertex 157.802 2.75276 12.91
      vertex 158.562 2.10332 12.91
      vertex 158.045 3.06108 12.91
    endloop
  endfacet
  facet normal 0 0 1
    outer loop
      vertex 158.562 2.10332 12.91
      vertex 157.802 2.75276 12.91
      vertex 158.243 1.75735 12.91
    endloop
  endfacet
  facet normal -0 0 1
    outer loop
      vertex 157.536 2.46446 12.91
      vertex 158.243 1.75735 12.91
      vertex 157.802 2.75276 12.91
    endloop
  endfacet
  facet normal 0 0 1
    outer loop
      vertex 158.243 1.75735 12.91
      vertex 157.536 2.46446 12.91
      vertex 157.897 1.43756 12.91
    endloop
  endfacet
  facet normal -0 0 1
    outer loop
      vertex 157.247 2.19797 12.91
      vertex 157.897 1.43756 12.91
      vertex 157.536 2.46446 12.91
    endloop
  endfacet
  facet normal 0 0 1
    outer loop
      vertex 157.897 1.43756 12.91
      vertex 157.247 2.19797 12.91
      vertex 157.527 1.1459 12.91
    endloop
  endfacet
  facet normal -0 0 1
    outer loop
      vertex 156.939 1.95491 12.91
      vertex 157.527 1.1459 12.91
      vertex 157.247 2.19797 12.91
    endloop
  endfacet
  facet normal 0 0 1
    outer loop
      vertex 157.527 1.1459 12.91
      vertex 156.939 1.95491 12.91
      vertex 157.135 0.884155 12.91
    endloop
  endfacet
  facet normal -0 0 1
    outer loop
      vertex 156.612 1.7368 12.91
      vertex 157.135 0.884155 12.91
      vertex 156.939 1.95491 12.91
    endloop
  endfacet
  facet normal 0 0 1
    outer loop
      vertex 157.135 0.884155 12.91
      vertex 156.612 1.7368 12.91
      vertex 156.724 0.653961 12.91
    endloop
  endfacet
  facet normal -0 0 1
    outer loop
      vertex 156.27 1.54497 12.91
      vertex 156.724 0.653961 12.91
      vertex 156.612 1.7368 12.91
    endloop
  endfacet
  facet normal 0 0 1
    outer loop
      vertex 156.724 0.653961 12.91
      vertex 156.27 1.54497 12.91
      vertex 156.296 0.456726 12.91
    endloop
  endfacet
  facet normal -0 0 1
    outer loop
      vertex 155.913 1.3806 12.91
      vertex 156.296 0.456726 12.91
      vertex 156.27 1.54497 12.91
    endloop
  endfacet
  facet normal 0 0 1
    outer loop
      vertex 155.913 1.3806 12.91
      vertex 155.854 0.293655 12.91
      vertex 156.296 0.456726 12.91
    endloop
  endfacet
  facet normal -0 0 1
    outer loop
      vertex 155.545 1.24472 12.91
      vertex 155.854 0.293655 12.91
      vertex 155.913 1.3806 12.91
    endloop
  endfacet
  facet normal 0 0 1
    outer loop
      vertex 155.545 1.24472 12.91
      vertex 155.401 0.165787 12.91
      vertex 155.854 0.293655 12.91
    endloop
  endfacet
  facet normal -0 0 1
    outer loop
      vertex 155.167 1.13815 12.91
      vertex 155.401 0.165787 12.91
      vertex 155.545 1.24472 12.91
    endloop
  endfacet
  facet normal 0 0 1
    outer loop
      vertex 155.167 1.13815 12.91
      vertex 154.939 0.0738678 12.91
      vertex 155.401 0.165787 12.91
    endloop
  endfacet
  facet normal -0 0 1
    outer loop
      vertex 154.782 1.06155 12.91
      vertex 154.939 0.0738678 12.91
      vertex 155.167 1.13815 12.91
    endloop
  endfacet
  facet normal 0 0 1
    outer loop
      vertex 154.782 1.06155 12.91
      vertex 154.471 0.0184937 12.91
      vertex 154.939 0.0738678 12.91
    endloop
  endfacet
  facet normal -0 0 1
    outer loop
      vertex 154.392 1.01541 12.91
      vertex 154.471 0.0184937 12.91
      vertex 154.782 1.06155 12.91
    endloop
  endfacet
  facet normal -0 0 1
    outer loop
      vertex 154 1 12.91
      vertex 154.471 0.0184937 12.91
      vertex 154.392 1.01541 12.91
    endloop
  endfacet
  facet normal 0 0 1
    outer loop
      vertex 154 1 12.91
      vertex 154 0 12.91
      vertex 154.471 0.0184937 12.91
    endloop
  endfacet
  facet normal -0 0 1
    outer loop
      vertex 6 1 12.91
      vertex 154 0 12.91
      vertex 154 1 12.91
    endloop
  endfacet
  facet normal 0 0 1
    outer loop
      vertex 6 1 12.91
      vertex 6 0 12.91
      vertex 154 0 12.91
    endloop
  endfacet
  facet normal 0 0 1
    outer loop
      vertex 5.60771 1.01541 12.91
      vertex 6 0 12.91
      vertex 6 1 12.91
    endloop
  endfacet
  facet normal 0 0 1
    outer loop
      vertex 5.60771 1.01541 12.91
      vertex 5.52925 0.0184937 12.91
      vertex 6 0 12.91
    endloop
  endfacet
  facet normal 0 0 1
    outer loop
      vertex 5.21783 1.06155 12.91
      vertex 5.52925 0.0184937 12.91
      vertex 5.60771 1.01541 12.91
    endloop
  endfacet
  facet normal 0 0 1
    outer loop
      vertex 5.21783 1.06155 12.91
      vertex 5.06139 0.0738678 12.91
      vertex 5.52925 0.0184937 12.91
    endloop
  endfacet
  facet normal 0 0 1
    outer loop
      vertex 4.83278 1.13815 12.91
      vertex 5.06139 0.0738678 12.91
      vertex 5.21783 1.06155 12.91
    endloop
  endfacet
  facet normal 0 0 1
    outer loop
      vertex 4.83278 1.13815 12.91
      vertex 4.59933 0.165787 12.91
      vertex 5.06139 0.0738678 12.91
    endloop
  endfacet
  facet normal 0 0 1
    outer loop
      vertex 4.45491 1.24472 12.91
      vertex 4.59933 0.165787 12.91
      vertex 4.83278 1.13815 12.91
    endloop
  endfacet
  facet normal 0 0 1
    outer loop
      vertex 4.45491 1.24472 12.91
      vertex 4.1459 0.293655 12.91
      vertex 4.59933 0.165787 12.91
    endloop
  endfacet
  facet normal 0 0 1
    outer loop
      vertex 4.08658 1.3806 12.91
      vertex 4.1459 0.293655 12.91
      vertex 4.45491 1.24472 12.91
    endloop
  endfacet
  facet normal 0 0 1
    outer loop
      vertex 3.7039 0.456726 12.91
      vertex 4.08658 1.3806 12.91
      vertex 3.73004 1.54497 12.91
    endloop
  endfacet
  facet normal 0 0 1
    outer loop
      vertex 4.08658 1.3806 12.91
      vertex 3.7039 0.456726 12.91
      vertex 4.1459 0.293655 12.91
    endloop
  endfacet
  facet normal 0 0 1
    outer loop
      vertex 3.27606 0.653961 12.91
      vertex 3.73004 1.54497 12.91
      vertex 3.38751 1.7368 12.91
    endloop
  endfacet
  facet normal 0 0 1
    outer loop
      vertex 3.73004 1.54497 12.91
      vertex 3.27606 0.653961 12.91
      vertex 3.7039 0.456726 12.91
    endloop
  endfacet
  facet normal 0 0 1
    outer loop
      vertex 2.86501 0.884155 12.91
      vertex 3.38751 1.7368 12.91
      vertex 3.06108 1.95491 12.91
    endloop
  endfacet
  facet normal 0 0 1
    outer loop
      vertex 3.38751 1.7368 12.91
      vertex 2.86501 0.884155 12.91
      vertex 3.27606 0.653961 12.91
    endloop
  endfacet
  facet normal 0 0 1
    outer loop
      vertex 2.47328 1.1459 12.91
      vertex 3.06108 1.95491 12.91
      vertex 2.75276 2.19797 12.91
    endloop
  endfacet
  facet normal 0 0 1
    outer loop
      vertex 3.06108 1.95491 12.91
      vertex 2.47328 1.1459 12.91
      vertex 2.86501 0.884155 12.91
    endloop
  endfacet
  facet normal 0 0 1
    outer loop
      vertex 2.10332 1.43756 12.91
      vertex 2.75276 2.19797 12.91
      vertex 2.46446 2.46446 12.91
    endloop
  endfacet
  facet normal 0 0 1
    outer loop
      vertex 1.75735 1.75735 12.91
      vertex 2.46446 2.46446 12.91
      vertex 2.19797 2.75276 12.91
    endloop
  endfacet
  facet normal 0 0 1
    outer loop
      vertex 2.75276 2.19797 12.91
      vertex 2.10332 1.43756 12.91
      vertex 2.47328 1.1459 12.91
    endloop
  endfacet
  facet normal 0 0 1
    outer loop
      vertex 1.43756 2.10332 12.91
      vertex 2.19797 2.75276 12.91
      vertex 1.95491 3.06108 12.91
    endloop
  endfacet
  facet normal 0 0 1
    outer loop
      vertex 2.46446 2.46446 12.91
      vertex 1.75735 1.75735 12.91
      vertex 2.10332 1.43756 12.91
    endloop
  endfacet
  facet normal 0 0 1
    outer loop
      vertex 1.1459 2.47328 12.91
      vertex 1.95491 3.06108 12.91
      vertex 1.7368 3.38751 12.91
    endloop
  endfacet
  facet normal 0 0 1
    outer loop
      vertex 0.884155 2.86501 12.91
      vertex 1.7368 3.38751 12.91
      vertex 1.54497 3.73004 12.91
    endloop
  endfacet
  facet normal 0 0 1
    outer loop
      vertex 2.19797 2.75276 12.91
      vertex 1.43756 2.10332 12.91
      vertex 1.75735 1.75735 12.91
    endloop
  endfacet
  facet normal 0 0 1
    outer loop
      vertex 0.653961 3.27606 12.91
      vertex 1.54497 3.73004 12.91
      vertex 1.3806 4.08658 12.91
    endloop
  endfacet
  facet normal 0 0 1
    outer loop
      vertex 0.456726 3.7039 12.91
      vertex 1.3806 4.08658 12.91
      vertex 1.24472 4.45491 12.91
    endloop
  endfacet
  facet normal 0 0 1
    outer loop
      vertex 1.95491 3.06108 12.91
      vertex 1.1459 2.47328 12.91
      vertex 1.43756 2.10332 12.91
    endloop
  endfacet
  facet normal 0 0 1
    outer loop
      vertex 0.293655 4.1459 12.91
      vertex 1.24472 4.45491 12.91
      vertex 1.13815 4.83278 12.91
    endloop
  endfacet
  facet normal 0 0 1
    outer loop
      vertex 0.165787 4.59933 12.91
      vertex 1.13815 4.83278 12.91
      vertex 1.06155 5.21783 12.91
    endloop
  endfacet
  facet normal 0 0 1
    outer loop
      vertex 0.0738678 5.06139 12.91
      vertex 1.06155 5.21783 12.91
      vertex 1.01541 5.60771 12.91
    endloop
  endfacet
  facet normal 0 0 1
    outer loop
      vertex 1.7368 3.38751 12.91
      vertex 0.884155 2.86501 12.91
      vertex 1.1459 2.47328 12.91
    endloop
  endfacet
  facet normal 0 0 1
    outer loop
      vertex 0.0184937 5.52925 12.91
      vertex 1.01541 5.60771 12.91
      vertex 1 6 12.91
    endloop
  endfacet
  facet normal 0 0 1
    outer loop
      vertex 1 154 12.91
      vertex 0 154 12.91
      vertex 1 6 12.91
    endloop
  endfacet
  facet normal 0 0 1
    outer loop
      vertex 1.13815 155.167 12.91
      vertex 0.165787 155.401 12.91
      vertex 1.06155 154.782 12.91
    endloop
  endfacet
  facet normal 0 0 1
    outer loop
      vertex 0 6 12.91
      vertex 1 6 12.91
      vertex 0 154 12.91
    endloop
  endfacet
  facet normal -0 0 1
    outer loop
      vertex 0.0738678 154.939 12.91
      vertex 1.06155 154.782 12.91
      vertex 0.165787 155.401 12.91
    endloop
  endfacet
  facet normal 0 -0 1
    outer loop
      vertex 0.0184937 5.52925 12.91
      vertex 1 6 12.91
      vertex 0 6 12.91
    endloop
  endfacet
  facet normal 0 0 1
    outer loop
      vertex 1.06155 154.782 12.91
      vertex 0.0738678 154.939 12.91
      vertex 1.01541 154.392 12.91
    endloop
  endfacet
  facet normal 0 0 1
    outer loop
      vertex 1.54497 3.73004 12.91
      vertex 0.653961 3.27606 12.91
      vertex 0.884155 2.86501 12.91
    endloop
  endfacet
  facet normal -0 0 1
    outer loop
      vertex 0.0184937 154.471 12.91
      vertex 1.01541 154.392 12.91
      vertex 0.0738678 154.939 12.91
    endloop
  endfacet
  facet normal 0 0 1
    outer loop
      vertex 1.3806 4.08658 12.91
      vertex 0.456726 3.7039 12.91
      vertex 0.653961 3.27606 12.91
    endloop
  endfacet
  facet normal 0 0 1
    outer loop
      vertex 1.01541 154.392 12.91
      vertex 0.0184937 154.471 12.91
      vertex 1 154 12.91
    endloop
  endfacet
  facet normal 0 0 1
    outer loop
      vertex 1.24472 4.45491 12.91
      vertex 0.293655 4.1459 12.91
      vertex 0.456726 3.7039 12.91
    endloop
  endfacet
  facet normal 0 0 1
    outer loop
      vertex 1 154 12.91
      vertex 0.0184937 154.471 12.91
      vertex 0 154 12.91
    endloop
  endfacet
  facet normal 0 0 1
    outer loop
      vertex 1.13815 4.83278 12.91
      vertex 0.165787 4.59933 12.91
      vertex 0.293655 4.1459 12.91
    endloop
  endfacet
  facet normal 0 0 1
    outer loop
      vertex 1.06155 5.21783 12.91
      vertex 0.0738678 5.06139 12.91
      vertex 0.165787 4.59933 12.91
    endloop
  endfacet
  facet normal 0 0 1
    outer loop
      vertex 1.01541 5.60771 12.91
      vertex 0.0184937 5.52925 12.91
      vertex 0.0738678 5.06139 12.91
    endloop
  endfacet
  facet normal 0 0 1
    outer loop
      vertex 156.8 154 12.91
      vertex 157.8 154 12.91
      vertex 157.788 154.298 12.91
    endloop
  endfacet
  facet normal 0 0 1
    outer loop
      vertex 157.8 154 12.91
      vertex 156.8 154 12.91
      vertex 157.8 6 12.91
    endloop
  endfacet
  facet normal 0 0 1
    outer loop
      vertex 156.791 154.22 12.91
      vertex 157.788 154.298 12.91
      vertex 157.753 154.594 12.91
    endloop
  endfacet
  facet normal 0 0 1
    outer loop
      vertex 156.8 6 12.91
      vertex 157.8 6 12.91
      vertex 156.8 154 12.91
    endloop
  endfacet
  facet normal 0 0 1
    outer loop
      vertex 156.766 154.438 12.91
      vertex 157.753 154.594 12.91
      vertex 157.695 154.887 12.91
    endloop
  endfacet
  facet normal 0 0 1
    outer loop
      vertex 157.8 6 12.91
      vertex 156.8 6 12.91
      vertex 157.788 5.70186 12.91
    endloop
  endfacet
  facet normal 0 0 1
    outer loop
      vertex 156.723 154.654 12.91
      vertex 157.695 154.887 12.91
      vertex 157.614 155.174 12.91
    endloop
  endfacet
  facet normal -0 0 1
    outer loop
      vertex 156.791 5.78032 12.91
      vertex 157.788 5.70186 12.91
      vertex 156.8 6 12.91
    endloop
  endfacet
  facet normal 0 0 1
    outer loop
      vertex 156.663 154.865 12.91
      vertex 157.614 155.174 12.91
      vertex 157.511 155.454 12.91
    endloop
  endfacet
  facet normal 0 0 1
    outer loop
      vertex 157.788 5.70186 12.91
      vertex 156.791 5.78032 12.91
      vertex 157.753 5.40555 12.91
    endloop
  endfacet
  facet normal 0 0 1
    outer loop
      vertex 156.587 155.072 12.91
      vertex 157.511 155.454 12.91
      vertex 157.386 155.725 12.91
    endloop
  endfacet
  facet normal -0 0 1
    outer loop
      vertex 156.766 5.56198 12.91
      vertex 157.753 5.40555 12.91
      vertex 156.791 5.78032 12.91
    endloop
  endfacet
  facet normal 0 0 1
    outer loop
      vertex 156.495 155.271 12.91
      vertex 157.386 155.725 12.91
      vertex 157.24 155.985 12.91
    endloop
  endfacet
  facet normal 0 0 1
    outer loop
      vertex 157.753 5.40555 12.91
      vertex 156.766 5.56198 12.91
      vertex 157.695 5.11292 12.91
    endloop
  endfacet
  facet normal 0 0 1
    outer loop
      vertex 156.387 155.463 12.91
      vertex 157.24 155.985 12.91
      vertex 157.074 156.234 12.91
    endloop
  endfacet
  facet normal -0 0 1
    outer loop
      vertex 156.723 5.34636 12.91
      vertex 157.695 5.11292 12.91
      vertex 156.766 5.56198 12.91
    endloop
  endfacet
  facet normal 0 0 1
    outer loop
      vertex 156.265 155.646 12.91
      vertex 157.074 156.234 12.91
      vertex 156.89 156.468 12.91
    endloop
  endfacet
  facet normal 0 0 1
    outer loop
      vertex 157.695 5.11292 12.91
      vertex 156.723 5.34636 12.91
      vertex 157.614 4.82573 12.91
    endloop
  endfacet
  facet normal -0 0 1
    outer loop
      vertex 156.663 5.13475 12.91
      vertex 157.614 4.82573 12.91
      vertex 156.723 5.34636 12.91
    endloop
  endfacet
  facet normal 0 0 1
    outer loop
      vertex 157.788 154.298 12.91
      vertex 156.791 154.22 12.91
      vertex 156.8 154 12.91
    endloop
  endfacet
  facet normal 0 0 1
    outer loop
      vertex 157.753 154.594 12.91
      vertex 156.766 154.438 12.91
      vertex 156.791 154.22 12.91
    endloop
  endfacet
  facet normal 0 0 1
    outer loop
      vertex 157.695 154.887 12.91
      vertex 156.723 154.654 12.91
      vertex 156.766 154.438 12.91
    endloop
  endfacet
  facet normal 0 0 1
    outer loop
      vertex 156.129 155.818 12.91
      vertex 156.89 156.468 12.91
      vertex 156.687 156.687 12.91
    endloop
  endfacet
  facet normal 0 0 1
    outer loop
      vertex 157.614 155.174 12.91
      vertex 156.663 154.865 12.91
      vertex 156.723 154.654 12.91
    endloop
  endfacet
  facet normal 0 0 1
    outer loop
      vertex 157.511 155.454 12.91
      vertex 156.587 155.072 12.91
      vertex 156.663 154.865 12.91
    endloop
  endfacet
  facet normal 0 0 1
    outer loop
      vertex 157.386 155.725 12.91
      vertex 156.495 155.271 12.91
      vertex 156.587 155.072 12.91
    endloop
  endfacet
  facet normal 0 0 1
    outer loop
      vertex 155.98 155.98 12.91
      vertex 156.687 156.687 12.91
      vertex 156.468 156.89 12.91
    endloop
  endfacet
  facet normal 0 0 1
    outer loop
      vertex 157.24 155.985 12.91
      vertex 156.387 155.463 12.91
      vertex 156.495 155.271 12.91
    endloop
  endfacet
  facet normal 0 0 1
    outer loop
      vertex 157.074 156.234 12.91
      vertex 156.265 155.646 12.91
      vertex 156.387 155.463 12.91
    endloop
  endfacet
  facet normal 0 0 1
    outer loop
      vertex 155.818 156.129 12.91
      vertex 156.468 156.89 12.91
      vertex 156.234 157.074 12.91
    endloop
  endfacet
  facet normal 0 0 1
    outer loop
      vertex 156.89 156.468 12.91
      vertex 156.129 155.818 12.91
      vertex 156.265 155.646 12.91
    endloop
  endfacet
  facet normal 0 0 1
    outer loop
      vertex 155.646 156.265 12.91
      vertex 156.234 157.074 12.91
      vertex 155.985 157.24 12.91
    endloop
  endfacet
  facet normal 0 0 1
    outer loop
      vertex 156.687 156.687 12.91
      vertex 155.98 155.98 12.91
      vertex 156.129 155.818 12.91
    endloop
  endfacet
  facet normal 0 0 1
    outer loop
      vertex 156.468 156.89 12.91
      vertex 155.818 156.129 12.91
      vertex 155.98 155.98 12.91
    endloop
  endfacet
  facet normal 0 0 1
    outer loop
      vertex 155.463 156.387 12.91
      vertex 155.985 157.24 12.91
      vertex 155.725 157.386 12.91
    endloop
  endfacet
  facet normal 0 0 1
    outer loop
      vertex 156.234 157.074 12.91
      vertex 155.646 156.265 12.91
      vertex 155.818 156.129 12.91
    endloop
  endfacet
  facet normal 0 0 1
    outer loop
      vertex 155.985 157.24 12.91
      vertex 155.463 156.387 12.91
      vertex 155.646 156.265 12.91
    endloop
  endfacet
  facet normal 0 0 1
    outer loop
      vertex 155.271 156.495 12.91
      vertex 155.725 157.386 12.91
      vertex 155.454 157.511 12.91
    endloop
  endfacet
  facet normal 0 0 1
    outer loop
      vertex 155.725 157.386 12.91
      vertex 155.271 156.495 12.91
      vertex 155.463 156.387 12.91
    endloop
  endfacet
  facet normal 0 0 1
    outer loop
      vertex 155.072 156.587 12.91
      vertex 155.454 157.511 12.91
      vertex 155.174 157.614 12.91
    endloop
  endfacet
  facet normal 0 0 1
    outer loop
      vertex 155.454 157.511 12.91
      vertex 155.072 156.587 12.91
      vertex 155.271 156.495 12.91
    endloop
  endfacet
  facet normal 0 0 1
    outer loop
      vertex 154.865 156.663 12.91
      vertex 155.174 157.614 12.91
      vertex 154.887 157.695 12.91
    endloop
  endfacet
  facet normal 0 0 1
    outer loop
      vertex 155.174 157.614 12.91
      vertex 154.865 156.663 12.91
      vertex 155.072 156.587 12.91
    endloop
  endfacet
  facet normal 0 0 1
    outer loop
      vertex 154.887 157.695 12.91
      vertex 154.654 156.723 12.91
      vertex 154.865 156.663 12.91
    endloop
  endfacet
  facet normal 0 0 1
    outer loop
      vertex 154.594 157.753 12.91
      vertex 154.654 156.723 12.91
      vertex 154.887 157.695 12.91
    endloop
  endfacet
  facet normal 0 0 1
    outer loop
      vertex 154.594 157.753 12.91
      vertex 154.438 156.766 12.91
      vertex 154.654 156.723 12.91
    endloop
  endfacet
  facet normal 0 0 1
    outer loop
      vertex 154.298 157.788 12.91
      vertex 154.438 156.766 12.91
      vertex 154.594 157.753 12.91
    endloop
  endfacet
  facet normal 0 0 1
    outer loop
      vertex 154.298 157.788 12.91
      vertex 154.22 156.791 12.91
      vertex 154.438 156.766 12.91
    endloop
  endfacet
  facet normal 0 0 1
    outer loop
      vertex 154 157.8 12.91
      vertex 154.22 156.791 12.91
      vertex 154.298 157.788 12.91
    endloop
  endfacet
  facet normal 0 0 1
    outer loop
      vertex 154 157.8 12.91
      vertex 154 156.8 12.91
      vertex 154.22 156.791 12.91
    endloop
  endfacet
  facet normal -0 0 1
    outer loop
      vertex 6 157.8 12.91
      vertex 154 156.8 12.91
      vertex 154 157.8 12.91
    endloop
  endfacet
  facet normal 0 0 1
    outer loop
      vertex 6 157.8 12.91
      vertex 6 156.8 12.91
      vertex 154 156.8 12.91
    endloop
  endfacet
  facet normal 0 0 1
    outer loop
      vertex 6 157.8 12.91
      vertex 5.78032 156.791 12.91
      vertex 6 156.8 12.91
    endloop
  endfacet
  facet normal -0 0 1
    outer loop
      vertex 5.70186 157.788 12.91
      vertex 5.78032 156.791 12.91
      vertex 6 157.8 12.91
    endloop
  endfacet
  facet normal 0 0 1
    outer loop
      vertex 5.70186 157.788 12.91
      vertex 5.56198 156.766 12.91
      vertex 5.78032 156.791 12.91
    endloop
  endfacet
  facet normal -0 0 1
    outer loop
      vertex 5.40555 157.753 12.91
      vertex 5.56198 156.766 12.91
      vertex 5.70186 157.788 12.91
    endloop
  endfacet
  facet normal 0 0 1
    outer loop
      vertex 5.40555 157.753 12.91
      vertex 5.34636 156.723 12.91
      vertex 5.56198 156.766 12.91
    endloop
  endfacet
  facet normal -0 0 1
    outer loop
      vertex 5.11292 157.695 12.91
      vertex 5.34636 156.723 12.91
      vertex 5.40555 157.753 12.91
    endloop
  endfacet
  facet normal 0 0 1
    outer loop
      vertex 5.34636 156.723 12.91
      vertex 5.11292 157.695 12.91
      vertex 5.13475 156.663 12.91
    endloop
  endfacet
  facet normal -0 0 1
    outer loop
      vertex 4.82573 157.614 12.91
      vertex 5.13475 156.663 12.91
      vertex 5.11292 157.695 12.91
    endloop
  endfacet
  facet normal 0 0 1
    outer loop
      vertex 5.13475 156.663 12.91
      vertex 4.82573 157.614 12.91
      vertex 4.92848 156.587 12.91
    endloop
  endfacet
  facet normal -0 0 1
    outer loop
      vertex 4.54581 157.511 12.91
      vertex 4.92848 156.587 12.91
      vertex 4.82573 157.614 12.91
    endloop
  endfacet
  facet normal 0 0 1
    outer loop
      vertex 4.92848 156.587 12.91
      vertex 4.54581 157.511 12.91
      vertex 4.72882 156.495 12.91
    endloop
  endfacet
  facet normal -0 0 1
    outer loop
      vertex 4.27484 157.386 12.91
      vertex 4.72882 156.495 12.91
      vertex 4.54581 157.511 12.91
    endloop
  endfacet
  facet normal 0 0 1
    outer loop
      vertex 4.72882 156.495 12.91
      vertex 4.27484 157.386 12.91
      vertex 4.537 156.387 12.91
    endloop
  endfacet
  facet normal -0 0 1
    outer loop
      vertex 4.01451 157.24 12.91
      vertex 4.537 156.387 12.91
      vertex 4.27484 157.386 12.91
    endloop
  endfacet
  facet normal 0 0 1
    outer loop
      vertex 4.537 156.387 12.91
      vertex 4.01451 157.24 12.91
      vertex 4.3542 156.265 12.91
    endloop
  endfacet
  facet normal -0 0 1
    outer loop
      vertex 3.76642 157.074 12.91
      vertex 4.3542 156.265 12.91
      vertex 4.01451 157.24 12.91
    endloop
  endfacet
  facet normal 0 0 1
    outer loop
      vertex 4.3542 156.265 12.91
      vertex 3.76642 157.074 12.91
      vertex 4.18155 156.129 12.91
    endloop
  endfacet
  facet normal -0 0 1
    outer loop
      vertex 3.5321 156.89 12.91
      vertex 4.18155 156.129 12.91
      vertex 3.76642 157.074 12.91
    endloop
  endfacet
  facet normal 0 0 1
    outer loop
      vertex 4.18155 156.129 12.91
      vertex 3.5321 156.89 12.91
      vertex 4.0201 155.98 12.91
    endloop
  endfacet
  facet normal -0 0 1
    outer loop
      vertex 3.31299 156.687 12.91
      vertex 4.0201 155.98 12.91
      vertex 3.5321 156.89 12.91
    endloop
  endfacet
  facet normal 0 0 1
    outer loop
      vertex 4.0201 155.98 12.91
      vertex 3.31299 156.687 12.91
      vertex 3.87086 155.818 12.91
    endloop
  endfacet
  facet normal -0 0 1
    outer loop
      vertex 3.11046 156.468 12.91
      vertex 3.87086 155.818 12.91
      vertex 3.31299 156.687 12.91
    endloop
  endfacet
  facet normal 0 0 1
    outer loop
      vertex 3.87086 155.818 12.91
      vertex 3.11046 156.468 12.91
      vertex 3.73476 155.646 12.91
    endloop
  endfacet
  facet normal -0 0 1
    outer loop
      vertex 2.92574 156.234 12.91
      vertex 3.73476 155.646 12.91
      vertex 3.11046 156.468 12.91
    endloop
  endfacet
  facet normal 0 0 1
    outer loop
      vertex 3.73476 155.646 12.91
      vertex 2.92574 156.234 12.91
      vertex 3.61261 155.463 12.91
    endloop
  endfacet
  facet normal -0 0 1
    outer loop
      vertex 2.75996 155.985 12.91
      vertex 3.61261 155.463 12.91
      vertex 2.92574 156.234 12.91
    endloop
  endfacet
  facet normal 0 0 1
    outer loop
      vertex 3.61261 155.463 12.91
      vertex 2.75996 155.985 12.91
      vertex 3.50519 155.271 12.91
    endloop
  endfacet
  facet normal -0 0 1
    outer loop
      vertex 2.61418 155.725 12.91
      vertex 3.50519 155.271 12.91
      vertex 2.75996 155.985 12.91
    endloop
  endfacet
  facet normal 0 0 1
    outer loop
      vertex 3.50519 155.271 12.91
      vertex 2.61418 155.725 12.91
      vertex 3.41313 155.072 12.91
    endloop
  endfacet
  facet normal -0 0 1
    outer loop
      vertex 2.38599 155.174 12.91
      vertex 3.33704 154.865 12.91
      vertex 2.48926 155.454 12.91
    endloop
  endfacet
  facet normal 0 0 1
    outer loop
      vertex 3.41313 155.072 12.91
      vertex 2.48926 155.454 12.91
      vertex 3.33704 154.865 12.91
    endloop
  endfacet
  facet normal -0 0 1
    outer loop
      vertex 2.48926 155.454 12.91
      vertex 3.41313 155.072 12.91
      vertex 2.61418 155.725 12.91
    endloop
  endfacet
  facet normal 0 0 1
    outer loop
      vertex 157.614 4.82573 12.91
      vertex 156.663 5.13475 12.91
      vertex 157.511 4.54581 12.91
    endloop
  endfacet
  facet normal -0 0 1
    outer loop
      vertex 156.587 4.92848 12.91
      vertex 157.511 4.54581 12.91
      vertex 156.663 5.13475 12.91
    endloop
  endfacet
  facet normal 0 0 1
    outer loop
      vertex 157.511 4.54581 12.91
      vertex 156.587 4.92848 12.91
      vertex 157.386 4.27484 12.91
    endloop
  endfacet
  facet normal -0 0 1
    outer loop
      vertex 156.495 4.72882 12.91
      vertex 157.386 4.27484 12.91
      vertex 156.587 4.92848 12.91
    endloop
  endfacet
  facet normal 0 0 1
    outer loop
      vertex 157.386 4.27484 12.91
      vertex 156.495 4.72882 12.91
      vertex 157.24 4.01451 12.91
    endloop
  endfacet
  facet normal -0 0 1
    outer loop
      vertex 156.387 4.537 12.91
      vertex 157.24 4.01451 12.91
      vertex 156.495 4.72882 12.91
    endloop
  endfacet
  facet normal 0 0 1
    outer loop
      vertex 157.24 4.01451 12.91
      vertex 156.387 4.537 12.91
      vertex 157.074 3.76642 12.91
    endloop
  endfacet
  facet normal -0 0 1
    outer loop
      vertex 156.265 4.3542 12.91
      vertex 157.074 3.76642 12.91
      vertex 156.387 4.537 12.91
    endloop
  endfacet
  facet normal 0 0 1
    outer loop
      vertex 157.074 3.76642 12.91
      vertex 156.265 4.3542 12.91
      vertex 156.89 3.5321 12.91
    endloop
  endfacet
  facet normal -0 0 1
    outer loop
      vertex 156.129 4.18155 12.91
      vertex 156.89 3.5321 12.91
      vertex 156.265 4.3542 12.91
    endloop
  endfacet
  facet normal 0 0 1
    outer loop
      vertex 156.89 3.5321 12.91
      vertex 156.129 4.18155 12.91
      vertex 156.687 3.31299 12.91
    endloop
  endfacet
  facet normal -0 0 1
    outer loop
      vertex 155.98 4.0201 12.91
      vertex 156.687 3.31299 12.91
      vertex 156.129 4.18155 12.91
    endloop
  endfacet
  facet normal 0 0 1
    outer loop
      vertex 156.687 3.31299 12.91
      vertex 155.98 4.0201 12.91
      vertex 156.468 3.11046 12.91
    endloop
  endfacet
  facet normal -0 0 1
    outer loop
      vertex 155.818 3.87086 12.91
      vertex 156.468 3.11046 12.91
      vertex 155.98 4.0201 12.91
    endloop
  endfacet
  facet normal 0 0 1
    outer loop
      vertex 156.468 3.11046 12.91
      vertex 155.818 3.87086 12.91
      vertex 156.234 2.92574 12.91
    endloop
  endfacet
  facet normal -0 0 1
    outer loop
      vertex 155.646 3.73476 12.91
      vertex 156.234 2.92574 12.91
      vertex 155.818 3.87086 12.91
    endloop
  endfacet
  facet normal 0 0 1
    outer loop
      vertex 156.234 2.92574 12.91
      vertex 155.646 3.73476 12.91
      vertex 155.985 2.75996 12.91
    endloop
  endfacet
  facet normal -0 0 1
    outer loop
      vertex 155.463 3.61261 12.91
      vertex 155.985 2.75996 12.91
      vertex 155.646 3.73476 12.91
    endloop
  endfacet
  facet normal 0 0 1
    outer loop
      vertex 155.985 2.75996 12.91
      vertex 155.463 3.61261 12.91
      vertex 155.725 2.61418 12.91
    endloop
  endfacet
  facet normal -0 0 1
    outer loop
      vertex 155.271 3.50519 12.91
      vertex 155.725 2.61418 12.91
      vertex 155.463 3.61261 12.91
    endloop
  endfacet
  facet normal 0 0 1
    outer loop
      vertex 155.725 2.61418 12.91
      vertex 155.271 3.50519 12.91
      vertex 155.454 2.48926 12.91
    endloop
  endfacet
  facet normal -0 0 1
    outer loop
      vertex 155.072 3.41313 12.91
      vertex 155.454 2.48926 12.91
      vertex 155.271 3.50519 12.91
    endloop
  endfacet
  facet normal 0 0 1
    outer loop
      vertex 155.454 2.48926 12.91
      vertex 155.072 3.41313 12.91
      vertex 155.174 2.38599 12.91
    endloop
  endfacet
  facet normal -0 0 1
    outer loop
      vertex 154.865 3.33704 12.91
      vertex 155.174 2.38599 12.91
      vertex 155.072 3.41313 12.91
    endloop
  endfacet
  facet normal 0 0 1
    outer loop
      vertex 155.174 2.38599 12.91
      vertex 154.865 3.33704 12.91
      vertex 154.887 2.30499 12.91
    endloop
  endfacet
  facet normal -0 0 1
    outer loop
      vertex 154.654 3.27736 12.91
      vertex 154.887 2.30499 12.91
      vertex 154.865 3.33704 12.91
    endloop
  endfacet
  facet normal 0 0 1
    outer loop
      vertex 154.654 3.27736 12.91
      vertex 154.594 2.24678 12.91
      vertex 154.887 2.30499 12.91
    endloop
  endfacet
  facet normal -0 0 1
    outer loop
      vertex 154.438 3.23447 12.91
      vertex 154.594 2.24678 12.91
      vertex 154.654 3.27736 12.91
    endloop
  endfacet
  facet normal 0 0 1
    outer loop
      vertex 154.438 3.23447 12.91
      vertex 154.298 2.21172 12.91
      vertex 154.594 2.24678 12.91
    endloop
  endfacet
  facet normal -0 0 1
    outer loop
      vertex 154.22 3.20863 12.91
      vertex 154.298 2.21172 12.91
      vertex 154.438 3.23447 12.91
    endloop
  endfacet
  facet normal -0 0 1
    outer loop
      vertex 154 3.2 12.91
      vertex 154.298 2.21172 12.91
      vertex 154.22 3.20863 12.91
    endloop
  endfacet
  facet normal 0 0 1
    outer loop
      vertex 154 3.2 12.91
      vertex 154 2.2 12.91
      vertex 154.298 2.21172 12.91
    endloop
  endfacet
  facet normal -0 0 1
    outer loop
      vertex 6 3.2 12.91
      vertex 154 2.2 12.91
      vertex 154 3.2 12.91
    endloop
  endfacet
  facet normal 0 0 1
    outer loop
      vertex 6 3.2 12.91
      vertex 6 2.2 12.91
      vertex 154 2.2 12.91
    endloop
  endfacet
  facet normal 0 0 1
    outer loop
      vertex 5.78032 3.20863 12.91
      vertex 6 2.2 12.91
      vertex 6 3.2 12.91
    endloop
  endfacet
  facet normal 0 0 1
    outer loop
      vertex 5.78032 3.20863 12.91
      vertex 5.70186 2.21172 12.91
      vertex 6 2.2 12.91
    endloop
  endfacet
  facet normal 0 0 1
    outer loop
      vertex 5.56198 3.23447 12.91
      vertex 5.70186 2.21172 12.91
      vertex 5.78032 3.20863 12.91
    endloop
  endfacet
  facet normal 0 0 1
    outer loop
      vertex 5.56198 3.23447 12.91
      vertex 5.40555 2.24678 12.91
      vertex 5.70186 2.21172 12.91
    endloop
  endfacet
  facet normal 0 0 1
    outer loop
      vertex 5.34636 3.27736 12.91
      vertex 5.40555 2.24678 12.91
      vertex 5.56198 3.23447 12.91
    endloop
  endfacet
  facet normal 0 0 1
    outer loop
      vertex 5.11292 2.30499 12.91
      vertex 5.34636 3.27736 12.91
      vertex 5.13475 3.33704 12.91
    endloop
  endfacet
  facet normal 0 0 1
    outer loop
      vertex 5.34636 3.27736 12.91
      vertex 5.11292 2.30499 12.91
      vertex 5.40555 2.24678 12.91
    endloop
  endfacet
  facet normal 0 0 1
    outer loop
      vertex 4.82573 2.38599 12.91
      vertex 5.13475 3.33704 12.91
      vertex 4.92848 3.41313 12.91
    endloop
  endfacet
  facet normal 0 0 1
    outer loop
      vertex 5.13475 3.33704 12.91
      vertex 4.82573 2.38599 12.91
      vertex 5.11292 2.30499 12.91
    endloop
  endfacet
  facet normal 0 0 1
    outer loop
      vertex 4.54581 2.48926 12.91
      vertex 4.92848 3.41313 12.91
      vertex 4.72882 3.50519 12.91
    endloop
  endfacet
  facet normal 0 0 1
    outer loop
      vertex 4.92848 3.41313 12.91
      vertex 4.54581 2.48926 12.91
      vertex 4.82573 2.38599 12.91
    endloop
  endfacet
  facet normal 0 0 1
    outer loop
      vertex 4.27484 2.61418 12.91
      vertex 4.72882 3.50519 12.91
      vertex 4.537 3.61261 12.91
    endloop
  endfacet
  facet normal 0 0 1
    outer loop
      vertex 4.01451 2.75996 12.91
      vertex 4.537 3.61261 12.91
      vertex 4.3542 3.73476 12.91
    endloop
  endfacet
  facet normal 0 0 1
    outer loop
      vertex 4.72882 3.50519 12.91
      vertex 4.27484 2.61418 12.91
      vertex 4.54581 2.48926 12.91
    endloop
  endfacet
  facet normal 0 0 1
    outer loop
      vertex 3.76642 2.92574 12.91
      vertex 4.3542 3.73476 12.91
      vertex 4.18155 3.87086 12.91
    endloop
  endfacet
  facet normal 0 0 1
    outer loop
      vertex 3.5321 3.11046 12.91
      vertex 4.18155 3.87086 12.91
      vertex 4.0201 4.0201 12.91
    endloop
  endfacet
  facet normal 0 0 1
    outer loop
      vertex 4.537 3.61261 12.91
      vertex 4.01451 2.75996 12.91
      vertex 4.27484 2.61418 12.91
    endloop
  endfacet
  facet normal 0 0 1
    outer loop
      vertex 3.31299 3.31299 12.91
      vertex 4.0201 4.0201 12.91
      vertex 3.87086 4.18155 12.91
    endloop
  endfacet
  facet normal 0 0 1
    outer loop
      vertex 4.3542 3.73476 12.91
      vertex 3.76642 2.92574 12.91
      vertex 4.01451 2.75996 12.91
    endloop
  endfacet
  facet normal 0 0 1
    outer loop
      vertex 3.11046 3.5321 12.91
      vertex 3.87086 4.18155 12.91
      vertex 3.73476 4.3542 12.91
    endloop
  endfacet
  facet normal 0 0 1
    outer loop
      vertex 2.92574 3.76642 12.91
      vertex 3.73476 4.3542 12.91
      vertex 3.61261 4.537 12.91
    endloop
  endfacet
  facet normal 0 0 1
    outer loop
      vertex 4.18155 3.87086 12.91
      vertex 3.5321 3.11046 12.91
      vertex 3.76642 2.92574 12.91
    endloop
  endfacet
  facet normal 0 0 1
    outer loop
      vertex 2.75996 4.01451 12.91
      vertex 3.61261 4.537 12.91
      vertex 3.50519 4.72882 12.91
    endloop
  endfacet
  facet normal 0 0 1
    outer loop
      vertex 2.61418 4.27484 12.91
      vertex 3.50519 4.72882 12.91
      vertex 3.41313 4.92848 12.91
    endloop
  endfacet
  facet normal 0 0 1
    outer loop
      vertex 2.48926 4.54581 12.91
      vertex 3.41313 4.92848 12.91
      vertex 3.33704 5.13475 12.91
    endloop
  endfacet
  facet normal 0 0 1
    outer loop
      vertex 4.0201 4.0201 12.91
      vertex 3.31299 3.31299 12.91
      vertex 3.5321 3.11046 12.91
    endloop
  endfacet
  facet normal 0 0 1
    outer loop
      vertex 2.38599 4.82573 12.91
      vertex 3.33704 5.13475 12.91
      vertex 3.27736 5.34636 12.91
    endloop
  endfacet
  facet normal 0 0 1
    outer loop
      vertex 2.30499 5.11292 12.91
      vertex 3.27736 5.34636 12.91
      vertex 3.23447 5.56198 12.91
    endloop
  endfacet
  facet normal 0 0 1
    outer loop
      vertex 2.24678 5.40555 12.91
      vertex 3.23447 5.56198 12.91
      vertex 3.20863 5.78032 12.91
    endloop
  endfacet
  facet normal 0 0 1
    outer loop
      vertex 3.87086 4.18155 12.91
      vertex 3.11046 3.5321 12.91
      vertex 3.31299 3.31299 12.91
    endloop
  endfacet
  facet normal 0 0 1
    outer loop
      vertex 2.21172 5.70186 12.91
      vertex 3.20863 5.78032 12.91
      vertex 3.2 6 12.91
    endloop
  endfacet
  facet normal 0 0 1
    outer loop
      vertex 3.2 154 12.91
      vertex 2.2 154 12.91
      vertex 3.2 6 12.91
    endloop
  endfacet
  facet normal 0 0 1
    outer loop
      vertex 3.33704 154.865 12.91
      vertex 2.38599 155.174 12.91
      vertex 3.27736 154.654 12.91
    endloop
  endfacet
  facet normal 0 0 1
    outer loop
      vertex 2.2 6 12.91
      vertex 3.2 6 12.91
      vertex 2.2 154 12.91
    endloop
  endfacet
  facet normal -0 0 1
    outer loop
      vertex 2.30499 154.887 12.91
      vertex 3.27736 154.654 12.91
      vertex 2.38599 155.174 12.91
    endloop
  endfacet
  facet normal 0 -0 1
    outer loop
      vertex 2.21172 5.70186 12.91
      vertex 3.2 6 12.91
      vertex 2.2 6 12.91
    endloop
  endfacet
  facet normal 0 0 1
    outer loop
      vertex 3.27736 154.654 12.91
      vertex 2.30499 154.887 12.91
      vertex 3.23447 154.438 12.91
    endloop
  endfacet
  facet normal 0 0 1
    outer loop
      vertex 3.73476 4.3542 12.91
      vertex 2.92574 3.76642 12.91
      vertex 3.11046 3.5321 12.91
    endloop
  endfacet
  facet normal -0 0 1
    outer loop
      vertex 2.24678 154.594 12.91
      vertex 3.23447 154.438 12.91
      vertex 2.30499 154.887 12.91
    endloop
  endfacet
  facet normal 0 0 1
    outer loop
      vertex 3.61261 4.537 12.91
      vertex 2.75996 4.01451 12.91
      vertex 2.92574 3.76642 12.91
    endloop
  endfacet
  facet normal 0 0 1
    outer loop
      vertex 3.23447 154.438 12.91
      vertex 2.24678 154.594 12.91
      vertex 3.20863 154.22 12.91
    endloop
  endfacet
  facet normal 0 0 1
    outer loop
      vertex 3.50519 4.72882 12.91
      vertex 2.61418 4.27484 12.91
      vertex 2.75996 4.01451 12.91
    endloop
  endfacet
  facet normal -0 0 1
    outer loop
      vertex 2.21172 154.298 12.91
      vertex 3.20863 154.22 12.91
      vertex 2.24678 154.594 12.91
    endloop
  endfacet
  facet normal 0 0 1
    outer loop
      vertex 3.41313 4.92848 12.91
      vertex 2.48926 4.54581 12.91
      vertex 2.61418 4.27484 12.91
    endloop
  endfacet
  facet normal 0 0 1
    outer loop
      vertex 3.20863 154.22 12.91
      vertex 2.21172 154.298 12.91
      vertex 3.2 154 12.91
    endloop
  endfacet
  facet normal 0 0 1
    outer loop
      vertex 3.33704 5.13475 12.91
      vertex 2.38599 4.82573 12.91
      vertex 2.48926 4.54581 12.91
    endloop
  endfacet
  facet normal 0 0 1
    outer loop
      vertex 3.2 154 12.91
      vertex 2.21172 154.298 12.91
      vertex 2.2 154 12.91
    endloop
  endfacet
  facet normal 0 0 1
    outer loop
      vertex 3.27736 5.34636 12.91
      vertex 2.30499 5.11292 12.91
      vertex 2.38599 4.82573 12.91
    endloop
  endfacet
  facet normal 0 0 1
    outer loop
      vertex 3.23447 5.56198 12.91
      vertex 2.24678 5.40555 12.91
      vertex 2.30499 5.11292 12.91
    endloop
  endfacet
  facet normal 0 0 1
    outer loop
      vertex 3.20863 5.78032 12.91
      vertex 2.21172 5.70186 12.91
      vertex 2.24678 5.40555 12.91
    endloop
  endfacet
  facet normal 0.0392541 0.999229 -0
    outer loop
      vertex 6 3.2 1.8
      vertex 5.78032 3.20863 12.91
      vertex 6 3.2 12.91
    endloop
  endfacet
  facet normal 0.0392541 0.999229 0
    outer loop
      vertex 5.78032 3.20863 12.91
      vertex 6 3.2 1.8
      vertex 5.78032 3.20863 1.8
    endloop
  endfacet
  facet normal 0.117527 0.99307 -0
    outer loop
      vertex 5.78032 3.20863 1.8
      vertex 5.56198 3.23447 12.91
      vertex 5.78032 3.20863 12.91
    endloop
  endfacet
  facet normal 0.117527 0.99307 0
    outer loop
      vertex 5.56198 3.23447 12.91
      vertex 5.78032 3.20863 1.8
      vertex 5.56198 3.23447 1.8
    endloop
  endfacet
  facet normal 0.195093 0.980785 -0
    outer loop
      vertex 5.56198 3.23447 1.8
      vertex 5.34636 3.27736 12.91
      vertex 5.56198 3.23447 12.91
    endloop
  endfacet
  facet normal 0.195093 0.980785 0
    outer loop
      vertex 5.34636 3.27736 12.91
      vertex 5.56198 3.23447 1.8
      vertex 5.34636 3.27736 1.8
    endloop
  endfacet
  facet normal 0.27144 0.962455 -0
    outer loop
      vertex 5.34636 3.27736 1.8
      vertex 5.13475 3.33704 12.91
      vertex 5.34636 3.27736 12.91
    endloop
  endfacet
  facet normal 0.27144 0.962455 0
    outer loop
      vertex 5.13475 3.33704 12.91
      vertex 5.34636 3.27736 1.8
      vertex 5.13475 3.33704 1.8
    endloop
  endfacet
  facet normal 0.346089 0.938202 -0
    outer loop
      vertex 5.13475 3.33704 1.8
      vertex 4.92848 3.41313 12.91
      vertex 5.13475 3.33704 12.91
    endloop
  endfacet
  facet normal 0.346089 0.938202 0
    outer loop
      vertex 4.92848 3.41313 12.91
      vertex 5.13475 3.33704 1.8
      vertex 4.92848 3.41313 1.8
    endloop
  endfacet
  facet normal 0.418718 0.908116 -0
    outer loop
      vertex 4.92848 3.41313 1.8
      vertex 4.72882 3.50519 12.91
      vertex 4.92848 3.41313 12.91
    endloop
  endfacet
  facet normal 0.418718 0.908116 0
    outer loop
      vertex 4.72882 3.50519 12.91
      vertex 4.92848 3.41313 1.8
      vertex 4.72882 3.50519 1.8
    endloop
  endfacet
  facet normal 0.488606 0.872504 -0
    outer loop
      vertex 4.72882 3.50519 1.8
      vertex 4.537 3.61261 12.91
      vertex 4.72882 3.50519 12.91
    endloop
  endfacet
  facet normal 0.488606 0.872504 0
    outer loop
      vertex 4.537 3.61261 12.91
      vertex 4.72882 3.50519 1.8
      vertex 4.537 3.61261 1.8
    endloop
  endfacet
  facet normal 0.555592 0.831455 -0
    outer loop
      vertex 4.537 3.61261 1.8
      vertex 4.3542 3.73476 12.91
      vertex 4.537 3.61261 12.91
    endloop
  endfacet
  facet normal 0.555592 0.831455 0
    outer loop
      vertex 4.3542 3.73476 12.91
      vertex 4.537 3.61261 1.8
      vertex 4.3542 3.73476 1.8
    endloop
  endfacet
  facet normal 0.619076 0.785331 -0
    outer loop
      vertex 4.3542 3.73476 1.8
      vertex 4.18155 3.87086 12.91
      vertex 4.3542 3.73476 12.91
    endloop
  endfacet
  facet normal 0.619076 0.785331 0
    outer loop
      vertex 4.18155 3.87086 12.91
      vertex 4.3542 3.73476 1.8
      vertex 4.18155 3.87086 1.8
    endloop
  endfacet
  facet normal 0.678794 0.734329 -0
    outer loop
      vertex 4.18155 3.87086 1.8
      vertex 4.0201 4.0201 12.91
      vertex 4.18155 3.87086 12.91
    endloop
  endfacet
  facet normal 0.678794 0.734329 0
    outer loop
      vertex 4.0201 4.0201 12.91
      vertex 4.18155 3.87086 1.8
      vertex 4.0201 4.0201 1.8
    endloop
  endfacet
  facet normal 0.734329 0.678794 0
    outer loop
      vertex 4.0201 4.0201 12.91
      vertex 3.87086 4.18155 1.8
      vertex 3.87086 4.18155 12.91
    endloop
  endfacet
  facet normal 0.734329 0.678794 0
    outer loop
      vertex 3.87086 4.18155 1.8
      vertex 4.0201 4.0201 12.91
      vertex 4.0201 4.0201 1.8
    endloop
  endfacet
  facet normal 0.785331 0.619076 0
    outer loop
      vertex 3.87086 4.18155 12.91
      vertex 3.73476 4.3542 1.8
      vertex 3.73476 4.3542 12.91
    endloop
  endfacet
  facet normal 0.785331 0.619076 0
    outer loop
      vertex 3.73476 4.3542 1.8
      vertex 3.87086 4.18155 12.91
      vertex 3.87086 4.18155 1.8
    endloop
  endfacet
  facet normal 0.831455 0.555592 0
    outer loop
      vertex 3.73476 4.3542 12.91
      vertex 3.61261 4.537 1.8
      vertex 3.61261 4.537 12.91
    endloop
  endfacet
  facet normal 0.831455 0.555592 0
    outer loop
      vertex 3.61261 4.537 1.8
      vertex 3.73476 4.3542 12.91
      vertex 3.73476 4.3542 1.8
    endloop
  endfacet
  facet normal 0.872504 0.488606 0
    outer loop
      vertex 3.61261 4.537 12.91
      vertex 3.50519 4.72882 1.8
      vertex 3.50519 4.72882 12.91
    endloop
  endfacet
  facet normal 0.872504 0.488606 0
    outer loop
      vertex 3.50519 4.72882 1.8
      vertex 3.61261 4.537 12.91
      vertex 3.61261 4.537 1.8
    endloop
  endfacet
  facet normal 0.908116 0.418718 0
    outer loop
      vertex 3.50519 4.72882 12.91
      vertex 3.41313 4.92848 1.8
      vertex 3.41313 4.92848 12.91
    endloop
  endfacet
  facet normal 0.908116 0.418718 0
    outer loop
      vertex 3.41313 4.92848 1.8
      vertex 3.50519 4.72882 12.91
      vertex 3.50519 4.72882 1.8
    endloop
  endfacet
  facet normal 0.938202 0.346089 0
    outer loop
      vertex 3.41313 4.92848 12.91
      vertex 3.33704 5.13475 1.8
      vertex 3.33704 5.13475 12.91
    endloop
  endfacet
  facet normal 0.938202 0.346089 0
    outer loop
      vertex 3.33704 5.13475 1.8
      vertex 3.41313 4.92848 12.91
      vertex 3.41313 4.92848 1.8
    endloop
  endfacet
  facet normal 0.962455 0.27144 0
    outer loop
      vertex 3.33704 5.13475 12.91
      vertex 3.27736 5.34636 1.8
      vertex 3.27736 5.34636 12.91
    endloop
  endfacet
  facet normal 0.962455 0.27144 0
    outer loop
      vertex 3.27736 5.34636 1.8
      vertex 3.33704 5.13475 12.91
      vertex 3.33704 5.13475 1.8
    endloop
  endfacet
  facet normal 0.980785 0.195093 0
    outer loop
      vertex 3.27736 5.34636 12.91
      vertex 3.23447 5.56198 1.8
      vertex 3.23447 5.56198 12.91
    endloop
  endfacet
  facet normal 0.980785 0.195093 0
    outer loop
      vertex 3.23447 5.56198 1.8
      vertex 3.27736 5.34636 12.91
      vertex 3.27736 5.34636 1.8
    endloop
  endfacet
  facet normal 0.99307 0.117527 0
    outer loop
      vertex 3.23447 5.56198 12.91
      vertex 3.20863 5.78032 1.8
      vertex 3.20863 5.78032 12.91
    endloop
  endfacet
  facet normal 0.99307 0.117527 0
    outer loop
      vertex 3.20863 5.78032 1.8
      vertex 3.23447 5.56198 12.91
      vertex 3.23447 5.56198 1.8
    endloop
  endfacet
  facet normal 0.999229 0.0392541 0
    outer loop
      vertex 3.20863 5.78032 12.91
      vertex 3.2 6 1.8
      vertex 3.2 6 12.91
    endloop
  endfacet
  facet normal 0.999229 0.0392541 0
    outer loop
      vertex 3.2 6 1.8
      vertex 3.20863 5.78032 12.91
      vertex 3.20863 5.78032 1.8
    endloop
  endfacet
  facet normal 1 -0 0
    outer loop
      vertex 3.2 6 12.91
      vertex 3.2 154 1.8
      vertex 3.2 154 12.91
    endloop
  endfacet
  facet normal 1 0 0
    outer loop
      vertex 3.2 154 1.8
      vertex 3.2 6 12.91
      vertex 3.2 6 1.8
    endloop
  endfacet
  facet normal 0.999231 -0.0391971 0
    outer loop
      vertex 3.2 154 12.91
      vertex 3.20863 154.22 1.8
      vertex 3.20863 154.22 12.91
    endloop
  endfacet
  facet normal 0.999231 -0.0391971 0
    outer loop
      vertex 3.20863 154.22 1.8
      vertex 3.2 154 12.91
      vertex 3.2 154 1.8
    endloop
  endfacet
  facet normal 0.993048 -0.117708 0
    outer loop
      vertex 3.20863 154.22 12.91
      vertex 3.23447 154.438 1.8
      vertex 3.23447 154.438 12.91
    endloop
  endfacet
  facet normal 0.993048 -0.117708 0
    outer loop
      vertex 3.23447 154.438 1.8
      vertex 3.20863 154.22 12.91
      vertex 3.20863 154.22 1.8
    endloop
  endfacet
  facet normal 0.98085 -0.194762 0
    outer loop
      vertex 3.23447 154.438 12.91
      vertex 3.27736 154.654 1.8
      vertex 3.27736 154.654 12.91
    endloop
  endfacet
  facet normal 0.98085 -0.194762 0
    outer loop
      vertex 3.27736 154.654 1.8
      vertex 3.23447 154.438 12.91
      vertex 3.23447 154.438 1.8
    endloop
  endfacet
  facet normal 0.96225 -0.272166 0
    outer loop
      vertex 3.27736 154.654 12.91
      vertex 3.33704 154.865 1.8
      vertex 3.33704 154.865 12.91
    endloop
  endfacet
  facet normal 0.96225 -0.272166 0
    outer loop
      vertex 3.33704 154.865 1.8
      vertex 3.27736 154.654 12.91
      vertex 3.27736 154.654 1.8
    endloop
  endfacet
  facet normal 0.938598 -0.345014 0
    outer loop
      vertex 3.33704 154.865 12.91
      vertex 3.41313 155.072 1.8
      vertex 3.41313 155.072 12.91
    endloop
  endfacet
  facet normal 0.938598 -0.345014 0
    outer loop
      vertex 3.41313 155.072 1.8
      vertex 3.33704 154.865 12.91
      vertex 3.33704 154.865 1.8
    endloop
  endfacet
  facet normal 0.907588 -0.419862 0
    outer loop
      vertex 3.41313 155.072 12.91
      vertex 3.50519 155.271 1.8
      vertex 3.50519 155.271 12.91
    endloop
  endfacet
  facet normal 0.907588 -0.419862 0
    outer loop
      vertex 3.50519 155.271 1.8
      vertex 3.41313 155.072 12.91
      vertex 3.41313 155.072 1.8
    endloop
  endfacet
  facet normal 0.8727 -0.488257 0
    outer loop
      vertex 3.50519 155.271 12.91
      vertex 3.61261 155.463 1.8
      vertex 3.61261 155.463 12.91
    endloop
  endfacet
  facet normal 0.8727 -0.488257 0
    outer loop
      vertex 3.61261 155.463 1.8
      vertex 3.50519 155.271 12.91
      vertex 3.50519 155.271 1.8
    endloop
  endfacet
  facet normal 0.831736 -0.555172 0
    outer loop
      vertex 3.61261 155.463 12.91
      vertex 3.73476 155.646 1.8
      vertex 3.73476 155.646 12.91
    endloop
  endfacet
  facet normal 0.831736 -0.555172 0
    outer loop
      vertex 3.73476 155.646 1.8
      vertex 3.61261 155.463 12.91
      vertex 3.61261 155.463 1.8
    endloop
  endfacet
  facet normal 0.784194 -0.620516 0
    outer loop
      vertex 3.73476 155.646 12.91
      vertex 3.87086 155.818 1.8
      vertex 3.87086 155.818 12.91
    endloop
  endfacet
  facet normal 0.784194 -0.620516 0
    outer loop
      vertex 3.87086 155.818 1.8
      vertex 3.73476 155.646 12.91
      vertex 3.73476 155.646 1.8
    endloop
  endfacet
  facet normal 0.735478 -0.677548 0
    outer loop
      vertex 3.87086 155.818 12.91
      vertex 4.0201 155.98 1.8
      vertex 4.0201 155.98 12.91
    endloop
  endfacet
  facet normal 0.735478 -0.677548 0
    outer loop
      vertex 4.0201 155.98 1.8
      vertex 3.87086 155.818 12.91
      vertex 3.87086 155.818 1.8
    endloop
  endfacet
  facet normal 0.678204 -0.734873 0
    outer loop
      vertex 4.0201 155.98 1.8
      vertex 4.18155 156.129 12.91
      vertex 4.0201 155.98 12.91
    endloop
  endfacet
  facet normal 0.678204 -0.734873 0
    outer loop
      vertex 4.18155 156.129 12.91
      vertex 4.0201 155.98 1.8
      vertex 4.18155 156.129 1.8
    endloop
  endfacet
  facet normal 0.618796 -0.785552 0
    outer loop
      vertex 4.18155 156.129 1.8
      vertex 4.3542 156.265 12.91
      vertex 4.18155 156.129 12.91
    endloop
  endfacet
  facet normal 0.618796 -0.785552 0
    outer loop
      vertex 4.3542 156.265 12.91
      vertex 4.18155 156.129 1.8
      vertex 4.3542 156.265 1.8
    endloop
  endfacet
  facet normal 0.55512 -0.83177 0
    outer loop
      vertex 4.3542 156.265 1.8
      vertex 4.537 156.387 12.91
      vertex 4.3542 156.265 12.91
    endloop
  endfacet
  facet normal 0.55512 -0.83177 0
    outer loop
      vertex 4.537 156.387 12.91
      vertex 4.3542 156.265 1.8
      vertex 4.537 156.387 1.8
    endloop
  endfacet
  facet normal 0.490611 -0.871379 0
    outer loop
      vertex 4.537 156.387 1.8
      vertex 4.72882 156.495 12.91
      vertex 4.537 156.387 12.91
    endloop
  endfacet
  facet normal 0.490611 -0.871379 0
    outer loop
      vertex 4.72882 156.495 12.91
      vertex 4.537 156.387 1.8
      vertex 4.72882 156.495 1.8
    endloop
  endfacet
  facet normal 0.418493 -0.90822 0
    outer loop
      vertex 4.72882 156.495 1.8
      vertex 4.92848 156.587 12.91
      vertex 4.72882 156.495 12.91
    endloop
  endfacet
  facet normal 0.418493 -0.90822 0
    outer loop
      vertex 4.92848 156.587 12.91
      vertex 4.72882 156.495 1.8
      vertex 4.92848 156.587 1.8
    endloop
  endfacet
  facet normal 0.345729 -0.938335 0
    outer loop
      vertex 4.92848 156.587 1.8
      vertex 5.13475 156.663 12.91
      vertex 4.92848 156.587 12.91
    endloop
  endfacet
  facet normal 0.345729 -0.938335 0
    outer loop
      vertex 5.13475 156.663 12.91
      vertex 4.92848 156.587 1.8
      vertex 5.13475 156.663 1.8
    endloop
  endfacet
  facet normal 0.272787 -0.962074 0
    outer loop
      vertex 5.13475 156.663 1.8
      vertex 5.34636 156.723 12.91
      vertex 5.13475 156.663 12.91
    endloop
  endfacet
  facet normal 0.272787 -0.962074 0
    outer loop
      vertex 5.34636 156.723 12.91
      vertex 5.13475 156.663 1.8
      vertex 5.34636 156.723 1.8
    endloop
  endfacet
  facet normal 0.195574 -0.980689 0
    outer loop
      vertex 5.34636 156.723 1.8
      vertex 5.56198 156.766 12.91
      vertex 5.34636 156.723 12.91
    endloop
  endfacet
  facet normal 0.195574 -0.980689 0
    outer loop
      vertex 5.56198 156.766 12.91
      vertex 5.34636 156.723 1.8
      vertex 5.56198 156.766 1.8
    endloop
  endfacet
  facet normal 0.113757 -0.993509 0
    outer loop
      vertex 5.56198 156.766 1.8
      vertex 5.78032 156.791 12.91
      vertex 5.56198 156.766 12.91
    endloop
  endfacet
  facet normal 0.113757 -0.993509 0
    outer loop
      vertex 5.78032 156.791 12.91
      vertex 5.56198 156.766 1.8
      vertex 5.78032 156.791 1.8
    endloop
  endfacet
  facet normal 0.0409343 -0.999162 0
    outer loop
      vertex 5.78032 156.791 1.8
      vertex 6 156.8 12.91
      vertex 5.78032 156.791 12.91
    endloop
  endfacet
  facet normal 0.0409343 -0.999162 0
    outer loop
      vertex 6 156.8 12.91
      vertex 5.78032 156.791 1.8
      vertex 6 156.8 1.8
    endloop
  endfacet
  facet normal 0 -1 0
    outer loop
      vertex 6 156.8 1.8
      vertex 154 156.8 12.91
      vertex 6 156.8 12.91
    endloop
  endfacet
  facet normal 0 -1 -0
    outer loop
      vertex 154 156.8 12.91
      vertex 6 156.8 1.8
      vertex 154 156.8 1.8
    endloop
  endfacet
  facet normal -0.0408749 -0.999164 0
    outer loop
      vertex 154 156.8 1.8
      vertex 154.22 156.791 12.91
      vertex 154 156.8 12.91
    endloop
  endfacet
  facet normal -0.0408749 -0.999164 -0
    outer loop
      vertex 154.22 156.791 12.91
      vertex 154 156.8 1.8
      vertex 154.22 156.791 1.8
    endloop
  endfacet
  facet normal -0.113932 -0.993489 0
    outer loop
      vertex 154.22 156.791 1.8
      vertex 154.438 156.766 12.91
      vertex 154.22 156.791 12.91
    endloop
  endfacet
  facet normal -0.113932 -0.993489 -0
    outer loop
      vertex 154.438 156.766 12.91
      vertex 154.22 156.791 1.8
      vertex 154.438 156.766 1.8
    endloop
  endfacet
  facet normal -0.195243 -0.980755 0
    outer loop
      vertex 154.438 156.766 1.8
      vertex 154.654 156.723 12.91
      vertex 154.438 156.766 12.91
    endloop
  endfacet
  facet normal -0.195243 -0.980755 -0
    outer loop
      vertex 154.654 156.723 12.91
      vertex 154.438 156.766 1.8
      vertex 154.654 156.723 1.8
    endloop
  endfacet
  facet normal -0.273517 -0.961867 0
    outer loop
      vertex 154.654 156.723 1.8
      vertex 154.865 156.663 12.91
      vertex 154.654 156.723 12.91
    endloop
  endfacet
  facet normal -0.273517 -0.961867 -0
    outer loop
      vertex 154.865 156.663 12.91
      vertex 154.654 156.723 1.8
      vertex 154.865 156.663 1.8
    endloop
  endfacet
  facet normal -0.344654 -0.93873 0
    outer loop
      vertex 154.865 156.663 1.8
      vertex 155.072 156.587 12.91
      vertex 154.865 156.663 12.91
    endloop
  endfacet
  facet normal -0.344654 -0.93873 -0
    outer loop
      vertex 155.072 156.587 12.91
      vertex 154.865 156.663 1.8
      vertex 155.072 156.587 1.8
    endloop
  endfacet
  facet normal -0.419637 -0.907692 0
    outer loop
      vertex 155.072 156.587 1.8
      vertex 155.271 156.495 12.91
      vertex 155.072 156.587 12.91
    endloop
  endfacet
  facet normal -0.419637 -0.907692 -0
    outer loop
      vertex 155.271 156.495 12.91
      vertex 155.072 156.587 1.8
      vertex 155.271 156.495 1.8
    endloop
  endfacet
  facet normal -0.490261 -0.871576 0
    outer loop
      vertex 155.271 156.495 1.8
      vertex 155.463 156.387 12.91
      vertex 155.271 156.495 12.91
    endloop
  endfacet
  facet normal -0.490261 -0.871576 -0
    outer loop
      vertex 155.463 156.387 12.91
      vertex 155.271 156.495 1.8
      vertex 155.463 156.387 1.8
    endloop
  endfacet
  facet normal -0.5547 -0.83205 0
    outer loop
      vertex 155.463 156.387 1.8
      vertex 155.646 156.265 12.91
      vertex 155.463 156.387 12.91
    endloop
  endfacet
  facet normal -0.5547 -0.83205 -0
    outer loop
      vertex 155.646 156.265 12.91
      vertex 155.463 156.387 1.8
      vertex 155.646 156.265 1.8
    endloop
  endfacet
  facet normal -0.620236 -0.784416 0
    outer loop
      vertex 155.646 156.265 1.8
      vertex 155.818 156.129 12.91
      vertex 155.646 156.265 12.91
    endloop
  endfacet
  facet normal -0.620236 -0.784416 -0
    outer loop
      vertex 155.818 156.129 12.91
      vertex 155.646 156.265 1.8
      vertex 155.818 156.129 1.8
    endloop
  endfacet
  facet normal -0.676958 -0.736022 0
    outer loop
      vertex 155.818 156.129 1.8
      vertex 155.98 155.98 12.91
      vertex 155.818 156.129 12.91
    endloop
  endfacet
  facet normal -0.676958 -0.736022 -0
    outer loop
      vertex 155.98 155.98 12.91
      vertex 155.818 156.129 1.8
      vertex 155.98 155.98 1.8
    endloop
  endfacet
  facet normal -0.736022 -0.676958 0
    outer loop
      vertex 156.129 155.818 1.8
      vertex 155.98 155.98 12.91
      vertex 155.98 155.98 1.8
    endloop
  endfacet
  facet normal -0.736022 -0.676958 0
    outer loop
      vertex 155.98 155.98 12.91
      vertex 156.129 155.818 1.8
      vertex 156.129 155.818 12.91
    endloop
  endfacet
  facet normal -0.784416 -0.620236 0
    outer loop
      vertex 156.265 155.646 1.8
      vertex 156.129 155.818 12.91
      vertex 156.129 155.818 1.8
    endloop
  endfacet
  facet normal -0.784416 -0.620236 0
    outer loop
      vertex 156.129 155.818 12.91
      vertex 156.265 155.646 1.8
      vertex 156.265 155.646 12.91
    endloop
  endfacet
  facet normal -0.83205 -0.5547 0
    outer loop
      vertex 156.387 155.463 1.8
      vertex 156.265 155.646 12.91
      vertex 156.265 155.646 1.8
    endloop
  endfacet
  facet normal -0.83205 -0.5547 0
    outer loop
      vertex 156.265 155.646 12.91
      vertex 156.387 155.463 1.8
      vertex 156.387 155.463 12.91
    endloop
  endfacet
  facet normal -0.871576 -0.490261 0
    outer loop
      vertex 156.495 155.271 1.8
      vertex 156.387 155.463 12.91
      vertex 156.387 155.463 1.8
    endloop
  endfacet
  facet normal -0.871576 -0.490261 0
    outer loop
      vertex 156.387 155.463 12.91
      vertex 156.495 155.271 1.8
      vertex 156.495 155.271 12.91
    endloop
  endfacet
  facet normal -0.907692 -0.419637 0
    outer loop
      vertex 156.587 155.072 1.8
      vertex 156.495 155.271 12.91
      vertex 156.495 155.271 1.8
    endloop
  endfacet
  facet normal -0.907692 -0.419637 0
    outer loop
      vertex 156.495 155.271 12.91
      vertex 156.587 155.072 1.8
      vertex 156.587 155.072 12.91
    endloop
  endfacet
  facet normal -0.93873 -0.344654 0
    outer loop
      vertex 156.663 154.865 1.8
      vertex 156.587 155.072 12.91
      vertex 156.587 155.072 1.8
    endloop
  endfacet
  facet normal -0.93873 -0.344654 0
    outer loop
      vertex 156.587 155.072 12.91
      vertex 156.663 154.865 1.8
      vertex 156.663 154.865 12.91
    endloop
  endfacet
  facet normal -0.961867 -0.273517 0
    outer loop
      vertex 156.723 154.654 1.8
      vertex 156.663 154.865 12.91
      vertex 156.663 154.865 1.8
    endloop
  endfacet
  facet normal -0.961867 -0.273517 0
    outer loop
      vertex 156.663 154.865 12.91
      vertex 156.723 154.654 1.8
      vertex 156.723 154.654 12.91
    endloop
  endfacet
  facet normal -0.980755 -0.195243 0
    outer loop
      vertex 156.766 154.438 1.8
      vertex 156.723 154.654 12.91
      vertex 156.723 154.654 1.8
    endloop
  endfacet
  facet normal -0.980755 -0.195243 0
    outer loop
      vertex 156.723 154.654 12.91
      vertex 156.766 154.438 1.8
      vertex 156.766 154.438 12.91
    endloop
  endfacet
  facet normal -0.993489 -0.113932 0
    outer loop
      vertex 156.791 154.22 1.8
      vertex 156.766 154.438 12.91
      vertex 156.766 154.438 1.8
    endloop
  endfacet
  facet normal -0.993489 -0.113932 0
    outer loop
      vertex 156.766 154.438 12.91
      vertex 156.791 154.22 1.8
      vertex 156.791 154.22 12.91
    endloop
  endfacet
  facet normal -0.999164 -0.0408749 0
    outer loop
      vertex 156.8 154 1.8
      vertex 156.791 154.22 12.91
      vertex 156.791 154.22 1.8
    endloop
  endfacet
  facet normal -0.999164 -0.0408749 0
    outer loop
      vertex 156.791 154.22 12.91
      vertex 156.8 154 1.8
      vertex 156.8 154 12.91
    endloop
  endfacet
  facet normal -1 0 0
    outer loop
      vertex 156.8 6 1.8
      vertex 156.8 154 12.91
      vertex 156.8 154 1.8
    endloop
  endfacet
  facet normal -1 -0 0
    outer loop
      vertex 156.8 154 12.91
      vertex 156.8 6 1.8
      vertex 156.8 6 12.91
    endloop
  endfacet
  facet normal -0.999162 0.0409343 0
    outer loop
      vertex 156.791 5.78032 1.8
      vertex 156.8 6 12.91
      vertex 156.8 6 1.8
    endloop
  endfacet
  facet normal -0.999162 0.0409343 0
    outer loop
      vertex 156.8 6 12.91
      vertex 156.791 5.78032 1.8
      vertex 156.791 5.78032 12.91
    endloop
  endfacet
  facet normal -0.993509 0.113757 0
    outer loop
      vertex 156.766 5.56198 1.8
      vertex 156.791 5.78032 12.91
      vertex 156.791 5.78032 1.8
    endloop
  endfacet
  facet normal -0.993509 0.113757 0
    outer loop
      vertex 156.791 5.78032 12.91
      vertex 156.766 5.56198 1.8
      vertex 156.766 5.56198 12.91
    endloop
  endfacet
  facet normal -0.980689 0.195574 0
    outer loop
      vertex 156.723 5.34636 1.8
      vertex 156.766 5.56198 12.91
      vertex 156.766 5.56198 1.8
    endloop
  endfacet
  facet normal -0.980689 0.195574 0
    outer loop
      vertex 156.766 5.56198 12.91
      vertex 156.723 5.34636 1.8
      vertex 156.723 5.34636 12.91
    endloop
  endfacet
  facet normal -0.962074 0.272787 0
    outer loop
      vertex 156.663 5.13475 1.8
      vertex 156.723 5.34636 12.91
      vertex 156.723 5.34636 1.8
    endloop
  endfacet
  facet normal -0.962074 0.272787 0
    outer loop
      vertex 156.723 5.34636 12.91
      vertex 156.663 5.13475 1.8
      vertex 156.663 5.13475 12.91
    endloop
  endfacet
  facet normal -0.938335 0.345729 0
    outer loop
      vertex 156.587 4.92848 1.8
      vertex 156.663 5.13475 12.91
      vertex 156.663 5.13475 1.8
    endloop
  endfacet
  facet normal -0.938335 0.345729 0
    outer loop
      vertex 156.663 5.13475 12.91
      vertex 156.587 4.92848 1.8
      vertex 156.587 4.92848 12.91
    endloop
  endfacet
  facet normal -0.90822 0.418493 0
    outer loop
      vertex 156.495 4.72882 1.8
      vertex 156.587 4.92848 12.91
      vertex 156.587 4.92848 1.8
    endloop
  endfacet
  facet normal -0.90822 0.418493 0
    outer loop
      vertex 156.587 4.92848 12.91
      vertex 156.495 4.72882 1.8
      vertex 156.495 4.72882 12.91
    endloop
  endfacet
  facet normal -0.871379 0.490611 0
    outer loop
      vertex 156.387 4.537 1.8
      vertex 156.495 4.72882 12.91
      vertex 156.495 4.72882 1.8
    endloop
  endfacet
  facet normal -0.871379 0.490611 0
    outer loop
      vertex 156.495 4.72882 12.91
      vertex 156.387 4.537 1.8
      vertex 156.387 4.537 12.91
    endloop
  endfacet
  facet normal -0.83177 0.55512 0
    outer loop
      vertex 156.265 4.3542 1.8
      vertex 156.387 4.537 12.91
      vertex 156.387 4.537 1.8
    endloop
  endfacet
  facet normal -0.83177 0.55512 0
    outer loop
      vertex 156.387 4.537 12.91
      vertex 156.265 4.3542 1.8
      vertex 156.265 4.3542 12.91
    endloop
  endfacet
  facet normal -0.785552 0.618796 0
    outer loop
      vertex 156.129 4.18155 1.8
      vertex 156.265 4.3542 12.91
      vertex 156.265 4.3542 1.8
    endloop
  endfacet
  facet normal -0.785552 0.618796 0
    outer loop
      vertex 156.265 4.3542 12.91
      vertex 156.129 4.18155 1.8
      vertex 156.129 4.18155 12.91
    endloop
  endfacet
  facet normal -0.734873 0.678204 0
    outer loop
      vertex 155.98 4.0201 1.8
      vertex 156.129 4.18155 12.91
      vertex 156.129 4.18155 1.8
    endloop
  endfacet
  facet normal -0.734873 0.678204 0
    outer loop
      vertex 156.129 4.18155 12.91
      vertex 155.98 4.0201 1.8
      vertex 155.98 4.0201 12.91
    endloop
  endfacet
  facet normal -0.677548 0.735478 0
    outer loop
      vertex 155.98 4.0201 1.8
      vertex 155.818 3.87086 12.91
      vertex 155.98 4.0201 12.91
    endloop
  endfacet
  facet normal -0.677548 0.735478 0
    outer loop
      vertex 155.818 3.87086 12.91
      vertex 155.98 4.0201 1.8
      vertex 155.818 3.87086 1.8
    endloop
  endfacet
  facet normal -0.620516 0.784194 0
    outer loop
      vertex 155.818 3.87086 1.8
      vertex 155.646 3.73476 12.91
      vertex 155.818 3.87086 12.91
    endloop
  endfacet
  facet normal -0.620516 0.784194 0
    outer loop
      vertex 155.646 3.73476 12.91
      vertex 155.818 3.87086 1.8
      vertex 155.646 3.73476 1.8
    endloop
  endfacet
  facet normal -0.555172 0.831736 0
    outer loop
      vertex 155.646 3.73476 1.8
      vertex 155.463 3.61261 12.91
      vertex 155.646 3.73476 12.91
    endloop
  endfacet
  facet normal -0.555172 0.831736 0
    outer loop
      vertex 155.463 3.61261 12.91
      vertex 155.646 3.73476 1.8
      vertex 155.463 3.61261 1.8
    endloop
  endfacet
  facet normal -0.488257 0.8727 0
    outer loop
      vertex 155.463 3.61261 1.8
      vertex 155.271 3.50519 12.91
      vertex 155.463 3.61261 12.91
    endloop
  endfacet
  facet normal -0.488257 0.8727 0
    outer loop
      vertex 155.271 3.50519 12.91
      vertex 155.463 3.61261 1.8
      vertex 155.271 3.50519 1.8
    endloop
  endfacet
  facet normal -0.419862 0.907588 0
    outer loop
      vertex 155.271 3.50519 1.8
      vertex 155.072 3.41313 12.91
      vertex 155.271 3.50519 12.91
    endloop
  endfacet
  facet normal -0.419862 0.907588 0
    outer loop
      vertex 155.072 3.41313 12.91
      vertex 155.271 3.50519 1.8
      vertex 155.072 3.41313 1.8
    endloop
  endfacet
  facet normal -0.345014 0.938598 0
    outer loop
      vertex 155.072 3.41313 1.8
      vertex 154.865 3.33704 12.91
      vertex 155.072 3.41313 12.91
    endloop
  endfacet
  facet normal -0.345014 0.938598 0
    outer loop
      vertex 154.865 3.33704 12.91
      vertex 155.072 3.41313 1.8
      vertex 154.865 3.33704 1.8
    endloop
  endfacet
  facet normal -0.272166 0.96225 0
    outer loop
      vertex 154.865 3.33704 1.8
      vertex 154.654 3.27736 12.91
      vertex 154.865 3.33704 12.91
    endloop
  endfacet
  facet normal -0.272166 0.96225 0
    outer loop
      vertex 154.654 3.27736 12.91
      vertex 154.865 3.33704 1.8
      vertex 154.654 3.27736 1.8
    endloop
  endfacet
  facet normal -0.194762 0.98085 0
    outer loop
      vertex 154.654 3.27736 1.8
      vertex 154.438 3.23447 12.91
      vertex 154.654 3.27736 12.91
    endloop
  endfacet
  facet normal -0.194762 0.98085 0
    outer loop
      vertex 154.438 3.23447 12.91
      vertex 154.654 3.27736 1.8
      vertex 154.438 3.23447 1.8
    endloop
  endfacet
  facet normal -0.117708 0.993048 0
    outer loop
      vertex 154.438 3.23447 1.8
      vertex 154.22 3.20863 12.91
      vertex 154.438 3.23447 12.91
    endloop
  endfacet
  facet normal -0.117708 0.993048 0
    outer loop
      vertex 154.22 3.20863 12.91
      vertex 154.438 3.23447 1.8
      vertex 154.22 3.20863 1.8
    endloop
  endfacet
  facet normal -0.0391971 0.999231 0
    outer loop
      vertex 154.22 3.20863 1.8
      vertex 154 3.2 12.91
      vertex 154.22 3.20863 12.91
    endloop
  endfacet
  facet normal -0.0391971 0.999231 0
    outer loop
      vertex 154 3.2 12.91
      vertex 154.22 3.20863 1.8
      vertex 154 3.2 1.8
    endloop
  endfacet
  facet normal 0 1 -0
    outer loop
      vertex 154 3.2 1.8
      vertex 6 3.2 12.91
      vertex 154 3.2 12.91
    endloop
  endfacet
  facet normal 0 1 0
    outer loop
      vertex 6 3.2 12.91
      vertex 154 3.2 1.8
      vertex 6 3.2 1.8
    endloop
  endfacet
  facet normal 0 0 1
    outer loop
      vertex 157.8 154 14.1
      vertex 159 154 14.1
      vertex 158.985 154.392 14.1
    endloop
  endfacet
  facet normal 0 0 1
    outer loop
      vertex 159 154 14.1
      vertex 157.8 154 14.1
      vertex 159 6 14.1
    endloop
  endfacet
  facet normal 0 0 1
    outer loop
      vertex 157.788 154.298 14.1
      vertex 158.985 154.392 14.1
      vertex 158.938 154.782 14.1
    endloop
  endfacet
  facet normal 0 0 1
    outer loop
      vertex 157.8 6 14.1
      vertex 159 6 14.1
      vertex 157.8 154 14.1
    endloop
  endfacet
  facet normal 0 0 1
    outer loop
      vertex 157.753 154.594 14.1
      vertex 158.938 154.782 14.1
      vertex 158.862 155.167 14.1
    endloop
  endfacet
  facet normal 0 0 1
    outer loop
      vertex 159 6 14.1
      vertex 157.8 6 14.1
      vertex 158.985 5.60771 14.1
    endloop
  endfacet
  facet normal 0 0 1
    outer loop
      vertex 157.695 154.887 14.1
      vertex 158.862 155.167 14.1
      vertex 158.755 155.545 14.1
    endloop
  endfacet
  facet normal -0 0 1
    outer loop
      vertex 157.788 5.70186 14.1
      vertex 158.985 5.60771 14.1
      vertex 157.8 6 14.1
    endloop
  endfacet
  facet normal 0 0 1
    outer loop
      vertex 157.614 155.174 14.1
      vertex 158.755 155.545 14.1
      vertex 158.619 155.913 14.1
    endloop
  endfacet
  facet normal 0 0 1
    outer loop
      vertex 158.985 5.60771 14.1
      vertex 157.788 5.70186 14.1
      vertex 158.938 5.21783 14.1
    endloop
  endfacet
  facet normal 0 0 1
    outer loop
      vertex 157.511 155.454 14.1
      vertex 158.619 155.913 14.1
      vertex 158.455 156.27 14.1
    endloop
  endfacet
  facet normal -0 0 1
    outer loop
      vertex 157.753 5.40555 14.1
      vertex 158.938 5.21783 14.1
      vertex 157.788 5.70186 14.1
    endloop
  endfacet
  facet normal 0 0 1
    outer loop
      vertex 157.386 155.725 14.1
      vertex 158.455 156.27 14.1
      vertex 158.263 156.612 14.1
    endloop
  endfacet
  facet normal 0 0 1
    outer loop
      vertex 158.938 5.21783 14.1
      vertex 157.753 5.40555 14.1
      vertex 158.862 4.83278 14.1
    endloop
  endfacet
  facet normal 0 0 1
    outer loop
      vertex 157.24 155.985 14.1
      vertex 158.263 156.612 14.1
      vertex 158.045 156.939 14.1
    endloop
  endfacet
  facet normal -0 0 1
    outer loop
      vertex 157.695 5.11292 14.1
      vertex 158.862 4.83278 14.1
      vertex 157.753 5.40555 14.1
    endloop
  endfacet
  facet normal 0 0 1
    outer loop
      vertex 157.074 156.234 14.1
      vertex 158.045 156.939 14.1
      vertex 157.802 157.247 14.1
    endloop
  endfacet
  facet normal 0 0 1
    outer loop
      vertex 158.862 4.83278 14.1
      vertex 157.695 5.11292 14.1
      vertex 158.755 4.45491 14.1
    endloop
  endfacet
  facet normal -0 0 1
    outer loop
      vertex 157.614 4.82573 14.1
      vertex 158.755 4.45491 14.1
      vertex 157.695 5.11292 14.1
    endloop
  endfacet
  facet normal 0 0 1
    outer loop
      vertex 158.985 154.392 14.1
      vertex 157.788 154.298 14.1
      vertex 157.8 154 14.1
    endloop
  endfacet
  facet normal 0 0 1
    outer loop
      vertex 158.938 154.782 14.1
      vertex 157.753 154.594 14.1
      vertex 157.788 154.298 14.1
    endloop
  endfacet
  facet normal 0 0 1
    outer loop
      vertex 158.862 155.167 14.1
      vertex 157.695 154.887 14.1
      vertex 157.753 154.594 14.1
    endloop
  endfacet
  facet normal 0 0 1
    outer loop
      vertex 158.755 155.545 14.1
      vertex 157.614 155.174 14.1
      vertex 157.695 154.887 14.1
    endloop
  endfacet
  facet normal 0 0 1
    outer loop
      vertex 156.89 156.468 14.1
      vertex 157.802 157.247 14.1
      vertex 157.536 157.536 14.1
    endloop
  endfacet
  facet normal 0 0 1
    outer loop
      vertex 158.619 155.913 14.1
      vertex 157.511 155.454 14.1
      vertex 157.614 155.174 14.1
    endloop
  endfacet
  facet normal 0 0 1
    outer loop
      vertex 158.455 156.27 14.1
      vertex 157.386 155.725 14.1
      vertex 157.511 155.454 14.1
    endloop
  endfacet
  facet normal 0 0 1
    outer loop
      vertex 156.687 156.687 14.1
      vertex 157.536 157.536 14.1
      vertex 157.247 157.802 14.1
    endloop
  endfacet
  facet normal 0 0 1
    outer loop
      vertex 158.263 156.612 14.1
      vertex 157.24 155.985 14.1
      vertex 157.386 155.725 14.1
    endloop
  endfacet
  facet normal 0 0 1
    outer loop
      vertex 158.045 156.939 14.1
      vertex 157.074 156.234 14.1
      vertex 157.24 155.985 14.1
    endloop
  endfacet
  facet normal 0 0 1
    outer loop
      vertex 156.468 156.89 14.1
      vertex 157.247 157.802 14.1
      vertex 156.939 158.045 14.1
    endloop
  endfacet
  facet normal 0 0 1
    outer loop
      vertex 157.802 157.247 14.1
      vertex 156.89 156.468 14.1
      vertex 157.074 156.234 14.1
    endloop
  endfacet
  facet normal 0 0 1
    outer loop
      vertex 157.536 157.536 14.1
      vertex 156.687 156.687 14.1
      vertex 156.89 156.468 14.1
    endloop
  endfacet
  facet normal 0 0 1
    outer loop
      vertex 156.234 157.074 14.1
      vertex 156.939 158.045 14.1
      vertex 156.612 158.263 14.1
    endloop
  endfacet
  facet normal 0 0 1
    outer loop
      vertex 157.247 157.802 14.1
      vertex 156.468 156.89 14.1
      vertex 156.687 156.687 14.1
    endloop
  endfacet
  facet normal 0 0 1
    outer loop
      vertex 155.985 157.24 14.1
      vertex 156.612 158.263 14.1
      vertex 156.27 158.455 14.1
    endloop
  endfacet
  facet normal 0 0 1
    outer loop
      vertex 156.939 158.045 14.1
      vertex 156.234 157.074 14.1
      vertex 156.468 156.89 14.1
    endloop
  endfacet
  facet normal 0 0 1
    outer loop
      vertex 156.612 158.263 14.1
      vertex 155.985 157.24 14.1
      vertex 156.234 157.074 14.1
    endloop
  endfacet
  facet normal 0 0 1
    outer loop
      vertex 155.725 157.386 14.1
      vertex 156.27 158.455 14.1
      vertex 155.913 158.619 14.1
    endloop
  endfacet
  facet normal 0 0 1
    outer loop
      vertex 156.27 158.455 14.1
      vertex 155.725 157.386 14.1
      vertex 155.985 157.24 14.1
    endloop
  endfacet
  facet normal 0 0 1
    outer loop
      vertex 155.454 157.511 14.1
      vertex 155.913 158.619 14.1
      vertex 155.545 158.755 14.1
    endloop
  endfacet
  facet normal 0 0 1
    outer loop
      vertex 155.913 158.619 14.1
      vertex 155.454 157.511 14.1
      vertex 155.725 157.386 14.1
    endloop
  endfacet
  facet normal 0 0 1
    outer loop
      vertex 155.545 158.755 14.1
      vertex 155.174 157.614 14.1
      vertex 155.454 157.511 14.1
    endloop
  endfacet
  facet normal 0 0 1
    outer loop
      vertex 155.167 158.862 14.1
      vertex 155.174 157.614 14.1
      vertex 155.545 158.755 14.1
    endloop
  endfacet
  facet normal 0 0 1
    outer loop
      vertex 155.167 158.862 14.1
      vertex 154.887 157.695 14.1
      vertex 155.174 157.614 14.1
    endloop
  endfacet
  facet normal 0 0 1
    outer loop
      vertex 154.782 158.938 14.1
      vertex 154.887 157.695 14.1
      vertex 155.167 158.862 14.1
    endloop
  endfacet
  facet normal 0 0 1
    outer loop
      vertex 154.782 158.938 14.1
      vertex 154.594 157.753 14.1
      vertex 154.887 157.695 14.1
    endloop
  endfacet
  facet normal 0 0 1
    outer loop
      vertex 154.392 158.985 14.1
      vertex 154.594 157.753 14.1
      vertex 154.782 158.938 14.1
    endloop
  endfacet
  facet normal 0 0 1
    outer loop
      vertex 154.392 158.985 14.1
      vertex 154.298 157.788 14.1
      vertex 154.594 157.753 14.1
    endloop
  endfacet
  facet normal 0 0 1
    outer loop
      vertex 154 159 14.1
      vertex 154.298 157.788 14.1
      vertex 154.392 158.985 14.1
    endloop
  endfacet
  facet normal 0 0 1
    outer loop
      vertex 154 159 14.1
      vertex 154 157.8 14.1
      vertex 154.298 157.788 14.1
    endloop
  endfacet
  facet normal -0 0 1
    outer loop
      vertex 6 159 14.1
      vertex 154 157.8 14.1
      vertex 154 159 14.1
    endloop
  endfacet
  facet normal 0 0 1
    outer loop
      vertex 6 159 14.1
      vertex 6 157.8 14.1
      vertex 154 157.8 14.1
    endloop
  endfacet
  facet normal 0 0 1
    outer loop
      vertex 6 159 14.1
      vertex 5.70186 157.788 14.1
      vertex 6 157.8 14.1
    endloop
  endfacet
  facet normal -0 0 1
    outer loop
      vertex 5.60771 158.985 14.1
      vertex 5.70186 157.788 14.1
      vertex 6 159 14.1
    endloop
  endfacet
  facet normal 0 0 1
    outer loop
      vertex 5.60771 158.985 14.1
      vertex 5.40555 157.753 14.1
      vertex 5.70186 157.788 14.1
    endloop
  endfacet
  facet normal -0 0 1
    outer loop
      vertex 5.21783 158.938 14.1
      vertex 5.40555 157.753 14.1
      vertex 5.60771 158.985 14.1
    endloop
  endfacet
  facet normal 0 0 1
    outer loop
      vertex 5.21783 158.938 14.1
      vertex 5.11292 157.695 14.1
      vertex 5.40555 157.753 14.1
    endloop
  endfacet
  facet normal -0 0 1
    outer loop
      vertex 4.83278 158.862 14.1
      vertex 5.11292 157.695 14.1
      vertex 5.21783 158.938 14.1
    endloop
  endfacet
  facet normal 0 0 1
    outer loop
      vertex 4.83278 158.862 14.1
      vertex 4.82573 157.614 14.1
      vertex 5.11292 157.695 14.1
    endloop
  endfacet
  facet normal -0 0 1
    outer loop
      vertex 4.45491 158.755 14.1
      vertex 4.82573 157.614 14.1
      vertex 4.83278 158.862 14.1
    endloop
  endfacet
  facet normal 0 0 1
    outer loop
      vertex 4.82573 157.614 14.1
      vertex 4.45491 158.755 14.1
      vertex 4.54581 157.511 14.1
    endloop
  endfacet
  facet normal -0 0 1
    outer loop
      vertex 4.08658 158.619 14.1
      vertex 4.54581 157.511 14.1
      vertex 4.45491 158.755 14.1
    endloop
  endfacet
  facet normal 0 0 1
    outer loop
      vertex 4.54581 157.511 14.1
      vertex 4.08658 158.619 14.1
      vertex 4.27484 157.386 14.1
    endloop
  endfacet
  facet normal -0 0 1
    outer loop
      vertex 3.73004 158.455 14.1
      vertex 4.27484 157.386 14.1
      vertex 4.08658 158.619 14.1
    endloop
  endfacet
  facet normal 0 0 1
    outer loop
      vertex 4.27484 157.386 14.1
      vertex 3.73004 158.455 14.1
      vertex 4.01451 157.24 14.1
    endloop
  endfacet
  facet normal -0 0 1
    outer loop
      vertex 3.38751 158.263 14.1
      vertex 4.01451 157.24 14.1
      vertex 3.73004 158.455 14.1
    endloop
  endfacet
  facet normal 0 0 1
    outer loop
      vertex 4.01451 157.24 14.1
      vertex 3.38751 158.263 14.1
      vertex 3.76642 157.074 14.1
    endloop
  endfacet
  facet normal -0 0 1
    outer loop
      vertex 3.06108 158.045 14.1
      vertex 3.76642 157.074 14.1
      vertex 3.38751 158.263 14.1
    endloop
  endfacet
  facet normal 0 0 1
    outer loop
      vertex 3.76642 157.074 14.1
      vertex 3.06108 158.045 14.1
      vertex 3.5321 156.89 14.1
    endloop
  endfacet
  facet normal -0 0 1
    outer loop
      vertex 2.75276 157.802 14.1
      vertex 3.5321 156.89 14.1
      vertex 3.06108 158.045 14.1
    endloop
  endfacet
  facet normal 0 0 1
    outer loop
      vertex 3.5321 156.89 14.1
      vertex 2.75276 157.802 14.1
      vertex 3.31299 156.687 14.1
    endloop
  endfacet
  facet normal -0 0 1
    outer loop
      vertex 2.46446 157.536 14.1
      vertex 3.31299 156.687 14.1
      vertex 2.75276 157.802 14.1
    endloop
  endfacet
  facet normal 0 0 1
    outer loop
      vertex 3.31299 156.687 14.1
      vertex 2.46446 157.536 14.1
      vertex 3.11046 156.468 14.1
    endloop
  endfacet
  facet normal -0 0 1
    outer loop
      vertex 2.19797 157.247 14.1
      vertex 3.11046 156.468 14.1
      vertex 2.46446 157.536 14.1
    endloop
  endfacet
  facet normal 0 0 1
    outer loop
      vertex 3.11046 156.468 14.1
      vertex 2.19797 157.247 14.1
      vertex 2.92574 156.234 14.1
    endloop
  endfacet
  facet normal -0 0 1
    outer loop
      vertex 1.95491 156.939 14.1
      vertex 2.92574 156.234 14.1
      vertex 2.19797 157.247 14.1
    endloop
  endfacet
  facet normal 0 0 1
    outer loop
      vertex 2.92574 156.234 14.1
      vertex 1.95491 156.939 14.1
      vertex 2.75996 155.985 14.1
    endloop
  endfacet
  facet normal -0 0 1
    outer loop
      vertex 1.7368 156.612 14.1
      vertex 2.75996 155.985 14.1
      vertex 1.95491 156.939 14.1
    endloop
  endfacet
  facet normal 0 0 1
    outer loop
      vertex 2.75996 155.985 14.1
      vertex 1.7368 156.612 14.1
      vertex 2.61418 155.725 14.1
    endloop
  endfacet
  facet normal -0 0 1
    outer loop
      vertex 1.54497 156.27 14.1
      vertex 2.61418 155.725 14.1
      vertex 1.7368 156.612 14.1
    endloop
  endfacet
  facet normal 0 0 1
    outer loop
      vertex 2.61418 155.725 14.1
      vertex 1.54497 156.27 14.1
      vertex 2.48926 155.454 14.1
    endloop
  endfacet
  facet normal -0 0 1
    outer loop
      vertex 1.24472 155.545 14.1
      vertex 2.38599 155.174 14.1
      vertex 1.3806 155.913 14.1
    endloop
  endfacet
  facet normal 0 0 1
    outer loop
      vertex 2.48926 155.454 14.1
      vertex 1.3806 155.913 14.1
      vertex 2.38599 155.174 14.1
    endloop
  endfacet
  facet normal -0 0 1
    outer loop
      vertex 1.3806 155.913 14.1
      vertex 2.48926 155.454 14.1
      vertex 1.54497 156.27 14.1
    endloop
  endfacet
  facet normal 0 0 1
    outer loop
      vertex 158.755 4.45491 14.1
      vertex 157.614 4.82573 14.1
      vertex 158.619 4.08658 14.1
    endloop
  endfacet
  facet normal -0 0 1
    outer loop
      vertex 157.511 4.54581 14.1
      vertex 158.619 4.08658 14.1
      vertex 157.614 4.82573 14.1
    endloop
  endfacet
  facet normal 0 0 1
    outer loop
      vertex 158.619 4.08658 14.1
      vertex 157.511 4.54581 14.1
      vertex 158.455 3.73004 14.1
    endloop
  endfacet
  facet normal -0 0 1
    outer loop
      vertex 157.386 4.27484 14.1
      vertex 158.455 3.73004 14.1
      vertex 157.511 4.54581 14.1
    endloop
  endfacet
  facet normal 0 0 1
    outer loop
      vertex 158.455 3.73004 14.1
      vertex 157.386 4.27484 14.1
      vertex 158.263 3.38751 14.1
    endloop
  endfacet
  facet normal -0 0 1
    outer loop
      vertex 157.24 4.01451 14.1
      vertex 158.263 3.38751 14.1
      vertex 157.386 4.27484 14.1
    endloop
  endfacet
  facet normal 0 0 1
    outer loop
      vertex 158.263 3.38751 14.1
      vertex 157.24 4.01451 14.1
      vertex 158.045 3.06108 14.1
    endloop
  endfacet
  facet normal -0 0 1
    outer loop
      vertex 157.074 3.76642 14.1
      vertex 158.045 3.06108 14.1
      vertex 157.24 4.01451 14.1
    endloop
  endfacet
  facet normal 0 0 1
    outer loop
      vertex 158.045 3.06108 14.1
      vertex 157.074 3.76642 14.1
      vertex 157.802 2.75276 14.1
    endloop
  endfacet
  facet normal -0 0 1
    outer loop
      vertex 156.89 3.5321 14.1
      vertex 157.802 2.75276 14.1
      vertex 157.074 3.76642 14.1
    endloop
  endfacet
  facet normal 0 0 1
    outer loop
      vertex 157.802 2.75276 14.1
      vertex 156.89 3.5321 14.1
      vertex 157.536 2.46446 14.1
    endloop
  endfacet
  facet normal -0 0 1
    outer loop
      vertex 156.687 3.31299 14.1
      vertex 157.536 2.46446 14.1
      vertex 156.89 3.5321 14.1
    endloop
  endfacet
  facet normal 0 0 1
    outer loop
      vertex 157.536 2.46446 14.1
      vertex 156.687 3.31299 14.1
      vertex 157.247 2.19797 14.1
    endloop
  endfacet
  facet normal -0 0 1
    outer loop
      vertex 156.468 3.11046 14.1
      vertex 157.247 2.19797 14.1
      vertex 156.687 3.31299 14.1
    endloop
  endfacet
  facet normal 0 0 1
    outer loop
      vertex 157.247 2.19797 14.1
      vertex 156.468 3.11046 14.1
      vertex 156.939 1.95491 14.1
    endloop
  endfacet
  facet normal -0 0 1
    outer loop
      vertex 156.234 2.92574 14.1
      vertex 156.939 1.95491 14.1
      vertex 156.468 3.11046 14.1
    endloop
  endfacet
  facet normal 0 0 1
    outer loop
      vertex 156.939 1.95491 14.1
      vertex 156.234 2.92574 14.1
      vertex 156.612 1.7368 14.1
    endloop
  endfacet
  facet normal -0 0 1
    outer loop
      vertex 155.985 2.75996 14.1
      vertex 156.612 1.7368 14.1
      vertex 156.234 2.92574 14.1
    endloop
  endfacet
  facet normal 0 0 1
    outer loop
      vertex 156.612 1.7368 14.1
      vertex 155.985 2.75996 14.1
      vertex 156.27 1.54497 14.1
    endloop
  endfacet
  facet normal -0 0 1
    outer loop
      vertex 155.725 2.61418 14.1
      vertex 156.27 1.54497 14.1
      vertex 155.985 2.75996 14.1
    endloop
  endfacet
  facet normal 0 0 1
    outer loop
      vertex 156.27 1.54497 14.1
      vertex 155.725 2.61418 14.1
      vertex 155.913 1.3806 14.1
    endloop
  endfacet
  facet normal -0 0 1
    outer loop
      vertex 155.454 2.48926 14.1
      vertex 155.913 1.3806 14.1
      vertex 155.725 2.61418 14.1
    endloop
  endfacet
  facet normal 0 0 1
    outer loop
      vertex 155.913 1.3806 14.1
      vertex 155.454 2.48926 14.1
      vertex 155.545 1.24472 14.1
    endloop
  endfacet
  facet normal -0 0 1
    outer loop
      vertex 155.174 2.38599 14.1
      vertex 155.545 1.24472 14.1
      vertex 155.454 2.48926 14.1
    endloop
  endfacet
  facet normal 0 0 1
    outer loop
      vertex 155.174 2.38599 14.1
      vertex 155.167 1.13815 14.1
      vertex 155.545 1.24472 14.1
    endloop
  endfacet
  facet normal -0 0 1
    outer loop
      vertex 154.887 2.30499 14.1
      vertex 155.167 1.13815 14.1
      vertex 155.174 2.38599 14.1
    endloop
  endfacet
  facet normal 0 0 1
    outer loop
      vertex 154.887 2.30499 14.1
      vertex 154.782 1.06155 14.1
      vertex 155.167 1.13815 14.1
    endloop
  endfacet
  facet normal -0 0 1
    outer loop
      vertex 154.594 2.24678 14.1
      vertex 154.782 1.06155 14.1
      vertex 154.887 2.30499 14.1
    endloop
  endfacet
  facet normal 0 0 1
    outer loop
      vertex 154.594 2.24678 14.1
      vertex 154.392 1.01541 14.1
      vertex 154.782 1.06155 14.1
    endloop
  endfacet
  facet normal -0 0 1
    outer loop
      vertex 154.298 2.21172 14.1
      vertex 154.392 1.01541 14.1
      vertex 154.594 2.24678 14.1
    endloop
  endfacet
  facet normal -0 0 1
    outer loop
      vertex 154 2.2 14.1
      vertex 154.392 1.01541 14.1
      vertex 154.298 2.21172 14.1
    endloop
  endfacet
  facet normal 0 0 1
    outer loop
      vertex 154 2.2 14.1
      vertex 154 1 14.1
      vertex 154.392 1.01541 14.1
    endloop
  endfacet
  facet normal -0 0 1
    outer loop
      vertex 6 2.2 14.1
      vertex 154 1 14.1
      vertex 154 2.2 14.1
    endloop
  endfacet
  facet normal 0 0 1
    outer loop
      vertex 6 2.2 14.1
      vertex 6 1 14.1
      vertex 154 1 14.1
    endloop
  endfacet
  facet normal 0 0 1
    outer loop
      vertex 5.70186 2.21172 14.1
      vertex 6 1 14.1
      vertex 6 2.2 14.1
    endloop
  endfacet
  facet normal 0 0 1
    outer loop
      vertex 5.70186 2.21172 14.1
      vertex 5.60771 1.01541 14.1
      vertex 6 1 14.1
    endloop
  endfacet
  facet normal 0 0 1
    outer loop
      vertex 5.40555 2.24678 14.1
      vertex 5.60771 1.01541 14.1
      vertex 5.70186 2.21172 14.1
    endloop
  endfacet
  facet normal 0 0 1
    outer loop
      vertex 5.40555 2.24678 14.1
      vertex 5.21783 1.06155 14.1
      vertex 5.60771 1.01541 14.1
    endloop
  endfacet
  facet normal 0 0 1
    outer loop
      vertex 5.11292 2.30499 14.1
      vertex 5.21783 1.06155 14.1
      vertex 5.40555 2.24678 14.1
    endloop
  endfacet
  facet normal 0 0 1
    outer loop
      vertex 5.11292 2.30499 14.1
      vertex 4.83278 1.13815 14.1
      vertex 5.21783 1.06155 14.1
    endloop
  endfacet
  facet normal 0 0 1
    outer loop
      vertex 4.82573 2.38599 14.1
      vertex 4.83278 1.13815 14.1
      vertex 5.11292 2.30499 14.1
    endloop
  endfacet
  facet normal 0 0 1
    outer loop
      vertex 4.45491 1.24472 14.1
      vertex 4.82573 2.38599 14.1
      vertex 4.54581 2.48926 14.1
    endloop
  endfacet
  facet normal 0 0 1
    outer loop
      vertex 4.82573 2.38599 14.1
      vertex 4.45491 1.24472 14.1
      vertex 4.83278 1.13815 14.1
    endloop
  endfacet
  facet normal 0 0 1
    outer loop
      vertex 4.08658 1.3806 14.1
      vertex 4.54581 2.48926 14.1
      vertex 4.27484 2.61418 14.1
    endloop
  endfacet
  facet normal 0 0 1
    outer loop
      vertex 4.54581 2.48926 14.1
      vertex 4.08658 1.3806 14.1
      vertex 4.45491 1.24472 14.1
    endloop
  endfacet
  facet normal 0 0 1
    outer loop
      vertex 3.73004 1.54497 14.1
      vertex 4.27484 2.61418 14.1
      vertex 4.01451 2.75996 14.1
    endloop
  endfacet
  facet normal 0 0 1
    outer loop
      vertex 3.38751 1.7368 14.1
      vertex 4.01451 2.75996 14.1
      vertex 3.76642 2.92574 14.1
    endloop
  endfacet
  facet normal 0 0 1
    outer loop
      vertex 4.27484 2.61418 14.1
      vertex 3.73004 1.54497 14.1
      vertex 4.08658 1.3806 14.1
    endloop
  endfacet
  facet normal 0 0 1
    outer loop
      vertex 3.06108 1.95491 14.1
      vertex 3.76642 2.92574 14.1
      vertex 3.5321 3.11046 14.1
    endloop
  endfacet
  facet normal 0 0 1
    outer loop
      vertex 4.01451 2.75996 14.1
      vertex 3.38751 1.7368 14.1
      vertex 3.73004 1.54497 14.1
    endloop
  endfacet
  facet normal 0 0 1
    outer loop
      vertex 2.75276 2.19797 14.1
      vertex 3.5321 3.11046 14.1
      vertex 3.31299 3.31299 14.1
    endloop
  endfacet
  facet normal 0 0 1
    outer loop
      vertex 2.46446 2.46446 14.1
      vertex 3.31299 3.31299 14.1
      vertex 3.11046 3.5321 14.1
    endloop
  endfacet
  facet normal 0 0 1
    outer loop
      vertex 3.76642 2.92574 14.1
      vertex 3.06108 1.95491 14.1
      vertex 3.38751 1.7368 14.1
    endloop
  endfacet
  facet normal 0 0 1
    outer loop
      vertex 2.19797 2.75276 14.1
      vertex 3.11046 3.5321 14.1
      vertex 2.92574 3.76642 14.1
    endloop
  endfacet
  facet normal 0 0 1
    outer loop
      vertex 1.95491 3.06108 14.1
      vertex 2.92574 3.76642 14.1
      vertex 2.75996 4.01451 14.1
    endloop
  endfacet
  facet normal 0 0 1
    outer loop
      vertex 3.5321 3.11046 14.1
      vertex 2.75276 2.19797 14.1
      vertex 3.06108 1.95491 14.1
    endloop
  endfacet
  facet normal 0 0 1
    outer loop
      vertex 1.7368 3.38751 14.1
      vertex 2.75996 4.01451 14.1
      vertex 2.61418 4.27484 14.1
    endloop
  endfacet
  facet normal 0 0 1
    outer loop
      vertex 1.54497 3.73004 14.1
      vertex 2.61418 4.27484 14.1
      vertex 2.48926 4.54581 14.1
    endloop
  endfacet
  facet normal 0 0 1
    outer loop
      vertex 3.31299 3.31299 14.1
      vertex 2.46446 2.46446 14.1
      vertex 2.75276 2.19797 14.1
    endloop
  endfacet
  facet normal 0 0 1
    outer loop
      vertex 1.3806 4.08658 14.1
      vertex 2.48926 4.54581 14.1
      vertex 2.38599 4.82573 14.1
    endloop
  endfacet
  facet normal 0 0 1
    outer loop
      vertex 1.24472 4.45491 14.1
      vertex 2.38599 4.82573 14.1
      vertex 2.30499 5.11292 14.1
    endloop
  endfacet
  facet normal 0 0 1
    outer loop
      vertex 1.13815 4.83278 14.1
      vertex 2.30499 5.11292 14.1
      vertex 2.24678 5.40555 14.1
    endloop
  endfacet
  facet normal 0 0 1
    outer loop
      vertex 1.06155 5.21783 14.1
      vertex 2.24678 5.40555 14.1
      vertex 2.21172 5.70186 14.1
    endloop
  endfacet
  facet normal 0 0 1
    outer loop
      vertex 3.11046 3.5321 14.1
      vertex 2.19797 2.75276 14.1
      vertex 2.46446 2.46446 14.1
    endloop
  endfacet
  facet normal 0 0 1
    outer loop
      vertex 1.01541 5.60771 14.1
      vertex 2.21172 5.70186 14.1
      vertex 2.2 6 14.1
    endloop
  endfacet
  facet normal 0 0 1
    outer loop
      vertex 2.2 154 14.1
      vertex 1 154 14.1
      vertex 2.2 6 14.1
    endloop
  endfacet
  facet normal 0 0 1
    outer loop
      vertex 2.38599 155.174 14.1
      vertex 1.24472 155.545 14.1
      vertex 2.30499 154.887 14.1
    endloop
  endfacet
  facet normal 0 0 1
    outer loop
      vertex 1 6 14.1
      vertex 2.2 6 14.1
      vertex 1 154 14.1
    endloop
  endfacet
  facet normal -0 0 1
    outer loop
      vertex 1.13815 155.167 14.1
      vertex 2.30499 154.887 14.1
      vertex 1.24472 155.545 14.1
    endloop
  endfacet
  facet normal 0 -0 1
    outer loop
      vertex 1.01541 5.60771 14.1
      vertex 2.2 6 14.1
      vertex 1 6 14.1
    endloop
  endfacet
  facet normal 0 0 1
    outer loop
      vertex 2.30499 154.887 14.1
      vertex 1.13815 155.167 14.1
      vertex 2.24678 154.594 14.1
    endloop
  endfacet
  facet normal 0 0 1
    outer loop
      vertex 2.92574 3.76642 14.1
      vertex 1.95491 3.06108 14.1
      vertex 2.19797 2.75276 14.1
    endloop
  endfacet
  facet normal -0 0 1
    outer loop
      vertex 1.06155 154.782 14.1
      vertex 2.24678 154.594 14.1
      vertex 1.13815 155.167 14.1
    endloop
  endfacet
  facet normal 0 0 1
    outer loop
      vertex 2.75996 4.01451 14.1
      vertex 1.7368 3.38751 14.1
      vertex 1.95491 3.06108 14.1
    endloop
  endfacet
  facet normal 0 0 1
    outer loop
      vertex 2.24678 154.594 14.1
      vertex 1.06155 154.782 14.1
      vertex 2.21172 154.298 14.1
    endloop
  endfacet
  facet normal 0 0 1
    outer loop
      vertex 2.61418 4.27484 14.1
      vertex 1.54497 3.73004 14.1
      vertex 1.7368 3.38751 14.1
    endloop
  endfacet
  facet normal -0 0 1
    outer loop
      vertex 1.01541 154.392 14.1
      vertex 2.21172 154.298 14.1
      vertex 1.06155 154.782 14.1
    endloop
  endfacet
  facet normal 0 0 1
    outer loop
      vertex 2.48926 4.54581 14.1
      vertex 1.3806 4.08658 14.1
      vertex 1.54497 3.73004 14.1
    endloop
  endfacet
  facet normal 0 0 1
    outer loop
      vertex 2.21172 154.298 14.1
      vertex 1.01541 154.392 14.1
      vertex 2.2 154 14.1
    endloop
  endfacet
  facet normal 0 0 1
    outer loop
      vertex 2.38599 4.82573 14.1
      vertex 1.24472 4.45491 14.1
      vertex 1.3806 4.08658 14.1
    endloop
  endfacet
  facet normal 0 0 1
    outer loop
      vertex 2.2 154 14.1
      vertex 1.01541 154.392 14.1
      vertex 1 154 14.1
    endloop
  endfacet
  facet normal 0 0 1
    outer loop
      vertex 2.30499 5.11292 14.1
      vertex 1.13815 4.83278 14.1
      vertex 1.24472 4.45491 14.1
    endloop
  endfacet
  facet normal 0 0 1
    outer loop
      vertex 2.24678 5.40555 14.1
      vertex 1.06155 5.21783 14.1
      vertex 1.13815 4.83278 14.1
    endloop
  endfacet
  facet normal 0 0 1
    outer loop
      vertex 2.21172 5.70186 14.1
      vertex 1.01541 5.60771 14.1
      vertex 1.06155 5.21783 14.1
    endloop
  endfacet
  facet normal 0.117488 -0.993074 0
    outer loop
      vertex 154.392 1.01541 12.91
      vertex 154.782 1.06155 14.1
      vertex 154.392 1.01541 14.1
    endloop
  endfacet
  facet normal 0.117488 -0.993074 0
    outer loop
      vertex 154.782 1.06155 14.1
      vertex 154.392 1.01541 12.91
      vertex 154.782 1.06155 12.91
    endloop
  endfacet
  facet normal 0.195136 -0.980776 0
    outer loop
      vertex 154.782 1.06155 12.91
      vertex 155.167 1.13815 14.1
      vertex 154.782 1.06155 14.1
    endloop
  endfacet
  facet normal 0.195136 -0.980776 0
    outer loop
      vertex 155.167 1.13815 14.1
      vertex 154.782 1.06155 12.91
      vertex 155.167 1.13815 12.91
    endloop
  endfacet
  facet normal 0.271353 -0.96248 0
    outer loop
      vertex 155.167 1.13815 12.91
      vertex 155.545 1.24472 14.1
      vertex 155.167 1.13815 14.1
    endloop
  endfacet
  facet normal 0.271353 -0.96248 0
    outer loop
      vertex 155.545 1.24472 14.1
      vertex 155.167 1.13815 12.91
      vertex 155.545 1.24472 12.91
    endloop
  endfacet
  facet normal 0.346381 -0.938094 0
    outer loop
      vertex 155.545 1.24472 12.91
      vertex 155.913 1.3806 14.1
      vertex 155.545 1.24472 14.1
    endloop
  endfacet
  facet normal 0.346381 -0.938094 0
    outer loop
      vertex 155.913 1.3806 14.1
      vertex 155.545 1.24472 12.91
      vertex 155.913 1.3806 12.91
    endloop
  endfacet
  facet normal 0.418221 -0.908345 0
    outer loop
      vertex 155.913 1.3806 12.91
      vertex 156.27 1.54497 14.1
      vertex 155.913 1.3806 14.1
    endloop
  endfacet
  facet normal 0.418221 -0.908345 0
    outer loop
      vertex 156.27 1.54497 14.1
      vertex 155.913 1.3806 12.91
      vertex 156.27 1.54497 12.91
    endloop
  endfacet
  facet normal 0.489205 -0.872169 0
    outer loop
      vertex 156.27 1.54497 12.91
      vertex 156.612 1.7368 14.1
      vertex 156.27 1.54497 14.1
    endloop
  endfacet
  facet normal 0.489205 -0.872169 0
    outer loop
      vertex 156.612 1.7368 14.1
      vertex 156.27 1.54497 12.91
      vertex 156.612 1.7368 12.91
    endloop
  endfacet
  facet normal 0.554894 -0.831921 0
    outer loop
      vertex 156.612 1.7368 12.91
      vertex 156.939 1.95491 14.1
      vertex 156.612 1.7368 14.1
    endloop
  endfacet
  facet normal 0.554894 -0.831921 0
    outer loop
      vertex 156.939 1.95491 14.1
      vertex 156.612 1.7368 12.91
      vertex 156.939 1.95491 12.91
    endloop
  endfacet
  facet normal 0.619491 -0.785004 0
    outer loop
      vertex 156.939 1.95491 12.91
      vertex 157.247 2.19797 14.1
      vertex 156.939 1.95491 14.1
    endloop
  endfacet
  facet normal 0.619491 -0.785004 0
    outer loop
      vertex 157.247 2.19797 14.1
      vertex 156.939 1.95491 12.91
      vertex 157.247 2.19797 12.91
    endloop
  endfacet
  facet normal 0.677896 -0.735157 0
    outer loop
      vertex 157.247 2.19797 12.91
      vertex 157.536 2.46446 14.1
      vertex 157.247 2.19797 14.1
    endloop
  endfacet
  facet normal 0.677896 -0.735157 0
    outer loop
      vertex 157.536 2.46446 14.1
      vertex 157.247 2.19797 12.91
      vertex 157.536 2.46446 12.91
    endloop
  endfacet
  facet normal 0.73496 -0.678111 0
    outer loop
      vertex 157.536 2.46446 14.1
      vertex 157.802 2.75276 12.91
      vertex 157.802 2.75276 14.1
    endloop
  endfacet
  facet normal 0.73496 -0.678111 0
    outer loop
      vertex 157.802 2.75276 12.91
      vertex 157.536 2.46446 14.1
      vertex 157.536 2.46446 12.91
    endloop
  endfacet
  facet normal 0.785391 -0.619 0
    outer loop
      vertex 157.802 2.75276 14.1
      vertex 158.045 3.06108 12.91
      vertex 158.045 3.06108 14.1
    endloop
  endfacet
  facet normal 0.785391 -0.619 0
    outer loop
      vertex 158.045 3.06108 12.91
      vertex 157.802 2.75276 14.1
      vertex 157.802 2.75276 12.91
    endloop
  endfacet
  facet normal 0.831603 -0.55537 0
    outer loop
      vertex 158.045 3.06108 14.1
      vertex 158.263 3.38751 12.91
      vertex 158.263 3.38751 14.1
    endloop
  endfacet
  facet normal 0.831603 -0.55537 0
    outer loop
      vertex 158.263 3.38751 12.91
      vertex 158.045 3.06108 14.1
      vertex 158.045 3.06108 12.91
    endloop
  endfacet
  facet normal 0.872307 -0.488958 0
    outer loop
      vertex 158.263 3.38751 14.1
      vertex 158.455 3.73004 12.91
      vertex 158.455 3.73004 14.1
    endloop
  endfacet
  facet normal 0.872307 -0.488958 0
    outer loop
      vertex 158.455 3.73004 12.91
      vertex 158.263 3.38751 14.1
      vertex 158.263 3.38751 12.91
    endloop
  endfacet
  facet normal 0.908499 -0.417888 0
    outer loop
      vertex 158.455 3.73004 14.1
      vertex 158.619 4.08658 12.91
      vertex 158.619 4.08658 14.1
    endloop
  endfacet
  facet normal 0.908499 -0.417888 0
    outer loop
      vertex 158.619 4.08658 12.91
      vertex 158.455 3.73004 14.1
      vertex 158.455 3.73004 12.91
    endloop
  endfacet
  facet normal 0.938095 -0.346377 0
    outer loop
      vertex 158.619 4.08658 14.1
      vertex 158.755 4.45491 12.91
      vertex 158.755 4.45491 14.1
    endloop
  endfacet
  facet normal 0.938095 -0.346377 0
    outer loop
      vertex 158.755 4.45491 12.91
      vertex 158.619 4.08658 14.1
      vertex 158.619 4.08658 12.91
    endloop
  endfacet
  facet normal 0.962169 -0.272454 0
    outer loop
      vertex 158.755 4.45491 14.1
      vertex 158.862 4.83278 12.91
      vertex 158.862 4.83278 14.1
    endloop
  endfacet
  facet normal 0.962169 -0.272454 0
    outer loop
      vertex 158.862 4.83278 12.91
      vertex 158.755 4.45491 14.1
      vertex 158.755 4.45491 12.91
    endloop
  endfacet
  facet normal 0.981072 -0.193641 0
    outer loop
      vertex 158.862 4.83278 14.1
      vertex 158.938 5.21783 12.91
      vertex 158.938 5.21783 14.1
    endloop
  endfacet
  facet normal 0.981072 -0.193641 0
    outer loop
      vertex 158.938 5.21783 12.91
      vertex 158.862 4.83278 14.1
      vertex 158.862 4.83278 12.91
    endloop
  endfacet
  facet normal 0.992812 -0.119683 0
    outer loop
      vertex 158.938 5.21783 14.1
      vertex 158.985 5.60771 12.91
      vertex 158.985 5.60771 14.1
    endloop
  endfacet
  facet normal 0.992812 -0.119683 0
    outer loop
      vertex 158.985 5.60771 12.91
      vertex 158.938 5.21783 14.1
      vertex 158.938 5.21783 12.91
    endloop
  endfacet
  facet normal 0.99927 -0.0382091 0
    outer loop
      vertex 158.985 5.60771 14.1
      vertex 159 6 12.91
      vertex 159 6 14.1
    endloop
  endfacet
  facet normal 0.99927 -0.0382091 0
    outer loop
      vertex 159 6 12.91
      vertex 158.985 5.60771 14.1
      vertex 158.985 5.60771 12.91
    endloop
  endfacet
  facet normal 1 -0 0
    outer loop
      vertex 159 6 14.1
      vertex 159 154 12.91
      vertex 159 154 14.1
    endloop
  endfacet
  facet normal 1 0 0
    outer loop
      vertex 159 154 12.91
      vertex 159 6 14.1
      vertex 159 6 12.91
    endloop
  endfacet
  facet normal 0.999269 0.0382373 0
    outer loop
      vertex 159 154 14.1
      vertex 158.985 154.392 12.91
      vertex 158.985 154.392 14.1
    endloop
  endfacet
  facet normal 0.999269 0.0382373 0
    outer loop
      vertex 158.985 154.392 12.91
      vertex 159 154 14.1
      vertex 159 154 12.91
    endloop
  endfacet
  facet normal 0.992816 0.119647 0
    outer loop
      vertex 158.985 154.392 14.1
      vertex 158.938 154.782 12.91
      vertex 158.938 154.782 14.1
    endloop
  endfacet
  facet normal 0.992816 0.119647 0
    outer loop
      vertex 158.938 154.782 12.91
      vertex 158.985 154.392 14.1
      vertex 158.985 154.392 12.91
    endloop
  endfacet
  facet normal 0.981068 0.193665 0
    outer loop
      vertex 158.938 154.782 14.1
      vertex 158.862 155.167 12.91
      vertex 158.862 155.167 14.1
    endloop
  endfacet
  facet normal 0.981068 0.193665 0
    outer loop
      vertex 158.862 155.167 12.91
      vertex 158.938 154.782 14.1
      vertex 158.938 154.782 12.91
    endloop
  endfacet
  facet normal 0.962193 0.272367 0
    outer loop
      vertex 158.862 155.167 14.1
      vertex 158.755 155.545 12.91
      vertex 158.755 155.545 14.1
    endloop
  endfacet
  facet normal 0.962193 0.272367 0
    outer loop
      vertex 158.755 155.545 12.91
      vertex 158.862 155.167 14.1
      vertex 158.862 155.167 12.91
    endloop
  endfacet
  facet normal 0.937994 0.34665 0
    outer loop
      vertex 158.755 155.545 14.1
      vertex 158.619 155.913 12.91
      vertex 158.619 155.913 14.1
    endloop
  endfacet
  facet normal 0.937994 0.34665 0
    outer loop
      vertex 158.619 155.913 12.91
      vertex 158.755 155.545 14.1
      vertex 158.755 155.545 12.91
    endloop
  endfacet
  facet normal 0.908703 0.417443 0
    outer loop
      vertex 158.619 155.913 14.1
      vertex 158.455 156.27 12.91
      vertex 158.455 156.27 14.1
    endloop
  endfacet
  facet normal 0.908703 0.417443 0
    outer loop
      vertex 158.455 156.27 12.91
      vertex 158.619 155.913 14.1
      vertex 158.619 155.913 12.91
    endloop
  endfacet
  facet normal 0.871984 0.489535 0
    outer loop
      vertex 158.455 156.27 14.1
      vertex 158.263 156.612 12.91
      vertex 158.263 156.612 14.1
    endloop
  endfacet
  facet normal 0.871984 0.489535 0
    outer loop
      vertex 158.263 156.612 12.91
      vertex 158.455 156.27 14.1
      vertex 158.455 156.27 12.91
    endloop
  endfacet
  facet normal 0.83205 0.5547 0
    outer loop
      vertex 158.263 156.612 14.1
      vertex 158.045 156.939 12.91
      vertex 158.045 156.939 14.1
    endloop
  endfacet
  facet normal 0.83205 0.5547 0
    outer loop
      vertex 158.045 156.939 12.91
      vertex 158.263 156.612 14.1
      vertex 158.263 156.612 12.91
    endloop
  endfacet
  facet normal 0.785078 0.619396 0
    outer loop
      vertex 158.045 156.939 14.1
      vertex 157.802 157.247 12.91
      vertex 157.802 157.247 14.1
    endloop
  endfacet
  facet normal 0.785078 0.619396 0
    outer loop
      vertex 157.802 157.247 12.91
      vertex 158.045 156.939 14.1
      vertex 158.045 156.939 12.91
    endloop
  endfacet
  facet normal 0.735779 0.677222 0
    outer loop
      vertex 157.802 157.247 14.1
      vertex 157.536 157.536 12.91
      vertex 157.536 157.536 14.1
    endloop
  endfacet
  facet normal 0.735779 0.677222 0
    outer loop
      vertex 157.536 157.536 12.91
      vertex 157.802 157.247 14.1
      vertex 157.802 157.247 12.91
    endloop
  endfacet
  facet normal 0.677222 0.735779 -0
    outer loop
      vertex 157.536 157.536 12.91
      vertex 157.247 157.802 14.1
      vertex 157.536 157.536 14.1
    endloop
  endfacet
  facet normal 0.677222 0.735779 0
    outer loop
      vertex 157.247 157.802 14.1
      vertex 157.536 157.536 12.91
      vertex 157.247 157.802 12.91
    endloop
  endfacet
  facet normal 0.619396 0.785078 -0
    outer loop
      vertex 157.247 157.802 12.91
      vertex 156.939 158.045 14.1
      vertex 157.247 157.802 14.1
    endloop
  endfacet
  facet normal 0.619396 0.785078 0
    outer loop
      vertex 156.939 158.045 14.1
      vertex 157.247 157.802 12.91
      vertex 156.939 158.045 12.91
    endloop
  endfacet
  facet normal 0.5547 0.83205 -0
    outer loop
      vertex 156.939 158.045 12.91
      vertex 156.612 158.263 14.1
      vertex 156.939 158.045 14.1
    endloop
  endfacet
  facet normal 0.5547 0.83205 0
    outer loop
      vertex 156.612 158.263 14.1
      vertex 156.939 158.045 12.91
      vertex 156.612 158.263 12.91
    endloop
  endfacet
  facet normal 0.489535 0.871984 -0
    outer loop
      vertex 156.612 158.263 12.91
      vertex 156.27 158.455 14.1
      vertex 156.612 158.263 14.1
    endloop
  endfacet
  facet normal 0.489535 0.871984 0
    outer loop
      vertex 156.27 158.455 14.1
      vertex 156.612 158.263 12.91
      vertex 156.27 158.455 12.91
    endloop
  endfacet
  facet normal 0.417443 0.908703 -0
    outer loop
      vertex 156.27 158.455 12.91
      vertex 155.913 158.619 14.1
      vertex 156.27 158.455 14.1
    endloop
  endfacet
  facet normal 0.417443 0.908703 0
    outer loop
      vertex 155.913 158.619 14.1
      vertex 156.27 158.455 12.91
      vertex 155.913 158.619 12.91
    endloop
  endfacet
  facet normal 0.34665 0.937994 -0
    outer loop
      vertex 155.913 158.619 12.91
      vertex 155.545 158.755 14.1
      vertex 155.913 158.619 14.1
    endloop
  endfacet
  facet normal 0.34665 0.937994 0
    outer loop
      vertex 155.545 158.755 14.1
      vertex 155.913 158.619 12.91
      vertex 155.545 158.755 12.91
    endloop
  endfacet
  facet normal 0.272367 0.962193 -0
    outer loop
      vertex 155.545 158.755 12.91
      vertex 155.167 158.862 14.1
      vertex 155.545 158.755 14.1
    endloop
  endfacet
  facet normal 0.272367 0.962193 0
    outer loop
      vertex 155.167 158.862 14.1
      vertex 155.545 158.755 12.91
      vertex 155.167 158.862 12.91
    endloop
  endfacet
  facet normal 0.193665 0.981068 -0
    outer loop
      vertex 155.167 158.862 12.91
      vertex 154.782 158.938 14.1
      vertex 155.167 158.862 14.1
    endloop
  endfacet
  facet normal 0.193665 0.981068 0
    outer loop
      vertex 154.782 158.938 14.1
      vertex 155.167 158.862 12.91
      vertex 154.782 158.938 12.91
    endloop
  endfacet
  facet normal 0.119647 0.992816 -0
    outer loop
      vertex 154.782 158.938 12.91
      vertex 154.392 158.985 14.1
      vertex 154.782 158.938 14.1
    endloop
  endfacet
  facet normal 0.119647 0.992816 0
    outer loop
      vertex 154.392 158.985 14.1
      vertex 154.782 158.938 12.91
      vertex 154.392 158.985 12.91
    endloop
  endfacet
  facet normal 0.0382373 0.999269 -0
    outer loop
      vertex 154.392 158.985 12.91
      vertex 154 159 14.1
      vertex 154.392 158.985 14.1
    endloop
  endfacet
  facet normal 0.0382373 0.999269 0
    outer loop
      vertex 154 159 14.1
      vertex 154.392 158.985 12.91
      vertex 154 159 12.91
    endloop
  endfacet
  facet normal 0 1 -0
    outer loop
      vertex 154 159 12.91
      vertex 6 159 14.1
      vertex 154 159 14.1
    endloop
  endfacet
  facet normal 0 1 0
    outer loop
      vertex 6 159 14.1
      vertex 154 159 12.91
      vertex 6 159 12.91
    endloop
  endfacet
  facet normal -0.0382091 0.99927 0
    outer loop
      vertex 6 159 12.91
      vertex 5.60771 158.985 14.1
      vertex 6 159 14.1
    endloop
  endfacet
  facet normal -0.0382091 0.99927 0
    outer loop
      vertex 5.60771 158.985 14.1
      vertex 6 159 12.91
      vertex 5.60771 158.985 12.91
    endloop
  endfacet
  facet normal -0.119683 0.992812 0
    outer loop
      vertex 5.60771 158.985 12.91
      vertex 5.21783 158.938 14.1
      vertex 5.60771 158.985 14.1
    endloop
  endfacet
  facet normal -0.119683 0.992812 0
    outer loop
      vertex 5.21783 158.938 14.1
      vertex 5.60771 158.985 12.91
      vertex 5.21783 158.938 12.91
    endloop
  endfacet
  facet normal -0.193641 0.981072 0
    outer loop
      vertex 5.21783 158.938 12.91
      vertex 4.83278 158.862 14.1
      vertex 5.21783 158.938 14.1
    endloop
  endfacet
  facet normal -0.193641 0.981072 0
    outer loop
      vertex 4.83278 158.862 14.1
      vertex 5.21783 158.938 12.91
      vertex 4.83278 158.862 12.91
    endloop
  endfacet
  facet normal -0.272454 0.962169 0
    outer loop
      vertex 4.83278 158.862 12.91
      vertex 4.45491 158.755 14.1
      vertex 4.83278 158.862 14.1
    endloop
  endfacet
  facet normal -0.272454 0.962169 0
    outer loop
      vertex 4.45491 158.755 14.1
      vertex 4.83278 158.862 12.91
      vertex 4.45491 158.755 12.91
    endloop
  endfacet
  facet normal -0.346377 0.938095 0
    outer loop
      vertex 4.45491 158.755 12.91
      vertex 4.08658 158.619 14.1
      vertex 4.45491 158.755 14.1
    endloop
  endfacet
  facet normal -0.346377 0.938095 0
    outer loop
      vertex 4.08658 158.619 14.1
      vertex 4.45491 158.755 12.91
      vertex 4.08658 158.619 12.91
    endloop
  endfacet
  facet normal -0.417888 0.908499 0
    outer loop
      vertex 4.08658 158.619 12.91
      vertex 3.73004 158.455 14.1
      vertex 4.08658 158.619 14.1
    endloop
  endfacet
  facet normal -0.417888 0.908499 0
    outer loop
      vertex 3.73004 158.455 14.1
      vertex 4.08658 158.619 12.91
      vertex 3.73004 158.455 12.91
    endloop
  endfacet
  facet normal -0.488958 0.872307 0
    outer loop
      vertex 3.73004 158.455 12.91
      vertex 3.38751 158.263 14.1
      vertex 3.73004 158.455 14.1
    endloop
  endfacet
  facet normal -0.488958 0.872307 0
    outer loop
      vertex 3.38751 158.263 14.1
      vertex 3.73004 158.455 12.91
      vertex 3.38751 158.263 12.91
    endloop
  endfacet
  facet normal -0.55537 0.831603 0
    outer loop
      vertex 3.38751 158.263 12.91
      vertex 3.06108 158.045 14.1
      vertex 3.38751 158.263 14.1
    endloop
  endfacet
  facet normal -0.55537 0.831603 0
    outer loop
      vertex 3.06108 158.045 14.1
      vertex 3.38751 158.263 12.91
      vertex 3.06108 158.045 12.91
    endloop
  endfacet
  facet normal -0.619 0.785391 0
    outer loop
      vertex 3.06108 158.045 12.91
      vertex 2.75276 157.802 14.1
      vertex 3.06108 158.045 14.1
    endloop
  endfacet
  facet normal -0.619 0.785391 0
    outer loop
      vertex 2.75276 157.802 14.1
      vertex 3.06108 158.045 12.91
      vertex 2.75276 157.802 12.91
    endloop
  endfacet
  facet normal -0.678111 0.73496 0
    outer loop
      vertex 2.75276 157.802 12.91
      vertex 2.46446 157.536 14.1
      vertex 2.75276 157.802 14.1
    endloop
  endfacet
  facet normal -0.678111 0.73496 0
    outer loop
      vertex 2.46446 157.536 14.1
      vertex 2.75276 157.802 12.91
      vertex 2.46446 157.536 12.91
    endloop
  endfacet
  facet normal -0.735157 0.677896 0
    outer loop
      vertex 2.19797 157.247 12.91
      vertex 2.46446 157.536 14.1
      vertex 2.46446 157.536 12.91
    endloop
  endfacet
  facet normal -0.735157 0.677896 0
    outer loop
      vertex 2.46446 157.536 14.1
      vertex 2.19797 157.247 12.91
      vertex 2.19797 157.247 14.1
    endloop
  endfacet
  facet normal -0.785004 0.619491 0
    outer loop
      vertex 1.95491 156.939 12.91
      vertex 2.19797 157.247 14.1
      vertex 2.19797 157.247 12.91
    endloop
  endfacet
  facet normal -0.785004 0.619491 0
    outer loop
      vertex 2.19797 157.247 14.1
      vertex 1.95491 156.939 12.91
      vertex 1.95491 156.939 14.1
    endloop
  endfacet
  facet normal -0.831921 0.554894 0
    outer loop
      vertex 1.7368 156.612 12.91
      vertex 1.95491 156.939 14.1
      vertex 1.95491 156.939 12.91
    endloop
  endfacet
  facet normal -0.831921 0.554894 0
    outer loop
      vertex 1.95491 156.939 14.1
      vertex 1.7368 156.612 12.91
      vertex 1.7368 156.612 14.1
    endloop
  endfacet
  facet normal -0.872169 0.489205 0
    outer loop
      vertex 1.54497 156.27 12.91
      vertex 1.7368 156.612 14.1
      vertex 1.7368 156.612 12.91
    endloop
  endfacet
  facet normal -0.872169 0.489205 0
    outer loop
      vertex 1.7368 156.612 14.1
      vertex 1.54497 156.27 12.91
      vertex 1.54497 156.27 14.1
    endloop
  endfacet
  facet normal -0.908345 0.418221 0
    outer loop
      vertex 1.3806 155.913 12.91
      vertex 1.54497 156.27 14.1
      vertex 1.54497 156.27 12.91
    endloop
  endfacet
  facet normal -0.908345 0.418221 0
    outer loop
      vertex 1.54497 156.27 14.1
      vertex 1.3806 155.913 12.91
      vertex 1.3806 155.913 14.1
    endloop
  endfacet
  facet normal -0.938094 0.346381 0
    outer loop
      vertex 1.24472 155.545 12.91
      vertex 1.3806 155.913 14.1
      vertex 1.3806 155.913 12.91
    endloop
  endfacet
  facet normal -0.938094 0.346381 0
    outer loop
      vertex 1.3806 155.913 14.1
      vertex 1.24472 155.545 12.91
      vertex 1.24472 155.545 14.1
    endloop
  endfacet
  facet normal -0.96248 0.271353 0
    outer loop
      vertex 1.13815 155.167 12.91
      vertex 1.24472 155.545 14.1
      vertex 1.24472 155.545 12.91
    endloop
  endfacet
  facet normal -0.96248 0.271353 0
    outer loop
      vertex 1.24472 155.545 14.1
      vertex 1.13815 155.167 12.91
      vertex 1.13815 155.167 14.1
    endloop
  endfacet
  facet normal -0.980776 0.195136 0
    outer loop
      vertex 1.06155 154.782 12.91
      vertex 1.13815 155.167 14.1
      vertex 1.13815 155.167 12.91
    endloop
  endfacet
  facet normal -0.980776 0.195136 0
    outer loop
      vertex 1.13815 155.167 14.1
      vertex 1.06155 154.782 12.91
      vertex 1.06155 154.782 14.1
    endloop
  endfacet
  facet normal -0.993074 0.117488 0
    outer loop
      vertex 1.01541 154.392 12.91
      vertex 1.06155 154.782 14.1
      vertex 1.06155 154.782 12.91
    endloop
  endfacet
  facet normal -0.993074 0.117488 0
    outer loop
      vertex 1.06155 154.782 14.1
      vertex 1.01541 154.392 12.91
      vertex 1.01541 154.392 14.1
    endloop
  endfacet
  facet normal -0.999228 0.0392809 0
    outer loop
      vertex 1 154 12.91
      vertex 1.01541 154.392 14.1
      vertex 1.01541 154.392 12.91
    endloop
  endfacet
  facet normal -0.999228 0.0392809 0
    outer loop
      vertex 1.01541 154.392 14.1
      vertex 1 154 12.91
      vertex 1 154 14.1
    endloop
  endfacet
  facet normal -1 0 0
    outer loop
      vertex 1 6 12.91
      vertex 1 154 14.1
      vertex 1 154 12.91
    endloop
  endfacet
  facet normal -1 -0 0
    outer loop
      vertex 1 154 14.1
      vertex 1 6 12.91
      vertex 1 6 14.1
    endloop
  endfacet
  facet normal -0.999229 -0.0392519 0
    outer loop
      vertex 1.01541 5.60771 12.91
      vertex 1 6 14.1
      vertex 1 6 12.91
    endloop
  endfacet
  facet normal -0.999229 -0.0392519 0
    outer loop
      vertex 1 6 14.1
      vertex 1.01541 5.60771 12.91
      vertex 1.01541 5.60771 14.1
    endloop
  endfacet
  facet normal -0.99307 -0.117524 0
    outer loop
      vertex 1.06155 5.21783 12.91
      vertex 1.01541 5.60771 14.1
      vertex 1.01541 5.60771 12.91
    endloop
  endfacet
  facet normal -0.99307 -0.117524 0
    outer loop
      vertex 1.01541 5.60771 14.1
      vertex 1.06155 5.21783 12.91
      vertex 1.06155 5.21783 14.1
    endloop
  endfacet
  facet normal -0.980781 -0.195112 0
    outer loop
      vertex 1.13815 4.83278 12.91
      vertex 1.06155 5.21783 14.1
      vertex 1.06155 5.21783 12.91
    endloop
  endfacet
  facet normal -0.980781 -0.195112 0
    outer loop
      vertex 1.06155 5.21783 14.1
      vertex 1.13815 4.83278 12.91
      vertex 1.13815 4.83278 14.1
    endloop
  endfacet
  facet normal -0.962455 -0.27144 0
    outer loop
      vertex 1.24472 4.45491 12.91
      vertex 1.13815 4.83278 14.1
      vertex 1.13815 4.83278 12.91
    endloop
  endfacet
  facet normal -0.962455 -0.27144 0
    outer loop
      vertex 1.13815 4.83278 14.1
      vertex 1.24472 4.45491 12.91
      vertex 1.24472 4.45491 14.1
    endloop
  endfacet
  facet normal -0.938195 -0.346108 0
    outer loop
      vertex 1.3806 4.08658 12.91
      vertex 1.24472 4.45491 14.1
      vertex 1.24472 4.45491 12.91
    endloop
  endfacet
  facet normal -0.938195 -0.346108 0
    outer loop
      vertex 1.24472 4.45491 14.1
      vertex 1.3806 4.08658 12.91
      vertex 1.3806 4.08658 14.1
    endloop
  endfacet
  facet normal -0.90814 -0.418666 0
    outer loop
      vertex 1.54497 3.73004 12.91
      vertex 1.3806 4.08658 14.1
      vertex 1.3806 4.08658 12.91
    endloop
  endfacet
  facet normal -0.90814 -0.418666 0
    outer loop
      vertex 1.3806 4.08658 14.1
      vertex 1.54497 3.73004 12.91
      vertex 1.54497 3.73004 14.1
    endloop
  endfacet
  facet normal -0.872492 -0.488629 0
    outer loop
      vertex 1.7368 3.38751 12.91
      vertex 1.54497 3.73004 14.1
      vertex 1.54497 3.73004 12.91
    endloop
  endfacet
  facet normal -0.872492 -0.488629 0
    outer loop
      vertex 1.54497 3.73004 14.1
      vertex 1.7368 3.38751 12.91
      vertex 1.7368 3.38751 14.1
    endloop
  endfacet
  facet normal -0.831474 -0.555564 0
    outer loop
      vertex 1.95491 3.06108 12.91
      vertex 1.7368 3.38751 14.1
      vertex 1.7368 3.38751 12.91
    endloop
  endfacet
  facet normal -0.831474 -0.555564 0
    outer loop
      vertex 1.7368 3.38751 14.1
      vertex 1.95491 3.06108 12.91
      vertex 1.95491 3.06108 14.1
    endloop
  endfacet
  facet normal -0.785317 -0.619094 0
    outer loop
      vertex 2.19797 2.75276 12.91
      vertex 1.95491 3.06108 14.1
      vertex 1.95491 3.06108 12.91
    endloop
  endfacet
  facet normal -0.785317 -0.619094 0
    outer loop
      vertex 1.95491 3.06108 14.1
      vertex 2.19797 2.75276 12.91
      vertex 2.19797 2.75276 14.1
    endloop
  endfacet
  facet normal -0.734337 -0.678785 0
    outer loop
      vertex 2.46446 2.46446 12.91
      vertex 2.19797 2.75276 14.1
      vertex 2.19797 2.75276 12.91
    endloop
  endfacet
  facet normal -0.734337 -0.678785 0
    outer loop
      vertex 2.19797 2.75276 14.1
      vertex 2.46446 2.46446 12.91
      vertex 2.46446 2.46446 14.1
    endloop
  endfacet
  facet normal -0.678785 -0.734337 0
    outer loop
      vertex 2.46446 2.46446 12.91
      vertex 2.75276 2.19797 14.1
      vertex 2.46446 2.46446 14.1
    endloop
  endfacet
  facet normal -0.678785 -0.734337 -0
    outer loop
      vertex 2.75276 2.19797 14.1
      vertex 2.46446 2.46446 12.91
      vertex 2.75276 2.19797 12.91
    endloop
  endfacet
  facet normal -0.619094 -0.785317 0
    outer loop
      vertex 2.75276 2.19797 12.91
      vertex 3.06108 1.95491 14.1
      vertex 2.75276 2.19797 14.1
    endloop
  endfacet
  facet normal -0.619094 -0.785317 -0
    outer loop
      vertex 3.06108 1.95491 14.1
      vertex 2.75276 2.19797 12.91
      vertex 3.06108 1.95491 12.91
    endloop
  endfacet
  facet normal -0.555564 -0.831474 0
    outer loop
      vertex 3.06108 1.95491 12.91
      vertex 3.38751 1.7368 14.1
      vertex 3.06108 1.95491 14.1
    endloop
  endfacet
  facet normal -0.555564 -0.831474 -0
    outer loop
      vertex 3.38751 1.7368 14.1
      vertex 3.06108 1.95491 12.91
      vertex 3.38751 1.7368 12.91
    endloop
  endfacet
  facet normal -0.488629 -0.872492 0
    outer loop
      vertex 3.38751 1.7368 12.91
      vertex 3.73004 1.54497 14.1
      vertex 3.38751 1.7368 14.1
    endloop
  endfacet
  facet normal -0.488629 -0.872492 -0
    outer loop
      vertex 3.73004 1.54497 14.1
      vertex 3.38751 1.7368 12.91
      vertex 3.73004 1.54497 12.91
    endloop
  endfacet
  facet normal -0.418666 -0.90814 0
    outer loop
      vertex 3.73004 1.54497 12.91
      vertex 4.08658 1.3806 14.1
      vertex 3.73004 1.54497 14.1
    endloop
  endfacet
  facet normal -0.418666 -0.90814 -0
    outer loop
      vertex 4.08658 1.3806 14.1
      vertex 3.73004 1.54497 12.91
      vertex 4.08658 1.3806 12.91
    endloop
  endfacet
  facet normal -0.346108 -0.938195 0
    outer loop
      vertex 4.08658 1.3806 12.91
      vertex 4.45491 1.24472 14.1
      vertex 4.08658 1.3806 14.1
    endloop
  endfacet
  facet normal -0.346108 -0.938195 -0
    outer loop
      vertex 4.45491 1.24472 14.1
      vertex 4.08658 1.3806 12.91
      vertex 4.45491 1.24472 12.91
    endloop
  endfacet
  facet normal -0.27144 -0.962455 0
    outer loop
      vertex 4.45491 1.24472 12.91
      vertex 4.83278 1.13815 14.1
      vertex 4.45491 1.24472 14.1
    endloop
  endfacet
  facet normal -0.27144 -0.962455 -0
    outer loop
      vertex 4.83278 1.13815 14.1
      vertex 4.45491 1.24472 12.91
      vertex 4.83278 1.13815 12.91
    endloop
  endfacet
  facet normal -0.195112 -0.980781 0
    outer loop
      vertex 4.83278 1.13815 12.91
      vertex 5.21783 1.06155 14.1
      vertex 4.83278 1.13815 14.1
    endloop
  endfacet
  facet normal -0.195112 -0.980781 -0
    outer loop
      vertex 5.21783 1.06155 14.1
      vertex 4.83278 1.13815 12.91
      vertex 5.21783 1.06155 12.91
    endloop
  endfacet
  facet normal -0.117524 -0.99307 0
    outer loop
      vertex 5.21783 1.06155 12.91
      vertex 5.60771 1.01541 14.1
      vertex 5.21783 1.06155 14.1
    endloop
  endfacet
  facet normal -0.117524 -0.99307 -0
    outer loop
      vertex 5.60771 1.01541 14.1
      vertex 5.21783 1.06155 12.91
      vertex 5.60771 1.01541 12.91
    endloop
  endfacet
  facet normal -0.0392519 -0.999229 0
    outer loop
      vertex 5.60771 1.01541 12.91
      vertex 6 1 14.1
      vertex 5.60771 1.01541 14.1
    endloop
  endfacet
  facet normal -0.0392519 -0.999229 -0
    outer loop
      vertex 6 1 14.1
      vertex 5.60771 1.01541 12.91
      vertex 6 1 12.91
    endloop
  endfacet
  facet normal 0 -1 0
    outer loop
      vertex 6 1 12.91
      vertex 154 1 14.1
      vertex 6 1 14.1
    endloop
  endfacet
  facet normal 0 -1 -0
    outer loop
      vertex 154 1 14.1
      vertex 6 1 12.91
      vertex 154 1 12.91
    endloop
  endfacet
  facet normal 0.0392809 -0.999228 0
    outer loop
      vertex 154 1 12.91
      vertex 154.392 1.01541 14.1
      vertex 154 1 14.1
    endloop
  endfacet
  facet normal 0.0392809 -0.999228 0
    outer loop
      vertex 154.392 1.01541 14.1
      vertex 154 1 12.91
      vertex 154.392 1.01541 12.91
    endloop
  endfacet
  facet normal 0.0392801 0.999228 -0
    outer loop
      vertex 6 2.2 12.91
      vertex 5.70186 2.21172 14.1
      vertex 6 2.2 14.1
    endloop
  endfacet
  facet normal 0.0392801 0.999228 0
    outer loop
      vertex 5.70186 2.21172 14.1
      vertex 6 2.2 12.91
      vertex 5.70186 2.21172 12.91
    endloop
  endfacet
  facet normal 0.117502 0.993073 -0
    outer loop
      vertex 5.70186 2.21172 12.91
      vertex 5.40555 2.24678 14.1
      vertex 5.70186 2.21172 14.1
    endloop
  endfacet
  facet normal 0.117502 0.993073 0
    outer loop
      vertex 5.40555 2.24678 14.1
      vertex 5.70186 2.21172 12.91
      vertex 5.40555 2.24678 12.91
    endloop
  endfacet
  facet normal 0.195098 0.980784 -0
    outer loop
      vertex 5.40555 2.24678 12.91
      vertex 5.11292 2.30499 14.1
      vertex 5.40555 2.24678 14.1
    endloop
  endfacet
  facet normal 0.195098 0.980784 0
    outer loop
      vertex 5.11292 2.30499 14.1
      vertex 5.40555 2.24678 12.91
      vertex 5.11292 2.30499 12.91
    endloop
  endfacet
  facet normal 0.271453 0.962452 -0
    outer loop
      vertex 5.11292 2.30499 12.91
      vertex 4.82573 2.38599 14.1
      vertex 5.11292 2.30499 14.1
    endloop
  endfacet
  facet normal 0.271453 0.962452 0
    outer loop
      vertex 4.82573 2.38599 14.1
      vertex 5.11292 2.30499 12.91
      vertex 4.82573 2.38599 12.91
    endloop
  endfacet
  facet normal 0.346123 0.938189 -0
    outer loop
      vertex 4.82573 2.38599 12.91
      vertex 4.54581 2.48926 14.1
      vertex 4.82573 2.38599 14.1
    endloop
  endfacet
  facet normal 0.346123 0.938189 0
    outer loop
      vertex 4.54581 2.48926 14.1
      vertex 4.82573 2.38599 12.91
      vertex 4.54581 2.48926 12.91
    endloop
  endfacet
  facet normal 0.418663 0.908142 -0
    outer loop
      vertex 4.54581 2.48926 12.91
      vertex 4.27484 2.61418 14.1
      vertex 4.54581 2.48926 14.1
    endloop
  endfacet
  facet normal 0.418663 0.908142 0
    outer loop
      vertex 4.27484 2.61418 14.1
      vertex 4.54581 2.48926 12.91
      vertex 4.27484 2.61418 12.91
    endloop
  endfacet
  facet normal 0.488591 0.872513 -0
    outer loop
      vertex 4.27484 2.61418 12.91
      vertex 4.01451 2.75996 14.1
      vertex 4.27484 2.61418 14.1
    endloop
  endfacet
  facet normal 0.488591 0.872513 0
    outer loop
      vertex 4.01451 2.75996 14.1
      vertex 4.27484 2.61418 12.91
      vertex 4.01451 2.75996 12.91
    endloop
  endfacet
  facet normal 0.555597 0.831452 -0
    outer loop
      vertex 4.01451 2.75996 12.91
      vertex 3.76642 2.92574 14.1
      vertex 4.01451 2.75996 14.1
    endloop
  endfacet
  facet normal 0.555597 0.831452 0
    outer loop
      vertex 3.76642 2.92574 14.1
      vertex 4.01451 2.75996 12.91
      vertex 3.76642 2.92574 12.91
    endloop
  endfacet
  facet normal 0.619088 0.785322 -0
    outer loop
      vertex 3.76642 2.92574 12.91
      vertex 3.5321 3.11046 14.1
      vertex 3.76642 2.92574 14.1
    endloop
  endfacet
  facet normal 0.619088 0.785322 0
    outer loop
      vertex 3.5321 3.11046 14.1
      vertex 3.76642 2.92574 12.91
      vertex 3.5321 3.11046 12.91
    endloop
  endfacet
  facet normal 0.678777 0.734345 -0
    outer loop
      vertex 3.5321 3.11046 12.91
      vertex 3.31299 3.31299 14.1
      vertex 3.5321 3.11046 14.1
    endloop
  endfacet
  facet normal 0.678777 0.734345 0
    outer loop
      vertex 3.31299 3.31299 14.1
      vertex 3.5321 3.11046 12.91
      vertex 3.31299 3.31299 12.91
    endloop
  endfacet
  facet normal 0.734345 0.678777 0
    outer loop
      vertex 3.31299 3.31299 14.1
      vertex 3.11046 3.5321 12.91
      vertex 3.11046 3.5321 14.1
    endloop
  endfacet
  facet normal 0.734345 0.678777 0
    outer loop
      vertex 3.11046 3.5321 12.91
      vertex 3.31299 3.31299 14.1
      vertex 3.31299 3.31299 12.91
    endloop
  endfacet
  facet normal 0.785322 0.619088 0
    outer loop
      vertex 3.11046 3.5321 14.1
      vertex 2.92574 3.76642 12.91
      vertex 2.92574 3.76642 14.1
    endloop
  endfacet
  facet normal 0.785322 0.619088 0
    outer loop
      vertex 2.92574 3.76642 12.91
      vertex 3.11046 3.5321 14.1
      vertex 3.11046 3.5321 12.91
    endloop
  endfacet
  facet normal 0.831452 0.555597 0
    outer loop
      vertex 2.92574 3.76642 14.1
      vertex 2.75996 4.01451 12.91
      vertex 2.75996 4.01451 14.1
    endloop
  endfacet
  facet normal 0.831452 0.555597 0
    outer loop
      vertex 2.75996 4.01451 12.91
      vertex 2.92574 3.76642 14.1
      vertex 2.92574 3.76642 12.91
    endloop
  endfacet
  facet normal 0.872513 0.488591 0
    outer loop
      vertex 2.75996 4.01451 14.1
      vertex 2.61418 4.27484 12.91
      vertex 2.61418 4.27484 14.1
    endloop
  endfacet
  facet normal 0.872513 0.488591 0
    outer loop
      vertex 2.61418 4.27484 12.91
      vertex 2.75996 4.01451 14.1
      vertex 2.75996 4.01451 12.91
    endloop
  endfacet
  facet normal 0.908142 0.418663 0
    outer loop
      vertex 2.61418 4.27484 14.1
      vertex 2.48926 4.54581 12.91
      vertex 2.48926 4.54581 14.1
    endloop
  endfacet
  facet normal 0.908142 0.418663 0
    outer loop
      vertex 2.48926 4.54581 12.91
      vertex 2.61418 4.27484 14.1
      vertex 2.61418 4.27484 12.91
    endloop
  endfacet
  facet normal 0.938189 0.346123 0
    outer loop
      vertex 2.48926 4.54581 14.1
      vertex 2.38599 4.82573 12.91
      vertex 2.38599 4.82573 14.1
    endloop
  endfacet
  facet normal 0.938189 0.346123 0
    outer loop
      vertex 2.38599 4.82573 12.91
      vertex 2.48926 4.54581 14.1
      vertex 2.48926 4.54581 12.91
    endloop
  endfacet
  facet normal 0.962452 0.271453 0
    outer loop
      vertex 2.38599 4.82573 14.1
      vertex 2.30499 5.11292 12.91
      vertex 2.30499 5.11292 14.1
    endloop
  endfacet
  facet normal 0.962452 0.271453 0
    outer loop
      vertex 2.30499 5.11292 12.91
      vertex 2.38599 4.82573 14.1
      vertex 2.38599 4.82573 12.91
    endloop
  endfacet
  facet normal 0.980784 0.195098 0
    outer loop
      vertex 2.30499 5.11292 14.1
      vertex 2.24678 5.40555 12.91
      vertex 2.24678 5.40555 14.1
    endloop
  endfacet
  facet normal 0.980784 0.195098 0
    outer loop
      vertex 2.24678 5.40555 12.91
      vertex 2.30499 5.11292 14.1
      vertex 2.30499 5.11292 12.91
    endloop
  endfacet
  facet normal 0.993073 0.117502 0
    outer loop
      vertex 2.24678 5.40555 14.1
      vertex 2.21172 5.70186 12.91
      vertex 2.21172 5.70186 14.1
    endloop
  endfacet
  facet normal 0.993073 0.117502 0
    outer loop
      vertex 2.21172 5.70186 12.91
      vertex 2.24678 5.40555 14.1
      vertex 2.24678 5.40555 12.91
    endloop
  endfacet
  facet normal 0.999228 0.0392801 0
    outer loop
      vertex 2.21172 5.70186 14.1
      vertex 2.2 6 12.91
      vertex 2.2 6 14.1
    endloop
  endfacet
  facet normal 0.999228 0.0392801 0
    outer loop
      vertex 2.2 6 12.91
      vertex 2.21172 5.70186 14.1
      vertex 2.21172 5.70186 12.91
    endloop
  endfacet
  facet normal 1 -0 0
    outer loop
      vertex 2.2 6 14.1
      vertex 2.2 154 12.91
      vertex 2.2 154 14.1
    endloop
  endfacet
  facet normal 1 0 0
    outer loop
      vertex 2.2 154 12.91
      vertex 2.2 6 14.1
      vertex 2.2 6 12.91
    endloop
  endfacet
  facet normal 0.999228 -0.0392985 0
    outer loop
      vertex 2.2 154 14.1
      vertex 2.21172 154.298 12.91
      vertex 2.21172 154.298 14.1
    endloop
  endfacet
  facet normal 0.999228 -0.0392985 0
    outer loop
      vertex 2.21172 154.298 12.91
      vertex 2.2 154 14.1
      vertex 2.2 154 12.91
    endloop
  endfacet
  facet normal 0.993058 -0.117624 0
    outer loop
      vertex 2.21172 154.298 14.1
      vertex 2.24678 154.594 12.91
      vertex 2.24678 154.594 14.1
    endloop
  endfacet
  facet normal 0.993058 -0.117624 0
    outer loop
      vertex 2.24678 154.594 12.91
      vertex 2.21172 154.298 14.1
      vertex 2.21172 154.298 12.91
    endloop
  endfacet
  facet normal 0.980831 -0.194861 0
    outer loop
      vertex 2.24678 154.594 14.1
      vertex 2.30499 154.887 12.91
      vertex 2.30499 154.887 14.1
    endloop
  endfacet
  facet normal 0.980831 -0.194861 0
    outer loop
      vertex 2.30499 154.887 12.91
      vertex 2.24678 154.594 14.1
      vertex 2.24678 154.594 12.91
    endloop
  endfacet
  facet normal 0.962405 -0.271619 0
    outer loop
      vertex 2.30499 154.887 14.1
      vertex 2.38599 155.174 12.91
      vertex 2.38599 155.174 14.1
    endloop
  endfacet
  facet normal 0.962405 -0.271619 0
    outer loop
      vertex 2.38599 155.174 12.91
      vertex 2.30499 154.887 14.1
      vertex 2.30499 154.887 12.91
    endloop
  endfacet
  facet normal 0.938221 -0.346036 0
    outer loop
      vertex 2.38599 155.174 14.1
      vertex 2.48926 155.454 12.91
      vertex 2.48926 155.454 14.1
    endloop
  endfacet
  facet normal 0.938221 -0.346036 0
    outer loop
      vertex 2.48926 155.454 12.91
      vertex 2.38599 155.174 14.1
      vertex 2.38599 155.174 12.91
    endloop
  endfacet
  facet normal 0.908159 -0.418625 0
    outer loop
      vertex 2.48926 155.454 14.1
      vertex 2.61418 155.725 12.91
      vertex 2.61418 155.725 14.1
    endloop
  endfacet
  facet normal 0.908159 -0.418625 0
    outer loop
      vertex 2.61418 155.725 12.91
      vertex 2.48926 155.454 14.1
      vertex 2.48926 155.454 12.91
    endloop
  endfacet
  facet normal 0.872248 -0.489063 0
    outer loop
      vertex 2.61418 155.725 14.1
      vertex 2.75996 155.985 12.91
      vertex 2.75996 155.985 14.1
    endloop
  endfacet
  facet normal 0.872248 -0.489063 0
    outer loop
      vertex 2.75996 155.985 12.91
      vertex 2.61418 155.725 14.1
      vertex 2.61418 155.725 12.91
    endloop
  endfacet
  facet normal 0.83239 -0.554191 0
    outer loop
      vertex 2.75996 155.985 14.1
      vertex 2.92574 156.234 12.91
      vertex 2.92574 156.234 14.1
    endloop
  endfacet
  facet normal 0.83239 -0.554191 0
    outer loop
      vertex 2.92574 156.234 12.91
      vertex 2.75996 155.985 14.1
      vertex 2.75996 155.985 12.91
    endloop
  endfacet
  facet normal 0.78491 -0.619609 0
    outer loop
      vertex 2.92574 156.234 14.1
      vertex 3.11046 156.468 12.91
      vertex 3.11046 156.468 14.1
    endloop
  endfacet
  facet normal 0.78491 -0.619609 0
    outer loop
      vertex 3.11046 156.468 12.91
      vertex 2.92574 156.234 14.1
      vertex 2.92574 156.234 12.91
    endloop
  endfacet
  facet normal 0.734175 -0.678961 0
    outer loop
      vertex 3.11046 156.468 14.1
      vertex 3.31299 156.687 12.91
      vertex 3.31299 156.687 14.1
    endloop
  endfacet
  facet normal 0.734175 -0.678961 0
    outer loop
      vertex 3.31299 156.687 12.91
      vertex 3.11046 156.468 14.1
      vertex 3.11046 156.468 12.91
    endloop
  endfacet
  facet normal 0.679625 -0.73356 0
    outer loop
      vertex 3.31299 156.687 12.91
      vertex 3.5321 156.89 14.1
      vertex 3.31299 156.687 14.1
    endloop
  endfacet
  facet normal 0.679625 -0.73356 0
    outer loop
      vertex 3.5321 156.89 14.1
      vertex 3.31299 156.687 12.91
      vertex 3.5321 156.89 12.91
    endloop
  endfacet
  facet normal 0.617596 -0.786495 0
    outer loop
      vertex 3.5321 156.89 12.91
      vertex 3.76642 157.074 14.1
      vertex 3.5321 156.89 14.1
    endloop
  endfacet
  facet normal 0.617596 -0.786495 0
    outer loop
      vertex 3.76642 157.074 14.1
      vertex 3.5321 156.89 12.91
      vertex 3.76642 157.074 12.91
    endloop
  endfacet
  facet normal 0.556106 -0.831111 0
    outer loop
      vertex 3.76642 157.074 12.91
      vertex 4.01451 157.24 14.1
      vertex 3.76642 157.074 14.1
    endloop
  endfacet
  facet normal 0.556106 -0.831111 0
    outer loop
      vertex 4.01451 157.24 14.1
      vertex 3.76642 157.074 12.91
      vertex 4.01451 157.24 12.91
    endloop
  endfacet
  facet normal 0.489152 -0.872198 0
    outer loop
      vertex 4.01451 157.24 12.91
      vertex 4.27484 157.386 14.1
      vertex 4.01451 157.24 14.1
    endloop
  endfacet
  facet normal 0.489152 -0.872198 0
    outer loop
      vertex 4.27484 157.386 14.1
      vertex 4.01451 157.24 12.91
      vertex 4.27484 157.386 12.91
    endloop
  endfacet
  facet normal 0.418884 -0.90804 0
    outer loop
      vertex 4.27484 157.386 12.91
      vertex 4.54581 157.511 14.1
      vertex 4.27484 157.386 14.1
    endloop
  endfacet
  facet normal 0.418884 -0.90804 0
    outer loop
      vertex 4.54581 157.511 14.1
      vertex 4.27484 157.386 12.91
      vertex 4.54581 157.511 12.91
    endloop
  endfacet
  facet normal 0.345326 -0.938483 0
    outer loop
      vertex 4.54581 157.511 12.91
      vertex 4.82573 157.614 14.1
      vertex 4.54581 157.511 14.1
    endloop
  endfacet
  facet normal 0.345326 -0.938483 0
    outer loop
      vertex 4.82573 157.614 14.1
      vertex 4.54581 157.511 12.91
      vertex 4.82573 157.614 12.91
    endloop
  endfacet
  facet normal 0.271453 -0.962452 0
    outer loop
      vertex 4.82573 157.614 12.91
      vertex 5.11292 157.695 14.1
      vertex 4.82573 157.614 14.1
    endloop
  endfacet
  facet normal 0.271453 -0.962452 0
    outer loop
      vertex 5.11292 157.695 14.1
      vertex 4.82573 157.614 12.91
      vertex 5.11292 157.695 12.91
    endloop
  endfacet
  facet normal 0.19442 -0.980918 0
    outer loop
      vertex 5.11292 157.695 12.91
      vertex 5.40555 157.753 14.1
      vertex 5.11292 157.695 14.1
    endloop
  endfacet
  facet normal 0.19442 -0.980918 0
    outer loop
      vertex 5.40555 157.753 14.1
      vertex 5.11292 157.695 12.91
      vertex 5.40555 157.753 12.91
    endloop
  endfacet
  facet normal 0.117304 -0.993096 0
    outer loop
      vertex 5.40555 157.753 12.91
      vertex 5.70186 157.788 14.1
      vertex 5.40555 157.753 14.1
    endloop
  endfacet
  facet normal 0.117304 -0.993096 0
    outer loop
      vertex 5.70186 157.788 14.1
      vertex 5.40555 157.753 12.91
      vertex 5.70186 157.788 12.91
    endloop
  endfacet
  facet normal 0.040217 -0.999191 0
    outer loop
      vertex 5.70186 157.788 12.91
      vertex 6 157.8 14.1
      vertex 5.70186 157.788 14.1
    endloop
  endfacet
  facet normal 0.040217 -0.999191 0
    outer loop
      vertex 6 157.8 14.1
      vertex 5.70186 157.788 12.91
      vertex 6 157.8 12.91
    endloop
  endfacet
  facet normal 0 -1 0
    outer loop
      vertex 6 157.8 12.91
      vertex 154 157.8 14.1
      vertex 6 157.8 14.1
    endloop
  endfacet
  facet normal 0 -1 -0
    outer loop
      vertex 154 157.8 14.1
      vertex 6 157.8 12.91
      vertex 154 157.8 12.91
    endloop
  endfacet
  facet normal -0.0402358 -0.99919 0
    outer loop
      vertex 154 157.8 12.91
      vertex 154.298 157.788 14.1
      vertex 154 157.8 14.1
    endloop
  endfacet
  facet normal -0.0402358 -0.99919 -0
    outer loop
      vertex 154.298 157.788 14.1
      vertex 154 157.8 12.91
      vertex 154.298 157.788 12.91
    endloop
  endfacet
  facet normal -0.117425 -0.993082 0
    outer loop
      vertex 154.298 157.788 12.91
      vertex 154.594 157.753 14.1
      vertex 154.298 157.788 14.1
    endloop
  endfacet
  facet normal -0.117425 -0.993082 -0
    outer loop
      vertex 154.594 157.753 14.1
      vertex 154.298 157.788 12.91
      vertex 154.594 157.753 12.91
    endloop
  endfacet
  facet normal -0.194184 -0.980965 0
    outer loop
      vertex 154.594 157.753 12.91
      vertex 154.887 157.695 14.1
      vertex 154.594 157.753 14.1
    endloop
  endfacet
  facet normal -0.194184 -0.980965 -0
    outer loop
      vertex 154.887 157.695 14.1
      vertex 154.594 157.753 12.91
      vertex 154.887 157.695 12.91
    endloop
  endfacet
  facet normal -0.271619 -0.962405 0
    outer loop
      vertex 154.887 157.695 12.91
      vertex 155.174 157.614 14.1
      vertex 154.887 157.695 14.1
    endloop
  endfacet
  facet normal -0.271619 -0.962405 -0
    outer loop
      vertex 155.174 157.614 14.1
      vertex 154.887 157.695 12.91
      vertex 155.174 157.614 12.91
    endloop
  endfacet
  facet normal -0.345239 -0.938515 0
    outer loop
      vertex 155.174 157.614 12.91
      vertex 155.454 157.511 14.1
      vertex 155.174 157.614 14.1
    endloop
  endfacet
  facet normal -0.345239 -0.938515 -0
    outer loop
      vertex 155.454 157.511 14.1
      vertex 155.174 157.614 12.91
      vertex 155.454 157.511 12.91
    endloop
  endfacet
  facet normal -0.418846 -0.908057 0
    outer loop
      vertex 155.454 157.511 12.91
      vertex 155.725 157.386 14.1
      vertex 155.454 157.511 14.1
    endloop
  endfacet
  facet normal -0.418846 -0.908057 -0
    outer loop
      vertex 155.725 157.386 14.1
      vertex 155.454 157.511 12.91
      vertex 155.725 157.386 12.91
    endloop
  endfacet
  facet normal -0.489624 -0.871934 0
    outer loop
      vertex 155.725 157.386 12.91
      vertex 155.985 157.24 14.1
      vertex 155.725 157.386 14.1
    endloop
  endfacet
  facet normal -0.489624 -0.871934 -0
    outer loop
      vertex 155.985 157.24 14.1
      vertex 155.725 157.386 12.91
      vertex 155.985 157.24 12.91
    endloop
  endfacet
  facet normal -0.5547 -0.83205 0
    outer loop
      vertex 155.985 157.24 12.91
      vertex 156.234 157.074 14.1
      vertex 155.985 157.24 14.1
    endloop
  endfacet
  facet normal -0.5547 -0.83205 -0
    outer loop
      vertex 156.234 157.074 14.1
      vertex 155.985 157.24 12.91
      vertex 156.234 157.074 12.91
    endloop
  endfacet
  facet normal -0.618118 -0.786085 0
    outer loop
      vertex 156.234 157.074 12.91
      vertex 156.468 156.89 14.1
      vertex 156.234 157.074 14.1
    endloop
  endfacet
  facet normal -0.618118 -0.786085 -0
    outer loop
      vertex 156.468 156.89 14.1
      vertex 156.234 157.074 12.91
      vertex 156.468 156.89 12.91
    endloop
  endfacet
  facet normal -0.679809 -0.73339 0
    outer loop
      vertex 156.468 156.89 12.91
      vertex 156.687 156.687 14.1
      vertex 156.468 156.89 14.1
    endloop
  endfacet
  facet normal -0.679809 -0.73339 -0
    outer loop
      vertex 156.687 156.687 14.1
      vertex 156.468 156.89 12.91
      vertex 156.687 156.687 12.91
    endloop
  endfacet
  facet normal -0.73339 -0.679809 0
    outer loop
      vertex 156.89 156.468 12.91
      vertex 156.687 156.687 14.1
      vertex 156.687 156.687 12.91
    endloop
  endfacet
  facet normal -0.73339 -0.679809 0
    outer loop
      vertex 156.687 156.687 14.1
      vertex 156.89 156.468 12.91
      vertex 156.89 156.468 14.1
    endloop
  endfacet
  facet normal -0.786085 -0.618118 0
    outer loop
      vertex 157.074 156.234 12.91
      vertex 156.89 156.468 14.1
      vertex 156.89 156.468 12.91
    endloop
  endfacet
  facet normal -0.786085 -0.618118 0
    outer loop
      vertex 156.89 156.468 14.1
      vertex 157.074 156.234 12.91
      vertex 157.074 156.234 14.1
    endloop
  endfacet
  facet normal -0.83205 -0.5547 0
    outer loop
      vertex 157.24 155.985 12.91
      vertex 157.074 156.234 14.1
      vertex 157.074 156.234 12.91
    endloop
  endfacet
  facet normal -0.83205 -0.5547 0
    outer loop
      vertex 157.074 156.234 14.1
      vertex 157.24 155.985 12.91
      vertex 157.24 155.985 14.1
    endloop
  endfacet
  facet normal -0.871934 -0.489624 0
    outer loop
      vertex 157.386 155.725 12.91
      vertex 157.24 155.985 14.1
      vertex 157.24 155.985 12.91
    endloop
  endfacet
  facet normal -0.871934 -0.489624 0
    outer loop
      vertex 157.24 155.985 14.1
      vertex 157.386 155.725 12.91
      vertex 157.386 155.725 14.1
    endloop
  endfacet
  facet normal -0.908057 -0.418846 0
    outer loop
      vertex 157.511 155.454 12.91
      vertex 157.386 155.725 14.1
      vertex 157.386 155.725 12.91
    endloop
  endfacet
  facet normal -0.908057 -0.418846 0
    outer loop
      vertex 157.386 155.725 14.1
      vertex 157.511 155.454 12.91
      vertex 157.511 155.454 14.1
    endloop
  endfacet
  facet normal -0.938515 -0.345239 0
    outer loop
      vertex 157.614 155.174 12.91
      vertex 157.511 155.454 14.1
      vertex 157.511 155.454 12.91
    endloop
  endfacet
  facet normal -0.938515 -0.345239 0
    outer loop
      vertex 157.511 155.454 14.1
      vertex 157.614 155.174 12.91
      vertex 157.614 155.174 14.1
    endloop
  endfacet
  facet normal -0.962405 -0.271619 0
    outer loop
      vertex 157.695 154.887 12.91
      vertex 157.614 155.174 14.1
      vertex 157.614 155.174 12.91
    endloop
  endfacet
  facet normal -0.962405 -0.271619 0
    outer loop
      vertex 157.614 155.174 14.1
      vertex 157.695 154.887 12.91
      vertex 157.695 154.887 14.1
    endloop
  endfacet
  facet normal -0.980965 -0.194184 0
    outer loop
      vertex 157.753 154.594 12.91
      vertex 157.695 154.887 14.1
      vertex 157.695 154.887 12.91
    endloop
  endfacet
  facet normal -0.980965 -0.194184 0
    outer loop
      vertex 157.695 154.887 14.1
      vertex 157.753 154.594 12.91
      vertex 157.753 154.594 14.1
    endloop
  endfacet
  facet normal -0.993082 -0.117425 0
    outer loop
      vertex 157.788 154.298 12.91
      vertex 157.753 154.594 14.1
      vertex 157.753 154.594 12.91
    endloop
  endfacet
  facet normal -0.993082 -0.117425 0
    outer loop
      vertex 157.753 154.594 14.1
      vertex 157.788 154.298 12.91
      vertex 157.788 154.298 14.1
    endloop
  endfacet
  facet normal -0.99919 -0.0402358 0
    outer loop
      vertex 157.8 154 12.91
      vertex 157.788 154.298 14.1
      vertex 157.788 154.298 12.91
    endloop
  endfacet
  facet normal -0.99919 -0.0402358 0
    outer loop
      vertex 157.788 154.298 14.1
      vertex 157.8 154 12.91
      vertex 157.8 154 14.1
    endloop
  endfacet
  facet normal -1 0 0
    outer loop
      vertex 157.8 6 12.91
      vertex 157.8 154 14.1
      vertex 157.8 154 12.91
    endloop
  endfacet
  facet normal -1 -0 0
    outer loop
      vertex 157.8 154 14.1
      vertex 157.8 6 12.91
      vertex 157.8 6 14.1
    endloop
  endfacet
  facet normal -0.999191 0.040217 0
    outer loop
      vertex 157.788 5.70186 12.91
      vertex 157.8 6 14.1
      vertex 157.8 6 12.91
    endloop
  endfacet
  facet normal -0.999191 0.040217 0
    outer loop
      vertex 157.8 6 14.1
      vertex 157.788 5.70186 12.91
      vertex 157.788 5.70186 14.1
    endloop
  endfacet
  facet normal -0.993096 0.117304 0
    outer loop
      vertex 157.753 5.40555 12.91
      vertex 157.788 5.70186 14.1
      vertex 157.788 5.70186 12.91
    endloop
  endfacet
  facet normal -0.993096 0.117304 0
    outer loop
      vertex 157.788 5.70186 14.1
      vertex 157.753 5.40555 12.91
      vertex 157.753 5.40555 14.1
    endloop
  endfacet
  facet normal -0.980918 0.19442 0
    outer loop
      vertex 157.695 5.11292 12.91
      vertex 157.753 5.40555 14.1
      vertex 157.753 5.40555 12.91
    endloop
  endfacet
  facet normal -0.980918 0.19442 0
    outer loop
      vertex 157.753 5.40555 14.1
      vertex 157.695 5.11292 12.91
      vertex 157.695 5.11292 14.1
    endloop
  endfacet
  facet normal -0.962452 0.271453 0
    outer loop
      vertex 157.614 4.82573 12.91
      vertex 157.695 5.11292 14.1
      vertex 157.695 5.11292 12.91
    endloop
  endfacet
  facet normal -0.962452 0.271453 0
    outer loop
      vertex 157.695 5.11292 14.1
      vertex 157.614 4.82573 12.91
      vertex 157.614 4.82573 14.1
    endloop
  endfacet
  facet normal -0.938483 0.345326 0
    outer loop
      vertex 157.511 4.54581 12.91
      vertex 157.614 4.82573 14.1
      vertex 157.614 4.82573 12.91
    endloop
  endfacet
  facet normal -0.938483 0.345326 0
    outer loop
      vertex 157.614 4.82573 14.1
      vertex 157.511 4.54581 12.91
      vertex 157.511 4.54581 14.1
    endloop
  endfacet
  facet normal -0.90804 0.418884 0
    outer loop
      vertex 157.386 4.27484 12.91
      vertex 157.511 4.54581 14.1
      vertex 157.511 4.54581 12.91
    endloop
  endfacet
  facet normal -0.90804 0.418884 0
    outer loop
      vertex 157.511 4.54581 14.1
      vertex 157.386 4.27484 12.91
      vertex 157.386 4.27484 14.1
    endloop
  endfacet
  facet normal -0.872198 0.489152 0
    outer loop
      vertex 157.24 4.01451 12.91
      vertex 157.386 4.27484 14.1
      vertex 157.386 4.27484 12.91
    endloop
  endfacet
  facet normal -0.872198 0.489152 0
    outer loop
      vertex 157.386 4.27484 14.1
      vertex 157.24 4.01451 12.91
      vertex 157.24 4.01451 14.1
    endloop
  endfacet
  facet normal -0.831111 0.556106 0
    outer loop
      vertex 157.074 3.76642 12.91
      vertex 157.24 4.01451 14.1
      vertex 157.24 4.01451 12.91
    endloop
  endfacet
  facet normal -0.831111 0.556106 0
    outer loop
      vertex 157.24 4.01451 14.1
      vertex 157.074 3.76642 12.91
      vertex 157.074 3.76642 14.1
    endloop
  endfacet
  facet normal -0.786495 0.617596 0
    outer loop
      vertex 156.89 3.5321 12.91
      vertex 157.074 3.76642 14.1
      vertex 157.074 3.76642 12.91
    endloop
  endfacet
  facet normal -0.786495 0.617596 0
    outer loop
      vertex 157.074 3.76642 14.1
      vertex 156.89 3.5321 12.91
      vertex 156.89 3.5321 14.1
    endloop
  endfacet
  facet normal -0.73356 0.679625 0
    outer loop
      vertex 156.687 3.31299 12.91
      vertex 156.89 3.5321 14.1
      vertex 156.89 3.5321 12.91
    endloop
  endfacet
  facet normal -0.73356 0.679625 0
    outer loop
      vertex 156.89 3.5321 14.1
      vertex 156.687 3.31299 12.91
      vertex 156.687 3.31299 14.1
    endloop
  endfacet
  facet normal -0.678961 0.734175 0
    outer loop
      vertex 156.687 3.31299 12.91
      vertex 156.468 3.11046 14.1
      vertex 156.687 3.31299 14.1
    endloop
  endfacet
  facet normal -0.678961 0.734175 0
    outer loop
      vertex 156.468 3.11046 14.1
      vertex 156.687 3.31299 12.91
      vertex 156.468 3.11046 12.91
    endloop
  endfacet
  facet normal -0.619609 0.78491 0
    outer loop
      vertex 156.468 3.11046 12.91
      vertex 156.234 2.92574 14.1
      vertex 156.468 3.11046 14.1
    endloop
  endfacet
  facet normal -0.619609 0.78491 0
    outer loop
      vertex 156.234 2.92574 14.1
      vertex 156.468 3.11046 12.91
      vertex 156.234 2.92574 12.91
    endloop
  endfacet
  facet normal -0.554191 0.83239 0
    outer loop
      vertex 156.234 2.92574 12.91
      vertex 155.985 2.75996 14.1
      vertex 156.234 2.92574 14.1
    endloop
  endfacet
  facet normal -0.554191 0.83239 0
    outer loop
      vertex 155.985 2.75996 14.1
      vertex 156.234 2.92574 12.91
      vertex 155.985 2.75996 12.91
    endloop
  endfacet
  facet normal -0.489063 0.872248 0
    outer loop
      vertex 155.985 2.75996 12.91
      vertex 155.725 2.61418 14.1
      vertex 155.985 2.75996 14.1
    endloop
  endfacet
  facet normal -0.489063 0.872248 0
    outer loop
      vertex 155.725 2.61418 14.1
      vertex 155.985 2.75996 12.91
      vertex 155.725 2.61418 12.91
    endloop
  endfacet
  facet normal -0.418625 0.908159 0
    outer loop
      vertex 155.725 2.61418 12.91
      vertex 155.454 2.48926 14.1
      vertex 155.725 2.61418 14.1
    endloop
  endfacet
  facet normal -0.418625 0.908159 0
    outer loop
      vertex 155.454 2.48926 14.1
      vertex 155.725 2.61418 12.91
      vertex 155.454 2.48926 12.91
    endloop
  endfacet
  facet normal -0.346036 0.938221 0
    outer loop
      vertex 155.454 2.48926 12.91
      vertex 155.174 2.38599 14.1
      vertex 155.454 2.48926 14.1
    endloop
  endfacet
  facet normal -0.346036 0.938221 0
    outer loop
      vertex 155.174 2.38599 14.1
      vertex 155.454 2.48926 12.91
      vertex 155.174 2.38599 12.91
    endloop
  endfacet
  facet normal -0.271619 0.962405 0
    outer loop
      vertex 155.174 2.38599 12.91
      vertex 154.887 2.30499 14.1
      vertex 155.174 2.38599 14.1
    endloop
  endfacet
  facet normal -0.271619 0.962405 0
    outer loop
      vertex 154.887 2.30499 14.1
      vertex 155.174 2.38599 12.91
      vertex 154.887 2.30499 12.91
    endloop
  endfacet
  facet normal -0.194861 0.980831 0
    outer loop
      vertex 154.887 2.30499 12.91
      vertex 154.594 2.24678 14.1
      vertex 154.887 2.30499 14.1
    endloop
  endfacet
  facet normal -0.194861 0.980831 0
    outer loop
      vertex 154.594 2.24678 14.1
      vertex 154.887 2.30499 12.91
      vertex 154.594 2.24678 12.91
    endloop
  endfacet
  facet normal -0.117624 0.993058 0
    outer loop
      vertex 154.594 2.24678 12.91
      vertex 154.298 2.21172 14.1
      vertex 154.594 2.24678 14.1
    endloop
  endfacet
  facet normal -0.117624 0.993058 0
    outer loop
      vertex 154.298 2.21172 14.1
      vertex 154.594 2.24678 12.91
      vertex 154.298 2.21172 12.91
    endloop
  endfacet
  facet normal -0.0392985 0.999228 0
    outer loop
      vertex 154.298 2.21172 12.91
      vertex 154 2.2 14.1
      vertex 154.298 2.21172 14.1
    endloop
  endfacet
  facet normal -0.0392985 0.999228 0
    outer loop
      vertex 154 2.2 14.1
      vertex 154.298 2.21172 12.91
      vertex 154 2.2 12.91
    endloop
  endfacet
  facet normal 0 1 -0
    outer loop
      vertex 154 2.2 12.91
      vertex 6 2.2 14.1
      vertex 154 2.2 14.1
    endloop
  endfacet
  facet normal 0 1 0
    outer loop
      vertex 6 2.2 14.1
      vertex 154 2.2 12.91
      vertex 6 2.2 12.91
    endloop
  endfacet
  facet normal 0 0 -1
    outer loop
      vertex 157.5 6 1.4
      vertex 159.3 6 1.4
      vertex 159.284 5.58417 1.4
    endloop
  endfacet
  facet normal 0 0 -1
    outer loop
      vertex 159.3 6 1.4
      vertex 157.5 6 1.4
      vertex 159.3 154 1.4
    endloop
  endfacet
  facet normal 0 0 -1
    outer loop
      vertex 157.489 5.72539 1.4
      vertex 159.284 5.58417 1.4
      vertex 159.235 5.1709 1.4
    endloop
  endfacet
  facet normal 0 0 -1
    outer loop
      vertex 157.5 154 1.4
      vertex 159.3 154 1.4
      vertex 157.5 6 1.4
    endloop
  endfacet
  facet normal 0 0 -1
    outer loop
      vertex 157.457 5.45248 1.4
      vertex 159.235 5.1709 1.4
      vertex 159.154 4.76274 1.4
    endloop
  endfacet
  facet normal 0 0 -1
    outer loop
      vertex 159.3 154 1.4
      vertex 157.5 154 1.4
      vertex 159.284 154.416 1.4
    endloop
  endfacet
  facet normal 0 0 -1
    outer loop
      vertex 157.403 5.18294 1.4
      vertex 159.154 4.76274 1.4
      vertex 159.041 4.36221 1.4
    endloop
  endfacet
  facet normal 0 0 -1
    outer loop
      vertex 157.489 154.275 1.4
      vertex 159.284 154.416 1.4
      vertex 157.5 154 1.4
    endloop
  endfacet
  facet normal 0 0 -1
    outer loop
      vertex 157.329 4.91844 1.4
      vertex 159.041 4.36221 1.4
      vertex 158.897 3.97177 1.4
    endloop
  endfacet
  facet normal -0 0 -1
    outer loop
      vertex 159.284 154.416 1.4
      vertex 157.489 154.275 1.4
      vertex 159.235 154.829 1.4
    endloop
  endfacet
  facet normal 0 0 -1
    outer loop
      vertex 157.234 4.66061 1.4
      vertex 158.897 3.97177 1.4
      vertex 158.722 3.59386 1.4
    endloop
  endfacet
  facet normal 0 0 -1
    outer loop
      vertex 157.457 154.548 1.4
      vertex 159.235 154.829 1.4
      vertex 157.489 154.275 1.4
    endloop
  endfacet
  facet normal 0 0 -1
    outer loop
      vertex 157.119 4.41103 1.4
      vertex 158.722 3.59386 1.4
      vertex 158.519 3.23076 1.4
    endloop
  endfacet
  facet normal -0 0 -1
    outer loop
      vertex 159.235 154.829 1.4
      vertex 157.457 154.548 1.4
      vertex 159.154 155.237 1.4
    endloop
  endfacet
  facet normal 0 0 -1
    outer loop
      vertex 156.984 4.17125 1.4
      vertex 158.519 3.23076 1.4
      vertex 158.288 2.88474 1.4
    endloop
  endfacet
  facet normal 0 0 -1
    outer loop
      vertex 157.403 154.817 1.4
      vertex 159.154 155.237 1.4
      vertex 157.457 154.548 1.4
    endloop
  endfacet
  facet normal 0 0 -1
    outer loop
      vertex 156.832 3.94275 1.4
      vertex 158.288 2.88474 1.4
      vertex 158.03 2.55792 1.4
    endloop
  endfacet
  facet normal -0 0 -1
    outer loop
      vertex 159.154 155.237 1.4
      vertex 157.403 154.817 1.4
      vertex 159.041 155.638 1.4
    endloop
  endfacet
  facet normal 0 0 -1
    outer loop
      vertex 156.661 3.72693 1.4
      vertex 158.03 2.55792 1.4
      vertex 157.748 2.25233 1.4
    endloop
  endfacet
  facet normal 0 0 -1
    outer loop
      vertex 157.329 155.082 1.4
      vertex 159.041 155.638 1.4
      vertex 157.403 154.817 1.4
    endloop
  endfacet
  facet normal -0 0 -1
    outer loop
      vertex 159.041 155.638 1.4
      vertex 157.329 155.082 1.4
      vertex 158.897 156.028 1.4
    endloop
  endfacet
  facet normal 0 0 -1
    outer loop
      vertex 159.284 5.58417 1.4
      vertex 157.489 5.72539 1.4
      vertex 157.5 6 1.4
    endloop
  endfacet
  facet normal 0 0 -1
    outer loop
      vertex 159.235 5.1709 1.4
      vertex 157.457 5.45248 1.4
      vertex 157.489 5.72539 1.4
    endloop
  endfacet
  facet normal 0 0 -1
    outer loop
      vertex 156.475 3.52513 1.4
      vertex 157.748 2.25233 1.4
      vertex 157.442 1.96985 1.4
    endloop
  endfacet
  facet normal 0 0 -1
    outer loop
      vertex 159.154 4.76274 1.4
      vertex 157.403 5.18294 1.4
      vertex 157.457 5.45248 1.4
    endloop
  endfacet
  facet normal 0 0 -1
    outer loop
      vertex 159.041 4.36221 1.4
      vertex 157.329 4.91844 1.4
      vertex 157.403 5.18294 1.4
    endloop
  endfacet
  facet normal 0 0 -1
    outer loop
      vertex 158.897 3.97177 1.4
      vertex 157.234 4.66061 1.4
      vertex 157.329 4.91844 1.4
    endloop
  endfacet
  facet normal 0 0 -1
    outer loop
      vertex 158.722 3.59386 1.4
      vertex 157.119 4.41103 1.4
      vertex 157.234 4.66061 1.4
    endloop
  endfacet
  facet normal 0 0 -1
    outer loop
      vertex 156.273 3.33858 1.4
      vertex 157.442 1.96985 1.4
      vertex 157.115 1.7122 1.4
    endloop
  endfacet
  facet normal 0 0 -1
    outer loop
      vertex 158.519 3.23076 1.4
      vertex 156.984 4.17125 1.4
      vertex 157.119 4.41103 1.4
    endloop
  endfacet
  facet normal 0 0 -1
    outer loop
      vertex 158.288 2.88474 1.4
      vertex 156.832 3.94275 1.4
      vertex 156.984 4.17125 1.4
    endloop
  endfacet
  facet normal 0 0 -1
    outer loop
      vertex 156.057 3.16844 1.4
      vertex 157.115 1.7122 1.4
      vertex 156.769 1.481 1.4
    endloop
  endfacet
  facet normal 0 0 -1
    outer loop
      vertex 158.03 2.55792 1.4
      vertex 156.661 3.72693 1.4
      vertex 156.832 3.94275 1.4
    endloop
  endfacet
  facet normal 0 0 -1
    outer loop
      vertex 157.748 2.25233 1.4
      vertex 156.475 3.52513 1.4
      vertex 156.661 3.72693 1.4
    endloop
  endfacet
  facet normal 0 0 -1
    outer loop
      vertex 155.829 3.01576 1.4
      vertex 156.769 1.481 1.4
      vertex 156.406 1.27766 1.4
    endloop
  endfacet
  facet normal 0 0 -1
    outer loop
      vertex 157.442 1.96985 1.4
      vertex 156.273 3.33858 1.4
      vertex 156.475 3.52513 1.4
    endloop
  endfacet
  facet normal 0 0 -1
    outer loop
      vertex 157.115 1.7122 1.4
      vertex 156.057 3.16844 1.4
      vertex 156.273 3.33858 1.4
    endloop
  endfacet
  facet normal 0 0 -1
    outer loop
      vertex 155.589 2.88147 1.4
      vertex 156.406 1.27766 1.4
      vertex 156.028 1.10344 1.4
    endloop
  endfacet
  facet normal 0 0 -1
    outer loop
      vertex 156.769 1.481 1.4
      vertex 155.829 3.01576 1.4
      vertex 156.057 3.16844 1.4
    endloop
  endfacet
  facet normal 0 0 -1
    outer loop
      vertex 155.339 2.76642 1.4
      vertex 156.028 1.10344 1.4
      vertex 155.638 0.959396 1.4
    endloop
  endfacet
  facet normal 0 0 -1
    outer loop
      vertex 156.406 1.27766 1.4
      vertex 155.589 2.88147 1.4
      vertex 155.829 3.01576 1.4
    endloop
  endfacet
  facet normal 0 0 -1
    outer loop
      vertex 156.028 1.10344 1.4
      vertex 155.339 2.76642 1.4
      vertex 155.589 2.88147 1.4
    endloop
  endfacet
  facet normal 0 0 -1
    outer loop
      vertex 155.082 2.6713 1.4
      vertex 155.638 0.959396 1.4
      vertex 155.237 0.846436 1.4
    endloop
  endfacet
  facet normal 0 0 -1
    outer loop
      vertex 155.638 0.959396 1.4
      vertex 155.082 2.6713 1.4
      vertex 155.339 2.76642 1.4
    endloop
  endfacet
  facet normal 0 0 -1
    outer loop
      vertex 154.817 2.59671 1.4
      vertex 155.237 0.846436 1.4
      vertex 154.829 0.765259 1.4
    endloop
  endfacet
  facet normal 0 0 -1
    outer loop
      vertex 155.237 0.846436 1.4
      vertex 154.817 2.59671 1.4
      vertex 155.082 2.6713 1.4
    endloop
  endfacet
  facet normal 0 0 -1
    outer loop
      vertex 154.829 0.765259 1.4
      vertex 154.548 2.54309 1.4
      vertex 154.817 2.59671 1.4
    endloop
  endfacet
  facet normal 0 0 -1
    outer loop
      vertex 154.416 0.716339 1.4
      vertex 154.548 2.54309 1.4
      vertex 154.829 0.765259 1.4
    endloop
  endfacet
  facet normal 0 0 -1
    outer loop
      vertex 154.416 0.716339 1.4
      vertex 154.275 2.51079 1.4
      vertex 154.548 2.54309 1.4
    endloop
  endfacet
  facet normal 0 0 -1
    outer loop
      vertex 154 0.699997 1.4
      vertex 154.275 2.51079 1.4
      vertex 154.416 0.716339 1.4
    endloop
  endfacet
  facet normal 0 0 -1
    outer loop
      vertex 154 0.699997 1.4
      vertex 154 2.5 1.4
      vertex 154.275 2.51079 1.4
    endloop
  endfacet
  facet normal 0 0 -1
    outer loop
      vertex 6 0.699997 1.4
      vertex 154 2.5 1.4
      vertex 154 0.699997 1.4
    endloop
  endfacet
  facet normal 0 0 -1
    outer loop
      vertex 6 0.699997 1.4
      vertex 6 2.5 1.4
      vertex 154 2.5 1.4
    endloop
  endfacet
  facet normal 0 0 -1
    outer loop
      vertex 6 0.699997 1.4
      vertex 5.72539 2.51079 1.4
      vertex 6 2.5 1.4
    endloop
  endfacet
  facet normal 0 0 -1
    outer loop
      vertex 5.58417 0.716339 1.4
      vertex 5.72539 2.51079 1.4
      vertex 6 0.699997 1.4
    endloop
  endfacet
  facet normal 0 0 -1
    outer loop
      vertex 5.58417 0.716339 1.4
      vertex 5.45248 2.54309 1.4
      vertex 5.72539 2.51079 1.4
    endloop
  endfacet
  facet normal 0 0 -1
    outer loop
      vertex 5.1709 0.765259 1.4
      vertex 5.45248 2.54309 1.4
      vertex 5.58417 0.716339 1.4
    endloop
  endfacet
  facet normal -0 0 -1
    outer loop
      vertex 5.45248 2.54309 1.4
      vertex 5.1709 0.765259 1.4
      vertex 5.18294 2.59671 1.4
    endloop
  endfacet
  facet normal 0 0 -1
    outer loop
      vertex 4.76274 0.846436 1.4
      vertex 5.18294 2.59671 1.4
      vertex 5.1709 0.765259 1.4
    endloop
  endfacet
  facet normal -0 0 -1
    outer loop
      vertex 5.18294 2.59671 1.4
      vertex 4.76274 0.846436 1.4
      vertex 4.91844 2.6713 1.4
    endloop
  endfacet
  facet normal 0 0 -1
    outer loop
      vertex 4.36221 0.959396 1.4
      vertex 4.91844 2.6713 1.4
      vertex 4.76274 0.846436 1.4
    endloop
  endfacet
  facet normal -0 0 -1
    outer loop
      vertex 4.91844 2.6713 1.4
      vertex 4.36221 0.959396 1.4
      vertex 4.66061 2.76642 1.4
    endloop
  endfacet
  facet normal 0 0 -1
    outer loop
      vertex 3.97177 1.10344 1.4
      vertex 4.66061 2.76642 1.4
      vertex 4.36221 0.959396 1.4
    endloop
  endfacet
  facet normal -0 0 -1
    outer loop
      vertex 4.66061 2.76642 1.4
      vertex 3.97177 1.10344 1.4
      vertex 4.41103 2.88147 1.4
    endloop
  endfacet
  facet normal 0 0 -1
    outer loop
      vertex 3.59386 1.27766 1.4
      vertex 4.41103 2.88147 1.4
      vertex 3.97177 1.10344 1.4
    endloop
  endfacet
  facet normal -0 0 -1
    outer loop
      vertex 4.41103 2.88147 1.4
      vertex 3.59386 1.27766 1.4
      vertex 4.17125 3.01576 1.4
    endloop
  endfacet
  facet normal 0 0 -1
    outer loop
      vertex 3.23076 1.481 1.4
      vertex 4.17125 3.01576 1.4
      vertex 3.59386 1.27766 1.4
    endloop
  endfacet
  facet normal -0 0 -1
    outer loop
      vertex 4.17125 3.01576 1.4
      vertex 3.23076 1.481 1.4
      vertex 3.94275 3.16844 1.4
    endloop
  endfacet
  facet normal 0 0 -1
    outer loop
      vertex 2.88474 1.7122 1.4
      vertex 3.94275 3.16844 1.4
      vertex 3.23076 1.481 1.4
    endloop
  endfacet
  facet normal -0 0 -1
    outer loop
      vertex 3.94275 3.16844 1.4
      vertex 2.88474 1.7122 1.4
      vertex 3.72693 3.33858 1.4
    endloop
  endfacet
  facet normal 0 0 -1
    outer loop
      vertex 2.55792 1.96985 1.4
      vertex 3.72693 3.33858 1.4
      vertex 2.88474 1.7122 1.4
    endloop
  endfacet
  facet normal -0 0 -1
    outer loop
      vertex 3.72693 3.33858 1.4
      vertex 2.55792 1.96985 1.4
      vertex 3.52513 3.52513 1.4
    endloop
  endfacet
  facet normal 0 0 -1
    outer loop
      vertex 2.25233 2.25233 1.4
      vertex 3.52513 3.52513 1.4
      vertex 2.55792 1.96985 1.4
    endloop
  endfacet
  facet normal -0 0 -1
    outer loop
      vertex 3.52513 3.52513 1.4
      vertex 2.25233 2.25233 1.4
      vertex 3.33858 3.72693 1.4
    endloop
  endfacet
  facet normal 0 0 -1
    outer loop
      vertex 1.96985 2.55792 1.4
      vertex 3.33858 3.72693 1.4
      vertex 2.25233 2.25233 1.4
    endloop
  endfacet
  facet normal -0 0 -1
    outer loop
      vertex 3.33858 3.72693 1.4
      vertex 1.96985 2.55792 1.4
      vertex 3.16844 3.94275 1.4
    endloop
  endfacet
  facet normal 0 0 -1
    outer loop
      vertex 1.7122 2.88474 1.4
      vertex 3.16844 3.94275 1.4
      vertex 1.96985 2.55792 1.4
    endloop
  endfacet
  facet normal -0 0 -1
    outer loop
      vertex 3.16844 3.94275 1.4
      vertex 1.7122 2.88474 1.4
      vertex 3.01576 4.17125 1.4
    endloop
  endfacet
  facet normal 0 0 -1
    outer loop
      vertex 1.481 3.23076 1.4
      vertex 3.01576 4.17125 1.4
      vertex 1.7122 2.88474 1.4
    endloop
  endfacet
  facet normal -0 0 -1
    outer loop
      vertex 3.01576 4.17125 1.4
      vertex 1.481 3.23076 1.4
      vertex 2.88147 4.41103 1.4
    endloop
  endfacet
  facet normal 0 0 -1
    outer loop
      vertex 1.27766 3.59386 1.4
      vertex 2.88147 4.41103 1.4
      vertex 1.481 3.23076 1.4
    endloop
  endfacet
  facet normal -0 0 -1
    outer loop
      vertex 2.88147 4.41103 1.4
      vertex 1.27766 3.59386 1.4
      vertex 2.76642 4.66061 1.4
    endloop
  endfacet
  facet normal -0 0 -1
    outer loop
      vertex 2.76642 4.66061 1.4
      vertex 1.10344 3.97177 1.4
      vertex 2.6713 4.91844 1.4
    endloop
  endfacet
  facet normal 0 0 -1
    outer loop
      vertex 1.10344 3.97177 1.4
      vertex 2.76642 4.66061 1.4
      vertex 1.27766 3.59386 1.4
    endloop
  endfacet
  facet normal 0 0 -1
    outer loop
      vertex 157.234 155.339 1.4
      vertex 158.897 156.028 1.4
      vertex 157.329 155.082 1.4
    endloop
  endfacet
  facet normal -0 0 -1
    outer loop
      vertex 158.897 156.028 1.4
      vertex 157.234 155.339 1.4
      vertex 158.722 156.406 1.4
    endloop
  endfacet
  facet normal 0 0 -1
    outer loop
      vertex 157.119 155.589 1.4
      vertex 158.722 156.406 1.4
      vertex 157.234 155.339 1.4
    endloop
  endfacet
  facet normal -0 0 -1
    outer loop
      vertex 158.722 156.406 1.4
      vertex 157.119 155.589 1.4
      vertex 158.519 156.769 1.4
    endloop
  endfacet
  facet normal 0 0 -1
    outer loop
      vertex 156.984 155.829 1.4
      vertex 158.519 156.769 1.4
      vertex 157.119 155.589 1.4
    endloop
  endfacet
  facet normal -0 0 -1
    outer loop
      vertex 158.519 156.769 1.4
      vertex 156.984 155.829 1.4
      vertex 158.288 157.115 1.4
    endloop
  endfacet
  facet normal 0 0 -1
    outer loop
      vertex 156.832 156.057 1.4
      vertex 158.288 157.115 1.4
      vertex 156.984 155.829 1.4
    endloop
  endfacet
  facet normal -0 0 -1
    outer loop
      vertex 158.288 157.115 1.4
      vertex 156.832 156.057 1.4
      vertex 158.03 157.442 1.4
    endloop
  endfacet
  facet normal 0 0 -1
    outer loop
      vertex 156.661 156.273 1.4
      vertex 158.03 157.442 1.4
      vertex 156.832 156.057 1.4
    endloop
  endfacet
  facet normal -0 0 -1
    outer loop
      vertex 158.03 157.442 1.4
      vertex 156.661 156.273 1.4
      vertex 157.748 157.748 1.4
    endloop
  endfacet
  facet normal 0 0 -1
    outer loop
      vertex 156.475 156.475 1.4
      vertex 157.748 157.748 1.4
      vertex 156.661 156.273 1.4
    endloop
  endfacet
  facet normal -0 0 -1
    outer loop
      vertex 157.748 157.748 1.4
      vertex 156.475 156.475 1.4
      vertex 157.442 158.03 1.4
    endloop
  endfacet
  facet normal 0 0 -1
    outer loop
      vertex 156.273 156.661 1.4
      vertex 157.442 158.03 1.4
      vertex 156.475 156.475 1.4
    endloop
  endfacet
  facet normal -0 0 -1
    outer loop
      vertex 157.442 158.03 1.4
      vertex 156.273 156.661 1.4
      vertex 157.115 158.288 1.4
    endloop
  endfacet
  facet normal 0 0 -1
    outer loop
      vertex 156.057 156.832 1.4
      vertex 157.115 158.288 1.4
      vertex 156.273 156.661 1.4
    endloop
  endfacet
  facet normal -0 0 -1
    outer loop
      vertex 157.115 158.288 1.4
      vertex 156.057 156.832 1.4
      vertex 156.769 158.519 1.4
    endloop
  endfacet
  facet normal 0 0 -1
    outer loop
      vertex 155.829 156.984 1.4
      vertex 156.769 158.519 1.4
      vertex 156.057 156.832 1.4
    endloop
  endfacet
  facet normal -0 0 -1
    outer loop
      vertex 156.769 158.519 1.4
      vertex 155.829 156.984 1.4
      vertex 156.406 158.722 1.4
    endloop
  endfacet
  facet normal 0 0 -1
    outer loop
      vertex 155.589 157.119 1.4
      vertex 156.406 158.722 1.4
      vertex 155.829 156.984 1.4
    endloop
  endfacet
  facet normal -0 0 -1
    outer loop
      vertex 156.406 158.722 1.4
      vertex 155.589 157.119 1.4
      vertex 156.028 158.897 1.4
    endloop
  endfacet
  facet normal 0 0 -1
    outer loop
      vertex 155.339 157.234 1.4
      vertex 156.028 158.897 1.4
      vertex 155.589 157.119 1.4
    endloop
  endfacet
  facet normal -0 0 -1
    outer loop
      vertex 156.028 158.897 1.4
      vertex 155.339 157.234 1.4
      vertex 155.638 159.041 1.4
    endloop
  endfacet
  facet normal 0 0 -1
    outer loop
      vertex 155.082 157.329 1.4
      vertex 155.638 159.041 1.4
      vertex 155.339 157.234 1.4
    endloop
  endfacet
  facet normal -0 0 -1
    outer loop
      vertex 155.638 159.041 1.4
      vertex 155.082 157.329 1.4
      vertex 155.237 159.154 1.4
    endloop
  endfacet
  facet normal 0 0 -1
    outer loop
      vertex 154.817 157.403 1.4
      vertex 155.237 159.154 1.4
      vertex 155.082 157.329 1.4
    endloop
  endfacet
  facet normal -0 0 -1
    outer loop
      vertex 155.237 159.154 1.4
      vertex 154.817 157.403 1.4
      vertex 154.829 159.235 1.4
    endloop
  endfacet
  facet normal 0 0 -1
    outer loop
      vertex 154.548 157.457 1.4
      vertex 154.829 159.235 1.4
      vertex 154.817 157.403 1.4
    endloop
  endfacet
  facet normal 0 0 -1
    outer loop
      vertex 154.548 157.457 1.4
      vertex 154.416 159.284 1.4
      vertex 154.829 159.235 1.4
    endloop
  endfacet
  facet normal 0 0 -1
    outer loop
      vertex 154.275 157.489 1.4
      vertex 154.416 159.284 1.4
      vertex 154.548 157.457 1.4
    endloop
  endfacet
  facet normal 0 0 -1
    outer loop
      vertex 154 157.5 1.4
      vertex 154.416 159.284 1.4
      vertex 154.275 157.489 1.4
    endloop
  endfacet
  facet normal 0 0 -1
    outer loop
      vertex 154 157.5 1.4
      vertex 154 159.3 1.4
      vertex 154.416 159.284 1.4
    endloop
  endfacet
  facet normal 0 0 -1
    outer loop
      vertex 6 157.5 1.4
      vertex 154 159.3 1.4
      vertex 154 157.5 1.4
    endloop
  endfacet
  facet normal 0 0 -1
    outer loop
      vertex 6 157.5 1.4
      vertex 6 159.3 1.4
      vertex 154 159.3 1.4
    endloop
  endfacet
  facet normal 0 0 -1
    outer loop
      vertex 5.72539 157.489 1.4
      vertex 6 159.3 1.4
      vertex 6 157.5 1.4
    endloop
  endfacet
  facet normal 0 0 -1
    outer loop
      vertex 5.72539 157.489 1.4
      vertex 5.58417 159.284 1.4
      vertex 6 159.3 1.4
    endloop
  endfacet
  facet normal 0 0 -1
    outer loop
      vertex 5.45248 157.457 1.4
      vertex 5.58417 159.284 1.4
      vertex 5.72539 157.489 1.4
    endloop
  endfacet
  facet normal 0 0 -1
    outer loop
      vertex 5.1709 159.235 1.4
      vertex 5.45248 157.457 1.4
      vertex 5.18294 157.403 1.4
    endloop
  endfacet
  facet normal 0 0 -1
    outer loop
      vertex 5.45248 157.457 1.4
      vertex 5.1709 159.235 1.4
      vertex 5.58417 159.284 1.4
    endloop
  endfacet
  facet normal 0 0 -1
    outer loop
      vertex 4.76274 159.154 1.4
      vertex 5.18294 157.403 1.4
      vertex 4.91844 157.329 1.4
    endloop
  endfacet
  facet normal 0 0 -1
    outer loop
      vertex 5.18294 157.403 1.4
      vertex 4.76274 159.154 1.4
      vertex 5.1709 159.235 1.4
    endloop
  endfacet
  facet normal 0 0 -1
    outer loop
      vertex 4.36221 159.041 1.4
      vertex 4.91844 157.329 1.4
      vertex 4.66061 157.234 1.4
    endloop
  endfacet
  facet normal 0 0 -1
    outer loop
      vertex 3.97177 158.897 1.4
      vertex 4.66061 157.234 1.4
      vertex 4.41103 157.119 1.4
    endloop
  endfacet
  facet normal 0 0 -1
    outer loop
      vertex 4.91844 157.329 1.4
      vertex 4.36221 159.041 1.4
      vertex 4.76274 159.154 1.4
    endloop
  endfacet
  facet normal 0 0 -1
    outer loop
      vertex 3.59386 158.722 1.4
      vertex 4.41103 157.119 1.4
      vertex 4.17125 156.984 1.4
    endloop
  endfacet
  facet normal 0 0 -1
    outer loop
      vertex 4.66061 157.234 1.4
      vertex 3.97177 158.897 1.4
      vertex 4.36221 159.041 1.4
    endloop
  endfacet
  facet normal 0 0 -1
    outer loop
      vertex 3.23076 158.519 1.4
      vertex 4.17125 156.984 1.4
      vertex 3.94275 156.832 1.4
    endloop
  endfacet
  facet normal 0 0 -1
    outer loop
      vertex 2.88474 158.288 1.4
      vertex 3.94275 156.832 1.4
      vertex 3.72693 156.661 1.4
    endloop
  endfacet
  facet normal 0 0 -1
    outer loop
      vertex 4.41103 157.119 1.4
      vertex 3.59386 158.722 1.4
      vertex 3.97177 158.897 1.4
    endloop
  endfacet
  facet normal 0 0 -1
    outer loop
      vertex 2.55792 158.03 1.4
      vertex 3.72693 156.661 1.4
      vertex 3.52513 156.475 1.4
    endloop
  endfacet
  facet normal 0 0 -1
    outer loop
      vertex 2.25233 157.748 1.4
      vertex 3.52513 156.475 1.4
      vertex 3.33858 156.273 1.4
    endloop
  endfacet
  facet normal 0 0 -1
    outer loop
      vertex 4.17125 156.984 1.4
      vertex 3.23076 158.519 1.4
      vertex 3.59386 158.722 1.4
    endloop
  endfacet
  facet normal 0 0 -1
    outer loop
      vertex 1.96985 157.442 1.4
      vertex 3.33858 156.273 1.4
      vertex 3.16844 156.057 1.4
    endloop
  endfacet
  facet normal 0 0 -1
    outer loop
      vertex 1.7122 157.115 1.4
      vertex 3.16844 156.057 1.4
      vertex 3.01576 155.829 1.4
    endloop
  endfacet
  facet normal 0 0 -1
    outer loop
      vertex 3.94275 156.832 1.4
      vertex 2.88474 158.288 1.4
      vertex 3.23076 158.519 1.4
    endloop
  endfacet
  facet normal 0 0 -1
    outer loop
      vertex 1.481 156.769 1.4
      vertex 3.01576 155.829 1.4
      vertex 2.88147 155.589 1.4
    endloop
  endfacet
  facet normal 0 0 -1
    outer loop
      vertex 1.27766 156.406 1.4
      vertex 2.88147 155.589 1.4
      vertex 2.76642 155.339 1.4
    endloop
  endfacet
  facet normal 0 0 -1
    outer loop
      vertex 1.10344 156.028 1.4
      vertex 2.76642 155.339 1.4
      vertex 2.6713 155.082 1.4
    endloop
  endfacet
  facet normal 0 0 -1
    outer loop
      vertex 0.959396 155.638 1.4
      vertex 2.6713 155.082 1.4
      vertex 2.59671 154.817 1.4
    endloop
  endfacet
  facet normal 0 0 -1
    outer loop
      vertex 3.72693 156.661 1.4
      vertex 2.55792 158.03 1.4
      vertex 2.88474 158.288 1.4
    endloop
  endfacet
  facet normal 0 0 -1
    outer loop
      vertex 0.846436 155.237 1.4
      vertex 2.59671 154.817 1.4
      vertex 2.54309 154.548 1.4
    endloop
  endfacet
  facet normal 0 0 -1
    outer loop
      vertex 0.765259 154.829 1.4
      vertex 2.54309 154.548 1.4
      vertex 2.51079 154.275 1.4
    endloop
  endfacet
  facet normal 0 0 -1
    outer loop
      vertex 0.716339 154.416 1.4
      vertex 2.51079 154.275 1.4
      vertex 2.5 154 1.4
    endloop
  endfacet
  facet normal 0 0 -1
    outer loop
      vertex 3.52513 156.475 1.4
      vertex 2.25233 157.748 1.4
      vertex 2.55792 158.03 1.4
    endloop
  endfacet
  facet normal 0 0 -1
    outer loop
      vertex 2.5 6 1.4
      vertex 0.699997 6 1.4
      vertex 2.5 154 1.4
    endloop
  endfacet
  facet normal 0 0 -1
    outer loop
      vertex 0.959396 4.36221 1.4
      vertex 2.6713 4.91844 1.4
      vertex 1.10344 3.97177 1.4
    endloop
  endfacet
  facet normal 0 0 -1
    outer loop
      vertex 0.699997 154 1.4
      vertex 2.5 154 1.4
      vertex 0.699997 6 1.4
    endloop
  endfacet
  facet normal -0 0 -1
    outer loop
      vertex 2.6713 4.91844 1.4
      vertex 0.959396 4.36221 1.4
      vertex 2.59671 5.18294 1.4
    endloop
  endfacet
  facet normal 0 -0 -1
    outer loop
      vertex 0.716339 154.416 1.4
      vertex 2.5 154 1.4
      vertex 0.699997 154 1.4
    endloop
  endfacet
  facet normal 0 0 -1
    outer loop
      vertex 0.846436 4.76274 1.4
      vertex 2.59671 5.18294 1.4
      vertex 0.959396 4.36221 1.4
    endloop
  endfacet
  facet normal 0 0 -1
    outer loop
      vertex 3.33858 156.273 1.4
      vertex 1.96985 157.442 1.4
      vertex 2.25233 157.748 1.4
    endloop
  endfacet
  facet normal -0 0 -1
    outer loop
      vertex 2.59671 5.18294 1.4
      vertex 0.846436 4.76274 1.4
      vertex 2.54309 5.45248 1.4
    endloop
  endfacet
  facet normal 0 0 -1
    outer loop
      vertex 3.16844 156.057 1.4
      vertex 1.7122 157.115 1.4
      vertex 1.96985 157.442 1.4
    endloop
  endfacet
  facet normal 0 0 -1
    outer loop
      vertex 0.765259 5.1709 1.4
      vertex 2.54309 5.45248 1.4
      vertex 0.846436 4.76274 1.4
    endloop
  endfacet
  facet normal 0 0 -1
    outer loop
      vertex 3.01576 155.829 1.4
      vertex 1.481 156.769 1.4
      vertex 1.7122 157.115 1.4
    endloop
  endfacet
  facet normal -0 0 -1
    outer loop
      vertex 2.54309 5.45248 1.4
      vertex 0.765259 5.1709 1.4
      vertex 2.51079 5.72539 1.4
    endloop
  endfacet
  facet normal 0 0 -1
    outer loop
      vertex 2.88147 155.589 1.4
      vertex 1.27766 156.406 1.4
      vertex 1.481 156.769 1.4
    endloop
  endfacet
  facet normal 0 0 -1
    outer loop
      vertex 0.716339 5.58417 1.4
      vertex 2.51079 5.72539 1.4
      vertex 0.765259 5.1709 1.4
    endloop
  endfacet
  facet normal 0 0 -1
    outer loop
      vertex 2.76642 155.339 1.4
      vertex 1.10344 156.028 1.4
      vertex 1.27766 156.406 1.4
    endloop
  endfacet
  facet normal -0 0 -1
    outer loop
      vertex 2.51079 5.72539 1.4
      vertex 0.716339 5.58417 1.4
      vertex 2.5 6 1.4
    endloop
  endfacet
  facet normal 0 0 -1
    outer loop
      vertex 2.6713 155.082 1.4
      vertex 0.959396 155.638 1.4
      vertex 1.10344 156.028 1.4
    endloop
  endfacet
  facet normal -0 0 -1
    outer loop
      vertex 2.5 6 1.4
      vertex 0.716339 5.58417 1.4
      vertex 0.699997 6 1.4
    endloop
  endfacet
  facet normal 0 0 -1
    outer loop
      vertex 2.59671 154.817 1.4
      vertex 0.846436 155.237 1.4
      vertex 0.959396 155.638 1.4
    endloop
  endfacet
  facet normal 0 0 -1
    outer loop
      vertex 2.54309 154.548 1.4
      vertex 0.765259 154.829 1.4
      vertex 0.846436 155.237 1.4
    endloop
  endfacet
  facet normal 0 0 -1
    outer loop
      vertex 2.51079 154.275 1.4
      vertex 0.716339 154.416 1.4
      vertex 0.765259 154.829 1.4
    endloop
  endfacet
  facet normal -0.117628 0.993058 0
    outer loop
      vertex 154.829 0.765259 0
      vertex 154.416 0.716339 1.4
      vertex 154.829 0.765259 1.4
    endloop
  endfacet
  facet normal -0.117628 0.993058 0
    outer loop
      vertex 154.416 0.716339 1.4
      vertex 154.829 0.765259 0
      vertex 154.416 0.716339 0
    endloop
  endfacet
  facet normal -0.195138 0.980776 0
    outer loop
      vertex 155.237 0.846436 0
      vertex 154.829 0.765259 1.4
      vertex 155.237 0.846436 1.4
    endloop
  endfacet
  facet normal -0.195138 0.980776 0
    outer loop
      vertex 154.829 0.765259 1.4
      vertex 155.237 0.846436 0
      vertex 154.829 0.765259 0
    endloop
  endfacet
  facet normal -0.271143 0.962539 0
    outer loop
      vertex 155.638 0.959396 0
      vertex 155.237 0.846436 1.4
      vertex 155.638 0.959396 1.4
    endloop
  endfacet
  facet normal -0.271143 0.962539 0
    outer loop
      vertex 155.237 0.846436 1.4
      vertex 155.638 0.959396 0
      vertex 155.237 0.846436 0
    endloop
  endfacet
  facet normal -0.346467 0.938062 0
    outer loop
      vertex 156.028 1.10344 0
      vertex 155.638 0.959396 1.4
      vertex 156.028 1.10344 1.4
    endloop
  endfacet
  facet normal -0.346467 0.938062 0
    outer loop
      vertex 155.638 0.959396 1.4
      vertex 156.028 1.10344 0
      vertex 155.638 0.959396 0
    endloop
  endfacet
  facet normal -0.41858 0.90818 0
    outer loop
      vertex 156.406 1.27766 0
      vertex 156.028 1.10344 1.4
      vertex 156.406 1.27766 1.4
    endloop
  endfacet
  facet normal -0.41858 0.90818 0
    outer loop
      vertex 156.028 1.10344 1.4
      vertex 156.406 1.27766 0
      vertex 156.028 1.10344 0
    endloop
  endfacet
  facet normal -0.488713 0.872445 0
    outer loop
      vertex 156.769 1.481 0
      vertex 156.406 1.27766 1.4
      vertex 156.769 1.481 1.4
    endloop
  endfacet
  facet normal -0.488713 0.872445 0
    outer loop
      vertex 156.406 1.27766 1.4
      vertex 156.769 1.481 0
      vertex 156.406 1.27766 0
    endloop
  endfacet
  facet normal -0.555587 0.831458 0
    outer loop
      vertex 157.115 1.7122 0
      vertex 156.769 1.481 1.4
      vertex 157.115 1.7122 1.4
    endloop
  endfacet
  facet normal -0.555587 0.831458 0
    outer loop
      vertex 156.769 1.481 1.4
      vertex 157.115 1.7122 0
      vertex 156.769 1.481 0
    endloop
  endfacet
  facet normal -0.618892 0.785476 0
    outer loop
      vertex 157.442 1.96985 0
      vertex 157.115 1.7122 1.4
      vertex 157.442 1.96985 1.4
    endloop
  endfacet
  facet normal -0.618892 0.785476 0
    outer loop
      vertex 157.115 1.7122 1.4
      vertex 157.442 1.96985 0
      vertex 157.115 1.7122 0
    endloop
  endfacet
  facet normal -0.678304 0.734781 0
    outer loop
      vertex 157.748 2.25233 0
      vertex 157.442 1.96985 1.4
      vertex 157.748 2.25233 1.4
    endloop
  endfacet
  facet normal -0.678304 0.734781 0
    outer loop
      vertex 157.442 1.96985 1.4
      vertex 157.748 2.25233 0
      vertex 157.442 1.96985 0
    endloop
  endfacet
  facet normal -0.734903 0.678172 0
    outer loop
      vertex 157.748 2.25233 0
      vertex 158.03 2.55792 1.4
      vertex 158.03 2.55792 0
    endloop
  endfacet
  facet normal -0.734903 0.678172 0
    outer loop
      vertex 158.03 2.55792 1.4
      vertex 157.748 2.25233 0
      vertex 157.748 2.25233 1.4
    endloop
  endfacet
  facet normal -0.784901 0.619621 0
    outer loop
      vertex 158.03 2.55792 0
      vertex 158.288 2.88474 1.4
      vertex 158.288 2.88474 0
    endloop
  endfacet
  facet normal -0.784901 0.619621 0
    outer loop
      vertex 158.288 2.88474 1.4
      vertex 158.03 2.55792 0
      vertex 158.03 2.55792 1.4
    endloop
  endfacet
  facet normal -0.831695 0.555233 0
    outer loop
      vertex 158.288 2.88474 0
      vertex 158.519 3.23076 1.4
      vertex 158.519 3.23076 0
    endloop
  endfacet
  facet normal -0.831695 0.555233 0
    outer loop
      vertex 158.519 3.23076 1.4
      vertex 158.288 2.88474 0
      vertex 158.288 2.88474 1.4
    endloop
  endfacet
  facet normal -0.87285 0.487988 0
    outer loop
      vertex 158.519 3.23076 0
      vertex 158.722 3.59386 1.4
      vertex 158.722 3.59386 0
    endloop
  endfacet
  facet normal -0.87285 0.487988 0
    outer loop
      vertex 158.722 3.59386 1.4
      vertex 158.519 3.23076 0
      vertex 158.519 3.23076 1.4
    endloop
  endfacet
  facet normal -0.907429 0.420206 0
    outer loop
      vertex 158.722 3.59386 0
      vertex 158.897 3.97177 1.4
      vertex 158.897 3.97177 0
    endloop
  endfacet
  facet normal -0.907429 0.420206 0
    outer loop
      vertex 158.897 3.97177 1.4
      vertex 158.722 3.59386 0
      vertex 158.722 3.59386 1.4
    endloop
  endfacet
  facet normal -0.938223 0.346031 0
    outer loop
      vertex 158.897 3.97177 0
      vertex 159.041 4.36221 1.4
      vertex 159.041 4.36221 0
    endloop
  endfacet
  facet normal -0.938223 0.346031 0
    outer loop
      vertex 159.041 4.36221 1.4
      vertex 158.897 3.97177 0
      vertex 158.897 3.97177 1.4
    endloop
  endfacet
  facet normal -0.962431 0.271527 0
    outer loop
      vertex 159.041 4.36221 0
      vertex 159.154 4.76274 1.4
      vertex 159.154 4.76274 0
    endloop
  endfacet
  facet normal -0.962431 0.271527 0
    outer loop
      vertex 159.154 4.76274 1.4
      vertex 159.041 4.36221 0
      vertex 159.041 4.36221 1.4
    endloop
  endfacet
  facet normal -0.980872 0.194656 0
    outer loop
      vertex 159.154 4.76274 0
      vertex 159.235 5.1709 1.4
      vertex 159.235 5.1709 0
    endloop
  endfacet
  facet normal -0.980872 0.194656 0
    outer loop
      vertex 159.235 5.1709 1.4
      vertex 159.154 4.76274 0
      vertex 159.154 4.76274 1.4
    endloop
  endfacet
  facet normal -0.993044 0.117742 0
    outer loop
      vertex 159.235 5.1709 0
      vertex 159.284 5.58417 1.4
      vertex 159.284 5.58417 0
    endloop
  endfacet
  facet normal -0.993044 0.117742 0
    outer loop
      vertex 159.284 5.58417 1.4
      vertex 159.235 5.1709 0
      vertex 159.235 5.1709 1.4
    endloop
  endfacet
  facet normal -0.999261 0.0384488 0
    outer loop
      vertex 159.284 5.58417 0
      vertex 159.3 6 1.4
      vertex 159.3 6 0
    endloop
  endfacet
  facet normal -0.999261 0.0384488 0
    outer loop
      vertex 159.3 6 1.4
      vertex 159.284 5.58417 0
      vertex 159.284 5.58417 1.4
    endloop
  endfacet
  facet normal -1 0 0
    outer loop
      vertex 159.3 6 0
      vertex 159.3 154 1.4
      vertex 159.3 154 0
    endloop
  endfacet
  facet normal -1 -0 0
    outer loop
      vertex 159.3 154 1.4
      vertex 159.3 6 0
      vertex 159.3 6 1.4
    endloop
  endfacet
  facet normal -0.999261 -0.0384331 0
    outer loop
      vertex 159.3 154 0
      vertex 159.284 154.416 1.4
      vertex 159.284 154.416 0
    endloop
  endfacet
  facet normal -0.999261 -0.0384331 0
    outer loop
      vertex 159.284 154.416 1.4
      vertex 159.3 154 0
      vertex 159.3 154 1.4
    endloop
  endfacet
  facet normal -0.993035 -0.117818 0
    outer loop
      vertex 159.284 154.416 0
      vertex 159.235 154.829 1.4
      vertex 159.235 154.829 0
    endloop
  endfacet
  facet normal -0.993035 -0.117818 0
    outer loop
      vertex 159.235 154.829 1.4
      vertex 159.284 154.416 0
      vertex 159.284 154.416 1.4
    endloop
  endfacet
  facet normal -0.980857 -0.194729 0
    outer loop
      vertex 159.235 154.829 0
      vertex 159.154 155.237 1.4
      vertex 159.154 155.237 0
    endloop
  endfacet
  facet normal -0.980857 -0.194729 0
    outer loop
      vertex 159.154 155.237 1.4
      vertex 159.235 154.829 0
      vertex 159.235 154.829 1.4
    endloop
  endfacet
  facet normal -0.962514 -0.271232 0
    outer loop
      vertex 159.154 155.237 0
      vertex 159.041 155.638 1.4
      vertex 159.041 155.638 0
    endloop
  endfacet
  facet normal -0.962514 -0.271232 0
    outer loop
      vertex 159.041 155.638 1.4
      vertex 159.154 155.237 0
      vertex 159.154 155.237 1.4
    endloop
  endfacet
  facet normal -0.938096 -0.346374 0
    outer loop
      vertex 159.041 155.638 0
      vertex 158.897 156.028 1.4
      vertex 158.897 156.028 0
    endloop
  endfacet
  facet normal -0.938096 -0.346374 0
    outer loop
      vertex 158.897 156.028 1.4
      vertex 159.041 155.638 0
      vertex 159.041 155.638 1.4
    endloop
  endfacet
  facet normal -0.907467 -0.420124 0
    outer loop
      vertex 158.897 156.028 0
      vertex 158.722 156.406 1.4
      vertex 158.722 156.406 0
    endloop
  endfacet
  facet normal -0.907467 -0.420124 0
    outer loop
      vertex 158.722 156.406 1.4
      vertex 158.897 156.028 0
      vertex 158.897 156.028 1.4
    endloop
  endfacet
  facet normal -0.872793 -0.488091 0
    outer loop
      vertex 158.722 156.406 0
      vertex 158.519 156.769 1.4
      vertex 158.519 156.769 0
    endloop
  endfacet
  facet normal -0.872793 -0.488091 0
    outer loop
      vertex 158.519 156.769 1.4
      vertex 158.722 156.406 0
      vertex 158.722 156.406 1.4
    endloop
  endfacet
  facet normal -0.83168 -0.555255 0
    outer loop
      vertex 158.519 156.769 0
      vertex 158.288 157.115 1.4
      vertex 158.288 157.115 0
    endloop
  endfacet
  facet normal -0.83168 -0.555255 0
    outer loop
      vertex 158.288 157.115 1.4
      vertex 158.519 156.769 0
      vertex 158.519 156.769 1.4
    endloop
  endfacet
  facet normal -0.785067 -0.619411 0
    outer loop
      vertex 158.288 157.115 0
      vertex 158.03 157.442 1.4
      vertex 158.03 157.442 0
    endloop
  endfacet
  facet normal -0.785067 -0.619411 0
    outer loop
      vertex 158.03 157.442 1.4
      vertex 158.288 157.115 0
      vertex 158.288 157.115 1.4
    endloop
  endfacet
  facet normal -0.735356 -0.677681 0
    outer loop
      vertex 158.03 157.442 0
      vertex 157.748 157.748 1.4
      vertex 157.748 157.748 0
    endloop
  endfacet
  facet normal -0.735356 -0.677681 0
    outer loop
      vertex 157.748 157.748 1.4
      vertex 158.03 157.442 0
      vertex 158.03 157.442 1.4
    endloop
  endfacet
  facet normal -0.677681 -0.735356 0
    outer loop
      vertex 157.442 158.03 0
      vertex 157.748 157.748 1.4
      vertex 157.442 158.03 1.4
    endloop
  endfacet
  facet normal -0.677681 -0.735356 -0
    outer loop
      vertex 157.748 157.748 1.4
      vertex 157.442 158.03 0
      vertex 157.748 157.748 0
    endloop
  endfacet
  facet normal -0.619411 -0.785067 0
    outer loop
      vertex 157.115 158.288 0
      vertex 157.442 158.03 1.4
      vertex 157.115 158.288 1.4
    endloop
  endfacet
  facet normal -0.619411 -0.785067 -0
    outer loop
      vertex 157.442 158.03 1.4
      vertex 157.115 158.288 0
      vertex 157.442 158.03 0
    endloop
  endfacet
  facet normal -0.555255 -0.83168 0
    outer loop
      vertex 156.769 158.519 0
      vertex 157.115 158.288 1.4
      vertex 156.769 158.519 1.4
    endloop
  endfacet
  facet normal -0.555255 -0.83168 -0
    outer loop
      vertex 157.115 158.288 1.4
      vertex 156.769 158.519 0
      vertex 157.115 158.288 0
    endloop
  endfacet
  facet normal -0.488091 -0.872793 0
    outer loop
      vertex 156.406 158.722 0
      vertex 156.769 158.519 1.4
      vertex 156.406 158.722 1.4
    endloop
  endfacet
  facet normal -0.488091 -0.872793 -0
    outer loop
      vertex 156.769 158.519 1.4
      vertex 156.406 158.722 0
      vertex 156.769 158.519 0
    endloop
  endfacet
  facet normal -0.420124 -0.907467 0
    outer loop
      vertex 156.028 158.897 0
      vertex 156.406 158.722 1.4
      vertex 156.028 158.897 1.4
    endloop
  endfacet
  facet normal -0.420124 -0.907467 -0
    outer loop
      vertex 156.406 158.722 1.4
      vertex 156.028 158.897 0
      vertex 156.406 158.722 0
    endloop
  endfacet
  facet normal -0.346374 -0.938096 0
    outer loop
      vertex 155.638 159.041 0
      vertex 156.028 158.897 1.4
      vertex 155.638 159.041 1.4
    endloop
  endfacet
  facet normal -0.346374 -0.938096 -0
    outer loop
      vertex 156.028 158.897 1.4
      vertex 155.638 159.041 0
      vertex 156.028 158.897 0
    endloop
  endfacet
  facet normal -0.271232 -0.962514 0
    outer loop
      vertex 155.237 159.154 0
      vertex 155.638 159.041 1.4
      vertex 155.237 159.154 1.4
    endloop
  endfacet
  facet normal -0.271232 -0.962514 -0
    outer loop
      vertex 155.638 159.041 1.4
      vertex 155.237 159.154 0
      vertex 155.638 159.041 0
    endloop
  endfacet
  facet normal -0.194729 -0.980857 0
    outer loop
      vertex 154.829 159.235 0
      vertex 155.237 159.154 1.4
      vertex 154.829 159.235 1.4
    endloop
  endfacet
  facet normal -0.194729 -0.980857 -0
    outer loop
      vertex 155.237 159.154 1.4
      vertex 154.829 159.235 0
      vertex 155.237 159.154 0
    endloop
  endfacet
  facet normal -0.117818 -0.993035 0
    outer loop
      vertex 154.416 159.284 0
      vertex 154.829 159.235 1.4
      vertex 154.416 159.284 1.4
    endloop
  endfacet
  facet normal -0.117818 -0.993035 -0
    outer loop
      vertex 154.829 159.235 1.4
      vertex 154.416 159.284 0
      vertex 154.829 159.235 0
    endloop
  endfacet
  facet normal -0.0384331 -0.999261 0
    outer loop
      vertex 154 159.3 0
      vertex 154.416 159.284 1.4
      vertex 154 159.3 1.4
    endloop
  endfacet
  facet normal -0.0384331 -0.999261 -0
    outer loop
      vertex 154.416 159.284 1.4
      vertex 154 159.3 0
      vertex 154.416 159.284 0
    endloop
  endfacet
  facet normal 0 -1 0
    outer loop
      vertex 6 159.3 0
      vertex 154 159.3 1.4
      vertex 6 159.3 1.4
    endloop
  endfacet
  facet normal 0 -1 -0
    outer loop
      vertex 154 159.3 1.4
      vertex 6 159.3 0
      vertex 154 159.3 0
    endloop
  endfacet
  facet normal 0.0384488 -0.999261 0
    outer loop
      vertex 5.58417 159.284 0
      vertex 6 159.3 1.4
      vertex 5.58417 159.284 1.4
    endloop
  endfacet
  facet normal 0.0384488 -0.999261 0
    outer loop
      vertex 6 159.3 1.4
      vertex 5.58417 159.284 0
      vertex 6 159.3 0
    endloop
  endfacet
  facet normal 0.117742 -0.993044 0
    outer loop
      vertex 5.1709 159.235 0
      vertex 5.58417 159.284 1.4
      vertex 5.1709 159.235 1.4
    endloop
  endfacet
  facet normal 0.117742 -0.993044 0
    outer loop
      vertex 5.58417 159.284 1.4
      vertex 5.1709 159.235 0
      vertex 5.58417 159.284 0
    endloop
  endfacet
  facet normal 0.194656 -0.980872 0
    outer loop
      vertex 4.76274 159.154 0
      vertex 5.1709 159.235 1.4
      vertex 4.76274 159.154 1.4
    endloop
  endfacet
  facet normal 0.194656 -0.980872 0
    outer loop
      vertex 5.1709 159.235 1.4
      vertex 4.76274 159.154 0
      vertex 5.1709 159.235 0
    endloop
  endfacet
  facet normal 0.271527 -0.962431 0
    outer loop
      vertex 4.36221 159.041 0
      vertex 4.76274 159.154 1.4
      vertex 4.36221 159.041 1.4
    endloop
  endfacet
  facet normal 0.271527 -0.962431 0
    outer loop
      vertex 4.76274 159.154 1.4
      vertex 4.36221 159.041 0
      vertex 4.76274 159.154 0
    endloop
  endfacet
  facet normal 0.346031 -0.938223 0
    outer loop
      vertex 3.97177 158.897 0
      vertex 4.36221 159.041 1.4
      vertex 3.97177 158.897 1.4
    endloop
  endfacet
  facet normal 0.346031 -0.938223 0
    outer loop
      vertex 4.36221 159.041 1.4
      vertex 3.97177 158.897 0
      vertex 4.36221 159.041 0
    endloop
  endfacet
  facet normal 0.420206 -0.907429 0
    outer loop
      vertex 3.59386 158.722 0
      vertex 3.97177 158.897 1.4
      vertex 3.59386 158.722 1.4
    endloop
  endfacet
  facet normal 0.420206 -0.907429 0
    outer loop
      vertex 3.97177 158.897 1.4
      vertex 3.59386 158.722 0
      vertex 3.97177 158.897 0
    endloop
  endfacet
  facet normal 0.487988 -0.87285 0
    outer loop
      vertex 3.23076 158.519 0
      vertex 3.59386 158.722 1.4
      vertex 3.23076 158.519 1.4
    endloop
  endfacet
  facet normal 0.487988 -0.87285 0
    outer loop
      vertex 3.59386 158.722 1.4
      vertex 3.23076 158.519 0
      vertex 3.59386 158.722 0
    endloop
  endfacet
  facet normal 0.555233 -0.831695 0
    outer loop
      vertex 2.88474 158.288 0
      vertex 3.23076 158.519 1.4
      vertex 2.88474 158.288 1.4
    endloop
  endfacet
  facet normal 0.555233 -0.831695 0
    outer loop
      vertex 3.23076 158.519 1.4
      vertex 2.88474 158.288 0
      vertex 3.23076 158.519 0
    endloop
  endfacet
  facet normal 0.619621 -0.784901 0
    outer loop
      vertex 2.55792 158.03 0
      vertex 2.88474 158.288 1.4
      vertex 2.55792 158.03 1.4
    endloop
  endfacet
  facet normal 0.619621 -0.784901 0
    outer loop
      vertex 2.88474 158.288 1.4
      vertex 2.55792 158.03 0
      vertex 2.88474 158.288 0
    endloop
  endfacet
  facet normal 0.678172 -0.734903 0
    outer loop
      vertex 2.25233 157.748 0
      vertex 2.55792 158.03 1.4
      vertex 2.25233 157.748 1.4
    endloop
  endfacet
  facet normal 0.678172 -0.734903 0
    outer loop
      vertex 2.55792 158.03 1.4
      vertex 2.25233 157.748 0
      vertex 2.55792 158.03 0
    endloop
  endfacet
  facet normal 0.734781 -0.678304 0
    outer loop
      vertex 1.96985 157.442 1.4
      vertex 2.25233 157.748 0
      vertex 2.25233 157.748 1.4
    endloop
  endfacet
  facet normal 0.734781 -0.678304 0
    outer loop
      vertex 2.25233 157.748 0
      vertex 1.96985 157.442 1.4
      vertex 1.96985 157.442 0
    endloop
  endfacet
  facet normal 0.785476 -0.618892 0
    outer loop
      vertex 1.7122 157.115 1.4
      vertex 1.96985 157.442 0
      vertex 1.96985 157.442 1.4
    endloop
  endfacet
  facet normal 0.785476 -0.618892 0
    outer loop
      vertex 1.96985 157.442 0
      vertex 1.7122 157.115 1.4
      vertex 1.7122 157.115 0
    endloop
  endfacet
  facet normal 0.831458 -0.555587 0
    outer loop
      vertex 1.481 156.769 1.4
      vertex 1.7122 157.115 0
      vertex 1.7122 157.115 1.4
    endloop
  endfacet
  facet normal 0.831458 -0.555587 0
    outer loop
      vertex 1.7122 157.115 0
      vertex 1.481 156.769 1.4
      vertex 1.481 156.769 0
    endloop
  endfacet
  facet normal 0.872445 -0.488713 0
    outer loop
      vertex 1.27766 156.406 1.4
      vertex 1.481 156.769 0
      vertex 1.481 156.769 1.4
    endloop
  endfacet
  facet normal 0.872445 -0.488713 0
    outer loop
      vertex 1.481 156.769 0
      vertex 1.27766 156.406 1.4
      vertex 1.27766 156.406 0
    endloop
  endfacet
  facet normal 0.90818 -0.41858 0
    outer loop
      vertex 1.10344 156.028 1.4
      vertex 1.27766 156.406 0
      vertex 1.27766 156.406 1.4
    endloop
  endfacet
  facet normal 0.90818 -0.41858 0
    outer loop
      vertex 1.27766 156.406 0
      vertex 1.10344 156.028 1.4
      vertex 1.10344 156.028 0
    endloop
  endfacet
  facet normal 0.938062 -0.346467 0
    outer loop
      vertex 0.959396 155.638 1.4
      vertex 1.10344 156.028 0
      vertex 1.10344 156.028 1.4
    endloop
  endfacet
  facet normal 0.938062 -0.346467 0
    outer loop
      vertex 1.10344 156.028 0
      vertex 0.959396 155.638 1.4
      vertex 0.959396 155.638 0
    endloop
  endfacet
  facet normal 0.962539 -0.271143 0
    outer loop
      vertex 0.846436 155.237 1.4
      vertex 0.959396 155.638 0
      vertex 0.959396 155.638 1.4
    endloop
  endfacet
  facet normal 0.962539 -0.271143 0
    outer loop
      vertex 0.959396 155.638 0
      vertex 0.846436 155.237 1.4
      vertex 0.846436 155.237 0
    endloop
  endfacet
  facet normal 0.980776 -0.195138 0
    outer loop
      vertex 0.765259 154.829 1.4
      vertex 0.846436 155.237 0
      vertex 0.846436 155.237 1.4
    endloop
  endfacet
  facet normal 0.980776 -0.195138 0
    outer loop
      vertex 0.846436 155.237 0
      vertex 0.765259 154.829 1.4
      vertex 0.765259 154.829 0
    endloop
  endfacet
  facet normal 0.993058 -0.117628 0
    outer loop
      vertex 0.716339 154.416 1.4
      vertex 0.765259 154.829 0
      vertex 0.765259 154.829 1.4
    endloop
  endfacet
  facet normal 0.993058 -0.117628 0
    outer loop
      vertex 0.765259 154.829 0
      vertex 0.716339 154.416 1.4
      vertex 0.716339 154.416 0
    endloop
  endfacet
  facet normal 0.999229 -0.0392534 0
    outer loop
      vertex 0.699997 154 1.4
      vertex 0.716339 154.416 0
      vertex 0.716339 154.416 1.4
    endloop
  endfacet
  facet normal 0.999229 -0.0392534 0
    outer loop
      vertex 0.716339 154.416 0
      vertex 0.699997 154 1.4
      vertex 0.699997 154 0
    endloop
  endfacet
  facet normal 1 -0 0
    outer loop
      vertex 0.699997 6 1.4
      vertex 0.699997 154 0
      vertex 0.699997 154 1.4
    endloop
  endfacet
  facet normal 1 0 0
    outer loop
      vertex 0.699997 154 0
      vertex 0.699997 6 1.4
      vertex 0.699997 6 0
    endloop
  endfacet
  facet normal 0.999229 0.0392694 0
    outer loop
      vertex 0.716339 5.58417 1.4
      vertex 0.699997 6 0
      vertex 0.699997 6 1.4
    endloop
  endfacet
  facet normal 0.999229 0.0392694 0
    outer loop
      vertex 0.699997 6 0
      vertex 0.716339 5.58417 1.4
      vertex 0.716339 5.58417 0
    endloop
  endfacet
  facet normal 0.993067 0.117552 0
    outer loop
      vertex 0.765259 5.1709 1.4
      vertex 0.716339 5.58417 0
      vertex 0.716339 5.58417 1.4
    endloop
  endfacet
  facet normal 0.993067 0.117552 0
    outer loop
      vertex 0.716339 5.58417 0
      vertex 0.765259 5.1709 1.4
      vertex 0.765259 5.1709 0
    endloop
  endfacet
  facet normal 0.98079 0.195065 0
    outer loop
      vertex 0.846436 4.76274 1.4
      vertex 0.765259 5.1709 0
      vertex 0.765259 5.1709 1.4
    endloop
  endfacet
  facet normal 0.98079 0.195065 0
    outer loop
      vertex 0.765259 5.1709 0
      vertex 0.846436 4.76274 1.4
      vertex 0.846436 4.76274 0
    endloop
  endfacet
  facet normal 0.962456 0.271438 0
    outer loop
      vertex 0.959396 4.36221 1.4
      vertex 0.846436 4.76274 0
      vertex 0.846436 4.76274 1.4
    endloop
  endfacet
  facet normal 0.962456 0.271438 0
    outer loop
      vertex 0.846436 4.76274 0
      vertex 0.959396 4.36221 1.4
      vertex 0.959396 4.36221 0
    endloop
  endfacet
  facet normal 0.938189 0.346124 0
    outer loop
      vertex 1.10344 3.97177 1.4
      vertex 0.959396 4.36221 0
      vertex 0.959396 4.36221 1.4
    endloop
  endfacet
  facet normal 0.938189 0.346124 0
    outer loop
      vertex 0.959396 4.36221 0
      vertex 1.10344 3.97177 1.4
      vertex 1.10344 3.97177 0
    endloop
  endfacet
  facet normal 0.908142 0.418662 0
    outer loop
      vertex 1.27766 3.59386 1.4
      vertex 1.10344 3.97177 0
      vertex 1.10344 3.97177 1.4
    endloop
  endfacet
  facet normal 0.908142 0.418662 0
    outer loop
      vertex 1.10344 3.97177 0
      vertex 1.27766 3.59386 1.4
      vertex 1.27766 3.59386 0
    endloop
  endfacet
  facet normal 0.872502 0.488611 0
    outer loop
      vertex 1.481 3.23076 1.4
      vertex 1.27766 3.59386 0
      vertex 1.27766 3.59386 1.4
    endloop
  endfacet
  facet normal 0.872502 0.488611 0
    outer loop
      vertex 1.27766 3.59386 0
      vertex 1.481 3.23076 1.4
      vertex 1.481 3.23076 0
    endloop
  endfacet
  facet normal 0.831473 0.555565 0
    outer loop
      vertex 1.7122 2.88474 1.4
      vertex 1.481 3.23076 0
      vertex 1.481 3.23076 1.4
    endloop
  endfacet
  facet normal 0.831473 0.555565 0
    outer loop
      vertex 1.481 3.23076 0
      vertex 1.7122 2.88474 1.4
      vertex 1.7122 2.88474 0
    endloop
  endfacet
  facet normal 0.78531 0.619103 0
    outer loop
      vertex 1.96985 2.55792 1.4
      vertex 1.7122 2.88474 0
      vertex 1.7122 2.88474 1.4
    endloop
  endfacet
  facet normal 0.78531 0.619103 0
    outer loop
      vertex 1.7122 2.88474 0
      vertex 1.96985 2.55792 1.4
      vertex 1.96985 2.55792 0
    endloop
  endfacet
  facet normal 0.734328 0.678795 0
    outer loop
      vertex 2.25233 2.25233 1.4
      vertex 1.96985 2.55792 0
      vertex 1.96985 2.55792 1.4
    endloop
  endfacet
  facet normal 0.734328 0.678795 0
    outer loop
      vertex 1.96985 2.55792 0
      vertex 2.25233 2.25233 1.4
      vertex 2.25233 2.25233 0
    endloop
  endfacet
  facet normal 0.678795 0.734328 -0
    outer loop
      vertex 2.55792 1.96985 0
      vertex 2.25233 2.25233 1.4
      vertex 2.55792 1.96985 1.4
    endloop
  endfacet
  facet normal 0.678795 0.734328 0
    outer loop
      vertex 2.25233 2.25233 1.4
      vertex 2.55792 1.96985 0
      vertex 2.25233 2.25233 0
    endloop
  endfacet
  facet normal 0.619103 0.78531 -0
    outer loop
      vertex 2.88474 1.7122 0
      vertex 2.55792 1.96985 1.4
      vertex 2.88474 1.7122 1.4
    endloop
  endfacet
  facet normal 0.619103 0.78531 0
    outer loop
      vertex 2.55792 1.96985 1.4
      vertex 2.88474 1.7122 0
      vertex 2.55792 1.96985 0
    endloop
  endfacet
  facet normal 0.555565 0.831473 -0
    outer loop
      vertex 3.23076 1.481 0
      vertex 2.88474 1.7122 1.4
      vertex 3.23076 1.481 1.4
    endloop
  endfacet
  facet normal 0.555565 0.831473 0
    outer loop
      vertex 2.88474 1.7122 1.4
      vertex 3.23076 1.481 0
      vertex 2.88474 1.7122 0
    endloop
  endfacet
  facet normal 0.488611 0.872502 -0
    outer loop
      vertex 3.59386 1.27766 0
      vertex 3.23076 1.481 1.4
      vertex 3.59386 1.27766 1.4
    endloop
  endfacet
  facet normal 0.488611 0.872502 0
    outer loop
      vertex 3.23076 1.481 1.4
      vertex 3.59386 1.27766 0
      vertex 3.23076 1.481 0
    endloop
  endfacet
  facet normal 0.418662 0.908142 -0
    outer loop
      vertex 3.97177 1.10344 0
      vertex 3.59386 1.27766 1.4
      vertex 3.97177 1.10344 1.4
    endloop
  endfacet
  facet normal 0.418662 0.908142 0
    outer loop
      vertex 3.59386 1.27766 1.4
      vertex 3.97177 1.10344 0
      vertex 3.59386 1.27766 0
    endloop
  endfacet
  facet normal 0.346124 0.938189 -0
    outer loop
      vertex 4.36221 0.959396 0
      vertex 3.97177 1.10344 1.4
      vertex 4.36221 0.959396 1.4
    endloop
  endfacet
  facet normal 0.346124 0.938189 0
    outer loop
      vertex 3.97177 1.10344 1.4
      vertex 4.36221 0.959396 0
      vertex 3.97177 1.10344 0
    endloop
  endfacet
  facet normal 0.271438 0.962456 -0
    outer loop
      vertex 4.76274 0.846436 0
      vertex 4.36221 0.959396 1.4
      vertex 4.76274 0.846436 1.4
    endloop
  endfacet
  facet normal 0.271438 0.962456 0
    outer loop
      vertex 4.36221 0.959396 1.4
      vertex 4.76274 0.846436 0
      vertex 4.36221 0.959396 0
    endloop
  endfacet
  facet normal 0.195065 0.98079 -0
    outer loop
      vertex 5.1709 0.765259 0
      vertex 4.76274 0.846436 1.4
      vertex 5.1709 0.765259 1.4
    endloop
  endfacet
  facet normal 0.195065 0.98079 0
    outer loop
      vertex 4.76274 0.846436 1.4
      vertex 5.1709 0.765259 0
      vertex 4.76274 0.846436 0
    endloop
  endfacet
  facet normal 0.117552 0.993067 -0
    outer loop
      vertex 5.58417 0.716339 0
      vertex 5.1709 0.765259 1.4
      vertex 5.58417 0.716339 1.4
    endloop
  endfacet
  facet normal 0.117552 0.993067 0
    outer loop
      vertex 5.1709 0.765259 1.4
      vertex 5.58417 0.716339 0
      vertex 5.1709 0.765259 0
    endloop
  endfacet
  facet normal 0.0392694 0.999229 -0
    outer loop
      vertex 6 0.699997 0
      vertex 5.58417 0.716339 1.4
      vertex 6 0.699997 1.4
    endloop
  endfacet
  facet normal 0.0392694 0.999229 0
    outer loop
      vertex 5.58417 0.716339 1.4
      vertex 6 0.699997 0
      vertex 5.58417 0.716339 0
    endloop
  endfacet
  facet normal 0 1 -0
    outer loop
      vertex 154 0.699997 0
      vertex 6 0.699997 1.4
      vertex 154 0.699997 1.4
    endloop
  endfacet
  facet normal 0 1 0
    outer loop
      vertex 6 0.699997 1.4
      vertex 154 0.699997 0
      vertex 6 0.699997 0
    endloop
  endfacet
  facet normal -0.0392534 0.999229 0
    outer loop
      vertex 154.416 0.716339 0
      vertex 154 0.699997 1.4
      vertex 154.416 0.716339 1.4
    endloop
  endfacet
  facet normal -0.0392534 0.999229 0
    outer loop
      vertex 154 0.699997 1.4
      vertex 154.416 0.716339 0
      vertex 154 0.699997 0
    endloop
  endfacet
  facet normal -0.0392618 -0.999229 0
    outer loop
      vertex 5.72539 2.51079 0
      vertex 6 2.5 1.4
      vertex 5.72539 2.51079 1.4
    endloop
  endfacet
  facet normal -0.0392618 -0.999229 -0
    outer loop
      vertex 6 2.5 1.4
      vertex 5.72539 2.51079 0
      vertex 6 2.5 0
    endloop
  endfacet
  facet normal -0.117534 -0.993069 0
    outer loop
      vertex 5.45248 2.54309 0
      vertex 5.72539 2.51079 1.4
      vertex 5.45248 2.54309 1.4
    endloop
  endfacet
  facet normal -0.117534 -0.993069 -0
    outer loop
      vertex 5.72539 2.51079 1.4
      vertex 5.45248 2.54309 0
      vertex 5.72539 2.51079 0
    endloop
  endfacet
  facet normal -0.195108 -0.980782 0
    outer loop
      vertex 5.18294 2.59671 0
      vertex 5.45248 2.54309 1.4
      vertex 5.18294 2.59671 1.4
    endloop
  endfacet
  facet normal -0.195108 -0.980782 -0
    outer loop
      vertex 5.45248 2.54309 1.4
      vertex 5.18294 2.59671 0
      vertex 5.45248 2.54309 0
    endloop
  endfacet
  facet normal -0.271418 -0.962462 0
    outer loop
      vertex 4.91844 2.6713 0
      vertex 5.18294 2.59671 1.4
      vertex 4.91844 2.6713 1.4
    endloop
  endfacet
  facet normal -0.271418 -0.962462 -0
    outer loop
      vertex 5.18294 2.59671 1.4
      vertex 4.91844 2.6713 0
      vertex 5.18294 2.59671 0
    endloop
  endfacet
  facet normal -0.346122 -0.93819 0
    outer loop
      vertex 4.66061 2.76642 0
      vertex 4.91844 2.6713 1.4
      vertex 4.66061 2.76642 1.4
    endloop
  endfacet
  facet normal -0.346122 -0.93819 -0
    outer loop
      vertex 4.91844 2.6713 1.4
      vertex 4.66061 2.76642 0
      vertex 4.91844 2.6713 0
    endloop
  endfacet
  facet normal -0.418636 -0.908154 0
    outer loop
      vertex 4.41103 2.88147 0
      vertex 4.66061 2.76642 1.4
      vertex 4.41103 2.88147 1.4
    endloop
  endfacet
  facet normal -0.418636 -0.908154 -0
    outer loop
      vertex 4.66061 2.76642 1.4
      vertex 4.41103 2.88147 0
      vertex 4.66061 2.76642 0
    endloop
  endfacet
  facet normal -0.48864 -0.872486 0
    outer loop
      vertex 4.17125 3.01576 0
      vertex 4.41103 2.88147 1.4
      vertex 4.17125 3.01576 1.4
    endloop
  endfacet
  facet normal -0.48864 -0.872486 -0
    outer loop
      vertex 4.41103 2.88147 1.4
      vertex 4.17125 3.01576 0
      vertex 4.41103 2.88147 0
    endloop
  endfacet
  facet normal -0.555573 -0.831468 0
    outer loop
      vertex 3.94275 3.16844 0
      vertex 4.17125 3.01576 1.4
      vertex 3.94275 3.16844 1.4
    endloop
  endfacet
  facet normal -0.555573 -0.831468 -0
    outer loop
      vertex 4.17125 3.01576 1.4
      vertex 3.94275 3.16844 0
      vertex 4.17125 3.01576 0
    endloop
  endfacet
  facet normal -0.619097 -0.785315 0
    outer loop
      vertex 3.72693 3.33858 0
      vertex 3.94275 3.16844 1.4
      vertex 3.72693 3.33858 1.4
    endloop
  endfacet
  facet normal -0.619097 -0.785315 -0
    outer loop
      vertex 3.94275 3.16844 1.4
      vertex 3.72693 3.33858 0
      vertex 3.94275 3.16844 0
    endloop
  endfacet
  facet normal -0.678816 -0.734308 0
    outer loop
      vertex 3.52513 3.52513 0
      vertex 3.72693 3.33858 1.4
      vertex 3.52513 3.52513 1.4
    endloop
  endfacet
  facet normal -0.678816 -0.734308 -0
    outer loop
      vertex 3.72693 3.33858 1.4
      vertex 3.52513 3.52513 0
      vertex 3.72693 3.33858 0
    endloop
  endfacet
  facet normal -0.734308 -0.678816 0
    outer loop
      vertex 3.52513 3.52513 0
      vertex 3.33858 3.72693 1.4
      vertex 3.33858 3.72693 0
    endloop
  endfacet
  facet normal -0.734308 -0.678816 0
    outer loop
      vertex 3.33858 3.72693 1.4
      vertex 3.52513 3.52513 0
      vertex 3.52513 3.52513 1.4
    endloop
  endfacet
  facet normal -0.785315 -0.619097 0
    outer loop
      vertex 3.33858 3.72693 0
      vertex 3.16844 3.94275 1.4
      vertex 3.16844 3.94275 0
    endloop
  endfacet
  facet normal -0.785315 -0.619097 0
    outer loop
      vertex 3.16844 3.94275 1.4
      vertex 3.33858 3.72693 0
      vertex 3.33858 3.72693 1.4
    endloop
  endfacet
  facet normal -0.831468 -0.555573 0
    outer loop
      vertex 3.16844 3.94275 0
      vertex 3.01576 4.17125 1.4
      vertex 3.01576 4.17125 0
    endloop
  endfacet
  facet normal -0.831468 -0.555573 0
    outer loop
      vertex 3.01576 4.17125 1.4
      vertex 3.16844 3.94275 0
      vertex 3.16844 3.94275 1.4
    endloop
  endfacet
  facet normal -0.872486 -0.48864 0
    outer loop
      vertex 3.01576 4.17125 0
      vertex 2.88147 4.41103 1.4
      vertex 2.88147 4.41103 0
    endloop
  endfacet
  facet normal -0.872486 -0.48864 0
    outer loop
      vertex 2.88147 4.41103 1.4
      vertex 3.01576 4.17125 0
      vertex 3.01576 4.17125 1.4
    endloop
  endfacet
  facet normal -0.908154 -0.418636 0
    outer loop
      vertex 2.88147 4.41103 0
      vertex 2.76642 4.66061 1.4
      vertex 2.76642 4.66061 0
    endloop
  endfacet
  facet normal -0.908154 -0.418636 0
    outer loop
      vertex 2.76642 4.66061 1.4
      vertex 2.88147 4.41103 0
      vertex 2.88147 4.41103 1.4
    endloop
  endfacet
  facet normal -0.93819 -0.346122 0
    outer loop
      vertex 2.76642 4.66061 0
      vertex 2.6713 4.91844 1.4
      vertex 2.6713 4.91844 0
    endloop
  endfacet
  facet normal -0.93819 -0.346122 0
    outer loop
      vertex 2.6713 4.91844 1.4
      vertex 2.76642 4.66061 0
      vertex 2.76642 4.66061 1.4
    endloop
  endfacet
  facet normal -0.962462 -0.271418 0
    outer loop
      vertex 2.6713 4.91844 0
      vertex 2.59671 5.18294 1.4
      vertex 2.59671 5.18294 0
    endloop
  endfacet
  facet normal -0.962462 -0.271418 0
    outer loop
      vertex 2.59671 5.18294 1.4
      vertex 2.6713 4.91844 0
      vertex 2.6713 4.91844 1.4
    endloop
  endfacet
  facet normal -0.980782 -0.195108 0
    outer loop
      vertex 2.59671 5.18294 0
      vertex 2.54309 5.45248 1.4
      vertex 2.54309 5.45248 0
    endloop
  endfacet
  facet normal -0.980782 -0.195108 0
    outer loop
      vertex 2.54309 5.45248 1.4
      vertex 2.59671 5.18294 0
      vertex 2.59671 5.18294 1.4
    endloop
  endfacet
  facet normal -0.993069 -0.117534 0
    outer loop
      vertex 2.54309 5.45248 0
      vertex 2.51079 5.72539 1.4
      vertex 2.51079 5.72539 0
    endloop
  endfacet
  facet normal -0.993069 -0.117534 0
    outer loop
      vertex 2.51079 5.72539 1.4
      vertex 2.54309 5.45248 0
      vertex 2.54309 5.45248 1.4
    endloop
  endfacet
  facet normal -0.999229 -0.0392618 0
    outer loop
      vertex 2.51079 5.72539 0
      vertex 2.5 6 1.4
      vertex 2.5 6 0
    endloop
  endfacet
  facet normal -0.999229 -0.0392618 0
    outer loop
      vertex 2.5 6 1.4
      vertex 2.51079 5.72539 0
      vertex 2.51079 5.72539 1.4
    endloop
  endfacet
  facet normal -1 0 0
    outer loop
      vertex 2.5 6 0
      vertex 2.5 154 1.4
      vertex 2.5 154 0
    endloop
  endfacet
  facet normal -1 -0 0
    outer loop
      vertex 2.5 154 1.4
      vertex 2.5 6 0
      vertex 2.5 6 1.4
    endloop
  endfacet
  facet normal -0.999231 0.0392062 0
    outer loop
      vertex 2.5 154 0
      vertex 2.51079 154.275 1.4
      vertex 2.51079 154.275 0
    endloop
  endfacet
  facet normal -0.999231 0.0392062 0
    outer loop
      vertex 2.51079 154.275 1.4
      vertex 2.5 154 0
      vertex 2.5 154 1.4
    endloop
  endfacet
  facet normal -0.993073 0.117495 0
    outer loop
      vertex 2.51079 154.275 0
      vertex 2.54309 154.548 1.4
      vertex 2.54309 154.548 0
    endloop
  endfacet
  facet normal -0.993073 0.117495 0
    outer loop
      vertex 2.54309 154.548 1.4
      vertex 2.51079 154.275 0
      vertex 2.51079 154.275 1.4
    endloop
  endfacet
  facet normal -0.980707 0.195485 0
    outer loop
      vertex 2.54309 154.548 0
      vertex 2.59671 154.817 1.4
      vertex 2.59671 154.817 0
    endloop
  endfacet
  facet normal -0.980707 0.195485 0
    outer loop
      vertex 2.59671 154.817 1.4
      vertex 2.54309 154.548 0
      vertex 2.54309 154.548 1.4
    endloop
  endfacet
  facet normal -0.962595 0.270943 0
    outer loop
      vertex 2.59671 154.817 0
      vertex 2.6713 155.082 1.4
      vertex 2.6713 155.082 0
    endloop
  endfacet
  facet normal -0.962595 0.270943 0
    outer loop
      vertex 2.6713 155.082 1.4
      vertex 2.59671 154.817 0
      vertex 2.59671 154.817 1.4
    endloop
  endfacet
  facet normal -0.937826 0.347105 0
    outer loop
      vertex 2.6713 155.082 0
      vertex 2.76642 155.339 1.4
      vertex 2.76642 155.339 0
    endloop
  endfacet
  facet normal -0.937826 0.347105 0
    outer loop
      vertex 2.76642 155.339 1.4
      vertex 2.6713 155.082 0
      vertex 2.6713 155.082 1.4
    endloop
  endfacet
  facet normal -0.908421 0.418056 0
    outer loop
      vertex 2.76642 155.339 0
      vertex 2.88147 155.589 1.4
      vertex 2.88147 155.589 0
    endloop
  endfacet
  facet normal -0.908421 0.418056 0
    outer loop
      vertex 2.88147 155.589 1.4
      vertex 2.76642 155.339 0
      vertex 2.76642 155.339 1.4
    endloop
  endfacet
  facet normal -0.872676 0.488299 0
    outer loop
      vertex 2.88147 155.589 0
      vertex 3.01576 155.829 1.4
      vertex 3.01576 155.829 0
    endloop
  endfacet
  facet normal -0.872676 0.488299 0
    outer loop
      vertex 3.01576 155.829 1.4
      vertex 2.88147 155.589 0
      vertex 2.88147 155.589 1.4
    endloop
  endfacet
  facet normal -0.830905 0.556415 0
    outer loop
      vertex 3.01576 155.829 0
      vertex 3.16844 156.057 1.4
      vertex 3.16844 156.057 0
    endloop
  endfacet
  facet normal -0.830905 0.556415 0
    outer loop
      vertex 3.16844 156.057 1.4
      vertex 3.01576 155.829 0
      vertex 3.01576 155.829 1.4
    endloop
  endfacet
  facet normal -0.785566 0.618778 0
    outer loop
      vertex 3.16844 156.057 0
      vertex 3.33858 156.273 1.4
      vertex 3.33858 156.273 0
    endloop
  endfacet
  facet normal -0.785566 0.618778 0
    outer loop
      vertex 3.33858 156.273 1.4
      vertex 3.16844 156.057 0
      vertex 3.16844 156.057 1.4
    endloop
  endfacet
  facet normal -0.734643 0.678454 0
    outer loop
      vertex 3.33858 156.273 0
      vertex 3.52513 156.475 1.4
      vertex 3.52513 156.475 0
    endloop
  endfacet
  facet normal -0.734643 0.678454 0
    outer loop
      vertex 3.52513 156.475 1.4
      vertex 3.33858 156.273 0
      vertex 3.33858 156.273 1.4
    endloop
  endfacet
  facet normal -0.677735 0.735306 0
    outer loop
      vertex 3.72693 156.661 0
      vertex 3.52513 156.475 1.4
      vertex 3.72693 156.661 1.4
    endloop
  endfacet
  facet normal -0.677735 0.735306 0
    outer loop
      vertex 3.52513 156.475 1.4
      vertex 3.72693 156.661 0
      vertex 3.52513 156.475 0
    endloop
  endfacet
  facet normal -0.621021 0.783794 0
    outer loop
      vertex 3.94275 156.832 0
      vertex 3.72693 156.661 1.4
      vertex 3.94275 156.832 1.4
    endloop
  endfacet
  facet normal -0.621021 0.783794 0
    outer loop
      vertex 3.72693 156.661 1.4
      vertex 3.94275 156.832 0
      vertex 3.72693 156.661 0
    endloop
  endfacet
  facet normal -0.553859 0.83261 0
    outer loop
      vertex 4.17125 156.984 0
      vertex 3.94275 156.832 1.4
      vertex 4.17125 156.984 1.4
    endloop
  endfacet
  facet normal -0.553859 0.83261 0
    outer loop
      vertex 3.94275 156.832 1.4
      vertex 4.17125 156.984 0
      vertex 3.94275 156.832 0
    endloop
  endfacet
  facet normal -0.490603 0.871383 0
    outer loop
      vertex 4.41103 157.119 0
      vertex 4.17125 156.984 1.4
      vertex 4.41103 157.119 1.4
    endloop
  endfacet
  facet normal -0.490603 0.871383 0
    outer loop
      vertex 4.17125 156.984 1.4
      vertex 4.41103 157.119 0
      vertex 4.17125 156.984 0
    endloop
  endfacet
  facet normal -0.418486 0.908223 0
    outer loop
      vertex 4.66061 157.234 0
      vertex 4.41103 157.119 1.4
      vertex 4.66061 157.234 1.4
    endloop
  endfacet
  facet normal -0.418486 0.908223 0
    outer loop
      vertex 4.41103 157.119 1.4
      vertex 4.66061 157.234 0
      vertex 4.41103 157.119 0
    endloop
  endfacet
  facet normal -0.345737 0.938331 0
    outer loop
      vertex 4.91844 157.329 0
      vertex 4.66061 157.234 1.4
      vertex 4.91844 157.329 1.4
    endloop
  endfacet
  facet normal -0.345737 0.938331 0
    outer loop
      vertex 4.66061 157.234 1.4
      vertex 4.91844 157.329 0
      vertex 4.66061 157.234 0
    endloop
  endfacet
  facet normal -0.269427 0.963021 0
    outer loop
      vertex 5.18294 157.403 0
      vertex 4.91844 157.329 1.4
      vertex 5.18294 157.403 1.4
    endloop
  endfacet
  facet normal -0.269427 0.963021 0
    outer loop
      vertex 4.91844 157.329 1.4
      vertex 5.18294 157.403 0
      vertex 4.91844 157.329 0
    endloop
  endfacet
  facet normal -0.196438 0.980516 0
    outer loop
      vertex 5.45248 157.457 0
      vertex 5.18294 157.403 1.4
      vertex 5.45248 157.457 1.4
    endloop
  endfacet
  facet normal -0.196438 0.980516 0
    outer loop
      vertex 5.18294 157.403 1.4
      vertex 5.45248 157.457 0
      vertex 5.18294 157.403 0
    endloop
  endfacet
  facet normal -0.116457 0.993196 0
    outer loop
      vertex 5.72539 157.489 0
      vertex 5.45248 157.457 1.4
      vertex 5.72539 157.489 1.4
    endloop
  endfacet
  facet normal -0.116457 0.993196 0
    outer loop
      vertex 5.45248 157.457 1.4
      vertex 5.72539 157.489 0
      vertex 5.45248 157.457 0
    endloop
  endfacet
  facet normal -0.0400247 0.999199 0
    outer loop
      vertex 6 157.5 0
      vertex 5.72539 157.489 1.4
      vertex 6 157.5 1.4
    endloop
  endfacet
  facet normal -0.0400247 0.999199 0
    outer loop
      vertex 5.72539 157.489 1.4
      vertex 6 157.5 0
      vertex 5.72539 157.489 0
    endloop
  endfacet
  facet normal 0 1 -0
    outer loop
      vertex 154 157.5 0
      vertex 6 157.5 1.4
      vertex 154 157.5 1.4
    endloop
  endfacet
  facet normal 0 1 0
    outer loop
      vertex 6 157.5 1.4
      vertex 154 157.5 0
      vertex 6 157.5 0
    endloop
  endfacet
  facet normal 0.039968 0.999201 -0
    outer loop
      vertex 154.275 157.489 0
      vertex 154 157.5 1.4
      vertex 154.275 157.489 1.4
    endloop
  endfacet
  facet normal 0.039968 0.999201 0
    outer loop
      vertex 154 157.5 1.4
      vertex 154.275 157.489 0
      vertex 154 157.5 0
    endloop
  endfacet
  facet normal 0.116419 0.9932 -0
    outer loop
      vertex 154.548 157.457 0
      vertex 154.275 157.489 1.4
      vertex 154.548 157.457 1.4
    endloop
  endfacet
  facet normal 0.116419 0.9932 0
    outer loop
      vertex 154.275 157.489 1.4
      vertex 154.548 157.457 0
      vertex 154.275 157.489 0
    endloop
  endfacet
  facet normal 0.196817 0.98044 -0
    outer loop
      vertex 154.817 157.403 0
      vertex 154.548 157.457 1.4
      vertex 154.817 157.403 1.4
    endloop
  endfacet
  facet normal 0.196817 0.98044 0
    outer loop
      vertex 154.548 157.457 1.4
      vertex 154.817 157.403 0
      vertex 154.548 157.457 0
    endloop
  endfacet
  facet normal 0.268956 0.963153 -0
    outer loop
      vertex 155.082 157.329 0
      vertex 154.817 157.403 1.4
      vertex 155.082 157.329 1.4
    endloop
  endfacet
  facet normal 0.268956 0.963153 0
    outer loop
      vertex 154.817 157.403 1.4
      vertex 155.082 157.329 0
      vertex 154.817 157.403 0
    endloop
  endfacet
  facet normal 0.34672 0.937969 -0
    outer loop
      vertex 155.339 157.234 0
      vertex 155.082 157.329 1.4
      vertex 155.339 157.234 1.4
    endloop
  endfacet
  facet normal 0.34672 0.937969 0
    outer loop
      vertex 155.082 157.329 1.4
      vertex 155.339 157.234 0
      vertex 155.082 157.329 0
    endloop
  endfacet
  facet normal 0.417906 0.90849 -0
    outer loop
      vertex 155.589 157.119 0
      vertex 155.339 157.234 1.4
      vertex 155.589 157.119 1.4
    endloop
  endfacet
  facet normal 0.417906 0.90849 0
    outer loop
      vertex 155.339 157.234 1.4
      vertex 155.589 157.119 0
      vertex 155.339 157.234 0
    endloop
  endfacet
  facet normal 0.490261 0.871576 -0
    outer loop
      vertex 155.829 156.984 0
      vertex 155.589 157.119 1.4
      vertex 155.829 156.984 1.4
    endloop
  endfacet
  facet normal 0.490261 0.871576 0
    outer loop
      vertex 155.589 157.119 1.4
      vertex 155.829 156.984 0
      vertex 155.589 157.119 0
    endloop
  endfacet
  facet normal 0.5547 0.83205 -0
    outer loop
      vertex 156.057 156.832 0
      vertex 155.829 156.984 1.4
      vertex 156.057 156.832 1.4
    endloop
  endfacet
  facet normal 0.5547 0.83205 0
    outer loop
      vertex 155.829 156.984 1.4
      vertex 156.057 156.832 0
      vertex 155.829 156.984 0
    endloop
  endfacet
  facet normal 0.620703 0.784046 -0
    outer loop
      vertex 156.273 156.661 0
      vertex 156.057 156.832 1.4
      vertex 156.273 156.661 1.4
    endloop
  endfacet
  facet normal 0.620703 0.784046 0
    outer loop
      vertex 156.057 156.832 1.4
      vertex 156.273 156.661 0
      vertex 156.057 156.832 0
    endloop
  endfacet
  facet normal 0.677372 0.735641 -0
    outer loop
      vertex 156.475 156.475 0
      vertex 156.273 156.661 1.4
      vertex 156.475 156.475 1.4
    endloop
  endfacet
  facet normal 0.677372 0.735641 0
    outer loop
      vertex 156.273 156.661 1.4
      vertex 156.475 156.475 0
      vertex 156.273 156.661 0
    endloop
  endfacet
  facet normal 0.735641 0.677372 0
    outer loop
      vertex 156.661 156.273 1.4
      vertex 156.475 156.475 0
      vertex 156.475 156.475 1.4
    endloop
  endfacet
  facet normal 0.735641 0.677372 0
    outer loop
      vertex 156.475 156.475 0
      vertex 156.661 156.273 1.4
      vertex 156.661 156.273 0
    endloop
  endfacet
  facet normal 0.784046 0.620703 0
    outer loop
      vertex 156.832 156.057 1.4
      vertex 156.661 156.273 0
      vertex 156.661 156.273 1.4
    endloop
  endfacet
  facet normal 0.784046 0.620703 0
    outer loop
      vertex 156.661 156.273 0
      vertex 156.832 156.057 1.4
      vertex 156.832 156.057 0
    endloop
  endfacet
  facet normal 0.83205 0.5547 0
    outer loop
      vertex 156.984 155.829 1.4
      vertex 156.832 156.057 0
      vertex 156.832 156.057 1.4
    endloop
  endfacet
  facet normal 0.83205 0.5547 0
    outer loop
      vertex 156.832 156.057 0
      vertex 156.984 155.829 1.4
      vertex 156.984 155.829 0
    endloop
  endfacet
  facet normal 0.871576 0.490261 0
    outer loop
      vertex 157.119 155.589 1.4
      vertex 156.984 155.829 0
      vertex 156.984 155.829 1.4
    endloop
  endfacet
  facet normal 0.871576 0.490261 0
    outer loop
      vertex 156.984 155.829 0
      vertex 157.119 155.589 1.4
      vertex 157.119 155.589 0
    endloop
  endfacet
  facet normal 0.90849 0.417906 0
    outer loop
      vertex 157.234 155.339 1.4
      vertex 157.119 155.589 0
      vertex 157.119 155.589 1.4
    endloop
  endfacet
  facet normal 0.90849 0.417906 0
    outer loop
      vertex 157.119 155.589 0
      vertex 157.234 155.339 1.4
      vertex 157.234 155.339 0
    endloop
  endfacet
  facet normal 0.937969 0.34672 0
    outer loop
      vertex 157.329 155.082 1.4
      vertex 157.234 155.339 0
      vertex 157.234 155.339 1.4
    endloop
  endfacet
  facet normal 0.937969 0.34672 0
    outer loop
      vertex 157.234 155.339 0
      vertex 157.329 155.082 1.4
      vertex 157.329 155.082 0
    endloop
  endfacet
  facet normal 0.963153 0.268956 0
    outer loop
      vertex 157.403 154.817 1.4
      vertex 157.329 155.082 0
      vertex 157.329 155.082 1.4
    endloop
  endfacet
  facet normal 0.963153 0.268956 0
    outer loop
      vertex 157.329 155.082 0
      vertex 157.403 154.817 1.4
      vertex 157.403 154.817 0
    endloop
  endfacet
  facet normal 0.98044 0.196817 0
    outer loop
      vertex 157.457 154.548 1.4
      vertex 157.403 154.817 0
      vertex 157.403 154.817 1.4
    endloop
  endfacet
  facet normal 0.98044 0.196817 0
    outer loop
      vertex 157.403 154.817 0
      vertex 157.457 154.548 1.4
      vertex 157.457 154.548 0
    endloop
  endfacet
  facet normal 0.9932 0.116419 0
    outer loop
      vertex 157.489 154.275 1.4
      vertex 157.457 154.548 0
      vertex 157.457 154.548 1.4
    endloop
  endfacet
  facet normal 0.9932 0.116419 0
    outer loop
      vertex 157.457 154.548 0
      vertex 157.489 154.275 1.4
      vertex 157.489 154.275 0
    endloop
  endfacet
  facet normal 0.999201 0.039968 0
    outer loop
      vertex 157.5 154 1.4
      vertex 157.489 154.275 0
      vertex 157.489 154.275 1.4
    endloop
  endfacet
  facet normal 0.999201 0.039968 0
    outer loop
      vertex 157.489 154.275 0
      vertex 157.5 154 1.4
      vertex 157.5 154 0
    endloop
  endfacet
  facet normal 1 -0 0
    outer loop
      vertex 157.5 6 1.4
      vertex 157.5 154 0
      vertex 157.5 154 1.4
    endloop
  endfacet
  facet normal 1 0 0
    outer loop
      vertex 157.5 154 0
      vertex 157.5 6 1.4
      vertex 157.5 6 0
    endloop
  endfacet
  facet normal 0.999199 -0.0400247 0
    outer loop
      vertex 157.489 5.72539 1.4
      vertex 157.5 6 0
      vertex 157.5 6 1.4
    endloop
  endfacet
  facet normal 0.999199 -0.0400247 0
    outer loop
      vertex 157.5 6 0
      vertex 157.489 5.72539 1.4
      vertex 157.489 5.72539 0
    endloop
  endfacet
  facet normal 0.993196 -0.116457 0
    outer loop
      vertex 157.457 5.45248 1.4
      vertex 157.489 5.72539 0
      vertex 157.489 5.72539 1.4
    endloop
  endfacet
  facet normal 0.993196 -0.116457 0
    outer loop
      vertex 157.489 5.72539 0
      vertex 157.457 5.45248 1.4
      vertex 157.457 5.45248 0
    endloop
  endfacet
  facet normal 0.980516 -0.196438 0
    outer loop
      vertex 157.403 5.18294 1.4
      vertex 157.457 5.45248 0
      vertex 157.457 5.45248 1.4
    endloop
  endfacet
  facet normal 0.980516 -0.196438 0
    outer loop
      vertex 157.457 5.45248 0
      vertex 157.403 5.18294 1.4
      vertex 157.403 5.18294 0
    endloop
  endfacet
  facet normal 0.963021 -0.269427 0
    outer loop
      vertex 157.329 4.91844 1.4
      vertex 157.403 5.18294 0
      vertex 157.403 5.18294 1.4
    endloop
  endfacet
  facet normal 0.963021 -0.269427 0
    outer loop
      vertex 157.403 5.18294 0
      vertex 157.329 4.91844 1.4
      vertex 157.329 4.91844 0
    endloop
  endfacet
  facet normal 0.938331 -0.345737 0
    outer loop
      vertex 157.234 4.66061 1.4
      vertex 157.329 4.91844 0
      vertex 157.329 4.91844 1.4
    endloop
  endfacet
  facet normal 0.938331 -0.345737 0
    outer loop
      vertex 157.329 4.91844 0
      vertex 157.234 4.66061 1.4
      vertex 157.234 4.66061 0
    endloop
  endfacet
  facet normal 0.908223 -0.418486 0
    outer loop
      vertex 157.119 4.41103 1.4
      vertex 157.234 4.66061 0
      vertex 157.234 4.66061 1.4
    endloop
  endfacet
  facet normal 0.908223 -0.418486 0
    outer loop
      vertex 157.234 4.66061 0
      vertex 157.119 4.41103 1.4
      vertex 157.119 4.41103 0
    endloop
  endfacet
  facet normal 0.871383 -0.490603 0
    outer loop
      vertex 156.984 4.17125 1.4
      vertex 157.119 4.41103 0
      vertex 157.119 4.41103 1.4
    endloop
  endfacet
  facet normal 0.871383 -0.490603 0
    outer loop
      vertex 157.119 4.41103 0
      vertex 156.984 4.17125 1.4
      vertex 156.984 4.17125 0
    endloop
  endfacet
  facet normal 0.83261 -0.553859 0
    outer loop
      vertex 156.832 3.94275 1.4
      vertex 156.984 4.17125 0
      vertex 156.984 4.17125 1.4
    endloop
  endfacet
  facet normal 0.83261 -0.553859 0
    outer loop
      vertex 156.984 4.17125 0
      vertex 156.832 3.94275 1.4
      vertex 156.832 3.94275 0
    endloop
  endfacet
  facet normal 0.783794 -0.621021 0
    outer loop
      vertex 156.661 3.72693 1.4
      vertex 156.832 3.94275 0
      vertex 156.832 3.94275 1.4
    endloop
  endfacet
  facet normal 0.783794 -0.621021 0
    outer loop
      vertex 156.832 3.94275 0
      vertex 156.661 3.72693 1.4
      vertex 156.661 3.72693 0
    endloop
  endfacet
  facet normal 0.735306 -0.677735 0
    outer loop
      vertex 156.475 3.52513 1.4
      vertex 156.661 3.72693 0
      vertex 156.661 3.72693 1.4
    endloop
  endfacet
  facet normal 0.735306 -0.677735 0
    outer loop
      vertex 156.661 3.72693 0
      vertex 156.475 3.52513 1.4
      vertex 156.475 3.52513 0
    endloop
  endfacet
  facet normal 0.678454 -0.734643 0
    outer loop
      vertex 156.273 3.33858 0
      vertex 156.475 3.52513 1.4
      vertex 156.273 3.33858 1.4
    endloop
  endfacet
  facet normal 0.678454 -0.734643 0
    outer loop
      vertex 156.475 3.52513 1.4
      vertex 156.273 3.33858 0
      vertex 156.475 3.52513 0
    endloop
  endfacet
  facet normal 0.618778 -0.785566 0
    outer loop
      vertex 156.057 3.16844 0
      vertex 156.273 3.33858 1.4
      vertex 156.057 3.16844 1.4
    endloop
  endfacet
  facet normal 0.618778 -0.785566 0
    outer loop
      vertex 156.273 3.33858 1.4
      vertex 156.057 3.16844 0
      vertex 156.273 3.33858 0
    endloop
  endfacet
  facet normal 0.556415 -0.830905 0
    outer loop
      vertex 155.829 3.01576 0
      vertex 156.057 3.16844 1.4
      vertex 155.829 3.01576 1.4
    endloop
  endfacet
  facet normal 0.556415 -0.830905 0
    outer loop
      vertex 156.057 3.16844 1.4
      vertex 155.829 3.01576 0
      vertex 156.057 3.16844 0
    endloop
  endfacet
  facet normal 0.488299 -0.872676 0
    outer loop
      vertex 155.589 2.88147 0
      vertex 155.829 3.01576 1.4
      vertex 155.589 2.88147 1.4
    endloop
  endfacet
  facet normal 0.488299 -0.872676 0
    outer loop
      vertex 155.829 3.01576 1.4
      vertex 155.589 2.88147 0
      vertex 155.829 3.01576 0
    endloop
  endfacet
  facet normal 0.418056 -0.908421 0
    outer loop
      vertex 155.339 2.76642 0
      vertex 155.589 2.88147 1.4
      vertex 155.339 2.76642 1.4
    endloop
  endfacet
  facet normal 0.418056 -0.908421 0
    outer loop
      vertex 155.589 2.88147 1.4
      vertex 155.339 2.76642 0
      vertex 155.589 2.88147 0
    endloop
  endfacet
  facet normal 0.347105 -0.937826 0
    outer loop
      vertex 155.082 2.6713 0
      vertex 155.339 2.76642 1.4
      vertex 155.082 2.6713 1.4
    endloop
  endfacet
  facet normal 0.347105 -0.937826 0
    outer loop
      vertex 155.339 2.76642 1.4
      vertex 155.082 2.6713 0
      vertex 155.339 2.76642 0
    endloop
  endfacet
  facet normal 0.270943 -0.962595 0
    outer loop
      vertex 154.817 2.59671 0
      vertex 155.082 2.6713 1.4
      vertex 154.817 2.59671 1.4
    endloop
  endfacet
  facet normal 0.270943 -0.962595 0
    outer loop
      vertex 155.082 2.6713 1.4
      vertex 154.817 2.59671 0
      vertex 155.082 2.6713 0
    endloop
  endfacet
  facet normal 0.195485 -0.980707 0
    outer loop
      vertex 154.548 2.54309 0
      vertex 154.817 2.59671 1.4
      vertex 154.548 2.54309 1.4
    endloop
  endfacet
  facet normal 0.195485 -0.980707 0
    outer loop
      vertex 154.817 2.59671 1.4
      vertex 154.548 2.54309 0
      vertex 154.817 2.59671 0
    endloop
  endfacet
  facet normal 0.117495 -0.993073 0
    outer loop
      vertex 154.275 2.51079 0
      vertex 154.548 2.54309 1.4
      vertex 154.275 2.51079 1.4
    endloop
  endfacet
  facet normal 0.117495 -0.993073 0
    outer loop
      vertex 154.548 2.54309 1.4
      vertex 154.275 2.51079 0
      vertex 154.548 2.54309 0
    endloop
  endfacet
  facet normal 0.0392062 -0.999231 0
    outer loop
      vertex 154 2.5 0
      vertex 154.275 2.51079 1.4
      vertex 154 2.5 1.4
    endloop
  endfacet
  facet normal 0.0392062 -0.999231 0
    outer loop
      vertex 154.275 2.51079 1.4
      vertex 154 2.5 0
      vertex 154.275 2.51079 0
    endloop
  endfacet
  facet normal 0 -1 0
    outer loop
      vertex 6 2.5 0
      vertex 154 2.5 1.4
      vertex 6 2.5 1.4
    endloop
  endfacet
  facet normal 0 -1 -0
    outer loop
      vertex 154 2.5 1.4
      vertex 6 2.5 0
      vertex 154 2.5 0
    endloop
  endfacet
  facet normal 0 -1 0
    outer loop
      vertex 84.3843 0.61 8.57802
      vertex 84.427 0.61 9.2628
      vertex 84.3122 0.61 9.26019
    endloop
  endfacet
  facet normal 0 -1 0
    outer loop
      vertex 84.3376 0.61 8.57436
      vertex 84.3122 0.61 9.26019
      vertex 84.2019 0.61 9.25241
    endloop
  endfacet
  facet normal 0 -1 -0
    outer loop
      vertex 84.427 0.61 9.2628
      vertex 84.3843 0.61 8.57802
      vertex 84.4332 0.61 8.57924
    endloop
  endfacet
  facet normal 0 -1 0
    outer loop
      vertex 84.2506 0.61 8.55968
      vertex 84.2019 0.61 9.25241
      vertex 84.0959 0.61 9.23941
    endloop
  endfacet
  facet normal 0 -1 0
    outer loop
      vertex 84.427 0.61 9.2628
      vertex 84.4332 0.61 8.57924
      vertex 84.5509 0.61 9.26018
    endloop
  endfacet
  facet normal 0 -1 0
    outer loop
      vertex 84.2103 0.61 8.54866
      vertex 84.0959 0.61 9.23941
      vertex 83.9945 0.61 9.22124
    endloop
  endfacet
  facet normal 0 -1 0
    outer loop
      vertex 84.5311 0.61 8.5746
      vertex 84.5509 0.61 9.26018
      vertex 84.4332 0.61 8.57924
    endloop
  endfacet
  facet normal 0 -1 0
    outer loop
      vertex 84.1722 0.61 8.53522
      vertex 83.9945 0.61 9.22124
      vertex 83.8975 0.61 9.19785
    endloop
  endfacet
  facet normal 0 -1 0
    outer loop
      vertex 84.6198 0.61 8.56068
      vertex 84.6694 0.61 9.2523
      vertex 84.5311 0.61 8.5746
    endloop
  endfacet
  facet normal 0 -1 0
    outer loop
      vertex 84.1362 0.61 8.5193
      vertex 83.8975 0.61 9.19785
      vertex 83.805 0.61 9.16928
    endloop
  endfacet
  facet normal 0 -1 -0
    outer loop
      vertex 84.6694 0.61 9.2523
      vertex 84.6198 0.61 8.56068
      vertex 84.7825 0.61 9.23918
    endloop
  endfacet
  facet normal 0 -1 0
    outer loop
      vertex 84.1023 0.61 8.50096
      vertex 83.805 0.61 9.16928
      vertex 83.7169 0.61 9.13551
    endloop
  endfacet
  facet normal 0 -1 0
    outer loop
      vertex 84.6991 0.61 8.53748
      vertex 84.7825 0.61 9.23918
      vertex 84.6198 0.61 8.56068
    endloop
  endfacet
  facet normal 0 -1 0
    outer loop
      vertex 84.0706 0.61 8.48016
      vertex 83.7169 0.61 9.13551
      vertex 83.6334 0.61 9.09654
    endloop
  endfacet
  facet normal 0 -1 -0
    outer loop
      vertex 84.7825 0.61 9.23918
      vertex 84.6991 0.61 8.53748
      vertex 84.8903 0.61 9.22083
    endloop
  endfacet
  facet normal 0 -1 0
    outer loop
      vertex 84.041 0.61 8.45692
      vertex 83.6334 0.61 9.09654
      vertex 83.5542 0.61 9.05238
    endloop
  endfacet
  facet normal 0 -1 -0
    outer loop
      vertex 84.8903 0.61 9.22083
      vertex 84.6991 0.61 8.53748
      vertex 84.9928 0.61 9.19722
    endloop
  endfacet
  facet normal 0 -1 0
    outer loop
      vertex 84.0136 0.61 8.43124
      vertex 83.5542 0.61 9.05238
      vertex 83.4796 0.61 9.00302
    endloop
  endfacet
  facet normal 0 -1 0
    outer loop
      vertex 84.7691 0.61 8.50499
      vertex 84.9928 0.61 9.19722
      vertex 84.6991 0.61 8.53748
    endloop
  endfacet
  facet normal 0 -1 0
    outer loop
      vertex 83.9881 0.61 8.40311
      vertex 83.4796 0.61 9.00302
      vertex 83.4094 0.61 8.94847
    endloop
  endfacet
  facet normal 0 -1 -0
    outer loop
      vertex 84.9928 0.61 9.19722
      vertex 84.7691 0.61 8.50499
      vertex 85.0898 0.61 9.16837
    endloop
  endfacet
  facet normal 0 -1 0
    outer loop
      vertex 83.9643 0.61 8.37253
      vertex 83.4094 0.61 8.94847
      vertex 83.3439 0.61 8.88898
    endloop
  endfacet
  facet normal 0 -1 -0
    outer loop
      vertex 85.0898 0.61 9.16837
      vertex 84.7691 0.61 8.50499
      vertex 85.1816 0.61 9.13426
    endloop
  endfacet
  facet normal 0 -1 0
    outer loop
      vertex 83.9421 0.61 8.33951
      vertex 83.3439 0.61 8.88898
      vertex 83.2834 0.61 8.8248
    endloop
  endfacet
  facet normal 0 -1 0
    outer loop
      vertex 84.8297 0.61 8.46323
      vertex 85.1816 0.61 9.13426
      vertex 84.7691 0.61 8.50499
    endloop
  endfacet
  facet normal 0 -1 0
    outer loop
      vertex 83.9421 0.61 8.33951
      vertex 83.2834 0.61 8.8248
      vertex 83.2278 0.61 8.75594
    endloop
  endfacet
  facet normal 0 -1 -0
    outer loop
      vertex 85.1816 0.61 9.13426
      vertex 84.8297 0.61 8.46323
      vertex 85.268 0.61 9.09492
    endloop
  endfacet
  facet normal 0 -1 0
    outer loop
      vertex 83.9217 0.61 8.30403
      vertex 83.2278 0.61 8.75594
      vertex 83.1773 0.61 8.68237
    endloop
  endfacet
  facet normal 0 -1 -0
    outer loop
      vertex 85.268 0.61 9.09492
      vertex 84.8297 0.61 8.46323
      vertex 85.3491 0.61 9.05032
    endloop
  endfacet
  facet normal 0 -1 0
    outer loop
      vertex 83.9029 0.61 8.26611
      vertex 83.1773 0.61 8.68237
      vertex 83.1317 0.61 8.60411
    endloop
  endfacet
  facet normal 0 -1 0
    outer loop
      vertex 84.8811 0.61 8.41219
      vertex 85.3491 0.61 9.05032
      vertex 84.8297 0.61 8.46323
    endloop
  endfacet
  facet normal 0 -1 -0
    outer loop
      vertex 85.3491 0.61 9.05032
      vertex 84.8811 0.61 8.41219
      vertex 85.4248 0.61 9.00049
    endloop
  endfacet
  facet normal 0 -1 -0
    outer loop
      vertex 84.5509 0.61 9.26018
      vertex 84.5311 0.61 8.5746
      vertex 84.6694 0.61 9.2523
    endloop
  endfacet
  facet normal 0 -1 0
    outer loop
      vertex 84.3122 0.61 9.26019
      vertex 84.3376 0.61 8.57436
      vertex 84.3843 0.61 8.57802
    endloop
  endfacet
  facet normal 0 -1 0
    outer loop
      vertex 84.2019 0.61 9.25241
      vertex 84.293 0.61 8.56824
      vertex 84.3376 0.61 8.57436
    endloop
  endfacet
  facet normal 0 -1 0
    outer loop
      vertex 84.2019 0.61 9.25241
      vertex 84.2506 0.61 8.55968
      vertex 84.293 0.61 8.56824
    endloop
  endfacet
  facet normal 0 -1 0
    outer loop
      vertex 84.0959 0.61 9.23941
      vertex 84.2103 0.61 8.54866
      vertex 84.2506 0.61 8.55968
    endloop
  endfacet
  facet normal 0 -1 0
    outer loop
      vertex 83.9945 0.61 9.22124
      vertex 84.1722 0.61 8.53522
      vertex 84.2103 0.61 8.54866
    endloop
  endfacet
  facet normal 0 -1 0
    outer loop
      vertex 83.8859 0.61 8.22574
      vertex 83.1317 0.61 8.60411
      vertex 83.091 0.61 8.52116
    endloop
  endfacet
  facet normal 0 -1 0
    outer loop
      vertex 83.8975 0.61 9.19785
      vertex 84.1362 0.61 8.5193
      vertex 84.1722 0.61 8.53522
    endloop
  endfacet
  facet normal 0 -1 0
    outer loop
      vertex 83.805 0.61 9.16928
      vertex 84.1023 0.61 8.50096
      vertex 84.1362 0.61 8.5193
    endloop
  endfacet
  facet normal 0 -1 0
    outer loop
      vertex 83.7169 0.61 9.13551
      vertex 84.0706 0.61 8.48016
      vertex 84.1023 0.61 8.50096
    endloop
  endfacet
  facet normal 0 -1 0
    outer loop
      vertex 83.6334 0.61 9.09654
      vertex 84.041 0.61 8.45692
      vertex 84.0706 0.61 8.48016
    endloop
  endfacet
  facet normal 0 -1 0
    outer loop
      vertex 83.8705 0.61 8.18294
      vertex 83.091 0.61 8.52116
      vertex 83.0553 0.61 8.43353
    endloop
  endfacet
  facet normal 0 -1 0
    outer loop
      vertex 83.5542 0.61 9.05238
      vertex 84.0136 0.61 8.43124
      vertex 84.041 0.61 8.45692
    endloop
  endfacet
  facet normal 0 -1 0
    outer loop
      vertex 83.4796 0.61 9.00302
      vertex 83.9881 0.61 8.40311
      vertex 84.0136 0.61 8.43124
    endloop
  endfacet
  facet normal 0 -1 0
    outer loop
      vertex 83.4094 0.61 8.94847
      vertex 83.9643 0.61 8.37253
      vertex 83.9881 0.61 8.40311
    endloop
  endfacet
  facet normal 0 -1 0
    outer loop
      vertex 83.8568 0.61 8.13768
      vertex 83.0553 0.61 8.43353
      vertex 83.0246 0.61 8.3412
    endloop
  endfacet
  facet normal 0 -1 0
    outer loop
      vertex 83.3439 0.61 8.88898
      vertex 83.9421 0.61 8.33951
      vertex 83.9643 0.61 8.37253
    endloop
  endfacet
  facet normal 0 -1 0
    outer loop
      vertex 83.2278 0.61 8.75594
      vertex 83.9217 0.61 8.30403
      vertex 83.9421 0.61 8.33951
    endloop
  endfacet
  facet normal 0 -1 0
    outer loop
      vertex 83.1773 0.61 8.68237
      vertex 83.9029 0.61 8.26611
      vertex 83.9217 0.61 8.30403
    endloop
  endfacet
  facet normal 0 -1 0
    outer loop
      vertex 83.8448 0.61 8.08997
      vertex 83.0246 0.61 8.3412
      vertex 82.9989 0.61 8.24417
    endloop
  endfacet
  facet normal 0 -1 0
    outer loop
      vertex 83.1317 0.61 8.60411
      vertex 83.8859 0.61 8.22574
      vertex 83.9029 0.61 8.26611
    endloop
  endfacet
  facet normal 0 -1 0
    outer loop
      vertex 83.091 0.61 8.52116
      vertex 83.8705 0.61 8.18294
      vertex 83.8859 0.61 8.22574
    endloop
  endfacet
  facet normal 0 -1 0
    outer loop
      vertex 83.8345 0.61 8.03983
      vertex 82.9989 0.61 8.24417
      vertex 82.9781 0.61 8.14246
    endloop
  endfacet
  facet normal 0 -1 0
    outer loop
      vertex 83.0553 0.61 8.43353
      vertex 83.8568 0.61 8.13768
      vertex 83.8705 0.61 8.18294
    endloop
  endfacet
  facet normal 0 -1 0
    outer loop
      vertex 83.0246 0.61 8.3412
      vertex 83.8448 0.61 8.08997
      vertex 83.8568 0.61 8.13768
    endloop
  endfacet
  facet normal 0 -1 0
    outer loop
      vertex 82.9989 0.61 8.24417
      vertex 83.8345 0.61 8.03983
      vertex 83.8448 0.61 8.08997
    endloop
  endfacet
  facet normal 0 -1 0
    outer loop
      vertex 83.8259 0.61 7.98723
      vertex 82.9781 0.61 8.14246
      vertex 82.9623 0.61 8.03606
    endloop
  endfacet
  facet normal 0 -1 0
    outer loop
      vertex 82.9781 0.61 8.14246
      vertex 83.8259 0.61 7.98723
      vertex 83.8345 0.61 8.03983
    endloop
  endfacet
  facet normal 0 -1 -0
    outer loop
      vertex 85.4248 0.61 9.00049
      vertex 84.8811 0.61 8.41219
      vertex 85.4951 0.61 8.9454
    endloop
  endfacet
  facet normal 0 -1 0
    outer loop
      vertex 84.923 0.61 8.35185
      vertex 85.4951 0.61 8.9454
      vertex 84.8811 0.61 8.41219
    endloop
  endfacet
  facet normal 0 -1 -0
    outer loop
      vertex 85.4951 0.61 8.9454
      vertex 84.923 0.61 8.35185
      vertex 85.5597 0.61 8.88559
    endloop
  endfacet
  facet normal 0 -1 -0
    outer loop
      vertex 85.5597 0.61 8.88559
      vertex 84.923 0.61 8.35185
      vertex 85.6182 0.61 8.82153
    endloop
  endfacet
  facet normal 0 -1 -0
    outer loop
      vertex 85.6182 0.61 8.82153
      vertex 84.923 0.61 8.35185
      vertex 85.6705 0.61 8.75325
    endloop
  endfacet
  facet normal 0 -1 0
    outer loop
      vertex 84.9557 0.61 8.28224
      vertex 85.6705 0.61 8.75325
      vertex 84.923 0.61 8.35185
    endloop
  endfacet
  facet normal 0 -1 -0
    outer loop
      vertex 85.6705 0.61 8.75325
      vertex 84.9557 0.61 8.28224
      vertex 85.7167 0.61 8.68073
    endloop
  endfacet
  facet normal 0 -1 -0
    outer loop
      vertex 85.7167 0.61 8.68073
      vertex 84.9557 0.61 8.28224
      vertex 85.7567 0.61 8.60396
    endloop
  endfacet
  facet normal 0 -1 -0
    outer loop
      vertex 85.7567 0.61 8.60396
      vertex 84.9557 0.61 8.28224
      vertex 85.7905 0.61 8.52295
    endloop
  endfacet
  facet normal 0 -1 0
    outer loop
      vertex 84.979 0.61 8.20335
      vertex 85.7905 0.61 8.52295
      vertex 84.9557 0.61 8.28224
    endloop
  endfacet
  facet normal 0 -1 -0
    outer loop
      vertex 85.7905 0.61 8.52295
      vertex 84.979 0.61 8.20335
      vertex 85.8182 0.61 8.4377
    endloop
  endfacet
  facet normal 0 -1 -0
    outer loop
      vertex 85.8182 0.61 8.4377
      vertex 84.979 0.61 8.20335
      vertex 85.8397 0.61 8.34822
    endloop
  endfacet
  facet normal 0 -1 -0
    outer loop
      vertex 85.8397 0.61 8.34822
      vertex 84.979 0.61 8.20335
      vertex 85.8551 0.61 8.25452
    endloop
  endfacet
  facet normal 0 -1 0
    outer loop
      vertex 84.993 0.61 8.11519
      vertex 85.8551 0.61 8.25452
      vertex 84.979 0.61 8.20335
    endloop
  endfacet
  facet normal 0 -1 -0
    outer loop
      vertex 85.8551 0.61 8.25452
      vertex 84.993 0.61 8.11519
      vertex 85.8643 0.61 8.15656
    endloop
  endfacet
  facet normal 0 -1 0
    outer loop
      vertex 84.993 0.61 8.11519
      vertex 85.8674 0.61 8.05437
      vertex 85.8643 0.61 8.15656
    endloop
  endfacet
  facet normal 0 -1 0
    outer loop
      vertex 84.9977 0.61 8.01773
      vertex 85.8674 0.61 8.05437
      vertex 84.993 0.61 8.11519
    endloop
  endfacet
  facet normal 0 -1 0
    outer loop
      vertex 84.9977 0.61 8.01773
      vertex 85.8664 0.61 7.99992
      vertex 85.8674 0.61 8.05437
    endloop
  endfacet
  facet normal 0 -1 0
    outer loop
      vertex 85.8635 0.61 7.94643
      vertex 84.9977 0.61 8.01773
      vertex 84.9962 0.61 7.97604
    endloop
  endfacet
  facet normal 0 -1 0
    outer loop
      vertex 84.9977 0.61 8.01773
      vertex 85.8635 0.61 7.94643
      vertex 85.8664 0.61 7.99992
    endloop
  endfacet
  facet normal 0 -1 0
    outer loop
      vertex 85.8517 0.61 7.84233
      vertex 84.9962 0.61 7.97604
      vertex 84.9917 0.61 7.9342
    endloop
  endfacet
  facet normal 0 -1 0
    outer loop
      vertex 84.9962 0.61 7.97604
      vertex 85.8586 0.61 7.89391
      vertex 85.8635 0.61 7.94643
    endloop
  endfacet
  facet normal 0 -1 0
    outer loop
      vertex 85.832 0.61 7.74207
      vertex 84.9917 0.61 7.9342
      vertex 84.9842 0.61 7.89221
    endloop
  endfacet
  facet normal 0 -1 0
    outer loop
      vertex 85.8045 0.61 7.64563
      vertex 84.9842 0.61 7.89221
      vertex 84.9737 0.61 7.85008
    endloop
  endfacet
  facet normal 0 -1 0
    outer loop
      vertex 84.9962 0.61 7.97604
      vertex 85.8517 0.61 7.84233
      vertex 85.8586 0.61 7.89391
    endloop
  endfacet
  facet normal 0 -1 0
    outer loop
      vertex 85.7484 0.61 7.50815
      vertex 84.9737 0.61 7.85008
      vertex 84.9602 0.61 7.80779
    endloop
  endfacet
  facet normal 0 -1 0
    outer loop
      vertex 84.9917 0.61 7.9342
      vertex 85.8428 0.61 7.79172
      vertex 85.8517 0.61 7.84233
    endloop
  endfacet
  facet normal 0 -1 0
    outer loop
      vertex 85.7029 0.61 7.42064
      vertex 84.9602 0.61 7.80779
      vertex 84.9437 0.61 7.76534
    endloop
  endfacet
  facet normal 0 -1 0
    outer loop
      vertex 84.9917 0.61 7.9342
      vertex 85.832 0.61 7.74207
      vertex 85.8428 0.61 7.79172
    endloop
  endfacet
  facet normal 0 -1 0
    outer loop
      vertex 85.6785 0.61 7.37784
      vertex 84.9437 0.61 7.76534
      vertex 84.9242 0.61 7.72275
    endloop
  endfacet
  facet normal 0 -1 0
    outer loop
      vertex 84.9842 0.61 7.89221
      vertex 85.8192 0.61 7.69336
      vertex 85.832 0.61 7.74207
    endloop
  endfacet
  facet normal 0 -1 0
    outer loop
      vertex 85.6263 0.61 7.2941
      vertex 84.9242 0.61 7.72275
      vertex 84.9017 0.61 7.68001
    endloop
  endfacet
  facet normal 0 -1 0
    outer loop
      vertex 84.9842 0.61 7.89221
      vertex 85.8045 0.61 7.64563
      vertex 85.8192 0.61 7.69336
    endloop
  endfacet
  facet normal 0 -1 0
    outer loop
      vertex 85.5697 0.61 7.21289
      vertex 84.9017 0.61 7.68001
      vertex 84.8761 0.61 7.6371
    endloop
  endfacet
  facet normal 0 -1 0
    outer loop
      vertex 84.9737 0.61 7.85008
      vertex 85.7877 0.61 7.59885
      vertex 85.8045 0.61 7.64563
    endloop
  endfacet
  facet normal 0 -1 0
    outer loop
      vertex 85.5087 0.61 7.13419
      vertex 84.8761 0.61 7.6371
      vertex 84.8476 0.61 7.59406
    endloop
  endfacet
  facet normal 0 -1 0
    outer loop
      vertex 84.9737 0.61 7.85008
      vertex 85.769 0.61 7.55302
      vertex 85.7877 0.61 7.59885
    endloop
  endfacet
  facet normal 0 -1 0
    outer loop
      vertex 85.4433 0.61 7.05801
      vertex 84.8476 0.61 7.59406
      vertex 84.8161 0.61 7.55086
    endloop
  endfacet
  facet normal 0 -1 0
    outer loop
      vertex 84.9737 0.61 7.85008
      vertex 85.7484 0.61 7.50815
      vertex 85.769 0.61 7.55302
    endloop
  endfacet
  facet normal 0 -1 0
    outer loop
      vertex 85.4091 0.61 7.02078
      vertex 84.8161 0.61 7.55086
      vertex 84.7809 0.61 7.50653
    endloop
  endfacet
  facet normal 0 -1 0
    outer loop
      vertex 84.9602 0.61 7.80779
      vertex 85.7262 0.61 7.46408
      vertex 85.7484 0.61 7.50815
    endloop
  endfacet
  facet normal 0 -1 0
    outer loop
      vertex 85.3386 0.61 6.94762
      vertex 84.7809 0.61 7.50653
      vertex 84.7412 0.61 7.46007
    endloop
  endfacet
  facet normal 0 -1 0
    outer loop
      vertex 84.9602 0.61 7.80779
      vertex 85.7029 0.61 7.42064
      vertex 85.7262 0.61 7.46408
    endloop
  endfacet
  facet normal 0 -1 0
    outer loop
      vertex 85.2655 0.61 6.87614
      vertex 84.7412 0.61 7.46007
      vertex 84.697 0.61 7.4115
    endloop
  endfacet
  facet normal 0 -1 0
    outer loop
      vertex 84.9437 0.61 7.76534
      vertex 85.6785 0.61 7.37784
      vertex 85.7029 0.61 7.42064
    endloop
  endfacet
  facet normal 0 -1 0
    outer loop
      vertex 85.2279 0.61 6.84106
      vertex 84.697 0.61 7.4115
      vertex 84.6484 0.61 7.36081
    endloop
  endfacet
  facet normal 0 -1 0
    outer loop
      vertex 84.9242 0.61 7.72275
      vertex 85.653 0.61 7.33565
      vertex 85.6785 0.61 7.37784
    endloop
  endfacet
  facet normal 0 -1 0
    outer loop
      vertex 85.1507 0.61 6.77216
      vertex 84.6484 0.61 7.36081
      vertex 84.5953 0.61 7.308
    endloop
  endfacet
  facet normal 0 -1 0
    outer loop
      vertex 84.9242 0.61 7.72275
      vertex 85.6263 0.61 7.2941
      vertex 85.653 0.61 7.33565
    endloop
  endfacet
  facet normal 0 -1 0
    outer loop
      vertex 84.9017 0.61 7.68001
      vertex 85.5986 0.61 7.25317
      vertex 85.6263 0.61 7.2941
    endloop
  endfacet
  facet normal 0 -1 0
    outer loop
      vertex 85.0707 0.61 6.70497
      vertex 84.5953 0.61 7.308
      vertex 84.5377 0.61 7.25307
    endloop
  endfacet
  facet normal 0 -1 0
    outer loop
      vertex 84.9017 0.61 7.68001
      vertex 85.5697 0.61 7.21289
      vertex 85.5986 0.61 7.25317
    endloop
  endfacet
  facet normal 0 -1 0
    outer loop
      vertex 85.0297 0.61 6.67203
      vertex 84.5377 0.61 7.25307
      vertex 84.4757 0.61 7.19603
    endloop
  endfacet
  facet normal 0 -1 0
    outer loop
      vertex 84.8761 0.61 7.6371
      vertex 85.5398 0.61 7.17322
      vertex 85.5697 0.61 7.21289
    endloop
  endfacet
  facet normal 0 -1 0
    outer loop
      vertex 84.9475 0.61 6.60686
      vertex 84.4757 0.61 7.19603
      vertex 84.4092 0.61 7.13686
    endloop
  endfacet
  facet normal 0 -1 0
    outer loop
      vertex 84.8761 0.61 7.6371
      vertex 85.5087 0.61 7.13419
      vertex 85.5398 0.61 7.17322
    endloop
  endfacet
  facet normal 0 -1 0
    outer loop
      vertex 84.8476 0.61 7.59406
      vertex 85.4765 0.61 7.09579
      vertex 85.5087 0.61 7.13419
    endloop
  endfacet
  facet normal 0 -1 0
    outer loop
      vertex 84.8662 0.61 6.5423
      vertex 84.4092 0.61 7.13686
      vertex 84.3382 0.61 7.07558
    endloop
  endfacet
  facet normal 0 -1 0
    outer loop
      vertex 84.8476 0.61 7.59406
      vertex 85.4433 0.61 7.05801
      vertex 85.4765 0.61 7.09579
    endloop
  endfacet
  facet normal 0 -1 0
    outer loop
      vertex 84.8161 0.61 7.55086
      vertex 85.4091 0.61 7.02078
      vertex 85.4433 0.61 7.05801
    endloop
  endfacet
  facet normal 0 -1 0
    outer loop
      vertex 84.7858 0.61 6.47833
      vertex 84.3382 0.61 7.07558
      vertex 84.2628 0.61 7.01218
    endloop
  endfacet
  facet normal 0 -1 0
    outer loop
      vertex 84.7809 0.61 7.50653
      vertex 85.3742 0.61 6.98399
      vertex 85.4091 0.61 7.02078
    endloop
  endfacet
  facet normal 0 -1 0
    outer loop
      vertex 84.7809 0.61 7.50653
      vertex 85.3386 0.61 6.94762
      vertex 85.3742 0.61 6.98399
    endloop
  endfacet
  facet normal 0 -1 0
    outer loop
      vertex 84.7063 0.61 6.41498
      vertex 84.2628 0.61 7.01218
      vertex 84.1829 0.61 6.94666
    endloop
  endfacet
  facet normal 0 -1 0
    outer loop
      vertex 84.7412 0.61 7.46007
      vertex 85.3024 0.61 6.91167
      vertex 85.3386 0.61 6.94762
    endloop
  endfacet
  facet normal 0 -1 0
    outer loop
      vertex 84.5888 0.61 6.32108
      vertex 84.1829 0.61 6.94666
      vertex 84.0988 0.61 6.87756
    endloop
  endfacet
  facet normal 0 -1 0
    outer loop
      vertex 84.7412 0.61 7.46007
      vertex 85.2655 0.61 6.87614
      vertex 85.3024 0.61 6.91167
    endloop
  endfacet
  facet normal 0 -1 0
    outer loop
      vertex 84.697 0.61 7.4115
      vertex 85.2279 0.61 6.84106
      vertex 85.2655 0.61 6.87614
    endloop
  endfacet
  facet normal 0 -1 0
    outer loop
      vertex 84.5503 0.61 6.28998
      vertex 84.0988 0.61 6.87756
      vertex 84.0173 0.61 6.80898
    endloop
  endfacet
  facet normal 0 -1 0
    outer loop
      vertex 84.6484 0.61 7.36081
      vertex 85.1896 0.61 6.8064
      vertex 85.2279 0.61 6.84106
    endloop
  endfacet
  facet normal 0 -1 0
    outer loop
      vertex 84.6484 0.61 7.36081
      vertex 85.1507 0.61 6.77216
      vertex 85.1896 0.61 6.8064
    endloop
  endfacet
  facet normal 0 -1 0
    outer loop
      vertex 84.4751 0.61 6.22765
      vertex 84.0173 0.61 6.80898
      vertex 83.9385 0.61 6.74088
    endloop
  endfacet
  facet normal 0 -1 0
    outer loop
      vertex 84.5953 0.61 7.308
      vertex 85.1111 0.61 6.73836
      vertex 85.1507 0.61 6.77216
    endloop
  endfacet
  facet normal 0 -1 0
    outer loop
      vertex 84.5953 0.61 7.308
      vertex 85.0707 0.61 6.70497
      vertex 85.1111 0.61 6.73836
    endloop
  endfacet
  facet normal 0 -1 0
    outer loop
      vertex 84.4025 0.61 6.1651
      vertex 83.9385 0.61 6.74088
      vertex 83.8623 0.61 6.67329
    endloop
  endfacet
  facet normal 0 -1 0
    outer loop
      vertex 84.5377 0.61 7.25307
      vertex 85.0297 0.61 6.67203
      vertex 85.0707 0.61 6.70497
    endloop
  endfacet
  facet normal 0 -1 0
    outer loop
      vertex 84.4757 0.61 7.19603
      vertex 84.9475 0.61 6.60686
      vertex 85.0297 0.61 6.67203
    endloop
  endfacet
  facet normal 0 -1 0
    outer loop
      vertex 84.3324 0.61 6.10237
      vertex 83.8623 0.61 6.67329
      vertex 83.7888 0.61 6.60622
    endloop
  endfacet
  facet normal 0 -1 0
    outer loop
      vertex 84.4092 0.61 7.13686
      vertex 84.8662 0.61 6.5423
      vertex 84.9475 0.61 6.60686
    endloop
  endfacet
  facet normal 0 -1 0
    outer loop
      vertex 84.2648 0.61 6.03943
      vertex 83.7888 0.61 6.60622
      vertex 83.7179 0.61 6.53963
    endloop
  endfacet
  facet normal 0 -1 0
    outer loop
      vertex 84.3382 0.61 7.07558
      vertex 84.7858 0.61 6.47833
      vertex 84.8662 0.61 6.5423
    endloop
  endfacet
  facet normal 0 -1 0
    outer loop
      vertex 84.1997 0.61 5.97627
      vertex 83.7179 0.61 6.53963
      vertex 83.6497 0.61 6.47356
    endloop
  endfacet
  facet normal 0 -1 0
    outer loop
      vertex 84.2628 0.61 7.01218
      vertex 84.7063 0.61 6.41498
      vertex 84.7858 0.61 6.47833
    endloop
  endfacet
  facet normal 0 -1 0
    outer loop
      vertex 84.1686 0.61 5.94446
      vertex 83.6497 0.61 6.47356
      vertex 83.5841 0.61 6.40797
    endloop
  endfacet
  facet normal 0 -1 0
    outer loop
      vertex 84.1107 0.61 5.87959
      vertex 83.5841 0.61 6.40797
      vertex 83.5212 0.61 6.34291
    endloop
  endfacet
  facet normal 0 -1 0
    outer loop
      vertex 84.1829 0.61 6.94666
      vertex 84.5888 0.61 6.32108
      vertex 84.7063 0.61 6.41498
    endloop
  endfacet
  facet normal 0 -1 0
    outer loop
      vertex 84.0988 0.61 6.87756
      vertex 84.5503 0.61 6.28998
      vertex 84.5888 0.61 6.32108
    endloop
  endfacet
  facet normal 0 -1 0
    outer loop
      vertex 84.0588 0.61 5.81311
      vertex 83.5212 0.61 6.34291
      vertex 83.4609 0.61 6.27835
    endloop
  endfacet
  facet normal 0 -1 0
    outer loop
      vertex 84.0173 0.61 6.80898
      vertex 84.5124 0.61 6.25883
      vertex 84.5503 0.61 6.28998
    endloop
  endfacet
  facet normal 0 -1 0
    outer loop
      vertex 84.0173 0.61 6.80898
      vertex 84.4751 0.61 6.22765
      vertex 84.5124 0.61 6.25883
    endloop
  endfacet
  facet normal 0 -1 0
    outer loop
      vertex 84.0351 0.61 5.77927
      vertex 83.4609 0.61 6.27835
      vertex 83.4033 0.61 6.21428
    endloop
  endfacet
  facet normal 0 -1 0
    outer loop
      vertex 83.9385 0.61 6.74088
      vertex 84.4385 0.61 6.1964
      vertex 84.4751 0.61 6.22765
    endloop
  endfacet
  facet normal 0 -1 0
    outer loop
      vertex 83.9385 0.61 6.74088
      vertex 84.4025 0.61 6.1651
      vertex 84.4385 0.61 6.1964
    endloop
  endfacet
  facet normal 0 -1 0
    outer loop
      vertex 84.0128 0.61 5.74503
      vertex 83.4033 0.61 6.21428
      vertex 83.3481 0.61 6.15033
    endloop
  endfacet
  facet normal 0 -1 0
    outer loop
      vertex 83.8623 0.61 6.67329
      vertex 84.3671 0.61 6.13376
      vertex 84.4025 0.61 6.1651
    endloop
  endfacet
  facet normal 0 -1 0
    outer loop
      vertex 83.8623 0.61 6.67329
      vertex 84.3324 0.61 6.10237
      vertex 84.3671 0.61 6.13376
    endloop
  endfacet
  facet normal 0 -1 0
    outer loop
      vertex 83.9729 0.61 5.67532
      vertex 83.3481 0.61 6.15033
      vertex 83.2953 0.61 6.08607
    endloop
  endfacet
  facet normal 0 -1 0
    outer loop
      vertex 83.7888 0.61 6.60622
      vertex 84.2983 0.61 6.07092
      vertex 84.3324 0.61 6.10237
    endloop
  endfacet
  facet normal 0 -1 0
    outer loop
      vertex 83.7888 0.61 6.60622
      vertex 84.2648 0.61 6.03943
      vertex 84.2983 0.61 6.07092
    endloop
  endfacet
  facet normal 0 -1 0
    outer loop
      vertex 83.9551 0.61 5.63986
      vertex 83.2953 0.61 6.08607
      vertex 83.2449 0.61 6.02151
    endloop
  endfacet
  facet normal 0 -1 0
    outer loop
      vertex 83.7179 0.61 6.53963
      vertex 84.2319 0.61 6.00787
      vertex 84.2648 0.61 6.03943
    endloop
  endfacet
  facet normal 0 -1 0
    outer loop
      vertex 83.7179 0.61 6.53963
      vertex 84.1997 0.61 5.97627
      vertex 84.2319 0.61 6.00787
    endloop
  endfacet
  facet normal 0 -1 0
    outer loop
      vertex 83.9388 0.61 5.60399
      vertex 83.2449 0.61 6.02151
      vertex 83.1968 0.61 5.95665
    endloop
  endfacet
  facet normal 0 -1 0
    outer loop
      vertex 83.6497 0.61 6.47356
      vertex 84.1686 0.61 5.94446
      vertex 84.1997 0.61 5.97627
    endloop
  endfacet
  facet normal 0 -1 0
    outer loop
      vertex 83.5841 0.61 6.40797
      vertex 84.1389 0.61 5.91223
      vertex 84.1686 0.61 5.94446
    endloop
  endfacet
  facet normal 0 -1 0
    outer loop
      vertex 83.9388 0.61 5.60399
      vertex 83.1968 0.61 5.95665
      vertex 83.151 0.61 5.89148
    endloop
  endfacet
  facet normal 0 -1 0
    outer loop
      vertex 83.5841 0.61 6.40797
      vertex 84.1107 0.61 5.87959
      vertex 84.1389 0.61 5.91223
    endloop
  endfacet
  facet normal 0 -1 0
    outer loop
      vertex 83.5212 0.61 6.34291
      vertex 84.084 0.61 5.84656
      vertex 84.1107 0.61 5.87959
    endloop
  endfacet
  facet normal 0 -1 0
    outer loop
      vertex 83.9388 0.61 5.60399
      vertex 83.151 0.61 5.89148
      vertex 83.1076 0.61 5.82602
    endloop
  endfacet
  facet normal 0 -1 0
    outer loop
      vertex 83.5212 0.61 6.34291
      vertex 84.0588 0.61 5.81311
      vertex 84.084 0.61 5.84656
    endloop
  endfacet
  facet normal 0 -1 0
    outer loop
      vertex 83.4609 0.61 6.27835
      vertex 84.0351 0.61 5.77927
      vertex 84.0588 0.61 5.81311
    endloop
  endfacet
  facet normal 0 -1 0
    outer loop
      vertex 83.9388 0.61 5.60399
      vertex 83.1076 0.61 5.82602
      vertex 83.0665 0.61 5.76024
    endloop
  endfacet
  facet normal 0 -1 0
    outer loop
      vertex 83.4033 0.61 6.21428
      vertex 84.0128 0.61 5.74503
      vertex 84.0351 0.61 5.77927
    endloop
  endfacet
  facet normal 0 -1 0
    outer loop
      vertex 83.3481 0.61 6.15033
      vertex 83.9921 0.61 5.71037
      vertex 84.0128 0.61 5.74503
    endloop
  endfacet
  facet normal 0 -1 0
    outer loop
      vertex 83.9388 0.61 5.60399
      vertex 83.0665 0.61 5.76024
      vertex 83.0278 0.61 5.69415
    endloop
  endfacet
  facet normal 0 -1 0
    outer loop
      vertex 83.3481 0.61 6.15033
      vertex 83.9729 0.61 5.67532
      vertex 83.9921 0.61 5.71037
    endloop
  endfacet
  facet normal 0 -1 0
    outer loop
      vertex 83.2953 0.61 6.08607
      vertex 83.9551 0.61 5.63986
      vertex 83.9729 0.61 5.67532
    endloop
  endfacet
  facet normal 0 -1 0
    outer loop
      vertex 83.9388 0.61 5.60399
      vertex 83.0278 0.61 5.69415
      vertex 82.9914 0.61 5.62778
    endloop
  endfacet
  facet normal 0 -1 0
    outer loop
      vertex 83.2449 0.61 6.02151
      vertex 83.9388 0.61 5.60399
      vertex 83.9551 0.61 5.63986
    endloop
  endfacet
  facet normal 0 -1 0
    outer loop
      vertex 82.9574 0.61 5.5611
      vertex 83.9388 0.61 5.60399
      vertex 82.9914 0.61 5.62778
    endloop
  endfacet
  facet normal 0 -1 0
    outer loop
      vertex 82.9257 0.61 5.49411
      vertex 83.9388 0.61 5.60399
      vertex 82.9574 0.61 5.5611
    endloop
  endfacet
  facet normal 0 -1 0
    outer loop
      vertex 83.9388 0.61 5.60399
      vertex 82.9257 0.61 5.49411
      vertex 82.9257 0.61 4.89906
    endloop
  endfacet
  facet normal 0 -1 -0
    outer loop
      vertex 83.9388 0.61 5.60399
      vertex 82.9257 0.61 4.89906
      vertex 85.9346 0.61 4.89906
    endloop
  endfacet
  facet normal 0 -1 0
    outer loop
      vertex 83.9388 0.61 5.60399
      vertex 85.9346 0.61 4.89906
      vertex 85.9346 0.61 5.60399
    endloop
  endfacet
  facet normal 0 -1 0
    outer loop
      vertex 87.712 0.61 9.26027
      vertex 87.7374 0.61 8.65677
      vertex 87.8338 0.61 8.66164
    endloop
  endfacet
  facet normal 0 -1 0
    outer loop
      vertex 86.6003 0.61 8.7746
      vertex 87.6502 0.61 8.64217
      vertex 87.7374 0.61 8.65677
    endloop
  endfacet
  facet normal 0 -1 0
    outer loop
      vertex 87.3197 0.61 8.35013
      vertex 86.554 0.61 8.70622
      vertex 86.5138 0.61 8.63417
    endloop
  endfacet
  facet normal 0 -1 0
    outer loop
      vertex 86.6003 0.61 8.7746
      vertex 87.5721 0.61 8.61783
      vertex 87.6502 0.61 8.64217
    endloop
  endfacet
  facet normal 0 -1 0
    outer loop
      vertex 86.6003 0.61 8.7746
      vertex 87.5033 0.61 8.58376
      vertex 87.5721 0.61 8.61783
    endloop
  endfacet
  facet normal 0 -1 0
    outer loop
      vertex 87.2967 0.61 8.26738
      vertex 86.5138 0.61 8.63417
      vertex 86.4798 0.61 8.55844
    endloop
  endfacet
  facet normal 0 -1 0
    outer loop
      vertex 86.6003 0.61 8.7746
      vertex 87.4436 0.61 8.53995
      vertex 87.5033 0.61 8.58376
    endloop
  endfacet
  facet normal 0 -1 0
    outer loop
      vertex 86.6003 0.61 8.7746
      vertex 87.3931 0.61 8.48642
      vertex 87.4436 0.61 8.53995
    endloop
  endfacet
  facet normal 0 -1 0
    outer loop
      vertex 87.2967 0.61 8.26738
      vertex 86.4798 0.61 8.55844
      vertex 86.452 0.61 8.47903
    endloop
  endfacet
  facet normal 0 -1 0
    outer loop
      vertex 86.6003 0.61 8.7746
      vertex 87.3518 0.61 8.42314
      vertex 87.3931 0.61 8.48642
    endloop
  endfacet
  facet normal 0 -1 0
    outer loop
      vertex 87.2967 0.61 8.26738
      vertex 86.452 0.61 8.47903
      vertex 86.4304 0.61 8.39594
    endloop
  endfacet
  facet normal 0 -1 0
    outer loop
      vertex 86.6003 0.61 8.7746
      vertex 87.3197 0.61 8.35013
      vertex 87.3518 0.61 8.42314
    endloop
  endfacet
  facet normal 0 -1 0
    outer loop
      vertex 87.283 0.61 8.1749
      vertex 86.4304 0.61 8.39594
      vertex 86.4149 0.61 8.30916
    endloop
  endfacet
  facet normal 0 -1 0
    outer loop
      vertex 86.5138 0.61 8.63417
      vertex 87.2967 0.61 8.26738
      vertex 87.3197 0.61 8.35013
    endloop
  endfacet
  facet normal 0 -1 0
    outer loop
      vertex 87.283 0.61 8.1749
      vertex 86.4149 0.61 8.30916
      vertex 86.4057 0.61 8.2187
    endloop
  endfacet
  facet normal 0 -1 0
    outer loop
      vertex 86.4304 0.61 8.39594
      vertex 87.283 0.61 8.1749
      vertex 87.2967 0.61 8.26738
    endloop
  endfacet
  facet normal 0 -1 0
    outer loop
      vertex 86.4026 0.61 8.12456
      vertex 87.283 0.61 8.1749
      vertex 86.4057 0.61 8.2187
    endloop
  endfacet
  facet normal 0 -1 0
    outer loop
      vertex 86.4026 0.61 8.12456
      vertex 87.2784 0.61 8.07268
      vertex 87.283 0.61 8.1749
    endloop
  endfacet
  facet normal 0 -1 0
    outer loop
      vertex 86.4043 0.61 8.06143
      vertex 87.2784 0.61 8.07268
      vertex 86.4026 0.61 8.12456
    endloop
  endfacet
  facet normal 0 -1 0
    outer loop
      vertex 86.4096 0.61 7.99966
      vertex 87.2784 0.61 8.07268
      vertex 86.4043 0.61 8.06143
    endloop
  endfacet
  facet normal 0 -1 0
    outer loop
      vertex 86.4185 0.61 7.93927
      vertex 87.2784 0.61 8.07268
      vertex 86.4096 0.61 7.99966
    endloop
  endfacet
  facet normal 0 -1 -0
    outer loop
      vertex 87.2784 0.61 8.07268
      vertex 86.4185 0.61 7.93927
      vertex 87.283 0.61 7.9657
    endloop
  endfacet
  facet normal 0 -1 0
    outer loop
      vertex 86.4308 0.61 7.88022
      vertex 87.283 0.61 7.9657
      vertex 86.4185 0.61 7.93927
    endloop
  endfacet
  facet normal 0 -1 0
    outer loop
      vertex 86.4467 0.61 7.82254
      vertex 87.283 0.61 7.9657
      vertex 86.4308 0.61 7.88022
    endloop
  endfacet
  facet normal 0 -1 0
    outer loop
      vertex 86.4661 0.61 7.76622
      vertex 87.283 0.61 7.9657
      vertex 86.4467 0.61 7.82254
    endloop
  endfacet
  facet normal 0 -1 0
    outer loop
      vertex 86.4891 0.61 7.71126
      vertex 87.283 0.61 7.9657
      vertex 86.4661 0.61 7.76622
    endloop
  endfacet
  facet normal 0 -1 0
    outer loop
      vertex 86.5155 0.61 7.65767
      vertex 87.283 0.61 7.9657
      vertex 86.4891 0.61 7.71126
    endloop
  endfacet
  facet normal 0 -1 -0
    outer loop
      vertex 87.283 0.61 7.9657
      vertex 86.5155 0.61 7.65767
      vertex 87.2969 0.61 7.86891
    endloop
  endfacet
  facet normal 0 -1 0
    outer loop
      vertex 86.5455 0.61 7.60544
      vertex 87.2969 0.61 7.86891
      vertex 86.5155 0.61 7.65767
    endloop
  endfacet
  facet normal 0 -1 0
    outer loop
      vertex 86.5791 0.61 7.55457
      vertex 87.2969 0.61 7.86891
      vertex 86.5455 0.61 7.60544
    endloop
  endfacet
  facet normal 0 -1 0
    outer loop
      vertex 86.6161 0.61 7.50505
      vertex 87.2969 0.61 7.86891
      vertex 86.5791 0.61 7.55457
    endloop
  endfacet
  facet normal 0 -1 0
    outer loop
      vertex 86.6561 0.61 7.45782
      vertex 87.2969 0.61 7.86891
      vertex 86.6161 0.61 7.50505
    endloop
  endfacet
  facet normal 0 -1 -0
    outer loop
      vertex 87.2969 0.61 7.86891
      vertex 86.6561 0.61 7.45782
      vertex 87.3201 0.61 7.7823
    endloop
  endfacet
  facet normal 0 -1 0
    outer loop
      vertex 86.6983 0.61 7.41376
      vertex 87.3201 0.61 7.7823
      vertex 86.6561 0.61 7.45782
    endloop
  endfacet
  facet normal 0 -1 0
    outer loop
      vertex 86.7427 0.61 7.37288
      vertex 87.3201 0.61 7.7823
      vertex 86.6983 0.61 7.41376
    endloop
  endfacet
  facet normal 0 -1 0
    outer loop
      vertex 86.7893 0.61 7.33519
      vertex 87.3201 0.61 7.7823
      vertex 86.7427 0.61 7.37288
    endloop
  endfacet
  facet normal 0 -1 -0
    outer loop
      vertex 87.3201 0.61 7.7823
      vertex 86.7893 0.61 7.33519
      vertex 87.3526 0.61 7.70589
    endloop
  endfacet
  facet normal 0 -1 0
    outer loop
      vertex 86.8381 0.61 7.30066
      vertex 87.3526 0.61 7.70589
      vertex 86.7893 0.61 7.33519
    endloop
  endfacet
  facet normal 0 -1 0
    outer loop
      vertex 86.8891 0.61 7.26932
      vertex 87.3526 0.61 7.70589
      vertex 86.8381 0.61 7.30066
    endloop
  endfacet
  facet normal 0 -1 0
    outer loop
      vertex 86.9424 0.61 7.24115
      vertex 87.3526 0.61 7.70589
      vertex 86.8891 0.61 7.26932
    endloop
  endfacet
  facet normal 0 -1 0
    outer loop
      vertex 86.9979 0.61 7.21616
      vertex 87.3526 0.61 7.70589
      vertex 86.9424 0.61 7.24115
    endloop
  endfacet
  facet normal 0 -1 -0
    outer loop
      vertex 87.3526 0.61 7.70589
      vertex 86.9979 0.61 7.21616
      vertex 87.3944 0.61 7.63966
    endloop
  endfacet
  facet normal 0 -1 0
    outer loop
      vertex 87.0556 0.61 7.19435
      vertex 87.3944 0.61 7.63966
      vertex 86.9979 0.61 7.21616
    endloop
  endfacet
  facet normal -0 -1 0
    outer loop
      vertex 88.5627 0.61 7.18076
      vertex 87.8398 0.61 7.45627
      vertex 88.499 0.61 7.16638
    endloop
  endfacet
  facet normal 0 -1 0
    outer loop
      vertex 87.1155 0.61 7.17572
      vertex 87.3944 0.61 7.63966
      vertex 87.0556 0.61 7.19435
    endloop
  endfacet
  facet normal 0 -1 0
    outer loop
      vertex 87.8398 0.61 7.45627
      vertex 88.9862 0.61 7.41194
      vertex 89.0284 0.61 7.45538
    endloop
  endfacet
  facet normal 0 -1 0
    outer loop
      vertex 87.1777 0.61 7.16026
      vertex 87.3944 0.61 7.63966
      vertex 87.1155 0.61 7.17572
    endloop
  endfacet
  facet normal 0 -1 0
    outer loop
      vertex 87.8398 0.61 7.45627
      vertex 88.9417 0.61 7.37175
      vertex 88.9862 0.61 7.41194
    endloop
  endfacet
  facet normal 0 -1 0
    outer loop
      vertex 87.8398 0.61 7.45627
      vertex 88.8947 0.61 7.33478
      vertex 88.9417 0.61 7.37175
    endloop
  endfacet
  facet normal 0 -1 -0
    outer loop
      vertex 87.3944 0.61 7.63966
      vertex 87.1777 0.61 7.16026
      vertex 87.4454 0.61 7.58363
    endloop
  endfacet
  facet normal 0 -1 0
    outer loop
      vertex 87.8398 0.61 7.45627
      vertex 88.8454 0.61 7.30103
      vertex 88.8947 0.61 7.33478
    endloop
  endfacet
  facet normal 0 -1 -0
    outer loop
      vertex 87.4454 0.61 7.58363
      vertex 87.1777 0.61 7.16026
      vertex 87.5057 0.61 7.53778
    endloop
  endfacet
  facet normal 0 -1 0
    outer loop
      vertex 87.8398 0.61 7.45627
      vertex 88.7936 0.61 7.27052
      vertex 88.8454 0.61 7.30103
    endloop
  endfacet
  facet normal 0 -1 -0
    outer loop
      vertex 87.5057 0.61 7.53778
      vertex 87.1777 0.61 7.16026
      vertex 87.5753 0.61 7.50212
    endloop
  endfacet
  facet normal 0 -1 0
    outer loop
      vertex 87.8398 0.61 7.45627
      vertex 88.7395 0.61 7.24323
      vertex 88.7936 0.61 7.27052
    endloop
  endfacet
  facet normal 0 -1 -0
    outer loop
      vertex 87.5753 0.61 7.50212
      vertex 87.1777 0.61 7.16026
      vertex 87.6542 0.61 7.47665
    endloop
  endfacet
  facet normal 0 -1 0
    outer loop
      vertex 87.8398 0.61 7.45627
      vertex 88.683 0.61 7.21918
      vertex 88.7395 0.61 7.24323
    endloop
  endfacet
  facet normal 0 -1 0
    outer loop
      vertex 87.6204 0.61 6.83173
      vertex 87.6542 0.61 7.47665
      vertex 87.1777 0.61 7.16026
    endloop
  endfacet
  facet normal 0 -1 0
    outer loop
      vertex 87.8398 0.61 7.45627
      vertex 88.624 0.61 7.19835
      vertex 88.683 0.61 7.21918
    endloop
  endfacet
  facet normal -0 -1 0
    outer loop
      vertex 87.6686 0.61 6.84196
      vertex 87.6542 0.61 7.47665
      vertex 87.6204 0.61 6.83173
    endloop
  endfacet
  facet normal 0 -1 0
    outer loop
      vertex 87.8398 0.61 7.45627
      vertex 88.5627 0.61 7.18076
      vertex 88.624 0.61 7.19835
    endloop
  endfacet
  facet normal 0 -1 0
    outer loop
      vertex 87.6542 0.61 7.47665
      vertex 87.6686 0.61 6.84196
      vertex 87.7424 0.61 7.46136
    endloop
  endfacet
  facet normal 0 -1 0
    outer loop
      vertex 87.9442 0.61 6.84956
      vertex 87.8398 0.61 7.45627
      vertex 87.8276 0.61 6.85513
    endloop
  endfacet
  facet normal 0 -1 0
    outer loop
      vertex 87.6204 0.61 6.83173
      vertex 87.1777 0.61 7.16026
      vertex 87.1777 0.61 7.14807
    endloop
  endfacet
  facet normal 0 -1 0
    outer loop
      vertex 88.0496 0.61 6.83284
      vertex 87.8398 0.61 7.45627
      vertex 87.9442 0.61 6.84956
    endloop
  endfacet
  facet normal 0 -1 0
    outer loop
      vertex 87.3815 0.61 6.70886
      vertex 87.1777 0.61 7.14807
      vertex 87.1063 0.61 7.13408
    endloop
  endfacet
  facet normal 0 -1 0
    outer loop
      vertex 87.8398 0.61 7.45627
      vertex 88.0496 0.61 6.83284
      vertex 88.499 0.61 7.16638
    endloop
  endfacet
  facet normal 0 -1 0
    outer loop
      vertex 87.3501 0.61 6.67815
      vertex 87.1063 0.61 7.13408
      vertex 87.0376 0.61 7.11653
    endloop
  endfacet
  facet normal 0 -1 -0
    outer loop
      vertex 88.499 0.61 7.16638
      vertex 88.0496 0.61 6.83284
      vertex 88.499 0.61 7.15414
    endloop
  endfacet
  facet normal 0 -1 0
    outer loop
      vertex 87.3212 0.61 6.64468
      vertex 87.0376 0.61 7.11653
      vertex 86.9716 0.61 7.09544
    endloop
  endfacet
  facet normal 0 -1 0
    outer loop
      vertex 88.1439 0.61 6.80496
      vertex 88.499 0.61 7.15414
      vertex 88.0496 0.61 6.83284
    endloop
  endfacet
  facet normal 0 -1 0
    outer loop
      vertex 87.2951 0.61 6.60864
      vertex 86.9716 0.61 7.09544
      vertex 86.9083 0.61 7.07079
    endloop
  endfacet
  facet normal 0 -1 0
    outer loop
      vertex 88.2271 0.61 6.76595
      vertex 88.499 0.61 7.15414
      vertex 88.1439 0.61 6.80496
    endloop
  endfacet
  facet normal 0 -1 0
    outer loop
      vertex 87.2951 0.61 6.60864
      vertex 86.9083 0.61 7.07079
      vertex 86.8477 0.61 7.04257
    endloop
  endfacet
  facet normal 0 -1 0
    outer loop
      vertex 88.2993 0.61 6.71579
      vertex 88.499 0.61 7.15414
      vertex 88.2271 0.61 6.76595
    endloop
  endfacet
  facet normal 0 -1 0
    outer loop
      vertex 87.2717 0.61 6.57002
      vertex 86.8477 0.61 7.04257
      vertex 86.7897 0.61 7.01082
    endloop
  endfacet
  facet normal 0 -1 -0
    outer loop
      vertex 88.499 0.61 7.15414
      vertex 88.2993 0.61 6.71579
      vertex 88.573 0.61 7.14024
    endloop
  endfacet
  facet normal 0 -1 0
    outer loop
      vertex 87.2511 0.61 6.52884
      vertex 86.7897 0.61 7.01082
      vertex 86.7344 0.61 6.97551
    endloop
  endfacet
  facet normal 0 -1 0
    outer loop
      vertex 88.3603 0.61 6.65448
      vertex 88.573 0.61 7.14024
      vertex 88.2993 0.61 6.71579
    endloop
  endfacet
  facet normal 0 -1 0
    outer loop
      vertex 87.2511 0.61 6.52884
      vertex 86.7344 0.61 6.97551
      vertex 86.6817 0.61 6.93663
    endloop
  endfacet
  facet normal 0 -1 -0
    outer loop
      vertex 88.573 0.61 7.14024
      vertex 88.3603 0.61 6.65448
      vertex 88.644 0.61 7.12292
    endloop
  endfacet
  facet normal 0 -1 0
    outer loop
      vertex 87.2332 0.61 6.48509
      vertex 86.6817 0.61 6.93663
      vertex 86.6318 0.61 6.8942
    endloop
  endfacet
  facet normal 0 -1 -0
    outer loop
      vertex 88.644 0.61 7.12292
      vertex 88.3603 0.61 6.65448
      vertex 88.7121 0.61 7.10222
    endloop
  endfacet
  facet normal 0 -1 -0
    outer loop
      vertex 88.7121 0.61 7.10222
      vertex 88.3603 0.61 6.65448
      vertex 88.7772 0.61 7.07809
    endloop
  endfacet
  facet normal 0 -1 0
    outer loop
      vertex 87.8398 0.61 7.45627
      vertex 87.7722 0.61 6.85367
      vertex 87.8276 0.61 6.85513
    endloop
  endfacet
  facet normal 0 -1 0
    outer loop
      vertex 87.7424 0.61 7.46136
      vertex 87.7722 0.61 6.85367
      vertex 87.8398 0.61 7.45627
    endloop
  endfacet
  facet normal 0 -1 0
    outer loop
      vertex 87.2332 0.61 6.48509
      vertex 86.6318 0.61 6.8942
      vertex 86.5845 0.61 6.84821
    endloop
  endfacet
  facet normal -0 -1 0
    outer loop
      vertex 87.7722 0.61 6.85367
      vertex 87.7424 0.61 7.46136
      vertex 87.7193 0.61 6.84927
    endloop
  endfacet
  facet normal -0 -1 0
    outer loop
      vertex 87.7193 0.61 6.84927
      vertex 87.7424 0.61 7.46136
      vertex 87.6686 0.61 6.84196
    endloop
  endfacet
  facet normal 0 -1 0
    outer loop
      vertex 87.1777 0.61 7.14807
      vertex 87.5746 0.61 6.81856
      vertex 87.6204 0.61 6.83173
    endloop
  endfacet
  facet normal 0 -1 0
    outer loop
      vertex 87.1777 0.61 7.14807
      vertex 87.5312 0.61 6.80247
      vertex 87.5746 0.61 6.81856
    endloop
  endfacet
  facet normal 0 -1 0
    outer loop
      vertex 87.2181 0.61 6.43877
      vertex 86.5845 0.61 6.84821
      vertex 86.5399 0.61 6.79866
    endloop
  endfacet
  facet normal 0 -1 0
    outer loop
      vertex 87.1777 0.61 7.14807
      vertex 87.4902 0.61 6.78346
      vertex 87.5312 0.61 6.80247
    endloop
  endfacet
  facet normal 0 -1 0
    outer loop
      vertex 87.1777 0.61 7.14807
      vertex 87.4516 0.61 6.76152
      vertex 87.4902 0.61 6.78346
    endloop
  endfacet
  facet normal 0 -1 0
    outer loop
      vertex 87.2181 0.61 6.43877
      vertex 86.5399 0.61 6.79866
      vertex 86.4986 0.61 6.74626
    endloop
  endfacet
  facet normal 0 -1 0
    outer loop
      vertex 87.1777 0.61 7.14807
      vertex 87.4153 0.61 6.73665
      vertex 87.4516 0.61 6.76152
    endloop
  endfacet
  facet normal 0 -1 0
    outer loop
      vertex 87.1777 0.61 7.14807
      vertex 87.3815 0.61 6.70886
      vertex 87.4153 0.61 6.73665
    endloop
  endfacet
  facet normal 0 -1 0
    outer loop
      vertex 87.2058 0.61 6.38986
      vertex 86.4986 0.61 6.74626
      vertex 86.4612 0.61 6.69173
    endloop
  endfacet
  facet normal 0 -1 0
    outer loop
      vertex 87.1063 0.61 7.13408
      vertex 87.3501 0.61 6.67815
      vertex 87.3815 0.61 6.70886
    endloop
  endfacet
  facet normal 0 -1 0
    outer loop
      vertex 87.0376 0.61 7.11653
      vertex 87.3212 0.61 6.64468
      vertex 87.3501 0.61 6.67815
    endloop
  endfacet
  facet normal 0 -1 0
    outer loop
      vertex 87.2058 0.61 6.38986
      vertex 86.4612 0.61 6.69173
      vertex 86.4278 0.61 6.63506
    endloop
  endfacet
  facet normal 0 -1 0
    outer loop
      vertex 86.9716 0.61 7.09544
      vertex 87.2951 0.61 6.60864
      vertex 87.3212 0.61 6.64468
    endloop
  endfacet
  facet normal 0 -1 0
    outer loop
      vertex 87.1962 0.61 6.33838
      vertex 86.4278 0.61 6.63506
      vertex 86.3983 0.61 6.57623
    endloop
  endfacet
  facet normal 0 -1 0
    outer loop
      vertex 86.8477 0.61 7.04257
      vertex 87.2717 0.61 6.57002
      vertex 87.2951 0.61 6.60864
    endloop
  endfacet
  facet normal 0 -1 0
    outer loop
      vertex 86.7897 0.61 7.01082
      vertex 87.2511 0.61 6.52884
      vertex 87.2717 0.61 6.57002
    endloop
  endfacet
  facet normal 0 -1 0
    outer loop
      vertex 87.1962 0.61 6.33838
      vertex 86.3983 0.61 6.57623
      vertex 86.3727 0.61 6.51527
    endloop
  endfacet
  facet normal 0 -1 0
    outer loop
      vertex 86.6817 0.61 6.93663
      vertex 87.2332 0.61 6.48509
      vertex 87.2511 0.61 6.52884
    endloop
  endfacet
  facet normal 0 -1 0
    outer loop
      vertex 87.1893 0.61 6.28433
      vertex 86.3727 0.61 6.51527
      vertex 86.351 0.61 6.45216
    endloop
  endfacet
  facet normal 0 -1 0
    outer loop
      vertex 86.5845 0.61 6.84821
      vertex 87.2181 0.61 6.43877
      vertex 87.2332 0.61 6.48509
    endloop
  endfacet
  facet normal 0 -1 0
    outer loop
      vertex 86.4986 0.61 6.74626
      vertex 87.2058 0.61 6.38986
      vertex 87.2181 0.61 6.43877
    endloop
  endfacet
  facet normal 0 -1 0
    outer loop
      vertex 87.1893 0.61 6.28433
      vertex 86.351 0.61 6.45216
      vertex 86.3333 0.61 6.3869
    endloop
  endfacet
  facet normal 0 -1 0
    outer loop
      vertex 86.4278 0.61 6.63506
      vertex 87.1962 0.61 6.33838
      vertex 87.2058 0.61 6.38986
    endloop
  endfacet
  facet normal 0 -1 0
    outer loop
      vertex 87.1852 0.61 6.22771
      vertex 86.3333 0.61 6.3869
      vertex 86.3196 0.61 6.3195
    endloop
  endfacet
  facet normal 0 -1 0
    outer loop
      vertex 86.3727 0.61 6.51527
      vertex 87.1893 0.61 6.28433
      vertex 87.1962 0.61 6.33838
    endloop
  endfacet
  facet normal 0 -1 0
    outer loop
      vertex 87.1852 0.61 6.22771
      vertex 86.3196 0.61 6.3195
      vertex 86.3097 0.61 6.24995
    endloop
  endfacet
  facet normal 0 -1 0
    outer loop
      vertex 86.3333 0.61 6.3869
      vertex 87.1852 0.61 6.22771
      vertex 87.1893 0.61 6.28433
    endloop
  endfacet
  facet normal 0 -1 0
    outer loop
      vertex 87.1838 0.61 6.16852
      vertex 86.3097 0.61 6.24995
      vertex 86.3038 0.61 6.17827
    endloop
  endfacet
  facet normal 0 -1 0
    outer loop
      vertex 86.3097 0.61 6.24995
      vertex 87.1838 0.61 6.16852
      vertex 87.1852 0.61 6.22771
    endloop
  endfacet
  facet normal 0 -1 0
    outer loop
      vertex 86.3019 0.61 6.10445
      vertex 87.1838 0.61 6.16852
      vertex 86.3038 0.61 6.17827
    endloop
  endfacet
  facet normal 0 -1 0
    outer loop
      vertex 86.3019 0.61 6.10445
      vertex 87.1852 0.61 6.10141
      vertex 87.1838 0.61 6.16852
    endloop
  endfacet
  facet normal 0 -1 0
    outer loop
      vertex 86.3052 0.61 5.99736
      vertex 87.1852 0.61 6.10141
      vertex 86.3019 0.61 6.10445
    endloop
  endfacet
  facet normal 0 -1 -0
    outer loop
      vertex 87.1852 0.61 6.10141
      vertex 86.3052 0.61 5.99736
      vertex 87.1892 0.61 6.03767
    endloop
  endfacet
  facet normal 0 -1 0
    outer loop
      vertex 86.3152 0.61 5.89471
      vertex 87.1892 0.61 6.03767
      vertex 86.3052 0.61 5.99736
    endloop
  endfacet
  facet normal 0 -1 -0
    outer loop
      vertex 87.1892 0.61 6.03767
      vertex 86.3152 0.61 5.89471
      vertex 87.196 0.61 5.97733
    endloop
  endfacet
  facet normal 0 -1 0
    outer loop
      vertex 86.3319 0.61 5.79651
      vertex 87.196 0.61 5.97733
      vertex 86.3152 0.61 5.89471
    endloop
  endfacet
  facet normal 0 -1 -0
    outer loop
      vertex 87.196 0.61 5.97733
      vertex 86.3319 0.61 5.79651
      vertex 87.2056 0.61 5.92035
    endloop
  endfacet
  facet normal 0 -1 0
    outer loop
      vertex 86.3553 0.61 5.70274
      vertex 87.2056 0.61 5.92035
      vertex 86.3319 0.61 5.79651
    endloop
  endfacet
  facet normal 0 -1 -0
    outer loop
      vertex 87.2056 0.61 5.92035
      vertex 86.3553 0.61 5.70274
      vertex 87.2178 0.61 5.86676
    endloop
  endfacet
  facet normal 0 -1 0
    outer loop
      vertex 86.3854 0.61 5.61342
      vertex 87.2178 0.61 5.86676
      vertex 86.3553 0.61 5.70274
    endloop
  endfacet
  facet normal 0 -1 0
    outer loop
      vertex 86.4222 0.61 5.52852
      vertex 87.2178 0.61 5.86676
      vertex 86.3854 0.61 5.61342
    endloop
  endfacet
  facet normal 0 -1 -0
    outer loop
      vertex 87.2178 0.61 5.86676
      vertex 86.4222 0.61 5.52852
      vertex 87.2328 0.61 5.81656
    endloop
  endfacet
  facet normal 0 -1 0
    outer loop
      vertex 86.4656 0.61 5.44807
      vertex 87.2328 0.61 5.81656
      vertex 86.4222 0.61 5.52852
    endloop
  endfacet
  facet normal 0 -1 -0
    outer loop
      vertex 87.2328 0.61 5.81656
      vertex 86.4656 0.61 5.44807
      vertex 87.2505 0.61 5.76971
    endloop
  endfacet
  facet normal 0 -1 0
    outer loop
      vertex 86.5157 0.61 5.37206
      vertex 87.2505 0.61 5.76971
      vertex 86.4656 0.61 5.44807
    endloop
  endfacet
  facet normal 0 -1 0
    outer loop
      vertex 86.5725 0.61 5.30048
      vertex 87.2505 0.61 5.76971
      vertex 86.5157 0.61 5.37206
    endloop
  endfacet
  facet normal 0 -1 -0
    outer loop
      vertex 87.2505 0.61 5.76971
      vertex 86.5725 0.61 5.30048
      vertex 87.2709 0.61 5.72627
    endloop
  endfacet
  facet normal 0 -1 0
    outer loop
      vertex 86.636 0.61 5.23334
      vertex 87.2709 0.61 5.72627
      vertex 86.5725 0.61 5.30048
    endloop
  endfacet
  facet normal 0 -1 -0
    outer loop
      vertex 87.2709 0.61 5.72627
      vertex 86.636 0.61 5.23334
      vertex 87.2941 0.61 5.68619
    endloop
  endfacet
  facet normal 0 -1 0
    outer loop
      vertex 86.7062 0.61 5.17064
      vertex 87.2941 0.61 5.68619
      vertex 86.636 0.61 5.23334
    endloop
  endfacet
  facet normal 0 -1 0
    outer loop
      vertex 86.7825 0.61 5.11292
      vertex 87.2941 0.61 5.68619
      vertex 86.7062 0.61 5.17064
    endloop
  endfacet
  facet normal 0 -1 -0
    outer loop
      vertex 87.2941 0.61 5.68619
      vertex 86.7825 0.61 5.11292
      vertex 87.3199 0.61 5.64951
    endloop
  endfacet
  facet normal 0 -1 0
    outer loop
      vertex 86.8642 0.61 5.0607
      vertex 87.3199 0.61 5.64951
      vertex 86.7825 0.61 5.11292
    endloop
  endfacet
  facet normal 0 -1 -0
    outer loop
      vertex 87.3199 0.61 5.64951
      vertex 86.8642 0.61 5.0607
      vertex 87.3485 0.61 5.6162
    endloop
  endfacet
  facet normal 0 -1 0
    outer loop
      vertex 86.9514 0.61 5.01396
      vertex 87.3485 0.61 5.6162
      vertex 86.8642 0.61 5.0607
    endloop
  endfacet
  facet normal 0 -1 -0
    outer loop
      vertex 87.3485 0.61 5.6162
      vertex 86.9514 0.61 5.01396
      vertex 87.3799 0.61 5.586
    endloop
  endfacet
  facet normal 0 -1 0
    outer loop
      vertex 87.044 0.61 4.97273
      vertex 87.3799 0.61 5.586
      vertex 86.9514 0.61 5.01396
    endloop
  endfacet
  facet normal 0 -1 -0
    outer loop
      vertex 87.3799 0.61 5.586
      vertex 87.044 0.61 4.97273
      vertex 87.4142 0.61 5.5587
    endloop
  endfacet
  facet normal 0 -1 0
    outer loop
      vertex 87.1422 0.61 4.937
      vertex 87.4142 0.61 5.5587
      vertex 87.044 0.61 4.97273
    endloop
  endfacet
  facet normal 0 -1 -0
    outer loop
      vertex 87.4142 0.61 5.5587
      vertex 87.1422 0.61 4.937
      vertex 87.4514 0.61 5.53426
    endloop
  endfacet
  facet normal 0 -1 0
    outer loop
      vertex 87.2458 0.61 4.90677
      vertex 87.4514 0.61 5.53426
      vertex 87.1422 0.61 4.937
    endloop
  endfacet
  facet normal -0 -1 0
    outer loop
      vertex 87.978 0.61 4.84081
      vertex 87.8521 0.61 5.44226
      vertex 87.846 0.61 4.83804
    endloop
  endfacet
  facet normal 0 -1 -0
    outer loop
      vertex 87.4514 0.61 5.53426
      vertex 87.2458 0.61 4.90677
      vertex 87.4914 0.61 5.5127
    endloop
  endfacet
  facet normal -0 -1 0
    outer loop
      vertex 88.1043 0.61 4.84909
      vertex 87.8521 0.61 5.44226
      vertex 87.978 0.61 4.84081
    endloop
  endfacet
  facet normal 0 -1 0
    outer loop
      vertex 87.3549 0.61 4.88203
      vertex 87.4914 0.61 5.5127
      vertex 87.2458 0.61 4.90677
    endloop
  endfacet
  facet normal -0 -1 0
    outer loop
      vertex 88.225 0.61 4.8629
      vertex 87.8521 0.61 5.44226
      vertex 88.1043 0.61 4.84909
    endloop
  endfacet
  facet normal 0 -1 -0
    outer loop
      vertex 87.4914 0.61 5.5127
      vertex 87.3549 0.61 4.88203
      vertex 87.5343 0.61 5.49402
    endloop
  endfacet
  facet normal -0 -1 0
    outer loop
      vertex 88.34 0.61 4.88223
      vertex 87.8521 0.61 5.44226
      vertex 88.225 0.61 4.8629
    endloop
  endfacet
  facet normal 0 -1 -0
    outer loop
      vertex 87.5343 0.61 5.49402
      vertex 87.3549 0.61 4.88203
      vertex 87.5801 0.61 5.4782
    endloop
  endfacet
  facet normal -0 -1 0
    outer loop
      vertex 88.4494 0.61 4.90709
      vertex 87.8521 0.61 5.44226
      vertex 88.34 0.61 4.88223
    endloop
  endfacet
  facet normal 0 -1 0
    outer loop
      vertex 87.4694 0.61 4.86279
      vertex 87.5801 0.61 5.4782
      vertex 87.3549 0.61 4.88203
    endloop
  endfacet
  facet normal -0 -1 0
    outer loop
      vertex 88.6513 0.61 4.97336
      vertex 87.8521 0.61 5.44226
      vertex 88.5532 0.61 4.93745
    endloop
  endfacet
  facet normal 0 -1 -0
    outer loop
      vertex 87.5801 0.61 5.4782
      vertex 87.4694 0.61 4.86279
      vertex 87.6287 0.61 5.46527
    endloop
  endfacet
  facet normal 0 -1 0
    outer loop
      vertex 87.8521 0.61 5.44226
      vertex 89.1194 0.61 5.30261
      vertex 89.1755 0.61 5.37454
    endloop
  endfacet
  facet normal 0 -1 0
    outer loop
      vertex 87.5895 0.61 4.84904
      vertex 87.6287 0.61 5.46527
      vertex 87.4694 0.61 4.86279
    endloop
  endfacet
  facet normal -0 -1 0
    outer loop
      vertex 89.1194 0.61 5.30261
      vertex 87.8521 0.61 5.44226
      vertex 89.0566 0.61 5.23517
    endloop
  endfacet
  facet normal 0 -1 -0
    outer loop
      vertex 87.6287 0.61 5.46527
      vertex 87.5895 0.61 4.84904
      vertex 87.6802 0.61 5.4552
    endloop
  endfacet
  facet normal -0 -1 0
    outer loop
      vertex 88.8306 0.61 5.06172
      vertex 87.8521 0.61 5.44226
      vertex 88.7437 0.61 5.01477
    endloop
  endfacet
  facet normal 0 -1 -0
    outer loop
      vertex 87.6802 0.61 5.4552
      vertex 87.5895 0.61 4.84904
      vertex 87.7346 0.61 5.44801
    endloop
  endfacet
  facet normal -0 -1 0
    outer loop
      vertex 88.7437 0.61 5.01477
      vertex 87.8521 0.61 5.44226
      vertex 88.6513 0.61 4.97336
    endloop
  endfacet
  facet normal 0 -1 0
    outer loop
      vertex 87.715 0.61 4.84081
      vertex 87.7346 0.61 5.44801
      vertex 87.5895 0.61 4.84904
    endloop
  endfacet
  facet normal -0 -1 0
    outer loop
      vertex 88.9872 0.61 5.17218
      vertex 87.8521 0.61 5.44226
      vertex 88.9117 0.61 5.11418
    endloop
  endfacet
  facet normal 0 -1 -0
    outer loop
      vertex 87.7346 0.61 5.44801
      vertex 87.715 0.61 4.84081
      vertex 87.7919 0.61 5.4437
    endloop
  endfacet
  facet normal -0 -1 0
    outer loop
      vertex 88.9117 0.61 5.11418
      vertex 87.8521 0.61 5.44226
      vertex 88.8306 0.61 5.06172
    endloop
  endfacet
  facet normal 0 -1 0
    outer loop
      vertex 87.846 0.61 4.83804
      vertex 87.7919 0.61 5.4437
      vertex 87.715 0.61 4.84081
    endloop
  endfacet
  facet normal 0 -1 0
    outer loop
      vertex 87.7919 0.61 5.4437
      vertex 87.846 0.61 4.83804
      vertex 87.8521 0.61 5.44226
    endloop
  endfacet
  facet normal -0 -1 0
    outer loop
      vertex 89.0566 0.61 5.23517
      vertex 87.8521 0.61 5.44226
      vertex 88.9872 0.61 5.17218
    endloop
  endfacet
  facet normal -0 -1 0
    outer loop
      vertex 88.5532 0.61 4.93745
      vertex 87.8521 0.61 5.44226
      vertex 88.4494 0.61 4.90709
    endloop
  endfacet
  facet normal 0 -1 0
    outer loop
      vertex 87.8338 0.61 8.66164
      vertex 87.8338 0.61 9.2628
      vertex 87.712 0.61 9.26027
    endloop
  endfacet
  facet normal 0 -1 0
    outer loop
      vertex 87.8842 0.61 8.66046
      vertex 87.8338 0.61 9.2628
      vertex 87.8338 0.61 8.66164
    endloop
  endfacet
  facet normal 0 -1 0
    outer loop
      vertex 87.7374 0.61 8.65677
      vertex 87.712 0.61 9.26027
      vertex 87.5954 0.61 9.2527
    endloop
  endfacet
  facet normal 0 -1 0
    outer loop
      vertex 87.8338 0.61 9.2628
      vertex 87.8842 0.61 8.66046
      vertex 87.9581 0.61 9.26033
    endloop
  endfacet
  facet normal 0 -1 0
    outer loop
      vertex 87.7374 0.61 8.65677
      vertex 87.5954 0.61 9.2527
      vertex 87.484 0.61 9.2401
    endloop
  endfacet
  facet normal 0 -1 0
    outer loop
      vertex 87.9322 0.61 8.65695
      vertex 87.9581 0.61 9.26033
      vertex 87.8842 0.61 8.66046
    endloop
  endfacet
  facet normal 0 -1 0
    outer loop
      vertex 87.7374 0.61 8.65677
      vertex 87.484 0.61 9.2401
      vertex 87.3776 0.61 9.22244
    endloop
  endfacet
  facet normal 0 -1 0
    outer loop
      vertex 87.9779 0.61 8.65108
      vertex 87.9581 0.61 9.26033
      vertex 87.9322 0.61 8.65695
    endloop
  endfacet
  facet normal 0 -1 0
    outer loop
      vertex 87.7374 0.61 8.65677
      vertex 87.3776 0.61 9.22244
      vertex 87.2764 0.61 9.19974
    endloop
  endfacet
  facet normal 0 -1 0
    outer loop
      vertex 87.9581 0.61 9.26033
      vertex 87.9779 0.61 8.65108
      vertex 88.0771 0.61 9.25296
    endloop
  endfacet
  facet normal 0 -1 0
    outer loop
      vertex 87.7374 0.61 8.65677
      vertex 87.2764 0.61 9.19974
      vertex 87.1802 0.61 9.172
    endloop
  endfacet
  facet normal 0 -1 0
    outer loop
      vertex 88.0212 0.61 8.64287
      vertex 88.0771 0.61 9.25296
      vertex 87.9779 0.61 8.65108
    endloop
  endfacet
  facet normal 0 -1 0
    outer loop
      vertex 87.7374 0.61 8.65677
      vertex 87.1802 0.61 9.172
      vertex 87.0892 0.61 9.13921
    endloop
  endfacet
  facet normal 0 -1 -0
    outer loop
      vertex 88.0771 0.61 9.25296
      vertex 88.0212 0.61 8.64287
      vertex 88.1908 0.61 9.24066
    endloop
  endfacet
  facet normal 0 -1 0
    outer loop
      vertex 87.7374 0.61 8.65677
      vertex 87.0892 0.61 9.13921
      vertex 87.0033 0.61 9.10138
    endloop
  endfacet
  facet normal 0 -1 0
    outer loop
      vertex 88.0621 0.61 8.63231
      vertex 88.1908 0.61 9.24066
      vertex 88.0212 0.61 8.64287
    endloop
  endfacet
  facet normal 0 -1 0
    outer loop
      vertex 87.7374 0.61 8.65677
      vertex 87.0033 0.61 9.10138
      vertex 86.9226 0.61 9.05849
    endloop
  endfacet
  facet normal 0 -1 0
    outer loop
      vertex 88.1007 0.61 8.61942
      vertex 88.1908 0.61 9.24066
      vertex 88.0621 0.61 8.63231
    endloop
  endfacet
  facet normal 0 -1 0
    outer loop
      vertex 87.7374 0.61 8.65677
      vertex 86.9226 0.61 9.05849
      vertex 86.8469 0.61 9.01057
    endloop
  endfacet
  facet normal 0 -1 -0
    outer loop
      vertex 88.1908 0.61 9.24066
      vertex 88.1007 0.61 8.61942
      vertex 88.299 0.61 9.22345
    endloop
  endfacet
  facet normal 0 -1 0
    outer loop
      vertex 87.7374 0.61 8.65677
      vertex 86.8469 0.61 9.01057
      vertex 86.7764 0.61 8.95761
    endloop
  endfacet
  facet normal 0 -1 0
    outer loop
      vertex 88.1368 0.61 8.60416
      vertex 88.299 0.61 9.22345
      vertex 88.1007 0.61 8.61942
    endloop
  endfacet
  facet normal 0 -1 0
    outer loop
      vertex 87.7374 0.61 8.65677
      vertex 86.7764 0.61 8.95761
      vertex 86.7115 0.61 8.90028
    endloop
  endfacet
  facet normal 0 -1 -0
    outer loop
      vertex 88.299 0.61 9.22345
      vertex 88.1368 0.61 8.60416
      vertex 88.4019 0.61 9.20132
    endloop
  endfacet
  facet normal 0 -1 0
    outer loop
      vertex 87.7374 0.61 8.65677
      vertex 86.7115 0.61 8.90028
      vertex 86.6528 0.61 8.83928
    endloop
  endfacet
  facet normal 0 -1 0
    outer loop
      vertex 88.1707 0.61 8.58656
      vertex 88.4019 0.61 9.20132
      vertex 88.1368 0.61 8.60416
    endloop
  endfacet
  facet normal 0 -1 0
    outer loop
      vertex 87.7374 0.61 8.65677
      vertex 86.6528 0.61 8.83928
      vertex 86.6003 0.61 8.7746
    endloop
  endfacet
  facet normal 0 -1 -0
    outer loop
      vertex 88.4019 0.61 9.20132
      vertex 88.1707 0.61 8.58656
      vertex 88.4994 0.61 9.17427
    endloop
  endfacet
  facet normal 0 -1 0
    outer loop
      vertex 87.3197 0.61 8.35013
      vertex 86.6003 0.61 8.7746
      vertex 86.554 0.61 8.70622
    endloop
  endfacet
  facet normal 0 -1 0
    outer loop
      vertex 88.2021 0.61 8.56664
      vertex 88.4994 0.61 9.17427
      vertex 88.1707 0.61 8.58656
    endloop
  endfacet
  facet normal 0 -1 -0
    outer loop
      vertex 88.4994 0.61 9.17427
      vertex 88.2021 0.61 8.56664
      vertex 88.5915 0.61 9.1423
    endloop
  endfacet
  facet normal 0 -1 0
    outer loop
      vertex 88.2312 0.61 8.54434
      vertex 88.5915 0.61 9.1423
      vertex 88.2021 0.61 8.56664
    endloop
  endfacet
  facet normal 0 -1 0
    outer loop
      vertex 88.2579 0.61 8.51971
      vertex 88.5915 0.61 9.1423
      vertex 88.2312 0.61 8.54434
    endloop
  endfacet
  facet normal 0 -1 -0
    outer loop
      vertex 88.5915 0.61 9.1423
      vertex 88.2579 0.61 8.51971
      vertex 88.6783 0.61 9.10542
    endloop
  endfacet
  facet normal 0 -1 -0
    outer loop
      vertex 88.6783 0.61 9.10542
      vertex 88.2579 0.61 8.51971
      vertex 88.7597 0.61 9.06361
    endloop
  endfacet
  facet normal 0 -1 0
    outer loop
      vertex 88.2823 0.61 8.49257
      vertex 88.7597 0.61 9.06361
      vertex 88.2579 0.61 8.51971
    endloop
  endfacet
  facet normal 0 -1 -0
    outer loop
      vertex 88.7597 0.61 9.06361
      vertex 88.2823 0.61 8.49257
      vertex 88.8357 0.61 9.01689
    endloop
  endfacet
  facet normal 0 -1 0
    outer loop
      vertex 88.3043 0.61 8.46272
      vertex 88.8357 0.61 9.01689
      vertex 88.2823 0.61 8.49257
    endloop
  endfacet
  facet normal 0 -1 -0
    outer loop
      vertex 88.8357 0.61 9.01689
      vertex 88.3043 0.61 8.46272
      vertex 88.9064 0.61 8.96526
    endloop
  endfacet
  facet normal 0 -1 0
    outer loop
      vertex 88.324 0.61 8.43018
      vertex 88.9064 0.61 8.96526
      vertex 88.3043 0.61 8.46272
    endloop
  endfacet
  facet normal 0 -1 -0
    outer loop
      vertex 88.9064 0.61 8.96526
      vertex 88.324 0.61 8.43018
      vertex 88.9713 0.61 8.90907
    endloop
  endfacet
  facet normal 0 -1 0
    outer loop
      vertex 88.3414 0.61 8.39493
      vertex 88.9713 0.61 8.90907
      vertex 88.324 0.61 8.43018
    endloop
  endfacet
  facet normal 0 -1 -0
    outer loop
      vertex 88.9713 0.61 8.90907
      vertex 88.3414 0.61 8.39493
      vertex 89.03 0.61 8.84874
    endloop
  endfacet
  facet normal 0 -1 -0
    outer loop
      vertex 89.03 0.61 8.84874
      vertex 88.3414 0.61 8.39493
      vertex 89.0825 0.61 8.78424
    endloop
  endfacet
  facet normal 0 -1 0
    outer loop
      vertex 88.3565 0.61 8.35699
      vertex 89.0825 0.61 8.78424
      vertex 88.3414 0.61 8.39493
    endloop
  endfacet
  facet normal 0 -1 -0
    outer loop
      vertex 89.0825 0.61 8.78424
      vertex 88.3565 0.61 8.35699
      vertex 89.1288 0.61 8.71558
    endloop
  endfacet
  facet normal 0 -1 -0
    outer loop
      vertex 89.1288 0.61 8.71558
      vertex 88.3565 0.61 8.35699
      vertex 89.169 0.61 8.64276
    endloop
  endfacet
  facet normal 0 -1 0
    outer loop
      vertex 88.3693 0.61 8.31636
      vertex 89.169 0.61 8.64276
      vertex 88.3565 0.61 8.35699
    endloop
  endfacet
  facet normal 0 -1 -0
    outer loop
      vertex 89.169 0.61 8.64276
      vertex 88.3693 0.61 8.31636
      vertex 89.203 0.61 8.56577
    endloop
  endfacet
  facet normal 0 -1 0
    outer loop
      vertex 88.3797 0.61 8.27301
      vertex 89.203 0.61 8.56577
      vertex 88.3693 0.61 8.31636
    endloop
  endfacet
  facet normal 0 -1 -0
    outer loop
      vertex 89.203 0.61 8.56577
      vertex 88.3797 0.61 8.27301
      vertex 89.2308 0.61 8.48463
    endloop
  endfacet
  facet normal 0 -1 -0
    outer loop
      vertex 89.2308 0.61 8.48463
      vertex 88.3797 0.61 8.27301
      vertex 89.2524 0.61 8.39932
    endloop
  endfacet
  facet normal 0 -1 0
    outer loop
      vertex 88.3878 0.61 8.22697
      vertex 89.2524 0.61 8.39932
      vertex 88.3797 0.61 8.27301
    endloop
  endfacet
  facet normal 0 -1 -0
    outer loop
      vertex 89.2524 0.61 8.39932
      vertex 88.3878 0.61 8.22697
      vertex 89.2678 0.61 8.30986
    endloop
  endfacet
  facet normal 0 -1 0
    outer loop
      vertex 88.3936 0.61 8.17824
      vertex 89.2678 0.61 8.30986
      vertex 88.3878 0.61 8.22697
    endloop
  endfacet
  facet normal 0 -1 -0
    outer loop
      vertex 89.2678 0.61 8.30986
      vertex 88.3936 0.61 8.17824
      vertex 89.2771 0.61 8.21623
    endloop
  endfacet
  facet normal 0 -1 0
    outer loop
      vertex 88.3971 0.61 8.12682
      vertex 89.2771 0.61 8.21623
      vertex 88.3936 0.61 8.17824
    endloop
  endfacet
  facet normal 0 -1 0
    outer loop
      vertex 88.3971 0.61 8.12682
      vertex 89.2802 0.61 8.11844
      vertex 89.2771 0.61 8.21623
    endloop
  endfacet
  facet normal 0 -1 0
    outer loop
      vertex 88.3983 0.61 8.07268
      vertex 89.2802 0.61 8.11844
      vertex 88.3971 0.61 8.12682
    endloop
  endfacet
  facet normal 0 -1 0
    outer loop
      vertex 88.3983 0.61 8.07268
      vertex 89.2784 0.61 8.05534
      vertex 89.2802 0.61 8.11844
    endloop
  endfacet
  facet normal 0 -1 0
    outer loop
      vertex 89.2732 0.61 7.99367
      vertex 88.3983 0.61 8.07268
      vertex 88.3971 0.61 8.0143
    endloop
  endfacet
  facet normal 0 -1 0
    outer loop
      vertex 88.3983 0.61 8.07268
      vertex 89.2732 0.61 7.99367
      vertex 89.2784 0.61 8.05534
    endloop
  endfacet
  facet normal 0 -1 0
    outer loop
      vertex 89.2522 0.61 7.87453
      vertex 88.3971 0.61 8.0143
      vertex 88.3937 0.61 7.95898
    endloop
  endfacet
  facet normal 0 -1 0
    outer loop
      vertex 88.3971 0.61 8.0143
      vertex 89.2644 0.61 7.9334
      vertex 89.2732 0.61 7.99367
    endloop
  endfacet
  facet normal 0 -1 0
    outer loop
      vertex 89.1943 0.61 7.70642
      vertex 88.3937 0.61 7.95898
      vertex 88.388 0.61 7.90675
    endloop
  endfacet
  facet normal 0 -1 0
    outer loop
      vertex 88.3971 0.61 8.0143
      vertex 89.2522 0.61 7.87453
      vertex 89.2644 0.61 7.9334
    endloop
  endfacet
  facet normal 0 -1 0
    outer loop
      vertex 89.1382 0.61 7.60141
      vertex 88.388 0.61 7.90675
      vertex 88.3799 0.61 7.8576
    endloop
  endfacet
  facet normal 0 -1 0
    outer loop
      vertex 88.3937 0.61 7.95898
      vertex 89.2364 0.61 7.81708
      vertex 89.2522 0.61 7.87453
    endloop
  endfacet
  facet normal 0 -1 0
    outer loop
      vertex 89.0681 0.61 7.50203
      vertex 88.3799 0.61 7.8576
      vertex 88.3696 0.61 7.81152
    endloop
  endfacet
  facet normal 0 -1 0
    outer loop
      vertex 89.0284 0.61 7.45538
      vertex 88.3696 0.61 7.81152
      vertex 88.357 0.61 7.76852
    endloop
  endfacet
  facet normal 0 -1 0
    outer loop
      vertex 88.3937 0.61 7.95898
      vertex 89.2171 0.61 7.76105
      vertex 89.2364 0.61 7.81708
    endloop
  endfacet
  facet normal 0 -1 0
    outer loop
      vertex 89.0284 0.61 7.45538
      vertex 88.357 0.61 7.76852
      vertex 88.3421 0.61 7.72861
    endloop
  endfacet
  facet normal 0 -1 0
    outer loop
      vertex 88.3937 0.61 7.95898
      vertex 89.1943 0.61 7.70642
      vertex 89.2171 0.61 7.76105
    endloop
  endfacet
  facet normal 0 -1 0
    outer loop
      vertex 89.0284 0.61 7.45538
      vertex 88.3421 0.61 7.72861
      vertex 88.3248 0.61 7.69176
    endloop
  endfacet
  facet normal 0 -1 0
    outer loop
      vertex 89.0284 0.61 7.45538
      vertex 88.3248 0.61 7.69176
      vertex 88.3053 0.61 7.65799
    endloop
  endfacet
  facet normal 0 -1 0
    outer loop
      vertex 88.388 0.61 7.90675
      vertex 89.168 0.61 7.6532
      vertex 89.1943 0.61 7.70642
    endloop
  endfacet
  facet normal 0 -1 0
    outer loop
      vertex 89.0284 0.61 7.45538
      vertex 88.3053 0.61 7.65799
      vertex 88.2835 0.61 7.6273
    endloop
  endfacet
  facet normal 0 -1 0
    outer loop
      vertex 88.388 0.61 7.90675
      vertex 89.1382 0.61 7.60141
      vertex 89.168 0.61 7.6532
    endloop
  endfacet
  facet normal 0 -1 0
    outer loop
      vertex 89.0284 0.61 7.45538
      vertex 88.2835 0.61 7.6273
      vertex 88.2594 0.61 7.59969
    endloop
  endfacet
  facet normal 0 -1 0
    outer loop
      vertex 89.0284 0.61 7.45538
      vertex 88.2594 0.61 7.59969
      vertex 88.233 0.61 7.5748
    endloop
  endfacet
  facet normal 0 -1 0
    outer loop
      vertex 89.0284 0.61 7.45538
      vertex 88.233 0.61 7.5748
      vertex 88.2042 0.61 7.55228
    endloop
  endfacet
  facet normal 0 -1 0
    outer loop
      vertex 88.3799 0.61 7.8576
      vertex 89.1049 0.61 7.55101
      vertex 89.1382 0.61 7.60141
    endloop
  endfacet
  facet normal 0 -1 0
    outer loop
      vertex 89.0284 0.61 7.45538
      vertex 88.2042 0.61 7.55228
      vertex 88.1731 0.61 7.53212
    endloop
  endfacet
  facet normal 0 -1 0
    outer loop
      vertex 89.0284 0.61 7.45538
      vertex 88.1731 0.61 7.53212
      vertex 88.1397 0.61 7.51434
    endloop
  endfacet
  facet normal 0 -1 0
    outer loop
      vertex 88.3799 0.61 7.8576
      vertex 89.0681 0.61 7.50203
      vertex 89.1049 0.61 7.55101
    endloop
  endfacet
  facet normal 0 -1 0
    outer loop
      vertex 89.0284 0.61 7.45538
      vertex 88.1397 0.61 7.51434
      vertex 88.1039 0.61 7.49893
    endloop
  endfacet
  facet normal 0 -1 0
    outer loop
      vertex 89.0284 0.61 7.45538
      vertex 88.1039 0.61 7.49893
      vertex 88.0658 0.61 7.4859
    endloop
  endfacet
  facet normal 0 -1 0
    outer loop
      vertex 89.0284 0.61 7.45538
      vertex 88.0658 0.61 7.4859
      vertex 88.0253 0.61 7.47523
    endloop
  endfacet
  facet normal 0 -1 0
    outer loop
      vertex 89.0284 0.61 7.45538
      vertex 88.0253 0.61 7.47523
      vertex 87.9824 0.61 7.46693
    endloop
  endfacet
  facet normal 0 -1 0
    outer loop
      vertex 89.0284 0.61 7.45538
      vertex 87.9824 0.61 7.46693
      vertex 87.9372 0.61 7.46101
    endloop
  endfacet
  facet normal 0 -1 0
    outer loop
      vertex 89.0284 0.61 7.45538
      vertex 87.9372 0.61 7.46101
      vertex 87.8897 0.61 7.45746
    endloop
  endfacet
  facet normal 0 -1 0
    outer loop
      vertex 88.3696 0.61 7.81152
      vertex 89.0284 0.61 7.45538
      vertex 89.0681 0.61 7.50203
    endloop
  endfacet
  facet normal 0 -1 0
    outer loop
      vertex 89.0284 0.61 7.45538
      vertex 87.8897 0.61 7.45746
      vertex 87.8398 0.61 7.45627
    endloop
  endfacet
  facet normal 0 -1 0
    outer loop
      vertex 88.4102 0.61 6.58202
      vertex 88.7772 0.61 7.07809
      vertex 88.3603 0.61 6.65448
    endloop
  endfacet
  facet normal 0 -1 -0
    outer loop
      vertex 88.7772 0.61 7.07809
      vertex 88.4102 0.61 6.58202
      vertex 88.8394 0.61 7.05057
    endloop
  endfacet
  facet normal 0 -1 -0
    outer loop
      vertex 88.8394 0.61 7.05057
      vertex 88.4102 0.61 6.58202
      vertex 88.8986 0.61 7.01964
    endloop
  endfacet
  facet normal 0 -1 -0
    outer loop
      vertex 88.8986 0.61 7.01964
      vertex 88.4102 0.61 6.58202
      vertex 88.9549 0.61 6.98532
    endloop
  endfacet
  facet normal 0 -1 0
    outer loop
      vertex 88.4491 0.61 6.49841
      vertex 88.9549 0.61 6.98532
      vertex 88.4102 0.61 6.58202
    endloop
  endfacet
  facet normal 0 -1 -0
    outer loop
      vertex 88.9549 0.61 6.98532
      vertex 88.4491 0.61 6.49841
      vertex 89.0082 0.61 6.94757
    endloop
  endfacet
  facet normal 0 -1 -0
    outer loop
      vertex 89.0082 0.61 6.94757
      vertex 88.4491 0.61 6.49841
      vertex 89.0586 0.61 6.90643
    endloop
  endfacet
  facet normal 0 -1 -0
    outer loop
      vertex 89.0586 0.61 6.90643
      vertex 88.4491 0.61 6.49841
      vertex 89.106 0.61 6.86188
    endloop
  endfacet
  facet normal 0 -1 -0
    outer loop
      vertex 89.106 0.61 6.86188
      vertex 88.4491 0.61 6.49841
      vertex 89.1505 0.61 6.8139
    endloop
  endfacet
  facet normal 0 -1 0
    outer loop
      vertex 88.4768 0.61 6.40366
      vertex 89.1505 0.61 6.8139
      vertex 88.4491 0.61 6.49841
    endloop
  endfacet
  facet normal 0 -1 -0
    outer loop
      vertex 89.1505 0.61 6.8139
      vertex 88.4768 0.61 6.40366
      vertex 89.1915 0.61 6.76295
    endloop
  endfacet
  facet normal 0 -1 -0
    outer loop
      vertex 89.1915 0.61 6.76295
      vertex 88.4768 0.61 6.40366
      vertex 89.2287 0.61 6.70941
    endloop
  endfacet
  facet normal 0 -1 -0
    outer loop
      vertex 89.2287 0.61 6.70941
      vertex 88.4768 0.61 6.40366
      vertex 89.2619 0.61 6.65326
    endloop
  endfacet
  facet normal 0 -1 -0
    outer loop
      vertex 89.2619 0.61 6.65326
      vertex 88.4768 0.61 6.40366
      vertex 89.2912 0.61 6.59451
    endloop
  endfacet
  facet normal 0 -1 0
    outer loop
      vertex 88.4935 0.61 6.29776
      vertex 89.2912 0.61 6.59451
      vertex 88.4768 0.61 6.40366
    endloop
  endfacet
  facet normal 0 -1 -0
    outer loop
      vertex 89.2912 0.61 6.59451
      vertex 88.4935 0.61 6.29776
      vertex 89.3166 0.61 6.53317
    endloop
  endfacet
  facet normal 0 -1 -0
    outer loop
      vertex 89.3166 0.61 6.53317
      vertex 88.4935 0.61 6.29776
      vertex 89.3381 0.61 6.46922
    endloop
  endfacet
  facet normal 0 -1 -0
    outer loop
      vertex 89.3381 0.61 6.46922
      vertex 88.4935 0.61 6.29776
      vertex 89.3557 0.61 6.40268
    endloop
  endfacet
  facet normal 0 -1 -0
    outer loop
      vertex 89.3557 0.61 6.40268
      vertex 88.4935 0.61 6.29776
      vertex 89.3694 0.61 6.33356
    endloop
  endfacet
  facet normal 0 -1 0
    outer loop
      vertex 88.499 0.61 6.18071
      vertex 89.3694 0.61 6.33356
      vertex 88.4935 0.61 6.29776
    endloop
  endfacet
  facet normal 0 -1 -0
    outer loop
      vertex 89.3694 0.61 6.33356
      vertex 88.499 0.61 6.18071
      vertex 89.3792 0.61 6.26183
    endloop
  endfacet
  facet normal 0 -1 -0
    outer loop
      vertex 89.3792 0.61 6.26183
      vertex 88.499 0.61 6.18071
      vertex 89.385 0.61 6.18748
    endloop
  endfacet
  facet normal 0 -1 0
    outer loop
      vertex 88.4977 0.61 6.11148
      vertex 89.385 0.61 6.18748
      vertex 88.499 0.61 6.18071
    endloop
  endfacet
  facet normal 0 -1 0
    outer loop
      vertex 88.4977 0.61 6.11148
      vertex 89.387 0.61 6.11057
      vertex 89.385 0.61 6.18748
    endloop
  endfacet
  facet normal 0 -1 0
    outer loop
      vertex 89.3837 0.61 6.00293
      vertex 88.4977 0.61 6.11148
      vertex 88.4938 0.61 6.04584
    endloop
  endfacet
  facet normal 0 -1 0
    outer loop
      vertex 88.4977 0.61 6.11148
      vertex 89.3837 0.61 6.00293
      vertex 89.387 0.61 6.11057
    endloop
  endfacet
  facet normal 0 -1 0
    outer loop
      vertex 89.3738 0.61 5.89978
      vertex 88.4938 0.61 6.04584
      vertex 88.4873 0.61 5.98378
    endloop
  endfacet
  facet normal 0 -1 0
    outer loop
      vertex 89.3573 0.61 5.80107
      vertex 88.4873 0.61 5.98378
      vertex 88.4782 0.61 5.92529
    endloop
  endfacet
  facet normal 0 -1 0
    outer loop
      vertex 88.4938 0.61 6.04584
      vertex 89.3738 0.61 5.89978
      vertex 89.3837 0.61 6.00293
    endloop
  endfacet
  facet normal 0 -1 0
    outer loop
      vertex 89.3341 0.61 5.70683
      vertex 88.4782 0.61 5.92529
      vertex 88.4665 0.61 5.87039
    endloop
  endfacet
  facet normal 0 -1 0
    outer loop
      vertex 89.268 0.61 5.53175
      vertex 88.4665 0.61 5.87039
      vertex 88.4522 0.61 5.81908
    endloop
  endfacet
  facet normal 0 -1 0
    outer loop
      vertex 88.4873 0.61 5.98378
      vertex 89.3573 0.61 5.80107
      vertex 89.3738 0.61 5.89978
    endloop
  endfacet
  facet normal 0 -1 0
    outer loop
      vertex 89.2251 0.61 5.45091
      vertex 88.4522 0.61 5.81908
      vertex 88.4353 0.61 5.77133
    endloop
  endfacet
  facet normal 0 -1 0
    outer loop
      vertex 89.1755 0.61 5.37454
      vertex 88.4353 0.61 5.77133
      vertex 88.4159 0.61 5.72717
    endloop
  endfacet
  facet normal 0 -1 0
    outer loop
      vertex 88.4782 0.61 5.92529
      vertex 89.3341 0.61 5.70683
      vertex 89.3573 0.61 5.80107
    endloop
  endfacet
  facet normal 0 -1 0
    outer loop
      vertex 89.1755 0.61 5.37454
      vertex 88.4159 0.61 5.72717
      vertex 88.3938 0.61 5.6866
    endloop
  endfacet
  facet normal 0 -1 0
    outer loop
      vertex 89.1755 0.61 5.37454
      vertex 88.3938 0.61 5.6866
      vertex 88.3691 0.61 5.6496
    endloop
  endfacet
  facet normal 0 -1 0
    outer loop
      vertex 88.4665 0.61 5.87039
      vertex 89.3044 0.61 5.61707
      vertex 89.3341 0.61 5.70683
    endloop
  endfacet
  facet normal 0 -1 0
    outer loop
      vertex 89.1755 0.61 5.37454
      vertex 88.3691 0.61 5.6496
      vertex 88.3418 0.61 5.6162
    endloop
  endfacet
  facet normal 0 -1 0
    outer loop
      vertex 89.1755 0.61 5.37454
      vertex 88.3418 0.61 5.6162
      vertex 88.3118 0.61 5.586
    endloop
  endfacet
  facet normal 0 -1 0
    outer loop
      vertex 89.1755 0.61 5.37454
      vertex 88.3118 0.61 5.586
      vertex 88.2789 0.61 5.5587
    endloop
  endfacet
  facet normal 0 -1 0
    outer loop
      vertex 89.1755 0.61 5.37454
      vertex 88.2789 0.61 5.5587
      vertex 88.2431 0.61 5.53426
    endloop
  endfacet
  facet normal 0 -1 0
    outer loop
      vertex 88.4665 0.61 5.87039
      vertex 89.268 0.61 5.53175
      vertex 89.3044 0.61 5.61707
    endloop
  endfacet
  facet normal 0 -1 0
    outer loop
      vertex 89.1755 0.61 5.37454
      vertex 88.2431 0.61 5.53426
      vertex 88.2043 0.61 5.5127
    endloop
  endfacet
  facet normal 0 -1 0
    outer loop
      vertex 89.1755 0.61 5.37454
      vertex 88.2043 0.61 5.5127
      vertex 88.1627 0.61 5.49402
    endloop
  endfacet
  facet normal 0 -1 0
    outer loop
      vertex 89.1755 0.61 5.37454
      vertex 88.1627 0.61 5.49402
      vertex 88.1182 0.61 5.4782
    endloop
  endfacet
  facet normal 0 -1 0
    outer loop
      vertex 89.1755 0.61 5.37454
      vertex 88.1182 0.61 5.4782
      vertex 88.0708 0.61 5.46527
    endloop
  endfacet
  facet normal 0 -1 0
    outer loop
      vertex 89.1755 0.61 5.37454
      vertex 88.0708 0.61 5.46527
      vertex 88.0204 0.61 5.4552
    endloop
  endfacet
  facet normal 0 -1 0
    outer loop
      vertex 88.4522 0.61 5.81908
      vertex 89.2251 0.61 5.45091
      vertex 89.268 0.61 5.53175
    endloop
  endfacet
  facet normal 0 -1 0
    outer loop
      vertex 89.1755 0.61 5.37454
      vertex 88.0204 0.61 5.4552
      vertex 87.9672 0.61 5.44801
    endloop
  endfacet
  facet normal 0 -1 0
    outer loop
      vertex 89.1755 0.61 5.37454
      vertex 87.9672 0.61 5.44801
      vertex 87.9111 0.61 5.4437
    endloop
  endfacet
  facet normal 0 -1 0
    outer loop
      vertex 89.1755 0.61 5.37454
      vertex 87.9111 0.61 5.4437
      vertex 87.8521 0.61 5.44226
    endloop
  endfacet
  facet normal 0 -1 0
    outer loop
      vertex 88.4353 0.61 5.77133
      vertex 89.1755 0.61 5.37454
      vertex 89.2251 0.61 5.45091
    endloop
  endfacet
  facet normal 0 -1 0
    outer loop
      vertex 71.8203 0.61 8.50298
      vertex 72.4764 0.61 9.19872
      vertex 70.9201 0.61 9.19872
    endloop
  endfacet
  facet normal 0 -1 0
    outer loop
      vertex 72.4581 0.61 8.50298
      vertex 72.4764 0.61 9.19872
      vertex 71.8203 0.61 8.50298
    endloop
  endfacet
  facet normal 0 -1 0
    outer loop
      vertex 72.577 0.61 8.49995
      vertex 72.4764 0.61 9.19872
      vertex 72.4581 0.61 8.50298
    endloop
  endfacet
  facet normal 0 -1 0
    outer loop
      vertex 72.4764 0.61 9.19872
      vertex 72.577 0.61 8.49995
      vertex 72.6698 0.61 9.19418
    endloop
  endfacet
  facet normal 0 -1 0
    outer loop
      vertex 72.6909 0.61 8.49092
      vertex 72.6698 0.61 9.19418
      vertex 72.577 0.61 8.49995
    endloop
  endfacet
  facet normal 0 -1 0
    outer loop
      vertex 72.7997 0.61 8.47585
      vertex 72.8552 0.61 9.1806
      vertex 72.6909 0.61 8.49092
    endloop
  endfacet
  facet normal 0 -1 -0
    outer loop
      vertex 72.8552 0.61 9.1806
      vertex 72.7997 0.61 8.47585
      vertex 73.0324 0.61 9.15797
    endloop
  endfacet
  facet normal 0 -1 0
    outer loop
      vertex 72.9034 0.61 8.45474
      vertex 73.0324 0.61 9.15797
      vertex 72.7997 0.61 8.47585
    endloop
  endfacet
  facet normal 0 -1 -0
    outer loop
      vertex 73.0324 0.61 9.15797
      vertex 72.9034 0.61 8.45474
      vertex 73.2015 0.61 9.12628
    endloop
  endfacet
  facet normal 0 -1 0
    outer loop
      vertex 73.0954 0.61 8.39447
      vertex 73.2015 0.61 9.12628
      vertex 73.0019 0.61 8.42763
    endloop
  endfacet
  facet normal 0 -1 -0
    outer loop
      vertex 73.2015 0.61 9.12628
      vertex 73.0954 0.61 8.39447
      vertex 73.3625 0.61 9.08554
    endloop
  endfacet
  facet normal 0 -1 -0
    outer loop
      vertex 73.3625 0.61 9.08554
      vertex 73.1838 0.61 8.35529
      vertex 73.5153 0.61 9.03574
    endloop
  endfacet
  facet normal 0 -1 0
    outer loop
      vertex 72.6698 0.61 9.19418
      vertex 72.6909 0.61 8.49092
      vertex 72.8552 0.61 9.1806
    endloop
  endfacet
  facet normal 0 -1 0
    outer loop
      vertex 70.9201 0.61 9.19872
      vertex 71.8203 0.61 5.59482
      vertex 71.8203 0.61 8.50298
    endloop
  endfacet
  facet normal 0 -1 0
    outer loop
      vertex 72.6595 0.61 4.89906
      vertex 72.5832 0.61 5.59482
      vertex 71.8203 0.61 5.59482
    endloop
  endfacet
  facet normal 0 -1 0
    outer loop
      vertex 72.5832 0.61 5.59482
      vertex 74.21 0.61 5.51726
      vertex 74.2735 0.61 5.59004
    endloop
  endfacet
  facet normal 0 -1 0
    outer loop
      vertex 72.5832 0.61 5.59482
      vertex 74.1429 0.61 5.44832
      vertex 74.21 0.61 5.51726
    endloop
  endfacet
  facet normal 0 -1 0
    outer loop
      vertex 72.5832 0.61 5.59482
      vertex 74.0721 0.61 5.38324
      vertex 74.1429 0.61 5.44832
    endloop
  endfacet
  facet normal 0 -1 0
    outer loop
      vertex 72.5832 0.61 5.59482
      vertex 73.9978 0.61 5.32202
      vertex 74.0721 0.61 5.38324
    endloop
  endfacet
  facet normal 0 -1 0
    outer loop
      vertex 72.5832 0.61 5.59482
      vertex 73.92 0.61 5.26466
      vertex 73.9978 0.61 5.32202
    endloop
  endfacet
  facet normal 0 -1 0
    outer loop
      vertex 72.5832 0.61 5.59482
      vertex 73.8385 0.61 5.21115
      vertex 73.92 0.61 5.26466
    endloop
  endfacet
  facet normal 0 -1 0
    outer loop
      vertex 72.5832 0.61 5.59482
      vertex 73.7534 0.61 5.16151
      vertex 73.8385 0.61 5.21115
    endloop
  endfacet
  facet normal 0 -1 0
    outer loop
      vertex 72.5832 0.61 5.59482
      vertex 73.6655 0.61 5.11597
      vertex 73.7534 0.61 5.16151
    endloop
  endfacet
  facet normal 0 -1 0
    outer loop
      vertex 72.5832 0.61 5.59482
      vertex 73.5752 0.61 5.07475
      vertex 73.6655 0.61 5.11597
    endloop
  endfacet
  facet normal 0 -1 0
    outer loop
      vertex 72.5832 0.61 5.59482
      vertex 73.4826 0.61 5.03789
      vertex 73.5752 0.61 5.07475
    endloop
  endfacet
  facet normal 0 -1 0
    outer loop
      vertex 72.5832 0.61 5.59482
      vertex 73.3878 0.61 5.00534
      vertex 73.4826 0.61 5.03789
    endloop
  endfacet
  facet normal 0 -1 0
    outer loop
      vertex 72.5832 0.61 5.59482
      vertex 73.2906 0.61 4.97716
      vertex 73.3878 0.61 5.00534
    endloop
  endfacet
  facet normal 0 -1 0
    outer loop
      vertex 72.5832 0.61 5.59482
      vertex 73.1912 0.61 4.95329
      vertex 73.2906 0.61 4.97716
    endloop
  endfacet
  facet normal 0 -1 0
    outer loop
      vertex 72.5832 0.61 5.59482
      vertex 73.0894 0.61 4.93378
      vertex 73.1912 0.61 4.95329
    endloop
  endfacet
  facet normal 0 -1 0
    outer loop
      vertex 72.5832 0.61 5.59482
      vertex 72.9854 0.61 4.91859
      vertex 73.0894 0.61 4.93378
    endloop
  endfacet
  facet normal 0 -1 0
    outer loop
      vertex 72.5832 0.61 5.59482
      vertex 72.879 0.61 4.90775
      vertex 72.9854 0.61 4.91859
    endloop
  endfacet
  facet normal 0 -1 0
    outer loop
      vertex 72.5832 0.61 5.59482
      vertex 72.7704 0.61 4.90125
      vertex 72.879 0.61 4.90775
    endloop
  endfacet
  facet normal 0 -1 0
    outer loop
      vertex 70.9201 0.61 4.89906
      vertex 71.8203 0.61 5.59482
      vertex 70.9201 0.61 9.19872
    endloop
  endfacet
  facet normal 0 -1 0
    outer loop
      vertex 72.6595 0.61 4.89906
      vertex 71.8203 0.61 5.59482
      vertex 70.9201 0.61 4.89906
    endloop
  endfacet
  facet normal 0 -1 0
    outer loop
      vertex 72.5832 0.61 5.59482
      vertex 72.6595 0.61 4.89906
      vertex 72.7704 0.61 4.90125
    endloop
  endfacet
  facet normal 0 -1 0
    outer loop
      vertex 73.0019 0.61 8.42763
      vertex 73.2015 0.61 9.12628
      vertex 72.9034 0.61 8.45474
    endloop
  endfacet
  facet normal 0 -1 0
    outer loop
      vertex 73.1838 0.61 8.35529
      vertex 73.3625 0.61 9.08554
      vertex 73.0954 0.61 8.39447
    endloop
  endfacet
  facet normal 0 -1 0
    outer loop
      vertex 73.2671 0.61 8.31007
      vertex 73.5153 0.61 9.03574
      vertex 73.1838 0.61 8.35529
    endloop
  endfacet
  facet normal 0 -1 -0
    outer loop
      vertex 73.5153 0.61 9.03574
      vertex 73.2671 0.61 8.31007
      vertex 73.66 0.61 8.97688
    endloop
  endfacet
  facet normal 0 -1 0
    outer loop
      vertex 73.3453 0.61 8.25885
      vertex 73.66 0.61 8.97688
      vertex 73.2671 0.61 8.31007
    endloop
  endfacet
  facet normal 0 -1 -0
    outer loop
      vertex 73.66 0.61 8.97688
      vertex 73.3453 0.61 8.25885
      vertex 73.7967 0.61 8.90898
    endloop
  endfacet
  facet normal 0 -1 0
    outer loop
      vertex 73.4184 0.61 8.20158
      vertex 73.7967 0.61 8.90898
      vertex 73.3453 0.61 8.25885
    endloop
  endfacet
  facet normal 0 -1 -0
    outer loop
      vertex 73.7967 0.61 8.90898
      vertex 73.4184 0.61 8.20158
      vertex 73.9252 0.61 8.83202
    endloop
  endfacet
  facet normal 0 -1 0
    outer loop
      vertex 73.4865 0.61 8.13829
      vertex 73.9252 0.61 8.83202
      vertex 73.4184 0.61 8.20158
    endloop
  endfacet
  facet normal 0 -1 -0
    outer loop
      vertex 73.9252 0.61 8.83202
      vertex 73.4865 0.61 8.13829
      vertex 74.0455 0.61 8.746
    endloop
  endfacet
  facet normal 0 -1 0
    outer loop
      vertex 73.549 0.61 8.06927
      vertex 74.0455 0.61 8.746
      vertex 73.4865 0.61 8.13829
    endloop
  endfacet
  facet normal 0 -1 -0
    outer loop
      vertex 74.0455 0.61 8.746
      vertex 73.549 0.61 8.06927
      vertex 74.1578 0.61 8.65092
    endloop
  endfacet
  facet normal 0 -1 -0
    outer loop
      vertex 74.1578 0.61 8.65092
      vertex 73.549 0.61 8.06927
      vertex 74.261 0.61 8.54742
    endloop
  endfacet
  facet normal 0 -1 0
    outer loop
      vertex 73.6055 0.61 7.99484
      vertex 74.261 0.61 8.54742
      vertex 73.549 0.61 8.06927
    endloop
  endfacet
  facet normal 0 -1 -0
    outer loop
      vertex 74.261 0.61 8.54742
      vertex 73.6055 0.61 7.99484
      vertex 74.3545 0.61 8.43607
    endloop
  endfacet
  facet normal 0 -1 0
    outer loop
      vertex 73.6561 0.61 7.91498
      vertex 74.3545 0.61 8.43607
      vertex 73.6055 0.61 7.99484
    endloop
  endfacet
  facet normal 0 -1 -0
    outer loop
      vertex 74.3545 0.61 8.43607
      vertex 73.6561 0.61 7.91498
      vertex 74.4381 0.61 8.31686
    endloop
  endfacet
  facet normal 0 -1 0
    outer loop
      vertex 73.7007 0.61 7.8297
      vertex 74.4381 0.61 8.31686
      vertex 73.6561 0.61 7.91498
    endloop
  endfacet
  facet normal 0 -1 -0
    outer loop
      vertex 74.4381 0.61 8.31686
      vertex 73.7007 0.61 7.8297
      vertex 74.5119 0.61 8.18982
    endloop
  endfacet
  facet normal 0 -1 0
    outer loop
      vertex 73.7394 0.61 7.739
      vertex 74.5119 0.61 8.18982
      vertex 73.7007 0.61 7.8297
    endloop
  endfacet
  facet normal 0 -1 -0
    outer loop
      vertex 74.5119 0.61 8.18982
      vertex 73.7394 0.61 7.739
      vertex 74.5758 0.61 8.05495
    endloop
  endfacet
  facet normal 0 -1 0
    outer loop
      vertex 73.7722 0.61 7.64287
      vertex 74.5758 0.61 8.05495
      vertex 73.7394 0.61 7.739
    endloop
  endfacet
  facet normal 0 -1 -0
    outer loop
      vertex 74.5758 0.61 8.05495
      vertex 73.7722 0.61 7.64287
      vertex 74.6299 0.61 7.91222
    endloop
  endfacet
  facet normal 0 -1 -0
    outer loop
      vertex 74.6299 0.61 7.91222
      vertex 73.7722 0.61 7.64287
      vertex 74.6742 0.61 7.76164
    endloop
  endfacet
  facet normal 0 -1 0
    outer loop
      vertex 73.7989 0.61 7.54132
      vertex 74.6742 0.61 7.76164
      vertex 73.7722 0.61 7.64287
    endloop
  endfacet
  facet normal 0 -1 -0
    outer loop
      vertex 74.6742 0.61 7.76164
      vertex 73.7989 0.61 7.54132
      vertex 74.7086 0.61 7.60323
    endloop
  endfacet
  facet normal 0 -1 0
    outer loop
      vertex 73.8198 0.61 7.43436
      vertex 74.7086 0.61 7.60323
      vertex 73.7989 0.61 7.54132
    endloop
  endfacet
  facet normal 0 -1 -0
    outer loop
      vertex 74.7086 0.61 7.60323
      vertex 73.8198 0.61 7.43436
      vertex 74.7332 0.61 7.43697
    endloop
  endfacet
  facet normal 0 -1 0
    outer loop
      vertex 73.8347 0.61 7.32196
      vertex 74.7332 0.61 7.43697
      vertex 73.8198 0.61 7.43436
    endloop
  endfacet
  facet normal 0 -1 0
    outer loop
      vertex 73.8347 0.61 7.32196
      vertex 74.7479 0.61 7.26286
      vertex 74.7332 0.61 7.43697
    endloop
  endfacet
  facet normal 0 -1 0
    outer loop
      vertex 73.8436 0.61 7.20416
      vertex 74.7479 0.61 7.26286
      vertex 73.8347 0.61 7.32196
    endloop
  endfacet
  facet normal 0 -1 0
    outer loop
      vertex 74.7529 0.61 7.08092
      vertex 73.8436 0.61 7.20416
      vertex 73.8466 0.61 7.08092
    endloop
  endfacet
  facet normal 0 -1 0
    outer loop
      vertex 73.8436 0.61 7.20416
      vertex 74.7529 0.61 7.08092
      vertex 74.7479 0.61 7.26286
    endloop
  endfacet
  facet normal 0 -1 0
    outer loop
      vertex 73.8466 0.61 7.08092
      vertex 74.7507 0.61 6.9614
      vertex 74.7529 0.61 7.08092
    endloop
  endfacet
  facet normal 0 -1 0
    outer loop
      vertex 73.8437 0.61 6.95847
      vertex 74.7507 0.61 6.9614
      vertex 73.8466 0.61 7.08092
    endloop
  endfacet
  facet normal 0 -1 0
    outer loop
      vertex 73.8437 0.61 6.95847
      vertex 74.7442 0.61 6.84464
      vertex 74.7507 0.61 6.9614
    endloop
  endfacet
  facet normal 0 -1 0
    outer loop
      vertex 73.8353 0.61 6.84074
      vertex 74.7442 0.61 6.84464
      vertex 73.8437 0.61 6.95847
    endloop
  endfacet
  facet normal 0 -1 0
    outer loop
      vertex 73.8353 0.61 6.84074
      vertex 74.7334 0.61 6.73068
      vertex 74.7442 0.61 6.84464
    endloop
  endfacet
  facet normal 0 -1 0
    outer loop
      vertex 74.7184 0.61 6.61952
      vertex 73.8353 0.61 6.84074
      vertex 73.8211 0.61 6.72775
    endloop
  endfacet
  facet normal 0 -1 0
    outer loop
      vertex 74.6989 0.61 6.51117
      vertex 73.8211 0.61 6.72775
      vertex 73.8014 0.61 6.61952
    endloop
  endfacet
  facet normal 0 -1 0
    outer loop
      vertex 73.8353 0.61 6.84074
      vertex 74.7184 0.61 6.61952
      vertex 74.7334 0.61 6.73068
    endloop
  endfacet
  facet normal 0 -1 0
    outer loop
      vertex 74.6472 0.61 6.30286
      vertex 73.8014 0.61 6.61952
      vertex 73.7759 0.61 6.51601
    endloop
  endfacet
  facet normal 0 -1 0
    outer loop
      vertex 73.8211 0.61 6.72775
      vertex 74.6989 0.61 6.51117
      vertex 74.7184 0.61 6.61952
    endloop
  endfacet
  facet normal 0 -1 0
    outer loop
      vertex 74.6149 0.61 6.2029
      vertex 73.7759 0.61 6.51601
      vertex 73.7449 0.61 6.41725
    endloop
  endfacet
  facet normal 0 -1 0
    outer loop
      vertex 73.8014 0.61 6.61952
      vertex 74.6752 0.61 6.40561
      vertex 74.6989 0.61 6.51117
    endloop
  endfacet
  facet normal 0 -1 0
    outer loop
      vertex 74.5372 0.61 6.01137
      vertex 73.7449 0.61 6.41725
      vertex 73.7081 0.61 6.32323
    endloop
  endfacet
  facet normal 0 -1 0
    outer loop
      vertex 73.8014 0.61 6.61952
      vertex 74.6472 0.61 6.30286
      vertex 74.6752 0.61 6.40561
    endloop
  endfacet
  facet normal 0 -1 0
    outer loop
      vertex 74.4919 0.61 5.9198
      vertex 73.7081 0.61 6.32323
      vertex 73.6658 0.61 6.23395
    endloop
  endfacet
  facet normal 0 -1 0
    outer loop
      vertex 73.7759 0.61 6.51601
      vertex 74.6149 0.61 6.2029
      vertex 74.6472 0.61 6.30286
    endloop
  endfacet
  facet normal 0 -1 0
    outer loop
      vertex 74.3899 0.61 5.74721
      vertex 73.6658 0.61 6.23395
      vertex 73.6178 0.61 6.14941
    endloop
  endfacet
  facet normal 0 -1 0
    outer loop
      vertex 73.7449 0.61 6.41725
      vertex 74.5782 0.61 6.10573
      vertex 74.6149 0.61 6.2029
    endloop
  endfacet
  facet normal 0 -1 0
    outer loop
      vertex 74.2735 0.61 5.59004
      vertex 73.6178 0.61 6.14941
      vertex 73.5641 0.61 6.06961
    endloop
  endfacet
  facet normal 0 -1 0
    outer loop
      vertex 73.7449 0.61 6.41725
      vertex 74.5372 0.61 6.01137
      vertex 74.5782 0.61 6.10573
    endloop
  endfacet
  facet normal 0 -1 0
    outer loop
      vertex 74.2735 0.61 5.59004
      vertex 73.5641 0.61 6.06961
      vertex 73.5048 0.61 5.99455
    endloop
  endfacet
  facet normal 0 -1 0
    outer loop
      vertex 74.2735 0.61 5.59004
      vertex 73.5048 0.61 5.99455
      vertex 73.4407 0.61 5.92517
    endloop
  endfacet
  facet normal 0 -1 0
    outer loop
      vertex 73.7081 0.61 6.32323
      vertex 74.4919 0.61 5.9198
      vertex 74.5372 0.61 6.01137
    endloop
  endfacet
  facet normal 0 -1 0
    outer loop
      vertex 74.2735 0.61 5.59004
      vertex 73.4407 0.61 5.92517
      vertex 73.3726 0.61 5.86241
    endloop
  endfacet
  facet normal 0 -1 0
    outer loop
      vertex 73.6658 0.61 6.23395
      vertex 74.4427 0.61 5.83157
      vertex 74.4919 0.61 5.9198
    endloop
  endfacet
  facet normal 0 -1 0
    outer loop
      vertex 74.2735 0.61 5.59004
      vertex 73.3726 0.61 5.86241
      vertex 73.3006 0.61 5.80624
    endloop
  endfacet
  facet normal 0 -1 0
    outer loop
      vertex 74.2735 0.61 5.59004
      vertex 73.3006 0.61 5.80624
      vertex 73.2247 0.61 5.7567
    endloop
  endfacet
  facet normal 0 -1 0
    outer loop
      vertex 73.6658 0.61 6.23395
      vertex 74.3899 0.61 5.74721
      vertex 74.4427 0.61 5.83157
    endloop
  endfacet
  facet normal 0 -1 0
    outer loop
      vertex 74.2735 0.61 5.59004
      vertex 73.2247 0.61 5.7567
      vertex 73.1449 0.61 5.71375
    endloop
  endfacet
  facet normal 0 -1 0
    outer loop
      vertex 74.2735 0.61 5.59004
      vertex 73.1449 0.61 5.71375
      vertex 73.0611 0.61 5.6774
    endloop
  endfacet
  facet normal 0 -1 0
    outer loop
      vertex 73.6178 0.61 6.14941
      vertex 74.3335 0.61 5.6667
      vertex 74.3899 0.61 5.74721
    endloop
  endfacet
  facet normal 0 -1 0
    outer loop
      vertex 74.2735 0.61 5.59004
      vertex 73.0611 0.61 5.6774
      vertex 72.9734 0.61 5.64767
    endloop
  endfacet
  facet normal 0 -1 0
    outer loop
      vertex 74.2735 0.61 5.59004
      vertex 72.9734 0.61 5.64767
      vertex 72.8817 0.61 5.62454
    endloop
  endfacet
  facet normal 0 -1 0
    outer loop
      vertex 74.2735 0.61 5.59004
      vertex 72.8817 0.61 5.62454
      vertex 72.7861 0.61 5.60803
    endloop
  endfacet
  facet normal 0 -1 0
    outer loop
      vertex 74.2735 0.61 5.59004
      vertex 72.7861 0.61 5.60803
      vertex 72.6866 0.61 5.59811
    endloop
  endfacet
  facet normal 0 -1 0
    outer loop
      vertex 73.6178 0.61 6.14941
      vertex 74.2735 0.61 5.59004
      vertex 74.3335 0.61 5.6667
    endloop
  endfacet
  facet normal 0 -1 0
    outer loop
      vertex 74.2735 0.61 5.59004
      vertex 72.6866 0.61 5.59811
      vertex 72.5832 0.61 5.59482
    endloop
  endfacet
  facet normal 0 -1 0
    outer loop
      vertex 75.3278 0.61 4.89906
      vertex 76.2281 0.61 9.19872
      vertex 75.3278 0.61 9.19872
    endloop
  endfacet
  facet normal 0 -1 -0
    outer loop
      vertex 76.2281 0.61 9.19872
      vertex 75.3278 0.61 4.89906
      vertex 76.2281 0.61 4.89906
    endloop
  endfacet
  facet normal 0 -1 0
    outer loop
      vertex 80.9207 0.61 6.14714
      vertex 82.5075 0.61 6.89175
      vertex 80.9207 0.61 6.89175
    endloop
  endfacet
  facet normal 0 -1 -0
    outer loop
      vertex 82.5075 0.61 6.89175
      vertex 80.9207 0.61 6.14714
      vertex 82.5075 0.61 6.14714
    endloop
  endfacet
  facet normal 0 -1 0
    outer loop
      vertex 77.9238 0.61 8.49991
      vertex 78.9553 0.61 9.19872
      vertex 77.0236 0.61 9.19872
    endloop
  endfacet
  facet normal 0 -1 0
    outer loop
      vertex 78.8546 0.61 8.49991
      vertex 78.9553 0.61 9.19872
      vertex 77.9238 0.61 8.49991
    endloop
  endfacet
  facet normal 0 -1 0
    outer loop
      vertex 78.9933 0.61 8.49431
      vertex 78.9553 0.61 9.19872
      vertex 78.8546 0.61 8.49991
    endloop
  endfacet
  facet normal 0 -1 0
    outer loop
      vertex 78.9553 0.61 9.19872
      vertex 78.9933 0.61 8.49431
      vertex 79.0927 0.61 9.19577
    endloop
  endfacet
  facet normal 0 -1 0
    outer loop
      vertex 79.1189 0.61 8.47751
      vertex 79.0927 0.61 9.19577
      vertex 78.9933 0.61 8.49431
    endloop
  endfacet
  facet normal 0 -1 0
    outer loop
      vertex 79.0927 0.61 9.19577
      vertex 79.1189 0.61 8.47751
      vertex 79.2242 0.61 9.18697
    endloop
  endfacet
  facet normal 0 -1 0
    outer loop
      vertex 79.2312 0.61 8.44952
      vertex 79.3499 0.61 9.17227
      vertex 79.1189 0.61 8.47751
    endloop
  endfacet
  facet normal 0 -1 -0
    outer loop
      vertex 79.3499 0.61 9.17227
      vertex 79.2312 0.61 8.44952
      vertex 79.4697 0.61 9.1517
    endloop
  endfacet
  facet normal 0 -1 0
    outer loop
      vertex 79.3303 0.61 8.41032
      vertex 79.4697 0.61 9.1517
      vertex 79.2312 0.61 8.44952
    endloop
  endfacet
  facet normal 0 -1 -0
    outer loop
      vertex 79.4697 0.61 9.1517
      vertex 79.3303 0.61 8.41032
      vertex 79.5836 0.61 9.12526
    endloop
  endfacet
  facet normal 0 -1 -0
    outer loop
      vertex 79.5836 0.61 9.12526
      vertex 79.3303 0.61 8.41032
      vertex 79.6917 0.61 9.09294
    endloop
  endfacet
  facet normal 0 -1 0
    outer loop
      vertex 79.4162 0.61 8.35994
      vertex 79.6917 0.61 9.09294
      vertex 79.3303 0.61 8.41032
    endloop
  endfacet
  facet normal 0 -1 -0
    outer loop
      vertex 79.6917 0.61 9.09294
      vertex 79.4162 0.61 8.35994
      vertex 79.7939 0.61 9.05475
    endloop
  endfacet
  facet normal 0 -1 0
    outer loop
      vertex 79.4889 0.61 8.29834
      vertex 79.8902 0.61 9.01068
      vertex 79.4162 0.61 8.35994
    endloop
  endfacet
  facet normal 0 -1 -0
    outer loop
      vertex 79.8902 0.61 9.01068
      vertex 79.4889 0.61 8.29834
      vertex 79.9806 0.61 8.96074
    endloop
  endfacet
  facet normal 0 -1 -0
    outer loop
      vertex 79.2242 0.61 9.18697
      vertex 79.1189 0.61 8.47751
      vertex 79.3499 0.61 9.17227
    endloop
  endfacet
  facet normal 0 -1 0
    outer loop
      vertex 77.0236 0.61 9.19872
      vertex 77.9238 0.61 7.10532
      vertex 77.9238 0.61 8.49991
    endloop
  endfacet
  facet normal 0 -1 0
    outer loop
      vertex 77.9238 0.61 6.41264
      vertex 78.8789 0.61 7.10532
      vertex 77.9238 0.61 7.10532
    endloop
  endfacet
  facet normal 0 -1 0
    outer loop
      vertex 78.8789 0.61 7.10532
      vertex 80.3354 0.61 7.03804
      vertex 80.3711 0.61 7.09618
    endloop
  endfacet
  facet normal 0 -1 0
    outer loop
      vertex 78.8789 0.61 7.10532
      vertex 80.2969 0.61 6.98236
      vertex 80.3354 0.61 7.03804
    endloop
  endfacet
  facet normal 0 -1 0
    outer loop
      vertex 78.8789 0.61 7.10532
      vertex 80.2558 0.61 6.92911
      vertex 80.2969 0.61 6.98236
    endloop
  endfacet
  facet normal 0 -1 0
    outer loop
      vertex 78.8789 0.61 7.10532
      vertex 80.2119 0.61 6.8783
      vertex 80.2558 0.61 6.92911
    endloop
  endfacet
  facet normal 0 -1 0
    outer loop
      vertex 78.8789 0.61 7.10532
      vertex 80.1654 0.61 6.82994
      vertex 80.2119 0.61 6.8783
    endloop
  endfacet
  facet normal 0 -1 0
    outer loop
      vertex 78.8789 0.61 7.10532
      vertex 80.1162 0.61 6.78403
      vertex 80.1654 0.61 6.82994
    endloop
  endfacet
  facet normal 0 -1 0
    outer loop
      vertex 78.8789 0.61 7.10532
      vertex 80.0642 0.61 6.74055
      vertex 80.1162 0.61 6.78403
    endloop
  endfacet
  facet normal 0 -1 0
    outer loop
      vertex 78.8789 0.61 7.10532
      vertex 80.0096 0.61 6.69954
      vertex 80.0642 0.61 6.74055
    endloop
  endfacet
  facet normal 0 -1 0
    outer loop
      vertex 78.8789 0.61 7.10532
      vertex 79.9523 0.61 6.66096
      vertex 80.0096 0.61 6.69954
    endloop
  endfacet
  facet normal 0 -1 0
    outer loop
      vertex 78.8789 0.61 7.10532
      vertex 79.8923 0.61 6.62485
      vertex 79.9523 0.61 6.66096
    endloop
  endfacet
  facet normal 0 -1 0
    outer loop
      vertex 78.8789 0.61 7.10532
      vertex 79.8295 0.61 6.59116
      vertex 79.8923 0.61 6.62485
    endloop
  endfacet
  facet normal 0 -1 0
    outer loop
      vertex 78.8789 0.61 7.10532
      vertex 79.7643 0.61 6.56018
      vertex 79.8295 0.61 6.59116
    endloop
  endfacet
  facet normal 0 -1 0
    outer loop
      vertex 78.8789 0.61 7.10532
      vertex 79.697 0.61 6.53215
      vertex 79.7643 0.61 6.56018
    endloop
  endfacet
  facet normal 0 -1 0
    outer loop
      vertex 78.8789 0.61 7.10532
      vertex 79.6274 0.61 6.50706
      vertex 79.697 0.61 6.53215
    endloop
  endfacet
  facet normal 0 -1 0
    outer loop
      vertex 78.8789 0.61 7.10532
      vertex 79.5556 0.61 6.48494
      vertex 79.6274 0.61 6.50706
    endloop
  endfacet
  facet normal 0 -1 0
    outer loop
      vertex 78.8789 0.61 7.10532
      vertex 79.4817 0.61 6.46576
      vertex 79.5556 0.61 6.48494
    endloop
  endfacet
  facet normal 0 -1 0
    outer loop
      vertex 78.8789 0.61 7.10532
      vertex 79.4055 0.61 6.44952
      vertex 79.4817 0.61 6.46576
    endloop
  endfacet
  facet normal 0 -1 0
    outer loop
      vertex 78.8789 0.61 7.10532
      vertex 79.3272 0.61 6.43625
      vertex 79.4055 0.61 6.44952
    endloop
  endfacet
  facet normal 0 -1 0
    outer loop
      vertex 78.8789 0.61 7.10532
      vertex 79.2466 0.61 6.42592
      vertex 79.3272 0.61 6.43625
    endloop
  endfacet
  facet normal 0 -1 0
    outer loop
      vertex 78.8789 0.61 7.10532
      vertex 79.1639 0.61 6.41855
      vertex 79.2466 0.61 6.42592
    endloop
  endfacet
  facet normal 0 -1 0
    outer loop
      vertex 78.8789 0.61 7.10532
      vertex 79.079 0.61 6.41412
      vertex 79.1639 0.61 6.41855
    endloop
  endfacet
  facet normal 0 -1 -0
    outer loop
      vertex 78.8789 0.61 7.10532
      vertex 77.9238 0.61 6.41264
      vertex 78.9919 0.61 6.41264
    endloop
  endfacet
  facet normal 0 -1 0
    outer loop
      vertex 77.0236 0.61 4.89906
      vertex 77.9238 0.61 7.10532
      vertex 77.0236 0.61 9.19872
    endloop
  endfacet
  facet normal 0 -1 -0
    outer loop
      vertex 77.9238 0.61 7.10532
      vertex 77.0236 0.61 4.89906
      vertex 77.9238 0.61 6.41264
    endloop
  endfacet
  facet normal 0 -1 -0
    outer loop
      vertex 77.9238 0.61 6.41264
      vertex 77.0236 0.61 4.89906
      vertex 77.9238 0.61 4.89906
    endloop
  endfacet
  facet normal 0 -1 -0
    outer loop
      vertex 79.7939 0.61 9.05475
      vertex 79.4162 0.61 8.35994
      vertex 79.8902 0.61 9.01068
    endloop
  endfacet
  facet normal 0 -1 -0
    outer loop
      vertex 79.9806 0.61 8.96074
      vertex 79.4889 0.61 8.29834
      vertex 80.0651 0.61 8.90491
    endloop
  endfacet
  facet normal 0 -1 -0
    outer loop
      vertex 80.0651 0.61 8.90491
      vertex 79.4889 0.61 8.29834
      vertex 80.1438 0.61 8.84322
    endloop
  endfacet
  facet normal 0 -1 0
    outer loop
      vertex 79.5483 0.61 8.22556
      vertex 80.1438 0.61 8.84322
      vertex 79.4889 0.61 8.29834
    endloop
  endfacet
  facet normal 0 -1 -0
    outer loop
      vertex 80.1438 0.61 8.84322
      vertex 79.5483 0.61 8.22556
      vertex 80.2161 0.61 8.77614
    endloop
  endfacet
  facet normal 0 -1 -0
    outer loop
      vertex 80.2161 0.61 8.77614
      vertex 79.5483 0.61 8.22556
      vertex 80.2815 0.61 8.70421
    endloop
  endfacet
  facet normal 0 -1 -0
    outer loop
      vertex 80.2815 0.61 8.70421
      vertex 79.5483 0.61 8.22556
      vertex 80.34 0.61 8.6274
    endloop
  endfacet
  facet normal 0 -1 0
    outer loop
      vertex 79.5946 0.61 8.14157
      vertex 80.34 0.61 8.6274
      vertex 79.5483 0.61 8.22556
    endloop
  endfacet
  facet normal 0 -1 -0
    outer loop
      vertex 80.34 0.61 8.6274
      vertex 79.5946 0.61 8.14157
      vertex 80.3917 0.61 8.54573
    endloop
  endfacet
  facet normal 0 -1 -0
    outer loop
      vertex 80.3917 0.61 8.54573
      vertex 79.5946 0.61 8.14157
      vertex 80.4364 0.61 8.45918
    endloop
  endfacet
  facet normal 0 -1 -0
    outer loop
      vertex 80.4364 0.61 8.45918
      vertex 79.5946 0.61 8.14157
      vertex 80.4743 0.61 8.36777
    endloop
  endfacet
  facet normal 0 -1 0
    outer loop
      vertex 79.6276 0.61 8.04639
      vertex 80.4743 0.61 8.36777
      vertex 79.5946 0.61 8.14157
    endloop
  endfacet
  facet normal 0 -1 -0
    outer loop
      vertex 80.4743 0.61 8.36777
      vertex 79.6276 0.61 8.04639
      vertex 80.5053 0.61 8.27148
    endloop
  endfacet
  facet normal 0 -1 -0
    outer loop
      vertex 80.5053 0.61 8.27148
      vertex 79.6276 0.61 8.04639
      vertex 80.5294 0.61 8.17035
    endloop
  endfacet
  facet normal 0 -1 0
    outer loop
      vertex 79.6475 0.61 7.94002
      vertex 80.5294 0.61 8.17035
      vertex 79.6276 0.61 8.04639
    endloop
  endfacet
  facet normal 0 -1 -0
    outer loop
      vertex 80.5294 0.61 8.17035
      vertex 79.6475 0.61 7.94002
      vertex 80.5466 0.61 8.06433
    endloop
  endfacet
  facet normal 0 -1 -0
    outer loop
      vertex 80.5466 0.61 8.06433
      vertex 79.6475 0.61 7.94002
      vertex 80.5569 0.61 7.95345
    endloop
  endfacet
  facet normal 0 -1 0
    outer loop
      vertex 79.6541 0.61 7.82243
      vertex 80.5569 0.61 7.95345
      vertex 79.6475 0.61 7.94002
    endloop
  endfacet
  facet normal 0 -1 -0
    outer loop
      vertex 80.5569 0.61 7.95345
      vertex 79.6541 0.61 7.82243
      vertex 80.5603 0.61 7.83769
    endloop
  endfacet
  facet normal 0 -1 0
    outer loop
      vertex 79.6541 0.61 7.82243
      vertex 80.5588 0.61 7.76297
      vertex 80.5603 0.61 7.83769
    endloop
  endfacet
  facet normal 0 -1 0
    outer loop
      vertex 79.6524 0.61 7.76054
      vertex 80.5588 0.61 7.76297
      vertex 79.6541 0.61 7.82243
    endloop
  endfacet
  facet normal 0 -1 0
    outer loop
      vertex 80.5463 0.61 7.6179
      vertex 79.6524 0.61 7.76054
      vertex 79.6474 0.61 7.70134
    endloop
  endfacet
  facet normal 0 -1 0
    outer loop
      vertex 79.6524 0.61 7.76054
      vertex 80.5541 0.61 7.68971
      vertex 80.5588 0.61 7.76297
    endloop
  endfacet
  facet normal 0 -1 0
    outer loop
      vertex 80.5353 0.61 7.54758
      vertex 79.6474 0.61 7.70134
      vertex 79.6391 0.61 7.64484
    endloop
  endfacet
  facet normal 0 -1 0
    outer loop
      vertex 79.6524 0.61 7.76054
      vertex 80.5463 0.61 7.6179
      vertex 80.5541 0.61 7.68971
    endloop
  endfacet
  facet normal 0 -1 0
    outer loop
      vertex 80.5041 0.61 7.4113
      vertex 79.6391 0.61 7.64484
      vertex 79.6274 0.61 7.59103
    endloop
  endfacet
  facet normal 0 -1 0
    outer loop
      vertex 79.6474 0.61 7.70134
      vertex 80.5353 0.61 7.54758
      vertex 80.5463 0.61 7.6179
    endloop
  endfacet
  facet normal 0 -1 0
    outer loop
      vertex 80.4603 0.61 7.28087
      vertex 79.6274 0.61 7.59103
      vertex 79.6124 0.61 7.53993
    endloop
  endfacet
  facet normal 0 -1 0
    outer loop
      vertex 80.404 0.61 7.15628
      vertex 79.6124 0.61 7.53993
      vertex 79.5941 0.61 7.49152
    endloop
  endfacet
  facet normal 0 -1 0
    outer loop
      vertex 79.6391 0.61 7.64484
      vertex 80.5213 0.61 7.4787
      vertex 80.5353 0.61 7.54758
    endloop
  endfacet
  facet normal 0 -1 0
    outer loop
      vertex 80.3711 0.61 7.09618
      vertex 79.5941 0.61 7.49152
      vertex 79.5725 0.61 7.44582
    endloop
  endfacet
  facet normal 0 -1 0
    outer loop
      vertex 79.6391 0.61 7.64484
      vertex 80.5041 0.61 7.4113
      vertex 80.5213 0.61 7.4787
    endloop
  endfacet
  facet normal 0 -1 0
    outer loop
      vertex 80.3711 0.61 7.09618
      vertex 79.5725 0.61 7.44582
      vertex 79.5475 0.61 7.4028
    endloop
  endfacet
  facet normal 0 -1 0
    outer loop
      vertex 80.3711 0.61 7.09618
      vertex 79.5475 0.61 7.4028
      vertex 79.5192 0.61 7.36249
    endloop
  endfacet
  facet normal 0 -1 0
    outer loop
      vertex 79.6274 0.61 7.59103
      vertex 80.4837 0.61 7.34535
      vertex 80.5041 0.61 7.4113
    endloop
  endfacet
  facet normal 0 -1 0
    outer loop
      vertex 80.3711 0.61 7.09618
      vertex 79.5192 0.61 7.36249
      vertex 79.4876 0.61 7.32487
    endloop
  endfacet
  facet normal 0 -1 0
    outer loop
      vertex 80.3711 0.61 7.09618
      vertex 79.4876 0.61 7.32487
      vertex 79.4527 0.61 7.28995
    endloop
  endfacet
  facet normal 0 -1 0
    outer loop
      vertex 79.6274 0.61 7.59103
      vertex 80.4603 0.61 7.28087
      vertex 80.4837 0.61 7.34535
    endloop
  endfacet
  facet normal 0 -1 0
    outer loop
      vertex 80.3711 0.61 7.09618
      vertex 79.4527 0.61 7.28995
      vertex 79.4146 0.61 7.2579
    endloop
  endfacet
  facet normal 0 -1 0
    outer loop
      vertex 80.3711 0.61 7.09618
      vertex 79.4146 0.61 7.2579
      vertex 79.3737 0.61 7.22891
    endloop
  endfacet
  facet normal 0 -1 0
    outer loop
      vertex 79.6124 0.61 7.53993
      vertex 80.4337 0.61 7.21783
      vertex 80.4603 0.61 7.28087
    endloop
  endfacet
  facet normal 0 -1 0
    outer loop
      vertex 80.3711 0.61 7.09618
      vertex 79.3737 0.61 7.22891
      vertex 79.3301 0.61 7.20297
    endloop
  endfacet
  facet normal 0 -1 0
    outer loop
      vertex 80.3711 0.61 7.09618
      vertex 79.3301 0.61 7.20297
      vertex 79.2836 0.61 7.18008
    endloop
  endfacet
  facet normal 0 -1 0
    outer loop
      vertex 80.3711 0.61 7.09618
      vertex 79.2836 0.61 7.18008
      vertex 79.2342 0.61 7.16025
    endloop
  endfacet
  facet normal 0 -1 0
    outer loop
      vertex 79.6124 0.61 7.53993
      vertex 80.404 0.61 7.15628
      vertex 80.4337 0.61 7.21783
    endloop
  endfacet
  facet normal 0 -1 0
    outer loop
      vertex 80.3711 0.61 7.09618
      vertex 79.2342 0.61 7.16025
      vertex 79.1821 0.61 7.14346
    endloop
  endfacet
  facet normal 0 -1 0
    outer loop
      vertex 80.3711 0.61 7.09618
      vertex 79.1821 0.61 7.14346
      vertex 79.1271 0.61 7.12973
    endloop
  endfacet
  facet normal 0 -1 0
    outer loop
      vertex 80.3711 0.61 7.09618
      vertex 79.1271 0.61 7.12973
      vertex 79.0693 0.61 7.11905
    endloop
  endfacet
  facet normal 0 -1 0
    outer loop
      vertex 80.3711 0.61 7.09618
      vertex 79.0693 0.61 7.11905
      vertex 79.0087 0.61 7.11142
    endloop
  endfacet
  facet normal 0 -1 0
    outer loop
      vertex 80.3711 0.61 7.09618
      vertex 79.0087 0.61 7.11142
      vertex 78.9452 0.61 7.10684
    endloop
  endfacet
  facet normal 0 -1 0
    outer loop
      vertex 79.5941 0.61 7.49152
      vertex 80.3711 0.61 7.09618
      vertex 80.404 0.61 7.15628
    endloop
  endfacet
  facet normal 0 -1 0
    outer loop
      vertex 80.3711 0.61 7.09618
      vertex 78.9452 0.61 7.10684
      vertex 78.8789 0.61 7.10532
    endloop
  endfacet
  facet normal 0 -1 0
    outer loop
      vertex 78.8789 0.61 7.10532
      vertex 78.9919 0.61 6.41264
      vertex 79.079 0.61 6.41412
    endloop
  endfacet
  facet normal 0 0 -1
    outer loop
      vertex 83.9388 0 5.60399
      vertex 85.9346 0.61 5.60399
      vertex 85.9346 0 5.60399
    endloop
  endfacet
  facet normal -0 0 -1
    outer loop
      vertex 85.9346 0.61 5.60399
      vertex 83.9388 0 5.60399
      vertex 83.9388 0.61 5.60399
    endloop
  endfacet
  facet normal -0.91041 0 0.413707
    outer loop
      vertex 83.9388 0 5.60399
      vertex 83.9551 0.61 5.63986
      vertex 83.9388 0.61 5.60399
    endloop
  endfacet
  facet normal -0.91041 0 0.413707
    outer loop
      vertex 83.9551 0.61 5.63986
      vertex 83.9388 0 5.60399
      vertex 83.9551 0 5.63986
    endloop
  endfacet
  facet normal -0.89372 0 0.448624
    outer loop
      vertex 83.9551 0 5.63986
      vertex 83.9729 0.61 5.67532
      vertex 83.9551 0.61 5.63986
    endloop
  endfacet
  facet normal -0.89372 0 0.448624
    outer loop
      vertex 83.9729 0.61 5.67532
      vertex 83.9551 0 5.63986
      vertex 83.9729 0 5.67532
    endloop
  endfacet
  facet normal -0.877034 0 0.480429
    outer loop
      vertex 83.9729 0 5.67532
      vertex 83.9921 0.61 5.71037
      vertex 83.9729 0.61 5.67532
    endloop
  endfacet
  facet normal -0.877034 0 0.480429
    outer loop
      vertex 83.9921 0.61 5.71037
      vertex 83.9729 0 5.67532
      vertex 83.9921 0 5.71037
    endloop
  endfacet
  facet normal -0.85854 0 0.512746
    outer loop
      vertex 83.9921 0 5.71037
      vertex 84.0128 0.61 5.74503
      vertex 83.9921 0.61 5.71037
    endloop
  endfacet
  facet normal -0.85854 0 0.512746
    outer loop
      vertex 84.0128 0.61 5.74503
      vertex 83.9921 0 5.71037
      vertex 84.0128 0 5.74503
    endloop
  endfacet
  facet normal -0.837951 0 0.545745
    outer loop
      vertex 84.0128 0 5.74503
      vertex 84.0351 0.61 5.77927
      vertex 84.0128 0.61 5.74503
    endloop
  endfacet
  facet normal -0.837951 0 0.545745
    outer loop
      vertex 84.0351 0.61 5.77927
      vertex 84.0128 0 5.74503
      vertex 84.0351 0 5.77927
    endloop
  endfacet
  facet normal -0.819095 0 0.573657
    outer loop
      vertex 84.0351 0 5.77927
      vertex 84.0588 0.61 5.81311
      vertex 84.0351 0.61 5.77927
    endloop
  endfacet
  facet normal -0.819095 0 0.573657
    outer loop
      vertex 84.0588 0.61 5.81311
      vertex 84.0351 0 5.77927
      vertex 84.0588 0 5.81311
    endloop
  endfacet
  facet normal -0.798709 0 0.601718
    outer loop
      vertex 84.0588 0 5.81311
      vertex 84.084 0.61 5.84656
      vertex 84.0588 0.61 5.81311
    endloop
  endfacet
  facet normal -0.798709 0 0.601718
    outer loop
      vertex 84.084 0.61 5.84656
      vertex 84.0588 0 5.81311
      vertex 84.084 0 5.84656
    endloop
  endfacet
  facet normal -0.777689 0 0.628649
    outer loop
      vertex 84.084 0 5.84656
      vertex 84.1107 0.61 5.87959
      vertex 84.084 0.61 5.84656
    endloop
  endfacet
  facet normal -0.777689 0 0.628649
    outer loop
      vertex 84.1107 0.61 5.87959
      vertex 84.084 0 5.84656
      vertex 84.1107 0 5.87959
    endloop
  endfacet
  facet normal -0.756698 0 0.653765
    outer loop
      vertex 84.1107 0 5.87959
      vertex 84.1389 0.61 5.91223
      vertex 84.1107 0.61 5.87959
    endloop
  endfacet
  facet normal -0.756698 0 0.653765
    outer loop
      vertex 84.1389 0.61 5.91223
      vertex 84.1107 0 5.87959
      vertex 84.1389 0 5.91223
    endloop
  endfacet
  facet normal -0.735381 0 0.677654
    outer loop
      vertex 84.1389 0 5.91223
      vertex 84.1686 0.61 5.94446
      vertex 84.1389 0.61 5.91223
    endloop
  endfacet
  facet normal -0.735381 0 0.677654
    outer loop
      vertex 84.1686 0.61 5.94446
      vertex 84.1389 0 5.91223
      vertex 84.1686 0 5.94446
    endloop
  endfacet
  facet normal -0.715042 0 0.699082
    outer loop
      vertex 84.1686 0 5.94446
      vertex 84.1997 0.61 5.97627
      vertex 84.1686 0.61 5.94446
    endloop
  endfacet
  facet normal -0.715042 0 0.699082
    outer loop
      vertex 84.1997 0.61 5.97627
      vertex 84.1686 0 5.94446
      vertex 84.1997 0 5.97627
    endloop
  endfacet
  facet normal -0.700426 0 0.713725
    outer loop
      vertex 84.1997 0.61 5.97627
      vertex 84.2319 0 6.00787
      vertex 84.2319 0.61 6.00787
    endloop
  endfacet
  facet normal -0.700426 0 0.713725
    outer loop
      vertex 84.2319 0 6.00787
      vertex 84.1997 0.61 5.97627
      vertex 84.1997 0 5.97627
    endloop
  endfacet
  facet normal -0.692258 0 0.72165
    outer loop
      vertex 84.2319 0.61 6.00787
      vertex 84.2648 0 6.03943
      vertex 84.2648 0.61 6.03943
    endloop
  endfacet
  facet normal -0.692258 0 0.72165
    outer loop
      vertex 84.2648 0 6.03943
      vertex 84.2319 0.61 6.00787
      vertex 84.2319 0 6.00787
    endloop
  endfacet
  facet normal -0.68491 0 0.728628
    outer loop
      vertex 84.2648 0.61 6.03943
      vertex 84.2983 0 6.07092
      vertex 84.2983 0.61 6.07092
    endloop
  endfacet
  facet normal -0.68491 0 0.728628
    outer loop
      vertex 84.2983 0 6.07092
      vertex 84.2648 0.61 6.03943
      vertex 84.2648 0 6.03943
    endloop
  endfacet
  facet normal -0.677967 0 0.735093
    outer loop
      vertex 84.2983 0.61 6.07092
      vertex 84.3324 0 6.10237
      vertex 84.3324 0.61 6.10237
    endloop
  endfacet
  facet normal -0.677967 0 0.735093
    outer loop
      vertex 84.3324 0 6.10237
      vertex 84.2983 0.61 6.07092
      vertex 84.2983 0 6.07092
    endloop
  endfacet
  facet normal -0.670852 0 0.741591
    outer loop
      vertex 84.3324 0.61 6.10237
      vertex 84.3671 0 6.13376
      vertex 84.3671 0.61 6.13376
    endloop
  endfacet
  facet normal -0.670852 0 0.741591
    outer loop
      vertex 84.3671 0 6.13376
      vertex 84.3324 0.61 6.10237
      vertex 84.3324 0 6.10237
    endloop
  endfacet
  facet normal -0.662866 0 0.748738
    outer loop
      vertex 84.3671 0.61 6.13376
      vertex 84.4025 0 6.1651
      vertex 84.4025 0.61 6.1651
    endloop
  endfacet
  facet normal -0.662866 0 0.748738
    outer loop
      vertex 84.4025 0 6.1651
      vertex 84.3671 0.61 6.13376
      vertex 84.3671 0 6.13376
    endloop
  endfacet
  facet normal -0.656127 0 0.754651
    outer loop
      vertex 84.4025 0.61 6.1651
      vertex 84.4385 0 6.1964
      vertex 84.4385 0.61 6.1964
    endloop
  endfacet
  facet normal -0.656127 0 0.754651
    outer loop
      vertex 84.4385 0 6.1964
      vertex 84.4025 0.61 6.1651
      vertex 84.4025 0 6.1651
    endloop
  endfacet
  facet normal -0.649336 0 0.760502
    outer loop
      vertex 84.4385 0.61 6.1964
      vertex 84.4751 0 6.22765
      vertex 84.4751 0.61 6.22765
    endloop
  endfacet
  facet normal -0.649336 0 0.760502
    outer loop
      vertex 84.4751 0 6.22765
      vertex 84.4385 0.61 6.1964
      vertex 84.4385 0 6.1964
    endloop
  endfacet
  facet normal -0.641357 0 0.767242
    outer loop
      vertex 84.4751 0.61 6.22765
      vertex 84.5124 0 6.25883
      vertex 84.5124 0.61 6.25883
    endloop
  endfacet
  facet normal -0.641357 0 0.767242
    outer loop
      vertex 84.5124 0 6.25883
      vertex 84.4751 0.61 6.22765
      vertex 84.4751 0 6.22765
    endloop
  endfacet
  facet normal -0.634957 0 0.772548
    outer loop
      vertex 84.5124 0.61 6.25883
      vertex 84.5503 0 6.28998
      vertex 84.5503 0.61 6.28998
    endloop
  endfacet
  facet normal -0.634957 0 0.772548
    outer loop
      vertex 84.5503 0 6.28998
      vertex 84.5124 0.61 6.25883
      vertex 84.5124 0 6.25883
    endloop
  endfacet
  facet normal -0.628384 0 0.777903
    outer loop
      vertex 84.5503 0.61 6.28998
      vertex 84.5888 0 6.32108
      vertex 84.5888 0.61 6.32108
    endloop
  endfacet
  facet normal -0.628384 0 0.777903
    outer loop
      vertex 84.5888 0 6.32108
      vertex 84.5503 0.61 6.28998
      vertex 84.5503 0 6.28998
    endloop
  endfacet
  facet normal -0.62429 0 0.781193
    outer loop
      vertex 84.5888 0.61 6.32108
      vertex 84.7063 0 6.41498
      vertex 84.7063 0.61 6.41498
    endloop
  endfacet
  facet normal -0.62429 0 0.781193
    outer loop
      vertex 84.7063 0 6.41498
      vertex 84.5888 0.61 6.32108
      vertex 84.5888 0 6.32108
    endloop
  endfacet
  facet normal -0.623194 0 0.782067
    outer loop
      vertex 84.7063 0.61 6.41498
      vertex 84.7858 0 6.47833
      vertex 84.7858 0.61 6.47833
    endloop
  endfacet
  facet normal -0.623194 0 0.782067
    outer loop
      vertex 84.7858 0 6.47833
      vertex 84.7063 0.61 6.41498
      vertex 84.7063 0 6.41498
    endloop
  endfacet
  facet normal -0.622616 0 0.782528
    outer loop
      vertex 84.7858 0.61 6.47833
      vertex 84.8662 0 6.5423
      vertex 84.8662 0.61 6.5423
    endloop
  endfacet
  facet normal -0.622616 0 0.782528
    outer loop
      vertex 84.8662 0 6.5423
      vertex 84.7858 0.61 6.47833
      vertex 84.7858 0 6.47833
    endloop
  endfacet
  facet normal -0.621872 0 0.783119
    outer loop
      vertex 84.8662 0.61 6.5423
      vertex 84.9475 0 6.60686
      vertex 84.9475 0.61 6.60686
    endloop
  endfacet
  facet normal -0.621872 0 0.783119
    outer loop
      vertex 84.9475 0 6.60686
      vertex 84.8662 0.61 6.5423
      vertex 84.8662 0 6.5423
    endloop
  endfacet
  facet normal -0.62126 0 0.783605
    outer loop
      vertex 84.9475 0.61 6.60686
      vertex 85.0297 0 6.67203
      vertex 85.0297 0.61 6.67203
    endloop
  endfacet
  facet normal -0.62126 0 0.783605
    outer loop
      vertex 85.0297 0 6.67203
      vertex 84.9475 0.61 6.60686
      vertex 84.9475 0 6.60686
    endloop
  endfacet
  facet normal -0.626317 0 0.779569
    outer loop
      vertex 85.0297 0.61 6.67203
      vertex 85.0707 0 6.70497
      vertex 85.0707 0.61 6.70497
    endloop
  endfacet
  facet normal -0.626317 0 0.779569
    outer loop
      vertex 85.0707 0 6.70497
      vertex 85.0297 0.61 6.67203
      vertex 85.0297 0 6.67203
    endloop
  endfacet
  facet normal -0.637064 0 0.770811
    outer loop
      vertex 85.0707 0.61 6.70497
      vertex 85.1111 0 6.73836
      vertex 85.1111 0.61 6.73836
    endloop
  endfacet
  facet normal -0.637064 0 0.770811
    outer loop
      vertex 85.1111 0 6.73836
      vertex 85.0707 0.61 6.70497
      vertex 85.0707 0 6.70497
    endloop
  endfacet
  facet normal -0.649208 0 0.760611
    outer loop
      vertex 85.1111 0.61 6.73836
      vertex 85.1507 0 6.77216
      vertex 85.1507 0.61 6.77216
    endloop
  endfacet
  facet normal -0.649208 0 0.760611
    outer loop
      vertex 85.1507 0 6.77216
      vertex 85.1111 0.61 6.73836
      vertex 85.1111 0 6.73836
    endloop
  endfacet
  facet normal -0.660715 0 0.750637
    outer loop
      vertex 85.1507 0.61 6.77216
      vertex 85.1896 0 6.8064
      vertex 85.1896 0.61 6.8064
    endloop
  endfacet
  facet normal -0.660715 0 0.750637
    outer loop
      vertex 85.1896 0 6.8064
      vertex 85.1507 0.61 6.77216
      vertex 85.1507 0 6.77216
    endloop
  endfacet
  facet normal -0.670994 0 0.741462
    outer loop
      vertex 85.1896 0.61 6.8064
      vertex 85.2279 0 6.84106
      vertex 85.2279 0.61 6.84106
    endloop
  endfacet
  facet normal -0.670994 0 0.741462
    outer loop
      vertex 85.2279 0 6.84106
      vertex 85.1896 0.61 6.8064
      vertex 85.1896 0 6.8064
    endloop
  endfacet
  facet normal -0.68218 0 0.731185
    outer loop
      vertex 85.2279 0.61 6.84106
      vertex 85.2655 0 6.87614
      vertex 85.2655 0.61 6.87614
    endloop
  endfacet
  facet normal -0.68218 0 0.731185
    outer loop
      vertex 85.2655 0 6.87614
      vertex 85.2279 0.61 6.84106
      vertex 85.2279 0 6.84106
    endloop
  endfacet
  facet normal -0.693608 0 0.720353
    outer loop
      vertex 85.2655 0.61 6.87614
      vertex 85.3024 0 6.91167
      vertex 85.3024 0.61 6.91167
    endloop
  endfacet
  facet normal -0.693608 0 0.720353
    outer loop
      vertex 85.3024 0 6.91167
      vertex 85.2655 0.61 6.87614
      vertex 85.2655 0 6.87614
    endloop
  endfacet
  facet normal -0.704652 0 0.709553
    outer loop
      vertex 85.3024 0.61 6.91167
      vertex 85.3386 0 6.94762
      vertex 85.3386 0.61 6.94762
    endloop
  endfacet
  facet normal -0.704652 0 0.709553
    outer loop
      vertex 85.3386 0 6.94762
      vertex 85.3024 0.61 6.91167
      vertex 85.3024 0 6.91167
    endloop
  endfacet
  facet normal -0.714631 0 0.699501
    outer loop
      vertex 85.3386 0 6.94762
      vertex 85.3742 0.61 6.98399
      vertex 85.3386 0.61 6.94762
    endloop
  endfacet
  facet normal -0.714631 0 0.699501
    outer loop
      vertex 85.3742 0.61 6.98399
      vertex 85.3386 0 6.94762
      vertex 85.3742 0 6.98399
    endloop
  endfacet
  facet normal -0.725497 0 0.688226
    outer loop
      vertex 85.3742 0 6.98399
      vertex 85.4091 0.61 7.02078
      vertex 85.3742 0.61 6.98399
    endloop
  endfacet
  facet normal -0.725497 0 0.688226
    outer loop
      vertex 85.4091 0.61 7.02078
      vertex 85.3742 0 6.98399
      vertex 85.4091 0 7.02078
    endloop
  endfacet
  facet normal -0.736439 0 0.676504
    outer loop
      vertex 85.4091 0 7.02078
      vertex 85.4433 0.61 7.05801
      vertex 85.4091 0.61 7.02078
    endloop
  endfacet
  facet normal -0.736439 0 0.676504
    outer loop
      vertex 85.4433 0.61 7.05801
      vertex 85.4091 0 7.02078
      vertex 85.4433 0 7.05801
    endloop
  endfacet
  facet normal -0.751171 0 0.660108
    outer loop
      vertex 85.4433 0 7.05801
      vertex 85.4765 0.61 7.09579
      vertex 85.4433 0.61 7.05801
    endloop
  endfacet
  facet normal -0.751171 0 0.660108
    outer loop
      vertex 85.4765 0.61 7.09579
      vertex 85.4433 0 7.05801
      vertex 85.4765 0 7.09579
    endloop
  endfacet
  facet normal -0.766255 0 0.642537
    outer loop
      vertex 85.4765 0 7.09579
      vertex 85.5087 0.61 7.13419
      vertex 85.4765 0.61 7.09579
    endloop
  endfacet
  facet normal -0.766255 0 0.642537
    outer loop
      vertex 85.5087 0.61 7.13419
      vertex 85.4765 0 7.09579
      vertex 85.5087 0 7.13419
    endloop
  endfacet
  facet normal -0.782079 0 0.623179
    outer loop
      vertex 85.5087 0 7.13419
      vertex 85.5398 0.61 7.17322
      vertex 85.5087 0.61 7.13419
    endloop
  endfacet
  facet normal -0.782079 0 0.623179
    outer loop
      vertex 85.5398 0.61 7.17322
      vertex 85.5087 0 7.13419
      vertex 85.5398 0 7.17322
    endloop
  endfacet
  facet normal -0.798573 0 0.601899
    outer loop
      vertex 85.5398 0 7.17322
      vertex 85.5697 0.61 7.21289
      vertex 85.5398 0.61 7.17322
    endloop
  endfacet
  facet normal -0.798573 0 0.601899
    outer loop
      vertex 85.5697 0.61 7.21289
      vertex 85.5398 0 7.17322
      vertex 85.5697 0 7.21289
    endloop
  endfacet
  facet normal -0.812505 0 0.582954
    outer loop
      vertex 85.5697 0 7.21289
      vertex 85.5986 0.61 7.25317
      vertex 85.5697 0.61 7.21289
    endloop
  endfacet
  facet normal -0.812505 0 0.582954
    outer loop
      vertex 85.5986 0.61 7.25317
      vertex 85.5697 0 7.21289
      vertex 85.5986 0 7.25317
    endloop
  endfacet
  facet normal -0.82817 0 0.560477
    outer loop
      vertex 85.5986 0 7.25317
      vertex 85.6263 0.61 7.2941
      vertex 85.5986 0.61 7.25317
    endloop
  endfacet
  facet normal -0.82817 0 0.560477
    outer loop
      vertex 85.6263 0.61 7.2941
      vertex 85.5986 0 7.25317
      vertex 85.6263 0 7.2941
    endloop
  endfacet
  facet normal -0.841277 0 0.540604
    outer loop
      vertex 85.6263 0 7.2941
      vertex 85.653 0.61 7.33565
      vertex 85.6263 0.61 7.2941
    endloop
  endfacet
  facet normal -0.841277 0 0.540604
    outer loop
      vertex 85.653 0.61 7.33565
      vertex 85.6263 0 7.2941
      vertex 85.653 0 7.33565
    endloop
  endfacet
  facet normal -0.855824 0 0.517267
    outer loop
      vertex 85.653 0 7.33565
      vertex 85.6785 0.61 7.37784
      vertex 85.653 0.61 7.33565
    endloop
  endfacet
  facet normal -0.855824 0 0.517267
    outer loop
      vertex 85.6785 0.61 7.37784
      vertex 85.653 0 7.33565
      vertex 85.6785 0 7.37784
    endloop
  endfacet
  facet normal -0.868742 0 0.495264
    outer loop
      vertex 85.6785 0 7.37784
      vertex 85.7029 0.61 7.42064
      vertex 85.6785 0.61 7.37784
    endloop
  endfacet
  facet normal -0.868742 0 0.495264
    outer loop
      vertex 85.7029 0.61 7.42064
      vertex 85.6785 0 7.37784
      vertex 85.7029 0 7.42064
    endloop
  endfacet
  facet normal -0.881239 0 0.472672
    outer loop
      vertex 85.7029 0 7.42064
      vertex 85.7262 0.61 7.46408
      vertex 85.7029 0.61 7.42064
    endloop
  endfacet
  facet normal -0.881239 0 0.472672
    outer loop
      vertex 85.7262 0.61 7.46408
      vertex 85.7029 0 7.42064
      vertex 85.7262 0 7.46408
    endloop
  endfacet
  facet normal -0.893086 0 0.449887
    outer loop
      vertex 85.7262 0 7.46408
      vertex 85.7484 0.61 7.50815
      vertex 85.7262 0.61 7.46408
    endloop
  endfacet
  facet normal -0.893086 0 0.449887
    outer loop
      vertex 85.7484 0.61 7.50815
      vertex 85.7262 0 7.46408
      vertex 85.7484 0 7.50815
    endloop
  endfacet
  facet normal -0.908799 0 0.417233
    outer loop
      vertex 85.7484 0 7.50815
      vertex 85.769 0.61 7.55302
      vertex 85.7484 0.61 7.50815
    endloop
  endfacet
  facet normal -0.908799 0 0.417233
    outer loop
      vertex 85.769 0.61 7.55302
      vertex 85.7484 0 7.50815
      vertex 85.769 0 7.55302
    endloop
  endfacet
  facet normal -0.925891 0 0.377791
    outer loop
      vertex 85.769 0 7.55302
      vertex 85.7877 0.61 7.59885
      vertex 85.769 0.61 7.55302
    endloop
  endfacet
  facet normal -0.925891 0 0.377791
    outer loop
      vertex 85.7877 0.61 7.59885
      vertex 85.769 0 7.55302
      vertex 85.7877 0 7.59885
    endloop
  endfacet
  facet normal -0.941149 0 0.337993
    outer loop
      vertex 85.7877 0 7.59885
      vertex 85.8045 0.61 7.64563
      vertex 85.7877 0.61 7.59885
    endloop
  endfacet
  facet normal -0.941149 0 0.337993
    outer loop
      vertex 85.8045 0.61 7.64563
      vertex 85.7877 0 7.59885
      vertex 85.8045 0 7.64563
    endloop
  endfacet
  facet normal -0.955701 0 0.294339
    outer loop
      vertex 85.8045 0 7.64563
      vertex 85.8192 0.61 7.69336
      vertex 85.8045 0.61 7.64563
    endloop
  endfacet
  facet normal -0.955701 0 0.294339
    outer loop
      vertex 85.8192 0.61 7.69336
      vertex 85.8045 0 7.64563
      vertex 85.8192 0 7.69336
    endloop
  endfacet
  facet normal -0.967164 0 0.254151
    outer loop
      vertex 85.8192 0 7.69336
      vertex 85.832 0.61 7.74207
      vertex 85.8192 0.61 7.69336
    endloop
  endfacet
  facet normal -0.967164 0 0.254151
    outer loop
      vertex 85.832 0.61 7.74207
      vertex 85.8192 0 7.69336
      vertex 85.832 0 7.74207
    endloop
  endfacet
  facet normal -0.97715 0 0.212552
    outer loop
      vertex 85.832 0 7.74207
      vertex 85.8428 0.61 7.79172
      vertex 85.832 0.61 7.74207
    endloop
  endfacet
  facet normal -0.97715 0 0.212552
    outer loop
      vertex 85.8428 0.61 7.79172
      vertex 85.832 0 7.74207
      vertex 85.8428 0 7.79172
    endloop
  endfacet
  facet normal -0.984887 0 0.173197
    outer loop
      vertex 85.8428 0 7.79172
      vertex 85.8517 0.61 7.84233
      vertex 85.8428 0.61 7.79172
    endloop
  endfacet
  facet normal -0.984887 0 0.173197
    outer loop
      vertex 85.8517 0.61 7.84233
      vertex 85.8428 0 7.79172
      vertex 85.8517 0 7.84233
    endloop
  endfacet
  facet normal -0.991171 0 0.132592
    outer loop
      vertex 85.8517 0 7.84233
      vertex 85.8586 0.61 7.89391
      vertex 85.8517 0.61 7.84233
    endloop
  endfacet
  facet normal -0.991171 0 0.132592
    outer loop
      vertex 85.8586 0.61 7.89391
      vertex 85.8517 0 7.84233
      vertex 85.8586 0 7.89391
    endloop
  endfacet
  facet normal -0.995676 0 0.0928944
    outer loop
      vertex 85.8586 0 7.89391
      vertex 85.8635 0.61 7.94643
      vertex 85.8586 0.61 7.89391
    endloop
  endfacet
  facet normal -0.995676 0 0.0928944
    outer loop
      vertex 85.8635 0.61 7.94643
      vertex 85.8586 0 7.89391
      vertex 85.8635 0 7.94643
    endloop
  endfacet
  facet normal -0.998534 0 0.0541362
    outer loop
      vertex 85.8635 0 7.94643
      vertex 85.8664 0.61 7.99992
      vertex 85.8635 0.61 7.94643
    endloop
  endfacet
  facet normal -0.998534 0 0.0541362
    outer loop
      vertex 85.8664 0.61 7.99992
      vertex 85.8635 0 7.94643
      vertex 85.8664 0 7.99992
    endloop
  endfacet
  facet normal -0.999831 0 0.0183624
    outer loop
      vertex 85.8664 0 7.99992
      vertex 85.8674 0.61 8.05437
      vertex 85.8664 0.61 7.99992
    endloop
  endfacet
  facet normal -0.999831 0 0.0183624
    outer loop
      vertex 85.8674 0.61 8.05437
      vertex 85.8664 0 7.99992
      vertex 85.8674 0 8.05437
    endloop
  endfacet
  facet normal -0.99954 0 -0.0303217
    outer loop
      vertex 85.8674 0 8.05437
      vertex 85.8643 0.61 8.15656
      vertex 85.8674 0.61 8.05437
    endloop
  endfacet
  facet normal -0.99954 -0 -0.0303217
    outer loop
      vertex 85.8643 0.61 8.15656
      vertex 85.8674 0 8.05437
      vertex 85.8643 0 8.15656
    endloop
  endfacet
  facet normal -0.995619 0 -0.0935044
    outer loop
      vertex 85.8643 0 8.15656
      vertex 85.8551 0.61 8.25452
      vertex 85.8643 0.61 8.15656
    endloop
  endfacet
  facet normal -0.995619 -0 -0.0935044
    outer loop
      vertex 85.8551 0.61 8.25452
      vertex 85.8643 0 8.15656
      vertex 85.8551 0 8.25452
    endloop
  endfacet
  facet normal -0.986761 0 -0.162179
    outer loop
      vertex 85.8551 0 8.25452
      vertex 85.8397 0.61 8.34822
      vertex 85.8551 0.61 8.25452
    endloop
  endfacet
  facet normal -0.986761 -0 -0.162179
    outer loop
      vertex 85.8397 0.61 8.34822
      vertex 85.8551 0 8.25452
      vertex 85.8397 0 8.34822
    endloop
  endfacet
  facet normal -0.972326 0 -0.233628
    outer loop
      vertex 85.8397 0 8.34822
      vertex 85.8182 0.61 8.4377
      vertex 85.8397 0.61 8.34822
    endloop
  endfacet
  facet normal -0.972326 -0 -0.233628
    outer loop
      vertex 85.8182 0.61 8.4377
      vertex 85.8397 0 8.34822
      vertex 85.8182 0 8.4377
    endloop
  endfacet
  facet normal -0.951055 0 -0.309023
    outer loop
      vertex 85.8182 0 8.4377
      vertex 85.7905 0.61 8.52295
      vertex 85.8182 0.61 8.4377
    endloop
  endfacet
  facet normal -0.951055 -0 -0.309023
    outer loop
      vertex 85.7905 0.61 8.52295
      vertex 85.8182 0 8.4377
      vertex 85.7905 0 8.52295
    endloop
  endfacet
  facet normal -0.922891 0 -0.38506
    outer loop
      vertex 85.7905 0 8.52295
      vertex 85.7567 0.61 8.60396
      vertex 85.7905 0.61 8.52295
    endloop
  endfacet
  facet normal -0.922891 -0 -0.38506
    outer loop
      vertex 85.7567 0.61 8.60396
      vertex 85.7905 0 8.52295
      vertex 85.7567 0 8.60396
    endloop
  endfacet
  facet normal -0.88684 0 -0.462076
    outer loop
      vertex 85.7567 0 8.60396
      vertex 85.7167 0.61 8.68073
      vertex 85.7567 0.61 8.60396
    endloop
  endfacet
  facet normal -0.88684 -0 -0.462076
    outer loop
      vertex 85.7167 0.61 8.68073
      vertex 85.7567 0 8.60396
      vertex 85.7167 0 8.68073
    endloop
  endfacet
  facet normal -0.843393 0 -0.537297
    outer loop
      vertex 85.7167 0 8.68073
      vertex 85.6705 0.61 8.75325
      vertex 85.7167 0.61 8.68073
    endloop
  endfacet
  facet normal -0.843393 -0 -0.537297
    outer loop
      vertex 85.6705 0.61 8.75325
      vertex 85.7167 0 8.68073
      vertex 85.6705 0 8.75325
    endloop
  endfacet
  facet normal -0.793876 0 -0.60808
    outer loop
      vertex 85.6705 0 8.75325
      vertex 85.6182 0.61 8.82153
      vertex 85.6705 0.61 8.75325
    endloop
  endfacet
  facet normal -0.793876 -0 -0.60808
    outer loop
      vertex 85.6182 0.61 8.82153
      vertex 85.6705 0 8.75325
      vertex 85.6182 0 8.82153
    endloop
  endfacet
  facet normal -0.738426 0 -0.674335
    outer loop
      vertex 85.6182 0 8.82153
      vertex 85.5597 0.61 8.88559
      vertex 85.6182 0.61 8.82153
    endloop
  endfacet
  facet normal -0.738426 -0 -0.674335
    outer loop
      vertex 85.5597 0.61 8.88559
      vertex 85.6182 0 8.82153
      vertex 85.5597 0 8.88559
    endloop
  endfacet
  facet normal -0.679379 0 -0.733788
    outer loop
      vertex 85.4951 0 8.9454
      vertex 85.5597 0.61 8.88559
      vertex 85.5597 0 8.88559
    endloop
  endfacet
  facet normal -0.679379 0 -0.733788
    outer loop
      vertex 85.5597 0.61 8.88559
      vertex 85.4951 0 8.9454
      vertex 85.4951 0.61 8.9454
    endloop
  endfacet
  facet normal -0.616812 0 -0.78711
    outer loop
      vertex 85.4248 0 9.00049
      vertex 85.4951 0.61 8.9454
      vertex 85.4951 0 8.9454
    endloop
  endfacet
  facet normal -0.616812 0 -0.78711
    outer loop
      vertex 85.4951 0.61 8.9454
      vertex 85.4248 0 9.00049
      vertex 85.4248 0.61 9.00049
    endloop
  endfacet
  facet normal -0.549827 0 -0.835278
    outer loop
      vertex 85.3491 0 9.05032
      vertex 85.4248 0.61 9.00049
      vertex 85.4248 0 9.00049
    endloop
  endfacet
  facet normal -0.549827 0 -0.835278
    outer loop
      vertex 85.4248 0.61 9.00049
      vertex 85.3491 0 9.05032
      vertex 85.3491 0.61 9.05032
    endloop
  endfacet
  facet normal -0.481877 0 -0.876239
    outer loop
      vertex 85.268 0 9.09492
      vertex 85.3491 0.61 9.05032
      vertex 85.3491 0 9.05032
    endloop
  endfacet
  facet normal -0.481877 0 -0.876239
    outer loop
      vertex 85.3491 0.61 9.05032
      vertex 85.268 0 9.09492
      vertex 85.268 0.61 9.09492
    endloop
  endfacet
  facet normal -0.41439 0 -0.910099
    outer loop
      vertex 85.1816 0 9.13426
      vertex 85.268 0.61 9.09492
      vertex 85.268 0 9.09492
    endloop
  endfacet
  facet normal -0.41439 0 -0.910099
    outer loop
      vertex 85.268 0.61 9.09492
      vertex 85.1816 0 9.13426
      vertex 85.1816 0.61 9.13426
    endloop
  endfacet
  facet normal -0.348302 0 -0.937382
    outer loop
      vertex 85.0898 0 9.16837
      vertex 85.1816 0.61 9.13426
      vertex 85.1816 0 9.13426
    endloop
  endfacet
  facet normal -0.348302 0 -0.937382
    outer loop
      vertex 85.1816 0.61 9.13426
      vertex 85.0898 0 9.16837
      vertex 85.0898 0.61 9.16837
    endloop
  endfacet
  facet normal -0.285081 0 -0.958504
    outer loop
      vertex 84.9928 0 9.19722
      vertex 85.0898 0.61 9.16837
      vertex 85.0898 0 9.16837
    endloop
  endfacet
  facet normal -0.285081 0 -0.958504
    outer loop
      vertex 85.0898 0.61 9.16837
      vertex 84.9928 0 9.19722
      vertex 84.9928 0.61 9.19722
    endloop
  endfacet
  facet normal -0.224464 0 -0.974482
    outer loop
      vertex 84.8903 0 9.22083
      vertex 84.9928 0.61 9.19722
      vertex 84.9928 0 9.19722
    endloop
  endfacet
  facet normal -0.224464 0 -0.974482
    outer loop
      vertex 84.9928 0.61 9.19722
      vertex 84.8903 0 9.22083
      vertex 84.8903 0.61 9.22083
    endloop
  endfacet
  facet normal -0.167809 0 -0.98582
    outer loop
      vertex 84.7825 0 9.23918
      vertex 84.8903 0.61 9.22083
      vertex 84.8903 0 9.22083
    endloop
  endfacet
  facet normal -0.167809 0 -0.98582
    outer loop
      vertex 84.8903 0.61 9.22083
      vertex 84.7825 0 9.23918
      vertex 84.7825 0.61 9.23918
    endloop
  endfacet
  facet normal -0.115231 0 -0.993339
    outer loop
      vertex 84.6694 0 9.2523
      vertex 84.7825 0.61 9.23918
      vertex 84.7825 0 9.23918
    endloop
  endfacet
  facet normal -0.115231 0 -0.993339
    outer loop
      vertex 84.7825 0.61 9.23918
      vertex 84.6694 0 9.2523
      vertex 84.6694 0.61 9.2523
    endloop
  endfacet
  facet normal -0.0663514 0 -0.997796
    outer loop
      vertex 84.5509 0 9.26018
      vertex 84.6694 0.61 9.2523
      vertex 84.6694 0 9.2523
    endloop
  endfacet
  facet normal -0.0663514 0 -0.997796
    outer loop
      vertex 84.6694 0.61 9.2523
      vertex 84.5509 0 9.26018
      vertex 84.5509 0.61 9.26018
    endloop
  endfacet
  facet normal -0.0211414 0 -0.999776
    outer loop
      vertex 84.427 0 9.2628
      vertex 84.5509 0.61 9.26018
      vertex 84.5509 0 9.26018
    endloop
  endfacet
  facet normal -0.0211414 0 -0.999776
    outer loop
      vertex 84.5509 0.61 9.26018
      vertex 84.427 0 9.2628
      vertex 84.427 0.61 9.2628
    endloop
  endfacet
  facet normal 0.0227293 0 -0.999742
    outer loop
      vertex 84.3122 0 9.26019
      vertex 84.427 0.61 9.2628
      vertex 84.427 0 9.2628
    endloop
  endfacet
  facet normal 0.0227293 0 -0.999742
    outer loop
      vertex 84.427 0.61 9.2628
      vertex 84.3122 0 9.26019
      vertex 84.3122 0.61 9.26019
    endloop
  endfacet
  facet normal 0.0703601 0 -0.997522
    outer loop
      vertex 84.2019 0 9.25241
      vertex 84.3122 0.61 9.26019
      vertex 84.3122 0 9.26019
    endloop
  endfacet
  facet normal 0.0703601 0 -0.997522
    outer loop
      vertex 84.3122 0.61 9.26019
      vertex 84.2019 0 9.25241
      vertex 84.2019 0.61 9.25241
    endloop
  endfacet
  facet normal 0.121729 0 -0.992563
    outer loop
      vertex 84.0959 0 9.23941
      vertex 84.2019 0.61 9.25241
      vertex 84.2019 0 9.25241
    endloop
  endfacet
  facet normal 0.121729 0 -0.992563
    outer loop
      vertex 84.2019 0.61 9.25241
      vertex 84.0959 0 9.23941
      vertex 84.0959 0.61 9.23941
    endloop
  endfacet
  facet normal 0.176382 0 -0.984322
    outer loop
      vertex 83.9945 0 9.22124
      vertex 84.0959 0.61 9.23941
      vertex 84.0959 0 9.23941
    endloop
  endfacet
  facet normal 0.176382 0 -0.984322
    outer loop
      vertex 84.0959 0.61 9.23941
      vertex 83.9945 0 9.22124
      vertex 83.9945 0.61 9.22124
    endloop
  endfacet
  facet normal 0.234415 0 -0.972137
    outer loop
      vertex 83.8975 0 9.19785
      vertex 83.9945 0.61 9.22124
      vertex 83.9945 0 9.22124
    endloop
  endfacet
  facet normal 0.234415 0 -0.972137
    outer loop
      vertex 83.9945 0.61 9.22124
      vertex 83.8975 0 9.19785
      vertex 83.8975 0.61 9.19785
    endloop
  endfacet
  facet normal 0.295109 0 -0.955464
    outer loop
      vertex 83.805 0 9.16928
      vertex 83.8975 0.61 9.19785
      vertex 83.8975 0 9.19785
    endloop
  endfacet
  facet normal 0.295109 0 -0.955464
    outer loop
      vertex 83.8975 0.61 9.19785
      vertex 83.805 0 9.16928
      vertex 83.805 0.61 9.16928
    endloop
  endfacet
  facet normal 0.357921 0 -0.933752
    outer loop
      vertex 83.7169 0 9.13551
      vertex 83.805 0.61 9.16928
      vertex 83.805 0 9.16928
    endloop
  endfacet
  facet normal 0.357921 0 -0.933752
    outer loop
      vertex 83.805 0.61 9.16928
      vertex 83.7169 0 9.13551
      vertex 83.7169 0.61 9.13551
    endloop
  endfacet
  facet normal 0.422915 0 -0.906169
    outer loop
      vertex 83.6334 0 9.09654
      vertex 83.7169 0.61 9.13551
      vertex 83.7169 0 9.13551
    endloop
  endfacet
  facet normal 0.422915 0 -0.906169
    outer loop
      vertex 83.7169 0.61 9.13551
      vertex 83.6334 0 9.09654
      vertex 83.6334 0.61 9.09654
    endloop
  endfacet
  facet normal 0.486991 0 -0.873407
    outer loop
      vertex 83.5542 0 9.05238
      vertex 83.6334 0.61 9.09654
      vertex 83.6334 0 9.09654
    endloop
  endfacet
  facet normal 0.486991 0 -0.873407
    outer loop
      vertex 83.6334 0.61 9.09654
      vertex 83.5542 0 9.05238
      vertex 83.5542 0.61 9.05238
    endloop
  endfacet
  facet normal 0.551807 0 -0.833972
    outer loop
      vertex 83.4796 0 9.00302
      vertex 83.5542 0.61 9.05238
      vertex 83.5542 0 9.05238
    endloop
  endfacet
  facet normal 0.551807 0 -0.833972
    outer loop
      vertex 83.5542 0.61 9.05238
      vertex 83.4796 0 9.00302
      vertex 83.4796 0.61 9.00302
    endloop
  endfacet
  facet normal 0.61359 0 -0.789625
    outer loop
      vertex 83.4094 0 8.94847
      vertex 83.4796 0.61 9.00302
      vertex 83.4796 0 9.00302
    endloop
  endfacet
  facet normal 0.61359 0 -0.789625
    outer loop
      vertex 83.4796 0.61 9.00302
      vertex 83.4094 0 8.94847
      vertex 83.4094 0.61 8.94847
    endloop
  endfacet
  facet normal 0.67233 0 -0.740252
    outer loop
      vertex 83.3439 0 8.88898
      vertex 83.4094 0.61 8.94847
      vertex 83.4094 0 8.94847
    endloop
  endfacet
  facet normal 0.67233 0 -0.740252
    outer loop
      vertex 83.4094 0.61 8.94847
      vertex 83.3439 0 8.88898
      vertex 83.3439 0.61 8.88898
    endloop
  endfacet
  facet normal 0.727661 0 -0.685937
    outer loop
      vertex 83.3439 0 8.88898
      vertex 83.2834 0.61 8.8248
      vertex 83.3439 0.61 8.88898
    endloop
  endfacet
  facet normal 0.727661 0 -0.685937
    outer loop
      vertex 83.2834 0.61 8.8248
      vertex 83.3439 0 8.88898
      vertex 83.2834 0 8.8248
    endloop
  endfacet
  facet normal 0.778039 0 -0.628216
    outer loop
      vertex 83.2834 0 8.8248
      vertex 83.2278 0.61 8.75594
      vertex 83.2834 0.61 8.8248
    endloop
  endfacet
  facet normal 0.778039 0 -0.628216
    outer loop
      vertex 83.2278 0.61 8.75594
      vertex 83.2834 0 8.8248
      vertex 83.2278 0 8.75594
    endloop
  endfacet
  facet normal 0.824457 0 -0.565925
    outer loop
      vertex 83.2278 0 8.75594
      vertex 83.1773 0.61 8.68237
      vertex 83.2278 0.61 8.75594
    endloop
  endfacet
  facet normal 0.824457 0 -0.565925
    outer loop
      vertex 83.1773 0.61 8.68237
      vertex 83.2278 0 8.75594
      vertex 83.1773 0 8.68237
    endloop
  endfacet
  facet normal 0.864027 0 -0.503445
    outer loop
      vertex 83.1773 0 8.68237
      vertex 83.1317 0.61 8.60411
      vertex 83.1773 0.61 8.68237
    endloop
  endfacet
  facet normal 0.864027 0 -0.503445
    outer loop
      vertex 83.1317 0.61 8.60411
      vertex 83.1773 0 8.68237
      vertex 83.1317 0 8.60411
    endloop
  endfacet
  facet normal 0.897757 0 -0.440491
    outer loop
      vertex 83.1317 0 8.60411
      vertex 83.091 0.61 8.52116
      vertex 83.1317 0.61 8.60411
    endloop
  endfacet
  facet normal 0.897757 0 -0.440491
    outer loop
      vertex 83.091 0.61 8.52116
      vertex 83.1317 0 8.60411
      vertex 83.091 0 8.52116
    endloop
  endfacet
  facet normal 0.926096 0 -0.377287
    outer loop
      vertex 83.091 0 8.52116
      vertex 83.0553 0.61 8.43353
      vertex 83.091 0.61 8.52116
    endloop
  endfacet
  facet normal 0.926096 0 -0.377287
    outer loop
      vertex 83.0553 0.61 8.43353
      vertex 83.091 0 8.52116
      vertex 83.0553 0 8.43353
    endloop
  endfacet
  facet normal 0.948919 0 -0.315519
    outer loop
      vertex 83.0553 0 8.43353
      vertex 83.0246 0.61 8.3412
      vertex 83.0553 0.61 8.43353
    endloop
  endfacet
  facet normal 0.948919 0 -0.315519
    outer loop
      vertex 83.0246 0.61 8.3412
      vertex 83.0553 0 8.43353
      vertex 83.0246 0 8.3412
    endloop
  endfacet
  facet normal 0.966667 0 -0.256038
    outer loop
      vertex 83.0246 0 8.3412
      vertex 82.9989 0.61 8.24417
      vertex 83.0246 0.61 8.3412
    endloop
  endfacet
  facet normal 0.966667 0 -0.256038
    outer loop
      vertex 82.9989 0.61 8.24417
      vertex 83.0246 0 8.3412
      vertex 82.9989 0 8.24417
    endloop
  endfacet
  facet normal 0.979723 0 -0.200356
    outer loop
      vertex 82.9989 0 8.24417
      vertex 82.9781 0.61 8.14246
      vertex 82.9989 0.61 8.24417
    endloop
  endfacet
  facet normal 0.979723 0 -0.200356
    outer loop
      vertex 82.9781 0.61 8.14246
      vertex 82.9989 0 8.24417
      vertex 82.9781 0 8.14246
    endloop
  endfacet
  facet normal 0.989153 0 -0.146886
    outer loop
      vertex 82.9781 0 8.14246
      vertex 82.9623 0.61 8.03606
      vertex 82.9781 0.61 8.14246
    endloop
  endfacet
  facet normal 0.989153 0 -0.146886
    outer loop
      vertex 82.9623 0.61 8.03606
      vertex 82.9781 0 8.14246
      vertex 82.9623 0 8.03606
    endloop
  endfacet
  facet normal 0.0564522 0 0.998405
    outer loop
      vertex 82.9623 0.61 8.03606
      vertex 83.8259 0 7.98723
      vertex 83.8259 0.61 7.98723
    endloop
  endfacet
  facet normal 0.0564522 0 0.998405
    outer loop
      vertex 83.8259 0 7.98723
      vertex 82.9623 0.61 8.03606
      vertex 82.9623 0 8.03606
    endloop
  endfacet
  facet normal -0.986896 0 0.161356
    outer loop
      vertex 83.8259 0 7.98723
      vertex 83.8345 0.61 8.03983
      vertex 83.8259 0.61 7.98723
    endloop
  endfacet
  facet normal -0.986896 0 0.161356
    outer loop
      vertex 83.8345 0.61 8.03983
      vertex 83.8259 0 7.98723
      vertex 83.8345 0 8.03983
    endloop
  endfacet
  facet normal -0.979545 0 0.201223
    outer loop
      vertex 83.8345 0 8.03983
      vertex 83.8448 0.61 8.08997
      vertex 83.8345 0.61 8.03983
    endloop
  endfacet
  facet normal -0.979545 0 0.201223
    outer loop
      vertex 83.8448 0.61 8.08997
      vertex 83.8345 0 8.03983
      vertex 83.8448 0 8.08997
    endloop
  endfacet
  facet normal -0.969795 0 0.243922
    outer loop
      vertex 83.8448 0 8.08997
      vertex 83.8568 0.61 8.13768
      vertex 83.8448 0.61 8.08997
    endloop
  endfacet
  facet normal -0.969795 0 0.243922
    outer loop
      vertex 83.8568 0.61 8.13768
      vertex 83.8448 0 8.08997
      vertex 83.8568 0 8.13768
    endloop
  endfacet
  facet normal -0.957113 0 0.289714
    outer loop
      vertex 83.8568 0 8.13768
      vertex 83.8705 0.61 8.18294
      vertex 83.8568 0.61 8.13768
    endloop
  endfacet
  facet normal -0.957113 0 0.289714
    outer loop
      vertex 83.8705 0.61 8.18294
      vertex 83.8568 0 8.13768
      vertex 83.8705 0 8.18294
    endloop
  endfacet
  facet normal -0.940943 0 0.338564
    outer loop
      vertex 83.8705 0 8.18294
      vertex 83.8859 0.61 8.22574
      vertex 83.8705 0.61 8.18294
    endloop
  endfacet
  facet normal -0.940943 0 0.338564
    outer loop
      vertex 83.8859 0.61 8.22574
      vertex 83.8705 0 8.18294
      vertex 83.8859 0 8.22574
    endloop
  endfacet
  facet normal -0.921618 0 0.388098
    outer loop
      vertex 83.8859 0 8.22574
      vertex 83.9029 0.61 8.26611
      vertex 83.8859 0.61 8.22574
    endloop
  endfacet
  facet normal -0.921618 0 0.388098
    outer loop
      vertex 83.9029 0.61 8.26611
      vertex 83.8859 0 8.22574
      vertex 83.9029 0 8.26611
    endloop
  endfacet
  facet normal -0.895934 0 0.444187
    outer loop
      vertex 83.9029 0 8.26611
      vertex 83.9217 0.61 8.30403
      vertex 83.9029 0.61 8.26611
    endloop
  endfacet
  facet normal -0.895934 0 0.444187
    outer loop
      vertex 83.9217 0.61 8.30403
      vertex 83.9029 0 8.26611
      vertex 83.9217 0 8.30403
    endloop
  endfacet
  facet normal -0.866917 0 0.498453
    outer loop
      vertex 83.9217 0 8.30403
      vertex 83.9421 0.61 8.33951
      vertex 83.9217 0.61 8.30403
    endloop
  endfacet
  facet normal -0.866917 0 0.498453
    outer loop
      vertex 83.9421 0.61 8.33951
      vertex 83.9217 0 8.30403
      vertex 83.9421 0 8.33951
    endloop
  endfacet
  facet normal -0.829879 0 0.557944
    outer loop
      vertex 83.9421 0 8.33951
      vertex 83.9643 0.61 8.37253
      vertex 83.9421 0.61 8.33951
    endloop
  endfacet
  facet normal -0.829879 0 0.557944
    outer loop
      vertex 83.9643 0.61 8.37253
      vertex 83.9421 0 8.33951
      vertex 83.9643 0 8.37253
    endloop
  endfacet
  facet normal -0.789158 0 0.614191
    outer loop
      vertex 83.9643 0 8.37253
      vertex 83.9881 0.61 8.40311
      vertex 83.9643 0.61 8.37253
    endloop
  endfacet
  facet normal -0.789158 0 0.614191
    outer loop
      vertex 83.9881 0.61 8.40311
      vertex 83.9643 0 8.37253
      vertex 83.9881 0 8.40311
    endloop
  endfacet
  facet normal -0.740893 0 0.671623
    outer loop
      vertex 83.9881 0 8.40311
      vertex 84.0136 0.61 8.43124
      vertex 83.9881 0.61 8.40311
    endloop
  endfacet
  facet normal -0.740893 0 0.671623
    outer loop
      vertex 84.0136 0.61 8.43124
      vertex 83.9881 0 8.40311
      vertex 84.0136 0 8.43124
    endloop
  endfacet
  facet normal -0.683835 0 0.729637
    outer loop
      vertex 84.0136 0.61 8.43124
      vertex 84.041 0 8.45692
      vertex 84.041 0.61 8.45692
    endloop
  endfacet
  facet normal -0.683835 0 0.729637
    outer loop
      vertex 84.041 0 8.45692
      vertex 84.0136 0.61 8.43124
      vertex 84.0136 0 8.43124
    endloop
  endfacet
  facet normal -0.61754 0 0.78654
    outer loop
      vertex 84.041 0.61 8.45692
      vertex 84.0706 0 8.48016
      vertex 84.0706 0.61 8.48016
    endloop
  endfacet
  facet normal -0.61754 0 0.78654
    outer loop
      vertex 84.0706 0 8.48016
      vertex 84.041 0.61 8.45692
      vertex 84.041 0 8.45692
    endloop
  endfacet
  facet normal -0.548599 0 0.836086
    outer loop
      vertex 84.0706 0.61 8.48016
      vertex 84.1023 0 8.50096
      vertex 84.1023 0.61 8.50096
    endloop
  endfacet
  facet normal -0.548599 0 0.836086
    outer loop
      vertex 84.1023 0 8.50096
      vertex 84.0706 0.61 8.48016
      vertex 84.0706 0 8.48016
    endloop
  endfacet
  facet normal -0.475832 0 0.879536
    outer loop
      vertex 84.1023 0.61 8.50096
      vertex 84.1362 0 8.5193
      vertex 84.1362 0.61 8.5193
    endloop
  endfacet
  facet normal -0.475832 0 0.879536
    outer loop
      vertex 84.1362 0 8.5193
      vertex 84.1023 0.61 8.50096
      vertex 84.1023 0 8.50096
    endloop
  endfacet
  facet normal -0.404441 0 0.914564
    outer loop
      vertex 84.1362 0.61 8.5193
      vertex 84.1722 0 8.53522
      vertex 84.1722 0.61 8.53522
    endloop
  endfacet
  facet normal -0.404441 0 0.914564
    outer loop
      vertex 84.1722 0 8.53522
      vertex 84.1362 0.61 8.5193
      vertex 84.1362 0 8.5193
    endloop
  endfacet
  facet normal -0.332665 0 0.943045
    outer loop
      vertex 84.1722 0.61 8.53522
      vertex 84.2103 0 8.54866
      vertex 84.2103 0.61 8.54866
    endloop
  endfacet
  facet normal -0.332665 0 0.943045
    outer loop
      vertex 84.2103 0 8.54866
      vertex 84.1722 0.61 8.53522
      vertex 84.1722 0 8.53522
    endloop
  endfacet
  facet normal -0.263765 0 0.964587
    outer loop
      vertex 84.2103 0.61 8.54866
      vertex 84.2506 0 8.55968
      vertex 84.2506 0.61 8.55968
    endloop
  endfacet
  facet normal -0.263765 0 0.964587
    outer loop
      vertex 84.2506 0 8.55968
      vertex 84.2103 0.61 8.54866
      vertex 84.2103 0 8.54866
    endloop
  endfacet
  facet normal -0.197894 0 0.980223
    outer loop
      vertex 84.2506 0.61 8.55968
      vertex 84.293 0 8.56824
      vertex 84.293 0.61 8.56824
    endloop
  endfacet
  facet normal -0.197894 0 0.980223
    outer loop
      vertex 84.293 0 8.56824
      vertex 84.2506 0.61 8.55968
      vertex 84.2506 0 8.55968
    endloop
  endfacet
  facet normal -0.135946 0 0.990716
    outer loop
      vertex 84.293 0.61 8.56824
      vertex 84.3376 0 8.57436
      vertex 84.3376 0.61 8.57436
    endloop
  endfacet
  facet normal -0.135946 0 0.990716
    outer loop
      vertex 84.3376 0 8.57436
      vertex 84.293 0.61 8.56824
      vertex 84.293 0 8.56824
    endloop
  endfacet
  facet normal -0.078133 0 0.996943
    outer loop
      vertex 84.3376 0.61 8.57436
      vertex 84.3843 0 8.57802
      vertex 84.3843 0.61 8.57802
    endloop
  endfacet
  facet normal -0.078133 0 0.996943
    outer loop
      vertex 84.3843 0 8.57802
      vertex 84.3376 0.61 8.57436
      vertex 84.3376 0 8.57436
    endloop
  endfacet
  facet normal -0.0249411 0 0.999689
    outer loop
      vertex 84.3843 0.61 8.57802
      vertex 84.4332 0 8.57924
      vertex 84.4332 0.61 8.57924
    endloop
  endfacet
  facet normal -0.0249411 0 0.999689
    outer loop
      vertex 84.4332 0 8.57924
      vertex 84.3843 0.61 8.57802
      vertex 84.3843 0 8.57802
    endloop
  endfacet
  facet normal 0.0473422 0 0.998879
    outer loop
      vertex 84.4332 0.61 8.57924
      vertex 84.5311 0 8.5746
      vertex 84.5311 0.61 8.5746
    endloop
  endfacet
  facet normal 0.0473422 0 0.998879
    outer loop
      vertex 84.5311 0 8.5746
      vertex 84.4332 0.61 8.57924
      vertex 84.4332 0 8.57924
    endloop
  endfacet
  facet normal 0.155036 0 0.987909
    outer loop
      vertex 84.5311 0.61 8.5746
      vertex 84.6198 0 8.56068
      vertex 84.6198 0.61 8.56068
    endloop
  endfacet
  facet normal 0.155036 0 0.987909
    outer loop
      vertex 84.6198 0 8.56068
      vertex 84.5311 0.61 8.5746
      vertex 84.5311 0 8.5746
    endloop
  endfacet
  facet normal 0.28079 0 0.959769
    outer loop
      vertex 84.6198 0.61 8.56068
      vertex 84.6991 0 8.53748
      vertex 84.6991 0.61 8.53748
    endloop
  endfacet
  facet normal 0.28079 0 0.959769
    outer loop
      vertex 84.6991 0 8.53748
      vertex 84.6198 0.61 8.56068
      vertex 84.6198 0 8.56068
    endloop
  endfacet
  facet normal 0.421005 0 0.907058
    outer loop
      vertex 84.6991 0.61 8.53748
      vertex 84.7691 0 8.50499
      vertex 84.7691 0.61 8.50499
    endloop
  endfacet
  facet normal 0.421005 0 0.907058
    outer loop
      vertex 84.7691 0 8.50499
      vertex 84.6991 0.61 8.53748
      vertex 84.6991 0 8.53748
    endloop
  endfacet
  facet normal 0.567428 0 0.823423
    outer loop
      vertex 84.7691 0.61 8.50499
      vertex 84.8297 0 8.46323
      vertex 84.8297 0.61 8.46323
    endloop
  endfacet
  facet normal 0.567428 0 0.823423
    outer loop
      vertex 84.8297 0 8.46323
      vertex 84.7691 0.61 8.50499
      vertex 84.7691 0 8.50499
    endloop
  endfacet
  facet normal 0.704617 0 0.709587
    outer loop
      vertex 84.8297 0.61 8.46323
      vertex 84.8811 0 8.41219
      vertex 84.8811 0.61 8.41219
    endloop
  endfacet
  facet normal 0.704617 0 0.709587
    outer loop
      vertex 84.8811 0 8.41219
      vertex 84.8297 0.61 8.46323
      vertex 84.8297 0 8.46323
    endloop
  endfacet
  facet normal 0.821388 -0 0.57037
    outer loop
      vertex 84.8811 0 8.41219
      vertex 84.923 0.61 8.35185
      vertex 84.8811 0.61 8.41219
    endloop
  endfacet
  facet normal 0.821388 0 0.57037
    outer loop
      vertex 84.923 0.61 8.35185
      vertex 84.8811 0 8.41219
      vertex 84.923 0 8.35185
    endloop
  endfacet
  facet normal 0.905107 -0 0.425183
    outer loop
      vertex 84.923 0 8.35185
      vertex 84.9557 0.61 8.28224
      vertex 84.923 0.61 8.35185
    endloop
  endfacet
  facet normal 0.905107 0 0.425183
    outer loop
      vertex 84.9557 0.61 8.28224
      vertex 84.923 0 8.35185
      vertex 84.9557 0 8.28224
    endloop
  endfacet
  facet normal 0.959045 -0 0.283252
    outer loop
      vertex 84.9557 0 8.28224
      vertex 84.979 0.61 8.20335
      vertex 84.9557 0.61 8.28224
    endloop
  endfacet
  facet normal 0.959045 0 0.283252
    outer loop
      vertex 84.979 0.61 8.20335
      vertex 84.9557 0 8.28224
      vertex 84.979 0 8.20335
    endloop
  endfacet
  facet normal 0.987625 -0 0.156837
    outer loop
      vertex 84.979 0 8.20335
      vertex 84.993 0.61 8.11519
      vertex 84.979 0.61 8.20335
    endloop
  endfacet
  facet normal 0.987625 0 0.156837
    outer loop
      vertex 84.993 0.61 8.11519
      vertex 84.979 0 8.20335
      vertex 84.993 0 8.11519
    endloop
  endfacet
  facet normal 0.998839 -0 0.0481689
    outer loop
      vertex 84.993 0 8.11519
      vertex 84.9977 0.61 8.01773
      vertex 84.993 0.61 8.11519
    endloop
  endfacet
  facet normal 0.998839 0 0.0481689
    outer loop
      vertex 84.9977 0.61 8.01773
      vertex 84.993 0 8.11519
      vertex 84.9977 0 8.01773
    endloop
  endfacet
  facet normal 0.999353 0 -0.0359566
    outer loop
      vertex 84.9977 0 8.01773
      vertex 84.9962 0.61 7.97604
      vertex 84.9977 0.61 8.01773
    endloop
  endfacet
  facet normal 0.999353 0 -0.0359566
    outer loop
      vertex 84.9962 0.61 7.97604
      vertex 84.9977 0 8.01773
      vertex 84.9962 0 7.97604
    endloop
  endfacet
  facet normal 0.994266 0 -0.106936
    outer loop
      vertex 84.9962 0 7.97604
      vertex 84.9917 0.61 7.9342
      vertex 84.9962 0.61 7.97604
    endloop
  endfacet
  facet normal 0.994266 0 -0.106936
    outer loop
      vertex 84.9917 0.61 7.9342
      vertex 84.9962 0 7.97604
      vertex 84.9917 0 7.9342
    endloop
  endfacet
  facet normal 0.98442 0 -0.175831
    outer loop
      vertex 84.9917 0 7.9342
      vertex 84.9842 0.61 7.89221
      vertex 84.9917 0.61 7.9342
    endloop
  endfacet
  facet normal 0.98442 0 -0.175831
    outer loop
      vertex 84.9842 0.61 7.89221
      vertex 84.9917 0 7.9342
      vertex 84.9842 0 7.89221
    endloop
  endfacet
  facet normal 0.970318 0 -0.241831
    outer loop
      vertex 84.9842 0 7.89221
      vertex 84.9737 0.61 7.85008
      vertex 84.9842 0.61 7.89221
    endloop
  endfacet
  facet normal 0.970318 0 -0.241831
    outer loop
      vertex 84.9737 0.61 7.85008
      vertex 84.9842 0 7.89221
      vertex 84.9737 0 7.85008
    endloop
  endfacet
  facet normal 0.952638 0 -0.304105
    outer loop
      vertex 84.9737 0 7.85008
      vertex 84.9602 0.61 7.80779
      vertex 84.9737 0.61 7.85008
    endloop
  endfacet
  facet normal 0.952638 0 -0.304105
    outer loop
      vertex 84.9602 0.61 7.80779
      vertex 84.9737 0 7.85008
      vertex 84.9602 0 7.80779
    endloop
  endfacet
  facet normal 0.932066 0 -0.362287
    outer loop
      vertex 84.9602 0 7.80779
      vertex 84.9437 0.61 7.76534
      vertex 84.9602 0.61 7.80779
    endloop
  endfacet
  facet normal 0.932066 0 -0.362287
    outer loop
      vertex 84.9437 0.61 7.76534
      vertex 84.9602 0 7.80779
      vertex 84.9437 0 7.76534
    endloop
  endfacet
  facet normal 0.90923 0 -0.416294
    outer loop
      vertex 84.9437 0 7.76534
      vertex 84.9242 0.61 7.72275
      vertex 84.9437 0.61 7.76534
    endloop
  endfacet
  facet normal 0.90923 0 -0.416294
    outer loop
      vertex 84.9242 0.61 7.72275
      vertex 84.9437 0 7.76534
      vertex 84.9242 0 7.72275
    endloop
  endfacet
  facet normal 0.884873 0 -0.465832
    outer loop
      vertex 84.9242 0 7.72275
      vertex 84.9017 0.61 7.68001
      vertex 84.9242 0.61 7.72275
    endloop
  endfacet
  facet normal 0.884873 0 -0.465832
    outer loop
      vertex 84.9017 0.61 7.68001
      vertex 84.9242 0 7.72275
      vertex 84.9017 0 7.68001
    endloop
  endfacet
  facet normal 0.858779 0 -0.512346
    outer loop
      vertex 84.9017 0 7.68001
      vertex 84.8761 0.61 7.6371
      vertex 84.9017 0.61 7.68001
    endloop
  endfacet
  facet normal 0.858779 0 -0.512346
    outer loop
      vertex 84.8761 0.61 7.6371
      vertex 84.9017 0 7.68001
      vertex 84.8761 0 7.6371
    endloop
  endfacet
  facet normal 0.833775 0 -0.552105
    outer loop
      vertex 84.8761 0 7.6371
      vertex 84.8476 0.61 7.59406
      vertex 84.8761 0.61 7.6371
    endloop
  endfacet
  facet normal 0.833775 0 -0.552105
    outer loop
      vertex 84.8476 0.61 7.59406
      vertex 84.8761 0 7.6371
      vertex 84.8476 0 7.59406
    endloop
  endfacet
  facet normal 0.808008 0 -0.589172
    outer loop
      vertex 84.8476 0 7.59406
      vertex 84.8161 0.61 7.55086
      vertex 84.8476 0.61 7.59406
    endloop
  endfacet
  facet normal 0.808008 0 -0.589172
    outer loop
      vertex 84.8161 0.61 7.55086
      vertex 84.8476 0 7.59406
      vertex 84.8161 0 7.55086
    endloop
  endfacet
  facet normal 0.783139 0 -0.621847
    outer loop
      vertex 84.8161 0 7.55086
      vertex 84.7809 0.61 7.50653
      vertex 84.8161 0.61 7.55086
    endloop
  endfacet
  facet normal 0.783139 0 -0.621847
    outer loop
      vertex 84.7809 0.61 7.50653
      vertex 84.8161 0 7.55086
      vertex 84.7809 0 7.50653
    endloop
  endfacet
  facet normal 0.760249 0 -0.649632
    outer loop
      vertex 84.7809 0 7.50653
      vertex 84.7412 0.61 7.46007
      vertex 84.7809 0.61 7.50653
    endloop
  endfacet
  facet normal 0.760249 0 -0.649632
    outer loop
      vertex 84.7412 0.61 7.46007
      vertex 84.7809 0 7.50653
      vertex 84.7412 0 7.46007
    endloop
  endfacet
  facet normal 0.739595 0 -0.673052
    outer loop
      vertex 84.7412 0 7.46007
      vertex 84.697 0.61 7.4115
      vertex 84.7412 0.61 7.46007
    endloop
  endfacet
  facet normal 0.739595 0 -0.673052
    outer loop
      vertex 84.697 0.61 7.4115
      vertex 84.7412 0 7.46007
      vertex 84.697 0 7.4115
    endloop
  endfacet
  facet normal 0.721831 0 -0.692069
    outer loop
      vertex 84.697 0 7.4115
      vertex 84.6484 0.61 7.36081
      vertex 84.697 0.61 7.4115
    endloop
  endfacet
  facet normal 0.721831 0 -0.692069
    outer loop
      vertex 84.6484 0.61 7.36081
      vertex 84.697 0 7.4115
      vertex 84.6484 0 7.36081
    endloop
  endfacet
  facet normal 0.705168 0 -0.70904
    outer loop
      vertex 84.5953 0 7.308
      vertex 84.6484 0.61 7.36081
      vertex 84.6484 0 7.36081
    endloop
  endfacet
  facet normal 0.705168 0 -0.70904
    outer loop
      vertex 84.6484 0.61 7.36081
      vertex 84.5953 0 7.308
      vertex 84.5953 0.61 7.308
    endloop
  endfacet
  facet normal 0.690135 0 -0.723681
    outer loop
      vertex 84.5377 0 7.25307
      vertex 84.5953 0.61 7.308
      vertex 84.5953 0 7.308
    endloop
  endfacet
  facet normal 0.690135 0 -0.723681
    outer loop
      vertex 84.5953 0.61 7.308
      vertex 84.5377 0 7.25307
      vertex 84.5377 0.61 7.25307
    endloop
  endfacet
  facet normal 0.677057 0 -0.735931
    outer loop
      vertex 84.4757 0 7.19603
      vertex 84.5377 0.61 7.25307
      vertex 84.5377 0 7.25307
    endloop
  endfacet
  facet normal 0.677057 0 -0.735931
    outer loop
      vertex 84.5377 0.61 7.25307
      vertex 84.4757 0 7.19603
      vertex 84.4757 0.61 7.19603
    endloop
  endfacet
  facet normal 0.664733 0 -0.747081
    outer loop
      vertex 84.4092 0 7.13686
      vertex 84.4757 0.61 7.19603
      vertex 84.4757 0 7.19603
    endloop
  endfacet
  facet normal 0.664733 0 -0.747081
    outer loop
      vertex 84.4757 0.61 7.19603
      vertex 84.4092 0 7.13686
      vertex 84.4092 0.61 7.13686
    endloop
  endfacet
  facet normal 0.653387 0 -0.757024
    outer loop
      vertex 84.3382 0 7.07558
      vertex 84.4092 0.61 7.13686
      vertex 84.4092 0 7.13686
    endloop
  endfacet
  facet normal 0.653387 0 -0.757024
    outer loop
      vertex 84.4092 0.61 7.13686
      vertex 84.3382 0 7.07558
      vertex 84.3382 0.61 7.07558
    endloop
  endfacet
  facet normal 0.643573 0 -0.765385
    outer loop
      vertex 84.2628 0 7.01218
      vertex 84.3382 0.61 7.07558
      vertex 84.3382 0 7.07558
    endloop
  endfacet
  facet normal 0.643573 0 -0.765385
    outer loop
      vertex 84.3382 0.61 7.07558
      vertex 84.2628 0 7.01218
      vertex 84.2628 0.61 7.01218
    endloop
  endfacet
  facet normal 0.634091 0 -0.773258
    outer loop
      vertex 84.1829 0 6.94666
      vertex 84.2628 0.61 7.01218
      vertex 84.2628 0 7.01218
    endloop
  endfacet
  facet normal 0.634091 0 -0.773258
    outer loop
      vertex 84.2628 0.61 7.01218
      vertex 84.1829 0 6.94666
      vertex 84.1829 0.61 6.94666
    endloop
  endfacet
  facet normal 0.634837 0 -0.772646
    outer loop
      vertex 84.0988 0 6.87756
      vertex 84.1829 0.61 6.94666
      vertex 84.1829 0 6.94666
    endloop
  endfacet
  facet normal 0.634837 0 -0.772646
    outer loop
      vertex 84.1829 0.61 6.94666
      vertex 84.0988 0 6.87756
      vertex 84.0988 0.61 6.87756
    endloop
  endfacet
  facet normal 0.643852 0 -0.76515
    outer loop
      vertex 84.0173 0 6.80898
      vertex 84.0988 0.61 6.87756
      vertex 84.0988 0 6.87756
    endloop
  endfacet
  facet normal 0.643852 0 -0.76515
    outer loop
      vertex 84.0988 0.61 6.87756
      vertex 84.0173 0 6.80898
      vertex 84.0173 0.61 6.80898
    endloop
  endfacet
  facet normal 0.65387 0 -0.756607
    outer loop
      vertex 83.9385 0 6.74088
      vertex 84.0173 0.61 6.80898
      vertex 84.0173 0 6.80898
    endloop
  endfacet
  facet normal 0.65387 0 -0.756607
    outer loop
      vertex 84.0173 0.61 6.80898
      vertex 83.9385 0 6.74088
      vertex 83.9385 0.61 6.74088
    endloop
  endfacet
  facet normal 0.663577 0 -0.748108
    outer loop
      vertex 83.8623 0 6.67329
      vertex 83.9385 0.61 6.74088
      vertex 83.9385 0 6.74088
    endloop
  endfacet
  facet normal 0.663577 0 -0.748108
    outer loop
      vertex 83.9385 0.61 6.74088
      vertex 83.8623 0 6.67329
      vertex 83.8623 0.61 6.67329
    endloop
  endfacet
  facet normal 0.674057 0 -0.738679
    outer loop
      vertex 83.7888 0 6.60622
      vertex 83.8623 0.61 6.67329
      vertex 83.8623 0 6.67329
    endloop
  endfacet
  facet normal 0.674057 0 -0.738679
    outer loop
      vertex 83.8623 0.61 6.67329
      vertex 83.7888 0 6.60622
      vertex 83.7888 0.61 6.60622
    endloop
  endfacet
  facet normal 0.684604 0 -0.728915
    outer loop
      vertex 83.7179 0 6.53963
      vertex 83.7888 0.61 6.60622
      vertex 83.7888 0 6.60622
    endloop
  endfacet
  facet normal 0.684604 0 -0.728915
    outer loop
      vertex 83.7888 0.61 6.60622
      vertex 83.7179 0 6.53963
      vertex 83.7179 0.61 6.53963
    endloop
  endfacet
  facet normal 0.695802 0 -0.718234
    outer loop
      vertex 83.6497 0 6.47356
      vertex 83.7179 0.61 6.53963
      vertex 83.7179 0 6.53963
    endloop
  endfacet
  facet normal 0.695802 0 -0.718234
    outer loop
      vertex 83.7179 0.61 6.53963
      vertex 83.6497 0 6.47356
      vertex 83.6497 0.61 6.47356
    endloop
  endfacet
  facet normal 0.707053 0 -0.707161
    outer loop
      vertex 83.6497 0 6.47356
      vertex 83.5841 0.61 6.40797
      vertex 83.6497 0.61 6.47356
    endloop
  endfacet
  facet normal 0.707053 0 -0.707161
    outer loop
      vertex 83.5841 0.61 6.40797
      vertex 83.6497 0 6.47356
      vertex 83.5841 0 6.40797
    endloop
  endfacet
  facet normal 0.718941 0 -0.695072
    outer loop
      vertex 83.5841 0 6.40797
      vertex 83.5212 0.61 6.34291
      vertex 83.5841 0.61 6.40797
    endloop
  endfacet
  facet normal 0.718941 0 -0.695072
    outer loop
      vertex 83.5212 0.61 6.34291
      vertex 83.5841 0 6.40797
      vertex 83.5212 0 6.34291
    endloop
  endfacet
  facet normal 0.730807 0 -0.682584
    outer loop
      vertex 83.5212 0 6.34291
      vertex 83.4609 0.61 6.27835
      vertex 83.5212 0.61 6.34291
    endloop
  endfacet
  facet normal 0.730807 0 -0.682584
    outer loop
      vertex 83.4609 0.61 6.27835
      vertex 83.5212 0 6.34291
      vertex 83.4609 0 6.27835
    endloop
  endfacet
  facet normal 0.743658 0 -0.668561
    outer loop
      vertex 83.4609 0 6.27835
      vertex 83.4033 0.61 6.21428
      vertex 83.4609 0.61 6.27835
    endloop
  endfacet
  facet normal 0.743658 0 -0.668561
    outer loop
      vertex 83.4033 0.61 6.21428
      vertex 83.4609 0 6.27835
      vertex 83.4033 0 6.21428
    endloop
  endfacet
  facet normal 0.756996 0 -0.65342
    outer loop
      vertex 83.4033 0 6.21428
      vertex 83.3481 0.61 6.15033
      vertex 83.4033 0.61 6.21428
    endloop
  endfacet
  facet normal 0.756996 0 -0.65342
    outer loop
      vertex 83.3481 0.61 6.15033
      vertex 83.4033 0 6.21428
      vertex 83.3481 0 6.15033
    endloop
  endfacet
  facet normal 0.772638 0 -0.634847
    outer loop
      vertex 83.3481 0 6.15033
      vertex 83.2953 0.61 6.08607
      vertex 83.3481 0.61 6.15033
    endloop
  endfacet
  facet normal 0.772638 0 -0.634847
    outer loop
      vertex 83.2953 0.61 6.08607
      vertex 83.3481 0 6.15033
      vertex 83.2953 0 6.08607
    endloop
  endfacet
  facet normal 0.788246 0 -0.61536
    outer loop
      vertex 83.2953 0 6.08607
      vertex 83.2449 0.61 6.02151
      vertex 83.2953 0.61 6.08607
    endloop
  endfacet
  facet normal 0.788246 0 -0.61536
    outer loop
      vertex 83.2449 0.61 6.02151
      vertex 83.2953 0 6.08607
      vertex 83.2449 0 6.02151
    endloop
  endfacet
  facet normal 0.803228 0 -0.595672
    outer loop
      vertex 83.2449 0 6.02151
      vertex 83.1968 0.61 5.95665
      vertex 83.2449 0.61 6.02151
    endloop
  endfacet
  facet normal 0.803228 0 -0.595672
    outer loop
      vertex 83.1968 0.61 5.95665
      vertex 83.2449 0 6.02151
      vertex 83.1968 0 5.95665
    endloop
  endfacet
  facet normal 0.818163 0 -0.574986
    outer loop
      vertex 83.1968 0 5.95665
      vertex 83.151 0.61 5.89148
      vertex 83.1968 0.61 5.95665
    endloop
  endfacet
  facet normal 0.818163 0 -0.574986
    outer loop
      vertex 83.151 0.61 5.89148
      vertex 83.1968 0 5.95665
      vertex 83.151 0 5.89148
    endloop
  endfacet
  facet normal 0.833458 0 -0.552583
    outer loop
      vertex 83.151 0 5.89148
      vertex 83.1076 0.61 5.82602
      vertex 83.151 0.61 5.89148
    endloop
  endfacet
  facet normal 0.833458 0 -0.552583
    outer loop
      vertex 83.1076 0.61 5.82602
      vertex 83.151 0 5.89148
      vertex 83.1076 0 5.82602
    endloop
  endfacet
  facet normal 0.848071 0 -0.529883
    outer loop
      vertex 83.1076 0 5.82602
      vertex 83.0665 0.61 5.76024
      vertex 83.1076 0.61 5.82602
    endloop
  endfacet
  facet normal 0.848071 0 -0.529883
    outer loop
      vertex 83.0665 0.61 5.76024
      vertex 83.1076 0 5.82602
      vertex 83.0665 0 5.76024
    endloop
  endfacet
  facet normal 0.862939 0 -0.505307
    outer loop
      vertex 83.0665 0 5.76024
      vertex 83.0278 0.61 5.69415
      vertex 83.0665 0.61 5.76024
    endloop
  endfacet
  facet normal 0.862939 0 -0.505307
    outer loop
      vertex 83.0278 0.61 5.69415
      vertex 83.0665 0 5.76024
      vertex 83.0278 0 5.69415
    endloop
  endfacet
  facet normal 0.876793 0 -0.480869
    outer loop
      vertex 83.0278 0 5.69415
      vertex 82.9914 0.61 5.62778
      vertex 83.0278 0.61 5.69415
    endloop
  endfacet
  facet normal 0.876793 0 -0.480869
    outer loop
      vertex 82.9914 0.61 5.62778
      vertex 83.0278 0 5.69415
      vertex 82.9914 0 5.62778
    endloop
  endfacet
  facet normal 0.890872 0 -0.454254
    outer loop
      vertex 82.9914 0 5.62778
      vertex 82.9574 0.61 5.5611
      vertex 82.9914 0.61 5.62778
    endloop
  endfacet
  facet normal 0.890872 0 -0.454254
    outer loop
      vertex 82.9574 0.61 5.5611
      vertex 82.9914 0 5.62778
      vertex 82.9574 0 5.5611
    endloop
  endfacet
  facet normal 0.903905 0 -0.427732
    outer loop
      vertex 82.9574 0 5.5611
      vertex 82.9257 0.61 5.49411
      vertex 82.9574 0.61 5.5611
    endloop
  endfacet
  facet normal 0.903905 0 -0.427732
    outer loop
      vertex 82.9257 0.61 5.49411
      vertex 82.9574 0 5.5611
      vertex 82.9257 0 5.49411
    endloop
  endfacet
  facet normal 1 -0 0
    outer loop
      vertex 82.9257 0 5.49411
      vertex 82.9257 0.61 4.89906
      vertex 82.9257 0.61 5.49411
    endloop
  endfacet
  facet normal 1 0 0
    outer loop
      vertex 82.9257 0.61 4.89906
      vertex 82.9257 0 5.49411
      vertex 82.9257 0 4.89906
    endloop
  endfacet
  facet normal -0 0 1
    outer loop
      vertex 82.9257 0.61 4.89906
      vertex 85.9346 0 4.89906
      vertex 85.9346 0.61 4.89906
    endloop
  endfacet
  facet normal 0 0 1
    outer loop
      vertex 85.9346 0 4.89906
      vertex 82.9257 0.61 4.89906
      vertex 82.9257 0 4.89906
    endloop
  endfacet
  facet normal -1 0 0
    outer loop
      vertex 85.9346 0 4.89906
      vertex 85.9346 0.61 5.60399
      vertex 85.9346 0.61 4.89906
    endloop
  endfacet
  facet normal -1 -0 0
    outer loop
      vertex 85.9346 0.61 5.60399
      vertex 85.9346 0 4.89906
      vertex 85.9346 0 5.60399
    endloop
  endfacet
  facet normal -0.0654178 0 0.997858
    outer loop
      vertex 87.978 0.61 4.84081
      vertex 88.1043 0 4.84909
      vertex 88.1043 0.61 4.84909
    endloop
  endfacet
  facet normal -0.0654178 0 0.997858
    outer loop
      vertex 88.1043 0 4.84909
      vertex 87.978 0.61 4.84081
      vertex 87.978 0 4.84081
    endloop
  endfacet
  facet normal -0.113674 0 0.993518
    outer loop
      vertex 88.1043 0.61 4.84909
      vertex 88.225 0 4.8629
      vertex 88.225 0.61 4.8629
    endloop
  endfacet
  facet normal -0.113674 0 0.993518
    outer loop
      vertex 88.225 0 4.8629
      vertex 88.1043 0.61 4.84909
      vertex 88.1043 0 4.84909
    endloop
  endfacet
  facet normal -0.165762 0 0.986166
    outer loop
      vertex 88.225 0.61 4.8629
      vertex 88.34 0 4.88223
      vertex 88.34 0.61 4.88223
    endloop
  endfacet
  facet normal -0.165762 0 0.986166
    outer loop
      vertex 88.34 0 4.88223
      vertex 88.225 0.61 4.8629
      vertex 88.225 0 4.8629
    endloop
  endfacet
  facet normal -0.22159 0 0.97514
    outer loop
      vertex 88.34 0.61 4.88223
      vertex 88.4494 0 4.90709
      vertex 88.4494 0.61 4.90709
    endloop
  endfacet
  facet normal -0.22159 0 0.97514
    outer loop
      vertex 88.4494 0 4.90709
      vertex 88.34 0.61 4.88223
      vertex 88.34 0 4.88223
    endloop
  endfacet
  facet normal -0.280724 0 0.959788
    outer loop
      vertex 88.4494 0.61 4.90709
      vertex 88.5532 0 4.93745
      vertex 88.5532 0.61 4.93745
    endloop
  endfacet
  facet normal -0.280724 0 0.959788
    outer loop
      vertex 88.5532 0 4.93745
      vertex 88.4494 0.61 4.90709
      vertex 88.4494 0 4.90709
    endloop
  endfacet
  facet normal -0.343748 0 0.939062
    outer loop
      vertex 88.5532 0.61 4.93745
      vertex 88.6513 0 4.97336
      vertex 88.6513 0.61 4.97336
    endloop
  endfacet
  facet normal -0.343748 0 0.939062
    outer loop
      vertex 88.6513 0 4.97336
      vertex 88.5532 0.61 4.93745
      vertex 88.5532 0 4.93745
    endloop
  endfacet
  facet normal -0.408968 0 0.912549
    outer loop
      vertex 88.6513 0.61 4.97336
      vertex 88.7437 0 5.01477
      vertex 88.7437 0.61 5.01477
    endloop
  endfacet
  facet normal -0.408968 0 0.912549
    outer loop
      vertex 88.7437 0 5.01477
      vertex 88.6513 0.61 4.97336
      vertex 88.6513 0 4.97336
    endloop
  endfacet
  facet normal -0.475337 0 0.879804
    outer loop
      vertex 88.7437 0.61 5.01477
      vertex 88.8306 0 5.06172
      vertex 88.8306 0.61 5.06172
    endloop
  endfacet
  facet normal -0.475337 0 0.879804
    outer loop
      vertex 88.8306 0 5.06172
      vertex 88.7437 0.61 5.01477
      vertex 88.7437 0 5.01477
    endloop
  endfacet
  facet normal -0.543131 0 0.839648
    outer loop
      vertex 88.8306 0.61 5.06172
      vertex 88.9117 0 5.11418
      vertex 88.9117 0.61 5.11418
    endloop
  endfacet
  facet normal -0.543131 0 0.839648
    outer loop
      vertex 88.9117 0 5.11418
      vertex 88.8306 0.61 5.06172
      vertex 88.8306 0 5.06172
    endloop
  endfacet
  facet normal -0.609203 0 0.793014
    outer loop
      vertex 88.9117 0.61 5.11418
      vertex 88.9872 0 5.17218
      vertex 88.9872 0.61 5.17218
    endloop
  endfacet
  facet normal -0.609203 0 0.793014
    outer loop
      vertex 88.9872 0 5.17218
      vertex 88.9117 0.61 5.11418
      vertex 88.9117 0 5.11418
    endloop
  endfacet
  facet normal -0.672083 0 0.740476
    outer loop
      vertex 88.9872 0.61 5.17218
      vertex 89.0566 0 5.23517
      vertex 89.0566 0.61 5.23517
    endloop
  endfacet
  facet normal -0.672083 0 0.740476
    outer loop
      vertex 89.0566 0 5.23517
      vertex 88.9872 0.61 5.17218
      vertex 88.9872 0 5.17218
    endloop
  endfacet
  facet normal -0.731834 0 0.681483
    outer loop
      vertex 89.0566 0 5.23517
      vertex 89.1194 0.61 5.30261
      vertex 89.0566 0.61 5.23517
    endloop
  endfacet
  facet normal -0.731834 0 0.681483
    outer loop
      vertex 89.1194 0.61 5.30261
      vertex 89.0566 0 5.23517
      vertex 89.1194 0 5.30261
    endloop
  endfacet
  facet normal -0.788531 0 0.614995
    outer loop
      vertex 89.1194 0 5.30261
      vertex 89.1755 0.61 5.37454
      vertex 89.1194 0.61 5.30261
    endloop
  endfacet
  facet normal -0.788531 0 0.614995
    outer loop
      vertex 89.1755 0.61 5.37454
      vertex 89.1194 0 5.30261
      vertex 89.1755 0 5.37454
    endloop
  endfacet
  facet normal -0.838647 0 0.544676
    outer loop
      vertex 89.1755 0 5.37454
      vertex 89.2251 0.61 5.45091
      vertex 89.1755 0.61 5.37454
    endloop
  endfacet
  facet normal -0.838647 0 0.544676
    outer loop
      vertex 89.2251 0.61 5.45091
      vertex 89.1755 0 5.37454
      vertex 89.2251 0 5.45091
    endloop
  endfacet
  facet normal -0.883325 0 0.468761
    outer loop
      vertex 89.2251 0 5.45091
      vertex 89.268 0.61 5.53175
      vertex 89.2251 0.61 5.45091
    endloop
  endfacet
  facet normal -0.883325 0 0.468761
    outer loop
      vertex 89.268 0.61 5.53175
      vertex 89.2251 0 5.45091
      vertex 89.268 0 5.53175
    endloop
  endfacet
  facet normal -0.919791 0 0.39241
    outer loop
      vertex 89.268 0 5.53175
      vertex 89.3044 0.61 5.61707
      vertex 89.268 0.61 5.53175
    endloop
  endfacet
  facet normal -0.919791 0 0.39241
    outer loop
      vertex 89.3044 0.61 5.61707
      vertex 89.268 0 5.53175
      vertex 89.3044 0 5.61707
    endloop
  endfacet
  facet normal -0.949379 0 0.314133
    outer loop
      vertex 89.3044 0 5.61707
      vertex 89.3341 0.61 5.70683
      vertex 89.3044 0.61 5.61707
    endloop
  endfacet
  facet normal -0.949379 0 0.314133
    outer loop
      vertex 89.3341 0.61 5.70683
      vertex 89.3044 0 5.61707
      vertex 89.3341 0 5.70683
    endloop
  endfacet
  facet normal -0.971009 0 0.239043
    outer loop
      vertex 89.3341 0 5.70683
      vertex 89.3573 0.61 5.80107
      vertex 89.3341 0.61 5.70683
    endloop
  endfacet
  facet normal -0.971009 0 0.239043
    outer loop
      vertex 89.3573 0.61 5.80107
      vertex 89.3341 0 5.70683
      vertex 89.3573 0 5.80107
    endloop
  endfacet
  facet normal -0.986315 0 0.164869
    outer loop
      vertex 89.3573 0 5.80107
      vertex 89.3738 0.61 5.89978
      vertex 89.3573 0.61 5.80107
    endloop
  endfacet
  facet normal -0.986315 0 0.164869
    outer loop
      vertex 89.3738 0.61 5.89978
      vertex 89.3573 0 5.80107
      vertex 89.3738 0 5.89978
    endloop
  endfacet
  facet normal -0.995426 0 0.0955377
    outer loop
      vertex 89.3738 0 5.89978
      vertex 89.3837 0.61 6.00293
      vertex 89.3738 0.61 5.89978
    endloop
  endfacet
  facet normal -0.995426 0 0.0955377
    outer loop
      vertex 89.3837 0.61 6.00293
      vertex 89.3738 0 5.89978
      vertex 89.3837 0 6.00293
    endloop
  endfacet
  facet normal -0.99953 0 0.0306434
    outer loop
      vertex 89.3837 0 6.00293
      vertex 89.387 0.61 6.11057
      vertex 89.3837 0.61 6.00293
    endloop
  endfacet
  facet normal -0.99953 0 0.0306434
    outer loop
      vertex 89.387 0.61 6.11057
      vertex 89.3837 0 6.00293
      vertex 89.387 0 6.11057
    endloop
  endfacet
  facet normal -0.999662 0 -0.0259956
    outer loop
      vertex 89.387 0 6.11057
      vertex 89.385 0.61 6.18748
      vertex 89.387 0.61 6.11057
    endloop
  endfacet
  facet normal -0.999662 -0 -0.0259956
    outer loop
      vertex 89.385 0.61 6.18748
      vertex 89.387 0 6.11057
      vertex 89.385 0 6.18748
    endloop
  endfacet
  facet normal -0.996971 0 -0.0777731
    outer loop
      vertex 89.385 0 6.18748
      vertex 89.3792 0.61 6.26183
      vertex 89.385 0.61 6.18748
    endloop
  endfacet
  facet normal -0.996971 -0 -0.0777731
    outer loop
      vertex 89.3792 0.61 6.26183
      vertex 89.385 0 6.18748
      vertex 89.3792 0 6.26183
    endloop
  endfacet
  facet normal -0.990796 0 -0.135366
    outer loop
      vertex 89.3792 0 6.26183
      vertex 89.3694 0.61 6.33356
      vertex 89.3792 0.61 6.26183
    endloop
  endfacet
  facet normal -0.990796 -0 -0.135366
    outer loop
      vertex 89.3694 0.61 6.33356
      vertex 89.3792 0 6.26183
      vertex 89.3694 0 6.33356
    endloop
  endfacet
  facet normal -0.980918 0 -0.194424
    outer loop
      vertex 89.3694 0 6.33356
      vertex 89.3557 0.61 6.40268
      vertex 89.3694 0.61 6.33356
    endloop
  endfacet
  facet normal -0.980918 -0 -0.194424
    outer loop
      vertex 89.3557 0.61 6.40268
      vertex 89.3694 0 6.33356
      vertex 89.3557 0 6.40268
    endloop
  endfacet
  facet normal -0.966754 0 -0.255709
    outer loop
      vertex 89.3557 0 6.40268
      vertex 89.3381 0.61 6.46922
      vertex 89.3557 0.61 6.40268
    endloop
  endfacet
  facet normal -0.966754 -0 -0.255709
    outer loop
      vertex 89.3381 0.61 6.46922
      vertex 89.3557 0 6.40268
      vertex 89.3381 0 6.46922
    endloop
  endfacet
  facet normal -0.947865 0 -0.318672
    outer loop
      vertex 89.3381 0 6.46922
      vertex 89.3166 0.61 6.53317
      vertex 89.3381 0.61 6.46922
    endloop
  endfacet
  facet normal -0.947865 -0 -0.318672
    outer loop
      vertex 89.3166 0.61 6.53317
      vertex 89.3381 0 6.46922
      vertex 89.3166 0 6.53317
    endloop
  endfacet
  facet normal -0.923921 0 -0.382582
    outer loop
      vertex 89.3166 0 6.53317
      vertex 89.2912 0.61 6.59451
      vertex 89.3166 0.61 6.53317
    endloop
  endfacet
  facet normal -0.923921 -0 -0.382582
    outer loop
      vertex 89.2912 0.61 6.59451
      vertex 89.3166 0 6.53317
      vertex 89.2912 0 6.59451
    endloop
  endfacet
  facet normal -0.894884 0 -0.446299
    outer loop
      vertex 89.2912 0 6.59451
      vertex 89.2619 0.61 6.65326
      vertex 89.2912 0.61 6.59451
    endloop
  endfacet
  facet normal -0.894884 -0 -0.446299
    outer loop
      vertex 89.2619 0.61 6.65326
      vertex 89.2912 0 6.59451
      vertex 89.2619 0 6.65326
    endloop
  endfacet
  facet normal -0.860789 0 -0.508962
    outer loop
      vertex 89.2619 0 6.65326
      vertex 89.2287 0.61 6.70941
      vertex 89.2619 0.61 6.65326
    endloop
  endfacet
  facet normal -0.860789 -0 -0.508962
    outer loop
      vertex 89.2287 0.61 6.70941
      vertex 89.2619 0 6.65326
      vertex 89.2287 0 6.70941
    endloop
  endfacet
  facet normal -0.82123 0 -0.570597
    outer loop
      vertex 89.2287 0 6.70941
      vertex 89.1915 0.61 6.76295
      vertex 89.2287 0.61 6.70941
    endloop
  endfacet
  facet normal -0.82123 -0 -0.570597
    outer loop
      vertex 89.1915 0.61 6.76295
      vertex 89.2287 0 6.70941
      vertex 89.1915 0 6.76295
    endloop
  endfacet
  facet normal -0.779075 0 -0.62693
    outer loop
      vertex 89.1915 0 6.76295
      vertex 89.1505 0.61 6.8139
      vertex 89.1915 0.61 6.76295
    endloop
  endfacet
  facet normal -0.779075 -0 -0.62693
    outer loop
      vertex 89.1505 0.61 6.8139
      vertex 89.1915 0 6.76295
      vertex 89.1505 0 6.8139
    endloop
  endfacet
  facet normal -0.733196 0 -0.680017
    outer loop
      vertex 89.1505 0 6.8139
      vertex 89.106 0.61 6.86188
      vertex 89.1505 0.61 6.8139
    endloop
  endfacet
  facet normal -0.733196 -0 -0.680017
    outer loop
      vertex 89.106 0.61 6.86188
      vertex 89.1505 0 6.8139
      vertex 89.106 0 6.86188
    endloop
  endfacet
  facet normal -0.684861 0 -0.728674
    outer loop
      vertex 89.0586 0 6.90643
      vertex 89.106 0.61 6.86188
      vertex 89.106 0 6.86188
    endloop
  endfacet
  facet normal -0.684861 0 -0.728674
    outer loop
      vertex 89.106 0.61 6.86188
      vertex 89.0586 0 6.90643
      vertex 89.0586 0.61 6.90643
    endloop
  endfacet
  facet normal -0.63235 0 -0.774683
    outer loop
      vertex 89.0082 0 6.94757
      vertex 89.0586 0.61 6.90643
      vertex 89.0586 0 6.90643
    endloop
  endfacet
  facet normal -0.63235 0 -0.774683
    outer loop
      vertex 89.0586 0.61 6.90643
      vertex 89.0082 0 6.94757
      vertex 89.0082 0.61 6.94757
    endloop
  endfacet
  facet normal -0.577975 0 -0.816055
    outer loop
      vertex 88.9549 0 6.98532
      vertex 89.0082 0.61 6.94757
      vertex 89.0082 0 6.94757
    endloop
  endfacet
  facet normal -0.577975 0 -0.816055
    outer loop
      vertex 89.0082 0.61 6.94757
      vertex 88.9549 0 6.98532
      vertex 88.9549 0.61 6.98532
    endloop
  endfacet
  facet normal -0.520505 0 -0.853859
    outer loop
      vertex 88.8986 0 7.01964
      vertex 88.9549 0.61 6.98532
      vertex 88.9549 0 6.98532
    endloop
  endfacet
  facet normal -0.520505 0 -0.853859
    outer loop
      vertex 88.9549 0.61 6.98532
      vertex 88.8986 0 7.01964
      vertex 88.8986 0.61 7.01964
    endloop
  endfacet
  facet normal -0.463072 0 -0.88632
    outer loop
      vertex 88.8394 0 7.05057
      vertex 88.8986 0.61 7.01964
      vertex 88.8986 0 7.01964
    endloop
  endfacet
  facet normal -0.463072 0 -0.88632
    outer loop
      vertex 88.8986 0.61 7.01964
      vertex 88.8394 0 7.05057
      vertex 88.8394 0.61 7.05057
    endloop
  endfacet
  facet normal -0.40461 0 -0.914489
    outer loop
      vertex 88.7772 0 7.07809
      vertex 88.8394 0.61 7.05057
      vertex 88.8394 0 7.05057
    endloop
  endfacet
  facet normal -0.40461 0 -0.914489
    outer loop
      vertex 88.8394 0.61 7.05057
      vertex 88.7772 0 7.07809
      vertex 88.7772 0.61 7.07809
    endloop
  endfacet
  facet normal -0.347554 0 -0.93766
    outer loop
      vertex 88.7121 0 7.10222
      vertex 88.7772 0.61 7.07809
      vertex 88.7772 0 7.07809
    endloop
  endfacet
  facet normal -0.347554 0 -0.93766
    outer loop
      vertex 88.7772 0.61 7.07809
      vertex 88.7121 0 7.10222
      vertex 88.7121 0.61 7.10222
    endloop
  endfacet
  facet normal -0.290826 0 -0.956776
    outer loop
      vertex 88.644 0 7.12292
      vertex 88.7121 0.61 7.10222
      vertex 88.7121 0 7.10222
    endloop
  endfacet
  facet normal -0.290826 0 -0.956776
    outer loop
      vertex 88.7121 0.61 7.10222
      vertex 88.644 0 7.12292
      vertex 88.644 0.61 7.12292
    endloop
  endfacet
  facet normal -0.236994 0 -0.971511
    outer loop
      vertex 88.573 0 7.14024
      vertex 88.644 0.61 7.12292
      vertex 88.644 0 7.12292
    endloop
  endfacet
  facet normal -0.236994 0 -0.971511
    outer loop
      vertex 88.644 0.61 7.12292
      vertex 88.573 0 7.14024
      vertex 88.573 0.61 7.14024
    endloop
  endfacet
  facet normal -0.184609 0 -0.982812
    outer loop
      vertex 88.499 0 7.15414
      vertex 88.573 0.61 7.14024
      vertex 88.573 0 7.14024
    endloop
  endfacet
  facet normal -0.184609 0 -0.982812
    outer loop
      vertex 88.573 0.61 7.14024
      vertex 88.499 0 7.15414
      vertex 88.499 0.61 7.15414
    endloop
  endfacet
  facet normal -1 0 0
    outer loop
      vertex 88.499 0 7.15414
      vertex 88.499 0.61 7.16638
      vertex 88.499 0.61 7.15414
    endloop
  endfacet
  facet normal -1 -0 0
    outer loop
      vertex 88.499 0.61 7.16638
      vertex 88.499 0 7.15414
      vertex 88.499 0 7.16638
    endloop
  endfacet
  facet normal -0.220204 0 0.975454
    outer loop
      vertex 88.499 0.61 7.16638
      vertex 88.5627 0 7.18076
      vertex 88.5627 0.61 7.18076
    endloop
  endfacet
  facet normal -0.220204 0 0.975454
    outer loop
      vertex 88.5627 0 7.18076
      vertex 88.499 0.61 7.16638
      vertex 88.499 0 7.16638
    endloop
  endfacet
  facet normal -0.275819 0 0.96121
    outer loop
      vertex 88.5627 0.61 7.18076
      vertex 88.624 0 7.19835
      vertex 88.624 0.61 7.19835
    endloop
  endfacet
  facet normal -0.275819 0 0.96121
    outer loop
      vertex 88.624 0 7.19835
      vertex 88.5627 0.61 7.18076
      vertex 88.5627 0 7.18076
    endloop
  endfacet
  facet normal -0.332912 0 0.942958
    outer loop
      vertex 88.624 0.61 7.19835
      vertex 88.683 0 7.21918
      vertex 88.683 0.61 7.21918
    endloop
  endfacet
  facet normal -0.332912 0 0.942958
    outer loop
      vertex 88.683 0 7.21918
      vertex 88.624 0.61 7.19835
      vertex 88.624 0 7.19835
    endloop
  endfacet
  facet normal -0.391658 0 0.920111
    outer loop
      vertex 88.683 0.61 7.21918
      vertex 88.7395 0 7.24323
      vertex 88.7395 0.61 7.24323
    endloop
  endfacet
  facet normal -0.391658 0 0.920111
    outer loop
      vertex 88.7395 0 7.24323
      vertex 88.683 0.61 7.21918
      vertex 88.683 0 7.21918
    endloop
  endfacet
  facet normal -0.450379 0 0.892837
    outer loop
      vertex 88.7395 0.61 7.24323
      vertex 88.7936 0 7.27052
      vertex 88.7936 0.61 7.27052
    endloop
  endfacet
  facet normal -0.450379 0 0.892837
    outer loop
      vertex 88.7936 0 7.27052
      vertex 88.7395 0.61 7.24323
      vertex 88.7395 0 7.24323
    endloop
  endfacet
  facet normal -0.507507 0 0.861648
    outer loop
      vertex 88.7936 0.61 7.27052
      vertex 88.8454 0 7.30103
      vertex 88.8454 0.61 7.30103
    endloop
  endfacet
  facet normal -0.507507 0 0.861648
    outer loop
      vertex 88.8454 0 7.30103
      vertex 88.7936 0.61 7.27052
      vertex 88.7936 0 7.27052
    endloop
  endfacet
  facet normal -0.564894 0 0.825164
    outer loop
      vertex 88.8454 0.61 7.30103
      vertex 88.8947 0 7.33478
      vertex 88.8947 0.61 7.33478
    endloop
  endfacet
  facet normal -0.564894 0 0.825164
    outer loop
      vertex 88.8947 0 7.33478
      vertex 88.8454 0.61 7.30103
      vertex 88.8454 0 7.30103
    endloop
  endfacet
  facet normal -0.61825 0 0.785982
    outer loop
      vertex 88.8947 0.61 7.33478
      vertex 88.9417 0 7.37175
      vertex 88.9417 0.61 7.37175
    endloop
  endfacet
  facet normal -0.61825 0 0.785982
    outer loop
      vertex 88.9417 0 7.37175
      vertex 88.8947 0.61 7.33478
      vertex 88.8947 0 7.33478
    endloop
  endfacet
  facet normal -0.670254 0 0.742132
    outer loop
      vertex 88.9417 0.61 7.37175
      vertex 88.9862 0 7.41194
      vertex 88.9862 0.61 7.41194
    endloop
  endfacet
  facet normal -0.670254 0 0.742132
    outer loop
      vertex 88.9862 0 7.41194
      vertex 88.9417 0.61 7.37175
      vertex 88.9417 0 7.37175
    endloop
  endfacet
  facet normal -0.71727 0 0.696795
    outer loop
      vertex 88.9862 0 7.41194
      vertex 89.0284 0.61 7.45538
      vertex 88.9862 0.61 7.41194
    endloop
  endfacet
  facet normal -0.71727 0 0.696795
    outer loop
      vertex 89.0284 0.61 7.45538
      vertex 88.9862 0 7.41194
      vertex 89.0284 0 7.45538
    endloop
  endfacet
  facet normal -0.761557 0 0.648098
    outer loop
      vertex 89.0284 0 7.45538
      vertex 89.0681 0.61 7.50203
      vertex 89.0284 0.61 7.45538
    endloop
  endfacet
  facet normal -0.761557 0 0.648098
    outer loop
      vertex 89.0681 0.61 7.50203
      vertex 89.0284 0 7.45538
      vertex 89.0681 0 7.50203
    endloop
  endfacet
  facet normal -0.79949 0 0.600679
    outer loop
      vertex 89.0681 0 7.50203
      vertex 89.1049 0.61 7.55101
      vertex 89.0681 0.61 7.50203
    endloop
  endfacet
  facet normal -0.79949 0 0.600679
    outer loop
      vertex 89.1049 0.61 7.55101
      vertex 89.0681 0 7.50203
      vertex 89.1049 0 7.55101
    endloop
  endfacet
  facet normal -0.834335 0 0.551257
    outer loop
      vertex 89.1049 0 7.55101
      vertex 89.1382 0.61 7.60141
      vertex 89.1049 0.61 7.55101
    endloop
  endfacet
  facet normal -0.834335 0 0.551257
    outer loop
      vertex 89.1382 0.61 7.60141
      vertex 89.1049 0 7.55101
      vertex 89.1382 0 7.60141
    endloop
  endfacet
  facet normal -0.866756 0 0.498732
    outer loop
      vertex 89.1382 0 7.60141
      vertex 89.168 0.61 7.6532
      vertex 89.1382 0.61 7.60141
    endloop
  endfacet
  facet normal -0.866756 0 0.498732
    outer loop
      vertex 89.168 0.61 7.6532
      vertex 89.1382 0 7.60141
      vertex 89.168 0 7.6532
    endloop
  endfacet
  facet normal -0.896506 0 0.443031
    outer loop
      vertex 89.168 0 7.6532
      vertex 89.1943 0.61 7.70642
      vertex 89.168 0.61 7.6532
    endloop
  endfacet
  facet normal -0.896506 0 0.443031
    outer loop
      vertex 89.1943 0.61 7.70642
      vertex 89.168 0 7.6532
      vertex 89.1943 0 7.70642
    endloop
  endfacet
  facet normal -0.922852 0 0.385155
    outer loop
      vertex 89.1943 0 7.70642
      vertex 89.2171 0.61 7.76105
      vertex 89.1943 0.61 7.70642
    endloop
  endfacet
  facet normal -0.922852 0 0.385155
    outer loop
      vertex 89.2171 0.61 7.76105
      vertex 89.1943 0 7.70642
      vertex 89.2171 0 7.76105
    endloop
  endfacet
  facet normal -0.945481 0 0.325679
    outer loop
      vertex 89.2171 0 7.76105
      vertex 89.2364 0.61 7.81708
      vertex 89.2171 0.61 7.76105
    endloop
  endfacet
  facet normal -0.945481 0 0.325679
    outer loop
      vertex 89.2364 0.61 7.81708
      vertex 89.2171 0 7.76105
      vertex 89.2364 0 7.81708
    endloop
  endfacet
  facet normal -0.9642 0 0.265176
    outer loop
      vertex 89.2364 0 7.81708
      vertex 89.2522 0.61 7.87453
      vertex 89.2364 0.61 7.81708
    endloop
  endfacet
  facet normal -0.9642 0 0.265176
    outer loop
      vertex 89.2522 0.61 7.87453
      vertex 89.2364 0 7.81708
      vertex 89.2522 0 7.87453
    endloop
  endfacet
  facet normal -0.979194 0 0.202925
    outer loop
      vertex 89.2522 0 7.87453
      vertex 89.2644 0.61 7.9334
      vertex 89.2522 0.61 7.87453
    endloop
  endfacet
  facet normal -0.979194 0 0.202925
    outer loop
      vertex 89.2644 0.61 7.9334
      vertex 89.2522 0 7.87453
      vertex 89.2644 0 7.9334
    endloop
  endfacet
  facet normal -0.989508 0 0.144478
    outer loop
      vertex 89.2644 0 7.9334
      vertex 89.2732 0.61 7.99367
      vertex 89.2644 0.61 7.9334
    endloop
  endfacet
  facet normal -0.989508 0 0.144478
    outer loop
      vertex 89.2732 0.61 7.99367
      vertex 89.2644 0 7.9334
      vertex 89.2732 0 7.99367
    endloop
  endfacet
  facet normal -0.996464 0 0.0840216
    outer loop
      vertex 89.2732 0 7.99367
      vertex 89.2784 0.61 8.05534
      vertex 89.2732 0.61 7.99367
    endloop
  endfacet
  facet normal -0.996464 0 0.0840216
    outer loop
      vertex 89.2784 0.61 8.05534
      vertex 89.2732 0 7.99367
      vertex 89.2784 0 8.05534
    endloop
  endfacet
  facet normal -0.999593 0 0.0285145
    outer loop
      vertex 89.2784 0 8.05534
      vertex 89.2802 0.61 8.11844
      vertex 89.2784 0.61 8.05534
    endloop
  endfacet
  facet normal -0.999593 0 0.0285145
    outer loop
      vertex 89.2802 0.61 8.11844
      vertex 89.2784 0 8.05534
      vertex 89.2802 0 8.11844
    endloop
  endfacet
  facet normal -0.999498 0 -0.0316847
    outer loop
      vertex 89.2802 0 8.11844
      vertex 89.2771 0.61 8.21623
      vertex 89.2802 0.61 8.11844
    endloop
  endfacet
  facet normal -0.999498 -0 -0.0316847
    outer loop
      vertex 89.2771 0.61 8.21623
      vertex 89.2802 0 8.11844
      vertex 89.2771 0 8.21623
    endloop
  endfacet
  facet normal -0.995103 0 -0.0988408
    outer loop
      vertex 89.2771 0 8.21623
      vertex 89.2678 0.61 8.30986
      vertex 89.2771 0.61 8.21623
    endloop
  endfacet
  facet normal -0.995103 -0 -0.0988408
    outer loop
      vertex 89.2678 0.61 8.30986
      vertex 89.2771 0 8.21623
      vertex 89.2678 0 8.30986
    endloop
  endfacet
  facet normal -0.985505 0 -0.169649
    outer loop
      vertex 89.2678 0 8.30986
      vertex 89.2524 0.61 8.39932
      vertex 89.2678 0.61 8.30986
    endloop
  endfacet
  facet normal -0.985505 -0 -0.169649
    outer loop
      vertex 89.2524 0.61 8.39932
      vertex 89.2678 0 8.30986
      vertex 89.2524 0 8.39932
    endloop
  endfacet
  facet normal -0.96941 0 -0.245449
    outer loop
      vertex 89.2524 0 8.39932
      vertex 89.2308 0.61 8.48463
      vertex 89.2524 0.61 8.39932
    endloop
  endfacet
  facet normal -0.96941 -0 -0.245449
    outer loop
      vertex 89.2308 0.61 8.48463
      vertex 89.2524 0 8.39932
      vertex 89.2308 0 8.48463
    endloop
  endfacet
  facet normal -0.946015 0 -0.324122
    outer loop
      vertex 89.2308 0 8.48463
      vertex 89.203 0.61 8.56577
      vertex 89.2308 0.61 8.48463
    endloop
  endfacet
  facet normal -0.946015 -0 -0.324122
    outer loop
      vertex 89.203 0.61 8.56577
      vertex 89.2308 0 8.48463
      vertex 89.203 0 8.56577
    endloop
  endfacet
  facet normal -0.914769 0 -0.403977
    outer loop
      vertex 89.203 0 8.56577
      vertex 89.169 0.61 8.64276
      vertex 89.203 0.61 8.56577
    endloop
  endfacet
  facet normal -0.914769 -0 -0.403977
    outer loop
      vertex 89.169 0.61 8.64276
      vertex 89.203 0 8.56577
      vertex 89.169 0 8.64276
    endloop
  endfacet
  facet normal -0.875458 0 -0.483293
    outer loop
      vertex 89.169 0 8.64276
      vertex 89.1288 0.61 8.71558
      vertex 89.169 0.61 8.64276
    endloop
  endfacet
  facet normal -0.875458 -0 -0.483293
    outer loop
      vertex 89.1288 0.61 8.71558
      vertex 89.169 0 8.64276
      vertex 89.1288 0 8.71558
    endloop
  endfacet
  facet normal -0.829103 0 -0.559095
    outer loop
      vertex 89.1288 0 8.71558
      vertex 89.0825 0.61 8.78424
      vertex 89.1288 0.61 8.71558
    endloop
  endfacet
  facet normal -0.829103 -0 -0.559095
    outer loop
      vertex 89.0825 0.61 8.78424
      vertex 89.1288 0 8.71558
      vertex 89.0825 0 8.78424
    endloop
  endfacet
  facet normal -0.775562 0 -0.631271
    outer loop
      vertex 89.0825 0 8.78424
      vertex 89.03 0.61 8.84874
      vertex 89.0825 0.61 8.78424
    endloop
  endfacet
  facet normal -0.775562 -0 -0.631271
    outer loop
      vertex 89.03 0.61 8.84874
      vertex 89.0825 0 8.78424
      vertex 89.03 0 8.84874
    endloop
  endfacet
  facet normal -0.716723 0 -0.697358
    outer loop
      vertex 89.03 0 8.84874
      vertex 88.9713 0.61 8.90907
      vertex 89.03 0.61 8.84874
    endloop
  endfacet
  facet normal -0.716723 -0 -0.697358
    outer loop
      vertex 88.9713 0.61 8.90907
      vertex 89.03 0 8.84874
      vertex 88.9713 0 8.90907
    endloop
  endfacet
  facet normal -0.654553 0 -0.756016
    outer loop
      vertex 88.9064 0 8.96526
      vertex 88.9713 0.61 8.90907
      vertex 88.9713 0 8.90907
    endloop
  endfacet
  facet normal -0.654553 0 -0.756016
    outer loop
      vertex 88.9713 0.61 8.90907
      vertex 88.9064 0 8.96526
      vertex 88.9064 0.61 8.96526
    endloop
  endfacet
  facet normal -0.589753 0 -0.807584
    outer loop
      vertex 88.8357 0 9.01689
      vertex 88.9064 0.61 8.96526
      vertex 88.9064 0 8.96526
    endloop
  endfacet
  facet normal -0.589753 0 -0.807584
    outer loop
      vertex 88.9064 0.61 8.96526
      vertex 88.8357 0 9.01689
      vertex 88.8357 0.61 9.01689
    endloop
  endfacet
  facet normal -0.523697 0 -0.851905
    outer loop
      vertex 88.7597 0 9.06361
      vertex 88.8357 0.61 9.01689
      vertex 88.8357 0 9.01689
    endloop
  endfacet
  facet normal -0.523697 0 -0.851905
    outer loop
      vertex 88.8357 0.61 9.01689
      vertex 88.7597 0 9.06361
      vertex 88.7597 0.61 9.06361
    endloop
  endfacet
  facet normal -0.456891 0 -0.889523
    outer loop
      vertex 88.6783 0 9.10542
      vertex 88.7597 0.61 9.06361
      vertex 88.7597 0 9.06361
    endloop
  endfacet
  facet normal -0.456891 0 -0.889523
    outer loop
      vertex 88.7597 0.61 9.06361
      vertex 88.6783 0 9.10542
      vertex 88.6783 0.61 9.10542
    endloop
  endfacet
  facet normal -0.391051 0 -0.920369
    outer loop
      vertex 88.5915 0 9.1423
      vertex 88.6783 0.61 9.10542
      vertex 88.6783 0 9.10542
    endloop
  endfacet
  facet normal -0.391051 0 -0.920369
    outer loop
      vertex 88.6783 0.61 9.10542
      vertex 88.5915 0 9.1423
      vertex 88.5915 0.61 9.1423
    endloop
  endfacet
  facet normal -0.327928 0 -0.944703
    outer loop
      vertex 88.4994 0 9.17427
      vertex 88.5915 0.61 9.1423
      vertex 88.5915 0 9.1423
    endloop
  endfacet
  facet normal -0.327928 0 -0.944703
    outer loop
      vertex 88.5915 0.61 9.1423
      vertex 88.4994 0 9.17427
      vertex 88.4994 0.61 9.17427
    endloop
  endfacet
  facet normal -0.267338 0 -0.963603
    outer loop
      vertex 88.4019 0 9.20132
      vertex 88.4994 0.61 9.17427
      vertex 88.4994 0 9.17427
    endloop
  endfacet
  facet normal -0.267338 0 -0.963603
    outer loop
      vertex 88.4994 0.61 9.17427
      vertex 88.4019 0 9.20132
      vertex 88.4019 0.61 9.20132
    endloop
  endfacet
  facet normal -0.210256 0 -0.977646
    outer loop
      vertex 88.299 0 9.22345
      vertex 88.4019 0.61 9.20132
      vertex 88.4019 0 9.20132
    endloop
  endfacet
  facet normal -0.210256 0 -0.977646
    outer loop
      vertex 88.4019 0.61 9.20132
      vertex 88.299 0 9.22345
      vertex 88.299 0.61 9.22345
    endloop
  endfacet
  facet normal -0.157083 0 -0.987585
    outer loop
      vertex 88.1908 0 9.24066
      vertex 88.299 0.61 9.22345
      vertex 88.299 0 9.22345
    endloop
  endfacet
  facet normal -0.157083 0 -0.987585
    outer loop
      vertex 88.299 0.61 9.22345
      vertex 88.1908 0 9.24066
      vertex 88.1908 0.61 9.24066
    endloop
  endfacet
  facet normal -0.107552 0 -0.994199
    outer loop
      vertex 88.0771 0 9.25296
      vertex 88.1908 0.61 9.24066
      vertex 88.1908 0 9.24066
    endloop
  endfacet
  facet normal -0.107552 0 -0.994199
    outer loop
      vertex 88.1908 0.61 9.24066
      vertex 88.0771 0 9.25296
      vertex 88.0771 0.61 9.25296
    endloop
  endfacet
  facet normal -0.0618143 0 -0.998088
    outer loop
      vertex 87.9581 0 9.26033
      vertex 88.0771 0.61 9.25296
      vertex 88.0771 0 9.25296
    endloop
  endfacet
  facet normal -0.0618143 0 -0.998088
    outer loop
      vertex 88.0771 0.61 9.25296
      vertex 87.9581 0 9.26033
      vertex 87.9581 0.61 9.26033
    endloop
  endfacet
  facet normal -0.0198674 0 -0.999803
    outer loop
      vertex 87.8338 0 9.2628
      vertex 87.9581 0.61 9.26033
      vertex 87.9581 0 9.26033
    endloop
  endfacet
  facet normal -0.0198674 0 -0.999803
    outer loop
      vertex 87.9581 0.61 9.26033
      vertex 87.8338 0 9.2628
      vertex 87.8338 0.61 9.2628
    endloop
  endfacet
  facet normal 0.0207673 0 -0.999784
    outer loop
      vertex 87.712 0 9.26027
      vertex 87.8338 0.61 9.2628
      vertex 87.8338 0 9.2628
    endloop
  endfacet
  facet normal 0.0207673 0 -0.999784
    outer loop
      vertex 87.8338 0.61 9.2628
      vertex 87.712 0 9.26027
      vertex 87.712 0.61 9.26027
    endloop
  endfacet
  facet normal 0.0647864 0 -0.997899
    outer loop
      vertex 87.5954 0 9.2527
      vertex 87.712 0.61 9.26027
      vertex 87.712 0 9.26027
    endloop
  endfacet
  facet normal 0.0647864 0 -0.997899
    outer loop
      vertex 87.712 0.61 9.26027
      vertex 87.5954 0 9.2527
      vertex 87.5954 0.61 9.2527
    endloop
  endfacet
  facet normal 0.112389 0 -0.993664
    outer loop
      vertex 87.484 0 9.2401
      vertex 87.5954 0.61 9.2527
      vertex 87.5954 0 9.2527
    endloop
  endfacet
  facet normal 0.112389 0 -0.993664
    outer loop
      vertex 87.5954 0.61 9.2527
      vertex 87.484 0 9.2401
      vertex 87.484 0.61 9.2401
    endloop
  endfacet
  facet normal 0.163737 0 -0.986504
    outer loop
      vertex 87.3776 0 9.22244
      vertex 87.484 0.61 9.2401
      vertex 87.484 0 9.2401
    endloop
  endfacet
  facet normal 0.163737 0 -0.986504
    outer loop
      vertex 87.484 0.61 9.2401
      vertex 87.3776 0 9.22244
      vertex 87.3776 0.61 9.22244
    endloop
  endfacet
  facet normal 0.21887 0 -0.975754
    outer loop
      vertex 87.2764 0 9.19974
      vertex 87.3776 0.61 9.22244
      vertex 87.3776 0 9.22244
    endloop
  endfacet
  facet normal 0.21887 0 -0.975754
    outer loop
      vertex 87.3776 0.61 9.22244
      vertex 87.2764 0 9.19974
      vertex 87.2764 0.61 9.19974
    endloop
  endfacet
  facet normal 0.277068 0 -0.96085
    outer loop
      vertex 87.1802 0 9.172
      vertex 87.2764 0.61 9.19974
      vertex 87.2764 0 9.19974
    endloop
  endfacet
  facet normal 0.277068 0 -0.96085
    outer loop
      vertex 87.2764 0.61 9.19974
      vertex 87.1802 0 9.172
      vertex 87.1802 0.61 9.172
    endloop
  endfacet
  facet normal 0.338994 0 -0.940789
    outer loop
      vertex 87.0892 0 9.13921
      vertex 87.1802 0.61 9.172
      vertex 87.1802 0 9.172
    endloop
  endfacet
  facet normal 0.338994 0 -0.940789
    outer loop
      vertex 87.1802 0.61 9.172
      vertex 87.0892 0 9.13921
      vertex 87.0892 0.61 9.13921
    endloop
  endfacet
  facet normal 0.403042 0 -0.915181
    outer loop
      vertex 87.0033 0 9.10138
      vertex 87.0892 0.61 9.13921
      vertex 87.0892 0 9.13921
    endloop
  endfacet
  facet normal 0.403042 0 -0.915181
    outer loop
      vertex 87.0892 0.61 9.13921
      vertex 87.0033 0 9.10138
      vertex 87.0033 0.61 9.10138
    endloop
  endfacet
  facet normal 0.46931 0 -0.883034
    outer loop
      vertex 86.9226 0 9.05849
      vertex 87.0033 0.61 9.10138
      vertex 87.0033 0 9.10138
    endloop
  endfacet
  facet normal 0.46931 0 -0.883034
    outer loop
      vertex 87.0033 0.61 9.10138
      vertex 86.9226 0 9.05849
      vertex 86.9226 0.61 9.05849
    endloop
  endfacet
  facet normal 0.534866 0 -0.844937
    outer loop
      vertex 86.8469 0 9.01057
      vertex 86.9226 0.61 9.05849
      vertex 86.9226 0 9.05849
    endloop
  endfacet
  facet normal 0.534866 0 -0.844937
    outer loop
      vertex 86.9226 0.61 9.05849
      vertex 86.8469 0 9.01057
      vertex 86.8469 0.61 9.01057
    endloop
  endfacet
  facet normal 0.600617 0 -0.799537
    outer loop
      vertex 86.7764 0 8.95761
      vertex 86.8469 0.61 9.01057
      vertex 86.8469 0 9.01057
    endloop
  endfacet
  facet normal 0.600617 0 -0.799537
    outer loop
      vertex 86.8469 0.61 9.01057
      vertex 86.7764 0 8.95761
      vertex 86.7764 0.61 8.95761
    endloop
  endfacet
  facet normal 0.662045 0 -0.749464
    outer loop
      vertex 86.7115 0 8.90028
      vertex 86.7764 0.61 8.95761
      vertex 86.7764 0 8.95761
    endloop
  endfacet
  facet normal 0.662045 0 -0.749464
    outer loop
      vertex 86.7764 0.61 8.95761
      vertex 86.7115 0 8.90028
      vertex 86.7115 0.61 8.90028
    endloop
  endfacet
  facet normal 0.720561 0 -0.693392
    outer loop
      vertex 86.7115 0 8.90028
      vertex 86.6528 0.61 8.83928
      vertex 86.7115 0.61 8.90028
    endloop
  endfacet
  facet normal 0.720561 0 -0.693392
    outer loop
      vertex 86.6528 0.61 8.83928
      vertex 86.7115 0 8.90028
      vertex 86.6528 0 8.83928
    endloop
  endfacet
  facet normal 0.776422 0 -0.630213
    outer loop
      vertex 86.6528 0 8.83928
      vertex 86.6003 0.61 8.7746
      vertex 86.6528 0.61 8.83928
    endloop
  endfacet
  facet normal 0.776422 0 -0.630213
    outer loop
      vertex 86.6003 0.61 8.7746
      vertex 86.6528 0 8.83928
      vertex 86.6003 0 8.7746
    endloop
  endfacet
  facet normal 0.828042 0 -0.560666
    outer loop
      vertex 86.6003 0 8.7746
      vertex 86.554 0.61 8.70622
      vertex 86.6003 0.61 8.7746
    endloop
  endfacet
  facet normal 0.828042 0 -0.560666
    outer loop
      vertex 86.554 0.61 8.70622
      vertex 86.6003 0 8.7746
      vertex 86.554 0 8.70622
    endloop
  endfacet
  facet normal 0.87327 0 -0.487237
    outer loop
      vertex 86.554 0 8.70622
      vertex 86.5138 0.61 8.63417
      vertex 86.554 0.61 8.70622
    endloop
  endfacet
  facet normal 0.87327 0 -0.487237
    outer loop
      vertex 86.5138 0.61 8.63417
      vertex 86.554 0 8.70622
      vertex 86.5138 0 8.63417
    endloop
  endfacet
  facet normal 0.912275 0 -0.409578
    outer loop
      vertex 86.5138 0 8.63417
      vertex 86.4798 0.61 8.55844
      vertex 86.5138 0.61 8.63417
    endloop
  endfacet
  facet normal 0.912275 0 -0.409578
    outer loop
      vertex 86.4798 0.61 8.55844
      vertex 86.5138 0 8.63417
      vertex 86.4798 0 8.55844
    endloop
  endfacet
  facet normal 0.943834 0 -0.330419
    outer loop
      vertex 86.4798 0 8.55844
      vertex 86.452 0.61 8.47903
      vertex 86.4798 0.61 8.55844
    endloop
  endfacet
  facet normal 0.943834 0 -0.330419
    outer loop
      vertex 86.452 0.61 8.47903
      vertex 86.4798 0 8.55844
      vertex 86.452 0 8.47903
    endloop
  endfacet
  facet normal 0.967832 0 -0.251597
    outer loop
      vertex 86.452 0 8.47903
      vertex 86.4304 0.61 8.39594
      vertex 86.452 0.61 8.47903
    endloop
  endfacet
  facet normal 0.967832 0 -0.251597
    outer loop
      vertex 86.4304 0.61 8.39594
      vertex 86.452 0 8.47903
      vertex 86.4304 0 8.39594
    endloop
  endfacet
  facet normal 0.984421 0 -0.17583
    outer loop
      vertex 86.4304 0 8.39594
      vertex 86.4149 0.61 8.30916
      vertex 86.4304 0.61 8.39594
    endloop
  endfacet
  facet normal 0.984421 0 -0.17583
    outer loop
      vertex 86.4149 0.61 8.30916
      vertex 86.4304 0 8.39594
      vertex 86.4149 0 8.30916
    endloop
  endfacet
  facet normal 0.994868 0 -0.10118
    outer loop
      vertex 86.4149 0 8.30916
      vertex 86.4057 0.61 8.2187
      vertex 86.4149 0.61 8.30916
    endloop
  endfacet
  facet normal 0.994868 0 -0.10118
    outer loop
      vertex 86.4057 0.61 8.2187
      vertex 86.4149 0 8.30916
      vertex 86.4057 0 8.2187
    endloop
  endfacet
  facet normal 0.999458 0 -0.0329118
    outer loop
      vertex 86.4057 0 8.2187
      vertex 86.4026 0.61 8.12456
      vertex 86.4057 0.61 8.2187
    endloop
  endfacet
  facet normal 0.999458 0 -0.0329118
    outer loop
      vertex 86.4026 0.61 8.12456
      vertex 86.4057 0 8.2187
      vertex 86.4026 0 8.12456
    endloop
  endfacet
  facet normal 0.999638 -0 0.0269188
    outer loop
      vertex 86.4026 0 8.12456
      vertex 86.4043 0.61 8.06143
      vertex 86.4026 0.61 8.12456
    endloop
  endfacet
  facet normal 0.999638 0 0.0269188
    outer loop
      vertex 86.4043 0.61 8.06143
      vertex 86.4026 0 8.12456
      vertex 86.4043 0 8.06143
    endloop
  endfacet
  facet normal 0.996339 -0 0.0854881
    outer loop
      vertex 86.4043 0 8.06143
      vertex 86.4096 0.61 7.99966
      vertex 86.4043 0.61 8.06143
    endloop
  endfacet
  facet normal 0.996339 0 0.0854881
    outer loop
      vertex 86.4096 0.61 7.99966
      vertex 86.4043 0 8.06143
      vertex 86.4096 0 7.99966
    endloop
  endfacet
  facet normal 0.989314 -0 0.145801
    outer loop
      vertex 86.4096 0 7.99966
      vertex 86.4185 0.61 7.93927
      vertex 86.4096 0.61 7.99966
    endloop
  endfacet
  facet normal 0.989314 0 0.145801
    outer loop
      vertex 86.4185 0.61 7.93927
      vertex 86.4096 0 7.99966
      vertex 86.4185 0 7.93927
    endloop
  endfacet
  facet normal 0.978987 -0 0.203921
    outer loop
      vertex 86.4185 0 7.93927
      vertex 86.4308 0.61 7.88022
      vertex 86.4185 0.61 7.93927
    endloop
  endfacet
  facet normal 0.978987 0 0.203921
    outer loop
      vertex 86.4308 0.61 7.88022
      vertex 86.4185 0 7.93927
      vertex 86.4308 0 7.88022
    endloop
  endfacet
  facet normal 0.964043 -0 0.265747
    outer loop
      vertex 86.4308 0 7.88022
      vertex 86.4467 0.61 7.82254
      vertex 86.4308 0.61 7.88022
    endloop
  endfacet
  facet normal 0.964043 0 0.265747
    outer loop
      vertex 86.4467 0.61 7.82254
      vertex 86.4308 0 7.88022
      vertex 86.4467 0 7.82254
    endloop
  endfacet
  facet normal 0.94548 -0 0.32568
    outer loop
      vertex 86.4467 0 7.82254
      vertex 86.4661 0.61 7.76622
      vertex 86.4467 0.61 7.82254
    endloop
  endfacet
  facet normal 0.94548 0 0.32568
    outer loop
      vertex 86.4661 0.61 7.76622
      vertex 86.4467 0 7.82254
      vertex 86.4661 0 7.76622
    endloop
  endfacet
  facet normal 0.92248 -0 0.386045
    outer loop
      vertex 86.4661 0 7.76622
      vertex 86.4891 0.61 7.71126
      vertex 86.4661 0.61 7.76622
    endloop
  endfacet
  facet normal 0.92248 0 0.386045
    outer loop
      vertex 86.4891 0.61 7.71126
      vertex 86.4661 0 7.76622
      vertex 86.4891 0 7.71126
    endloop
  endfacet
  facet normal 0.897056 -0 0.441916
    outer loop
      vertex 86.4891 0 7.71126
      vertex 86.5155 0.61 7.65767
      vertex 86.4891 0.61 7.71126
    endloop
  endfacet
  facet normal 0.897056 0 0.441916
    outer loop
      vertex 86.5155 0.61 7.65767
      vertex 86.4891 0 7.71126
      vertex 86.5155 0 7.65767
    endloop
  endfacet
  facet normal 0.867138 -0 0.498069
    outer loop
      vertex 86.5155 0 7.65767
      vertex 86.5455 0.61 7.60544
      vertex 86.5155 0.61 7.65767
    endloop
  endfacet
  facet normal 0.867138 0 0.498069
    outer loop
      vertex 86.5455 0.61 7.60544
      vertex 86.5155 0 7.65767
      vertex 86.5455 0 7.60544
    endloop
  endfacet
  facet normal 0.834415 -0 0.551137
    outer loop
      vertex 86.5455 0 7.60544
      vertex 86.5791 0.61 7.55457
      vertex 86.5455 0.61 7.60544
    endloop
  endfacet
  facet normal 0.834415 0 0.551137
    outer loop
      vertex 86.5791 0.61 7.55457
      vertex 86.5455 0 7.60544
      vertex 86.5791 0 7.55457
    endloop
  endfacet
  facet normal 0.801086 -0 0.59855
    outer loop
      vertex 86.5791 0 7.55457
      vertex 86.6161 0.61 7.50505
      vertex 86.5791 0.61 7.55457
    endloop
  endfacet
  facet normal 0.801086 0 0.59855
    outer loop
      vertex 86.6161 0.61 7.50505
      vertex 86.5791 0 7.55457
      vertex 86.6161 0 7.50505
    endloop
  endfacet
  facet normal 0.763098 -0 0.646283
    outer loop
      vertex 86.6161 0 7.50505
      vertex 86.6561 0.61 7.45782
      vertex 86.6161 0.61 7.50505
    endloop
  endfacet
  facet normal 0.763098 0 0.646283
    outer loop
      vertex 86.6561 0.61 7.45782
      vertex 86.6161 0 7.50505
      vertex 86.6561 0 7.45782
    endloop
  endfacet
  facet normal 0.722186 -0 0.691699
    outer loop
      vertex 86.6561 0 7.45782
      vertex 86.6983 0.61 7.41376
      vertex 86.6561 0.61 7.45782
    endloop
  endfacet
  facet normal 0.722186 0 0.691699
    outer loop
      vertex 86.6983 0.61 7.41376
      vertex 86.6561 0 7.45782
      vertex 86.6983 0 7.41376
    endloop
  endfacet
  facet normal 0.677344 0 0.735667
    outer loop
      vertex 86.6983 0.61 7.41376
      vertex 86.7427 0 7.37288
      vertex 86.7427 0.61 7.37288
    endloop
  endfacet
  facet normal 0.677344 0 0.735667
    outer loop
      vertex 86.7427 0 7.37288
      vertex 86.6983 0.61 7.41376
      vertex 86.6983 0 7.41376
    endloop
  endfacet
  facet normal 0.628857 0 0.777521
    outer loop
      vertex 86.7427 0.61 7.37288
      vertex 86.7893 0 7.33519
      vertex 86.7893 0.61 7.33519
    endloop
  endfacet
  facet normal 0.628857 0 0.777521
    outer loop
      vertex 86.7893 0 7.33519
      vertex 86.7427 0.61 7.37288
      vertex 86.7427 0 7.37288
    endloop
  endfacet
  facet normal 0.577609 0 0.816314
    outer loop
      vertex 86.7893 0.61 7.33519
      vertex 86.8381 0 7.30066
      vertex 86.8381 0.61 7.30066
    endloop
  endfacet
  facet normal 0.577609 0 0.816314
    outer loop
      vertex 86.8381 0 7.30066
      vertex 86.7893 0.61 7.33519
      vertex 86.7893 0 7.33519
    endloop
  endfacet
  facet normal 0.523557 0 0.851991
    outer loop
      vertex 86.8381 0.61 7.30066
      vertex 86.8891 0 7.26932
      vertex 86.8891 0.61 7.26932
    endloop
  endfacet
  facet normal 0.523557 0 0.851991
    outer loop
      vertex 86.8891 0 7.26932
      vertex 86.8381 0.61 7.30066
      vertex 86.8381 0 7.30066
    endloop
  endfacet
  facet normal 0.46727 0 0.884115
    outer loop
      vertex 86.8891 0.61 7.26932
      vertex 86.9424 0 7.24115
      vertex 86.9424 0.61 7.24115
    endloop
  endfacet
  facet normal 0.46727 0 0.884115
    outer loop
      vertex 86.9424 0 7.24115
      vertex 86.8891 0.61 7.26932
      vertex 86.8891 0 7.26932
    endloop
  endfacet
  facet normal 0.41057 0 0.911829
    outer loop
      vertex 86.9424 0.61 7.24115
      vertex 86.9979 0 7.21616
      vertex 86.9979 0.61 7.21616
    endloop
  endfacet
  facet normal 0.41057 0 0.911829
    outer loop
      vertex 86.9979 0 7.21616
      vertex 86.9424 0.61 7.24115
      vertex 86.9424 0 7.24115
    endloop
  endfacet
  facet normal 0.353574 0 0.935407
    outer loop
      vertex 86.9979 0.61 7.21616
      vertex 87.0556 0 7.19435
      vertex 87.0556 0.61 7.19435
    endloop
  endfacet
  facet normal 0.353574 0 0.935407
    outer loop
      vertex 87.0556 0 7.19435
      vertex 86.9979 0.61 7.21616
      vertex 86.9979 0 7.21616
    endloop
  endfacet
  facet normal 0.296986 0 0.954882
    outer loop
      vertex 87.0556 0.61 7.19435
      vertex 87.1155 0 7.17572
      vertex 87.1155 0.61 7.17572
    endloop
  endfacet
  facet normal 0.296986 0 0.954882
    outer loop
      vertex 87.1155 0 7.17572
      vertex 87.0556 0.61 7.19435
      vertex 87.0556 0 7.19435
    endloop
  endfacet
  facet normal 0.241214 0 0.970472
    outer loop
      vertex 87.1155 0.61 7.17572
      vertex 87.1777 0 7.16026
      vertex 87.1777 0.61 7.16026
    endloop
  endfacet
  facet normal 0.241214 0 0.970472
    outer loop
      vertex 87.1777 0 7.16026
      vertex 87.1155 0.61 7.17572
      vertex 87.1155 0 7.17572
    endloop
  endfacet
  facet normal 1 -0 0
    outer loop
      vertex 87.1777 0 7.16026
      vertex 87.1777 0.61 7.14807
      vertex 87.1777 0.61 7.16026
    endloop
  endfacet
  facet normal 1 0 0
    outer loop
      vertex 87.1777 0.61 7.14807
      vertex 87.1777 0 7.16026
      vertex 87.1777 0 7.14807
    endloop
  endfacet
  facet normal 0.192282 0 -0.98134
    outer loop
      vertex 87.1063 0 7.13408
      vertex 87.1777 0.61 7.14807
      vertex 87.1777 0 7.14807
    endloop
  endfacet
  facet normal 0.192282 0 -0.98134
    outer loop
      vertex 87.1777 0.61 7.14807
      vertex 87.1063 0 7.13408
      vertex 87.1063 0.61 7.13408
    endloop
  endfacet
  facet normal 0.24751 0 -0.968885
    outer loop
      vertex 87.0376 0 7.11653
      vertex 87.1063 0.61 7.13408
      vertex 87.1063 0 7.13408
    endloop
  endfacet
  facet normal 0.24751 0 -0.968885
    outer loop
      vertex 87.1063 0.61 7.13408
      vertex 87.0376 0 7.11653
      vertex 87.0376 0.61 7.11653
    endloop
  endfacet
  facet normal 0.304383 0 -0.95255
    outer loop
      vertex 86.9716 0 7.09544
      vertex 87.0376 0.61 7.11653
      vertex 87.0376 0 7.11653
    endloop
  endfacet
  facet normal 0.304383 0 -0.95255
    outer loop
      vertex 87.0376 0.61 7.11653
      vertex 86.9716 0 7.09544
      vertex 86.9716 0.61 7.09544
    endloop
  endfacet
  facet normal 0.362872 0 -0.931839
    outer loop
      vertex 86.9083 0 7.07079
      vertex 86.9716 0.61 7.09544
      vertex 86.9716 0 7.09544
    endloop
  endfacet
  facet normal 0.362872 0 -0.931839
    outer loop
      vertex 86.9716 0.61 7.09544
      vertex 86.9083 0 7.07079
      vertex 86.9083 0.61 7.07079
    endloop
  endfacet
  facet normal 0.422148 0 -0.906527
    outer loop
      vertex 86.8477 0 7.04257
      vertex 86.9083 0.61 7.07079
      vertex 86.9083 0 7.07079
    endloop
  endfacet
  facet normal 0.422148 0 -0.906527
    outer loop
      vertex 86.9083 0.61 7.07079
      vertex 86.8477 0 7.04257
      vertex 86.8477 0.61 7.04257
    endloop
  endfacet
  facet normal 0.480176 0 -0.877172
    outer loop
      vertex 86.7897 0 7.01082
      vertex 86.8477 0.61 7.04257
      vertex 86.8477 0 7.04257
    endloop
  endfacet
  facet normal 0.480176 0 -0.877172
    outer loop
      vertex 86.8477 0.61 7.04257
      vertex 86.7897 0 7.01082
      vertex 86.7897 0.61 7.01082
    endloop
  endfacet
  facet normal 0.538167 0 -0.842838
    outer loop
      vertex 86.7344 0 6.97551
      vertex 86.7897 0.61 7.01082
      vertex 86.7897 0 7.01082
    endloop
  endfacet
  facet normal 0.538167 0 -0.842838
    outer loop
      vertex 86.7897 0.61 7.01082
      vertex 86.7344 0 6.97551
      vertex 86.7344 0.61 6.97551
    endloop
  endfacet
  facet normal 0.593678 0 -0.804703
    outer loop
      vertex 86.6817 0 6.93663
      vertex 86.7344 0.61 6.97551
      vertex 86.7344 0 6.97551
    endloop
  endfacet
  facet normal 0.593678 0 -0.804703
    outer loop
      vertex 86.7344 0.61 6.97551
      vertex 86.6817 0 6.93663
      vertex 86.6817 0.61 6.93663
    endloop
  endfacet
  facet normal 0.647781 0 -0.761826
    outer loop
      vertex 86.6318 0 6.8942
      vertex 86.6817 0.61 6.93663
      vertex 86.6817 0 6.93663
    endloop
  endfacet
  facet normal 0.647781 0 -0.761826
    outer loop
      vertex 86.6817 0.61 6.93663
      vertex 86.6318 0 6.8942
      vertex 86.6318 0.61 6.8942
    endloop
  endfacet
  facet normal 0.697109 0 -0.716965
    outer loop
      vertex 86.5845 0 6.84821
      vertex 86.6318 0.61 6.8942
      vertex 86.6318 0 6.8942
    endloop
  endfacet
  facet normal 0.697109 0 -0.716965
    outer loop
      vertex 86.6318 0.61 6.8942
      vertex 86.5845 0 6.84821
      vertex 86.5845 0.61 6.84821
    endloop
  endfacet
  facet normal 0.743257 0 -0.669006
    outer loop
      vertex 86.5845 0 6.84821
      vertex 86.5399 0.61 6.79866
      vertex 86.5845 0.61 6.84821
    endloop
  endfacet
  facet normal 0.743257 0 -0.669006
    outer loop
      vertex 86.5399 0.61 6.79866
      vertex 86.5845 0 6.84821
      vertex 86.5399 0 6.79866
    endloop
  endfacet
  facet normal 0.785381 0 -0.619012
    outer loop
      vertex 86.5399 0 6.79866
      vertex 86.4986 0.61 6.74626
      vertex 86.5399 0.61 6.79866
    endloop
  endfacet
  facet normal 0.785381 0 -0.619012
    outer loop
      vertex 86.4986 0.61 6.74626
      vertex 86.5399 0 6.79866
      vertex 86.4986 0 6.74626
    endloop
  endfacet
  facet normal 0.824672 0 -0.565611
    outer loop
      vertex 86.4986 0 6.74626
      vertex 86.4612 0.61 6.69173
      vertex 86.4986 0.61 6.74626
    endloop
  endfacet
  facet normal 0.824672 0 -0.565611
    outer loop
      vertex 86.4612 0.61 6.69173
      vertex 86.4986 0 6.74626
      vertex 86.4612 0 6.69173
    endloop
  endfacet
  facet normal 0.861504 0 -0.507751
    outer loop
      vertex 86.4612 0 6.69173
      vertex 86.4278 0.61 6.63506
      vertex 86.4612 0.61 6.69173
    endloop
  endfacet
  facet normal 0.861504 0 -0.507751
    outer loop
      vertex 86.4278 0.61 6.63506
      vertex 86.4612 0 6.69173
      vertex 86.4278 0 6.63506
    endloop
  endfacet
  facet normal 0.89391 0 -0.448247
    outer loop
      vertex 86.4278 0 6.63506
      vertex 86.3983 0.61 6.57623
      vertex 86.4278 0.61 6.63506
    endloop
  endfacet
  facet normal 0.89391 0 -0.448247
    outer loop
      vertex 86.3983 0.61 6.57623
      vertex 86.4278 0 6.63506
      vertex 86.3983 0 6.57623
    endloop
  endfacet
  facet normal 0.921999 0 -0.387191
    outer loop
      vertex 86.3983 0 6.57623
      vertex 86.3727 0.61 6.51527
      vertex 86.3983 0.61 6.57623
    endloop
  endfacet
  facet normal 0.921999 0 -0.387191
    outer loop
      vertex 86.3727 0.61 6.51527
      vertex 86.3983 0 6.57623
      vertex 86.3727 0 6.51527
    endloop
  endfacet
  facet normal 0.945659 0 -0.325159
    outer loop
      vertex 86.3727 0 6.51527
      vertex 86.351 0.61 6.45216
      vertex 86.3727 0.61 6.51527
    endloop
  endfacet
  facet normal 0.945659 0 -0.325159
    outer loop
      vertex 86.351 0.61 6.45216
      vertex 86.3727 0 6.51527
      vertex 86.351 0 6.45216
    endloop
  endfacet
  facet normal 0.965131 0 -0.261766
    outer loop
      vertex 86.351 0 6.45216
      vertex 86.3333 0.61 6.3869
      vertex 86.351 0.61 6.45216
    endloop
  endfacet
  facet normal 0.965131 0 -0.261766
    outer loop
      vertex 86.3333 0.61 6.3869
      vertex 86.351 0 6.45216
      vertex 86.3333 0 6.3869
    endloop
  endfacet
  facet normal 0.979961 0 -0.199191
    outer loop
      vertex 86.3333 0 6.3869
      vertex 86.3196 0.61 6.3195
      vertex 86.3333 0.61 6.3869
    endloop
  endfacet
  facet normal 0.979961 0 -0.199191
    outer loop
      vertex 86.3196 0.61 6.3195
      vertex 86.3333 0 6.3869
      vertex 86.3196 0 6.3195
    endloop
  endfacet
  facet normal 0.990021 0 -0.140923
    outer loop
      vertex 86.3196 0 6.3195
      vertex 86.3097 0.61 6.24995
      vertex 86.3196 0.61 6.3195
    endloop
  endfacet
  facet normal 0.990021 0 -0.140923
    outer loop
      vertex 86.3097 0.61 6.24995
      vertex 86.3196 0 6.3195
      vertex 86.3097 0 6.24995
    endloop
  endfacet
  facet normal 0.99663 0 -0.0820329
    outer loop
      vertex 86.3097 0 6.24995
      vertex 86.3038 0.61 6.17827
      vertex 86.3097 0.61 6.24995
    endloop
  endfacet
  facet normal 0.99663 0 -0.0820329
    outer loop
      vertex 86.3038 0.61 6.17827
      vertex 86.3097 0 6.24995
      vertex 86.3038 0 6.17827
    endloop
  endfacet
  facet normal 0.999669 0 -0.0257298
    outer loop
      vertex 86.3038 0 6.17827
      vertex 86.3019 0.61 6.10445
      vertex 86.3038 0.61 6.17827
    endloop
  endfacet
  facet normal 0.999669 0 -0.0257298
    outer loop
      vertex 86.3019 0.61 6.10445
      vertex 86.3038 0 6.17827
      vertex 86.3019 0 6.10445
    endloop
  endfacet
  facet normal 0.999526 -0 0.0308006
    outer loop
      vertex 86.3019 0 6.10445
      vertex 86.3052 0.61 5.99736
      vertex 86.3019 0.61 6.10445
    endloop
  endfacet
  facet normal 0.999526 0 0.0308006
    outer loop
      vertex 86.3052 0.61 5.99736
      vertex 86.3019 0 6.10445
      vertex 86.3052 0 5.99736
    endloop
  endfacet
  facet normal 0.995288 -0 0.0969594
    outer loop
      vertex 86.3052 0 5.99736
      vertex 86.3152 0.61 5.89471
      vertex 86.3052 0.61 5.99736
    endloop
  endfacet
  facet normal 0.995288 0 0.0969594
    outer loop
      vertex 86.3152 0.61 5.89471
      vertex 86.3052 0 5.99736
      vertex 86.3152 0 5.89471
    endloop
  endfacet
  facet normal 0.985846 -0 0.167654
    outer loop
      vertex 86.3152 0 5.89471
      vertex 86.3319 0.61 5.79651
      vertex 86.3152 0.61 5.89471
    endloop
  endfacet
  facet normal 0.985846 0 0.167654
    outer loop
      vertex 86.3319 0.61 5.79651
      vertex 86.3152 0 5.89471
      vertex 86.3319 0 5.79651
    endloop
  endfacet
  facet normal 0.970246 -0 0.242122
    outer loop
      vertex 86.3319 0 5.79651
      vertex 86.3553 0.61 5.70274
      vertex 86.3319 0.61 5.79651
    endloop
  endfacet
  facet normal 0.970246 0 0.242122
    outer loop
      vertex 86.3553 0.61 5.70274
      vertex 86.3319 0 5.79651
      vertex 86.3553 0 5.70274
    endloop
  endfacet
  facet normal 0.947638 -0 0.319345
    outer loop
      vertex 86.3553 0 5.70274
      vertex 86.3854 0.61 5.61342
      vertex 86.3553 0.61 5.70274
    endloop
  endfacet
  facet normal 0.947638 0 0.319345
    outer loop
      vertex 86.3854 0.61 5.61342
      vertex 86.3553 0 5.70274
      vertex 86.3854 0 5.61342
    endloop
  endfacet
  facet normal 0.917516 -0 0.397698
    outer loop
      vertex 86.3854 0 5.61342
      vertex 86.4222 0.61 5.52852
      vertex 86.3854 0.61 5.61342
    endloop
  endfacet
  facet normal 0.917516 0 0.397698
    outer loop
      vertex 86.4222 0.61 5.52852
      vertex 86.3854 0 5.61342
      vertex 86.4222 0 5.52852
    endloop
  endfacet
  facet normal 0.880102 -0 0.474785
    outer loop
      vertex 86.4222 0 5.52852
      vertex 86.4656 0.61 5.44807
      vertex 86.4222 0.61 5.52852
    endloop
  endfacet
  facet normal 0.880102 0 0.474785
    outer loop
      vertex 86.4656 0.61 5.44807
      vertex 86.4222 0 5.52852
      vertex 86.4656 0 5.44807
    endloop
  endfacet
  facet normal 0.834946 -0 0.550333
    outer loop
      vertex 86.4656 0 5.44807
      vertex 86.5157 0.61 5.37206
      vertex 86.4656 0.61 5.44807
    endloop
  endfacet
  facet normal 0.834946 0 0.550333
    outer loop
      vertex 86.5157 0.61 5.37206
      vertex 86.4656 0 5.44807
      vertex 86.5157 0 5.37206
    endloop
  endfacet
  facet normal 0.78334 -0 0.621594
    outer loop
      vertex 86.5157 0 5.37206
      vertex 86.5725 0.61 5.30048
      vertex 86.5157 0.61 5.37206
    endloop
  endfacet
  facet normal 0.78334 0 0.621594
    outer loop
      vertex 86.5725 0.61 5.30048
      vertex 86.5157 0 5.37206
      vertex 86.5725 0 5.30048
    endloop
  endfacet
  facet normal 0.726527 -0 0.687138
    outer loop
      vertex 86.5725 0 5.30048
      vertex 86.636 0.61 5.23334
      vertex 86.5725 0.61 5.30048
    endloop
  endfacet
  facet normal 0.726527 0 0.687138
    outer loop
      vertex 86.636 0.61 5.23334
      vertex 86.5725 0 5.30048
      vertex 86.636 0 5.23334
    endloop
  endfacet
  facet normal 0.666142 0 0.745825
    outer loop
      vertex 86.636 0.61 5.23334
      vertex 86.7062 0 5.17064
      vertex 86.7062 0.61 5.17064
    endloop
  endfacet
  facet normal 0.666142 0 0.745825
    outer loop
      vertex 86.7062 0 5.17064
      vertex 86.636 0.61 5.23334
      vertex 86.636 0 5.23334
    endloop
  endfacet
  facet normal 0.603306 0 0.79751
    outer loop
      vertex 86.7062 0.61 5.17064
      vertex 86.7825 0 5.11292
      vertex 86.7825 0.61 5.11292
    endloop
  endfacet
  facet normal 0.603306 0 0.79751
    outer loop
      vertex 86.7825 0 5.11292
      vertex 86.7062 0.61 5.17064
      vertex 86.7062 0 5.17064
    endloop
  endfacet
  facet normal 0.538556 0 0.84259
    outer loop
      vertex 86.7825 0.61 5.11292
      vertex 86.8642 0 5.0607
      vertex 86.8642 0.61 5.0607
    endloop
  endfacet
  facet normal 0.538556 0 0.84259
    outer loop
      vertex 86.8642 0 5.0607
      vertex 86.7825 0.61 5.11292
      vertex 86.7825 0 5.11292
    endloop
  endfacet
  facet normal 0.472423 0 0.881372
    outer loop
      vertex 86.8642 0.61 5.0607
      vertex 86.9514 0 5.01396
      vertex 86.9514 0.61 5.01396
    endloop
  endfacet
  facet normal 0.472423 0 0.881372
    outer loop
      vertex 86.9514 0 5.01396
      vertex 86.8642 0.61 5.0607
      vertex 86.8642 0 5.0607
    endloop
  endfacet
  facet normal 0.406752 0 0.913539
    outer loop
      vertex 86.9514 0.61 5.01396
      vertex 87.044 0 4.97273
      vertex 87.044 0.61 4.97273
    endloop
  endfacet
  facet normal 0.406752 0 0.913539
    outer loop
      vertex 87.044 0 4.97273
      vertex 86.9514 0.61 5.01396
      vertex 86.9514 0 5.01396
    endloop
  endfacet
  facet normal 0.34192 0 0.939729
    outer loop
      vertex 87.044 0.61 4.97273
      vertex 87.1422 0 4.937
      vertex 87.1422 0.61 4.937
    endloop
  endfacet
  facet normal 0.34192 0 0.939729
    outer loop
      vertex 87.1422 0 4.937
      vertex 87.044 0.61 4.97273
      vertex 87.044 0 4.97273
    endloop
  endfacet
  facet normal 0.280114 0 0.959967
    outer loop
      vertex 87.1422 0.61 4.937
      vertex 87.2458 0 4.90677
      vertex 87.2458 0.61 4.90677
    endloop
  endfacet
  facet normal 0.280114 0 0.959967
    outer loop
      vertex 87.2458 0 4.90677
      vertex 87.1422 0.61 4.937
      vertex 87.1422 0 4.937
    endloop
  endfacet
  facet normal 0.22115 0 0.97524
    outer loop
      vertex 87.2458 0.61 4.90677
      vertex 87.3549 0 4.88203
      vertex 87.3549 0.61 4.88203
    endloop
  endfacet
  facet normal 0.22115 0 0.97524
    outer loop
      vertex 87.3549 0 4.88203
      vertex 87.2458 0.61 4.90677
      vertex 87.2458 0 4.90677
    endloop
  endfacet
  facet normal 0.165712 0 0.986174
    outer loop
      vertex 87.3549 0.61 4.88203
      vertex 87.4694 0 4.86279
      vertex 87.4694 0.61 4.86279
    endloop
  endfacet
  facet normal 0.165712 0 0.986174
    outer loop
      vertex 87.4694 0 4.86279
      vertex 87.3549 0.61 4.88203
      vertex 87.3549 0 4.88203
    endloop
  endfacet
  facet normal 0.113745 0 0.99351
    outer loop
      vertex 87.4694 0.61 4.86279
      vertex 87.5895 0 4.84904
      vertex 87.5895 0.61 4.84904
    endloop
  endfacet
  facet normal 0.113745 0 0.99351
    outer loop
      vertex 87.5895 0 4.84904
      vertex 87.4694 0.61 4.86279
      vertex 87.4694 0 4.86279
    endloop
  endfacet
  facet normal 0.0654371 0 0.997857
    outer loop
      vertex 87.5895 0.61 4.84904
      vertex 87.715 0 4.84081
      vertex 87.715 0.61 4.84081
    endloop
  endfacet
  facet normal 0.0654371 0 0.997857
    outer loop
      vertex 87.715 0 4.84081
      vertex 87.5895 0.61 4.84904
      vertex 87.5895 0 4.84904
    endloop
  endfacet
  facet normal 0.0211403 0 0.999777
    outer loop
      vertex 87.715 0.61 4.84081
      vertex 87.846 0 4.83804
      vertex 87.846 0.61 4.83804
    endloop
  endfacet
  facet normal 0.0211403 0 0.999777
    outer loop
      vertex 87.846 0 4.83804
      vertex 87.715 0.61 4.84081
      vertex 87.715 0 4.84081
    endloop
  endfacet
  facet normal -0.0209802 0 0.99978
    outer loop
      vertex 87.846 0.61 4.83804
      vertex 87.978 0 4.84081
      vertex 87.978 0.61 4.84081
    endloop
  endfacet
  facet normal -0.0209802 0 0.99978
    outer loop
      vertex 87.978 0 4.84081
      vertex 87.846 0.61 4.83804
      vertex 87.846 0 4.83804
    endloop
  endfacet
  facet normal -0.170808 0 -0.985304
    outer loop
      vertex 87.6542 0 7.47665
      vertex 87.7424 0.61 7.46136
      vertex 87.7424 0 7.46136
    endloop
  endfacet
  facet normal -0.170808 0 -0.985304
    outer loop
      vertex 87.7424 0.61 7.46136
      vertex 87.6542 0 7.47665
      vertex 87.6542 0.61 7.47665
    endloop
  endfacet
  facet normal -0.307204 0 -0.951644
    outer loop
      vertex 87.5753 0 7.50212
      vertex 87.6542 0.61 7.47665
      vertex 87.6542 0 7.47665
    endloop
  endfacet
  facet normal -0.307204 0 -0.951644
    outer loop
      vertex 87.6542 0.61 7.47665
      vertex 87.5753 0 7.50212
      vertex 87.5753 0.61 7.50212
    endloop
  endfacet
  facet normal -0.45599 0 -0.889985
    outer loop
      vertex 87.5057 0 7.53778
      vertex 87.5753 0.61 7.50212
      vertex 87.5753 0 7.50212
    endloop
  endfacet
  facet normal -0.45599 0 -0.889985
    outer loop
      vertex 87.5753 0.61 7.50212
      vertex 87.5057 0 7.53778
      vertex 87.5057 0.61 7.53778
    endloop
  endfacet
  facet normal -0.605267 0 -0.796022
    outer loop
      vertex 87.4454 0 7.58363
      vertex 87.5057 0.61 7.53778
      vertex 87.5057 0 7.53778
    endloop
  endfacet
  facet normal -0.605267 0 -0.796022
    outer loop
      vertex 87.5057 0.61 7.53778
      vertex 87.4454 0 7.58363
      vertex 87.4454 0.61 7.58363
    endloop
  endfacet
  facet normal -0.739522 0 -0.673133
    outer loop
      vertex 87.4454 0 7.58363
      vertex 87.3944 0.61 7.63966
      vertex 87.4454 0.61 7.58363
    endloop
  endfacet
  facet normal -0.739522 -0 -0.673133
    outer loop
      vertex 87.3944 0.61 7.63966
      vertex 87.4454 0 7.58363
      vertex 87.3944 0 7.63966
    endloop
  endfacet
  facet normal -0.845659 0 -0.533724
    outer loop
      vertex 87.3944 0 7.63966
      vertex 87.3526 0.61 7.70589
      vertex 87.3944 0.61 7.63966
    endloop
  endfacet
  facet normal -0.845659 -0 -0.533724
    outer loop
      vertex 87.3526 0.61 7.70589
      vertex 87.3944 0 7.63966
      vertex 87.3526 0 7.70589
    endloop
  endfacet
  facet normal -0.920219 0 -0.391403
    outer loop
      vertex 87.3526 0 7.70589
      vertex 87.3201 0.61 7.7823
      vertex 87.3526 0.61 7.70589
    endloop
  endfacet
  facet normal -0.920219 -0 -0.391403
    outer loop
      vertex 87.3201 0.61 7.7823
      vertex 87.3526 0 7.70589
      vertex 87.3201 0 7.7823
    endloop
  endfacet
  facet normal -0.965946 0 -0.258745
    outer loop
      vertex 87.3201 0 7.7823
      vertex 87.2969 0.61 7.86891
      vertex 87.3201 0.61 7.7823
    endloop
  endfacet
  facet normal -0.965946 -0 -0.258745
    outer loop
      vertex 87.2969 0.61 7.86891
      vertex 87.3201 0 7.7823
      vertex 87.2969 0 7.86891
    endloop
  endfacet
  facet normal -0.989845 0 -0.142152
    outer loop
      vertex 87.2969 0 7.86891
      vertex 87.283 0.61 7.9657
      vertex 87.2969 0.61 7.86891
    endloop
  endfacet
  facet normal -0.989845 -0 -0.142152
    outer loop
      vertex 87.283 0.61 7.9657
      vertex 87.2969 0 7.86891
      vertex 87.283 0 7.9657
    endloop
  endfacet
  facet normal -0.999077 0 -0.042959
    outer loop
      vertex 87.283 0 7.9657
      vertex 87.2784 0.61 8.07268
      vertex 87.283 0.61 7.9657
    endloop
  endfacet
  facet normal -0.999077 -0 -0.042959
    outer loop
      vertex 87.2784 0.61 8.07268
      vertex 87.283 0 7.9657
      vertex 87.2784 0 8.07268
    endloop
  endfacet
  facet normal -0.998989 0 0.0449555
    outer loop
      vertex 87.2784 0 8.07268
      vertex 87.283 0.61 8.1749
      vertex 87.2784 0.61 8.07268
    endloop
  endfacet
  facet normal -0.998989 0 0.0449555
    outer loop
      vertex 87.283 0.61 8.1749
      vertex 87.2784 0 8.07268
      vertex 87.283 0 8.1749
    endloop
  endfacet
  facet normal -0.989205 0 0.146541
    outer loop
      vertex 87.283 0 8.1749
      vertex 87.2967 0.61 8.26738
      vertex 87.283 0.61 8.1749
    endloop
  endfacet
  facet normal -0.989205 0 0.146541
    outer loop
      vertex 87.2967 0.61 8.26738
      vertex 87.283 0 8.1749
      vertex 87.2967 0 8.26738
    endloop
  endfacet
  facet normal -0.963476 0 0.267794
    outer loop
      vertex 87.2967 0 8.26738
      vertex 87.3197 0.61 8.35013
      vertex 87.2967 0.61 8.26738
    endloop
  endfacet
  facet normal -0.963476 0 0.267794
    outer loop
      vertex 87.3197 0.61 8.35013
      vertex 87.2967 0 8.26738
      vertex 87.3197 0 8.35013
    endloop
  endfacet
  facet normal -0.915428 0 0.402482
    outer loop
      vertex 87.3197 0 8.35013
      vertex 87.3518 0.61 8.42314
      vertex 87.3197 0.61 8.35013
    endloop
  endfacet
  facet normal -0.915428 0 0.402482
    outer loop
      vertex 87.3518 0.61 8.42314
      vertex 87.3197 0 8.35013
      vertex 87.3518 0 8.42314
    endloop
  endfacet
  facet normal -0.837426 0 0.54655
    outer loop
      vertex 87.3518 0 8.42314
      vertex 87.3931 0.61 8.48642
      vertex 87.3518 0.61 8.42314
    endloop
  endfacet
  facet normal -0.837426 0 0.54655
    outer loop
      vertex 87.3931 0.61 8.48642
      vertex 87.3518 0 8.42314
      vertex 87.3931 0 8.48642
    endloop
  endfacet
  facet normal -0.727394 0 0.68622
    outer loop
      vertex 87.3931 0 8.48642
      vertex 87.4436 0.61 8.53995
      vertex 87.3931 0.61 8.48642
    endloop
  endfacet
  facet normal -0.727394 0 0.68622
    outer loop
      vertex 87.4436 0.61 8.53995
      vertex 87.3931 0 8.48642
      vertex 87.4436 0 8.53995
    endloop
  endfacet
  facet normal -0.591627 0 0.806212
    outer loop
      vertex 87.4436 0.61 8.53995
      vertex 87.5033 0 8.58376
      vertex 87.5033 0.61 8.58376
    endloop
  endfacet
  facet normal -0.591627 0 0.806212
    outer loop
      vertex 87.5033 0 8.58376
      vertex 87.4436 0.61 8.53995
      vertex 87.4436 0 8.53995
    endloop
  endfacet
  facet normal -0.443772 0 0.89614
    outer loop
      vertex 87.5033 0.61 8.58376
      vertex 87.5721 0 8.61783
      vertex 87.5721 0.61 8.61783
    endloop
  endfacet
  facet normal -0.443772 0 0.89614
    outer loop
      vertex 87.5721 0 8.61783
      vertex 87.5033 0.61 8.58376
      vertex 87.5033 0 8.58376
    endloop
  endfacet
  facet normal -0.297537 0 0.95471
    outer loop
      vertex 87.5721 0.61 8.61783
      vertex 87.6502 0 8.64217
      vertex 87.6502 0.61 8.64217
    endloop
  endfacet
  facet normal -0.297537 0 0.95471
    outer loop
      vertex 87.6502 0 8.64217
      vertex 87.5721 0.61 8.61783
      vertex 87.5721 0 8.61783
    endloop
  endfacet
  facet normal -0.165133 0 0.986271
    outer loop
      vertex 87.6502 0.61 8.64217
      vertex 87.7374 0 8.65677
      vertex 87.7374 0.61 8.65677
    endloop
  endfacet
  facet normal -0.165133 0 0.986271
    outer loop
      vertex 87.7374 0 8.65677
      vertex 87.6502 0.61 8.64217
      vertex 87.6502 0 8.64217
    endloop
  endfacet
  facet normal -0.0504543 0 0.998726
    outer loop
      vertex 87.7374 0.61 8.65677
      vertex 87.8338 0 8.66164
      vertex 87.8338 0.61 8.66164
    endloop
  endfacet
  facet normal -0.0504543 0 0.998726
    outer loop
      vertex 87.8338 0 8.66164
      vertex 87.7374 0.61 8.65677
      vertex 87.7374 0 8.65677
    endloop
  endfacet
  facet normal 0.0234063 0 0.999726
    outer loop
      vertex 87.8338 0.61 8.66164
      vertex 87.8842 0 8.66046
      vertex 87.8842 0.61 8.66046
    endloop
  endfacet
  facet normal 0.0234063 0 0.999726
    outer loop
      vertex 87.8842 0 8.66046
      vertex 87.8338 0.61 8.66164
      vertex 87.8338 0 8.66164
    endloop
  endfacet
  facet normal 0.0729303 0 0.997337
    outer loop
      vertex 87.8842 0.61 8.66046
      vertex 87.9322 0 8.65695
      vertex 87.9322 0.61 8.65695
    endloop
  endfacet
  facet normal 0.0729303 0 0.997337
    outer loop
      vertex 87.9322 0 8.65695
      vertex 87.8842 0.61 8.66046
      vertex 87.8842 0 8.66046
    endloop
  endfacet
  facet normal 0.1274 0 0.991851
    outer loop
      vertex 87.9322 0.61 8.65695
      vertex 87.9779 0 8.65108
      vertex 87.9779 0.61 8.65108
    endloop
  endfacet
  facet normal 0.1274 0 0.991851
    outer loop
      vertex 87.9779 0 8.65108
      vertex 87.9322 0.61 8.65695
      vertex 87.9322 0 8.65695
    endloop
  endfacet
  facet normal 0.186288 0 0.982495
    outer loop
      vertex 87.9779 0.61 8.65108
      vertex 88.0212 0 8.64287
      vertex 88.0212 0.61 8.64287
    endloop
  endfacet
  facet normal 0.186288 0 0.982495
    outer loop
      vertex 88.0212 0 8.64287
      vertex 87.9779 0.61 8.65108
      vertex 87.9779 0 8.65108
    endloop
  endfacet
  facet normal 0.249993 0 0.968248
    outer loop
      vertex 88.0212 0.61 8.64287
      vertex 88.0621 0 8.63231
      vertex 88.0621 0.61 8.63231
    endloop
  endfacet
  facet normal 0.249993 0 0.968248
    outer loop
      vertex 88.0621 0 8.63231
      vertex 88.0212 0.61 8.64287
      vertex 88.0212 0 8.64287
    endloop
  endfacet
  facet normal 0.316744 0 0.948511
    outer loop
      vertex 88.0621 0.61 8.63231
      vertex 88.1007 0 8.61942
      vertex 88.1007 0.61 8.61942
    endloop
  endfacet
  facet normal 0.316744 0 0.948511
    outer loop
      vertex 88.1007 0 8.61942
      vertex 88.0621 0.61 8.63231
      vertex 88.0621 0 8.63231
    endloop
  endfacet
  facet normal 0.389357 0 0.921087
    outer loop
      vertex 88.1007 0.61 8.61942
      vertex 88.1368 0 8.60416
      vertex 88.1368 0.61 8.60416
    endloop
  endfacet
  facet normal 0.389357 0 0.921087
    outer loop
      vertex 88.1368 0 8.60416
      vertex 88.1007 0.61 8.61942
      vertex 88.1007 0 8.61942
    endloop
  endfacet
  facet normal 0.460776 0 0.887517
    outer loop
      vertex 88.1368 0.61 8.60416
      vertex 88.1707 0 8.58656
      vertex 88.1707 0.61 8.58656
    endloop
  endfacet
  facet normal 0.460776 0 0.887517
    outer loop
      vertex 88.1707 0 8.58656
      vertex 88.1368 0.61 8.60416
      vertex 88.1368 0 8.60416
    endloop
  endfacet
  facet normal 0.535692 0 0.844414
    outer loop
      vertex 88.1707 0.61 8.58656
      vertex 88.2021 0 8.56664
      vertex 88.2021 0.61 8.56664
    endloop
  endfacet
  facet normal 0.535692 0 0.844414
    outer loop
      vertex 88.2021 0 8.56664
      vertex 88.1707 0.61 8.58656
      vertex 88.1707 0 8.58656
    endloop
  endfacet
  facet normal 0.60826 0 0.793738
    outer loop
      vertex 88.2021 0.61 8.56664
      vertex 88.2312 0 8.54434
      vertex 88.2312 0.61 8.54434
    endloop
  endfacet
  facet normal 0.60826 0 0.793738
    outer loop
      vertex 88.2312 0 8.54434
      vertex 88.2021 0.61 8.56664
      vertex 88.2021 0 8.56664
    endloop
  endfacet
  facet normal 0.67804 0 0.735025
    outer loop
      vertex 88.2312 0.61 8.54434
      vertex 88.2579 0 8.51971
      vertex 88.2579 0.61 8.51971
    endloop
  endfacet
  facet normal 0.67804 0 0.735025
    outer loop
      vertex 88.2579 0 8.51971
      vertex 88.2312 0.61 8.54434
      vertex 88.2312 0 8.54434
    endloop
  endfacet
  facet normal 0.743648 -0 0.668571
    outer loop
      vertex 88.2579 0 8.51971
      vertex 88.2823 0.61 8.49257
      vertex 88.2579 0.61 8.51971
    endloop
  endfacet
  facet normal 0.743648 0 0.668571
    outer loop
      vertex 88.2823 0.61 8.49257
      vertex 88.2579 0 8.51971
      vertex 88.2823 0 8.49257
    endloop
  endfacet
  facet normal 0.804988 -0 0.593291
    outer loop
      vertex 88.2823 0 8.49257
      vertex 88.3043 0.61 8.46272
      vertex 88.2823 0.61 8.49257
    endloop
  endfacet
  facet normal 0.804988 0 0.593291
    outer loop
      vertex 88.3043 0.61 8.46272
      vertex 88.2823 0 8.49257
      vertex 88.3043 0 8.46272
    endloop
  endfacet
  facet normal 0.855445 -0 0.517894
    outer loop
      vertex 88.3043 0 8.46272
      vertex 88.324 0.61 8.43018
      vertex 88.3043 0.61 8.46272
    endloop
  endfacet
  facet normal 0.855445 0 0.517894
    outer loop
      vertex 88.324 0.61 8.43018
      vertex 88.3043 0 8.46272
      vertex 88.324 0 8.43018
    endloop
  endfacet
  facet normal 0.896705 -0 0.442629
    outer loop
      vertex 88.324 0 8.43018
      vertex 88.3414 0.61 8.39493
      vertex 88.324 0.61 8.43018
    endloop
  endfacet
  facet normal 0.896705 0 0.442629
    outer loop
      vertex 88.3414 0.61 8.39493
      vertex 88.324 0 8.43018
      vertex 88.3414 0 8.39493
    endloop
  endfacet
  facet normal 0.929117 -0 0.369786
    outer loop
      vertex 88.3414 0 8.39493
      vertex 88.3565 0.61 8.35699
      vertex 88.3414 0.61 8.39493
    endloop
  endfacet
  facet normal 0.929117 0 0.369786
    outer loop
      vertex 88.3565 0.61 8.35699
      vertex 88.3414 0 8.39493
      vertex 88.3565 0 8.35699
    endloop
  endfacet
  facet normal 0.953788 -0 0.30048
    outer loop
      vertex 88.3565 0 8.35699
      vertex 88.3693 0.61 8.31636
      vertex 88.3565 0.61 8.35699
    endloop
  endfacet
  facet normal 0.953788 0 0.30048
    outer loop
      vertex 88.3693 0.61 8.31636
      vertex 88.3565 0 8.35699
      vertex 88.3693 0 8.31636
    endloop
  endfacet
  facet normal 0.972408 -0 0.233288
    outer loop
      vertex 88.3693 0 8.31636
      vertex 88.3797 0.61 8.27301
      vertex 88.3693 0.61 8.31636
    endloop
  endfacet
  facet normal 0.972408 0 0.233288
    outer loop
      vertex 88.3797 0.61 8.27301
      vertex 88.3693 0 8.31636
      vertex 88.3797 0 8.27301
    endloop
  endfacet
  facet normal 0.984874 -0 0.173273
    outer loop
      vertex 88.3797 0 8.27301
      vertex 88.3878 0.61 8.22697
      vertex 88.3797 0.61 8.27301
    endloop
  endfacet
  facet normal 0.984874 0 0.173273
    outer loop
      vertex 88.3878 0.61 8.22697
      vertex 88.3797 0 8.27301
      vertex 88.3878 0 8.22697
    endloop
  endfacet
  facet normal 0.992991 -0 0.118189
    outer loop
      vertex 88.3878 0 8.22697
      vertex 88.3936 0.61 8.17824
      vertex 88.3878 0.61 8.22697
    endloop
  endfacet
  facet normal 0.992991 0 0.118189
    outer loop
      vertex 88.3936 0.61 8.17824
      vertex 88.3878 0 8.22697
      vertex 88.3936 0 8.17824
    endloop
  endfacet
  facet normal 0.997691 -0 0.0679098
    outer loop
      vertex 88.3936 0 8.17824
      vertex 88.3971 0.61 8.12682
      vertex 88.3936 0.61 8.17824
    endloop
  endfacet
  facet normal 0.997691 0 0.0679098
    outer loop
      vertex 88.3971 0.61 8.12682
      vertex 88.3936 0 8.17824
      vertex 88.3971 0 8.12682
    endloop
  endfacet
  facet normal 0.999754 -0 0.0221593
    outer loop
      vertex 88.3971 0 8.12682
      vertex 88.3983 0.61 8.07268
      vertex 88.3971 0.61 8.12682
    endloop
  endfacet
  facet normal 0.999754 0 0.0221593
    outer loop
      vertex 88.3983 0.61 8.07268
      vertex 88.3971 0 8.12682
      vertex 88.3983 0 8.07268
    endloop
  endfacet
  facet normal 0.999789 0 -0.0205506
    outer loop
      vertex 88.3983 0 8.07268
      vertex 88.3971 0.61 8.0143
      vertex 88.3983 0.61 8.07268
    endloop
  endfacet
  facet normal 0.999789 0 -0.0205506
    outer loop
      vertex 88.3971 0.61 8.0143
      vertex 88.3983 0 8.07268
      vertex 88.3971 0 8.0143
    endloop
  endfacet
  facet normal 0.998117 0 -0.0613448
    outer loop
      vertex 88.3971 0 8.0143
      vertex 88.3937 0.61 7.95898
      vertex 88.3971 0.61 8.0143
    endloop
  endfacet
  facet normal 0.998117 0 -0.0613448
    outer loop
      vertex 88.3937 0.61 7.95898
      vertex 88.3971 0 8.0143
      vertex 88.3937 0 7.95898
    endloop
  endfacet
  facet normal 0.994098 0 -0.108489
    outer loop
      vertex 88.3937 0 7.95898
      vertex 88.388 0.61 7.90675
      vertex 88.3937 0.61 7.95898
    endloop
  endfacet
  facet normal 0.994098 0 -0.108489
    outer loop
      vertex 88.388 0.61 7.90675
      vertex 88.3937 0 7.95898
      vertex 88.388 0 7.90675
    endloop
  endfacet
  facet normal 0.986691 0 -0.162608
    outer loop
      vertex 88.388 0 7.90675
      vertex 88.3799 0.61 7.8576
      vertex 88.388 0.61 7.90675
    endloop
  endfacet
  facet normal 0.986691 0 -0.162608
    outer loop
      vertex 88.3799 0.61 7.8576
      vertex 88.388 0 7.90675
      vertex 88.3799 0 7.8576
    endloop
  endfacet
  facet normal 0.975917 0 -0.218141
    outer loop
      vertex 88.3799 0 7.8576
      vertex 88.3696 0.61 7.81152
      vertex 88.3799 0.61 7.8576
    endloop
  endfacet
  facet normal 0.975917 0 -0.218141
    outer loop
      vertex 88.3696 0.61 7.81152
      vertex 88.3799 0 7.8576
      vertex 88.3696 0 7.81152
    endloop
  endfacet
  facet normal 0.959649 0 -0.2812
    outer loop
      vertex 88.3696 0 7.81152
      vertex 88.357 0.61 7.76852
      vertex 88.3696 0.61 7.81152
    endloop
  endfacet
  facet normal 0.959649 0 -0.2812
    outer loop
      vertex 88.357 0.61 7.76852
      vertex 88.3696 0 7.81152
      vertex 88.357 0 7.76852
    endloop
  endfacet
  facet normal 0.936839 0 -0.34976
    outer loop
      vertex 88.357 0 7.76852
      vertex 88.3421 0.61 7.72861
      vertex 88.357 0.61 7.76852
    endloop
  endfacet
  facet normal 0.936839 0 -0.34976
    outer loop
      vertex 88.3421 0.61 7.72861
      vertex 88.357 0 7.76852
      vertex 88.3421 0 7.72861
    endloop
  endfacet
  facet normal 0.905208 0 -0.424969
    outer loop
      vertex 88.3421 0 7.72861
      vertex 88.3248 0.61 7.69176
      vertex 88.3421 0.61 7.72861
    endloop
  endfacet
  facet normal 0.905208 0 -0.424969
    outer loop
      vertex 88.3248 0.61 7.69176
      vertex 88.3421 0 7.72861
      vertex 88.3248 0 7.69176
    endloop
  endfacet
  facet normal 0.865993 0 -0.500055
    outer loop
      vertex 88.3248 0 7.69176
      vertex 88.3053 0.61 7.65799
      vertex 88.3248 0.61 7.69176
    endloop
  endfacet
  facet normal 0.865993 0 -0.500055
    outer loop
      vertex 88.3053 0.61 7.65799
      vertex 88.3248 0 7.69176
      vertex 88.3053 0 7.65799
    endloop
  endfacet
  facet normal 0.815256 0 -0.5791
    outer loop
      vertex 88.3053 0 7.65799
      vertex 88.2835 0.61 7.6273
      vertex 88.3053 0.61 7.65799
    endloop
  endfacet
  facet normal 0.815256 0 -0.5791
    outer loop
      vertex 88.2835 0.61 7.6273
      vertex 88.3053 0 7.65799
      vertex 88.2835 0 7.6273
    endloop
  endfacet
  facet normal 0.753371 0 -0.657596
    outer loop
      vertex 88.2835 0 7.6273
      vertex 88.2594 0.61 7.59969
      vertex 88.2835 0.61 7.6273
    endloop
  endfacet
  facet normal 0.753371 0 -0.657596
    outer loop
      vertex 88.2594 0.61 7.59969
      vertex 88.2835 0 7.6273
      vertex 88.2594 0 7.59969
    endloop
  endfacet
  facet normal 0.685992 0 -0.727609
    outer loop
      vertex 88.233 0 7.5748
      vertex 88.2594 0.61 7.59969
      vertex 88.2594 0 7.59969
    endloop
  endfacet
  facet normal 0.685992 0 -0.727609
    outer loop
      vertex 88.2594 0.61 7.59969
      vertex 88.233 0 7.5748
      vertex 88.233 0.61 7.5748
    endloop
  endfacet
  facet normal 0.615984 0 -0.787759
    outer loop
      vertex 88.2042 0 7.55228
      vertex 88.233 0.61 7.5748
      vertex 88.233 0 7.5748
    endloop
  endfacet
  facet normal 0.615984 0 -0.787759
    outer loop
      vertex 88.233 0.61 7.5748
      vertex 88.2042 0 7.55228
      vertex 88.2042 0.61 7.55228
    endloop
  endfacet
  facet normal 0.543945 0 -0.839121
    outer loop
      vertex 88.1731 0 7.53212
      vertex 88.2042 0.61 7.55228
      vertex 88.2042 0 7.55228
    endloop
  endfacet
  facet normal 0.543945 0 -0.839121
    outer loop
      vertex 88.2042 0.61 7.55228
      vertex 88.1731 0 7.53212
      vertex 88.1731 0.61 7.53212
    endloop
  endfacet
  facet normal 0.469902 0 -0.882718
    outer loop
      vertex 88.1397 0 7.51434
      vertex 88.1731 0.61 7.53212
      vertex 88.1731 0 7.53212
    endloop
  endfacet
  facet normal 0.469902 0 -0.882718
    outer loop
      vertex 88.1731 0.61 7.53212
      vertex 88.1397 0 7.51434
      vertex 88.1397 0.61 7.51434
    endloop
  endfacet
  facet normal 0.395374 0 -0.91852
    outer loop
      vertex 88.1039 0 7.49893
      vertex 88.1397 0.61 7.51434
      vertex 88.1397 0 7.51434
    endloop
  endfacet
  facet normal 0.395374 0 -0.91852
    outer loop
      vertex 88.1397 0.61 7.51434
      vertex 88.1039 0 7.49893
      vertex 88.1039 0.61 7.49893
    endloop
  endfacet
  facet normal 0.323594 0 -0.946196
    outer loop
      vertex 88.0658 0 7.4859
      vertex 88.1039 0.61 7.49893
      vertex 88.1039 0 7.49893
    endloop
  endfacet
  facet normal 0.323594 0 -0.946196
    outer loop
      vertex 88.1039 0.61 7.49893
      vertex 88.0658 0 7.4859
      vertex 88.0658 0.61 7.4859
    endloop
  endfacet
  facet normal 0.254764 0 -0.967003
    outer loop
      vertex 88.0253 0 7.47523
      vertex 88.0658 0.61 7.4859
      vertex 88.0658 0 7.4859
    endloop
  endfacet
  facet normal 0.254764 0 -0.967003
    outer loop
      vertex 88.0658 0.61 7.4859
      vertex 88.0253 0 7.47523
      vertex 88.0253 0.61 7.47523
    endloop
  endfacet
  facet normal 0.189951 0 -0.981794
    outer loop
      vertex 87.9824 0 7.46693
      vertex 88.0253 0.61 7.47523
      vertex 88.0253 0 7.47523
    endloop
  endfacet
  facet normal 0.189951 0 -0.981794
    outer loop
      vertex 88.0253 0.61 7.47523
      vertex 87.9824 0 7.46693
      vertex 87.9824 0.61 7.46693
    endloop
  endfacet
  facet normal 0.129864 0 -0.991532
    outer loop
      vertex 87.9372 0 7.46101
      vertex 87.9824 0.61 7.46693
      vertex 87.9824 0 7.46693
    endloop
  endfacet
  facet normal 0.129864 0 -0.991532
    outer loop
      vertex 87.9824 0.61 7.46693
      vertex 87.9372 0 7.46101
      vertex 87.9372 0.61 7.46101
    endloop
  endfacet
  facet normal 0.074529 0 -0.997219
    outer loop
      vertex 87.8897 0 7.45746
      vertex 87.9372 0.61 7.46101
      vertex 87.9372 0 7.46101
    endloop
  endfacet
  facet normal 0.074529 0 -0.997219
    outer loop
      vertex 87.9372 0.61 7.46101
      vertex 87.8897 0 7.45746
      vertex 87.8897 0.61 7.45746
    endloop
  endfacet
  facet normal 0.0238409 0 -0.999716
    outer loop
      vertex 87.8398 0 7.45627
      vertex 87.8897 0.61 7.45746
      vertex 87.8897 0 7.45746
    endloop
  endfacet
  facet normal 0.0238409 0 -0.999716
    outer loop
      vertex 87.8897 0.61 7.45746
      vertex 87.8398 0 7.45627
      vertex 87.8398 0.61 7.45627
    endloop
  endfacet
  facet normal -0.0521875 0 -0.998637
    outer loop
      vertex 87.7424 0 7.46136
      vertex 87.8398 0.61 7.45627
      vertex 87.8398 0 7.45627
    endloop
  endfacet
  facet normal -0.0521875 0 -0.998637
    outer loop
      vertex 87.8398 0.61 7.45627
      vertex 87.7424 0 7.46136
      vertex 87.7424 0.61 7.46136
    endloop
  endfacet
  facet normal -0.0750063 0 -0.997183
    outer loop
      vertex 87.7346 0 5.44801
      vertex 87.7919 0.61 5.4437
      vertex 87.7919 0 5.4437
    endloop
  endfacet
  facet normal -0.0750063 0 -0.997183
    outer loop
      vertex 87.7919 0.61 5.4437
      vertex 87.7346 0 5.44801
      vertex 87.7346 0.61 5.44801
    endloop
  endfacet
  facet normal -0.13103 0 -0.991378
    outer loop
      vertex 87.6802 0 5.4552
      vertex 87.7346 0.61 5.44801
      vertex 87.7346 0 5.44801
    endloop
  endfacet
  facet normal -0.13103 0 -0.991378
    outer loop
      vertex 87.7346 0.61 5.44801
      vertex 87.6802 0 5.4552
      vertex 87.6802 0.61 5.4552
    endloop
  endfacet
  facet normal -0.1919 0 -0.981415
    outer loop
      vertex 87.6287 0 5.46527
      vertex 87.6802 0.61 5.4552
      vertex 87.6802 0 5.4552
    endloop
  endfacet
  facet normal -0.1919 0 -0.981415
    outer loop
      vertex 87.6802 0.61 5.4552
      vertex 87.6287 0 5.46527
      vertex 87.6287 0.61 5.46527
    endloop
  endfacet
  facet normal -0.257106 0 -0.966383
    outer loop
      vertex 87.5801 0 5.4782
      vertex 87.6287 0.61 5.46527
      vertex 87.6287 0 5.46527
    endloop
  endfacet
  facet normal -0.257106 0 -0.966383
    outer loop
      vertex 87.6287 0.61 5.46527
      vertex 87.5801 0 5.4782
      vertex 87.5801 0.61 5.4782
    endloop
  endfacet
  facet normal -0.326487 0 -0.945202
    outer loop
      vertex 87.5343 0 5.49402
      vertex 87.5801 0.61 5.4782
      vertex 87.5801 0 5.4782
    endloop
  endfacet
  facet normal -0.326487 0 -0.945202
    outer loop
      vertex 87.5801 0.61 5.4782
      vertex 87.5343 0 5.49402
      vertex 87.5343 0.61 5.49402
    endloop
  endfacet
  facet normal -0.399226 0 -0.916852
    outer loop
      vertex 87.4914 0 5.5127
      vertex 87.5343 0.61 5.49402
      vertex 87.5343 0 5.49402
    endloop
  endfacet
  facet normal -0.399226 0 -0.916852
    outer loop
      vertex 87.5343 0.61 5.49402
      vertex 87.4914 0 5.5127
      vertex 87.4914 0.61 5.5127
    endloop
  endfacet
  facet normal -0.474467 0 -0.880273
    outer loop
      vertex 87.4514 0 5.53426
      vertex 87.4914 0.61 5.5127
      vertex 87.4914 0 5.5127
    endloop
  endfacet
  facet normal -0.474467 0 -0.880273
    outer loop
      vertex 87.4914 0.61 5.5127
      vertex 87.4514 0 5.53426
      vertex 87.4514 0.61 5.53426
    endloop
  endfacet
  facet normal -0.549088 0 -0.835764
    outer loop
      vertex 87.4142 0 5.5587
      vertex 87.4514 0.61 5.53426
      vertex 87.4514 0 5.53426
    endloop
  endfacet
  facet normal -0.549088 0 -0.835764
    outer loop
      vertex 87.4514 0.61 5.53426
      vertex 87.4142 0 5.5587
      vertex 87.4142 0.61 5.5587
    endloop
  endfacet
  facet normal -0.622746 0 -0.782424
    outer loop
      vertex 87.3799 0 5.586
      vertex 87.4142 0.61 5.5587
      vertex 87.4142 0 5.5587
    endloop
  endfacet
  facet normal -0.622746 0 -0.782424
    outer loop
      vertex 87.4142 0.61 5.5587
      vertex 87.3799 0 5.586
      vertex 87.3799 0.61 5.586
    endloop
  endfacet
  facet normal -0.6932 0 -0.720745
    outer loop
      vertex 87.3485 0 5.6162
      vertex 87.3799 0.61 5.586
      vertex 87.3799 0 5.586
    endloop
  endfacet
  facet normal -0.6932 0 -0.720745
    outer loop
      vertex 87.3799 0.61 5.586
      vertex 87.3485 0 5.6162
      vertex 87.3485 0.61 5.6162
    endloop
  endfacet
  facet normal -0.75871 0 -0.651429
    outer loop
      vertex 87.3485 0 5.6162
      vertex 87.3199 0.61 5.64951
      vertex 87.3485 0.61 5.6162
    endloop
  endfacet
  facet normal -0.75871 -0 -0.651429
    outer loop
      vertex 87.3199 0.61 5.64951
      vertex 87.3485 0 5.6162
      vertex 87.3199 0 5.64951
    endloop
  endfacet
  facet normal -0.817931 0 -0.575317
    outer loop
      vertex 87.3199 0 5.64951
      vertex 87.2941 0.61 5.68619
      vertex 87.3199 0.61 5.64951
    endloop
  endfacet
  facet normal -0.817931 -0 -0.575317
    outer loop
      vertex 87.2941 0.61 5.68619
      vertex 87.3199 0 5.64951
      vertex 87.2941 0 5.68619
    endloop
  endfacet
  facet normal -0.865466 0 -0.500968
    outer loop
      vertex 87.2941 0 5.68619
      vertex 87.2709 0.61 5.72627
      vertex 87.2941 0.61 5.68619
    endloop
  endfacet
  facet normal -0.865466 -0 -0.500968
    outer loop
      vertex 87.2709 0.61 5.72627
      vertex 87.2941 0 5.68619
      vertex 87.2709 0 5.72627
    endloop
  endfacet
  facet normal -0.905158 0 -0.425074
    outer loop
      vertex 87.2709 0 5.72627
      vertex 87.2505 0.61 5.76971
      vertex 87.2709 0.61 5.72627
    endloop
  endfacet
  facet normal -0.905158 -0 -0.425074
    outer loop
      vertex 87.2505 0.61 5.76971
      vertex 87.2709 0 5.72627
      vertex 87.2505 0 5.76971
    endloop
  endfacet
  facet normal -0.935465 0 -0.35342
    outer loop
      vertex 87.2505 0 5.76971
      vertex 87.2328 0.61 5.81656
      vertex 87.2505 0.61 5.76971
    endloop
  endfacet
  facet normal -0.935465 -0 -0.35342
    outer loop
      vertex 87.2328 0.61 5.81656
      vertex 87.2505 0 5.76971
      vertex 87.2328 0 5.81656
    endloop
  endfacet
  facet normal -0.958141 0 -0.286297
    outer loop
      vertex 87.2328 0 5.81656
      vertex 87.2178 0.61 5.86676
      vertex 87.2328 0.61 5.81656
    endloop
  endfacet
  facet normal -0.958141 -0 -0.286297
    outer loop
      vertex 87.2178 0.61 5.86676
      vertex 87.2328 0 5.81656
      vertex 87.2178 0 5.86676
    endloop
  endfacet
  facet normal -0.975052 0 -0.221975
    outer loop
      vertex 87.2178 0 5.86676
      vertex 87.2056 0.61 5.92035
      vertex 87.2178 0.61 5.86676
    endloop
  endfacet
  facet normal -0.975052 -0 -0.221975
    outer loop
      vertex 87.2056 0.61 5.92035
      vertex 87.2178 0 5.86676
      vertex 87.2056 0 5.92035
    endloop
  endfacet
  facet normal -0.986102 0 -0.166139
    outer loop
      vertex 87.2056 0 5.92035
      vertex 87.196 0.61 5.97733
      vertex 87.2056 0.61 5.92035
    endloop
  endfacet
  facet normal -0.986102 -0 -0.166139
    outer loop
      vertex 87.196 0.61 5.97733
      vertex 87.2056 0 5.92035
      vertex 87.196 0 5.97733
    endloop
  endfacet
  facet normal -0.99371 0 -0.111986
    outer loop
      vertex 87.196 0 5.97733
      vertex 87.1892 0.61 6.03767
      vertex 87.196 0.61 5.97733
    endloop
  endfacet
  facet normal -0.99371 -0 -0.111986
    outer loop
      vertex 87.1892 0.61 6.03767
      vertex 87.196 0 5.97733
      vertex 87.1892 0 6.03767
    endloop
  endfacet
  facet normal -0.998037 0 -0.0626317
    outer loop
      vertex 87.1892 0 6.03767
      vertex 87.1852 0.61 6.10141
      vertex 87.1892 0.61 6.03767
    endloop
  endfacet
  facet normal -0.998037 -0 -0.0626317
    outer loop
      vertex 87.1852 0.61 6.10141
      vertex 87.1892 0 6.03767
      vertex 87.1852 0 6.10141
    endloop
  endfacet
  facet normal -0.999782 0 -0.0208567
    outer loop
      vertex 87.1852 0 6.10141
      vertex 87.1838 0.61 6.16852
      vertex 87.1852 0.61 6.10141
    endloop
  endfacet
  facet normal -0.999782 -0 -0.0208567
    outer loop
      vertex 87.1838 0.61 6.16852
      vertex 87.1852 0 6.10141
      vertex 87.1838 0 6.16852
    endloop
  endfacet
  facet normal -0.99972 0 0.023646
    outer loop
      vertex 87.1838 0 6.16852
      vertex 87.1852 0.61 6.22771
      vertex 87.1838 0.61 6.16852
    endloop
  endfacet
  facet normal -0.99972 0 0.023646
    outer loop
      vertex 87.1852 0.61 6.22771
      vertex 87.1838 0 6.16852
      vertex 87.1852 0 6.22771
    endloop
  endfacet
  facet normal -0.997388 0 0.0722235
    outer loop
      vertex 87.1852 0 6.22771
      vertex 87.1893 0.61 6.28433
      vertex 87.1852 0.61 6.22771
    endloop
  endfacet
  facet normal -0.997388 0 0.0722235
    outer loop
      vertex 87.1893 0.61 6.28433
      vertex 87.1852 0 6.22771
      vertex 87.1893 0 6.28433
    endloop
  endfacet
  facet normal -0.99195 0 0.126632
    outer loop
      vertex 87.1893 0 6.28433
      vertex 87.1962 0.61 6.33838
      vertex 87.1893 0.61 6.28433
    endloop
  endfacet
  facet normal -0.99195 0 0.126632
    outer loop
      vertex 87.1962 0.61 6.33838
      vertex 87.1893 0 6.28433
      vertex 87.1962 0 6.33838
    endloop
  endfacet
  facet normal -0.983053 0 0.18332
    outer loop
      vertex 87.1962 0 6.33838
      vertex 87.2058 0.61 6.38986
      vertex 87.1962 0.61 6.33838
    endloop
  endfacet
  facet normal -0.983053 0 0.18332
    outer loop
      vertex 87.2058 0.61 6.38986
      vertex 87.1962 0 6.33838
      vertex 87.2058 0 6.38986
    endloop
  endfacet
  facet normal -0.969803 0 0.243888
    outer loop
      vertex 87.2058 0 6.38986
      vertex 87.2181 0.61 6.43877
      vertex 87.2058 0.61 6.38986
    endloop
  endfacet
  facet normal -0.969803 0 0.243888
    outer loop
      vertex 87.2181 0.61 6.43877
      vertex 87.2058 0 6.38986
      vertex 87.2181 0 6.43877
    endloop
  endfacet
  facet normal -0.950756 0 0.30994
    outer loop
      vertex 87.2181 0 6.43877
      vertex 87.2332 0.61 6.48509
      vertex 87.2181 0.61 6.43877
    endloop
  endfacet
  facet normal -0.950756 0 0.30994
    outer loop
      vertex 87.2332 0.61 6.48509
      vertex 87.2181 0 6.43877
      vertex 87.2332 0 6.48509
    endloop
  endfacet
  facet normal -0.92553 0 0.378674
    outer loop
      vertex 87.2332 0 6.48509
      vertex 87.2511 0.61 6.52884
      vertex 87.2332 0.61 6.48509
    endloop
  endfacet
  facet normal -0.92553 0 0.378674
    outer loop
      vertex 87.2511 0.61 6.52884
      vertex 87.2332 0 6.48509
      vertex 87.2511 0 6.52884
    endloop
  endfacet
  facet normal -0.89434 0 0.447387
    outer loop
      vertex 87.2511 0 6.52884
      vertex 87.2717 0.61 6.57002
      vertex 87.2511 0.61 6.52884
    endloop
  endfacet
  facet normal -0.89434 0 0.447387
    outer loop
      vertex 87.2717 0.61 6.57002
      vertex 87.2511 0 6.52884
      vertex 87.2717 0 6.57002
    endloop
  endfacet
  facet normal -0.855257 0 0.518204
    outer loop
      vertex 87.2717 0 6.57002
      vertex 87.2951 0.61 6.60864
      vertex 87.2717 0.61 6.57002
    endloop
  endfacet
  facet normal -0.855257 0 0.518204
    outer loop
      vertex 87.2951 0.61 6.60864
      vertex 87.2717 0 6.57002
      vertex 87.2951 0 6.60864
    endloop
  endfacet
  facet normal -0.80992 0 0.58654
    outer loop
      vertex 87.2951 0 6.60864
      vertex 87.3212 0.61 6.64468
      vertex 87.2951 0.61 6.60864
    endloop
  endfacet
  facet normal -0.80992 0 0.58654
    outer loop
      vertex 87.3212 0.61 6.64468
      vertex 87.2951 0 6.60864
      vertex 87.3212 0 6.64468
    endloop
  endfacet
  facet normal -0.756889 0 0.653543
    outer loop
      vertex 87.3212 0 6.64468
      vertex 87.3501 0.61 6.67815
      vertex 87.3212 0.61 6.64468
    endloop
  endfacet
  facet normal -0.756889 0 0.653543
    outer loop
      vertex 87.3501 0.61 6.67815
      vertex 87.3212 0 6.64468
      vertex 87.3501 0 6.67815
    endloop
  endfacet
  facet normal -0.699208 0 0.714918
    outer loop
      vertex 87.3501 0.61 6.67815
      vertex 87.3815 0 6.70886
      vertex 87.3815 0.61 6.70886
    endloop
  endfacet
  facet normal -0.699208 0 0.714918
    outer loop
      vertex 87.3815 0 6.70886
      vertex 87.3501 0.61 6.67815
      vertex 87.3501 0 6.67815
    endloop
  endfacet
  facet normal -0.63509 0 0.772438
    outer loop
      vertex 87.3815 0.61 6.70886
      vertex 87.4153 0 6.73665
      vertex 87.4153 0.61 6.73665
    endloop
  endfacet
  facet normal -0.63509 0 0.772438
    outer loop
      vertex 87.4153 0 6.73665
      vertex 87.3815 0.61 6.70886
      vertex 87.3815 0 6.70886
    endloop
  endfacet
  facet normal -0.565197 0 0.824956
    outer loop
      vertex 87.4153 0.61 6.73665
      vertex 87.4516 0 6.76152
      vertex 87.4516 0.61 6.76152
    endloop
  endfacet
  facet normal -0.565197 0 0.824956
    outer loop
      vertex 87.4516 0 6.76152
      vertex 87.4153 0.61 6.73665
      vertex 87.4153 0 6.73665
    endloop
  endfacet
  facet normal -0.494149 0 0.869377
    outer loop
      vertex 87.4516 0.61 6.76152
      vertex 87.4902 0 6.78346
      vertex 87.4902 0.61 6.78346
    endloop
  endfacet
  facet normal -0.494149 0 0.869377
    outer loop
      vertex 87.4902 0 6.78346
      vertex 87.4516 0.61 6.76152
      vertex 87.4516 0 6.76152
    endloop
  endfacet
  facet normal -0.420643 0 0.907226
    outer loop
      vertex 87.4902 0.61 6.78346
      vertex 87.5312 0 6.80247
      vertex 87.5312 0.61 6.80247
    endloop
  endfacet
  facet normal -0.420643 0 0.907226
    outer loop
      vertex 87.5312 0 6.80247
      vertex 87.4902 0.61 6.78346
      vertex 87.4902 0 6.78346
    endloop
  endfacet
  facet normal -0.347617 0 0.937637
    outer loop
      vertex 87.5312 0.61 6.80247
      vertex 87.5746 0 6.81856
      vertex 87.5746 0.61 6.81856
    endloop
  endfacet
  facet normal -0.347617 0 0.937637
    outer loop
      vertex 87.5746 0 6.81856
      vertex 87.5312 0.61 6.80247
      vertex 87.5312 0 6.80247
    endloop
  endfacet
  facet normal -0.276356 0 0.961055
    outer loop
      vertex 87.5746 0.61 6.81856
      vertex 87.6204 0 6.83173
      vertex 87.6204 0.61 6.83173
    endloop
  endfacet
  facet normal -0.276356 0 0.961055
    outer loop
      vertex 87.6204 0 6.83173
      vertex 87.5746 0.61 6.81856
      vertex 87.5746 0 6.81856
    endloop
  endfacet
  facet normal -0.207616 0 0.97821
    outer loop
      vertex 87.6204 0.61 6.83173
      vertex 87.6686 0 6.84196
      vertex 87.6686 0.61 6.84196
    endloop
  endfacet
  facet normal -0.207616 0 0.97821
    outer loop
      vertex 87.6686 0 6.84196
      vertex 87.6204 0.61 6.83173
      vertex 87.6204 0 6.83173
    endloop
  endfacet
  facet normal -0.142706 0 0.989765
    outer loop
      vertex 87.6686 0.61 6.84196
      vertex 87.7193 0 6.84927
      vertex 87.7193 0.61 6.84927
    endloop
  endfacet
  facet normal -0.142706 0 0.989765
    outer loop
      vertex 87.7193 0 6.84927
      vertex 87.6686 0.61 6.84196
      vertex 87.6686 0 6.84196
    endloop
  endfacet
  facet normal -0.0828896 0 0.996559
    outer loop
      vertex 87.7193 0.61 6.84927
      vertex 87.7722 0 6.85367
      vertex 87.7722 0.61 6.85367
    endloop
  endfacet
  facet normal -0.0828896 0 0.996559
    outer loop
      vertex 87.7722 0 6.85367
      vertex 87.7193 0.61 6.84927
      vertex 87.7193 0 6.84927
    endloop
  endfacet
  facet normal -0.0263446 0 0.999653
    outer loop
      vertex 87.7722 0.61 6.85367
      vertex 87.8276 0 6.85513
      vertex 87.8276 0.61 6.85513
    endloop
  endfacet
  facet normal -0.0263446 0 0.999653
    outer loop
      vertex 87.8276 0 6.85513
      vertex 87.7722 0.61 6.85367
      vertex 87.7722 0 6.85367
    endloop
  endfacet
  facet normal 0.0477157 0 0.998861
    outer loop
      vertex 87.8276 0.61 6.85513
      vertex 87.9442 0 6.84956
      vertex 87.9442 0.61 6.84956
    endloop
  endfacet
  facet normal 0.0477157 0 0.998861
    outer loop
      vertex 87.9442 0 6.84956
      vertex 87.8276 0.61 6.85513
      vertex 87.8276 0 6.85513
    endloop
  endfacet
  facet normal 0.156675 0 0.98765
    outer loop
      vertex 87.9442 0.61 6.84956
      vertex 88.0496 0 6.83284
      vertex 88.0496 0.61 6.83284
    endloop
  endfacet
  facet normal 0.156675 0 0.98765
    outer loop
      vertex 88.0496 0 6.83284
      vertex 87.9442 0.61 6.84956
      vertex 87.9442 0 6.84956
    endloop
  endfacet
  facet normal 0.28352 0 0.958966
    outer loop
      vertex 88.0496 0.61 6.83284
      vertex 88.1439 0 6.80496
      vertex 88.1439 0.61 6.80496
    endloop
  endfacet
  facet normal 0.28352 0 0.958966
    outer loop
      vertex 88.1439 0 6.80496
      vertex 88.0496 0.61 6.83284
      vertex 88.0496 0 6.83284
    endloop
  endfacet
  facet normal 0.424523 0 0.905417
    outer loop
      vertex 88.1439 0.61 6.80496
      vertex 88.2271 0 6.76595
      vertex 88.2271 0.61 6.76595
    endloop
  endfacet
  facet normal 0.424523 0 0.905417
    outer loop
      vertex 88.2271 0 6.76595
      vertex 88.1439 0.61 6.80496
      vertex 88.1439 0 6.80496
    endloop
  endfacet
  facet normal 0.570558 0 0.821257
    outer loop
      vertex 88.2271 0.61 6.76595
      vertex 88.2993 0 6.71579
      vertex 88.2993 0.61 6.71579
    endloop
  endfacet
  facet normal 0.570558 0 0.821257
    outer loop
      vertex 88.2993 0 6.71579
      vertex 88.2271 0.61 6.76595
      vertex 88.2271 0 6.76595
    endloop
  endfacet
  facet normal 0.708897 -0 0.705312
    outer loop
      vertex 88.2993 0 6.71579
      vertex 88.3603 0.61 6.65448
      vertex 88.2993 0.61 6.71579
    endloop
  endfacet
  facet normal 0.708897 0 0.705312
    outer loop
      vertex 88.3603 0.61 6.65448
      vertex 88.2993 0 6.71579
      vertex 88.3603 0 6.65448
    endloop
  endfacet
  facet normal 0.823597 -0 0.567175
    outer loop
      vertex 88.3603 0 6.65448
      vertex 88.4102 0.61 6.58202
      vertex 88.3603 0.61 6.65448
    endloop
  endfacet
  facet normal 0.823597 0 0.567175
    outer loop
      vertex 88.4102 0.61 6.58202
      vertex 88.3603 0 6.65448
      vertex 88.4102 0 6.58202
    endloop
  endfacet
  facet normal 0.906673 -0 0.421834
    outer loop
      vertex 88.4102 0 6.58202
      vertex 88.4491 0.61 6.49841
      vertex 88.4102 0.61 6.58202
    endloop
  endfacet
  facet normal 0.906673 0 0.421834
    outer loop
      vertex 88.4491 0.61 6.49841
      vertex 88.4102 0 6.58202
      vertex 88.4491 0 6.49841
    endloop
  endfacet
  facet normal 0.959824 -0 0.280603
    outer loop
      vertex 88.4491 0 6.49841
      vertex 88.4768 0.61 6.40366
      vertex 88.4491 0.61 6.49841
    endloop
  endfacet
  facet normal 0.959824 0 0.280603
    outer loop
      vertex 88.4768 0.61 6.40366
      vertex 88.4491 0 6.49841
      vertex 88.4768 0 6.40366
    endloop
  endfacet
  facet normal 0.987793 -0 0.155771
    outer loop
      vertex 88.4768 0 6.40366
      vertex 88.4935 0.61 6.29776
      vertex 88.4768 0.61 6.40366
    endloop
  endfacet
  facet normal 0.987793 0 0.155771
    outer loop
      vertex 88.4935 0.61 6.29776
      vertex 88.4768 0 6.40366
      vertex 88.4935 0 6.29776
    endloop
  endfacet
  facet normal 0.998898 -0 0.0469367
    outer loop
      vertex 88.4935 0 6.29776
      vertex 88.499 0.61 6.18071
      vertex 88.4935 0.61 6.29776
    endloop
  endfacet
  facet normal 0.998898 0 0.0469367
    outer loop
      vertex 88.499 0.61 6.18071
      vertex 88.4935 0 6.29776
      vertex 88.499 0 6.18071
    endloop
  endfacet
  facet normal 0.999824 0 -0.0187747
    outer loop
      vertex 88.499 0 6.18071
      vertex 88.4977 0.61 6.11148
      vertex 88.499 0.61 6.18071
    endloop
  endfacet
  facet normal 0.999824 0 -0.0187747
    outer loop
      vertex 88.4977 0.61 6.11148
      vertex 88.499 0 6.18071
      vertex 88.4977 0 6.11148
    endloop
  endfacet
  facet normal 0.99824 0 -0.0593104
    outer loop
      vertex 88.4977 0 6.11148
      vertex 88.4938 0.61 6.04584
      vertex 88.4977 0.61 6.11148
    endloop
  endfacet
  facet normal 0.99824 0 -0.0593104
    outer loop
      vertex 88.4938 0.61 6.04584
      vertex 88.4977 0 6.11148
      vertex 88.4938 0 6.04584
    endloop
  endfacet
  facet normal 0.99456 0 -0.104168
    outer loop
      vertex 88.4938 0 6.04584
      vertex 88.4873 0.61 5.98378
      vertex 88.4938 0.61 6.04584
    endloop
  endfacet
  facet normal 0.99456 0 -0.104168
    outer loop
      vertex 88.4873 0.61 5.98378
      vertex 88.4938 0 6.04584
      vertex 88.4873 0 5.98378
    endloop
  endfacet
  facet normal 0.988112 0 -0.153733
    outer loop
      vertex 88.4873 0 5.98378
      vertex 88.4782 0.61 5.92529
      vertex 88.4873 0.61 5.98378
    endloop
  endfacet
  facet normal 0.988112 0 -0.153733
    outer loop
      vertex 88.4782 0.61 5.92529
      vertex 88.4873 0 5.98378
      vertex 88.4782 0 5.92529
    endloop
  endfacet
  facet normal 0.978036 0 -0.208434
    outer loop
      vertex 88.4782 0 5.92529
      vertex 88.4665 0.61 5.87039
      vertex 88.4782 0.61 5.92529
    endloop
  endfacet
  facet normal 0.978036 0 -0.208434
    outer loop
      vertex 88.4665 0.61 5.87039
      vertex 88.4782 0 5.92529
      vertex 88.4665 0 5.87039
    endloop
  endfacet
  facet normal 0.963289 0 -0.268467
    outer loop
      vertex 88.4665 0 5.87039
      vertex 88.4522 0.61 5.81908
      vertex 88.4665 0.61 5.87039
    endloop
  endfacet
  facet normal 0.963289 0 -0.268467
    outer loop
      vertex 88.4522 0.61 5.81908
      vertex 88.4665 0 5.87039
      vertex 88.4522 0 5.81908
    endloop
  endfacet
  facet normal 0.942698 0 -0.333646
    outer loop
      vertex 88.4522 0 5.81908
      vertex 88.4353 0.61 5.77133
      vertex 88.4522 0.61 5.81908
    endloop
  endfacet
  facet normal 0.942698 0 -0.333646
    outer loop
      vertex 88.4353 0.61 5.77133
      vertex 88.4522 0 5.81908
      vertex 88.4353 0 5.77133
    endloop
  endfacet
  facet normal 0.915547 0 -0.402211
    outer loop
      vertex 88.4353 0 5.77133
      vertex 88.4159 0.61 5.72717
      vertex 88.4353 0.61 5.77133
    endloop
  endfacet
  facet normal 0.915547 0 -0.402211
    outer loop
      vertex 88.4159 0.61 5.72717
      vertex 88.4353 0 5.77133
      vertex 88.4159 0 5.72717
    endloop
  endfacet
  facet normal 0.87816 0 -0.478367
    outer loop
      vertex 88.4159 0 5.72717
      vertex 88.3938 0.61 5.6866
      vertex 88.4159 0.61 5.72717
    endloop
  endfacet
  facet normal 0.87816 0 -0.478367
    outer loop
      vertex 88.3938 0.61 5.6866
      vertex 88.4159 0 5.72717
      vertex 88.3938 0 5.6866
    endloop
  endfacet
  facet normal 0.831704 0 -0.555219
    outer loop
      vertex 88.3938 0 5.6866
      vertex 88.3691 0.61 5.6496
      vertex 88.3938 0.61 5.6866
    endloop
  endfacet
  facet normal 0.831704 0 -0.555219
    outer loop
      vertex 88.3691 0.61 5.6496
      vertex 88.3938 0 5.6866
      vertex 88.3691 0 5.6496
    endloop
  endfacet
  facet normal 0.774267 0 -0.632859
    outer loop
      vertex 88.3691 0 5.6496
      vertex 88.3418 0.61 5.6162
      vertex 88.3691 0.61 5.6496
    endloop
  endfacet
  facet normal 0.774267 0 -0.632859
    outer loop
      vertex 88.3418 0.61 5.6162
      vertex 88.3691 0 5.6496
      vertex 88.3418 0 5.6162
    endloop
  endfacet
  facet normal 0.709452 0 -0.704754
    outer loop
      vertex 88.3418 0 5.6162
      vertex 88.3118 0.61 5.586
      vertex 88.3418 0.61 5.6162
    endloop
  endfacet
  facet normal 0.709452 0 -0.704754
    outer loop
      vertex 88.3118 0.61 5.586
      vertex 88.3418 0 5.6162
      vertex 88.3118 0 5.586
    endloop
  endfacet
  facet normal 0.638572 0 -0.769562
    outer loop
      vertex 88.2789 0 5.5587
      vertex 88.3118 0.61 5.586
      vertex 88.3118 0 5.586
    endloop
  endfacet
  facet normal 0.638572 0 -0.769562
    outer loop
      vertex 88.3118 0.61 5.586
      vertex 88.2789 0 5.5587
      vertex 88.2789 0.61 5.5587
    endloop
  endfacet
  facet normal 0.563824 0 -0.825895
    outer loop
      vertex 88.2431 0 5.53426
      vertex 88.2789 0.61 5.5587
      vertex 88.2789 0 5.5587
    endloop
  endfacet
  facet normal 0.563824 0 -0.825895
    outer loop
      vertex 88.2789 0.61 5.5587
      vertex 88.2431 0 5.53426
      vertex 88.2431 0.61 5.53426
    endloop
  endfacet
  facet normal 0.485719 0 -0.874115
    outer loop
      vertex 88.2043 0 5.5127
      vertex 88.2431 0.61 5.53426
      vertex 88.2431 0 5.53426
    endloop
  endfacet
  facet normal 0.485719 0 -0.874115
    outer loop
      vertex 88.2431 0.61 5.53426
      vertex 88.2043 0 5.5127
      vertex 88.2043 0.61 5.5127
    endloop
  endfacet
  facet normal 0.409635 0 -0.912249
    outer loop
      vertex 88.1627 0 5.49402
      vertex 88.2043 0.61 5.5127
      vertex 88.2043 0 5.5127
    endloop
  endfacet
  facet normal 0.409635 0 -0.912249
    outer loop
      vertex 88.2043 0.61 5.5127
      vertex 88.1627 0 5.49402
      vertex 88.1627 0.61 5.49402
    endloop
  endfacet
  facet normal 0.334968 0 -0.94223
    outer loop
      vertex 88.1182 0 5.4782
      vertex 88.1627 0.61 5.49402
      vertex 88.1627 0 5.49402
    endloop
  endfacet
  facet normal 0.334968 0 -0.94223
    outer loop
      vertex 88.1627 0.61 5.49402
      vertex 88.1182 0 5.4782
      vertex 88.1182 0.61 5.4782
    endloop
  endfacet
  facet normal 0.263169 0 -0.96475
    outer loop
      vertex 88.0708 0 5.46527
      vertex 88.1182 0.61 5.4782
      vertex 88.1182 0 5.4782
    endloop
  endfacet
  facet normal 0.263169 0 -0.96475
    outer loop
      vertex 88.1182 0.61 5.4782
      vertex 88.0708 0 5.46527
      vertex 88.0708 0.61 5.46527
    endloop
  endfacet
  facet normal 0.195929 0 -0.980618
    outer loop
      vertex 88.0204 0 5.4552
      vertex 88.0708 0.61 5.46527
      vertex 88.0708 0 5.46527
    endloop
  endfacet
  facet normal 0.195929 0 -0.980618
    outer loop
      vertex 88.0708 0.61 5.46527
      vertex 88.0204 0 5.4552
      vertex 88.0204 0.61 5.4552
    endloop
  endfacet
  facet normal 0.133933 0 -0.99099
    outer loop
      vertex 87.9672 0 5.44801
      vertex 88.0204 0.61 5.4552
      vertex 88.0204 0 5.4552
    endloop
  endfacet
  facet normal 0.133933 0 -0.99099
    outer loop
      vertex 88.0204 0.61 5.4552
      vertex 87.9672 0 5.44801
      vertex 87.9672 0.61 5.44801
    endloop
  endfacet
  facet normal 0.0766014 0 -0.997062
    outer loop
      vertex 87.9111 0 5.4437
      vertex 87.9672 0.61 5.44801
      vertex 87.9672 0 5.44801
    endloop
  endfacet
  facet normal 0.0766014 0 -0.997062
    outer loop
      vertex 87.9672 0.61 5.44801
      vertex 87.9111 0 5.4437
      vertex 87.9111 0.61 5.4437
    endloop
  endfacet
  facet normal 0.0243995 0 -0.999702
    outer loop
      vertex 87.8521 0 5.44226
      vertex 87.9111 0.61 5.4437
      vertex 87.9111 0 5.4437
    endloop
  endfacet
  facet normal 0.0243995 0 -0.999702
    outer loop
      vertex 87.9111 0.61 5.4437
      vertex 87.8521 0 5.44226
      vertex 87.8521 0.61 5.44226
    endloop
  endfacet
  facet normal -0.0239134 0 -0.999714
    outer loop
      vertex 87.7919 0 5.4437
      vertex 87.8521 0.61 5.44226
      vertex 87.8521 0 5.44226
    endloop
  endfacet
  facet normal -0.0239134 0 -0.999714
    outer loop
      vertex 87.8521 0.61 5.44226
      vertex 87.7919 0 5.4437
      vertex 87.7919 0.61 5.4437
    endloop
  endfacet
  facet normal -0.0597458 0 0.998214
    outer loop
      vertex 72.7704 0.61 4.90125
      vertex 72.879 0 4.90775
      vertex 72.879 0.61 4.90775
    endloop
  endfacet
  facet normal -0.0597458 0 0.998214
    outer loop
      vertex 72.879 0 4.90775
      vertex 72.7704 0.61 4.90125
      vertex 72.7704 0 4.90125
    endloop
  endfacet
  facet normal -0.101355 0 0.99485
    outer loop
      vertex 72.879 0.61 4.90775
      vertex 72.9854 0 4.91859
      vertex 72.9854 0.61 4.91859
    endloop
  endfacet
  facet normal -0.101355 0 0.99485
    outer loop
      vertex 72.9854 0 4.91859
      vertex 72.879 0.61 4.90775
      vertex 72.879 0 4.90775
    endloop
  endfacet
  facet normal -0.144524 0 0.989501
    outer loop
      vertex 72.9854 0.61 4.91859
      vertex 73.0894 0 4.93378
      vertex 73.0894 0.61 4.93378
    endloop
  endfacet
  facet normal -0.144524 0 0.989501
    outer loop
      vertex 73.0894 0 4.93378
      vertex 72.9854 0.61 4.91859
      vertex 72.9854 0 4.91859
    endloop
  endfacet
  facet normal -0.188225 0 0.982126
    outer loop
      vertex 73.0894 0.61 4.93378
      vertex 73.1912 0 4.95329
      vertex 73.1912 0.61 4.95329
    endloop
  endfacet
  facet normal -0.188225 0 0.982126
    outer loop
      vertex 73.1912 0 4.95329
      vertex 73.0894 0.61 4.93378
      vertex 73.0894 0 4.93378
    endloop
  endfacet
  facet normal -0.233502 0 0.972356
    outer loop
      vertex 73.1912 0.61 4.95329
      vertex 73.2906 0 4.97716
      vertex 73.2906 0.61 4.97716
    endloop
  endfacet
  facet normal -0.233502 0 0.972356
    outer loop
      vertex 73.2906 0 4.97716
      vertex 73.1912 0.61 4.95329
      vertex 73.1912 0 4.95329
    endloop
  endfacet
  facet normal -0.278452 0 0.96045
    outer loop
      vertex 73.2906 0.61 4.97716
      vertex 73.3878 0 5.00534
      vertex 73.3878 0.61 5.00534
    endloop
  endfacet
  facet normal -0.278452 0 0.96045
    outer loop
      vertex 73.3878 0 5.00534
      vertex 73.2906 0.61 4.97716
      vertex 73.2906 0 4.97716
    endloop
  endfacet
  facet normal -0.324745 0 0.945802
    outer loop
      vertex 73.3878 0.61 5.00534
      vertex 73.4826 0 5.03789
      vertex 73.4826 0.61 5.03789
    endloop
  endfacet
  facet normal -0.324745 0 0.945802
    outer loop
      vertex 73.4826 0 5.03789
      vertex 73.3878 0.61 5.00534
      vertex 73.3878 0 5.00534
    endloop
  endfacet
  facet normal -0.369833 0 0.929098
    outer loop
      vertex 73.4826 0.61 5.03789
      vertex 73.5752 0 5.07475
      vertex 73.5752 0.61 5.07475
    endloop
  endfacet
  facet normal -0.369833 0 0.929098
    outer loop
      vertex 73.5752 0 5.07475
      vertex 73.4826 0.61 5.03789
      vertex 73.4826 0 5.03789
    endloop
  endfacet
  facet normal -0.41526 0 0.909703
    outer loop
      vertex 73.5752 0.61 5.07475
      vertex 73.6655 0 5.11597
      vertex 73.6655 0.61 5.11597
    endloop
  endfacet
  facet normal -0.41526 0 0.909703
    outer loop
      vertex 73.6655 0 5.11597
      vertex 73.5752 0.61 5.07475
      vertex 73.5752 0 5.07475
    endloop
  endfacet
  facet normal -0.460016 0 0.88791
    outer loop
      vertex 73.6655 0.61 5.11597
      vertex 73.7534 0 5.16151
      vertex 73.7534 0.61 5.16151
    endloop
  endfacet
  facet normal -0.460016 0 0.88791
    outer loop
      vertex 73.7534 0 5.16151
      vertex 73.6655 0.61 5.11597
      vertex 73.6655 0 5.11597
    endloop
  endfacet
  facet normal -0.503858 0 0.863786
    outer loop
      vertex 73.7534 0.61 5.16151
      vertex 73.8385 0 5.21115
      vertex 73.8385 0.61 5.21115
    endloop
  endfacet
  facet normal -0.503858 0 0.863786
    outer loop
      vertex 73.8385 0 5.21115
      vertex 73.7534 0.61 5.16151
      vertex 73.7534 0 5.16151
    endloop
  endfacet
  facet normal -0.54884 0 0.835927
    outer loop
      vertex 73.8385 0.61 5.21115
      vertex 73.92 0 5.26466
      vertex 73.92 0.61 5.26466
    endloop
  endfacet
  facet normal -0.54884 0 0.835927
    outer loop
      vertex 73.92 0 5.26466
      vertex 73.8385 0.61 5.21115
      vertex 73.8385 0 5.21115
    endloop
  endfacet
  facet normal -0.593425 0 0.804889
    outer loop
      vertex 73.92 0.61 5.26466
      vertex 73.9978 0 5.32202
      vertex 73.9978 0.61 5.32202
    endloop
  endfacet
  facet normal -0.593425 0 0.804889
    outer loop
      vertex 73.9978 0 5.32202
      vertex 73.92 0.61 5.26466
      vertex 73.92 0 5.26466
    endloop
  endfacet
  facet normal -0.635904 0 0.771768
    outer loop
      vertex 73.9978 0.61 5.32202
      vertex 74.0721 0 5.38324
      vertex 74.0721 0.61 5.38324
    endloop
  endfacet
  facet normal -0.635904 0 0.771768
    outer loop
      vertex 74.0721 0 5.38324
      vertex 73.9978 0.61 5.32202
      vertex 73.9978 0 5.32202
    endloop
  endfacet
  facet normal -0.676741 0 0.736221
    outer loop
      vertex 74.0721 0.61 5.38324
      vertex 74.1429 0 5.44832
      vertex 74.1429 0.61 5.44832
    endloop
  endfacet
  facet normal -0.676741 0 0.736221
    outer loop
      vertex 74.1429 0 5.44832
      vertex 74.0721 0.61 5.38324
      vertex 74.0721 0 5.38324
    endloop
  endfacet
  facet normal -0.716605 0 0.697479
    outer loop
      vertex 74.1429 0 5.44832
      vertex 74.21 0.61 5.51726
      vertex 74.1429 0.61 5.44832
    endloop
  endfacet
  facet normal -0.716605 0 0.697479
    outer loop
      vertex 74.21 0.61 5.51726
      vertex 74.1429 0 5.44832
      vertex 74.21 0 5.51726
    endloop
  endfacet
  facet normal -0.753512 0 0.657434
    outer loop
      vertex 74.21 0 5.51726
      vertex 74.2735 0.61 5.59004
      vertex 74.21 0.61 5.51726
    endloop
  endfacet
  facet normal -0.753512 0 0.657434
    outer loop
      vertex 74.2735 0.61 5.59004
      vertex 74.21 0 5.51726
      vertex 74.2735 0 5.59004
    endloop
  endfacet
  facet normal -0.787479 0 0.616341
    outer loop
      vertex 74.2735 0 5.59004
      vertex 74.3335 0.61 5.6667
      vertex 74.2735 0.61 5.59004
    endloop
  endfacet
  facet normal -0.787479 0 0.616341
    outer loop
      vertex 74.3335 0.61 5.6667
      vertex 74.2735 0 5.59004
      vertex 74.3335 0 5.6667
    endloop
  endfacet
  facet normal -0.819026 0 0.573756
    outer loop
      vertex 74.3335 0 5.6667
      vertex 74.3899 0.61 5.74721
      vertex 74.3335 0.61 5.6667
    endloop
  endfacet
  facet normal -0.819026 0 0.573756
    outer loop
      vertex 74.3899 0.61 5.74721
      vertex 74.3335 0 5.6667
      vertex 74.3899 0 5.74721
    endloop
  endfacet
  facet normal -0.847659 0 0.530541
    outer loop
      vertex 74.3899 0 5.74721
      vertex 74.4427 0.61 5.83157
      vertex 74.3899 0.61 5.74721
    endloop
  endfacet
  facet normal -0.847659 0 0.530541
    outer loop
      vertex 74.4427 0.61 5.83157
      vertex 74.3899 0 5.74721
      vertex 74.4427 0 5.83157
    endloop
  endfacet
  facet normal -0.873386 0 0.487029
    outer loop
      vertex 74.4427 0 5.83157
      vertex 74.4919 0.61 5.9198
      vertex 74.4427 0.61 5.83157
    endloop
  endfacet
  facet normal -0.873386 0 0.487029
    outer loop
      vertex 74.4919 0.61 5.9198
      vertex 74.4427 0 5.83157
      vertex 74.4919 0 5.9198
    endloop
  endfacet
  facet normal -0.896318 0 0.443412
    outer loop
      vertex 74.4919 0 5.9198
      vertex 74.5372 0.61 6.01137
      vertex 74.4919 0.61 5.9198
    endloop
  endfacet
  facet normal -0.896318 0 0.443412
    outer loop
      vertex 74.5372 0.61 6.01137
      vertex 74.4919 0 5.9198
      vertex 74.5372 0 6.01137
    endloop
  endfacet
  facet normal -0.917163 0 0.398513
    outer loop
      vertex 74.5372 0 6.01137
      vertex 74.5782 0.61 6.10573
      vertex 74.5372 0.61 6.01137
    endloop
  endfacet
  facet normal -0.917163 0 0.398513
    outer loop
      vertex 74.5782 0.61 6.10573
      vertex 74.5372 0 6.01137
      vertex 74.5782 0 6.10573
    endloop
  endfacet
  facet normal -0.9355 0 0.353328
    outer loop
      vertex 74.5782 0 6.10573
      vertex 74.6149 0.61 6.2029
      vertex 74.5782 0.61 6.10573
    endloop
  endfacet
  facet normal -0.9355 0 0.353328
    outer loop
      vertex 74.6149 0.61 6.2029
      vertex 74.5782 0 6.10573
      vertex 74.6149 0 6.2029
    endloop
  endfacet
  facet normal -0.951556 0 0.307476
    outer loop
      vertex 74.6149 0 6.2029
      vertex 74.6472 0.61 6.30286
      vertex 74.6149 0.61 6.2029
    endloop
  endfacet
  facet normal -0.951556 0 0.307476
    outer loop
      vertex 74.6472 0.61 6.30286
      vertex 74.6149 0 6.2029
      vertex 74.6472 0 6.30286
    endloop
  endfacet
  facet normal -0.964818 0 0.262919
    outer loop
      vertex 74.6472 0 6.30286
      vertex 74.6752 0.61 6.40561
      vertex 74.6472 0.61 6.30286
    endloop
  endfacet
  facet normal -0.964818 0 0.262919
    outer loop
      vertex 74.6752 0.61 6.40561
      vertex 74.6472 0 6.30286
      vertex 74.6752 0 6.40561
    endloop
  endfacet
  facet normal -0.975711 0 0.219063
    outer loop
      vertex 74.6752 0 6.40561
      vertex 74.6989 0.61 6.51117
      vertex 74.6752 0.61 6.40561
    endloop
  endfacet
  facet normal -0.975711 0 0.219063
    outer loop
      vertex 74.6989 0.61 6.51117
      vertex 74.6752 0 6.40561
      vertex 74.6989 0 6.51117
    endloop
  endfacet
  facet normal -0.984188 0 0.177127
    outer loop
      vertex 74.6989 0 6.51117
      vertex 74.7184 0.61 6.61952
      vertex 74.6989 0.61 6.51117
    endloop
  endfacet
  facet normal -0.984188 0 0.177127
    outer loop
      vertex 74.7184 0.61 6.61952
      vertex 74.6989 0 6.51117
      vertex 74.7184 0 6.61952
    endloop
  endfacet
  facet normal -0.991018 0 0.133729
    outer loop
      vertex 74.7184 0 6.61952
      vertex 74.7334 0.61 6.73068
      vertex 74.7184 0.61 6.61952
    endloop
  endfacet
  facet normal -0.991018 0 0.133729
    outer loop
      vertex 74.7334 0.61 6.73068
      vertex 74.7184 0 6.61952
      vertex 74.7334 0 6.73068
    endloop
  endfacet
  facet normal -0.995539 0 0.0943474
    outer loop
      vertex 74.7334 0 6.73068
      vertex 74.7442 0.61 6.84464
      vertex 74.7334 0.61 6.73068
    endloop
  endfacet
  facet normal -0.995539 0 0.0943474
    outer loop
      vertex 74.7442 0.61 6.84464
      vertex 74.7334 0 6.73068
      vertex 74.7442 0 6.84464
    endloop
  endfacet
  facet normal -0.998454 0 0.0555837
    outer loop
      vertex 74.7442 0 6.84464
      vertex 74.7507 0.61 6.9614
      vertex 74.7442 0.61 6.84464
    endloop
  endfacet
  facet normal -0.998454 0 0.0555837
    outer loop
      vertex 74.7507 0.61 6.9614
      vertex 74.7442 0 6.84464
      vertex 74.7507 0 6.9614
    endloop
  endfacet
  facet normal -0.999831 0 0.0184038
    outer loop
      vertex 74.7507 0 6.9614
      vertex 74.7529 0.61 7.08092
      vertex 74.7507 0.61 6.9614
    endloop
  endfacet
  facet normal -0.999831 0 0.0184038
    outer loop
      vertex 74.7529 0.61 7.08092
      vertex 74.7507 0 6.9614
      vertex 74.7529 0 7.08092
    endloop
  endfacet
  facet normal -0.999623 0 -0.0274712
    outer loop
      vertex 74.7529 0 7.08092
      vertex 74.7479 0.61 7.26286
      vertex 74.7529 0.61 7.08092
    endloop
  endfacet
  facet normal -0.999623 -0 -0.0274712
    outer loop
      vertex 74.7479 0.61 7.26286
      vertex 74.7529 0 7.08092
      vertex 74.7479 0 7.26286
    endloop
  endfacet
  facet normal -0.996455 0 -0.0841301
    outer loop
      vertex 74.7479 0 7.26286
      vertex 74.7332 0.61 7.43697
      vertex 74.7479 0.61 7.26286
    endloop
  endfacet
  facet normal -0.996455 -0 -0.0841301
    outer loop
      vertex 74.7332 0.61 7.43697
      vertex 74.7479 0 7.26286
      vertex 74.7332 0 7.43697
    endloop
  endfacet
  facet normal -0.98923 0 -0.146368
    outer loop
      vertex 74.7332 0 7.43697
      vertex 74.7086 0.61 7.60323
      vertex 74.7332 0.61 7.43697
    endloop
  endfacet
  facet normal -0.98923 -0 -0.146368
    outer loop
      vertex 74.7086 0.61 7.60323
      vertex 74.7332 0 7.43697
      vertex 74.7086 0 7.60323
    endloop
  endfacet
  facet normal -0.977224 0 -0.212212
    outer loop
      vertex 74.7086 0 7.60323
      vertex 74.6742 0.61 7.76164
      vertex 74.7086 0.61 7.60323
    endloop
  endfacet
  facet normal -0.977224 -0 -0.212212
    outer loop
      vertex 74.6742 0.61 7.76164
      vertex 74.7086 0 7.60323
      vertex 74.6742 0 7.76164
    endloop
  endfacet
  facet normal -0.959345 0 -0.282235
    outer loop
      vertex 74.6742 0 7.76164
      vertex 74.6299 0.61 7.91222
      vertex 74.6742 0.61 7.76164
    endloop
  endfacet
  facet normal -0.959345 -0 -0.282235
    outer loop
      vertex 74.6299 0.61 7.91222
      vertex 74.6742 0 7.76164
      vertex 74.6299 0 7.91222
    endloop
  endfacet
  facet normal -0.935082 0 -0.354431
    outer loop
      vertex 74.6299 0 7.91222
      vertex 74.5758 0.61 8.05495
      vertex 74.6299 0.61 7.91222
    endloop
  endfacet
  facet normal -0.935082 -0 -0.354431
    outer loop
      vertex 74.5758 0.61 8.05495
      vertex 74.6299 0 7.91222
      vertex 74.5758 0 8.05495
    endloop
  endfacet
  facet normal -0.903701 0 -0.428164
    outer loop
      vertex 74.5758 0 8.05495
      vertex 74.5119 0.61 8.18982
      vertex 74.5758 0.61 8.05495
    endloop
  endfacet
  facet normal -0.903701 -0 -0.428164
    outer loop
      vertex 74.5119 0.61 8.18982
      vertex 74.5758 0 8.05495
      vertex 74.5119 0 8.18982
    endloop
  endfacet
  facet normal -0.864686 0 -0.502313
    outer loop
      vertex 74.5119 0 8.18982
      vertex 74.4381 0.61 8.31686
      vertex 74.5119 0.61 8.18982
    endloop
  endfacet
  facet normal -0.864686 -0 -0.502313
    outer loop
      vertex 74.4381 0.61 8.31686
      vertex 74.5119 0 8.18982
      vertex 74.4381 0 8.31686
    endloop
  endfacet
  facet normal -0.818738 0 -0.574167
    outer loop
      vertex 74.4381 0 8.31686
      vertex 74.3545 0.61 8.43607
      vertex 74.4381 0.61 8.31686
    endloop
  endfacet
  facet normal -0.818738 -0 -0.574167
    outer loop
      vertex 74.3545 0.61 8.43607
      vertex 74.4381 0 8.31686
      vertex 74.3545 0 8.43607
    endloop
  endfacet
  facet normal -0.76582 0 -0.643055
    outer loop
      vertex 74.3545 0 8.43607
      vertex 74.261 0.61 8.54742
      vertex 74.3545 0.61 8.43607
    endloop
  endfacet
  facet normal -0.76582 -0 -0.643055
    outer loop
      vertex 74.261 0.61 8.54742
      vertex 74.3545 0 8.43607
      vertex 74.261 0 8.54742
    endloop
  endfacet
  facet normal -0.708132 0 -0.70608
    outer loop
      vertex 74.261 0 8.54742
      vertex 74.1578 0.61 8.65092
      vertex 74.261 0.61 8.54742
    endloop
  endfacet
  facet normal -0.708132 -0 -0.70608
    outer loop
      vertex 74.1578 0.61 8.65092
      vertex 74.261 0 8.54742
      vertex 74.1578 0 8.65092
    endloop
  endfacet
  facet normal -0.646168 0 -0.763195
    outer loop
      vertex 74.0455 0 8.746
      vertex 74.1578 0.61 8.65092
      vertex 74.1578 0 8.65092
    endloop
  endfacet
  facet normal -0.646168 0 -0.763195
    outer loop
      vertex 74.1578 0.61 8.65092
      vertex 74.0455 0 8.746
      vertex 74.0455 0.61 8.746
    endloop
  endfacet
  facet normal -0.581647 0 -0.813441
    outer loop
      vertex 73.9252 0 8.83202
      vertex 74.0455 0.61 8.746
      vertex 74.0455 0 8.746
    endloop
  endfacet
  facet normal -0.581647 0 -0.813441
    outer loop
      vertex 74.0455 0.61 8.746
      vertex 73.9252 0 8.83202
      vertex 73.9252 0.61 8.83202
    endloop
  endfacet
  facet normal -0.513808 0 -0.857905
    outer loop
      vertex 73.7967 0 8.90898
      vertex 73.9252 0.61 8.83202
      vertex 73.9252 0 8.83202
    endloop
  endfacet
  facet normal -0.513808 0 -0.857905
    outer loop
      vertex 73.9252 0.61 8.83202
      vertex 73.7967 0 8.90898
      vertex 73.7967 0.61 8.90898
    endloop
  endfacet
  facet normal -0.444853 0 -0.895603
    outer loop
      vertex 73.66 0 8.97688
      vertex 73.7967 0.61 8.90898
      vertex 73.7967 0 8.90898
    endloop
  endfacet
  facet normal -0.444853 0 -0.895603
    outer loop
      vertex 73.7967 0.61 8.90898
      vertex 73.66 0 8.97688
      vertex 73.66 0.61 8.97688
    endloop
  endfacet
  facet normal -0.376793 0 -0.926298
    outer loop
      vertex 73.5153 0 9.03574
      vertex 73.66 0.61 8.97688
      vertex 73.66 0 8.97688
    endloop
  endfacet
  facet normal -0.376793 0 -0.926298
    outer loop
      vertex 73.66 0.61 8.97688
      vertex 73.5153 0 9.03574
      vertex 73.5153 0.61 9.03574
    endloop
  endfacet
  facet normal -0.309874 0 -0.950778
    outer loop
      vertex 73.3625 0 9.08554
      vertex 73.5153 0.61 9.03574
      vertex 73.5153 0 9.03574
    endloop
  endfacet
  facet normal -0.309874 0 -0.950778
    outer loop
      vertex 73.5153 0.61 9.03574
      vertex 73.3625 0 9.08554
      vertex 73.3625 0.61 9.08554
    endloop
  endfacet
  facet normal -0.245312 0 -0.969444
    outer loop
      vertex 73.2015 0 9.12628
      vertex 73.3625 0.61 9.08554
      vertex 73.3625 0 9.08554
    endloop
  endfacet
  facet normal -0.245312 0 -0.969444
    outer loop
      vertex 73.3625 0.61 9.08554
      vertex 73.2015 0 9.12628
      vertex 73.2015 0.61 9.12628
    endloop
  endfacet
  facet normal -0.184197 0 -0.982889
    outer loop
      vertex 73.0324 0 9.15797
      vertex 73.2015 0.61 9.12628
      vertex 73.2015 0 9.12628
    endloop
  endfacet
  facet normal -0.184197 0 -0.982889
    outer loop
      vertex 73.2015 0.61 9.12628
      vertex 73.0324 0 9.15797
      vertex 73.0324 0.61 9.15797
    endloop
  endfacet
  facet normal -0.12668 0 -0.991944
    outer loop
      vertex 72.8552 0 9.1806
      vertex 73.0324 0.61 9.15797
      vertex 73.0324 0 9.15797
    endloop
  endfacet
  facet normal -0.12668 0 -0.991944
    outer loop
      vertex 73.0324 0.61 9.15797
      vertex 72.8552 0 9.1806
      vertex 72.8552 0.61 9.1806
    endloop
  endfacet
  facet normal -0.0730513 0 -0.997328
    outer loop
      vertex 72.6698 0 9.19418
      vertex 72.8552 0.61 9.1806
      vertex 72.8552 0 9.1806
    endloop
  endfacet
  facet normal -0.0730513 0 -0.997328
    outer loop
      vertex 72.8552 0.61 9.1806
      vertex 72.6698 0 9.19418
      vertex 72.6698 0.61 9.19418
    endloop
  endfacet
  facet normal -0.0234682 0 -0.999725
    outer loop
      vertex 72.4764 0 9.19872
      vertex 72.6698 0.61 9.19418
      vertex 72.6698 0 9.19418
    endloop
  endfacet
  facet normal -0.0234682 0 -0.999725
    outer loop
      vertex 72.6698 0.61 9.19418
      vertex 72.4764 0 9.19872
      vertex 72.4764 0.61 9.19872
    endloop
  endfacet
  facet normal 0 0 -1
    outer loop
      vertex 70.9201 0 9.19872
      vertex 72.4764 0.61 9.19872
      vertex 72.4764 0 9.19872
    endloop
  endfacet
  facet normal -0 0 -1
    outer loop
      vertex 72.4764 0.61 9.19872
      vertex 70.9201 0 9.19872
      vertex 70.9201 0.61 9.19872
    endloop
  endfacet
  facet normal 1 -0 0
    outer loop
      vertex 70.9201 0 9.19872
      vertex 70.9201 0.61 4.89906
      vertex 70.9201 0.61 9.19872
    endloop
  endfacet
  facet normal 1 0 0
    outer loop
      vertex 70.9201 0.61 4.89906
      vertex 70.9201 0 9.19872
      vertex 70.9201 0 4.89906
    endloop
  endfacet
  facet normal -0 0 1
    outer loop
      vertex 70.9201 0.61 4.89906
      vertex 72.6595 0 4.89906
      vertex 72.6595 0.61 4.89906
    endloop
  endfacet
  facet normal 0 0 1
    outer loop
      vertex 72.6595 0 4.89906
      vertex 70.9201 0.61 4.89906
      vertex 70.9201 0 4.89906
    endloop
  endfacet
  facet normal -0.0197437 0 0.999805
    outer loop
      vertex 72.6595 0.61 4.89906
      vertex 72.7704 0 4.90125
      vertex 72.7704 0.61 4.90125
    endloop
  endfacet
  facet normal -0.0197437 0 0.999805
    outer loop
      vertex 72.7704 0 4.90125
      vertex 72.6595 0.61 4.89906
      vertex 72.6595 0 4.89906
    endloop
  endfacet
  facet normal -1 0 0
    outer loop
      vertex 71.8203 0 5.59482
      vertex 71.8203 0.61 8.50298
      vertex 71.8203 0.61 5.59482
    endloop
  endfacet
  facet normal -1 -0 0
    outer loop
      vertex 71.8203 0.61 8.50298
      vertex 71.8203 0 5.59482
      vertex 71.8203 0 8.50298
    endloop
  endfacet
  facet normal -0 0 1
    outer loop
      vertex 71.8203 0.61 8.50298
      vertex 72.4581 0 8.50298
      vertex 72.4581 0.61 8.50298
    endloop
  endfacet
  facet normal 0 0 1
    outer loop
      vertex 72.4581 0 8.50298
      vertex 71.8203 0.61 8.50298
      vertex 71.8203 0 8.50298
    endloop
  endfacet
  facet normal 0.0254753 0 0.999675
    outer loop
      vertex 72.4581 0.61 8.50298
      vertex 72.577 0 8.49995
      vertex 72.577 0.61 8.49995
    endloop
  endfacet
  facet normal 0.0254753 0 0.999675
    outer loop
      vertex 72.577 0 8.49995
      vertex 72.4581 0.61 8.50298
      vertex 72.4581 0 8.50298
    endloop
  endfacet
  facet normal 0.0790321 0 0.996872
    outer loop
      vertex 72.577 0.61 8.49995
      vertex 72.6909 0 8.49092
      vertex 72.6909 0.61 8.49092
    endloop
  endfacet
  facet normal 0.0790321 0 0.996872
    outer loop
      vertex 72.6909 0 8.49092
      vertex 72.577 0.61 8.49995
      vertex 72.577 0 8.49995
    endloop
  endfacet
  facet normal 0.137201 0 0.990543
    outer loop
      vertex 72.6909 0.61 8.49092
      vertex 72.7997 0 8.47585
      vertex 72.7997 0.61 8.47585
    endloop
  endfacet
  facet normal 0.137201 0 0.990543
    outer loop
      vertex 72.7997 0 8.47585
      vertex 72.6909 0.61 8.49092
      vertex 72.6909 0 8.49092
    endloop
  endfacet
  facet normal 0.199477 0 0.979903
    outer loop
      vertex 72.7997 0.61 8.47585
      vertex 72.9034 0 8.45474
      vertex 72.9034 0.61 8.45474
    endloop
  endfacet
  facet normal 0.199477 0 0.979903
    outer loop
      vertex 72.9034 0 8.45474
      vertex 72.7997 0.61 8.47585
      vertex 72.7997 0 8.47585
    endloop
  endfacet
  facet normal 0.265361 0 0.964149
    outer loop
      vertex 72.9034 0.61 8.45474
      vertex 73.0019 0 8.42763
      vertex 73.0019 0.61 8.42763
    endloop
  endfacet
  facet normal 0.265361 0 0.964149
    outer loop
      vertex 73.0019 0 8.42763
      vertex 72.9034 0.61 8.45474
      vertex 72.9034 0 8.45474
    endloop
  endfacet
  facet normal 0.334254 0 0.942483
    outer loop
      vertex 73.0019 0.61 8.42763
      vertex 73.0954 0 8.39447
      vertex 73.0954 0.61 8.39447
    endloop
  endfacet
  facet normal 0.334254 0 0.942483
    outer loop
      vertex 73.0954 0 8.39447
      vertex 73.0019 0.61 8.42763
      vertex 73.0019 0 8.42763
    endloop
  endfacet
  facet normal 0.405198 0 0.914229
    outer loop
      vertex 73.0954 0.61 8.39447
      vertex 73.1838 0 8.35529
      vertex 73.1838 0.61 8.35529
    endloop
  endfacet
  facet normal 0.405198 0 0.914229
    outer loop
      vertex 73.1838 0 8.35529
      vertex 73.0954 0.61 8.39447
      vertex 73.0954 0 8.39447
    endloop
  endfacet
  facet normal 0.477092 0 0.878853
    outer loop
      vertex 73.1838 0.61 8.35529
      vertex 73.2671 0 8.31007
      vertex 73.2671 0.61 8.31007
    endloop
  endfacet
  facet normal 0.477092 0 0.878853
    outer loop
      vertex 73.2671 0 8.31007
      vertex 73.1838 0.61 8.35529
      vertex 73.1838 0 8.35529
    endloop
  endfacet
  facet normal 0.547918 0 0.836532
    outer loop
      vertex 73.2671 0.61 8.31007
      vertex 73.3453 0 8.25885
      vertex 73.3453 0.61 8.25885
    endloop
  endfacet
  facet normal 0.547918 0 0.836532
    outer loop
      vertex 73.3453 0 8.25885
      vertex 73.2671 0.61 8.31007
      vertex 73.2671 0 8.31007
    endloop
  endfacet
  facet normal 0.616718 0 0.787184
    outer loop
      vertex 73.3453 0.61 8.25885
      vertex 73.4184 0 8.20158
      vertex 73.4184 0.61 8.20158
    endloop
  endfacet
  facet normal 0.616718 0 0.787184
    outer loop
      vertex 73.4184 0 8.20158
      vertex 73.3453 0.61 8.25885
      vertex 73.3453 0 8.25885
    endloop
  endfacet
  facet normal 0.680765 0 0.732502
    outer loop
      vertex 73.4184 0.61 8.20158
      vertex 73.4865 0 8.13829
      vertex 73.4865 0.61 8.13829
    endloop
  endfacet
  facet normal 0.680765 0 0.732502
    outer loop
      vertex 73.4865 0 8.13829
      vertex 73.4184 0.61 8.20158
      vertex 73.4184 0 8.20158
    endloop
  endfacet
  facet normal 0.741251 -0 0.671228
    outer loop
      vertex 73.4865 0 8.13829
      vertex 73.549 0.61 8.06927
      vertex 73.4865 0.61 8.13829
    endloop
  endfacet
  facet normal 0.741251 0 0.671228
    outer loop
      vertex 73.549 0.61 8.06927
      vertex 73.4865 0 8.13829
      vertex 73.549 0 8.06927
    endloop
  endfacet
  facet normal 0.796506 -0 0.60463
    outer loop
      vertex 73.549 0 8.06927
      vertex 73.6055 0.61 7.99484
      vertex 73.549 0.61 8.06927
    endloop
  endfacet
  facet normal 0.796506 0 0.60463
    outer loop
      vertex 73.6055 0.61 7.99484
      vertex 73.549 0 8.06927
      vertex 73.6055 0 7.99484
    endloop
  endfacet
  facet normal 0.844714 -0 0.535218
    outer loop
      vertex 73.6055 0 7.99484
      vertex 73.6561 0.61 7.91498
      vertex 73.6055 0.61 7.99484
    endloop
  endfacet
  facet normal 0.844714 0 0.535218
    outer loop
      vertex 73.6561 0.61 7.91498
      vertex 73.6055 0 7.99484
      vertex 73.6561 0 7.91498
    endloop
  endfacet
  facet normal 0.886132 -0 0.463432
    outer loop
      vertex 73.6561 0 7.91498
      vertex 73.7007 0.61 7.8297
      vertex 73.6561 0.61 7.91498
    endloop
  endfacet
  facet normal 0.886132 0 0.463432
    outer loop
      vertex 73.7007 0.61 7.8297
      vertex 73.6561 0 7.91498
      vertex 73.7007 0 7.8297
    endloop
  endfacet
  facet normal 0.919773 -0 0.39245
    outer loop
      vertex 73.7007 0 7.8297
      vertex 73.7394 0.61 7.739
      vertex 73.7007 0.61 7.8297
    endloop
  endfacet
  facet normal 0.919773 0 0.39245
    outer loop
      vertex 73.7394 0.61 7.739
      vertex 73.7007 0 7.8297
      vertex 73.7394 0 7.739
    endloop
  endfacet
  facet normal 0.946425 -0 0.322924
    outer loop
      vertex 73.7394 0 7.739
      vertex 73.7722 0.61 7.64287
      vertex 73.7394 0.61 7.739
    endloop
  endfacet
  facet normal 0.946425 0 0.322924
    outer loop
      vertex 73.7722 0.61 7.64287
      vertex 73.7394 0 7.739
      vertex 73.7722 0 7.64287
    endloop
  endfacet
  facet normal 0.96713 -0 0.254282
    outer loop
      vertex 73.7722 0 7.64287
      vertex 73.7989 0.61 7.54132
      vertex 73.7722 0.61 7.64287
    endloop
  endfacet
  facet normal 0.96713 0 0.254282
    outer loop
      vertex 73.7989 0.61 7.54132
      vertex 73.7722 0 7.64287
      vertex 73.7989 0 7.54132
    endloop
  endfacet
  facet normal 0.981439 -0 0.191773
    outer loop
      vertex 73.7989 0 7.54132
      vertex 73.8198 0.61 7.43436
      vertex 73.7989 0.61 7.54132
    endloop
  endfacet
  facet normal 0.981439 0 0.191773
    outer loop
      vertex 73.8198 0.61 7.43436
      vertex 73.7989 0 7.54132
      vertex 73.8198 0 7.43436
    endloop
  endfacet
  facet normal 0.991328 -0 0.131413
    outer loop
      vertex 73.8198 0 7.43436
      vertex 73.8347 0.61 7.32196
      vertex 73.8198 0.61 7.43436
    endloop
  endfacet
  facet normal 0.991328 0 0.131413
    outer loop
      vertex 73.8347 0.61 7.32196
      vertex 73.8198 0 7.43436
      vertex 73.8347 0 7.32196
    endloop
  endfacet
  facet normal 0.997158 -0 0.0753371
    outer loop
      vertex 73.8347 0 7.32196
      vertex 73.8436 0.61 7.20416
      vertex 73.8347 0.61 7.32196
    endloop
  endfacet
  facet normal 0.997158 0 0.0753371
    outer loop
      vertex 73.8436 0.61 7.20416
      vertex 73.8347 0 7.32196
      vertex 73.8436 0 7.20416
    endloop
  endfacet
  facet normal 0.999704 -0 0.0243355
    outer loop
      vertex 73.8436 0 7.20416
      vertex 73.8466 0.61 7.08092
      vertex 73.8436 0.61 7.20416
    endloop
  endfacet
  facet normal 0.999704 0 0.0243355
    outer loop
      vertex 73.8466 0.61 7.08092
      vertex 73.8436 0 7.20416
      vertex 73.8466 0 7.08092
    endloop
  endfacet
  facet normal 0.99972 0 -0.0236765
    outer loop
      vertex 73.8466 0 7.08092
      vertex 73.8437 0.61 6.95847
      vertex 73.8466 0.61 7.08092
    endloop
  endfacet
  facet normal 0.99972 0 -0.0236765
    outer loop
      vertex 73.8437 0.61 6.95847
      vertex 73.8466 0 7.08092
      vertex 73.8437 0 6.95847
    endloop
  endfacet
  facet normal 0.997464 0 -0.0711688
    outer loop
      vertex 73.8437 0 6.95847
      vertex 73.8353 0.61 6.84074
      vertex 73.8437 0.61 6.95847
    endloop
  endfacet
  facet normal 0.997464 0 -0.0711688
    outer loop
      vertex 73.8353 0.61 6.84074
      vertex 73.8437 0 6.95847
      vertex 73.8353 0 6.84074
    endloop
  endfacet
  facet normal 0.992195 0 -0.124694
    outer loop
      vertex 73.8353 0 6.84074
      vertex 73.8211 0.61 6.72775
      vertex 73.8353 0.61 6.84074
    endloop
  endfacet
  facet normal 0.992195 0 -0.124694
    outer loop
      vertex 73.8211 0.61 6.72775
      vertex 73.8353 0 6.84074
      vertex 73.8211 0 6.72775
    endloop
  endfacet
  facet normal 0.983835 0 -0.179077
    outer loop
      vertex 73.8211 0 6.72775
      vertex 73.8014 0.61 6.61952
      vertex 73.8211 0.61 6.72775
    endloop
  endfacet
  facet normal 0.983835 0 -0.179077
    outer loop
      vertex 73.8014 0.61 6.61952
      vertex 73.8211 0 6.72775
      vertex 73.8014 0 6.61952
    endloop
  endfacet
  facet normal 0.97097 0 -0.239201
    outer loop
      vertex 73.8014 0 6.61952
      vertex 73.7759 0.61 6.51601
      vertex 73.8014 0.61 6.61952
    endloop
  endfacet
  facet normal 0.97097 0 -0.239201
    outer loop
      vertex 73.7759 0.61 6.51601
      vertex 73.8014 0 6.61952
      vertex 73.7759 0 6.51601
    endloop
  endfacet
  facet normal 0.954101 0 -0.299485
    outer loop
      vertex 73.7759 0 6.51601
      vertex 73.7449 0.61 6.41725
      vertex 73.7759 0.61 6.51601
    endloop
  endfacet
  facet normal 0.954101 0 -0.299485
    outer loop
      vertex 73.7449 0.61 6.41725
      vertex 73.7759 0 6.51601
      vertex 73.7449 0 6.41725
    endloop
  endfacet
  facet normal 0.931211 0 -0.364482
    outer loop
      vertex 73.7449 0 6.41725
      vertex 73.7081 0.61 6.32323
      vertex 73.7449 0.61 6.41725
    endloop
  endfacet
  facet normal 0.931211 0 -0.364482
    outer loop
      vertex 73.7081 0.61 6.32323
      vertex 73.7449 0 6.41725
      vertex 73.7081 0 6.32323
    endloop
  endfacet
  facet normal 0.903701 0 -0.428165
    outer loop
      vertex 73.7081 0 6.32323
      vertex 73.6658 0.61 6.23395
      vertex 73.7081 0.61 6.32323
    endloop
  endfacet
  facet normal 0.903701 0 -0.428165
    outer loop
      vertex 73.6658 0.61 6.23395
      vertex 73.7081 0 6.32323
      vertex 73.6658 0 6.23395
    endloop
  endfacet
  facet normal 0.869607 0 -0.493744
    outer loop
      vertex 73.6658 0 6.23395
      vertex 73.6178 0.61 6.14941
      vertex 73.6658 0.61 6.23395
    endloop
  endfacet
  facet normal 0.869607 0 -0.493744
    outer loop
      vertex 73.6178 0.61 6.14941
      vertex 73.6658 0 6.23395
      vertex 73.6178 0 6.14941
    endloop
  endfacet
  facet normal 0.829643 0 -0.558294
    outer loop
      vertex 73.6178 0 6.14941
      vertex 73.5641 0.61 6.06961
      vertex 73.6178 0.61 6.14941
    endloop
  endfacet
  facet normal 0.829643 0 -0.558294
    outer loop
      vertex 73.5641 0.61 6.06961
      vertex 73.6178 0 6.14941
      vertex 73.5641 0 6.06961
    endloop
  endfacet
  facet normal 0.784669 0 -0.619915
    outer loop
      vertex 73.5641 0 6.06961
      vertex 73.5048 0.61 5.99455
      vertex 73.5641 0.61 6.06961
    endloop
  endfacet
  facet normal 0.784669 0 -0.619915
    outer loop
      vertex 73.5048 0.61 5.99455
      vertex 73.5641 0 6.06961
      vertex 73.5048 0 5.99455
    endloop
  endfacet
  facet normal 0.734503 0 -0.678605
    outer loop
      vertex 73.5048 0 5.99455
      vertex 73.4407 0.61 5.92517
      vertex 73.5048 0.61 5.99455
    endloop
  endfacet
  facet normal 0.734503 0 -0.678605
    outer loop
      vertex 73.4407 0.61 5.92517
      vertex 73.5048 0 5.99455
      vertex 73.4407 0 5.92517
    endloop
  endfacet
  facet normal 0.677688 0 -0.73535
    outer loop
      vertex 73.3726 0 5.86241
      vertex 73.4407 0.61 5.92517
      vertex 73.4407 0 5.92517
    endloop
  endfacet
  facet normal 0.677688 0 -0.73535
    outer loop
      vertex 73.4407 0.61 5.92517
      vertex 73.3726 0 5.86241
      vertex 73.3726 0.61 5.86241
    endloop
  endfacet
  facet normal 0.6151 0 -0.788449
    outer loop
      vertex 73.3006 0 5.80624
      vertex 73.3726 0.61 5.86241
      vertex 73.3726 0 5.86241
    endloop
  endfacet
  facet normal 0.6151 0 -0.788449
    outer loop
      vertex 73.3726 0.61 5.86241
      vertex 73.3006 0 5.80624
      vertex 73.3006 0.61 5.80624
    endloop
  endfacet
  facet normal 0.546577 0 -0.837409
    outer loop
      vertex 73.2247 0 5.7567
      vertex 73.3006 0.61 5.80624
      vertex 73.3006 0 5.80624
    endloop
  endfacet
  facet normal 0.546577 0 -0.837409
    outer loop
      vertex 73.3006 0.61 5.80624
      vertex 73.2247 0 5.7567
      vertex 73.2247 0.61 5.7567
    endloop
  endfacet
  facet normal 0.473935 0 -0.88056
    outer loop
      vertex 73.1449 0 5.71375
      vertex 73.2247 0.61 5.7567
      vertex 73.2247 0 5.7567
    endloop
  endfacet
  facet normal 0.473935 0 -0.88056
    outer loop
      vertex 73.2247 0.61 5.7567
      vertex 73.1449 0 5.71375
      vertex 73.1449 0.61 5.71375
    endloop
  endfacet
  facet normal 0.397945 0 -0.917409
    outer loop
      vertex 73.0611 0 5.6774
      vertex 73.1449 0.61 5.71375
      vertex 73.1449 0 5.71375
    endloop
  endfacet
  facet normal 0.397945 0 -0.917409
    outer loop
      vertex 73.1449 0.61 5.71375
      vertex 73.0611 0 5.6774
      vertex 73.0611 0.61 5.6774
    endloop
  endfacet
  facet normal 0.321051 0 -0.947062
    outer loop
      vertex 72.9734 0 5.64767
      vertex 73.0611 0.61 5.6774
      vertex 73.0611 0 5.6774
    endloop
  endfacet
  facet normal 0.321051 0 -0.947062
    outer loop
      vertex 73.0611 0.61 5.6774
      vertex 72.9734 0 5.64767
      vertex 72.9734 0.61 5.64767
    endloop
  endfacet
  facet normal 0.244575 0 -0.96963
    outer loop
      vertex 72.8817 0 5.62454
      vertex 72.9734 0.61 5.64767
      vertex 72.9734 0 5.64767
    endloop
  endfacet
  facet normal 0.244575 0 -0.96963
    outer loop
      vertex 72.9734 0.61 5.64767
      vertex 72.8817 0 5.62454
      vertex 72.8817 0.61 5.62454
    endloop
  endfacet
  facet normal 0.17018 0 -0.985413
    outer loop
      vertex 72.7861 0 5.60803
      vertex 72.8817 0.61 5.62454
      vertex 72.8817 0 5.62454
    endloop
  endfacet
  facet normal 0.17018 0 -0.985413
    outer loop
      vertex 72.8817 0.61 5.62454
      vertex 72.7861 0 5.60803
      vertex 72.7861 0.61 5.60803
    endloop
  endfacet
  facet normal 0.0992067 0 -0.995067
    outer loop
      vertex 72.6866 0 5.59811
      vertex 72.7861 0.61 5.60803
      vertex 72.7861 0 5.60803
    endloop
  endfacet
  facet normal 0.0992067 0 -0.995067
    outer loop
      vertex 72.7861 0.61 5.60803
      vertex 72.6866 0 5.59811
      vertex 72.6866 0.61 5.59811
    endloop
  endfacet
  facet normal 0.0318021 0 -0.999494
    outer loop
      vertex 72.5832 0 5.59482
      vertex 72.6866 0.61 5.59811
      vertex 72.6866 0 5.59811
    endloop
  endfacet
  facet normal 0.0318021 0 -0.999494
    outer loop
      vertex 72.6866 0.61 5.59811
      vertex 72.5832 0 5.59482
      vertex 72.5832 0.61 5.59482
    endloop
  endfacet
  facet normal 0 0 -1
    outer loop
      vertex 71.8203 0 5.59482
      vertex 72.5832 0.61 5.59482
      vertex 72.5832 0 5.59482
    endloop
  endfacet
  facet normal -0 0 -1
    outer loop
      vertex 72.5832 0.61 5.59482
      vertex 71.8203 0 5.59482
      vertex 71.8203 0.61 5.59482
    endloop
  endfacet
  facet normal 0 0 -1
    outer loop
      vertex 75.3278 0 9.19872
      vertex 76.2281 0.61 9.19872
      vertex 76.2281 0 9.19872
    endloop
  endfacet
  facet normal -0 0 -1
    outer loop
      vertex 76.2281 0.61 9.19872
      vertex 75.3278 0 9.19872
      vertex 75.3278 0.61 9.19872
    endloop
  endfacet
  facet normal 1 -0 0
    outer loop
      vertex 75.3278 0 9.19872
      vertex 75.3278 0.61 4.89906
      vertex 75.3278 0.61 9.19872
    endloop
  endfacet
  facet normal 1 0 0
    outer loop
      vertex 75.3278 0.61 4.89906
      vertex 75.3278 0 9.19872
      vertex 75.3278 0 4.89906
    endloop
  endfacet
  facet normal -0 0 1
    outer loop
      vertex 75.3278 0.61 4.89906
      vertex 76.2281 0 4.89906
      vertex 76.2281 0.61 4.89906
    endloop
  endfacet
  facet normal 0 0 1
    outer loop
      vertex 76.2281 0 4.89906
      vertex 75.3278 0.61 4.89906
      vertex 75.3278 0 4.89906
    endloop
  endfacet
  facet normal -1 0 0
    outer loop
      vertex 76.2281 0 4.89906
      vertex 76.2281 0.61 9.19872
      vertex 76.2281 0.61 4.89906
    endloop
  endfacet
  facet normal -1 -0 0
    outer loop
      vertex 76.2281 0.61 9.19872
      vertex 76.2281 0 4.89906
      vertex 76.2281 0 9.19872
    endloop
  endfacet
  facet normal -0 0 1
    outer loop
      vertex 77.9238 0.61 6.41264
      vertex 78.9919 0 6.41264
      vertex 78.9919 0.61 6.41264
    endloop
  endfacet
  facet normal 0 0 1
    outer loop
      vertex 78.9919 0 6.41264
      vertex 77.9238 0.61 6.41264
      vertex 77.9238 0 6.41264
    endloop
  endfacet
  facet normal -0.0169895 0 0.999856
    outer loop
      vertex 78.9919 0.61 6.41264
      vertex 79.079 0 6.41412
      vertex 79.079 0.61 6.41412
    endloop
  endfacet
  facet normal -0.0169895 0 0.999856
    outer loop
      vertex 79.079 0 6.41412
      vertex 78.9919 0.61 6.41264
      vertex 78.9919 0 6.41264
    endloop
  endfacet
  facet normal -0.0521081 0 0.998641
    outer loop
      vertex 79.079 0.61 6.41412
      vertex 79.1639 0 6.41855
      vertex 79.1639 0.61 6.41855
    endloop
  endfacet
  facet normal -0.0521081 0 0.998641
    outer loop
      vertex 79.1639 0 6.41855
      vertex 79.079 0.61 6.41412
      vertex 79.079 0 6.41412
    endloop
  endfacet
  facet normal -0.0887655 0 0.996053
    outer loop
      vertex 79.1639 0.61 6.41855
      vertex 79.2466 0 6.42592
      vertex 79.2466 0.61 6.42592
    endloop
  endfacet
  facet normal -0.0887655 0 0.996053
    outer loop
      vertex 79.2466 0 6.42592
      vertex 79.1639 0.61 6.41855
      vertex 79.1639 0 6.41855
    endloop
  endfacet
  facet normal -0.127124 0 0.991887
    outer loop
      vertex 79.2466 0.61 6.42592
      vertex 79.3272 0 6.43625
      vertex 79.3272 0.61 6.43625
    endloop
  endfacet
  facet normal -0.127124 0 0.991887
    outer loop
      vertex 79.3272 0 6.43625
      vertex 79.2466 0.61 6.42592
      vertex 79.2466 0 6.42592
    endloop
  endfacet
  facet normal -0.167094 0 0.985941
    outer loop
      vertex 79.3272 0.61 6.43625
      vertex 79.4055 0 6.44952
      vertex 79.4055 0.61 6.44952
    endloop
  endfacet
  facet normal -0.167094 0 0.985941
    outer loop
      vertex 79.4055 0 6.44952
      vertex 79.3272 0.61 6.43625
      vertex 79.3272 0 6.43625
    endloop
  endfacet
  facet normal -0.208442 0 0.978035
    outer loop
      vertex 79.4055 0.61 6.44952
      vertex 79.4817 0 6.46576
      vertex 79.4817 0.61 6.46576
    endloop
  endfacet
  facet normal -0.208442 0 0.978035
    outer loop
      vertex 79.4817 0 6.46576
      vertex 79.4055 0.61 6.44952
      vertex 79.4055 0 6.44952
    endloop
  endfacet
  facet normal -0.251217 0 0.967931
    outer loop
      vertex 79.4817 0.61 6.46576
      vertex 79.5556 0 6.48494
      vertex 79.5556 0.61 6.48494
    endloop
  endfacet
  facet normal -0.251217 0 0.967931
    outer loop
      vertex 79.5556 0 6.48494
      vertex 79.4817 0.61 6.46576
      vertex 79.4817 0 6.46576
    endloop
  endfacet
  facet normal -0.294423 0 0.955675
    outer loop
      vertex 79.5556 0.61 6.48494
      vertex 79.6274 0 6.50706
      vertex 79.6274 0.61 6.50706
    endloop
  endfacet
  facet normal -0.294423 0 0.955675
    outer loop
      vertex 79.6274 0 6.50706
      vertex 79.5556 0.61 6.48494
      vertex 79.5556 0 6.48494
    endloop
  endfacet
  facet normal -0.339126 0 0.940741
    outer loop
      vertex 79.6274 0.61 6.50706
      vertex 79.697 0 6.53215
      vertex 79.697 0.61 6.53215
    endloop
  endfacet
  facet normal -0.339126 0 0.940741
    outer loop
      vertex 79.697 0 6.53215
      vertex 79.6274 0.61 6.50706
      vertex 79.6274 0 6.50706
    endloop
  endfacet
  facet normal -0.384479 0 0.923134
    outer loop
      vertex 79.697 0.61 6.53215
      vertex 79.7643 0 6.56018
      vertex 79.7643 0.61 6.56018
    endloop
  endfacet
  facet normal -0.384479 0 0.923134
    outer loop
      vertex 79.7643 0 6.56018
      vertex 79.697 0.61 6.53215
      vertex 79.697 0 6.53215
    endloop
  endfacet
  facet normal -0.42917 0 0.903224
    outer loop
      vertex 79.7643 0.61 6.56018
      vertex 79.8295 0 6.59116
      vertex 79.8295 0.61 6.59116
    endloop
  endfacet
  facet normal -0.42917 0 0.903224
    outer loop
      vertex 79.8295 0 6.59116
      vertex 79.7643 0.61 6.56018
      vertex 79.7643 0 6.56018
    endloop
  endfacet
  facet normal -0.472735 0 0.881204
    outer loop
      vertex 79.8295 0.61 6.59116
      vertex 79.8923 0 6.62485
      vertex 79.8923 0.61 6.62485
    endloop
  endfacet
  facet normal -0.472735 0 0.881204
    outer loop
      vertex 79.8923 0 6.62485
      vertex 79.8295 0.61 6.59116
      vertex 79.8295 0 6.59116
    endloop
  endfacet
  facet normal -0.51565 0 0.856799
    outer loop
      vertex 79.8923 0.61 6.62485
      vertex 79.9523 0 6.66096
      vertex 79.9523 0.61 6.66096
    endloop
  endfacet
  facet normal -0.51565 0 0.856799
    outer loop
      vertex 79.9523 0 6.66096
      vertex 79.8923 0.61 6.62485
      vertex 79.8923 0 6.62485
    endloop
  endfacet
  facet normal -0.558503 0 0.829503
    outer loop
      vertex 79.9523 0.61 6.66096
      vertex 80.0096 0 6.69954
      vertex 80.0096 0.61 6.69954
    endloop
  endfacet
  facet normal -0.558503 0 0.829503
    outer loop
      vertex 80.0096 0 6.69954
      vertex 79.9523 0.61 6.66096
      vertex 79.9523 0 6.66096
    endloop
  endfacet
  facet normal -0.600562 0 0.799578
    outer loop
      vertex 80.0096 0.61 6.69954
      vertex 80.0642 0 6.74055
      vertex 80.0642 0.61 6.74055
    endloop
  endfacet
  facet normal -0.600562 0 0.799578
    outer loop
      vertex 80.0642 0 6.74055
      vertex 80.0096 0.61 6.69954
      vertex 80.0096 0 6.69954
    endloop
  endfacet
  facet normal -0.64146 0 0.767156
    outer loop
      vertex 80.0642 0.61 6.74055
      vertex 80.1162 0 6.78403
      vertex 80.1162 0.61 6.78403
    endloop
  endfacet
  facet normal -0.64146 0 0.767156
    outer loop
      vertex 80.1162 0 6.78403
      vertex 80.0642 0.61 6.74055
      vertex 80.0642 0 6.74055
    endloop
  endfacet
  facet normal -0.682239 0 0.731129
    outer loop
      vertex 80.1162 0.61 6.78403
      vertex 80.1654 0 6.82994
      vertex 80.1654 0.61 6.82994
    endloop
  endfacet
  facet normal -0.682239 0 0.731129
    outer loop
      vertex 80.1654 0 6.82994
      vertex 80.1162 0.61 6.78403
      vertex 80.1162 0 6.78403
    endloop
  endfacet
  facet normal -0.720833 0 0.693109
    outer loop
      vertex 80.1654 0 6.82994
      vertex 80.2119 0.61 6.8783
      vertex 80.1654 0.61 6.82994
    endloop
  endfacet
  facet normal -0.720833 0 0.693109
    outer loop
      vertex 80.2119 0.61 6.8783
      vertex 80.1654 0 6.82994
      vertex 80.2119 0 6.8783
    endloop
  endfacet
  facet normal -0.756686 0 0.653779
    outer loop
      vertex 80.2119 0 6.8783
      vertex 80.2558 0.61 6.92911
      vertex 80.2119 0.61 6.8783
    endloop
  endfacet
  facet normal -0.756686 0 0.653779
    outer loop
      vertex 80.2558 0.61 6.92911
      vertex 80.2119 0 6.8783
      vertex 80.2558 0 6.92911
    endloop
  endfacet
  facet normal -0.791628 0 0.611003
    outer loop
      vertex 80.2558 0 6.92911
      vertex 80.2969 0.61 6.98236
      vertex 80.2558 0.61 6.92911
    endloop
  endfacet
  facet normal -0.791628 0 0.611003
    outer loop
      vertex 80.2969 0.61 6.98236
      vertex 80.2558 0 6.92911
      vertex 80.2969 0 6.98236
    endloop
  endfacet
  facet normal -0.822522 0 0.568734
    outer loop
      vertex 80.2969 0 6.98236
      vertex 80.3354 0.61 7.03804
      vertex 80.2969 0.61 6.98236
    endloop
  endfacet
  facet normal -0.822522 0 0.568734
    outer loop
      vertex 80.3354 0.61 7.03804
      vertex 80.2969 0 6.98236
      vertex 80.3354 0 7.03804
    endloop
  endfacet
  facet normal -0.852171 0 0.523263
    outer loop
      vertex 80.3354 0 7.03804
      vertex 80.3711 0.61 7.09618
      vertex 80.3354 0.61 7.03804
    endloop
  endfacet
  facet normal -0.852171 0 0.523263
    outer loop
      vertex 80.3711 0.61 7.09618
      vertex 80.3354 0 7.03804
      vertex 80.3711 0 7.09618
    endloop
  endfacet
  facet normal -0.877169 0 0.480181
    outer loop
      vertex 80.3711 0 7.09618
      vertex 80.404 0.61 7.15628
      vertex 80.3711 0.61 7.09618
    endloop
  endfacet
  facet normal -0.877169 0 0.480181
    outer loop
      vertex 80.404 0.61 7.15628
      vertex 80.3711 0 7.09618
      vertex 80.404 0 7.15628
    endloop
  endfacet
  facet normal -0.900631 0 0.434585
    outer loop
      vertex 80.404 0 7.15628
      vertex 80.4337 0.61 7.21783
      vertex 80.404 0.61 7.15628
    endloop
  endfacet
  facet normal -0.900631 0 0.434585
    outer loop
      vertex 80.4337 0.61 7.21783
      vertex 80.404 0 7.15628
      vertex 80.4337 0 7.21783
    endloop
  endfacet
  facet normal -0.921338 0 0.388763
    outer loop
      vertex 80.4337 0 7.21783
      vertex 80.4603 0.61 7.28087
      vertex 80.4337 0.61 7.21783
    endloop
  endfacet
  facet normal -0.921338 0 0.388763
    outer loop
      vertex 80.4603 0.61 7.28087
      vertex 80.4337 0 7.21783
      vertex 80.4603 0 7.28087
    endloop
  endfacet
  facet normal -0.940015 0 0.341134
    outer loop
      vertex 80.4603 0 7.28087
      vertex 80.4837 0.61 7.34535
      vertex 80.4603 0.61 7.28087
    endloop
  endfacet
  facet normal -0.940015 0 0.341134
    outer loop
      vertex 80.4837 0.61 7.34535
      vertex 80.4603 0 7.28087
      vertex 80.4837 0 7.34535
    endloop
  endfacet
  facet normal -0.955339 0 0.295511
    outer loop
      vertex 80.4837 0 7.34535
      vertex 80.5041 0.61 7.4113
      vertex 80.4837 0.61 7.34535
    endloop
  endfacet
  facet normal -0.955339 0 0.295511
    outer loop
      vertex 80.5041 0.61 7.4113
      vertex 80.4837 0 7.34535
      vertex 80.5041 0 7.4113
    endloop
  endfacet
  facet normal -0.968947 0 0.247268
    outer loop
      vertex 80.5041 0 7.4113
      vertex 80.5213 0.61 7.4787
      vertex 80.5041 0.61 7.4113
    endloop
  endfacet
  facet normal -0.968947 0 0.247268
    outer loop
      vertex 80.5213 0.61 7.4787
      vertex 80.5041 0 7.4113
      vertex 80.5213 0 7.4787
    endloop
  endfacet
  facet normal -0.979963 0 0.199179
    outer loop
      vertex 80.5213 0 7.4787
      vertex 80.5353 0.61 7.54758
      vertex 80.5213 0.61 7.4787
    endloop
  endfacet
  facet normal -0.979963 0 0.199179
    outer loop
      vertex 80.5353 0.61 7.54758
      vertex 80.5213 0 7.4787
      vertex 80.5353 0 7.54758
    endloop
  endfacet
  facet normal -0.987985 0 0.154548
    outer loop
      vertex 80.5353 0 7.54758
      vertex 80.5463 0.61 7.6179
      vertex 80.5353 0.61 7.54758
    endloop
  endfacet
  facet normal -0.987985 0 0.154548
    outer loop
      vertex 80.5463 0.61 7.6179
      vertex 80.5353 0 7.54758
      vertex 80.5463 0 7.6179
    endloop
  endfacet
  facet normal -0.994153 0 0.107985
    outer loop
      vertex 80.5463 0 7.6179
      vertex 80.5541 0.61 7.68971
      vertex 80.5463 0.61 7.6179
    endloop
  endfacet
  facet normal -0.994153 0 0.107985
    outer loop
      vertex 80.5541 0.61 7.68971
      vertex 80.5463 0 7.6179
      vertex 80.5541 0 7.68971
    endloop
  endfacet
  facet normal -0.997948 0 0.0640234
    outer loop
      vertex 80.5541 0 7.68971
      vertex 80.5588 0.61 7.76297
      vertex 80.5541 0.61 7.68971
    endloop
  endfacet
  facet normal -0.997948 0 0.0640234
    outer loop
      vertex 80.5588 0.61 7.76297
      vertex 80.5541 0 7.68971
      vertex 80.5588 0 7.76297
    endloop
  endfacet
  facet normal -0.999799 0 0.0200709
    outer loop
      vertex 80.5588 0 7.76297
      vertex 80.5603 0.61 7.83769
      vertex 80.5588 0.61 7.76297
    endloop
  endfacet
  facet normal -0.999799 0 0.0200709
    outer loop
      vertex 80.5603 0.61 7.83769
      vertex 80.5588 0 7.76297
      vertex 80.5603 0 7.83769
    endloop
  endfacet
  facet normal -0.999569 0 -0.0293585
    outer loop
      vertex 80.5603 0 7.83769
      vertex 80.5569 0.61 7.95345
      vertex 80.5603 0.61 7.83769
    endloop
  endfacet
  facet normal -0.999569 -0 -0.0293585
    outer loop
      vertex 80.5569 0.61 7.95345
      vertex 80.5603 0 7.83769
      vertex 80.5569 0 7.95345
    endloop
  endfacet
  facet normal -0.995713 0 -0.092495
    outer loop
      vertex 80.5569 0 7.95345
      vertex 80.5466 0.61 8.06433
      vertex 80.5569 0.61 7.95345
    endloop
  endfacet
  facet normal -0.995713 -0 -0.092495
    outer loop
      vertex 80.5466 0.61 8.06433
      vertex 80.5569 0 7.95345
      vertex 80.5466 0 8.06433
    endloop
  endfacet
  facet normal -0.987094 0 -0.16014
    outer loop
      vertex 80.5466 0 8.06433
      vertex 80.5294 0.61 8.17035
      vertex 80.5466 0.61 8.06433
    endloop
  endfacet
  facet normal -0.987094 -0 -0.16014
    outer loop
      vertex 80.5294 0.61 8.17035
      vertex 80.5466 0 8.06433
      vertex 80.5294 0 8.17035
    endloop
  endfacet
  facet normal -0.97276 0 -0.231816
    outer loop
      vertex 80.5294 0 8.17035
      vertex 80.5053 0.61 8.27148
      vertex 80.5294 0.61 8.17035
    endloop
  endfacet
  facet normal -0.97276 -0 -0.231816
    outer loop
      vertex 80.5053 0.61 8.27148
      vertex 80.5294 0 8.17035
      vertex 80.5053 0 8.27148
    endloop
  endfacet
  facet normal -0.951885 0 -0.306454
    outer loop
      vertex 80.5053 0 8.27148
      vertex 80.4743 0.61 8.36777
      vertex 80.5053 0.61 8.27148
    endloop
  endfacet
  facet normal -0.951885 -0 -0.306454
    outer loop
      vertex 80.4743 0.61 8.36777
      vertex 80.5053 0 8.27148
      vertex 80.4743 0 8.36777
    endloop
  endfacet
  facet normal -0.923748 0 -0.383
    outer loop
      vertex 80.4743 0 8.36777
      vertex 80.4364 0.61 8.45918
      vertex 80.4743 0.61 8.36777
    endloop
  endfacet
  facet normal -0.923748 -0 -0.383
    outer loop
      vertex 80.4364 0.61 8.45918
      vertex 80.4743 0 8.36777
      vertex 80.4364 0 8.45918
    endloop
  endfacet
  facet normal -0.888499 0 -0.458878
    outer loop
      vertex 80.4364 0 8.45918
      vertex 80.3917 0.61 8.54573
      vertex 80.4364 0.61 8.45918
    endloop
  endfacet
  facet normal -0.888499 -0 -0.458878
    outer loop
      vertex 80.3917 0.61 8.54573
      vertex 80.4364 0 8.45918
      vertex 80.3917 0 8.54573
    endloop
  endfacet
  facet normal -0.844933 0 -0.534872
    outer loop
      vertex 80.3917 0 8.54573
      vertex 80.34 0.61 8.6274
      vertex 80.3917 0.61 8.54573
    endloop
  endfacet
  facet normal -0.844933 -0 -0.534872
    outer loop
      vertex 80.34 0.61 8.6274
      vertex 80.3917 0 8.54573
      vertex 80.34 0 8.6274
    endloop
  endfacet
  facet normal -0.795541 0 -0.6059
    outer loop
      vertex 80.34 0 8.6274
      vertex 80.2815 0.61 8.70421
      vertex 80.34 0.61 8.6274
    endloop
  endfacet
  facet normal -0.795541 -0 -0.6059
    outer loop
      vertex 80.2815 0.61 8.70421
      vertex 80.34 0 8.6274
      vertex 80.2815 0 8.70421
    endloop
  endfacet
  facet normal -0.739894 0 -0.672724
    outer loop
      vertex 80.2815 0 8.70421
      vertex 80.2161 0.61 8.77614
      vertex 80.2815 0.61 8.70421
    endloop
  endfacet
  facet normal -0.739894 -0 -0.672724
    outer loop
      vertex 80.2161 0.61 8.77614
      vertex 80.2815 0 8.70421
      vertex 80.2161 0 8.77614
    endloop
  endfacet
  facet normal -0.680148 0 -0.733075
    outer loop
      vertex 80.1438 0 8.84322
      vertex 80.2161 0.61 8.77614
      vertex 80.2161 0 8.77614
    endloop
  endfacet
  facet normal -0.680148 0 -0.733075
    outer loop
      vertex 80.2161 0.61 8.77614
      vertex 80.1438 0 8.84322
      vertex 80.1438 0.61 8.84322
    endloop
  endfacet
  facet normal -0.61692 0 -0.787026
    outer loop
      vertex 80.0651 0 8.90491
      vertex 80.1438 0.61 8.84322
      vertex 80.1438 0 8.84322
    endloop
  endfacet
  facet normal -0.61692 0 -0.787026
    outer loop
      vertex 80.1438 0.61 8.84322
      vertex 80.0651 0 8.90491
      vertex 80.0651 0.61 8.90491
    endloop
  endfacet
  facet normal -0.551255 0 -0.834337
    outer loop
      vertex 79.9806 0 8.96074
      vertex 80.0651 0.61 8.90491
      vertex 80.0651 0 8.90491
    endloop
  endfacet
  facet normal -0.551255 0 -0.834337
    outer loop
      vertex 80.0651 0.61 8.90491
      vertex 79.9806 0 8.96074
      vertex 79.9806 0.61 8.96074
    endloop
  endfacet
  facet normal -0.483553 0 -0.875315
    outer loop
      vertex 79.8902 0 9.01068
      vertex 79.9806 0.61 8.96074
      vertex 79.9806 0 8.96074
    endloop
  endfacet
  facet normal -0.483553 0 -0.875315
    outer loop
      vertex 79.9806 0.61 8.96074
      vertex 79.8902 0 9.01068
      vertex 79.8902 0.61 9.01068
    endloop
  endfacet
  facet normal -0.416128 0 -0.909306
    outer loop
      vertex 79.7939 0 9.05475
      vertex 79.8902 0.61 9.01068
      vertex 79.8902 0 9.01068
    endloop
  endfacet
  facet normal -0.416128 0 -0.909306
    outer loop
      vertex 79.8902 0.61 9.01068
      vertex 79.7939 0 9.05475
      vertex 79.7939 0.61 9.05475
    endloop
  endfacet
  facet normal -0.350038 0 -0.936735
    outer loop
      vertex 79.6917 0 9.09294
      vertex 79.7939 0.61 9.05475
      vertex 79.7939 0 9.05475
    endloop
  endfacet
  facet normal -0.350038 0 -0.936735
    outer loop
      vertex 79.7939 0.61 9.05475
      vertex 79.6917 0 9.09294
      vertex 79.6917 0.61 9.09294
    endloop
  endfacet
  facet normal -0.286453 0 -0.958094
    outer loop
      vertex 79.5836 0 9.12526
      vertex 79.6917 0.61 9.09294
      vertex 79.6917 0 9.09294
    endloop
  endfacet
  facet normal -0.286453 0 -0.958094
    outer loop
      vertex 79.6917 0.61 9.09294
      vertex 79.5836 0 9.12526
      vertex 79.5836 0.61 9.12526
    endloop
  endfacet
  facet normal -0.226121 0 -0.974099
    outer loop
      vertex 79.4697 0 9.1517
      vertex 79.5836 0.61 9.12526
      vertex 79.5836 0 9.12526
    endloop
  endfacet
  facet normal -0.226121 0 -0.974099
    outer loop
      vertex 79.5836 0.61 9.12526
      vertex 79.4697 0 9.1517
      vertex 79.4697 0.61 9.1517
    endloop
  endfacet
  facet normal -0.169226 0 -0.985577
    outer loop
      vertex 79.3499 0 9.17227
      vertex 79.4697 0.61 9.1517
      vertex 79.4697 0 9.1517
    endloop
  endfacet
  facet normal -0.169226 0 -0.985577
    outer loop
      vertex 79.4697 0.61 9.1517
      vertex 79.3499 0 9.17227
      vertex 79.3499 0.61 9.17227
    endloop
  endfacet
  facet normal -0.116154 0 -0.993231
    outer loop
      vertex 79.2242 0 9.18697
      vertex 79.3499 0.61 9.17227
      vertex 79.3499 0 9.17227
    endloop
  endfacet
  facet normal -0.116154 0 -0.993231
    outer loop
      vertex 79.3499 0.61 9.17227
      vertex 79.2242 0 9.18697
      vertex 79.2242 0.61 9.18697
    endloop
  endfacet
  facet normal -0.0667708 0 -0.997768
    outer loop
      vertex 79.0927 0 9.19577
      vertex 79.2242 0.61 9.18697
      vertex 79.2242 0 9.18697
    endloop
  endfacet
  facet normal -0.0667708 0 -0.997768
    outer loop
      vertex 79.2242 0.61 9.18697
      vertex 79.0927 0 9.19577
      vertex 79.0927 0.61 9.19577
    endloop
  endfacet
  facet normal -0.0214652 0 -0.99977
    outer loop
      vertex 78.9553 0 9.19872
      vertex 79.0927 0.61 9.19577
      vertex 79.0927 0 9.19577
    endloop
  endfacet
  facet normal -0.0214652 0 -0.99977
    outer loop
      vertex 79.0927 0.61 9.19577
      vertex 78.9553 0 9.19872
      vertex 78.9553 0.61 9.19872
    endloop
  endfacet
  facet normal 0 0 -1
    outer loop
      vertex 77.0236 0 9.19872
      vertex 78.9553 0.61 9.19872
      vertex 78.9553 0 9.19872
    endloop
  endfacet
  facet normal -0 0 -1
    outer loop
      vertex 78.9553 0.61 9.19872
      vertex 77.0236 0 9.19872
      vertex 77.0236 0.61 9.19872
    endloop
  endfacet
  facet normal 1 -0 0
    outer loop
      vertex 77.0236 0 9.19872
      vertex 77.0236 0.61 4.89906
      vertex 77.0236 0.61 9.19872
    endloop
  endfacet
  facet normal 1 0 0
    outer loop
      vertex 77.0236 0.61 4.89906
      vertex 77.0236 0 9.19872
      vertex 77.0236 0 4.89906
    endloop
  endfacet
  facet normal -0 0 1
    outer loop
      vertex 77.0236 0.61 4.89906
      vertex 77.9238 0 4.89906
      vertex 77.9238 0.61 4.89906
    endloop
  endfacet
  facet normal 0 0 1
    outer loop
      vertex 77.9238 0 4.89906
      vertex 77.0236 0.61 4.89906
      vertex 77.0236 0 4.89906
    endloop
  endfacet
  facet normal -1 0 0
    outer loop
      vertex 77.9238 0 4.89906
      vertex 77.9238 0.61 6.41264
      vertex 77.9238 0.61 4.89906
    endloop
  endfacet
  facet normal -1 -0 0
    outer loop
      vertex 77.9238 0.61 6.41264
      vertex 77.9238 0 4.89906
      vertex 77.9238 0 6.41264
    endloop
  endfacet
  facet normal -1 0 0
    outer loop
      vertex 77.9238 0 7.10532
      vertex 77.9238 0.61 8.49991
      vertex 77.9238 0.61 7.10532
    endloop
  endfacet
  facet normal -1 -0 0
    outer loop
      vertex 77.9238 0.61 8.49991
      vertex 77.9238 0 7.10532
      vertex 77.9238 0 8.49991
    endloop
  endfacet
  facet normal -0 0 1
    outer loop
      vertex 77.9238 0.61 8.49991
      vertex 78.8546 0 8.49991
      vertex 78.8546 0.61 8.49991
    endloop
  endfacet
  facet normal 0 0 1
    outer loop
      vertex 78.8546 0 8.49991
      vertex 77.9238 0.61 8.49991
      vertex 77.9238 0 8.49991
    endloop
  endfacet
  facet normal 0.040342 0 0.999186
    outer loop
      vertex 78.8546 0.61 8.49991
      vertex 78.9933 0 8.49431
      vertex 78.9933 0.61 8.49431
    endloop
  endfacet
  facet normal 0.040342 0 0.999186
    outer loop
      vertex 78.9933 0 8.49431
      vertex 78.8546 0.61 8.49991
      vertex 78.8546 0 8.49991
    endloop
  endfacet
  facet normal 0.132577 0 0.991173
    outer loop
      vertex 78.9933 0.61 8.49431
      vertex 79.1189 0 8.47751
      vertex 79.1189 0.61 8.47751
    endloop
  endfacet
  facet normal 0.132577 0 0.991173
    outer loop
      vertex 79.1189 0 8.47751
      vertex 78.9933 0.61 8.49431
      vertex 78.9933 0 8.49431
    endloop
  endfacet
  facet normal 0.241844 0 0.970315
    outer loop
      vertex 79.1189 0.61 8.47751
      vertex 79.2312 0 8.44952
      vertex 79.2312 0.61 8.44952
    endloop
  endfacet
  facet normal 0.241844 0 0.970315
    outer loop
      vertex 79.2312 0 8.44952
      vertex 79.1189 0.61 8.47751
      vertex 79.1189 0 8.47751
    endloop
  endfacet
  facet normal 0.367829 0 0.929894
    outer loop
      vertex 79.2312 0.61 8.44952
      vertex 79.3303 0 8.41032
      vertex 79.3303 0.61 8.41032
    endloop
  endfacet
  facet normal 0.367829 0 0.929894
    outer loop
      vertex 79.3303 0 8.41032
      vertex 79.2312 0.61 8.44952
      vertex 79.2312 0 8.44952
    endloop
  endfacet
  facet normal 0.505905 0 0.862589
    outer loop
      vertex 79.3303 0.61 8.41032
      vertex 79.4162 0 8.35994
      vertex 79.4162 0.61 8.35994
    endloop
  endfacet
  facet normal 0.505905 0 0.862589
    outer loop
      vertex 79.4162 0 8.35994
      vertex 79.3303 0.61 8.41032
      vertex 79.3303 0 8.41032
    endloop
  endfacet
  facet normal 0.64646 0 0.762948
    outer loop
      vertex 79.4162 0.61 8.35994
      vertex 79.4889 0 8.29834
      vertex 79.4889 0.61 8.29834
    endloop
  endfacet
  facet normal 0.64646 0 0.762948
    outer loop
      vertex 79.4889 0 8.29834
      vertex 79.4162 0.61 8.35994
      vertex 79.4162 0 8.35994
    endloop
  endfacet
  facet normal 0.774725 -0 0.632298
    outer loop
      vertex 79.4889 0 8.29834
      vertex 79.5483 0.61 8.22556
      vertex 79.4889 0.61 8.29834
    endloop
  endfacet
  facet normal 0.774725 0 0.632298
    outer loop
      vertex 79.5483 0.61 8.22556
      vertex 79.4889 0 8.29834
      vertex 79.5483 0 8.22556
    endloop
  endfacet
  facet normal 0.875751 -0 0.482763
    outer loop
      vertex 79.5483 0 8.22556
      vertex 79.5946 0.61 8.14157
      vertex 79.5483 0.61 8.22556
    endloop
  endfacet
  facet normal 0.875751 0 0.482763
    outer loop
      vertex 79.5946 0.61 8.14157
      vertex 79.5483 0 8.22556
      vertex 79.5946 0 8.14157
    endloop
  endfacet
  facet normal 0.944823 -0 0.327581
    outer loop
      vertex 79.5946 0 8.14157
      vertex 79.6276 0.61 8.04639
      vertex 79.5946 0.61 8.14157
    endloop
  endfacet
  facet normal 0.944823 0 0.327581
    outer loop
      vertex 79.6276 0.61 8.04639
      vertex 79.5946 0 8.14157
      vertex 79.6276 0 8.04639
    endloop
  endfacet
  facet normal 0.982946 -0 0.183892
    outer loop
      vertex 79.6276 0 8.04639
      vertex 79.6475 0.61 7.94002
      vertex 79.6276 0.61 8.04639
    endloop
  endfacet
  facet normal 0.982946 0 0.183892
    outer loop
      vertex 79.6475 0.61 7.94002
      vertex 79.6276 0 8.04639
      vertex 79.6475 0 7.94002
    endloop
  endfacet
  facet normal 0.998429 -0 0.056039
    outer loop
      vertex 79.6475 0 7.94002
      vertex 79.6541 0.61 7.82243
      vertex 79.6475 0.61 7.94002
    endloop
  endfacet
  facet normal 0.998429 0 0.056039
    outer loop
      vertex 79.6541 0.61 7.82243
      vertex 79.6475 0 7.94002
      vertex 79.6541 0 7.82243
    endloop
  endfacet
  facet normal 0.999623 0 -0.0274577
    outer loop
      vertex 79.6541 0 7.82243
      vertex 79.6524 0.61 7.76054
      vertex 79.6541 0.61 7.82243
    endloop
  endfacet
  facet normal 0.999623 0 -0.0274577
    outer loop
      vertex 79.6524 0.61 7.76054
      vertex 79.6541 0 7.82243
      vertex 79.6524 0 7.76054
    endloop
  endfacet
  facet normal 0.996452 0 -0.0841598
    outer loop
      vertex 79.6524 0 7.76054
      vertex 79.6474 0.61 7.70134
      vertex 79.6524 0.61 7.76054
    endloop
  endfacet
  facet normal 0.996452 0 -0.0841598
    outer loop
      vertex 79.6474 0.61 7.70134
      vertex 79.6524 0 7.76054
      vertex 79.6474 0 7.70134
    endloop
  endfacet
  facet normal 0.989381 0 -0.145343
    outer loop
      vertex 79.6474 0 7.70134
      vertex 79.6391 0.61 7.64484
      vertex 79.6474 0.61 7.70134
    endloop
  endfacet
  facet normal 0.989381 0 -0.145343
    outer loop
      vertex 79.6391 0.61 7.64484
      vertex 79.6474 0 7.70134
      vertex 79.6391 0 7.64484
    endloop
  endfacet
  facet normal 0.977168 0 -0.212467
    outer loop
      vertex 79.6391 0 7.64484
      vertex 79.6274 0.61 7.59103
      vertex 79.6391 0.61 7.64484
    endloop
  endfacet
  facet normal 0.977168 0 -0.212467
    outer loop
      vertex 79.6274 0.61 7.59103
      vertex 79.6391 0 7.64484
      vertex 79.6274 0 7.59103
    endloop
  endfacet
  facet normal 0.959515 0 -0.281658
    outer loop
      vertex 79.6274 0 7.59103
      vertex 79.6124 0.61 7.53993
      vertex 79.6274 0.61 7.59103
    endloop
  endfacet
  facet normal 0.959515 0 -0.281658
    outer loop
      vertex 79.6124 0.61 7.53993
      vertex 79.6274 0 7.59103
      vertex 79.6124 0 7.53993
    endloop
  endfacet
  facet normal 0.935397 0 -0.3536
    outer loop
      vertex 79.6124 0 7.53993
      vertex 79.5941 0.61 7.49152
      vertex 79.6124 0.61 7.53993
    endloop
  endfacet
  facet normal 0.935397 0 -0.3536
    outer loop
      vertex 79.5941 0.61 7.49152
      vertex 79.6124 0 7.53993
      vertex 79.5941 0 7.49152
    endloop
  endfacet
  facet normal 0.9041 0 -0.427321
    outer loop
      vertex 79.5941 0 7.49152
      vertex 79.5725 0.61 7.44582
      vertex 79.5941 0.61 7.49152
    endloop
  endfacet
  facet normal 0.9041 0 -0.427321
    outer loop
      vertex 79.5725 0.61 7.44582
      vertex 79.5941 0 7.49152
      vertex 79.5725 0 7.44582
    endloop
  endfacet
  facet normal 0.864609 0 -0.502446
    outer loop
      vertex 79.5725 0 7.44582
      vertex 79.5475 0.61 7.4028
      vertex 79.5725 0.61 7.44582
    endloop
  endfacet
  facet normal 0.864609 0 -0.502446
    outer loop
      vertex 79.5475 0.61 7.4028
      vertex 79.5725 0 7.44582
      vertex 79.5475 0 7.4028
    endloop
  endfacet
  facet normal 0.818439 0 -0.574593
    outer loop
      vertex 79.5475 0 7.4028
      vertex 79.5192 0.61 7.36249
      vertex 79.5475 0.61 7.4028
    endloop
  endfacet
  facet normal 0.818439 0 -0.574593
    outer loop
      vertex 79.5192 0.61 7.36249
      vertex 79.5475 0 7.4028
      vertex 79.5192 0 7.36249
    endloop
  endfacet
  facet normal 0.765713 0 -0.643183
    outer loop
      vertex 79.5192 0 7.36249
      vertex 79.4876 0.61 7.32487
      vertex 79.5192 0.61 7.36249
    endloop
  endfacet
  facet normal 0.765713 0 -0.643183
    outer loop
      vertex 79.4876 0.61 7.32487
      vertex 79.5192 0 7.36249
      vertex 79.4876 0 7.32487
    endloop
  endfacet
  facet normal 0.707309 0 -0.706904
    outer loop
      vertex 79.4527 0 7.28995
      vertex 79.4876 0.61 7.32487
      vertex 79.4876 0 7.32487
    endloop
  endfacet
  facet normal 0.707309 0 -0.706904
    outer loop
      vertex 79.4876 0.61 7.32487
      vertex 79.4527 0 7.28995
      vertex 79.4527 0.61 7.28995
    endloop
  endfacet
  facet normal 0.643734 0 -0.76525
    outer loop
      vertex 79.4146 0 7.2579
      vertex 79.4527 0.61 7.28995
      vertex 79.4527 0 7.28995
    endloop
  endfacet
  facet normal 0.643734 0 -0.76525
    outer loop
      vertex 79.4527 0.61 7.28995
      vertex 79.4146 0 7.2579
      vertex 79.4146 0.61 7.2579
    endloop
  endfacet
  facet normal 0.578272 0 -0.815844
    outer loop
      vertex 79.3737 0 7.22891
      vertex 79.4146 0.61 7.2579
      vertex 79.4146 0 7.2579
    endloop
  endfacet
  facet normal 0.578272 0 -0.815844
    outer loop
      vertex 79.4146 0.61 7.2579
      vertex 79.3737 0 7.22891
      vertex 79.3737 0.61 7.22891
    endloop
  endfacet
  facet normal 0.511304 0 -0.8594
    outer loop
      vertex 79.3301 0 7.20297
      vertex 79.3737 0.61 7.22891
      vertex 79.3737 0 7.22891
    endloop
  endfacet
  facet normal 0.511304 0 -0.8594
    outer loop
      vertex 79.3737 0.61 7.22891
      vertex 79.3301 0 7.20297
      vertex 79.3301 0.61 7.20297
    endloop
  endfacet
  facet normal 0.441648 0 -0.897188
    outer loop
      vertex 79.2836 0 7.18008
      vertex 79.3301 0.61 7.20297
      vertex 79.3301 0 7.20297
    endloop
  endfacet
  facet normal 0.441648 0 -0.897188
    outer loop
      vertex 79.3301 0.61 7.20297
      vertex 79.2836 0 7.18008
      vertex 79.2836 0.61 7.18008
    endloop
  endfacet
  facet normal 0.372524 0 -0.928023
    outer loop
      vertex 79.2342 0 7.16025
      vertex 79.2836 0.61 7.18008
      vertex 79.2836 0 7.18008
    endloop
  endfacet
  facet normal 0.372524 0 -0.928023
    outer loop
      vertex 79.2836 0.61 7.18008
      vertex 79.2342 0 7.16025
      vertex 79.2342 0.61 7.16025
    endloop
  endfacet
  facet normal 0.306731 0 -0.951796
    outer loop
      vertex 79.1821 0 7.14346
      vertex 79.2342 0.61 7.16025
      vertex 79.2342 0 7.16025
    endloop
  endfacet
  facet normal 0.306731 0 -0.951796
    outer loop
      vertex 79.2342 0.61 7.16025
      vertex 79.1821 0 7.14346
      vertex 79.1821 0.61 7.14346
    endloop
  endfacet
  facet normal 0.242204 0 -0.970225
    outer loop
      vertex 79.1271 0 7.12973
      vertex 79.1821 0.61 7.14346
      vertex 79.1821 0 7.14346
    endloop
  endfacet
  facet normal 0.242204 0 -0.970225
    outer loop
      vertex 79.1821 0.61 7.14346
      vertex 79.1271 0 7.12973
      vertex 79.1271 0.61 7.12973
    endloop
  endfacet
  facet normal 0.181699 0 -0.983354
    outer loop
      vertex 79.0693 0 7.11905
      vertex 79.1271 0.61 7.12973
      vertex 79.1271 0 7.12973
    endloop
  endfacet
  facet normal 0.181699 0 -0.983354
    outer loop
      vertex 79.1271 0.61 7.12973
      vertex 79.0693 0 7.11905
      vertex 79.0693 0.61 7.11905
    endloop
  endfacet
  facet normal 0.124921 0 -0.992167
    outer loop
      vertex 79.0087 0 7.11142
      vertex 79.0693 0.61 7.11905
      vertex 79.0693 0 7.11905
    endloop
  endfacet
  facet normal 0.124921 0 -0.992167
    outer loop
      vertex 79.0693 0.61 7.11905
      vertex 79.0087 0 7.11142
      vertex 79.0087 0.61 7.11142
    endloop
  endfacet
  facet normal 0.0719391 0 -0.997409
    outer loop
      vertex 78.9452 0 7.10684
      vertex 79.0087 0.61 7.11142
      vertex 79.0087 0 7.11142
    endloop
  endfacet
  facet normal 0.0719391 0 -0.997409
    outer loop
      vertex 79.0087 0.61 7.11142
      vertex 78.9452 0 7.10684
      vertex 78.9452 0.61 7.10684
    endloop
  endfacet
  facet normal 0.0229201 0 -0.999737
    outer loop
      vertex 78.8789 0 7.10532
      vertex 78.9452 0.61 7.10684
      vertex 78.9452 0 7.10684
    endloop
  endfacet
  facet normal 0.0229201 0 -0.999737
    outer loop
      vertex 78.9452 0.61 7.10684
      vertex 78.8789 0 7.10532
      vertex 78.8789 0.61 7.10532
    endloop
  endfacet
  facet normal 0 0 -1
    outer loop
      vertex 77.9238 0 7.10532
      vertex 78.8789 0.61 7.10532
      vertex 78.8789 0 7.10532
    endloop
  endfacet
  facet normal -0 0 -1
    outer loop
      vertex 78.8789 0.61 7.10532
      vertex 77.9238 0 7.10532
      vertex 77.9238 0.61 7.10532
    endloop
  endfacet
  facet normal 0 0 -1
    outer loop
      vertex 80.9207 0 6.89175
      vertex 82.5075 0.61 6.89175
      vertex 82.5075 0 6.89175
    endloop
  endfacet
  facet normal -0 0 -1
    outer loop
      vertex 82.5075 0.61 6.89175
      vertex 80.9207 0 6.89175
      vertex 80.9207 0.61 6.89175
    endloop
  endfacet
  facet normal 1 -0 0
    outer loop
      vertex 80.9207 0 6.89175
      vertex 80.9207 0.61 6.14714
      vertex 80.9207 0.61 6.89175
    endloop
  endfacet
  facet normal 1 0 0
    outer loop
      vertex 80.9207 0.61 6.14714
      vertex 80.9207 0 6.89175
      vertex 80.9207 0 6.14714
    endloop
  endfacet
  facet normal -0 0 1
    outer loop
      vertex 80.9207 0.61 6.14714
      vertex 82.5075 0 6.14714
      vertex 82.5075 0.61 6.14714
    endloop
  endfacet
  facet normal 0 0 1
    outer loop
      vertex 82.5075 0 6.14714
      vertex 80.9207 0.61 6.14714
      vertex 80.9207 0 6.14714
    endloop
  endfacet
  facet normal -1 0 0
    outer loop
      vertex 82.5075 0 6.14714
      vertex 82.5075 0.61 6.89175
      vertex 82.5075 0.61 6.14714
    endloop
  endfacet
  facet normal -1 -0 0
    outer loop
      vertex 82.5075 0.61 6.89175
      vertex 82.5075 0 6.14714
      vertex 82.5075 0 6.89175
    endloop
  endfacet
endsolid OpenSCAD_Model
