solid OpenSCAD_Model
  facet normal -0 1 0
    outer loop
      vertex 93.0213 0.61 9.57991
      vertex 94.1646 0.61 9.57991
      vertex 94.1646 0.61 8.73769
    endloop
  endfacet
  facet normal 0 1 0
    outer loop
      vertex 95.2782 0.61 7.35822
      vertex 96.3794 0.61 7.41614
      vertex 96.3823 0.61 7.36377
    endloop
  endfacet
  facet normal 0 1 0
    outer loop
      vertex 93.0213 0.61 9.57991
      vertex 94.1646 0.61 8.73769
      vertex 93.0213 0.61 8.73769
    endloop
  endfacet
  facet normal 0 1 0
    outer loop
      vertex 94.1646 0.61 7.94425
      vertex 94.1646 0.61 3.54189
      vertex 93.0213 0.61 7.94425
    endloop
  endfacet
  facet normal 0 1 0
    outer loop
      vertex 95.2823 0.61 6.95964
      vertex 96.4256 0.61 5.90174
      vertex 95.2823 0.61 3.54189
    endloop
  endfacet
  facet normal 0 1 0
    outer loop
      vertex 91.9036 0.61 9.57991
      vertex 91.9036 0.61 3.54189
      vertex 90.7603 0.61 9.57991
    endloop
  endfacet
  facet normal 0 1 0
    outer loop
      vertex 90.7603 0.61 9.57991
      vertex 91.9036 0.61 3.54189
      vertex 90.7603 0.61 3.54189
    endloop
  endfacet
  facet normal 0 1 0
    outer loop
      vertex 83.22 0.61 5.45452
      vertex 82.0595 0.61 5.25074
      vertex 82.0521 0.61 5.4068
    endloop
  endfacet
  facet normal 0 1 0
    outer loop
      vertex 89.945 0.61 4.82762
      vertex 88.8938 0.61 4.75959
      vertex 88.8894 0.61 4.79589
    endloop
  endfacet
  facet normal 0 1 0
    outer loop
      vertex 89.3687 0.61 5.87256
      vertex 88.7768 0.61 5.00946
      vertex 88.749 0.61 5.0342
    endloop
  endfacet
  facet normal 0 1 0
    outer loop
      vertex 78.6402 0.61 4.48178
      vertex 78.6402 0.61 3.54189
      vertex 75.9792 0.61 4.48178
    endloop
  endfacet
  facet normal -0 1 0
    outer loop
      vertex 82.0595 0.61 5.25074
      vertex 83.2409 0.61 5.25977
      vertex 82.0578 0.61 5.15843
    endloop
  endfacet
  facet normal 0 1 0
    outer loop
      vertex 75.9792 0.61 4.48178
      vertex 74.8162 0.61 4.69011
      vertex 74.871 0.61 4.7778
    endloop
  endfacet
  facet normal 0 1 0
    outer loop
      vertex 78.1538 0.61 6.62697
      vertex 77.229 0.61 7.1926
      vertex 77.263 0.61 7.24979
    endloop
  endfacet
  facet normal 0 1 0
    outer loop
      vertex 75.8287 0.61 7.65943
      vertex 74.6772 0.61 7.72452
      vertex 74.6983 0.61 7.8664
    endloop
  endfacet
  facet normal 0 1 -0
    outer loop
      vertex 75.8287 0.61 7.65943
      vertex 74.6983 0.61 7.8664
      vertex 75.8402 0.61 7.72956
    endloop
  endfacet
  facet normal 0 1 -0
    outer loop
      vertex 75.9564 0.61 8.08184
      vertex 75.0313 0.61 8.68437
      vertex 75.9837 0.61 8.12912
    endloop
  endfacet
  facet normal 0 1 0
    outer loop
      vertex 75.9564 0.61 8.08184
      vertex 75.9314 0.61 8.03127
      vertex 74.9638 0.61 8.58629
    endloop
  endfacet
  facet normal 0 1 0
    outer loop
      vertex 75.8882 0.61 7.92037
      vertex 75.8699 0.61 7.86003
      vertex 74.8013 0.61 8.25449
    endloop
  endfacet
  facet normal 0 1 0
    outer loop
      vertex 75.9087 0.61 7.97745
      vertex 74.8488 0.61 8.37134
      vertex 74.903 0.61 8.48194
    endloop
  endfacet
  facet normal 0 1 0
    outer loop
      vertex 75.9314 0.61 8.03127
      vertex 74.903 0.61 8.48194
      vertex 74.9638 0.61 8.58629
    endloop
  endfacet
  facet normal 0 1 0
    outer loop
      vertex 78.2293 0.61 6.73526
      vertex 77.263 0.61 7.24979
      vertex 77.2931 0.61 7.3068
    endloop
  endfacet
  facet normal 0 1 0
    outer loop
      vertex 75.572 0.61 9.13851
      vertex 76.155 0.61 8.31668
      vertex 76.1155 0.61 8.28569
    endloop
  endfacet
  facet normal 0 1 0
    outer loop
      vertex 78.392 0.61 7.02066
      vertex 77.3411 0.61 7.42017
      vertex 77.3591 0.61 7.47657
    endloop
  endfacet
  facet normal 0 1 -0
    outer loop
      vertex 78.4196 0.61 7.08049
      vertex 77.3591 0.61 7.47657
      vertex 78.4445 0.61 7.14159
    endloop
  endfacet
  facet normal 0 1 0
    outer loop
      vertex 78.5035 0.61 7.33254
      vertex 78.4865 0.61 7.26761
      vertex 77.3731 0.61 7.53275
    endloop
  endfacet
  facet normal 0 1 0
    outer loop
      vertex 77.3831 0.61 7.58873
      vertex 78.5035 0.61 7.33254
      vertex 77.3731 0.61 7.53275
    endloop
  endfacet
  facet normal 0 1 -0
    outer loop
      vertex 76.3412 0.61 8.40801
      vertex 76.1888 0.61 9.32901
      vertex 76.395 0.61 8.42269
    endloop
  endfacet
  facet normal 0 1 0
    outer loop
      vertex 77.3662 0.61 7.9476
      vertex 78.4851 0.61 8.26007
      vertex 78.5138 0.61 8.14077
    endloop
  endfacet
  facet normal 0 1 -0
    outer loop
      vertex 76.8872 0.61 8.42404
      vertex 76.769 0.61 8.4426
      vertex 76.9533 0.61 9.34619
    endloop
  endfacet
  facet normal 0 1 0
    outer loop
      vertex 78.0543 0.61 8.93701
      vertex 77.2356 0.61 8.22605
      vertex 77.9605 0.61 9.01046
    endloop
  endfacet
  facet normal -0 1 0
    outer loop
      vertex 77.2916 0.61 8.1456
      vertex 78.2882 0.61 8.68079
      vertex 77.3351 0.61 8.0528
    endloop
  endfacet
  facet normal 0 1 0
    outer loop
      vertex 78.5343 0.61 8.01581
      vertex 77.3849 0.61 7.83005
      vertex 77.3662 0.61 7.9476
    endloop
  endfacet
  facet normal 0 1 0
    outer loop
      vertex 78.5466 0.61 7.8852
      vertex 77.3849 0.61 7.83005
      vertex 78.5343 0.61 8.01581
    endloop
  endfacet
  facet normal 0 1 0
    outer loop
      vertex 77.3849 0.61 7.83005
      vertex 78.5507 0.61 7.74895
      vertex 77.3911 0.61 7.70011
    endloop
  endfacet
  facet normal 0 1 0
    outer loop
      vertex 78.5455 0.61 7.60503
      vertex 77.3891 0.61 7.64452
      vertex 77.3911 0.61 7.70011
    endloop
  endfacet
  facet normal 0 1 -0
    outer loop
      vertex 78.5455 0.61 7.60503
      vertex 77.3911 0.61 7.70011
      vertex 78.5494 0.61 7.67635
    endloop
  endfacet
  facet normal 0 1 0
    outer loop
      vertex 77.3891 0.61 7.64452
      vertex 78.5455 0.61 7.60503
      vertex 78.5389 0.61 7.53499
    endloop
  endfacet
  facet normal -0 1 0
    outer loop
      vertex 77.3911 0.61 7.70011
      vertex 78.5507 0.61 7.74895
      vertex 78.5494 0.61 7.67635
    endloop
  endfacet
  facet normal 0 1 0
    outer loop
      vertex 78.5297 0.61 7.46624
      vertex 77.3831 0.61 7.58873
      vertex 77.3891 0.61 7.64452
    endloop
  endfacet
  facet normal 0 1 0
    outer loop
      vertex 78.403 0.61 8.48172
      vertex 78.4482 0.61 8.37372
      vertex 77.3351 0.61 8.0528
    endloop
  endfacet
  facet normal 0 1 0
    outer loop
      vertex 76.7953 0.61 9.35669
      vertex 76.6384 0.61 8.44879
      vertex 76.6302 0.61 9.36019
    endloop
  endfacet
  facet normal 0 1 0
    outer loop
      vertex 76.9533 0.61 9.34619
      vertex 76.769 0.61 8.4426
      vertex 76.7953 0.61 9.35669
    endloop
  endfacet
  facet normal -0 1 0
    outer loop
      vertex 77.2356 0.61 8.22605
      vertex 78.0543 0.61 8.93701
      vertex 77.2916 0.61 8.1456
    endloop
  endfacet
  facet normal 0 1 0
    outer loop
      vertex 77.2916 0.61 8.1456
      vertex 78.1405 0.61 8.85726
      vertex 78.2184 0.61 8.77184
    endloop
  endfacet
  facet normal 0 1 0
    outer loop
      vertex 76.511 0.61 8.44226
      vertex 76.33 0.61 9.34633
      vertex 76.4771 0.61 9.35672
    endloop
  endfacet
  facet normal -0 1 0
    outer loop
      vertex 77.3351 0.61 8.0528
      vertex 78.4482 0.61 8.37372
      vertex 77.3662 0.61 7.9476
    endloop
  endfacet
  facet normal 0 1 0
    outer loop
      vertex 78.5343 0.61 8.01581
      vertex 77.3662 0.61 7.9476
      vertex 78.5138 0.61 8.14077
    endloop
  endfacet
  facet normal 0 1 0
    outer loop
      vertex 77.3831 0.61 7.58873
      vertex 78.5297 0.61 7.46624
      vertex 78.5179 0.61 7.39875
    endloop
  endfacet
  facet normal 0 1 0
    outer loop
      vertex 77.3831 0.61 7.58873
      vertex 78.5179 0.61 7.39875
      vertex 78.5035 0.61 7.33254
    endloop
  endfacet
  facet normal 0 1 0
    outer loop
      vertex 81.5332 0.61 3.47525
      vertex 81.4214 0.61 4.28339
      vertex 81.4885 0.61 4.2968
    endloop
  endfacet
  facet normal -0 1 0
    outer loop
      vertex 77.3591 0.61 7.47657
      vertex 77.3731 0.61 7.53275
      vertex 78.4668 0.61 7.20397
    endloop
  endfacet
  facet normal 0 1 0
    outer loop
      vertex 82.9615 0.61 4.17583
      vertex 82.8866 0.61 4.07994
      vertex 81.9746 0.61 4.7049
    endloop
  endfacet
  facet normal 0 1 -0
    outer loop
      vertex 78.4445 0.61 7.14159
      vertex 77.3591 0.61 7.47657
      vertex 78.4668 0.61 7.20397
    endloop
  endfacet
  facet normal 0 1 0
    outer loop
      vertex 82.8688 0.61 6.15895
      vertex 82.9281 0.61 6.095
      vertex 81.9929 0.61 5.67433
    endloop
  endfacet
  facet normal -0 1 0
    outer loop
      vertex 75.8008 0.61 9.23549
      vertex 75.9242 0.61 9.27359
      vertex 76.2424 0.61 8.36887
    endloop
  endfacet
  facet normal 0 1 0
    outer loop
      vertex 82.1581 0.61 6.53011
      vertex 82.2528 0.61 6.50704
      vertex 81.8745 0.61 5.88242
    endloop
  endfacet
  facet normal 0 1 0
    outer loop
      vertex 78.4196 0.61 7.08049
      vertex 78.392 0.61 7.02066
      vertex 77.3591 0.61 7.47657
    endloop
  endfacet
  facet normal 0 1 0
    outer loop
      vertex 82.5133 0.61 6.41057
      vertex 82.5923 0.61 6.36933
      vertex 81.9411 0.61 5.78582
    endloop
  endfacet
  facet normal 0 1 0
    outer loop
      vertex 77.3411 0.61 7.42017
      vertex 78.3624 0.61 6.9619
      vertex 78.3314 0.61 6.90398
    endloop
  endfacet
  facet normal 0 1 0
    outer loop
      vertex 82.0595 0.61 6.54865
      vertex 81.7932 0.61 5.96418
      vertex 81.697 0.61 6.03105
    endloop
  endfacet
  facet normal 0 1 0
    outer loop
      vertex 75.8008 0.61 9.23549
      vertex 76.2424 0.61 8.36887
      vertex 76.1972 0.61 8.34441
    endloop
  endfacet
  facet normal 0 1 -0
    outer loop
      vertex 83.1333 0.61 4.49921
      vertex 82.0162 0.61 4.83698
      vertex 83.173 0.61 4.61891
    endloop
  endfacet
  facet normal -0 1 0
    outer loop
      vertex 77.3191 0.61 7.36357
      vertex 77.3411 0.61 7.42017
      vertex 78.3314 0.61 6.90398
    endloop
  endfacet
  facet normal 0 1 0
    outer loop
      vertex 82.0439 0.61 4.98816
      vertex 83.2038 0.61 4.74456
      vertex 82.0318 0.61 4.91017
    endloop
  endfacet
  facet normal 0 1 -0
    outer loop
      vertex 78.2988 0.61 6.8469
      vertex 77.3191 0.61 7.36357
      vertex 78.3314 0.61 6.90398
    endloop
  endfacet
  facet normal 0 1 0
    outer loop
      vertex 83.2435 0.61 5.1572
      vertex 83.2391 0.61 5.01371
      vertex 82.0578 0.61 5.15843
    endloop
  endfacet
  facet normal 0 1 -0
    outer loop
      vertex 78.2648 0.61 6.79067
      vertex 77.3191 0.61 7.36357
      vertex 78.2988 0.61 6.8469
    endloop
  endfacet
  facet normal 0 1 0
    outer loop
      vertex 83.2391 0.61 5.01371
      vertex 83.2258 0.61 4.87615
      vertex 82.0526 0.61 5.07091
    endloop
  endfacet
  facet normal 0 1 0
    outer loop
      vertex 78.2648 0.61 6.79067
      vertex 78.2293 0.61 6.73526
      vertex 77.2931 0.61 7.3068
    endloop
  endfacet
  facet normal -0 1 0
    outer loop
      vertex 82.0578 0.61 5.15843
      vertex 83.2409 0.61 5.25977
      vertex 83.2435 0.61 5.1572
    endloop
  endfacet
  facet normal 0 1 0
    outer loop
      vertex 75.572 0.61 9.13851
      vertex 76.1155 0.61 8.28569
      vertex 75.4665 0.61 9.07964
    endloop
  endfacet
  facet normal 0 1 0
    outer loop
      vertex 82.0526 0.61 5.07091
      vertex 83.2258 0.61 4.87615
      vertex 82.0439 0.61 4.98816
    endloop
  endfacet
  facet normal 0 1 0
    outer loop
      vertex 74.726 0.61 8.00202
      vertex 75.8402 0.61 7.72956
      vertex 74.6983 0.61 7.8664
    endloop
  endfacet
  facet normal 0 1 0
    outer loop
      vertex 83.233 0.61 5.35887
      vertex 82.0595 0.61 5.25074
      vertex 83.22 0.61 5.45452
    endloop
  endfacet
  facet normal 0 1 0
    outer loop
      vertex 75.8539 0.61 7.79642
      vertex 75.8402 0.61 7.72956
      vertex 74.726 0.61 8.00202
    endloop
  endfacet
  facet normal -0 1 0
    outer loop
      vertex 82.0162 0.61 4.83698
      vertex 82.0318 0.61 4.91017
      vertex 83.173 0.61 4.61891
    endloop
  endfacet
  facet normal 0 1 0
    outer loop
      vertex 75.0313 0.61 8.68437
      vertex 75.9564 0.61 8.08184
      vertex 74.9638 0.61 8.58629
    endloop
  endfacet
  facet normal 0 1 0
    outer loop
      vertex 82.4304 0.61 6.44727
      vertex 81.8745 0.61 5.88242
      vertex 82.3436 0.61 6.47942
    endloop
  endfacet
  facet normal 0 1 0
    outer loop
      vertex 75.8699 0.61 7.86003
      vertex 74.7603 0.61 8.13138
      vertex 74.8013 0.61 8.25449
    endloop
  endfacet
  facet normal 0 1 0
    outer loop
      vertex 82.0162 0.61 4.83698
      vertex 83.0849 0.61 4.38547
      vertex 81.9971 0.61 4.76856
    endloop
  endfacet
  facet normal 0 1 0
    outer loop
      vertex 75.9087 0.61 7.97745
      vertex 75.8882 0.61 7.92037
      vertex 74.8488 0.61 8.37134
    endloop
  endfacet
  facet normal -0 1 0
    outer loop
      vertex 81.3197 0.61 6.14254
      vertex 81.3707 0.61 6.96572
      vertex 81.4603 0.61 6.12024
    endloop
  endfacet
  facet normal 0 1 0
    outer loop
      vertex 74.8488 0.61 8.37134
      vertex 75.8882 0.61 7.92037
      vertex 74.8013 0.61 8.25449
    endloop
  endfacet
  facet normal 0 1 -0
    outer loop
      vertex 81.8745 0.61 5.88242
      vertex 81.7932 0.61 5.96418
      vertex 82.1581 0.61 6.53011
    endloop
  endfacet
  facet normal 0 1 -0
    outer loop
      vertex 75.9087 0.61 7.97745
      vertex 74.903 0.61 8.48194
      vertex 75.9314 0.61 8.03127
    endloop
  endfacet
  facet normal -0 1 0
    outer loop
      vertex 81.7182 0.61 4.3888
      vertex 81.766 0.61 4.42137
      vertex 82.1317 0.61 3.59307
    endloop
  endfacet
  facet normal 0 1 0
    outer loop
      vertex 74.7603 0.61 8.13138
      vertex 75.8699 0.61 7.86003
      vertex 75.8539 0.61 7.79642
    endloop
  endfacet
  facet normal 0 1 0
    outer loop
      vertex 83.0276 0.61 4.27768
      vertex 81.9746 0.61 4.7049
      vertex 81.9971 0.61 4.76856
    endloop
  endfacet
  facet normal -0 1 0
    outer loop
      vertex 74.726 0.61 8.00202
      vertex 74.7603 0.61 8.13138
      vertex 75.8539 0.61 7.79642
    endloop
  endfacet
  facet normal -0 1 0
    outer loop
      vertex 75.0313 0.61 8.68437
      vertex 75.1053 0.61 8.7762
      vertex 75.9837 0.61 8.12912
    endloop
  endfacet
  facet normal -0 1 0
    outer loop
      vertex 79.4549 0.61 7.15036
      vertex 80.4567 0.61 7.50167
      vertex 79.4996 0.61 7.08254
    endloop
  endfacet
  facet normal -0 1 0
    outer loop
      vertex 75.1053 0.61 8.7762
      vertex 75.186 0.61 8.86177
      vertex 75.9837 0.61 8.12912
    endloop
  endfacet
  facet normal 0 1 0
    outer loop
      vertex 83.064 0.61 8.2089
      vertex 83.0846 0.61 8.0896
      vertex 81.9113 0.61 7.9791
    endloop
  endfacet
  facet normal 0 1 0
    outer loop
      vertex 83.0637 0.61 7.50917
      vertex 83.0426 0.61 7.43257
      vertex 81.9237 0.61 7.69551
    endloop
  endfacet
  facet normal 0 1 -0
    outer loop
      vertex 78.1923 0.61 6.6807
      vertex 77.263 0.61 7.24979
      vertex 78.2293 0.61 6.73526
    endloop
  endfacet
  facet normal -0 1 0
    outer loop
      vertex 81.5766 0.61 8.48201
      vertex 81.93 0.61 9.27822
      vertex 81.6217 0.61 8.45856
    endloop
  endfacet
  facet normal 0 1 0
    outer loop
      vertex 78.1923 0.61 6.6807
      vertex 78.1538 0.61 6.62697
      vertex 77.263 0.61 7.24979
    endloop
  endfacet
  facet normal 0 1 0
    outer loop
      vertex 81.8869 0.61 7.42516
      vertex 82.8183 0.61 7.0125
      vertex 82.7653 0.61 6.95029
    endloop
  endfacet
  facet normal 0 1 0
    outer loop
      vertex 77.229 0.61 7.1926
      vertex 78.1139 0.61 6.5741
      vertex 78.0725 0.61 6.52205
    endloop
  endfacet
  facet normal -0 1 0
    outer loop
      vertex 81.2397 0.61 8.55709
      vertex 81.3383 0.61 9.35691
      vertex 81.3038 0.61 8.55239
    endloop
  endfacet
  facet normal -0 1 0
    outer loop
      vertex 77.191 0.61 7.13521
      vertex 77.229 0.61 7.1926
      vertex 78.0725 0.61 6.52205
    endloop
  endfacet
  facet normal 0 1 -0
    outer loop
      vertex 78.0296 0.61 6.47084
      vertex 77.191 0.61 7.13521
      vertex 78.0725 0.61 6.52205
    endloop
  endfacet
  facet normal 0 1 0
    outer loop
      vertex 80.4871 0.61 8.1433
      vertex 79.4661 0.61 8.61809
      vertex 79.5279 0.61 8.70925
    endloop
  endfacet
  facet normal 0 1 0
    outer loop
      vertex 81.0102 0.61 9.35683
      vertex 81.044 0.61 8.55216
      vertex 80.8547 0.61 9.34673
    endloop
  endfacet
  facet normal 0 1 0
    outer loop
      vertex 77.149 0.61 7.07761
      vertex 77.9852 0.61 6.4205
      vertex 77.9396 0.61 6.37085
    endloop
  endfacet
  facet normal -0 1 0
    outer loop
      vertex 79.2684 0.61 7.96807
      vertex 79.2807 0.61 8.08867
      vertex 80.4381 0.61 7.90966
    endloop
  endfacet
  facet normal 0 1 0
    outer loop
      vertex 77.8931 0.61 6.32178
      vertex 77.8457 0.61 6.27329
      vertex 77.102 0.61 7.0185
    endloop
  endfacet
  facet normal 0 1 -0
    outer loop
      vertex 80.4565 0.61 8.03296
      vertex 79.4126 0.61 8.52204
      vertex 80.4871 0.61 8.1433
    endloop
  endfacet
  facet normal 0 1 0
    outer loop
      vertex 77.7482 0.61 6.17798
      vertex 76.9902 0.61 6.8918
      vertex 77.0491 0.61 6.95656
    endloop
  endfacet
  facet normal 0 1 0
    outer loop
      vertex 76.9253 0.61 6.82421
      vertex 77.698 0.61 6.1312
      vertex 77.647 0.61 6.08498
    endloop
  endfacet
  facet normal 0 1 0
    outer loop
      vertex 77.5951 0.61 6.03934
      vertex 77.5422 0.61 5.99427
      vertex 76.8545 0.61 6.7538
    endloop
  endfacet
  facet normal 0 1 -0
    outer loop
      vertex 77.4338 0.61 5.90583
      vertex 76.7778 0.61 6.68056
      vertex 77.4885 0.61 5.94976
    endloop
  endfacet
  facet normal 0 1 0
    outer loop
      vertex 76.7778 0.61 6.68056
      vertex 77.3789 0.61 5.86228
      vertex 76.6951 0.61 6.6045
    endloop
  endfacet
  facet normal -0 1 0
    outer loop
      vertex 76.6064 0.61 6.52561
      vertex 76.6951 0.61 6.6045
      vertex 77.2698 0.61 5.77579
    endloop
  endfacet
  facet normal 0 1 0
    outer loop
      vertex 67.9592 0.61 5.55999
      vertex 69.2327 0.61 6.48355
      vertex 69.3833 0.61 5.55999
    endloop
  endfacet
  facet normal 0 1 0
    outer loop
      vertex 77.162 0.61 5.6901
      vertex 76.5118 0.61 6.44391
      vertex 76.6064 0.61 6.52561
    endloop
  endfacet
  facet normal 0 1 0
    outer loop
      vertex 69.9348 0.61 5.60916
      vertex 69.8304 0.61 5.59145
      vertex 69.6369 0.61 6.53441
    endloop
  endfacet
  facet normal 0 1 0
    outer loop
      vertex 77.162 0.61 5.6901
      vertex 77.0554 0.61 5.60523
      vertex 76.5118 0.61 6.44391
    endloop
  endfacet
  facet normal 0 1 0
    outer loop
      vertex 70.2307 0.61 5.68587
      vertex 70.135 0.61 5.65637
      vertex 69.8342 0.61 6.61376
    endloop
  endfacet
  facet normal 0 1 0
    outer loop
      vertex 76.4113 0.61 6.35936
      vertex 77.0554 0.61 5.60523
      vertex 76.9501 0.61 5.52115
    endloop
  endfacet
  facet normal 0 1 0
    outer loop
      vertex 69.8925 0.61 6.64835
      vertex 70.4133 0.61 5.75669
      vertex 70.3234 0.61 5.71932
    endloop
  endfacet
  facet normal -0 1 0
    outer loop
      vertex 76.3047 0.61 6.27201
      vertex 76.4113 0.61 6.35936
      vertex 76.9501 0.61 5.52115
    endloop
  endfacet
  facet normal 0 1 0
    outer loop
      vertex 70.7403 0.61 5.94251
      vertex 70.6638 0.61 5.89109
      vertex 69.9977 0.61 6.72972
    endloop
  endfacet
  facet normal 0 1 0
    outer loop
      vertex 76.8459 0.61 5.43788
      vertex 76.1926 0.61 6.17987
      vertex 76.3047 0.61 6.27201
    endloop
  endfacet
  facet normal 0 1 0
    outer loop
      vertex 76.8459 0.61 5.43788
      vertex 76.7945 0.61 5.39643
      vertex 76.1926 0.61 6.17987
    endloop
  endfacet
  facet normal 0 1 0
    outer loop
      vertex 71.4012 0.61 8.03844
      vertex 70.231 0.61 7.73831
      vertex 71.3599 0.61 8.16683
    endloop
  endfacet
  facet normal -0 1 0
    outer loop
      vertex 76.084 0.61 6.08841
      vertex 76.1926 0.61 6.17987
      vertex 76.744 0.61 5.35491
    endloop
  endfacet
  facet normal -0 1 0
    outer loop
      vertex 69.5526 0.61 8.31314
      vertex 69.8607 0.61 9.23949
      vertex 69.7024 0.61 8.27582
    endloop
  endfacet
  facet normal 0 1 -0
    outer loop
      vertex 76.6943 0.61 5.31331
      vertex 76.084 0.61 6.08841
      vertex 76.744 0.61 5.35491
    endloop
  endfacet
  facet normal 0 1 0
    outer loop
      vertex 76.6943 0.61 5.31331
      vertex 76.6455 0.61 5.27166
      vertex 75.9789 0.61 5.99762
    endloop
  endfacet
  facet normal 0 1 0
    outer loop
      vertex 70.1723 0.61 9.17681
      vertex 69.8345 0.61 8.22356
      vertex 70.0204 0.61 9.21207
    endloop
  endfacet
  facet normal 0 1 0
    outer loop
      vertex 75.9789 0.61 5.99762
      vertex 76.6455 0.61 5.27166
      vertex 76.5975 0.61 5.22994
    endloop
  endfacet
  facet normal 0 1 -0
    outer loop
      vertex 69.9491 0.61 8.15637
      vertex 69.8345 0.61 8.22356
      vertex 70.3164 0.61 9.13372
    endloop
  endfacet
  facet normal 0 1 -0
    outer loop
      vertex 76.5503 0.61 5.18814
      vertex 75.8773 0.61 5.90752
      vertex 76.5975 0.61 5.22994
    endloop
  endfacet
  facet normal 0 1 0
    outer loop
      vertex 69.9491 0.61 8.15637
      vertex 70.4526 0.61 9.0828
      vertex 70.581 0.61 9.02404
    endloop
  endfacet
  facet normal 0 1 0
    outer loop
      vertex 75.8773 0.61 5.90752
      vertex 76.504 0.61 5.14627
      vertex 75.7793 0.61 5.81807
    endloop
  endfacet
  facet normal 0 1 0
    outer loop
      vertex 70.1723 0.61 9.17681
      vertex 70.3164 0.61 9.13372
      vertex 69.8345 0.61 8.22356
    endloop
  endfacet
  facet normal 0 1 0
    outer loop
      vertex 75.7793 0.61 5.81807
      vertex 76.504 0.61 5.14627
      vertex 76.4585 0.61 5.10434
    endloop
  endfacet
  facet normal 0 1 0
    outer loop
      vertex 71.3094 0.61 8.2887
      vertex 70.1869 0.61 7.86522
      vertex 71.2497 0.61 8.40409
    endloop
  endfacet
  facet normal 0 1 0
    outer loop
      vertex 76.4139 0.61 5.06235
      vertex 75.6848 0.61 5.7293
      vertex 75.7793 0.61 5.81807
    endloop
  endfacet
  facet normal 0 1 0
    outer loop
      vertex 71.4333 0.61 7.90358
      vertex 71.4563 0.61 7.76223
      vertex 70.2574 0.61 7.59648
    endloop
  endfacet
  facet normal 0 1 0
    outer loop
      vertex 75.6848 0.61 5.7293
      vertex 76.3701 0.61 5.0203
      vertex 76.3271 0.61 4.97817
    endloop
  endfacet
  facet normal -0 1 0
    outer loop
      vertex 75.5938 0.61 5.64119
      vertex 75.6848 0.61 5.7293
      vertex 76.3271 0.61 4.97817
    endloop
  endfacet
  facet normal 0 1 0
    outer loop
      vertex 71.4413 0.61 7.07323
      vertex 70.2463 0.61 7.20291
      vertex 70.2574 0.61 7.27825
    endloop
  endfacet
  facet normal 0 1 0
    outer loop
      vertex 76.2856 0.61 4.93573
      vertex 76.246 0.61 4.89276
      vertex 75.5938 0.61 5.64119
    endloop
  endfacet
  facet normal -0 1 0
    outer loop
      vertex 70.2107 0.61 7.06304
      vertex 70.2307 0.61 7.13117
      vertex 71.3412 0.61 6.71761
    endloop
  endfacet
  facet normal 0 1 0
    outer loop
      vertex 75.5938 0.61 5.64119
      vertex 76.246 0.61 4.89276
      vertex 75.5063 0.61 5.55376
    endloop
  endfacet
  facet normal 0 1 0
    outer loop
      vertex 70.2307 0.61 7.13117
      vertex 71.3725 0.61 6.80359
      vertex 71.3412 0.61 6.71761
    endloop
  endfacet
  facet normal -0 1 0
    outer loop
      vertex 75.4224 0.61 5.467
      vertex 75.5063 0.61 5.55376
      vertex 76.2084 0.61 4.84925
    endloop
  endfacet
  facet normal -0 1 0
    outer loop
      vertex 69.9491 0.61 8.15637
      vertex 70.581 0.61 9.02404
      vertex 70.046 0.61 8.07425
    endloop
  endfacet
  facet normal 0 1 -0
    outer loop
      vertex 76.1729 0.61 4.80519
      vertex 75.4224 0.61 5.467
      vertex 76.2084 0.61 4.84925
    endloop
  endfacet
  facet normal 0 1 -0
    outer loop
      vertex 71.3725 0.61 6.80359
      vertex 70.2307 0.61 7.13117
      vertex 71.3996 0.61 6.89153
    endloop
  endfacet
  facet normal 0 1 0
    outer loop
      vertex 76.078 0.61 4.66982
      vertex 75.1917 0.61 5.21024
      vertex 75.2652 0.61 5.2955
    endloop
  endfacet
  facet normal 0 1 0
    outer loop
      vertex 76.5975 0.61 5.22994
      vertex 75.8773 0.61 5.90752
      vertex 75.9789 0.61 5.99762
    endloop
  endfacet
  facet normal 0 1 0
    outer loop
      vertex 75.186 0.61 8.86177
      vertex 76.0132 0.61 8.17316
      vertex 75.9837 0.61 8.12912
    endloop
  endfacet
  facet normal 0 1 -0
    outer loop
      vertex 76.0132 0.61 8.17316
      vertex 75.2733 0.61 8.94109
      vertex 76.045 0.61 8.21393
    endloop
  endfacet
  facet normal -0 1 0
    outer loop
      vertex 75.186 0.61 8.86177
      vertex 75.2733 0.61 8.94109
      vertex 76.0132 0.61 8.17316
    endloop
  endfacet
  facet normal -0 1 0
    outer loop
      vertex 75.2733 0.61 8.94109
      vertex 75.3669 0.61 9.01383
      vertex 76.045 0.61 8.21393
    endloop
  endfacet
  facet normal 0 1 0
    outer loop
      vertex 76.079 0.61 8.25145
      vertex 75.3669 0.61 9.01383
      vertex 75.4665 0.61 9.07964
    endloop
  endfacet
  facet normal 0 1 -0
    outer loop
      vertex 76.045 0.61 8.21393
      vertex 75.3669 0.61 9.01383
      vertex 76.079 0.61 8.25145
    endloop
  endfacet
  facet normal 0 1 0
    outer loop
      vertex 76.1155 0.61 8.28569
      vertex 76.079 0.61 8.25145
      vertex 75.4665 0.61 9.07964
    endloop
  endfacet
  facet normal -0 1 0
    outer loop
      vertex 75.572 0.61 9.13851
      vertex 75.6834 0.61 9.19046
      vertex 76.155 0.61 8.31668
    endloop
  endfacet
  facet normal 0 1 -0
    outer loop
      vertex 76.155 0.61 8.31668
      vertex 75.6834 0.61 9.19046
      vertex 76.1972 0.61 8.34441
    endloop
  endfacet
  facet normal 0 1 0
    outer loop
      vertex 75.8008 0.61 9.23549
      vertex 76.1972 0.61 8.34441
      vertex 75.6834 0.61 9.19046
    endloop
  endfacet
  facet normal 0 1 -0
    outer loop
      vertex 76.2424 0.61 8.36887
      vertex 75.9242 0.61 9.27359
      vertex 76.2904 0.61 8.39008
    endloop
  endfacet
  facet normal 0 1 0
    outer loop
      vertex 76.2904 0.61 8.39008
      vertex 75.9242 0.61 9.27359
      vertex 76.0535 0.61 9.30477
    endloop
  endfacet
  facet normal 0 1 0
    outer loop
      vertex 76.1888 0.61 9.32901
      vertex 76.3412 0.61 8.40801
      vertex 76.0535 0.61 9.30477
    endloop
  endfacet
  facet normal 0 1 0
    outer loop
      vertex 76.3412 0.61 8.40801
      vertex 76.2904 0.61 8.39008
      vertex 76.0535 0.61 9.30477
    endloop
  endfacet
  facet normal 0 1 0
    outer loop
      vertex 76.395 0.61 8.42269
      vertex 76.1888 0.61 9.32901
      vertex 76.33 0.61 9.34633
    endloop
  endfacet
  facet normal 0 1 0
    outer loop
      vertex 76.511 0.61 8.44226
      vertex 76.4515 0.61 8.43412
      vertex 76.33 0.61 9.34633
    endloop
  endfacet
  facet normal 0 1 0
    outer loop
      vertex 76.4515 0.61 8.43412
      vertex 76.395 0.61 8.42269
      vertex 76.33 0.61 9.34633
    endloop
  endfacet
  facet normal 0 1 -0
    outer loop
      vertex 76.5732 0.61 8.44716
      vertex 76.4771 0.61 9.35672
      vertex 76.6302 0.61 9.36019
    endloop
  endfacet
  facet normal 0 1 -0
    outer loop
      vertex 76.511 0.61 8.44226
      vertex 76.4771 0.61 9.35672
      vertex 76.5732 0.61 8.44716
    endloop
  endfacet
  facet normal 0 1 0
    outer loop
      vertex 76.6384 0.61 8.44879
      vertex 76.5732 0.61 8.44716
      vertex 76.6302 0.61 9.36019
    endloop
  endfacet
  facet normal 0 1 -0
    outer loop
      vertex 76.769 0.61 8.4426
      vertex 76.6384 0.61 8.44879
      vertex 76.7953 0.61 9.35669
    endloop
  endfacet
  facet normal -0 1 0
    outer loop
      vertex 76.8872 0.61 8.42404
      vertex 77.1042 0.61 9.32871
      vertex 76.993 0.61 8.3931
    endloop
  endfacet
  facet normal 0 1 0
    outer loop
      vertex 76.9533 0.61 9.34619
      vertex 77.1042 0.61 9.32871
      vertex 76.8872 0.61 8.42404
    endloop
  endfacet
  facet normal 0 1 0
    outer loop
      vertex 76.993 0.61 8.3931
      vertex 77.2479 0.61 9.30423
      vertex 77.3845 0.61 9.27275
    endloop
  endfacet
  facet normal 0 1 0
    outer loop
      vertex 77.1042 0.61 9.32871
      vertex 77.2479 0.61 9.30423
      vertex 76.993 0.61 8.3931
    endloop
  endfacet
  facet normal 0 1 0
    outer loop
      vertex 77.0863 0.61 8.3498
      vertex 77.3845 0.61 9.27275
      vertex 77.514 0.61 9.23429
    endloop
  endfacet
  facet normal -0 1 0
    outer loop
      vertex 76.993 0.61 8.3931
      vertex 77.3845 0.61 9.27275
      vertex 77.0863 0.61 8.3498
    endloop
  endfacet
  facet normal 0 1 -0
    outer loop
      vertex 77.1672 0.61 8.2941
      vertex 77.0863 0.61 8.3498
      vertex 77.6363 0.61 9.18882
    endloop
  endfacet
  facet normal 0 1 0
    outer loop
      vertex 77.0863 0.61 8.3498
      vertex 77.514 0.61 9.23429
      vertex 77.6363 0.61 9.18882
    endloop
  endfacet
  facet normal 0 1 0
    outer loop
      vertex 77.8596 0.61 9.07691
      vertex 77.1672 0.61 8.2941
      vertex 77.7515 0.61 9.13636
    endloop
  endfacet
  facet normal 0 1 0
    outer loop
      vertex 77.1672 0.61 8.2941
      vertex 77.6363 0.61 9.18882
      vertex 77.7515 0.61 9.13636
    endloop
  endfacet
  facet normal 0 1 0
    outer loop
      vertex 77.9605 0.61 9.01046
      vertex 77.2356 0.61 8.22605
      vertex 77.8596 0.61 9.07691
    endloop
  endfacet
  facet normal 0 1 -0
    outer loop
      vertex 77.2356 0.61 8.22605
      vertex 77.1672 0.61 8.2941
      vertex 77.8596 0.61 9.07691
    endloop
  endfacet
  facet normal 0 1 0
    outer loop
      vertex 77.2916 0.61 8.1456
      vertex 78.0543 0.61 8.93701
      vertex 78.1405 0.61 8.85726
    endloop
  endfacet
  facet normal 0 1 0
    outer loop
      vertex 78.2882 0.61 8.68079
      vertex 77.2916 0.61 8.1456
      vertex 78.2184 0.61 8.77184
    endloop
  endfacet
  facet normal 0 1 0
    outer loop
      vertex 78.3497 0.61 8.58408
      vertex 78.403 0.61 8.48172
      vertex 77.3351 0.61 8.0528
    endloop
  endfacet
  facet normal 0 1 0
    outer loop
      vertex 78.3497 0.61 8.58408
      vertex 77.3351 0.61 8.0528
      vertex 78.2882 0.61 8.68079
    endloop
  endfacet
  facet normal 0 1 0
    outer loop
      vertex 78.4482 0.61 8.37372
      vertex 78.4851 0.61 8.26007
      vertex 77.3662 0.61 7.9476
    endloop
  endfacet
  facet normal 0 1 0
    outer loop
      vertex 78.5466 0.61 7.8852
      vertex 78.5507 0.61 7.74895
      vertex 77.3849 0.61 7.83005
    endloop
  endfacet
  facet normal 0 1 -0
    outer loop
      vertex 78.5297 0.61 7.46624
      vertex 77.3891 0.61 7.64452
      vertex 78.5389 0.61 7.53499
    endloop
  endfacet
  facet normal 0 1 0
    outer loop
      vertex 77.3731 0.61 7.53275
      vertex 78.4865 0.61 7.26761
      vertex 78.4668 0.61 7.20397
    endloop
  endfacet
  facet normal 0 1 0
    outer loop
      vertex 78.392 0.61 7.02066
      vertex 78.3624 0.61 6.9619
      vertex 77.3411 0.61 7.42017
    endloop
  endfacet
  facet normal 0 1 0
    outer loop
      vertex 78.2648 0.61 6.79067
      vertex 77.2931 0.61 7.3068
      vertex 77.3191 0.61 7.36357
    endloop
  endfacet
  facet normal 0 1 0
    outer loop
      vertex 78.1538 0.61 6.62697
      vertex 78.1139 0.61 6.5741
      vertex 77.229 0.61 7.1926
    endloop
  endfacet
  facet normal 0 1 0
    outer loop
      vertex 77.191 0.61 7.13521
      vertex 77.9852 0.61 6.4205
      vertex 77.149 0.61 7.07761
    endloop
  endfacet
  facet normal 0 1 0
    outer loop
      vertex 78.0296 0.61 6.47084
      vertex 77.9852 0.61 6.4205
      vertex 77.191 0.61 7.13521
    endloop
  endfacet
  facet normal 0 1 0
    outer loop
      vertex 77.149 0.61 7.07761
      vertex 77.9396 0.61 6.37085
      vertex 77.102 0.61 7.0185
    endloop
  endfacet
  facet normal 0 1 0
    outer loop
      vertex 77.102 0.61 7.0185
      vertex 77.9396 0.61 6.37085
      vertex 77.8931 0.61 6.32178
    endloop
  endfacet
  facet normal -0 1 0
    outer loop
      vertex 77.0491 0.61 6.95656
      vertex 77.102 0.61 7.0185
      vertex 77.8457 0.61 6.27329
    endloop
  endfacet
  facet normal 0 1 -0
    outer loop
      vertex 77.7974 0.61 6.22534
      vertex 77.0491 0.61 6.95656
      vertex 77.8457 0.61 6.27329
    endloop
  endfacet
  facet normal 0 1 0
    outer loop
      vertex 77.7974 0.61 6.22534
      vertex 77.7482 0.61 6.17798
      vertex 77.0491 0.61 6.95656
    endloop
  endfacet
  facet normal 0 1 0
    outer loop
      vertex 77.7482 0.61 6.17798
      vertex 77.698 0.61 6.1312
      vertex 76.9902 0.61 6.8918
    endloop
  endfacet
  facet normal 0 1 0
    outer loop
      vertex 76.9902 0.61 6.8918
      vertex 77.698 0.61 6.1312
      vertex 76.9253 0.61 6.82421
    endloop
  endfacet
  facet normal 0 1 0
    outer loop
      vertex 76.9253 0.61 6.82421
      vertex 77.647 0.61 6.08498
      vertex 77.5951 0.61 6.03934
    endloop
  endfacet
  facet normal -0 1 0
    outer loop
      vertex 76.8545 0.61 6.7538
      vertex 76.9253 0.61 6.82421
      vertex 77.5951 0.61 6.03934
    endloop
  endfacet
  facet normal 0 1 -0
    outer loop
      vertex 77.4885 0.61 5.94976
      vertex 76.8545 0.61 6.7538
      vertex 77.5422 0.61 5.99427
    endloop
  endfacet
  facet normal 0 1 0
    outer loop
      vertex 77.4885 0.61 5.94976
      vertex 76.7778 0.61 6.68056
      vertex 76.8545 0.61 6.7538
    endloop
  endfacet
  facet normal 0 1 0
    outer loop
      vertex 77.4338 0.61 5.90583
      vertex 77.3789 0.61 5.86228
      vertex 76.7778 0.61 6.68056
    endloop
  endfacet
  facet normal 0 1 0
    outer loop
      vertex 77.3789 0.61 5.86228
      vertex 77.2698 0.61 5.77579
      vertex 76.6951 0.61 6.6045
    endloop
  endfacet
  facet normal 0 1 0
    outer loop
      vertex 77.2698 0.61 5.77579
      vertex 77.162 0.61 5.6901
      vertex 76.6064 0.61 6.52561
    endloop
  endfacet
  facet normal 0 1 0
    outer loop
      vertex 77.0554 0.61 5.60523
      vertex 76.4113 0.61 6.35936
      vertex 76.5118 0.61 6.44391
    endloop
  endfacet
  facet normal 0 1 -0
    outer loop
      vertex 76.8459 0.61 5.43788
      vertex 76.3047 0.61 6.27201
      vertex 76.9501 0.61 5.52115
    endloop
  endfacet
  facet normal 0 1 -0
    outer loop
      vertex 76.744 0.61 5.35491
      vertex 76.1926 0.61 6.17987
      vertex 76.7945 0.61 5.39643
    endloop
  endfacet
  facet normal -0 1 0
    outer loop
      vertex 75.9789 0.61 5.99762
      vertex 76.084 0.61 6.08841
      vertex 76.6943 0.61 5.31331
    endloop
  endfacet
  facet normal 0 1 0
    outer loop
      vertex 76.5503 0.61 5.18814
      vertex 76.504 0.61 5.14627
      vertex 75.8773 0.61 5.90752
    endloop
  endfacet
  facet normal 0 1 0
    outer loop
      vertex 76.4585 0.61 5.10434
      vertex 76.4139 0.61 5.06235
      vertex 75.7793 0.61 5.81807
    endloop
  endfacet
  facet normal 0 1 0
    outer loop
      vertex 76.4139 0.61 5.06235
      vertex 76.3701 0.61 5.0203
      vertex 75.6848 0.61 5.7293
    endloop
  endfacet
  facet normal 0 1 0
    outer loop
      vertex 76.3271 0.61 4.97817
      vertex 76.2856 0.61 4.93573
      vertex 75.5938 0.61 5.64119
    endloop
  endfacet
  facet normal 0 1 0
    outer loop
      vertex 76.246 0.61 4.89276
      vertex 76.2084 0.61 4.84925
      vertex 75.5063 0.61 5.55376
    endloop
  endfacet
  facet normal 0 1 0
    outer loop
      vertex 76.1729 0.61 4.80519
      vertex 76.1392 0.61 4.76061
      vertex 75.4224 0.61 5.467
    endloop
  endfacet
  facet normal 0 1 0
    outer loop
      vertex 75.4224 0.61 5.467
      vertex 76.1392 0.61 4.76061
      vertex 75.342 0.61 5.38092
    endloop
  endfacet
  facet normal 0 1 0
    outer loop
      vertex 75.342 0.61 5.38092
      vertex 76.1392 0.61 4.76061
      vertex 76.1076 0.61 4.71549
    endloop
  endfacet
  facet normal -0 1 0
    outer loop
      vertex 75.2652 0.61 5.2955
      vertex 75.342 0.61 5.38092
      vertex 76.1076 0.61 4.71549
    endloop
  endfacet
  facet normal 0 1 -0
    outer loop
      vertex 76.078 0.61 4.66982
      vertex 75.2652 0.61 5.2955
      vertex 76.1076 0.61 4.71549
    endloop
  endfacet
  facet normal 0 1 0
    outer loop
      vertex 76.078 0.61 4.66982
      vertex 76.0503 0.61 4.62361
      vertex 75.1917 0.61 5.21024
    endloop
  endfacet
  facet normal 0 1 0
    outer loop
      vertex 75.1917 0.61 5.21024
      vertex 76.0503 0.61 4.62361
      vertex 76.0246 0.61 4.57688
    endloop
  endfacet
  facet normal -0 1 0
    outer loop
      vertex 75.1213 0.61 5.12456
      vertex 75.1917 0.61 5.21024
      vertex 76.0246 0.61 4.57688
    endloop
  endfacet
  facet normal 0 1 -0
    outer loop
      vertex 76.0009 0.61 4.5296
      vertex 75.1213 0.61 5.12456
      vertex 76.0246 0.61 4.57688
    endloop
  endfacet
  facet normal 0 1 0
    outer loop
      vertex 76.0009 0.61 4.5296
      vertex 75.054 0.61 5.03847
      vertex 75.1213 0.61 5.12456
    endloop
  endfacet
  facet normal 0 1 0
    outer loop
      vertex 76.0009 0.61 4.5296
      vertex 75.9792 0.61 4.48178
      vertex 75.054 0.61 5.03847
    endloop
  endfacet
  facet normal 0 1 0
    outer loop
      vertex 75.054 0.61 5.03847
      vertex 75.9792 0.61 4.48178
      vertex 74.9899 0.61 4.95198
    endloop
  endfacet
  facet normal 0 1 0
    outer loop
      vertex 74.9899 0.61 4.95198
      vertex 75.9792 0.61 4.48178
      vertex 74.9288 0.61 4.8651
    endloop
  endfacet
  facet normal 0 1 0
    outer loop
      vertex 74.9288 0.61 4.8651
      vertex 75.9792 0.61 4.48178
      vertex 74.871 0.61 4.7778
    endloop
  endfacet
  facet normal 0 1 0
    outer loop
      vertex 75.9792 0.61 4.48178
      vertex 74.7646 0.61 4.60201
      vertex 74.8162 0.61 4.69011
    endloop
  endfacet
  facet normal 0 1 0
    outer loop
      vertex 75.9792 0.61 4.48178
      vertex 74.7161 0.61 4.51349
      vertex 74.7646 0.61 4.60201
    endloop
  endfacet
  facet normal 0 1 0
    outer loop
      vertex 75.9792 0.61 4.48178
      vertex 74.6707 0.61 4.42458
      vertex 74.7161 0.61 4.51349
    endloop
  endfacet
  facet normal 0 1 0
    outer loop
      vertex 75.9792 0.61 4.48178
      vertex 74.6285 0.61 4.33527
      vertex 74.6707 0.61 4.42458
    endloop
  endfacet
  facet normal 0 1 0
    outer loop
      vertex 70.2463 0.61 7.20291
      vertex 71.4225 0.61 6.9814
      vertex 71.3996 0.61 6.89153
    endloop
  endfacet
  facet normal 0 1 0
    outer loop
      vertex 75.9792 0.61 4.48178
      vertex 74.6285 0.61 3.54189
      vertex 74.6285 0.61 4.33527
    endloop
  endfacet
  facet normal 0 1 0
    outer loop
      vertex 75.9792 0.61 4.48178
      vertex 78.6402 0.61 3.54189
      vertex 74.6285 0.61 3.54189
    endloop
  endfacet
  facet normal 0 1 0
    outer loop
      vertex 69.4865 0.61 6.50186
      vertex 69.4994 0.61 5.56195
      vertex 69.4057 0.61 6.49169
    endloop
  endfacet
  facet normal 0 1 0
    outer loop
      vertex 81.3197 0.61 6.14254
      vertex 81.2471 0.61 6.95307
      vertex 81.3105 0.61 6.95781
    endloop
  endfacet
  facet normal 0 1 0
    outer loop
      vertex 83.0767 0.61 5.8808
      vertex 82.0299 0.61 5.54801
      vertex 83.0323 0.61 5.95566
    endloop
  endfacet
  facet normal 0 1 0
    outer loop
      vertex 87.8836 0.61 4.21837
      vertex 87.8143 0.61 3.46289
      vertex 87.7966 0.61 4.22161
    endloop
  endfacet
  facet normal 0 1 0
    outer loop
      vertex 83.0323 0.61 5.95566
      vertex 82.0299 0.61 5.54801
      vertex 82.9828 0.61 6.02706
    endloop
  endfacet
  facet normal 0 1 -0
    outer loop
      vertex 87.5125 0.61 3.48186
      vertex 87.3721 0.61 3.49845
      vertex 87.5666 0.61 4.2442
    endloop
  endfacet
  facet normal 0 1 0
    outer loop
      vertex 82.0595 0.61 6.54865
      vertex 82.1581 0.61 6.53011
      vertex 81.7932 0.61 5.96418
    endloop
  endfacet
  facet normal -0 1 0
    outer loop
      vertex 87.2387 0.61 3.51978
      vertex 87.4389 0.61 4.27002
      vertex 87.3721 0.61 3.49845
    endloop
  endfacet
  facet normal 0 1 -0
    outer loop
      vertex 81.9929 0.61 5.67433
      vertex 81.9411 0.61 5.78582
      vertex 82.6673 0.61 6.32355
    endloop
  endfacet
  facet normal 0 1 0
    outer loop
      vertex 87.3318 0.61 4.30446
      vertex 87.3828 0.61 4.28617
      vertex 87.1124 0.61 3.54586
    endloop
  endfacet
  facet normal 0 1 0
    outer loop
      vertex 82.6673 0.61 6.32355
      vertex 81.9411 0.61 5.78582
      vertex 82.5923 0.61 6.36933
    endloop
  endfacet
  facet normal 0 1 0
    outer loop
      vertex 87.286 0.61 4.32491
      vertex 86.9931 0.61 3.57666
      vertex 87.2453 0.61 4.34751
    endloop
  endfacet
  facet normal -0 1 0
    outer loop
      vertex 81.8745 0.61 5.88242
      vertex 82.4304 0.61 6.44727
      vertex 81.9411 0.61 5.78582
    endloop
  endfacet
  facet normal 0 1 -0
    outer loop
      vertex 86.8809 0.61 3.61222
      vertex 86.7756 0.61 3.65251
      vertex 87.2083 0.61 4.37268
    endloop
  endfacet
  facet normal 0 1 0
    outer loop
      vertex 86.6774 0.61 3.69754
      vertex 87.1403 0.61 4.43213
      vertex 87.1733 0.61 4.4009
    endloop
  endfacet
  facet normal 0 1 0
    outer loop
      vertex 81.8745 0.61 5.88242
      vertex 82.2528 0.61 6.50704
      vertex 82.3436 0.61 6.47942
    endloop
  endfacet
  facet normal 0 1 0
    outer loop
      vertex 87.1094 0.61 4.4664
      vertex 87.1403 0.61 4.43213
      vertex 86.5863 0.61 3.74732
    endloop
  endfacet
  facet normal -0 1 0
    outer loop
      vertex 86.4216 0.61 3.8622
      vertex 87.1094 0.61 4.4664
      vertex 86.5013 0.61 3.80211
    endloop
  endfacet
  facet normal 0 1 0
    outer loop
      vertex 82.0595 0.61 6.54865
      vertex 81.697 0.61 6.03105
      vertex 81.586 0.61 6.08307
    endloop
  endfacet
  facet normal 0 1 0
    outer loop
      vertex 87.2083 0.61 4.37268
      vertex 87.2453 0.61 4.34751
      vertex 86.8809 0.61 3.61222
    endloop
  endfacet
  facet normal 0 1 -0
    outer loop
      vertex 81.586 0.61 6.08307
      vertex 81.4603 0.61 6.12024
      vertex 82.0595 0.61 6.54865
    endloop
  endfacet
  facet normal 0 1 -0
    outer loop
      vertex 87.2387 0.61 3.51978
      vertex 87.1124 0.61 3.54586
      vertex 87.3828 0.61 4.28617
    endloop
  endfacet
  facet normal 0 1 -0
    outer loop
      vertex 81.4603 0.61 6.12024
      vertex 81.4278 0.61 6.97678
      vertex 81.4818 0.61 6.991
    endloop
  endfacet
  facet normal 0 1 0
    outer loop
      vertex 87.5666 0.61 4.2442
      vertex 87.6381 0.61 4.23452
      vertex 87.5125 0.61 3.48186
    endloop
  endfacet
  facet normal 0 1 0
    outer loop
      vertex 87.6381 0.61 4.23452
      vertex 87.7148 0.61 4.22699
      vertex 87.6599 0.61 3.47
    endloop
  endfacet
  facet normal 0 1 0
    outer loop
      vertex 83.1496 0.61 5.72068
      vertex 82.0521 0.61 5.4068
      vertex 83.1158 0.61 5.80246
    endloop
  endfacet
  facet normal 0 1 0
    outer loop
      vertex 87.4389 0.61 4.27002
      vertex 87.5002 0.61 4.25605
      vertex 87.3721 0.61 3.49845
    endloop
  endfacet
  facet normal 0 1 0
    outer loop
      vertex 83.1496 0.61 5.72068
      vertex 83.1783 0.61 5.63542
      vertex 82.0521 0.61 5.4068
    endloop
  endfacet
  facet normal 0 1 0
    outer loop
      vertex 87.0805 0.61 4.5037
      vertex 86.3473 0.61 3.92755
      vertex 87.0537 0.61 4.54401
    endloop
  endfacet
  facet normal 0 1 0
    outer loop
      vertex 82.0521 0.61 5.4068
      vertex 83.1783 0.61 5.63542
      vertex 83.2018 0.61 5.54671
    endloop
  endfacet
  facet normal 0 1 -0
    outer loop
      vertex 86.1565 0.61 4.15528
      vertex 86.1036 0.61 4.24175
      vertex 87.0062 0.61 4.63372
    endloop
  endfacet
  facet normal 0 1 0
    outer loop
      vertex 82.8029 0.61 3.99001
      vertex 81.9192 0.61 4.59192
      vertex 81.9486 0.61 4.64601
    endloop
  endfacet
  facet normal 0 1 0
    outer loop
      vertex 86.6398 0.61 5.7202
      vertex 87.275 0.61 6.55741
      vertex 87.2996 0.61 6.53508
    endloop
  endfacet
  facet normal -0 1 0
    outer loop
      vertex 81.8863 0.61 4.54259
      vertex 81.9192 0.61 4.59192
      vertex 82.6097 0.61 3.82871
    endloop
  endfacet
  facet normal 0 1 0
    outer loop
      vertex 87.5612 0.61 6.40354
      vertex 87.2494 0.61 5.46779
      vertex 87.5133 0.61 6.42037
    endloop
  endfacet
  facet normal 0 1 0
    outer loop
      vertex 81.8499 0.61 4.49805
      vertex 82.3858 0.61 3.69615
      vertex 81.8099 0.61 4.4578
    endloop
  endfacet
  facet normal 0 1 0
    outer loop
      vertex 87.7881 0.61 6.34264
      vertex 87.8537 0.61 6.329
      vertex 87.6368 0.61 5.3694
    endloop
  endfacet
  facet normal 0 1 0
    outer loop
      vertex 81.6666 0.61 4.36005
      vertex 81.8475 0.61 3.51943
      vertex 81.6111 0.61 4.33513
    endloop
  endfacet
  facet normal -0 1 0
    outer loop
      vertex 79.7067 0.61 6.31046
      vertex 79.7804 0.61 6.35756
      vertex 80.3956 0.61 5.71492
    endloop
  endfacet
  facet normal 0 1 0
    outer loop
      vertex 88.8063 0.61 4.44643
      vertex 89.4221 0.61 3.82466
      vertex 89.3238 0.61 3.76146
    endloop
  endfacet
  facet normal 0 1 0
    outer loop
      vertex 80.6547 0.61 7.12129
      vertex 80.7351 0.61 7.06017
      vertex 80.2977 0.61 6.55681
    endloop
  endfacet
  facet normal 0 1 0
    outer loop
      vertex 88.5439 0.61 6.17185
      vertex 88.3306 0.61 5.21756
      vertex 88.2639 0.61 5.2347
    endloop
  endfacet
  facet normal 0 1 0
    outer loop
      vertex 89.8759 0.61 4.39934
      vertex 88.888 0.61 4.63172
      vertex 88.8935 0.61 4.67565
    endloop
  endfacet
  facet normal 0 1 0
    outer loop
      vertex 88.8017 0.61 4.98329
      vertex 89.5388 0.61 5.75395
      vertex 89.5772 0.61 5.72078
    endloop
  endfacet
  facet normal 0 1 0
    outer loop
      vertex 88.3933 0.61 5.19979
      vertex 88.6216 0.61 6.15175
      vertex 88.6973 0.61 6.13156
    endloop
  endfacet
  facet normal 0 1 0
    outer loop
      vertex 87.2025 0.61 6.65976
      vertex 86.214 0.61 6.20232
      vertex 86.192 0.61 6.25698
    endloop
  endfacet
  facet normal 0 1 0
    outer loop
      vertex 80.5867 0.61 7.19602
      vertex 80.058 0.61 6.63135
      vertex 80.531 0.61 7.28432
    endloop
  endfacet
  facet normal 0 1 0
    outer loop
      vertex 80.432 0.61 7.77336
      vertex 79.2855 0.61 7.59548
      vertex 79.2737 0.61 7.67601
    endloop
  endfacet
  facet normal 0 1 -0
    outer loop
      vertex 81.8865 0.61 8.09827
      vertex 81.8695 0.61 8.15245
      vertex 82.9528 0.61 8.53347
    endloop
  endfacet
  facet normal 0 1 0
    outer loop
      vertex 83.097 0.61 7.96477
      vertex 83.1011 0.61 7.83438
      vertex 81.9237 0.61 7.84554
    endloop
  endfacet
  facet normal -0 1 0
    outer loop
      vertex 81.9191 0.61 7.62178
      vertex 81.9237 0.61 7.69551
      vertex 83.0426 0.61 7.43257
    endloop
  endfacet
  facet normal -0 1 0
    outer loop
      vertex 81.9114 0.61 7.55214
      vertex 81.9191 0.61 7.62178
      vertex 82.9866 0.61 7.28502
    endloop
  endfacet
  facet normal 0 1 0
    outer loop
      vertex 81.6217 0.61 8.45856
      vertex 81.93 0.61 9.27822
      vertex 82.06 0.61 9.24216
    endloop
  endfacet
  facet normal -0 1 0
    outer loop
      vertex 80.5643 0.61 9.30638
      vertex 80.7061 0.61 9.32991
      vertex 80.8237 0.61 8.50023
    endloop
  endfacet
  facet normal 0 1 -0
    outer loop
      vertex 79.913 0.61 6.70223
      vertex 79.845 0.61 6.74401
      vertex 80.531 0.61 7.28432
    endloop
  endfacet
  facet normal 0 1 -0
    outer loop
      vertex 79.2737 0.61 7.67601
      vertex 79.2666 0.61 7.75838
      vertex 80.432 0.61 7.77336
    endloop
  endfacet
  facet normal 0 1 -0
    outer loop
      vertex 79.7177 0.61 6.8403
      vertex 79.6585 0.61 6.89481
      vertex 80.4877 0.61 7.3862
    endloop
  endfacet
  facet normal 0 1 0
    outer loop
      vertex 81.9237 0.61 7.69551
      vertex 83.0917 0.61 7.66802
      vertex 83.08 0.61 7.58765
    endloop
  endfacet
  facet normal 0 1 0
    outer loop
      vertex 81.9114 0.61 7.55214
      vertex 82.9118 0.61 7.14499
      vertex 81.9007 0.61 7.48659
    endloop
  endfacet
  facet normal 0 1 0
    outer loop
      vertex 83.1011 0.61 7.83438
      vertex 83.0987 0.61 7.75026
      vertex 81.9252 0.61 7.77336
    endloop
  endfacet
  facet normal -0 1 0
    outer loop
      vertex 81.9005 0.61 8.04048
      vertex 83.064 0.61 8.2089
      vertex 81.9113 0.61 7.9791
    endloop
  endfacet
  facet normal 0 1 0
    outer loop
      vertex 82.9981 0.61 8.43082
      vertex 83.0352 0.61 8.32263
      vertex 81.9005 0.61 8.04048
    endloop
  endfacet
  facet normal -0 1 0
    outer loop
      vertex 81.9113 0.61 7.9791
      vertex 83.0846 0.61 8.0896
      vertex 81.919 0.61 7.91413
    endloop
  endfacet
  facet normal 0 1 0
    outer loop
      vertex 81.8865 0.61 8.09827
      vertex 82.9528 0.61 8.53347
      vertex 82.9981 0.61 8.43082
    endloop
  endfacet
  facet normal 0 1 -0
    outer loop
      vertex 81.9237 0.61 7.84554
      vertex 81.919 0.61 7.91413
      vertex 83.097 0.61 7.96477
    endloop
  endfacet
  facet normal 0 1 0
    outer loop
      vertex 81.9007 0.61 7.48659
      vertex 82.8183 0.61 7.0125
      vertex 81.8869 0.61 7.42516
    endloop
  endfacet
  facet normal 0 1 0
    outer loop
      vertex 82.8374 0.61 8.72211
      vertex 81.8695 0.61 8.15245
      vertex 81.8494 0.61 8.20304
    endloop
  endfacet
  facet normal 0 1 0
    outer loop
      vertex 81.6485 0.61 9.33068
      vertex 81.7928 0.61 9.30773
      vertex 81.5284 0.61 8.50234
    endloop
  endfacet
  facet normal 0 1 0
    outer loop
      vertex 82.06 0.61 9.24216
      vertex 81.7024 0.61 8.40226
      vertex 81.6636 0.61 8.43196
    endloop
  endfacet
  facet normal 0 1 0
    outer loop
      vertex 87.3268 0.61 6.51409
      vertex 86.752 0.61 5.65381
      vertex 87.2996 0.61 6.53508
    endloop
  endfacet
  facet normal 0 1 0
    outer loop
      vertex 81.5766 0.61 8.48201
      vertex 81.7928 0.61 9.30773
      vertex 81.93 0.61 9.27822
    endloop
  endfacet
  facet normal 0 1 0
    outer loop
      vertex 88.557 0.61 5.14263
      vertex 88.8427 0.61 6.09058
      vertex 88.9117 0.61 6.06919
    endloop
  endfacet
  facet normal 0 1 0
    outer loop
      vertex 82.06 0.61 9.24216
      vertex 82.1829 0.61 9.19953
      vertex 81.7024 0.61 8.40226
    endloop
  endfacet
  facet normal 0 1 0
    outer loop
      vertex 89.1027 0.61 6.00075
      vertex 89.1612 0.61 5.97653
      vertex 88.6841 0.61 5.07973
    endloop
  endfacet
  facet normal 0 1 -0
    outer loop
      vertex 81.5284 0.61 8.50234
      vertex 81.477 0.61 8.51955
      vertex 81.6485 0.61 9.33068
    endloop
  endfacet
  facet normal 0 1 0
    outer loop
      vertex 89.4989 0.61 5.78568
      vertex 88.7768 0.61 5.00946
      vertex 89.4573 0.61 5.81597
    endloop
  endfacet
  facet normal 0 1 0
    outer loop
      vertex 81.6485 0.61 9.33068
      vertex 81.4224 0.61 8.53362
      vertex 81.497 0.61 9.34708
    endloop
  endfacet
  facet normal 0 1 -0
    outer loop
      vertex 88.7183 0.61 5.05748
      vertex 88.6841 0.61 5.07973
      vertex 89.1612 0.61 5.97653
    endloop
  endfacet
  facet normal 0 1 0
    outer loop
      vertex 81.497 0.61 9.34708
      vertex 81.4224 0.61 8.53362
      vertex 81.3647 0.61 8.54457
    endloop
  endfacet
  facet normal 0 1 0
    outer loop
      vertex 88.8017 0.61 4.98329
      vertex 89.5772 0.61 5.72078
      vertex 89.614 0.61 5.68616
    endloop
  endfacet
  facet normal 0 1 0
    outer loop
      vertex 81.7999 0.61 8.29341
      vertex 82.5085 0.61 9.03232
      vertex 82.6027 0.61 8.96347
    endloop
  endfacet
  facet normal 0 1 0
    outer loop
      vertex 88.2639 0.61 5.2347
      vertex 88.4644 0.61 6.19184
      vertex 88.5439 0.61 6.17185
    endloop
  endfacet
  facet normal -0 1 0
    outer loop
      vertex 81.3038 0.61 8.55239
      vertex 81.3383 0.61 9.35691
      vertex 81.3647 0.61 8.54457
    endloop
  endfacet
  facet normal 0 1 0
    outer loop
      vertex 88.7137 0.61 4.36269
      vertex 89.1072 0.61 3.65313
      vertex 88.6756 0.61 4.33934
    endloop
  endfacet
  facet normal 0 1 -0
    outer loop
      vertex 81.2397 0.61 8.55709
      vertex 81.1725 0.61 9.36019
      vertex 81.3383 0.61 9.35691
    endloop
  endfacet
  facet normal 0 1 -0
    outer loop
      vertex 81.044 0.61 8.55216
      vertex 81.0102 0.61 9.35683
      vertex 81.1725 0.61 8.55864
    endloop
  endfacet
  facet normal 0 1 0
    outer loop
      vertex 87.1852 0.61 6.93993
      vertex 86.2208 0.61 7.21089
      vertex 86.265 0.61 7.30022
    endloop
  endfacet
  facet normal -0 1 0
    outer loop
      vertex 80.7061 0.61 9.32991
      vertex 80.8547 0.61 9.34673
      vertex 80.9277 0.61 8.53269
    endloop
  endfacet
  facet normal 0 1 0
    outer loop
      vertex 87.197 0.61 6.9762
      vertex 87.1852 0.61 6.93993
      vertex 86.3173 0.61 7.38494
    endloop
  endfacet
  facet normal -0 1 0
    outer loop
      vertex 80.1798 0.61 9.19541
      vertex 80.3011 0.61 9.23912
      vertex 80.6523 0.61 8.3964
    endloop
  endfacet
  facet normal 0 1 0
    outer loop
      vertex 80.531 0.61 7.28432
      vertex 79.845 0.61 6.74401
      vertex 79.7798 0.61 6.79004
    endloop
  endfacet
  facet normal 0 1 0
    outer loop
      vertex 80.2977 0.61 6.54055
      vertex 80.8881 0.61 6.11876
      vertex 80.827 0.61 6.1012
    endloop
  endfacet
  facet normal 0 1 -0
    outer loop
      vertex 80.432 0.61 7.77336
      vertex 79.2643 0.61 7.84255
      vertex 80.4381 0.61 7.90966
    endloop
  endfacet
  facet normal 0 1 0
    outer loop
      vertex 87.6732 0.61 8.01805
      vertex 87.7149 0.61 7.25511
      vertex 87.528 0.61 8.00351
    endloop
  endfacet
  facet normal 0 1 0
    outer loop
      vertex 80.4381 0.61 7.90966
      vertex 79.2643 0.61 7.84255
      vertex 79.2684 0.61 7.96807
    endloop
  endfacet
  facet normal 0 1 -0
    outer loop
      vertex 80.4381 0.61 7.90966
      vertex 79.3013 0.61 8.20438
      vertex 80.4565 0.61 8.03296
    endloop
  endfacet
  facet normal -0 1 0
    outer loop
      vertex 79.3013 0.61 8.20438
      vertex 79.3302 0.61 8.31517
      vertex 80.4565 0.61 8.03296
    endloop
  endfacet
  facet normal 0 1 0
    outer loop
      vertex 80.4382 0.61 7.63072
      vertex 79.2855 0.61 7.59548
      vertex 80.432 0.61 7.77336
    endloop
  endfacet
  facet normal 0 1 0
    outer loop
      vertex 80.4565 0.61 8.03296
      vertex 79.3302 0.61 8.31517
      vertex 79.3672 0.61 8.42105
    endloop
  endfacet
  facet normal 0 1 0
    outer loop
      vertex 80.4567 0.61 7.50167
      vertex 79.4149 0.61 7.22002
      vertex 80.4382 0.61 7.63072
    endloop
  endfacet
  facet normal 0 1 0
    outer loop
      vertex 80.531 0.61 7.28432
      vertex 80.058 0.61 6.63135
      vertex 79.984 0.61 6.66466
    endloop
  endfacet
  facet normal 0 1 0
    outer loop
      vertex 80.4877 0.61 7.3862
      vertex 79.6585 0.61 6.89481
      vertex 79.6023 0.61 6.95356
    endloop
  endfacet
  facet normal 0 1 0
    outer loop
      vertex 80.4877 0.61 7.3862
      vertex 79.6023 0.61 6.95356
      vertex 80.4567 0.61 7.50167
    endloop
  endfacet
  facet normal 0 1 0
    outer loop
      vertex 80.4877 0.61 7.3862
      vertex 80.531 0.61 7.28432
      vertex 79.7798 0.61 6.79004
    endloop
  endfacet
  facet normal 0 1 0
    outer loop
      vertex 80.6547 0.61 7.12129
      vertex 80.2977 0.61 6.55681
      vertex 80.5867 0.61 7.19602
    endloop
  endfacet
  facet normal 0 1 0
    outer loop
      vertex 80.5867 0.61 7.19602
      vertex 80.2977 0.61 6.55681
      vertex 80.2148 0.61 6.57741
    endloop
  endfacet
  facet normal 0 1 0
    outer loop
      vertex 80.5867 0.61 7.19602
      vertex 80.2148 0.61 6.57741
      vertex 80.1349 0.61 6.60227
    endloop
  endfacet
  facet normal 0 1 0
    outer loop
      vertex 80.8279 0.61 7.01262
      vertex 80.2977 0.61 6.55681
      vertex 80.7351 0.61 7.06017
    endloop
  endfacet
  facet normal -0 1 0
    outer loop
      vertex 80.058 0.61 6.63135
      vertex 80.5867 0.61 7.19602
      vertex 80.1349 0.61 6.60227
    endloop
  endfacet
  facet normal 0 1 0
    outer loop
      vertex 80.2977 0.61 6.55681
      vertex 80.8279 0.61 7.01262
      vertex 80.9331 0.61 6.97866
    endloop
  endfacet
  facet normal -0 1 0
    outer loop
      vertex 79.4149 0.61 7.22002
      vertex 80.4567 0.61 7.50167
      vertex 79.4549 0.61 7.15036
    endloop
  endfacet
  facet normal -0 1 0
    outer loop
      vertex 80.2026 0.61 6.5219
      vertex 80.2977 0.61 6.54055
      vertex 80.5695 0.61 5.95494
    endloop
  endfacet
  facet normal 0 1 0
    outer loop
      vertex 81.3648 0.61 3.46421
      vertex 81.1888 0.61 3.46053
      vertex 81.2756 0.61 4.26805
    endloop
  endfacet
  facet normal 0 1 -0
    outer loop
      vertex 79.349 0.61 7.36475
      vertex 79.3231 0.61 7.43985
      vertex 80.4382 0.61 7.63072
    endloop
  endfacet
  facet normal 0 1 0
    outer loop
      vertex 80.4382 0.61 7.63072
      vertex 79.3231 0.61 7.43985
      vertex 79.3019 0.61 7.51676
    endloop
  endfacet
  facet normal 0 1 0
    outer loop
      vertex 79.4661 0.61 8.61809
      vertex 80.4871 0.61 8.1433
      vertex 79.4126 0.61 8.52204
    endloop
  endfacet
  facet normal 0 1 -0
    outer loop
      vertex 80.4871 0.61 8.1433
      vertex 79.5979 0.61 8.7955
      vertex 80.5299 0.61 8.24063
    endloop
  endfacet
  facet normal 0 1 0
    outer loop
      vertex 80.5299 0.61 8.24063
      vertex 79.5979 0.61 8.7955
      vertex 79.6762 0.61 8.87683
    endloop
  endfacet
  facet normal -0 1 0
    outer loop
      vertex 79.1405 0.61 5.34307
      vertex 79.1536 0.61 5.43579
      vertex 80.3077 0.61 5.3134
    endloop
  endfacet
  facet normal 0 1 0
    outer loop
      vertex 80.0653 0.61 9.14496
      vertex 80.585 0.61 8.32502
      vertex 79.9576 0.61 9.08779
    endloop
  endfacet
  facet normal 0 1 0
    outer loop
      vertex 80.0653 0.61 9.14496
      vertex 80.6523 0.61 8.3964
      vertex 80.585 0.61 8.32502
    endloop
  endfacet
  facet normal -0 1 0
    outer loop
      vertex 79.172 0.61 5.52565
      vertex 79.1956 0.61 5.61267
      vertex 80.3132 0.61 5.3889
    endloop
  endfacet
  facet normal 0 1 0
    outer loop
      vertex 80.7319 0.61 8.45481
      vertex 80.3011 0.61 9.23912
      vertex 80.4293 0.61 9.27611
    endloop
  endfacet
  facet normal 0 1 0
    outer loop
      vertex 80.5643 0.61 9.30638
      vertex 80.8237 0.61 8.50023
      vertex 80.4293 0.61 9.27611
    endloop
  endfacet
  facet normal 0 1 0
    outer loop
      vertex 79.172 0.61 5.52565
      vertex 80.3132 0.61 5.3889
      vertex 80.3077 0.61 5.3134
    endloop
  endfacet
  facet normal -0 1 0
    outer loop
      vertex 81.5804 0.61 7.02892
      vertex 81.625 0.61 7.05263
      vertex 82.0595 0.61 6.56497
    endloop
  endfacet
  facet normal 0 1 0
    outer loop
      vertex 79.1405 0.61 5.34307
      vertex 80.3077 0.61 5.3134
      vertex 80.3059 0.61 5.23448
    endloop
  endfacet
  facet normal 0 1 0
    outer loop
      vertex 80.3224 0.61 5.46097
      vertex 79.2585 0.61 5.77809
      vertex 79.2979 0.61 5.85652
    endloop
  endfacet
  facet normal -0 1 0
    outer loop
      vertex 79.1344 0.61 5.00627
      vertex 80.3131 0.61 5.06003
      vertex 79.1478 0.61 4.8694
    endloop
  endfacet
  facet normal 0 1 -0
    outer loop
      vertex 79.1344 0.61 5.00627
      vertex 79.13 0.61 5.14904
      vertex 80.3077 0.61 5.14501
    endloop
  endfacet
  facet normal -0 1 0
    outer loop
      vertex 79.13 0.61 5.14904
      vertex 80.3059 0.61 5.23448
      vertex 80.3077 0.61 5.14501
    endloop
  endfacet
  facet normal 0 1 0
    outer loop
      vertex 80.3349 0.61 4.9036
      vertex 79.1701 0.61 4.73847
      vertex 80.3222 0.61 4.97956
    endloop
  endfacet
  facet normal 0 1 0
    outer loop
      vertex 79.13 0.61 5.14904
      vertex 79.1326 0.61 5.24749
      vertex 80.3059 0.61 5.23448
    endloop
  endfacet
  facet normal 0 1 0
    outer loop
      vertex 80.3349 0.61 4.9036
      vertex 79.2414 0.61 4.49434
      vertex 79.2013 0.61 4.61345
    endloop
  endfacet
  facet normal 0 1 0
    outer loop
      vertex 79.2414 0.61 4.49434
      vertex 80.3349 0.61 4.9036
      vertex 80.3512 0.61 4.83214
    endloop
  endfacet
  facet normal 0 1 -0
    outer loop
      vertex 80.3352 0.61 5.5296
      vertex 79.3923 0.61 6.00481
      vertex 80.3517 0.61 5.59481
    endloop
  endfacet
  facet normal 0 1 0
    outer loop
      vertex 80.3512 0.61 4.83214
      vertex 79.2904 0.61 4.38115
      vertex 79.2414 0.61 4.49434
    endloop
  endfacet
  facet normal 0 1 0
    outer loop
      vertex 80.3517 0.61 5.59481
      vertex 79.3923 0.61 6.00481
      vertex 79.4473 0.61 6.07466
    endloop
  endfacet
  facet normal -0 1 0
    outer loop
      vertex 79.2904 0.61 4.38115
      vertex 80.3712 0.61 4.76519
      vertex 79.3483 0.61 4.27388
    endloop
  endfacet
  facet normal 0 1 0
    outer loop
      vertex 80.5255 0.61 4.49805
      vertex 79.996 0.61 3.69509
      vertex 79.8797 0.61 3.75739
    endloop
  endfacet
  facet normal 0 1 0
    outer loop
      vertex 80.716 0.61 4.36005
      vertex 80.3885 0.61 3.55214
      vertex 80.6626 0.61 4.3888
    endloop
  endfacet
  facet normal 0 1 0
    outer loop
      vertex 80.6626 0.61 4.3888
      vertex 80.2504 0.61 3.59246
      vertex 80.6131 0.61 4.42137
    endloop
  endfacet
  facet normal 0 1 0
    outer loop
      vertex 80.6626 0.61 4.3888
      vertex 80.3885 0.61 3.55214
      vertex 80.2504 0.61 3.59246
    endloop
  endfacet
  facet normal 0 1 0
    outer loop
      vertex 80.6131 0.61 4.42137
      vertex 80.1195 0.61 3.64011
      vertex 80.5674 0.61 4.4578
    endloop
  endfacet
  facet normal -0 1 0
    outer loop
      vertex 80.3885 0.61 3.55214
      vertex 80.716 0.61 4.36005
      vertex 80.534 0.61 3.51917
    endloop
  endfacet
  facet normal 0 1 0
    outer loop
      vertex 80.5674 0.61 4.4578
      vertex 80.1195 0.61 3.64011
      vertex 79.996 0.61 3.69509
    endloop
  endfacet
  facet normal 0 1 0
    outer loop
      vertex 80.7732 0.61 4.33513
      vertex 80.534 0.61 3.51917
      vertex 80.716 0.61 4.36005
    endloop
  endfacet
  facet normal 0 1 0
    outer loop
      vertex 80.7732 0.61 4.33513
      vertex 80.8342 0.61 4.31406
      vertex 80.534 0.61 3.51917
    endloop
  endfacet
  facet normal 0 1 0
    outer loop
      vertex 80.4529 0.61 4.59139
      vertex 79.6691 0.61 3.90398
      vertex 79.5755 0.61 3.98758
    endloop
  endfacet
  facet normal 0 1 0
    outer loop
      vertex 80.8342 0.61 4.31406
      vertex 80.6867 0.61 3.4935
      vertex 80.534 0.61 3.51917
    endloop
  endfacet
  facet normal 0 1 0
    outer loop
      vertex 80.8342 0.61 4.31406
      vertex 80.8991 0.61 4.2968
      vertex 80.6867 0.61 3.4935
    endloop
  endfacet
  facet normal -0 1 0
    outer loop
      vertex 80.6867 0.61 3.4935
      vertex 80.8991 0.61 4.2968
      vertex 80.8468 0.61 3.47518
    endloop
  endfacet
  facet normal 0 1 0
    outer loop
      vertex 80.8468 0.61 3.47518
      vertex 80.8991 0.61 4.2968
      vertex 80.9678 0.61 4.28339
    endloop
  endfacet
  facet normal 0 1 0
    outer loop
      vertex 81.0403 0.61 4.27381
      vertex 80.8468 0.61 3.47518
      vertex 80.9678 0.61 4.28339
    endloop
  endfacet
  facet normal 0 1 0
    outer loop
      vertex 81.0403 0.61 4.27381
      vertex 81.0141 0.61 3.46419
      vertex 80.8468 0.61 3.47518
    endloop
  endfacet
  facet normal 0 1 0
    outer loop
      vertex 81.0403 0.61 4.27381
      vertex 81.1167 0.61 4.26805
      vertex 81.0141 0.61 3.46419
    endloop
  endfacet
  facet normal -0 1 0
    outer loop
      vertex 81.0141 0.61 3.46419
      vertex 81.1167 0.61 4.26805
      vertex 81.1888 0.61 3.46053
    endloop
  endfacet
  facet normal 0 1 0
    outer loop
      vertex 81.1167 0.61 4.26805
      vertex 81.1969 0.61 4.26615
      vertex 81.1888 0.61 3.46053
    endloop
  endfacet
  facet normal -0 1 0
    outer loop
      vertex 81.8701 0.61 7.36783
      vertex 81.8869 0.61 7.42516
      vertex 82.7091 0.61 6.89238
    endloop
  endfacet
  facet normal -0 1 0
    outer loop
      vertex 79.913 0.61 6.70223
      vertex 80.531 0.61 7.28432
      vertex 79.984 0.61 6.66466
    endloop
  endfacet
  facet normal 0 1 -0
    outer loop
      vertex 82.5871 0.61 6.78949
      vertex 81.8701 0.61 7.36783
      vertex 82.6497 0.61 6.83879
    endloop
  endfacet
  facet normal -0 1 0
    outer loop
      vertex 79.7177 0.61 6.8403
      vertex 80.4877 0.61 7.3862
      vertex 79.7798 0.61 6.79004
    endloop
  endfacet
  facet normal -0 1 0
    outer loop
      vertex 79.4996 0.61 7.08254
      vertex 80.4567 0.61 7.50167
      vertex 79.549 0.61 7.01653
    endloop
  endfacet
  facet normal 0 1 0
    outer loop
      vertex 80.4567 0.61 7.50167
      vertex 79.6023 0.61 6.95356
      vertex 79.549 0.61 7.01653
    endloop
  endfacet
  facet normal -0 1 0
    outer loop
      vertex 79.349 0.61 7.36475
      vertex 80.4382 0.61 7.63072
      vertex 79.3796 0.61 7.29148
    endloop
  endfacet
  facet normal 0 1 0
    outer loop
      vertex 80.4382 0.61 7.63072
      vertex 79.4149 0.61 7.22002
      vertex 79.3796 0.61 7.29148
    endloop
  endfacet
  facet normal 0 1 -0
    outer loop
      vertex 79.3019 0.61 7.51676
      vertex 79.2855 0.61 7.59548
      vertex 80.4382 0.61 7.63072
    endloop
  endfacet
  facet normal 0 1 -0
    outer loop
      vertex 79.2666 0.61 7.75838
      vertex 79.2643 0.61 7.84255
      vertex 80.432 0.61 7.77336
    endloop
  endfacet
  facet normal -0 1 0
    outer loop
      vertex 79.2807 0.61 8.08867
      vertex 79.3013 0.61 8.20438
      vertex 80.4381 0.61 7.90966
    endloop
  endfacet
  facet normal -0 1 0
    outer loop
      vertex 79.3672 0.61 8.42105
      vertex 79.4126 0.61 8.52204
      vertex 80.4565 0.61 8.03296
    endloop
  endfacet
  facet normal 0 1 0
    outer loop
      vertex 79.5979 0.61 8.7955
      vertex 80.4871 0.61 8.1433
      vertex 79.5279 0.61 8.70925
    endloop
  endfacet
  facet normal 0 1 0
    outer loop
      vertex 79.7627 0.61 8.95327
      vertex 80.5299 0.61 8.24063
      vertex 79.6762 0.61 8.87683
    endloop
  endfacet
  facet normal -0 1 0
    outer loop
      vertex 79.7627 0.61 8.95327
      vertex 79.8567 0.61 9.02388
      vertex 80.585 0.61 8.32502
    endloop
  endfacet
  facet normal 0 1 0
    outer loop
      vertex 79.7627 0.61 8.95327
      vertex 80.585 0.61 8.32502
      vertex 80.5299 0.61 8.24063
    endloop
  endfacet
  facet normal 0 1 0
    outer loop
      vertex 80.585 0.61 8.32502
      vertex 79.8567 0.61 9.02388
      vertex 79.9576 0.61 9.08779
    endloop
  endfacet
  facet normal -0 1 0
    outer loop
      vertex 80.0653 0.61 9.14496
      vertex 80.1798 0.61 9.19541
      vertex 80.6523 0.61 8.3964
    endloop
  endfacet
  facet normal 0 1 -0
    outer loop
      vertex 80.6523 0.61 8.3964
      vertex 80.3011 0.61 9.23912
      vertex 80.7319 0.61 8.45481
    endloop
  endfacet
  facet normal 0 1 0
    outer loop
      vertex 80.8237 0.61 8.50023
      vertex 80.7319 0.61 8.45481
      vertex 80.4293 0.61 9.27611
    endloop
  endfacet
  facet normal 0 1 -0
    outer loop
      vertex 80.8237 0.61 8.50023
      vertex 80.7061 0.61 9.32991
      vertex 80.9277 0.61 8.53269
    endloop
  endfacet
  facet normal 0 1 0
    outer loop
      vertex 81.044 0.61 8.55216
      vertex 80.9277 0.61 8.53269
      vertex 80.8547 0.61 9.34673
    endloop
  endfacet
  facet normal -0 1 0
    outer loop
      vertex 81.1725 0.61 8.55864
      vertex 81.1725 0.61 9.36019
      vertex 81.2397 0.61 8.55709
    endloop
  endfacet
  facet normal -0 1 0
    outer loop
      vertex 81.0102 0.61 9.35683
      vertex 81.1725 0.61 9.36019
      vertex 81.1725 0.61 8.55864
    endloop
  endfacet
  facet normal 0 1 -0
    outer loop
      vertex 81.3647 0.61 8.54457
      vertex 81.3383 0.61 9.35691
      vertex 81.497 0.61 9.34708
    endloop
  endfacet
  facet normal 0 1 -0
    outer loop
      vertex 81.477 0.61 8.51955
      vertex 81.4224 0.61 8.53362
      vertex 81.6485 0.61 9.33068
    endloop
  endfacet
  facet normal -0 1 0
    outer loop
      vertex 81.5284 0.61 8.50234
      vertex 81.7928 0.61 9.30773
      vertex 81.5766 0.61 8.48201
    endloop
  endfacet
  facet normal 0 1 -0
    outer loop
      vertex 81.6636 0.61 8.43196
      vertex 81.6217 0.61 8.45856
      vertex 82.06 0.61 9.24216
    endloop
  endfacet
  facet normal -0 1 0
    outer loop
      vertex 81.7024 0.61 8.40226
      vertex 82.1829 0.61 9.19953
      vertex 81.738 0.61 8.3694
    endloop
  endfacet
  facet normal 0 1 0
    outer loop
      vertex 81.738 0.61 8.3694
      vertex 82.1829 0.61 9.19953
      vertex 82.2986 0.61 9.15035
    endloop
  endfacet
  facet normal 0 1 0
    outer loop
      vertex 82.4071 0.61 9.09461
      vertex 81.7705 0.61 8.33321
      vertex 82.2986 0.61 9.15035
    endloop
  endfacet
  facet normal 0 1 -0
    outer loop
      vertex 81.7705 0.61 8.33321
      vertex 81.738 0.61 8.3694
      vertex 82.2986 0.61 9.15035
    endloop
  endfacet
  facet normal 0 1 0
    outer loop
      vertex 82.5085 0.61 9.03232
      vertex 81.7999 0.61 8.29341
      vertex 81.7705 0.61 8.33321
    endloop
  endfacet
  facet normal 0 1 0
    outer loop
      vertex 82.5085 0.61 9.03232
      vertex 81.7705 0.61 8.33321
      vertex 82.4071 0.61 9.09461
    endloop
  endfacet
  facet normal 0 1 -0
    outer loop
      vertex 81.8262 0.61 8.25003
      vertex 81.7999 0.61 8.29341
      vertex 82.6027 0.61 8.96347
    endloop
  endfacet
  facet normal 0 1 0
    outer loop
      vertex 82.6892 0.61 8.88857
      vertex 81.8494 0.61 8.20304
      vertex 81.8262 0.61 8.25003
    endloop
  endfacet
  facet normal 0 1 0
    outer loop
      vertex 82.6892 0.61 8.88857
      vertex 81.8262 0.61 8.25003
      vertex 82.6027 0.61 8.96347
    endloop
  endfacet
  facet normal 0 1 0
    outer loop
      vertex 82.7674 0.61 8.80811
      vertex 82.8374 0.61 8.72211
      vertex 81.8494 0.61 8.20304
    endloop
  endfacet
  facet normal 0 1 0
    outer loop
      vertex 82.7674 0.61 8.80811
      vertex 81.8494 0.61 8.20304
      vertex 82.6892 0.61 8.88857
    endloop
  endfacet
  facet normal 0 1 0
    outer loop
      vertex 82.8992 0.61 8.63056
      vertex 82.9528 0.61 8.53347
      vertex 81.8695 0.61 8.15245
    endloop
  endfacet
  facet normal 0 1 0
    outer loop
      vertex 82.8992 0.61 8.63056
      vertex 81.8695 0.61 8.15245
      vertex 82.8374 0.61 8.72211
    endloop
  endfacet
  facet normal 0 1 -0
    outer loop
      vertex 81.9005 0.61 8.04048
      vertex 81.8865 0.61 8.09827
      vertex 82.9981 0.61 8.43082
    endloop
  endfacet
  facet normal 0 1 0
    outer loop
      vertex 83.0352 0.61 8.32263
      vertex 83.064 0.61 8.2089
      vertex 81.9005 0.61 8.04048
    endloop
  endfacet
  facet normal 0 1 0
    outer loop
      vertex 81.919 0.61 7.91413
      vertex 83.0846 0.61 8.0896
      vertex 83.097 0.61 7.96477
    endloop
  endfacet
  facet normal 0 1 0
    outer loop
      vertex 81.9237 0.61 7.84554
      vertex 83.1011 0.61 7.83438
      vertex 81.9252 0.61 7.77336
    endloop
  endfacet
  facet normal -0 1 0
    outer loop
      vertex 81.9237 0.61 7.69551
      vertex 81.9252 0.61 7.77336
      vertex 83.0917 0.61 7.66802
    endloop
  endfacet
  facet normal 0 1 0
    outer loop
      vertex 81.9252 0.61 7.77336
      vertex 83.0987 0.61 7.75026
      vertex 83.0917 0.61 7.66802
    endloop
  endfacet
  facet normal 0 1 -0
    outer loop
      vertex 83.0637 0.61 7.50917
      vertex 81.9237 0.61 7.69551
      vertex 83.08 0.61 7.58765
    endloop
  endfacet
  facet normal 0 1 -0
    outer loop
      vertex 82.9866 0.61 7.28502
      vertex 81.9191 0.61 7.62178
      vertex 83.017 0.61 7.35785
    endloop
  endfacet
  facet normal 0 1 0
    outer loop
      vertex 81.9191 0.61 7.62178
      vertex 83.0426 0.61 7.43257
      vertex 83.017 0.61 7.35785
    endloop
  endfacet
  facet normal 0 1 -0
    outer loop
      vertex 82.9118 0.61 7.14499
      vertex 81.9114 0.61 7.55214
      vertex 82.9515 0.61 7.21407
    endloop
  endfacet
  facet normal 0 1 0
    outer loop
      vertex 81.9114 0.61 7.55214
      vertex 82.9866 0.61 7.28502
      vertex 82.9515 0.61 7.21407
    endloop
  endfacet
  facet normal 0 1 0
    outer loop
      vertex 81.9007 0.61 7.48659
      vertex 82.9118 0.61 7.14499
      vertex 82.8674 0.61 7.07781
    endloop
  endfacet
  facet normal 0 1 0
    outer loop
      vertex 82.8674 0.61 7.07781
      vertex 82.8183 0.61 7.0125
      vertex 81.9007 0.61 7.48659
    endloop
  endfacet
  facet normal 0 1 -0
    outer loop
      vertex 82.7091 0.61 6.89238
      vertex 81.8869 0.61 7.42516
      vertex 82.7653 0.61 6.95029
    endloop
  endfacet
  facet normal 0 1 -0
    outer loop
      vertex 82.6497 0.61 6.83879
      vertex 81.8701 0.61 7.36783
      vertex 82.7091 0.61 6.89238
    endloop
  endfacet
  facet normal 0 1 0
    outer loop
      vertex 82.5871 0.61 6.78949
      vertex 81.8502 0.61 7.31459
      vertex 81.8701 0.61 7.36783
    endloop
  endfacet
  facet normal 0 1 0
    outer loop
      vertex 82.5871 0.61 6.78949
      vertex 82.5213 0.61 6.74451
      vertex 81.8502 0.61 7.31459
    endloop
  endfacet
  facet normal 0 1 0
    outer loop
      vertex 81.8502 0.61 7.31459
      vertex 82.5213 0.61 6.74451
      vertex 82.4523 0.61 6.70381
    endloop
  endfacet
  facet normal -0 1 0
    outer loop
      vertex 81.8273 0.61 7.26548
      vertex 81.8502 0.61 7.31459
      vertex 82.4523 0.61 6.70381
    endloop
  endfacet
  facet normal 0 1 -0
    outer loop
      vertex 82.3801 0.61 6.66744
      vertex 81.8273 0.61 7.26548
      vertex 82.4523 0.61 6.70381
    endloop
  endfacet
  facet normal 0 1 0
    outer loop
      vertex 82.3801 0.61 6.66744
      vertex 82.3048 0.61 6.63536
      vertex 81.8273 0.61 7.26548
    endloop
  endfacet
  facet normal 0 1 0
    outer loop
      vertex 81.8273 0.61 7.26548
      vertex 82.3048 0.61 6.63536
      vertex 81.8013 0.61 7.22045
    endloop
  endfacet
  facet normal 0 1 0
    outer loop
      vertex 81.8013 0.61 7.22045
      vertex 82.3048 0.61 6.63536
      vertex 82.2262 0.61 6.60759
    endloop
  endfacet
  facet normal -0 1 0
    outer loop
      vertex 81.7722 0.61 7.17952
      vertex 81.8013 0.61 7.22045
      vertex 82.2262 0.61 6.60759
    endloop
  endfacet
  facet normal 0 1 -0
    outer loop
      vertex 82.1444 0.61 6.58412
      vertex 81.7722 0.61 7.17952
      vertex 82.2262 0.61 6.60759
    endloop
  endfacet
  facet normal 0 1 0
    outer loop
      vertex 82.1444 0.61 6.58412
      vertex 81.74 0.61 7.1427
      vertex 81.7722 0.61 7.17952
    endloop
  endfacet
  facet normal 0 1 0
    outer loop
      vertex 82.1444 0.61 6.58412
      vertex 82.0595 0.61 6.56497
      vertex 81.74 0.61 7.1427
    endloop
  endfacet
  facet normal 0 1 0
    outer loop
      vertex 81.74 0.61 7.1427
      vertex 82.0595 0.61 6.56497
      vertex 81.7048 0.61 7.10952
    endloop
  endfacet
  facet normal 0 1 0
    outer loop
      vertex 81.7048 0.61 7.10952
      vertex 82.0595 0.61 6.56497
      vertex 81.6665 0.61 7.0795
    endloop
  endfacet
  facet normal 0 1 0
    outer loop
      vertex 81.6665 0.61 7.0795
      vertex 82.0595 0.61 6.56497
      vertex 81.625 0.61 7.05263
    endloop
  endfacet
  facet normal 0 1 0
    outer loop
      vertex 82.0595 0.61 6.56497
      vertex 81.5327 0.61 7.00838
      vertex 81.5804 0.61 7.02892
    endloop
  endfacet
  facet normal 0 1 0
    outer loop
      vertex 82.0595 0.61 6.56497
      vertex 81.4818 0.61 6.991
      vertex 81.5327 0.61 7.00838
    endloop
  endfacet
  facet normal 0 1 0
    outer loop
      vertex 82.0595 0.61 6.56497
      vertex 82.0595 0.61 6.54865
      vertex 81.4818 0.61 6.991
    endloop
  endfacet
  facet normal 0 1 0
    outer loop
      vertex 81.4603 0.61 6.12024
      vertex 81.3707 0.61 6.96572
      vertex 81.4278 0.61 6.97678
    endloop
  endfacet
  facet normal 0 1 0
    outer loop
      vertex 81.2471 0.61 6.95307
      vertex 81.3197 0.61 6.14254
      vertex 81.1643 0.61 6.14997
    endloop
  endfacet
  facet normal 0 1 0
    outer loop
      vertex 81.0905 0.61 6.14801
      vertex 81.0198 0.61 6.14217
      vertex 81.0507 0.61 6.95829
    endloop
  endfacet
  facet normal 0 1 -0
    outer loop
      vertex 80.7691 0.61 6.07976
      vertex 80.2977 0.61 6.54055
      vertex 80.827 0.61 6.1012
    endloop
  endfacet
  facet normal 0 1 0
    outer loop
      vertex 80.6146 0.61 5.99199
      vertex 80.5695 0.61 5.95494
      vertex 80.2977 0.61 6.54055
    endloop
  endfacet
  facet normal 0 1 0
    outer loop
      vertex 79.6365 0.61 6.25862
      vertex 80.3718 0.61 5.65657
      vertex 79.5699 0.61 6.20204
    endloop
  endfacet
  facet normal 0 1 -0
    outer loop
      vertex 80.2504 0.61 3.59246
      vertex 80.1195 0.61 3.64011
      vertex 80.6131 0.61 4.42137
    endloop
  endfacet
  facet normal 0 1 0
    outer loop
      vertex 81.1806 0.61 6.95148
      vertex 81.1643 0.61 6.14997
      vertex 81.0905 0.61 6.14801
    endloop
  endfacet
  facet normal 0 1 0
    outer loop
      vertex 80.5255 0.61 4.49805
      vertex 80.5674 0.61 4.4578
      vertex 79.996 0.61 3.69509
    endloop
  endfacet
  facet normal 0 1 0
    outer loop
      vertex 80.4874 0.61 4.54245
      vertex 80.5255 0.61 4.49805
      vertex 79.8797 0.61 3.75739
    endloop
  endfacet
  facet normal 0 1 0
    outer loop
      vertex 79.7708 0.61 3.82701
      vertex 80.4529 0.61 4.59139
      vertex 80.4874 0.61 4.54245
    endloop
  endfacet
  facet normal -0 1 0
    outer loop
      vertex 79.7708 0.61 3.82701
      vertex 80.4874 0.61 4.54245
      vertex 79.8797 0.61 3.75739
    endloop
  endfacet
  facet normal 0 1 -0
    outer loop
      vertex 79.7708 0.61 3.82701
      vertex 79.6691 0.61 3.90398
      vertex 80.4529 0.61 4.59139
    endloop
  endfacet
  facet normal 0 1 -0
    outer loop
      vertex 79.5755 0.61 3.98758
      vertex 79.4909 0.61 4.07709
      vertex 80.422 0.61 4.64481
    endloop
  endfacet
  facet normal 0 1 0
    outer loop
      vertex 79.5755 0.61 3.98758
      vertex 80.422 0.61 4.64481
      vertex 80.4529 0.61 4.59139
    endloop
  endfacet
  facet normal 0 1 -0
    outer loop
      vertex 79.4909 0.61 4.07709
      vertex 79.4151 0.61 4.17253
      vertex 80.3948 0.61 4.70275
    endloop
  endfacet
  facet normal 0 1 0
    outer loop
      vertex 79.4909 0.61 4.07709
      vertex 80.3948 0.61 4.70275
      vertex 80.422 0.61 4.64481
    endloop
  endfacet
  facet normal 0 1 -0
    outer loop
      vertex 79.4151 0.61 4.17253
      vertex 79.3483 0.61 4.27388
      vertex 80.3712 0.61 4.76519
    endloop
  endfacet
  facet normal 0 1 0
    outer loop
      vertex 79.4151 0.61 4.17253
      vertex 80.3712 0.61 4.76519
      vertex 80.3948 0.61 4.70275
    endloop
  endfacet
  facet normal 0 1 0
    outer loop
      vertex 80.3712 0.61 4.76519
      vertex 79.2904 0.61 4.38115
      vertex 80.3512 0.61 4.83214
    endloop
  endfacet
  facet normal -0 1 0
    outer loop
      vertex 79.1701 0.61 4.73847
      vertex 80.3349 0.61 4.9036
      vertex 79.2013 0.61 4.61345
    endloop
  endfacet
  facet normal 0 1 0
    outer loop
      vertex 79.1478 0.61 4.8694
      vertex 80.3131 0.61 5.06003
      vertex 80.3222 0.61 4.97956
    endloop
  endfacet
  facet normal -0 1 0
    outer loop
      vertex 79.1478 0.61 4.8694
      vertex 80.3222 0.61 4.97956
      vertex 79.1701 0.61 4.73847
    endloop
  endfacet
  facet normal 0 1 0
    outer loop
      vertex 79.1344 0.61 5.00627
      vertex 80.3077 0.61 5.14501
      vertex 80.3131 0.61 5.06003
    endloop
  endfacet
  facet normal 0 1 0
    outer loop
      vertex 80.3059 0.61 5.23448
      vertex 79.1326 0.61 5.24749
      vertex 79.1405 0.61 5.34307
    endloop
  endfacet
  facet normal 0 1 0
    outer loop
      vertex 80.3077 0.61 5.3134
      vertex 79.1536 0.61 5.43579
      vertex 79.172 0.61 5.52565
    endloop
  endfacet
  facet normal 0 1 0
    outer loop
      vertex 80.3132 0.61 5.3889
      vertex 79.1956 0.61 5.61267
      vertex 79.2244 0.61 5.69681
    endloop
  endfacet
  facet normal 0 1 0
    outer loop
      vertex 79.2585 0.61 5.77809
      vertex 80.3224 0.61 5.46097
      vertex 79.2244 0.61 5.69681
    endloop
  endfacet
  facet normal 0 1 0
    outer loop
      vertex 80.3224 0.61 5.46097
      vertex 80.3132 0.61 5.3889
      vertex 79.2244 0.61 5.69681
    endloop
  endfacet
  facet normal 0 1 0
    outer loop
      vertex 79.3424 0.61 5.9321
      vertex 80.3352 0.61 5.5296
      vertex 79.2979 0.61 5.85652
    endloop
  endfacet
  facet normal 0 1 0
    outer loop
      vertex 80.3352 0.61 5.5296
      vertex 80.3224 0.61 5.46097
      vertex 79.2979 0.61 5.85652
    endloop
  endfacet
  facet normal -0 1 0
    outer loop
      vertex 79.3424 0.61 5.9321
      vertex 79.3923 0.61 6.00481
      vertex 80.3352 0.61 5.5296
    endloop
  endfacet
  facet normal 0 1 0
    outer loop
      vertex 79.5068 0.61 6.14072
      vertex 80.3517 0.61 5.59481
      vertex 79.4473 0.61 6.07466
    endloop
  endfacet
  facet normal -0 1 0
    outer loop
      vertex 79.5068 0.61 6.14072
      vertex 79.5699 0.61 6.20204
      vertex 80.3718 0.61 5.65657
    endloop
  endfacet
  facet normal 0 1 0
    outer loop
      vertex 79.5068 0.61 6.14072
      vertex 80.3718 0.61 5.65657
      vertex 80.3517 0.61 5.59481
    endloop
  endfacet
  facet normal 0 1 0
    outer loop
      vertex 79.6365 0.61 6.25862
      vertex 80.3956 0.61 5.71492
      vertex 80.3718 0.61 5.65657
    endloop
  endfacet
  facet normal -0 1 0
    outer loop
      vertex 79.6365 0.61 6.25862
      vertex 79.7067 0.61 6.31046
      vertex 80.3956 0.61 5.71492
    endloop
  endfacet
  facet normal 0 1 -0
    outer loop
      vertex 80.3956 0.61 5.71492
      vertex 79.7804 0.61 6.35756
      vertex 80.4231 0.61 5.76982
    endloop
  endfacet
  facet normal 0 1 0
    outer loop
      vertex 80.4231 0.61 5.76982
      vertex 79.7804 0.61 6.35756
      vertex 79.8577 0.61 6.39991
    endloop
  endfacet
  facet normal 0 1 0
    outer loop
      vertex 80.4543 0.61 5.82131
      vertex 80.4231 0.61 5.76982
      vertex 79.8577 0.61 6.39991
    endloop
  endfacet
  facet normal 0 1 0
    outer loop
      vertex 80.5276 0.61 5.91399
      vertex 80.111 0.61 6.49851
      vertex 80.2026 0.61 6.5219
    endloop
  endfacet
  facet normal -0 1 0
    outer loop
      vertex 79.8577 0.61 6.39991
      vertex 79.9386 0.61 6.43752
      vertex 80.4543 0.61 5.82131
    endloop
  endfacet
  facet normal 0 1 0
    outer loop
      vertex 80.4543 0.61 5.82131
      vertex 79.9386 0.61 6.43752
      vertex 80.023 0.61 6.47039
    endloop
  endfacet
  facet normal 0 1 0
    outer loop
      vertex 80.4891 0.61 5.86936
      vertex 80.4543 0.61 5.82131
      vertex 80.023 0.61 6.47039
    endloop
  endfacet
  facet normal 0 1 0
    outer loop
      vertex 80.111 0.61 6.49851
      vertex 80.5276 0.61 5.91399
      vertex 80.4891 0.61 5.86936
    endloop
  endfacet
  facet normal 0 1 0
    outer loop
      vertex 80.111 0.61 6.49851
      vertex 80.4891 0.61 5.86936
      vertex 80.023 0.61 6.47039
    endloop
  endfacet
  facet normal 0 1 0
    outer loop
      vertex 80.5695 0.61 5.95494
      vertex 80.5276 0.61 5.91399
      vertex 80.2026 0.61 6.5219
    endloop
  endfacet
  facet normal 0 1 -0
    outer loop
      vertex 80.6146 0.61 5.99199
      vertex 80.2977 0.61 6.54055
      vertex 80.6629 0.61 6.02515
    endloop
  endfacet
  facet normal 0 1 -0
    outer loop
      vertex 80.6629 0.61 6.02515
      vertex 80.2977 0.61 6.54055
      vertex 80.7144 0.61 6.0544
    endloop
  endfacet
  facet normal 0 1 -0
    outer loop
      vertex 80.7144 0.61 6.0544
      vertex 80.2977 0.61 6.54055
      vertex 80.7691 0.61 6.07976
    endloop
  endfacet
  facet normal 0 1 0
    outer loop
      vertex 80.2977 0.61 6.55681
      vertex 80.8881 0.61 6.11876
      vertex 80.2977 0.61 6.54055
    endloop
  endfacet
  facet normal -0 1 0
    outer loop
      vertex 80.2977 0.61 6.55681
      vertex 80.9331 0.61 6.97866
      vertex 80.8881 0.61 6.11876
    endloop
  endfacet
  facet normal 0 1 0
    outer loop
      vertex 80.8881 0.61 6.11876
      vertex 80.9331 0.61 6.97866
      vertex 80.9523 0.61 6.1324
    endloop
  endfacet
  facet normal 0 1 -0
    outer loop
      vertex 80.9523 0.61 6.1324
      vertex 80.9331 0.61 6.97866
      vertex 81.0507 0.61 6.95829
    endloop
  endfacet
  facet normal 0 1 -0
    outer loop
      vertex 81.0905 0.61 6.14801
      vertex 81.0507 0.61 6.95829
      vertex 81.1806 0.61 6.95148
    endloop
  endfacet
  facet normal 0 1 -0
    outer loop
      vertex 81.0198 0.61 6.14217
      vertex 80.9523 0.61 6.1324
      vertex 81.0507 0.61 6.95829
    endloop
  endfacet
  facet normal -0 1 0
    outer loop
      vertex 81.1806 0.61 6.95148
      vertex 81.2471 0.61 6.95307
      vertex 81.1643 0.61 6.14997
    endloop
  endfacet
  facet normal -0 1 0
    outer loop
      vertex 81.3105 0.61 6.95781
      vertex 81.3707 0.61 6.96572
      vertex 81.3197 0.61 6.14254
    endloop
  endfacet
  facet normal 0 1 0
    outer loop
      vertex 81.4818 0.61 6.991
      vertex 82.0595 0.61 6.54865
      vertex 81.4603 0.61 6.12024
    endloop
  endfacet
  facet normal 0 1 0
    outer loop
      vertex 82.0578 0.61 5.15843
      vertex 83.2391 0.61 5.01371
      vertex 82.0526 0.61 5.07091
    endloop
  endfacet
  facet normal 0 1 0
    outer loop
      vertex 81.9929 0.61 5.67433
      vertex 82.8056 0.61 6.21836
      vertex 82.8688 0.61 6.15895
    endloop
  endfacet
  facet normal 0 1 0
    outer loop
      vertex 82.5133 0.61 6.41057
      vertex 81.9411 0.61 5.78582
      vertex 82.4304 0.61 6.44727
    endloop
  endfacet
  facet normal 0 1 0
    outer loop
      vertex 82.8056 0.61 6.21836
      vertex 81.9929 0.61 5.67433
      vertex 82.7384 0.61 6.27323
    endloop
  endfacet
  facet normal 0 1 0
    outer loop
      vertex 81.9929 0.61 5.67433
      vertex 82.6673 0.61 6.32355
      vertex 82.7384 0.61 6.27323
    endloop
  endfacet
  facet normal 0 1 0
    outer loop
      vertex 82.9828 0.61 6.02706
      vertex 82.0299 0.61 5.54801
      vertex 82.9281 0.61 6.095
    endloop
  endfacet
  facet normal 0 1 -0
    outer loop
      vertex 82.0299 0.61 5.54801
      vertex 81.9929 0.61 5.67433
      vertex 82.9281 0.61 6.095
    endloop
  endfacet
  facet normal 0 1 0
    outer loop
      vertex 83.1158 0.61 5.80246
      vertex 82.0521 0.61 5.4068
      vertex 82.0299 0.61 5.54801
    endloop
  endfacet
  facet normal 0 1 0
    outer loop
      vertex 83.1158 0.61 5.80246
      vertex 82.0299 0.61 5.54801
      vertex 83.0767 0.61 5.8808
    endloop
  endfacet
  facet normal 0 1 0
    outer loop
      vertex 83.22 0.61 5.45452
      vertex 82.0521 0.61 5.4068
      vertex 83.2018 0.61 5.54671
    endloop
  endfacet
  facet normal 0 1 0
    outer loop
      vertex 83.233 0.61 5.35887
      vertex 83.2409 0.61 5.25977
      vertex 82.0595 0.61 5.25074
    endloop
  endfacet
  facet normal 0 1 0
    outer loop
      vertex 83.2258 0.61 4.87615
      vertex 83.2038 0.61 4.74456
      vertex 82.0439 0.61 4.98816
    endloop
  endfacet
  facet normal 0 1 0
    outer loop
      vertex 83.2038 0.61 4.74456
      vertex 83.173 0.61 4.61891
      vertex 82.0318 0.61 4.91017
    endloop
  endfacet
  facet normal 0 1 0
    outer loop
      vertex 83.1333 0.61 4.49921
      vertex 83.0849 0.61 4.38547
      vertex 82.0162 0.61 4.83698
    endloop
  endfacet
  facet normal 0 1 0
    outer loop
      vertex 83.0849 0.61 4.38547
      vertex 83.0276 0.61 4.27768
      vertex 81.9971 0.61 4.76856
    endloop
  endfacet
  facet normal 0 1 0
    outer loop
      vertex 83.0276 0.61 4.27768
      vertex 82.9615 0.61 4.17583
      vertex 81.9746 0.61 4.7049
    endloop
  endfacet
  facet normal 0 1 0
    outer loop
      vertex 81.9746 0.61 4.7049
      vertex 82.8866 0.61 4.07994
      vertex 81.9486 0.61 4.64601
    endloop
  endfacet
  facet normal 0 1 0
    outer loop
      vertex 81.9486 0.61 4.64601
      vertex 82.8866 0.61 4.07994
      vertex 82.8029 0.61 3.99001
    endloop
  endfacet
  facet normal 0 1 0
    outer loop
      vertex 81.9192 0.61 4.59192
      vertex 82.8029 0.61 3.99001
      vertex 82.7104 0.61 3.90602
    endloop
  endfacet
  facet normal 0 1 -0
    outer loop
      vertex 82.6097 0.61 3.82871
      vertex 81.9192 0.61 4.59192
      vertex 82.7104 0.61 3.90602
    endloop
  endfacet
  facet normal 0 1 -0
    outer loop
      vertex 82.5015 0.61 3.75875
      vertex 81.8863 0.61 4.54259
      vertex 82.6097 0.61 3.82871
    endloop
  endfacet
  facet normal 0 1 0
    outer loop
      vertex 82.5015 0.61 3.75875
      vertex 81.8499 0.61 4.49805
      vertex 81.8863 0.61 4.54259
    endloop
  endfacet
  facet normal 0 1 0
    outer loop
      vertex 82.5015 0.61 3.75875
      vertex 82.3858 0.61 3.69615
      vertex 81.8499 0.61 4.49805
    endloop
  endfacet
  facet normal 0 1 0
    outer loop
      vertex 82.3858 0.61 3.69615
      vertex 82.2625 0.61 3.64093
      vertex 81.8099 0.61 4.4578
    endloop
  endfacet
  facet normal 0 1 0
    outer loop
      vertex 81.8099 0.61 4.4578
      vertex 82.2625 0.61 3.64093
      vertex 81.766 0.61 4.42137
    endloop
  endfacet
  facet normal 0 1 0
    outer loop
      vertex 81.766 0.61 4.42137
      vertex 82.2625 0.61 3.64093
      vertex 82.1317 0.61 3.59307
    endloop
  endfacet
  facet normal 0 1 0
    outer loop
      vertex 81.7182 0.61 4.3888
      vertex 82.1317 0.61 3.59307
      vertex 81.9934 0.61 3.55257
    endloop
  endfacet
  facet normal -0 1 0
    outer loop
      vertex 81.6666 0.61 4.36005
      vertex 81.7182 0.61 4.3888
      vertex 81.9934 0.61 3.55257
    endloop
  endfacet
  facet normal 0 1 -0
    outer loop
      vertex 81.8475 0.61 3.51943
      vertex 81.6666 0.61 4.36005
      vertex 81.9934 0.61 3.55257
    endloop
  endfacet
  facet normal -0 1 0
    outer loop
      vertex 81.5517 0.61 4.31406
      vertex 81.6111 0.61 4.33513
      vertex 81.8475 0.61 3.51943
    endloop
  endfacet
  facet normal 0 1 -0
    outer loop
      vertex 81.6941 0.61 3.49366
      vertex 81.5517 0.61 4.31406
      vertex 81.8475 0.61 3.51943
    endloop
  endfacet
  facet normal 0 1 0
    outer loop
      vertex 81.6941 0.61 3.49366
      vertex 81.4885 0.61 4.2968
      vertex 81.5517 0.61 4.31406
    endloop
  endfacet
  facet normal 0 1 0
    outer loop
      vertex 81.6941 0.61 3.49366
      vertex 81.5332 0.61 3.47525
      vertex 81.4885 0.61 4.2968
    endloop
  endfacet
  facet normal 0 1 0
    outer loop
      vertex 81.5332 0.61 3.47525
      vertex 81.3504 0.61 4.27381
      vertex 81.4214 0.61 4.28339
    endloop
  endfacet
  facet normal 0 1 0
    outer loop
      vertex 81.5332 0.61 3.47525
      vertex 81.3648 0.61 3.46421
      vertex 81.3504 0.61 4.27381
    endloop
  endfacet
  facet normal 0 1 0
    outer loop
      vertex 81.3504 0.61 4.27381
      vertex 81.3648 0.61 3.46421
      vertex 81.2756 0.61 4.26805
    endloop
  endfacet
  facet normal 0 1 0
    outer loop
      vertex 81.2756 0.61 4.26805
      vertex 81.1888 0.61 3.46053
      vertex 81.1969 0.61 4.26615
    endloop
  endfacet
  facet normal 0 1 0
    outer loop
      vertex 70.0204 0.61 9.21207
      vertex 69.8345 0.61 8.22356
      vertex 69.7024 0.61 8.27582
    endloop
  endfacet
  facet normal 0 1 0
    outer loop
      vertex 65.6982 0.61 9.27475
      vertex 65.6982 0.61 3.54189
      vertex 64.4979 0.61 9.27475
    endloop
  endfacet
  facet normal 0 1 0
    outer loop
      vertex 64.4979 0.61 9.27475
      vertex 65.6982 0.61 3.54189
      vertex 64.4979 0.61 3.54189
    endloop
  endfacet
  facet normal 0 1 0
    outer loop
      vertex 71.3412 0.61 6.71761
      vertex 71.3057 0.61 6.63358
      vertex 70.2107 0.61 7.06304
    endloop
  endfacet
  facet normal -0 1 0
    outer loop
      vertex 70.1863 0.61 6.99849
      vertex 70.2107 0.61 7.06304
      vertex 71.2661 0.61 6.5515
    endloop
  endfacet
  facet normal 0 1 -0
    outer loop
      vertex 71.4225 0.61 6.9814
      vertex 70.2463 0.61 7.20291
      vertex 71.4413 0.61 7.07323
    endloop
  endfacet
  facet normal 0 1 0
    outer loop
      vertex 71.2661 0.61 6.5515
      vertex 71.2223 0.61 6.47136
      vertex 70.1863 0.61 6.99849
    endloop
  endfacet
  facet normal 0 1 0
    outer loop
      vertex 70.264 0.61 7.35718
      vertex 71.4559 0.61 7.16701
      vertex 70.2574 0.61 7.27825
    endloop
  endfacet
  facet normal 0 1 0
    outer loop
      vertex 70.1863 0.61 6.99849
      vertex 71.1747 0.61 6.39386
      vertex 70.1575 0.61 6.93755
    endloop
  endfacet
  facet normal 0 1 -0
    outer loop
      vertex 71.4559 0.61 7.16701
      vertex 70.264 0.61 7.35718
      vertex 71.4663 0.61 7.26274
    endloop
  endfacet
  facet normal 0 1 -0
    outer loop
      vertex 71.4663 0.61 7.26274
      vertex 70.264 0.61 7.35718
      vertex 71.4725 0.61 7.36042
    endloop
  endfacet
  facet normal 0 1 0
    outer loop
      vertex 74.0708 0.61 5.20598
      vertex 71.955 0.61 5.20598
      vertex 71.955 0.61 6.19881
    endloop
  endfacet
  facet normal 0 1 -0
    outer loop
      vertex 71.0686 0.61 6.2486
      vertex 70.1575 0.61 6.93755
      vertex 71.1234 0.61 6.3196
    endloop
  endfacet
  facet normal 0 1 0
    outer loop
      vertex 70.2662 0.61 7.4397
      vertex 71.4725 0.61 7.36042
      vertex 70.264 0.61 7.35718
    endloop
  endfacet
  facet normal -0 1 0
    outer loop
      vertex 70.1242 0.61 6.88019
      vertex 70.1575 0.61 6.93755
      vertex 71.0686 0.61 6.2486
    endloop
  endfacet
  facet normal -0 1 0
    outer loop
      vertex 70.2574 0.61 7.59648
      vertex 71.47 0.61 7.61438
      vertex 70.2662 0.61 7.4397
    endloop
  endfacet
  facet normal 0 1 0
    outer loop
      vertex 71.0101 0.61 6.18085
      vertex 70.948 0.61 6.11637
      vertex 70.1242 0.61 6.88019
    endloop
  endfacet
  facet normal 0 1 0
    outer loop
      vertex 71.47 0.61 7.61438
      vertex 70.2574 0.61 7.59648
      vertex 71.4563 0.61 7.76223
    endloop
  endfacet
  facet normal 0 1 0
    outer loop
      vertex 70.0865 0.61 6.82643
      vertex 70.948 0.61 6.11637
      vertex 70.8824 0.61 6.05516
    endloop
  endfacet
  facet normal 0 1 0
    outer loop
      vertex 70.8131 0.61 5.9972
      vertex 70.7403 0.61 5.94251
      vertex 70.0443 0.61 6.77628
    endloop
  endfacet
  facet normal 0 1 0
    outer loop
      vertex 69.5526 0.61 8.31314
      vertex 69.6931 0.61 9.25908
      vertex 69.8607 0.61 9.23949
    endloop
  endfacet
  facet normal 0 1 0
    outer loop
      vertex 74.0708 0.61 6.19881
      vertex 74.0708 0.61 5.20598
      vertex 71.955 0.61 6.19881
    endloop
  endfacet
  facet normal 0 1 0
    outer loop
      vertex 69.8607 0.61 9.23949
      vertex 70.0204 0.61 9.21207
      vertex 69.7024 0.61 8.27582
    endloop
  endfacet
  facet normal 0 1 0
    outer loop
      vertex 71.1809 0.61 8.51299
      vertex 70.1253 0.61 7.97721
      vertex 71.1028 0.61 8.61541
    endloop
  endfacet
  facet normal 0 1 0
    outer loop
      vertex 70.1253 0.61 7.97721
      vertex 70.9192 0.61 8.80075
      vertex 71.0156 0.61 8.71132
    endloop
  endfacet
  facet normal 0 1 0
    outer loop
      vertex 70.046 0.61 8.07425
      vertex 70.7016 0.61 8.95745
      vertex 70.8143 0.61 8.88301
    endloop
  endfacet
  facet normal 0 1 0
    outer loop
      vertex 70.4526 0.61 9.0828
      vertex 69.9491 0.61 8.15637
      vertex 70.3164 0.61 9.13372
    endloop
  endfacet
  facet normal 0 1 0
    outer loop
      vertex 70.046 0.61 8.07425
      vertex 70.581 0.61 9.02404
      vertex 70.7016 0.61 8.95745
    endloop
  endfacet
  facet normal 0 1 0
    outer loop
      vertex 70.046 0.61 8.07425
      vertex 70.8143 0.61 8.88301
      vertex 70.9192 0.61 8.80075
    endloop
  endfacet
  facet normal 0 1 0
    outer loop
      vertex 70.1869 0.61 7.86522
      vertex 71.1809 0.61 8.51299
      vertex 71.2497 0.61 8.40409
    endloop
  endfacet
  facet normal 0 1 0
    outer loop
      vertex 70.231 0.61 7.73831
      vertex 71.3094 0.61 8.2887
      vertex 71.3599 0.61 8.16683
    endloop
  endfacet
  facet normal 0 1 0
    outer loop
      vertex 69.5177 0.61 9.27083
      vertex 69.6931 0.61 9.25908
      vertex 69.5526 0.61 8.31314
    endloop
  endfacet
  facet normal 0 1 -0
    outer loop
      vertex 70.5002 0.61 5.79801
      vertex 69.947 0.61 6.687
      vertex 70.5838 0.61 5.84291
    endloop
  endfacet
  facet normal -0 1 0
    outer loop
      vertex 69.3852 0.61 8.33554
      vertex 69.5177 0.61 9.27083
      vertex 69.5526 0.61 8.31314
    endloop
  endfacet
  facet normal -0 1 0
    outer loop
      vertex 69.7065 0.61 6.5568
      vertex 69.7722 0.61 6.58324
      vertex 70.0364 0.61 5.6308
    endloop
  endfacet
  facet normal 0 1 0
    outer loop
      vertex 69.3345 0.61 9.27475
      vertex 69.5177 0.61 9.27083
      vertex 69.3852 0.61 8.33554
    endloop
  endfacet
  facet normal 0 1 -0
    outer loop
      vertex 69.6127 0.61 5.56784
      vertex 69.5636 0.61 6.5161
      vertex 69.723 0.61 5.57769
    endloop
  endfacet
  facet normal 0 1 0
    outer loop
      vertex 69.3345 0.61 9.27475
      vertex 69.3852 0.61 8.33554
      vertex 69.2002 0.61 8.34301
    endloop
  endfacet
  facet normal -0 1 0
    outer loop
      vertex 66.7589 0.61 9.27475
      vertex 69.3345 0.61 9.27475
      vertex 67.9592 0.61 8.34301
    endloop
  endfacet
  facet normal 0 1 0
    outer loop
      vertex 66.7589 0.61 3.54189
      vertex 66.7589 0.61 9.27475
      vertex 67.9592 0.61 6.48355
    endloop
  endfacet
  facet normal 0 1 -0
    outer loop
      vertex 67.9592 0.61 3.54189
      vertex 66.7589 0.61 3.54189
      vertex 67.9592 0.61 5.55999
    endloop
  endfacet
  facet normal 0 1 0
    outer loop
      vertex 67.9592 0.61 5.55999
      vertex 67.9592 0.61 6.48355
      vertex 69.2327 0.61 6.48355
    endloop
  endfacet
  facet normal 0 1 -0
    outer loop
      vertex 67.9592 0.61 5.55999
      vertex 66.7589 0.61 3.54189
      vertex 67.9592 0.61 6.48355
    endloop
  endfacet
  facet normal 0 1 0
    outer loop
      vertex 67.9592 0.61 8.34301
      vertex 69.3345 0.61 9.27475
      vertex 69.2002 0.61 8.34301
    endloop
  endfacet
  facet normal 0 1 0
    outer loop
      vertex 66.7589 0.61 9.27475
      vertex 67.9592 0.61 8.34301
      vertex 67.9592 0.61 6.48355
    endloop
  endfacet
  facet normal 0 1 -0
    outer loop
      vertex 71.2661 0.61 6.5515
      vertex 70.2107 0.61 7.06304
      vertex 71.3057 0.61 6.63358
    endloop
  endfacet
  facet normal 0 1 -0
    outer loop
      vertex 70.1253 0.61 7.97721
      vertex 70.046 0.61 8.07425
      vertex 70.9192 0.61 8.80075
    endloop
  endfacet
  facet normal 0 1 0
    outer loop
      vertex 71.1028 0.61 8.61541
      vertex 70.1253 0.61 7.97721
      vertex 71.0156 0.61 8.71132
    endloop
  endfacet
  facet normal -0 1 0
    outer loop
      vertex 70.1253 0.61 7.97721
      vertex 71.1809 0.61 8.51299
      vertex 70.1869 0.61 7.86522
    endloop
  endfacet
  facet normal -0 1 0
    outer loop
      vertex 70.1869 0.61 7.86522
      vertex 71.3094 0.61 8.2887
      vertex 70.231 0.61 7.73831
    endloop
  endfacet
  facet normal -0 1 0
    outer loop
      vertex 70.231 0.61 7.73831
      vertex 71.4333 0.61 7.90358
      vertex 70.2574 0.61 7.59648
    endloop
  endfacet
  facet normal 0 1 0
    outer loop
      vertex 71.4012 0.61 8.03844
      vertex 71.4333 0.61 7.90358
      vertex 70.231 0.61 7.73831
    endloop
  endfacet
  facet normal 0 1 0
    outer loop
      vertex 71.4746 0.61 7.46004
      vertex 71.4725 0.61 7.36042
      vertex 70.2662 0.61 7.4397
    endloop
  endfacet
  facet normal 0 1 0
    outer loop
      vertex 71.4746 0.61 7.46004
      vertex 70.2662 0.61 7.4397
      vertex 71.47 0.61 7.61438
    endloop
  endfacet
  facet normal 0 1 0
    outer loop
      vertex 70.2574 0.61 7.27825
      vertex 71.4559 0.61 7.16701
      vertex 71.4413 0.61 7.07323
    endloop
  endfacet
  facet normal -0 1 0
    outer loop
      vertex 70.2307 0.61 7.13117
      vertex 70.2463 0.61 7.20291
      vertex 71.3996 0.61 6.89153
    endloop
  endfacet
  facet normal 0 1 -0
    outer loop
      vertex 71.1747 0.61 6.39386
      vertex 70.1863 0.61 6.99849
      vertex 71.2223 0.61 6.47136
    endloop
  endfacet
  facet normal 0 1 -0
    outer loop
      vertex 71.1234 0.61 6.3196
      vertex 70.1575 0.61 6.93755
      vertex 71.1747 0.61 6.39386
    endloop
  endfacet
  facet normal 0 1 -0
    outer loop
      vertex 71.0101 0.61 6.18085
      vertex 70.1242 0.61 6.88019
      vertex 71.0686 0.61 6.2486
    endloop
  endfacet
  facet normal 0 1 0
    outer loop
      vertex 70.948 0.61 6.11637
      vertex 70.0865 0.61 6.82643
      vertex 70.1242 0.61 6.88019
    endloop
  endfacet
  facet normal 0 1 0
    outer loop
      vertex 70.8824 0.61 6.05516
      vertex 70.8131 0.61 5.9972
      vertex 70.0865 0.61 6.82643
    endloop
  endfacet
  facet normal 0 1 0
    outer loop
      vertex 70.0865 0.61 6.82643
      vertex 70.8131 0.61 5.9972
      vertex 70.0443 0.61 6.77628
    endloop
  endfacet
  facet normal 0 1 0
    outer loop
      vertex 70.0443 0.61 6.77628
      vertex 70.7403 0.61 5.94251
      vertex 69.9977 0.61 6.72972
    endloop
  endfacet
  facet normal 0 1 0
    outer loop
      vertex 69.9977 0.61 6.72972
      vertex 70.6638 0.61 5.89109
      vertex 70.5838 0.61 5.84291
    endloop
  endfacet
  facet normal -0 1 0
    outer loop
      vertex 69.947 0.61 6.687
      vertex 69.9977 0.61 6.72972
      vertex 70.5838 0.61 5.84291
    endloop
  endfacet
  facet normal 0 1 -0
    outer loop
      vertex 70.4133 0.61 5.75669
      vertex 69.947 0.61 6.687
      vertex 70.5002 0.61 5.79801
    endloop
  endfacet
  facet normal 0 1 0
    outer loop
      vertex 70.4133 0.61 5.75669
      vertex 69.8925 0.61 6.64835
      vertex 69.947 0.61 6.687
    endloop
  endfacet
  facet normal 0 1 0
    outer loop
      vertex 70.3234 0.61 5.71932
      vertex 69.8342 0.61 6.61376
      vertex 69.8925 0.61 6.64835
    endloop
  endfacet
  facet normal 0 1 0
    outer loop
      vertex 70.3234 0.61 5.71932
      vertex 70.2307 0.61 5.68587
      vertex 69.8342 0.61 6.61376
    endloop
  endfacet
  facet normal 0 1 0
    outer loop
      vertex 69.8342 0.61 6.61376
      vertex 70.135 0.61 5.65637
      vertex 69.7722 0.61 6.58324
    endloop
  endfacet
  facet normal 0 1 0
    outer loop
      vertex 69.7722 0.61 6.58324
      vertex 70.135 0.61 5.65637
      vertex 70.0364 0.61 5.6308
    endloop
  endfacet
  facet normal 0 1 0
    outer loop
      vertex 69.7065 0.61 6.5568
      vertex 70.0364 0.61 5.6308
      vertex 69.9348 0.61 5.60916
    endloop
  endfacet
  facet normal -0 1 0
    outer loop
      vertex 69.6369 0.61 6.53441
      vertex 69.7065 0.61 6.5568
      vertex 69.9348 0.61 5.60916
    endloop
  endfacet
  facet normal -0 1 0
    outer loop
      vertex 69.5636 0.61 6.5161
      vertex 69.6369 0.61 6.53441
      vertex 69.8304 0.61 5.59145
    endloop
  endfacet
  facet normal 0 1 -0
    outer loop
      vertex 69.723 0.61 5.57769
      vertex 69.5636 0.61 6.5161
      vertex 69.8304 0.61 5.59145
    endloop
  endfacet
  facet normal 0 1 0
    outer loop
      vertex 69.6127 0.61 5.56784
      vertex 69.4865 0.61 6.50186
      vertex 69.5636 0.61 6.5161
    endloop
  endfacet
  facet normal 0 1 0
    outer loop
      vertex 69.6127 0.61 5.56784
      vertex 69.4994 0.61 5.56195
      vertex 69.4865 0.61 6.50186
    endloop
  endfacet
  facet normal 0 1 0
    outer loop
      vertex 69.4994 0.61 5.56195
      vertex 69.3833 0.61 5.55999
      vertex 69.4057 0.61 6.49169
    endloop
  endfacet
  facet normal 0 1 0
    outer loop
      vertex 69.4057 0.61 6.49169
      vertex 69.3833 0.61 5.55999
      vertex 69.3211 0.61 6.48558
    endloop
  endfacet
  facet normal 0 1 0
    outer loop
      vertex 69.3211 0.61 6.48558
      vertex 69.3833 0.61 5.55999
      vertex 69.2327 0.61 6.48355
    endloop
  endfacet
  facet normal 0 1 0
    outer loop
      vertex 62.2742 0.61 8.97898
      vertex 61.8546 0.61 8.02159
      vertex 61.7503 0.61 8.08991
    endloop
  endfacet
  facet normal 0 1 0
    outer loop
      vertex 62.3383 0.61 5.44075
      vertex 63.3834 0.61 4.90287
      vertex 62.2818 0.61 5.32172
    endloop
  endfacet
  facet normal 0 1 0
    outer loop
      vertex 62.3873 0.61 5.56612
      vertex 63.4438 0.61 5.02495
      vertex 62.3383 0.61 5.44075
    endloop
  endfacet
  facet normal 0 1 0
    outer loop
      vertex 63.5473 0.61 5.28031
      vertex 63.4984 0.61 5.15076
      vertex 62.3873 0.61 5.56612
    endloop
  endfacet
  facet normal 0 1 0
    outer loop
      vertex 62.2818 0.61 5.32172
      vertex 63.3834 0.61 4.90287
      vertex 63.3178 0.61 4.78522
    endloop
  endfacet
  facet normal 0 1 0
    outer loop
      vertex 62.4287 0.61 5.6978
      vertex 63.5904 0.61 5.41359
      vertex 63.5473 0.61 5.28031
    endloop
  endfacet
  facet normal 0 1 0
    outer loop
      vertex 63.2473 0.61 4.67273
      vertex 62.2178 0.61 5.209
      vertex 62.2818 0.61 5.32172
    endloop
  endfacet
  facet normal 0 1 0
    outer loop
      vertex 63.5904 0.61 5.41359
      vertex 62.4287 0.61 5.6978
      vertex 62.4626 0.61 5.8358
    endloop
  endfacet
  facet normal 0 1 0
    outer loop
      vertex 62.2178 0.61 5.209
      vertex 63.1722 0.61 4.56539
      vertex 63.0922 0.61 4.46318
    endloop
  endfacet
  facet normal 0 1 0
    outer loop
      vertex 63.6594 0.61 5.69135
      vertex 63.6278 0.61 5.5506
      vertex 62.4626 0.61 5.8358
    endloop
  endfacet
  facet normal 0 1 -0
    outer loop
      vertex 63.0075 0.61 4.36612
      vertex 62.1463 0.61 5.1026
      vertex 63.0922 0.61 4.46318
    endloop
  endfacet
  facet normal 0 1 0
    outer loop
      vertex 62.489 0.61 5.98014
      vertex 63.6853 0.61 5.83582
      vertex 63.6594 0.61 5.69135
    endloop
  endfacet
  facet normal 0 1 0
    outer loop
      vertex 62.1463 0.61 5.1026
      vertex 62.9179 0.61 4.27422
      vertex 62.0672 0.61 5.00252
    endloop
  endfacet
  facet normal 0 1 -0
    outer loop
      vertex 63.6853 0.61 5.83582
      vertex 62.5078 0.61 6.13079
      vertex 63.7054 0.61 5.98403
    endloop
  endfacet
  facet normal 0 1 -0
    outer loop
      vertex 62.7246 0.61 4.10582
      vertex 61.9817 0.61 4.91002
      vertex 62.8237 0.61 4.18744
    endloop
  endfacet
  facet normal 0 1 0
    outer loop
      vertex 63.7198 0.61 6.13597
      vertex 62.5078 0.61 6.13079
      vertex 62.5191 0.61 6.28775
    endloop
  endfacet
  facet normal 0 1 0
    outer loop
      vertex 61.9817 0.61 4.91002
      vertex 62.6207 0.61 4.02933
      vertex 61.891 0.61 4.82633
    endloop
  endfacet
  facet normal 0 1 0
    outer loop
      vertex 62.3987 0.61 3.8918
      vertex 61.795 0.61 4.75145
      vertex 61.891 0.61 4.82633
    endloop
  endfacet
  facet normal 0 1 0
    outer loop
      vertex 62.5191 0.61 6.28775
      vertex 62.5229 0.61 6.45102
      vertex 63.7284 0.61 6.29164
    endloop
  endfacet
  facet normal 0 1 0
    outer loop
      vertex 61.795 0.61 4.75145
      vertex 62.2814 0.61 3.83107
      vertex 61.6938 0.61 4.68538
    endloop
  endfacet
  facet normal 0 1 0
    outer loop
      vertex 63.7313 0.61 6.45102
      vertex 62.5229 0.61 6.45102
      vertex 62.5189 0.61 6.61534
    endloop
  endfacet
  facet normal 0 1 0
    outer loop
      vertex 62.0377 0.61 3.72696
      vertex 61.5873 0.61 4.62812
      vertex 61.6938 0.61 4.68538
    endloop
  endfacet
  facet normal 0 1 0
    outer loop
      vertex 61.5873 0.61 4.62812
      vertex 61.9112 0.61 3.68358
      vertex 61.4756 0.61 4.57967
    endloop
  endfacet
  facet normal 0 1 0
    outer loop
      vertex 63.7247 0.61 6.69362
      vertex 62.507 0.61 6.77242
      vertex 63.705 0.61 6.92575
    endloop
  endfacet
  facet normal 0 1 0
    outer loop
      vertex 61.649 0.61 3.61418
      vertex 61.3587 0.61 4.54003
      vertex 61.4756 0.61 4.57967
    endloop
  endfacet
  facet normal 0 1 0
    outer loop
      vertex 63.6723 0.61 7.14743
      vertex 63.705 0.61 6.92575
      vertex 62.4872 0.61 6.92227
    endloop
  endfacet
  facet normal 0 1 0
    outer loop
      vertex 61.3587 0.61 4.54003
      vertex 61.5134 0.61 3.58815
      vertex 61.2365 0.61 4.50919
    endloop
  endfacet
  facet normal 0 1 -0
    outer loop
      vertex 62.4872 0.61 6.92227
      vertex 62.4594 0.61 7.0649
      vertex 63.6723 0.61 7.14743
    endloop
  endfacet
  facet normal 0 1 -0
    outer loop
      vertex 61.2328 0.61 3.55345
      vertex 61.109 0.61 4.48715
      vertex 61.2365 0.61 4.50919
    endloop
  endfacet
  facet normal 0 1 0
    outer loop
      vertex 63.6264 0.61 7.35865
      vertex 63.6723 0.61 7.14743
      vertex 62.4594 0.61 7.0649
    endloop
  endfacet
  facet normal 0 1 0
    outer loop
      vertex 63.5674 0.61 7.55942
      vertex 63.6264 0.61 7.35865
      vertex 62.4237 0.61 7.20029
    endloop
  endfacet
  facet normal 0 1 -0
    outer loop
      vertex 60.8302 0.61 8.34307
      vertex 60.696 0.61 9.27475
      vertex 60.9539 0.61 9.26871
    endloop
  endfacet
  facet normal -0 1 0
    outer loop
      vertex 61.2653 0.61 8.28279
      vertex 61.4373 0.61 9.22042
      vertex 61.3967 0.61 8.24663
    endloop
  endfacet
  facet normal 0 1 0
    outer loop
      vertex 61.6628 0.61 9.17816
      vertex 61.5214 0.61 8.20243
      vertex 61.3967 0.61 8.24663
    endloop
  endfacet
  facet normal 0 1 0
    outer loop
      vertex 62.0812 0.61 9.05744
      vertex 61.7503 0.61 8.08991
      vertex 61.6393 0.61 8.15018
    endloop
  endfacet
  facet normal 0 1 0
    outer loop
      vertex 61.8774 0.61 9.12384
      vertex 61.5214 0.61 8.20243
      vertex 61.6628 0.61 9.17816
    endloop
  endfacet
  facet normal 0 1 0
    outer loop
      vertex 62.4564 0.61 8.88843
      vertex 61.9521 0.61 7.94524
      vertex 61.8546 0.61 8.02159
    endloop
  endfacet
  facet normal 0 1 0
    outer loop
      vertex 61.4373 0.61 9.22042
      vertex 61.6628 0.61 9.17816
      vertex 61.3967 0.61 8.24663
    endloop
  endfacet
  facet normal 0 1 0
    outer loop
      vertex 62.6277 0.61 8.78582
      vertex 62.0428 0.61 7.86084
      vertex 61.9521 0.61 7.94524
    endloop
  endfacet
  facet normal 0 1 -0
    outer loop
      vertex 61.2653 0.61 8.28279
      vertex 61.127 0.61 8.31092
      vertex 61.4373 0.61 9.22042
    endloop
  endfacet
  facet normal 0 1 0
    outer loop
      vertex 62.6277 0.61 8.78582
      vertex 62.7882 0.61 8.67113
      vertex 62.0428 0.61 7.86084
    endloop
  endfacet
  facet normal 0 1 0
    outer loop
      vertex 61.2011 0.61 9.2506
      vertex 61.4373 0.61 9.22042
      vertex 61.127 0.61 8.31092
    endloop
  endfacet
  facet normal -0 1 0
    outer loop
      vertex 60.982 0.61 8.33101
      vertex 61.2011 0.61 9.2506
      vertex 61.127 0.61 8.31092
    endloop
  endfacet
  facet normal 0 1 0
    outer loop
      vertex 61.2011 0.61 9.2506
      vertex 60.982 0.61 8.33101
      vertex 60.9539 0.61 9.26871
    endloop
  endfacet
  facet normal 0 1 0
    outer loop
      vertex 63.2001 0.61 8.25788
      vertex 63.3116 0.61 8.09896
      vertex 62.2689 0.61 7.5631
    endloop
  endfacet
  facet normal -0 1 0
    outer loop
      vertex 60.8302 0.61 8.34307
      vertex 60.9539 0.61 9.26871
      vertex 60.982 0.61 8.33101
    endloop
  endfacet
  facet normal 0 1 0
    outer loop
      vertex 63.3116 0.61 8.09896
      vertex 63.41 0.61 7.92957
      vertex 62.3285 0.61 7.44939
    endloop
  endfacet
  facet normal -0 1 0
    outer loop
      vertex 62.3285 0.61 7.44939
      vertex 63.41 0.61 7.92957
      vertex 62.38 0.61 7.32845
    endloop
  endfacet
  facet normal 0 1 0
    outer loop
      vertex 60.696 0.61 9.27475
      vertex 60.8302 0.61 8.34307
      vertex 60.6716 0.61 8.34709
    endloop
  endfacet
  facet normal 0 1 -0
    outer loop
      vertex 60.6716 0.61 8.34709
      vertex 59.8212 0.61 8.34709
      vertex 60.696 0.61 9.27475
    endloop
  endfacet
  facet normal 0 1 0
    outer loop
      vertex 60.9401 0.61 3.54189
      vertex 58.6209 0.61 3.54189
      vertex 59.8212 0.61 4.46955
    endloop
  endfacet
  facet normal 0 1 -0
    outer loop
      vertex 61.088 0.61 3.54477
      vertex 60.9763 0.61 4.47394
      vertex 61.109 0.61 4.48715
    endloop
  endfacet
  facet normal 0 1 0
    outer loop
      vertex 60.8384 0.61 4.46955
      vertex 60.9401 0.61 3.54189
      vertex 59.8212 0.61 4.46955
    endloop
  endfacet
  facet normal 0 1 0
    outer loop
      vertex 59.8212 0.61 4.46955
      vertex 58.6209 0.61 3.54189
      vertex 58.6209 0.61 9.27475
    endloop
  endfacet
  facet normal 0 1 0
    outer loop
      vertex 60.696 0.61 9.27475
      vertex 59.8212 0.61 8.34709
      vertex 58.6209 0.61 9.27475
    endloop
  endfacet
  facet normal 0 1 0
    outer loop
      vertex 59.8212 0.61 8.34709
      vertex 59.8212 0.61 4.46955
      vertex 58.6209 0.61 9.27475
    endloop
  endfacet
  facet normal 0 1 -0
    outer loop
      vertex 61.6393 0.61 8.15018
      vertex 61.5214 0.61 8.20243
      vertex 61.8774 0.61 9.12384
    endloop
  endfacet
  facet normal 0 1 0
    outer loop
      vertex 62.0812 0.61 9.05744
      vertex 61.6393 0.61 8.15018
      vertex 61.8774 0.61 9.12384
    endloop
  endfacet
  facet normal 0 1 0
    outer loop
      vertex 62.2742 0.61 8.97898
      vertex 61.7503 0.61 8.08991
      vertex 62.0812 0.61 9.05744
    endloop
  endfacet
  facet normal 0 1 0
    outer loop
      vertex 62.4564 0.61 8.88843
      vertex 61.8546 0.61 8.02159
      vertex 62.2742 0.61 8.97898
    endloop
  endfacet
  facet normal 0 1 0
    outer loop
      vertex 62.6277 0.61 8.78582
      vertex 61.9521 0.61 7.94524
      vertex 62.4564 0.61 8.88843
    endloop
  endfacet
  facet normal -0 1 0
    outer loop
      vertex 62.0428 0.61 7.86084
      vertex 62.7882 0.61 8.67113
      vertex 62.1261 0.61 7.76883
    endloop
  endfacet
  facet normal 0 1 0
    outer loop
      vertex 63.0755 0.61 8.40636
      vertex 62.1261 0.61 7.76883
      vertex 62.9379 0.61 8.54436
    endloop
  endfacet
  facet normal 0 1 0
    outer loop
      vertex 62.1261 0.61 7.76883
      vertex 62.7882 0.61 8.67113
      vertex 62.9379 0.61 8.54436
    endloop
  endfacet
  facet normal 0 1 0
    outer loop
      vertex 63.2001 0.61 8.25788
      vertex 62.2015 0.61 7.66957
      vertex 63.0755 0.61 8.40636
    endloop
  endfacet
  facet normal 0 1 -0
    outer loop
      vertex 62.2015 0.61 7.66957
      vertex 62.1261 0.61 7.76883
      vertex 63.0755 0.61 8.40636
    endloop
  endfacet
  facet normal 0 1 0
    outer loop
      vertex 63.2001 0.61 8.25788
      vertex 62.2689 0.61 7.5631
      vertex 62.2015 0.61 7.66957
    endloop
  endfacet
  facet normal 0 1 0
    outer loop
      vertex 63.3116 0.61 8.09896
      vertex 62.3285 0.61 7.44939
      vertex 62.2689 0.61 7.5631
    endloop
  endfacet
  facet normal 0 1 0
    outer loop
      vertex 62.38 0.61 7.32845
      vertex 63.41 0.61 7.92957
      vertex 63.4952 0.61 7.74971
    endloop
  endfacet
  facet normal 0 1 0
    outer loop
      vertex 63.5674 0.61 7.55942
      vertex 62.4237 0.61 7.20029
      vertex 63.4952 0.61 7.74971
    endloop
  endfacet
  facet normal 0 1 -0
    outer loop
      vertex 62.4237 0.61 7.20029
      vertex 62.38 0.61 7.32845
      vertex 63.4952 0.61 7.74971
    endloop
  endfacet
  facet normal 0 1 0
    outer loop
      vertex 63.6264 0.61 7.35865
      vertex 62.4594 0.61 7.0649
      vertex 62.4237 0.61 7.20029
    endloop
  endfacet
  facet normal -0 1 0
    outer loop
      vertex 62.4872 0.61 6.92227
      vertex 63.705 0.61 6.92575
      vertex 62.507 0.61 6.77242
    endloop
  endfacet
  facet normal -0 1 0
    outer loop
      vertex 62.5189 0.61 6.61534
      vertex 63.7247 0.61 6.69362
      vertex 63.7313 0.61 6.45102
    endloop
  endfacet
  facet normal 0 1 0
    outer loop
      vertex 62.507 0.61 6.77242
      vertex 63.7247 0.61 6.69362
      vertex 62.5189 0.61 6.61534
    endloop
  endfacet
  facet normal 0 1 0
    outer loop
      vertex 63.7313 0.61 6.45102
      vertex 63.7284 0.61 6.29164
      vertex 62.5229 0.61 6.45102
    endloop
  endfacet
  facet normal 0 1 0
    outer loop
      vertex 63.7284 0.61 6.29164
      vertex 63.7198 0.61 6.13597
      vertex 62.5191 0.61 6.28775
    endloop
  endfacet
  facet normal 0 1 0
    outer loop
      vertex 63.7198 0.61 6.13597
      vertex 63.7054 0.61 5.98403
      vertex 62.5078 0.61 6.13079
    endloop
  endfacet
  facet normal 0 1 0
    outer loop
      vertex 62.5078 0.61 6.13079
      vertex 63.6853 0.61 5.83582
      vertex 62.489 0.61 5.98014
    endloop
  endfacet
  facet normal 0 1 0
    outer loop
      vertex 62.489 0.61 5.98014
      vertex 63.6594 0.61 5.69135
      vertex 62.4626 0.61 5.8358
    endloop
  endfacet
  facet normal 0 1 0
    outer loop
      vertex 62.4626 0.61 5.8358
      vertex 63.6278 0.61 5.5506
      vertex 63.5904 0.61 5.41359
    endloop
  endfacet
  facet normal 0 1 0
    outer loop
      vertex 62.4287 0.61 5.6978
      vertex 63.5473 0.61 5.28031
      vertex 62.3873 0.61 5.56612
    endloop
  endfacet
  facet normal 0 1 0
    outer loop
      vertex 62.3873 0.61 5.56612
      vertex 63.4984 0.61 5.15076
      vertex 63.4438 0.61 5.02495
    endloop
  endfacet
  facet normal 0 1 0
    outer loop
      vertex 62.3383 0.61 5.44075
      vertex 63.4438 0.61 5.02495
      vertex 63.3834 0.61 4.90287
    endloop
  endfacet
  facet normal 0 1 0
    outer loop
      vertex 62.2818 0.61 5.32172
      vertex 63.3178 0.61 4.78522
      vertex 63.2473 0.61 4.67273
    endloop
  endfacet
  facet normal 0 1 0
    outer loop
      vertex 62.2178 0.61 5.209
      vertex 63.2473 0.61 4.67273
      vertex 63.1722 0.61 4.56539
    endloop
  endfacet
  facet normal -0 1 0
    outer loop
      vertex 62.1463 0.61 5.1026
      vertex 62.2178 0.61 5.209
      vertex 63.0922 0.61 4.46318
    endloop
  endfacet
  facet normal 0 1 -0
    outer loop
      vertex 62.9179 0.61 4.27422
      vertex 62.1463 0.61 5.1026
      vertex 63.0075 0.61 4.36612
    endloop
  endfacet
  facet normal 0 1 -0
    outer loop
      vertex 62.8237 0.61 4.18744
      vertex 62.0672 0.61 5.00252
      vertex 62.9179 0.61 4.27422
    endloop
  endfacet
  facet normal 0 1 0
    outer loop
      vertex 62.8237 0.61 4.18744
      vertex 61.9817 0.61 4.91002
      vertex 62.0672 0.61 5.00252
    endloop
  endfacet
  facet normal 0 1 0
    outer loop
      vertex 62.7246 0.61 4.10582
      vertex 62.6207 0.61 4.02933
      vertex 61.9817 0.61 4.91002
    endloop
  endfacet
  facet normal 0 1 0
    outer loop
      vertex 62.6207 0.61 4.02933
      vertex 62.5121 0.61 3.958
      vertex 61.891 0.61 4.82633
    endloop
  endfacet
  facet normal 0 1 0
    outer loop
      vertex 61.891 0.61 4.82633
      vertex 62.5121 0.61 3.958
      vertex 62.3987 0.61 3.8918
    endloop
  endfacet
  facet normal 0 1 0
    outer loop
      vertex 61.795 0.61 4.75145
      vertex 62.3987 0.61 3.8918
      vertex 62.2814 0.61 3.83107
    endloop
  endfacet
  facet normal 0 1 0
    outer loop
      vertex 61.6938 0.61 4.68538
      vertex 62.2814 0.61 3.83107
      vertex 62.1611 0.61 3.77613
    endloop
  endfacet
  facet normal 0 1 -0
    outer loop
      vertex 62.0377 0.61 3.72696
      vertex 61.6938 0.61 4.68538
      vertex 62.1611 0.61 3.77613
    endloop
  endfacet
  facet normal 0 1 -0
    outer loop
      vertex 61.9112 0.61 3.68358
      vertex 61.5873 0.61 4.62812
      vertex 62.0377 0.61 3.72696
    endloop
  endfacet
  facet normal 0 1 -0
    outer loop
      vertex 61.7816 0.61 3.64598
      vertex 61.4756 0.61 4.57967
      vertex 61.9112 0.61 3.68358
    endloop
  endfacet
  facet normal 0 1 0
    outer loop
      vertex 61.7816 0.61 3.64598
      vertex 61.649 0.61 3.61418
      vertex 61.4756 0.61 4.57967
    endloop
  endfacet
  facet normal 0 1 0
    outer loop
      vertex 61.649 0.61 3.61418
      vertex 61.5134 0.61 3.58815
      vertex 61.3587 0.61 4.54003
    endloop
  endfacet
  facet normal 0 1 0
    outer loop
      vertex 61.5134 0.61 3.58815
      vertex 61.3746 0.61 3.5679
      vertex 61.2365 0.61 4.50919
    endloop
  endfacet
  facet normal 0 1 0
    outer loop
      vertex 61.2365 0.61 4.50919
      vertex 61.3746 0.61 3.5679
      vertex 61.2328 0.61 3.55345
    endloop
  endfacet
  facet normal 0 1 0
    outer loop
      vertex 61.109 0.61 4.48715
      vertex 61.2328 0.61 3.55345
      vertex 61.088 0.61 3.54477
    endloop
  endfacet
  facet normal -0 1 0
    outer loop
      vertex 60.8384 0.61 4.46955
      vertex 60.9763 0.61 4.47394
      vertex 60.9401 0.61 3.54189
    endloop
  endfacet
  facet normal 0 1 0
    outer loop
      vertex 60.9763 0.61 4.47394
      vertex 61.088 0.61 3.54477
      vertex 60.9401 0.61 3.54189
    endloop
  endfacet
  facet normal 0 1 -0
    outer loop
      vertex 95.2782 0.61 7.35822
      vertex 95.2769 0.61 7.40668
      vertex 96.3794 0.61 7.41614
    endloop
  endfacet
  facet normal 0 1 0
    outer loop
      vertex 96.3794 0.61 7.41614
      vertex 95.2769 0.61 7.40668
      vertex 96.3763 0.61 7.47197
    endloop
  endfacet
  facet normal 0 1 0
    outer loop
      vertex 96.3763 0.61 7.47197
      vertex 95.2769 0.61 7.40668
      vertex 95.2755 0.61 7.45302
    endloop
  endfacet
  facet normal 0 1 0
    outer loop
      vertex 96.3691 0.61 7.59017
      vertex 96.3727 0.61 7.53127
      vertex 95.2738 0.61 7.49726
    endloop
  endfacet
  facet normal 0 1 0
    outer loop
      vertex 96.3889 0.61 7.22744
      vertex 95.2809 0.61 7.20011
      vertex 96.387 0.61 7.26941
    endloop
  endfacet
  facet normal 0 1 0
    outer loop
      vertex 96.3931 0.61 7.06945
      vertex 96.5713 0.61 6.68163
      vertex 96.5407 0.61 6.60869
    endloop
  endfacet
  facet normal 0 1 0
    outer loop
      vertex 96.4093 0.61 7.06945
      vertex 96.6055 0.61 6.75113
      vertex 96.3931 0.61 7.06945
    endloop
  endfacet
  facet normal 0 1 0
    outer loop
      vertex 96.6839 0.61 6.87865
      vertex 96.6433 0.61 6.8172
      vertex 96.4093 0.61 7.06945
    endloop
  endfacet
  facet normal 0 1 0
    outer loop
      vertex 96.7267 0.61 6.93424
      vertex 96.4093 0.61 7.06945
      vertex 96.4487 0.61 7.15889
    endloop
  endfacet
  facet normal 0 1 -0
    outer loop
      vertex 96.7715 0.61 6.98397
      vertex 96.4897 0.61 7.24376
      vertex 96.8185 0.61 7.02785
    endloop
  endfacet
  facet normal -0 1 0
    outer loop
      vertex 96.5325 0.61 7.32407
      vertex 96.5769 0.61 7.3998
      vertex 96.8676 0.61 7.06589
    endloop
  endfacet
  facet normal -0 1 0
    outer loop
      vertex 96.5769 0.61 7.3998
      vertex 96.6231 0.61 7.47095
      vertex 96.9189 0.61 7.09807
    endloop
  endfacet
  facet normal 0 1 0
    outer loop
      vertex 96.671 0.61 7.53752
      vertex 97.0277 0.61 7.14487
      vertex 96.9722 0.61 7.12439
    endloop
  endfacet
  facet normal 0 1 0
    outer loop
      vertex 96.772 0.61 7.65695
      vertex 97.0853 0.61 7.1595
      vertex 97.0277 0.61 7.14487
    endloop
  endfacet
  facet normal 0 1 0
    outer loop
      vertex 96.8798 0.61 7.75811
      vertex 97.145 0.61 7.16828
      vertex 96.825 0.61 7.70981
    endloop
  endfacet
  facet normal 0 1 0
    outer loop
      vertex 96.9946 0.61 7.84136
      vertex 97.2068 0.61 7.17121
      vertex 96.9362 0.61 7.80181
    endloop
  endfacet
  facet normal 0 1 0
    outer loop
      vertex 97.182 0.61 7.93741
      vertex 97.3226 0.61 7.16162
      vertex 97.1175 0.61 7.90915
    endloop
  endfacet
  facet normal -0 1 0
    outer loop
      vertex 97.2485 0.61 7.96189
      vertex 97.3171 0.61 7.98261
      vertex 97.3226 0.61 7.16162
    endloop
  endfacet
  facet normal -0 1 0
    outer loop
      vertex 97.3878 0.61 7.99956
      vertex 97.4605 0.61 8.01274
      vertex 97.4274 0.61 7.13288
    endloop
  endfacet
  facet normal 0 1 0
    outer loop
      vertex 97.6121 0.61 8.0278
      vertex 97.4274 0.61 7.13288
      vertex 97.5353 0.61 8.02216
    endloop
  endfacet
  facet normal 0 1 0
    outer loop
      vertex 97.8679 0.61 8.02175
      vertex 97.5212 0.61 7.08495
      vertex 97.691 0.61 8.02968
    endloop
  endfacet
  facet normal 0 1 0
    outer loop
      vertex 98.0317 0.61 7.99794
      vertex 97.6039 0.61 7.01787
      vertex 97.5212 0.61 7.08495
    endloop
  endfacet
  facet normal 0 1 0
    outer loop
      vertex 98.3199 0.61 7.90271
      vertex 98.4444 0.61 7.83129
      vertex 97.6039 0.61 7.01787
    endloop
  endfacet
  facet normal -0 1 0
    outer loop
      vertex 99.5355 0.61 7.84473
      vertex 99.5967 0.61 7.87987
      vertex 99.7904 0.61 7.17121
    endloop
  endfacet
  facet normal 0 1 0
    outer loop
      vertex 99.3249 0.61 6.95467
      vertex 98.9815 0.61 7.16028
      vertex 99.0244 0.61 7.24633
    endloop
  endfacet
  facet normal 0 1 0
    outer loop
      vertex 99.172 0.61 6.72199
      vertex 99.1411 0.61 6.653
      vertex 98.9157 0.61 7.06945
    endloop
  endfacet
  facet normal 0 1 0
    outer loop
      vertex 99.0677 0.61 6.42165
      vertex 97.852 0.61 6.39495
      vertex 97.8245 0.61 6.55785
    endloop
  endfacet
  facet normal 0 1 0
    outer loop
      vertex 99.0677 0.61 6.42165
      vertex 99.0496 0.61 6.3364
      vertex 97.852 0.61 6.39495
    endloop
  endfacet
  facet normal 0 1 0
    outer loop
      vertex 97.852 0.61 6.39495
      vertex 99.0496 0.61 6.3364
      vertex 99.0347 0.61 6.24706
    endloop
  endfacet
  facet normal 0 1 -0
    outer loop
      vertex 97.8686 0.61 6.21286
      vertex 97.852 0.61 6.39495
      vertex 99.0347 0.61 6.24706
    endloop
  endfacet
  facet normal 0 1 -0
    outer loop
      vertex 99.0145 0.61 6.0562
      vertex 97.8686 0.61 6.21286
      vertex 99.023 0.61 6.15366
    endloop
  endfacet
  facet normal 0 1 0
    outer loop
      vertex 99.0145 0.61 6.0562
      vertex 97.8741 0.61 6.0116
      vertex 97.8686 0.61 6.21286
    endloop
  endfacet
  facet normal 0 1 0
    outer loop
      vertex 99.0145 0.61 6.0562
      vertex 99.0092 0.61 5.95467
      vertex 97.8741 0.61 6.0116
    endloop
  endfacet
  facet normal 0 1 0
    outer loop
      vertex 97.8741 0.61 6.0116
      vertex 99.0092 0.61 5.95467
      vertex 97.8741 0.61 3.54189
    endloop
  endfacet
  facet normal 0 1 0
    outer loop
      vertex 97.8741 0.61 3.54189
      vertex 99.0092 0.61 5.95467
      vertex 99.0092 0.61 3.54189
    endloop
  endfacet
  facet normal 0 1 -0
    outer loop
      vertex 99.023 0.61 6.15366
      vertex 97.8686 0.61 6.21286
      vertex 99.0347 0.61 6.24706
    endloop
  endfacet
  facet normal 0 1 0
    outer loop
      vertex 99.089 0.61 6.50283
      vertex 99.0677 0.61 6.42165
      vertex 98.9157 0.61 7.06945
    endloop
  endfacet
  facet normal 0 1 -0
    outer loop
      vertex 99.089 0.61 6.50283
      vertex 98.9157 0.61 7.06945
      vertex 99.1134 0.61 6.57994
    endloop
  endfacet
  facet normal 0 1 0
    outer loop
      vertex 98.9401 0.61 7.06945
      vertex 99.206 0.61 6.7869
      vertex 99.172 0.61 6.72199
    endloop
  endfacet
  facet normal 0 1 0
    outer loop
      vertex 99.2831 0.61 6.90389
      vertex 99.2432 0.61 6.84775
      vertex 98.9401 0.61 7.06945
    endloop
  endfacet
  facet normal 0 1 0
    outer loop
      vertex 98.9815 0.61 7.16028
      vertex 99.2831 0.61 6.90389
      vertex 98.9401 0.61 7.06945
    endloop
  endfacet
  facet normal 0 1 -0
    outer loop
      vertex 99.3687 0.61 7.00012
      vertex 99.0688 0.61 7.32761
      vertex 99.4145 0.61 7.04023
    endloop
  endfacet
  facet normal 0 1 0
    outer loop
      vertex 99.4145 0.61 7.04023
      vertex 99.0688 0.61 7.32761
      vertex 99.1147 0.61 7.40412
    endloop
  endfacet
  facet normal 0 1 0
    outer loop
      vertex 99.4622 0.61 7.07497
      vertex 99.1147 0.61 7.40412
      vertex 99.162 0.61 7.47583
    endloop
  endfacet
  facet normal 0 1 -0
    outer loop
      vertex 99.512 0.61 7.10437
      vertex 99.2108 0.61 7.54279
      vertex 99.5637 0.61 7.12844
    endloop
  endfacet
  facet normal 0 1 0
    outer loop
      vertex 99.6174 0.61 7.14714
      vertex 99.3129 0.61 7.66236
      vertex 99.3662 0.61 7.71497
    endloop
  endfacet
  facet normal 0 1 -0
    outer loop
      vertex 99.6731 0.61 7.16051
      vertex 99.4209 0.61 7.76282
      vertex 99.7308 0.61 7.16854
    endloop
  endfacet
  facet normal 0 1 0
    outer loop
      vertex 99.7308 0.61 7.16854
      vertex 99.4771 0.61 7.80588
      vertex 99.5355 0.61 7.84473
    endloop
  endfacet
  facet normal -0 1 0
    outer loop
      vertex 99.7276 0.61 7.93906
      vertex 99.7973 0.61 7.96311
      vertex 99.9062 0.61 7.16162
    endloop
  endfacet
  facet normal 0 1 0
    outer loop
      vertex 99.9062 0.61 7.16162
      vertex 99.7973 0.61 7.96311
      vertex 99.8698 0.61 7.98345
    endloop
  endfacet
  facet normal 0 1 0
    outer loop
      vertex 100.023 0.61 8.01303
      vertex 99.9062 0.61 7.16162
      vertex 99.9451 0.61 8.00009
    endloop
  endfacet
  facet normal 0 1 0
    outer loop
      vertex 100.275 0.61 8.02968
      vertex 100.011 0.61 7.13288
      vertex 100.188 0.61 8.02783
    endloop
  endfacet
  facet normal 0 1 0
    outer loop
      vertex 100.389 0.61 8.02606
      vertex 100.105 0.61 7.08495
      vertex 100.275 0.61 8.02968
    endloop
  endfacet
  facet normal 0 1 0
    outer loop
      vertex 100.498 0.61 8.01523
      vertex 100.603 0.61 7.99715
      vertex 100.105 0.61 7.08495
    endloop
  endfacet
  facet normal 0 1 0
    outer loop
      vertex 100.389 0.61 8.02606
      vertex 100.498 0.61 8.01523
      vertex 100.105 0.61 7.08495
    endloop
  endfacet
  facet normal 0 1 0
    outer loop
      vertex 100.188 0.61 7.01787
      vertex 100.702 0.61 7.97185
      vertex 100.796 0.61 7.93932
    endloop
  endfacet
  facet normal 0 1 -0
    outer loop
      vertex 100.259 0.61 6.93161
      vertex 100.188 0.61 7.01787
      vertex 100.969 0.61 7.85256
    endloop
  endfacet
  facet normal 0 1 0
    outer loop
      vertex 101.255 0.61 7.59229
      vertex 100.259 0.61 6.93161
      vertex 101.191 0.61 7.6682
    endloop
  endfacet
  facet normal 0 1 0
    outer loop
      vertex 101.414 0.61 7.32544
      vertex 100.32 0.61 6.82619
      vertex 101.367 0.61 7.42067
    endloop
  endfacet
  facet normal 0 1 0
    outer loop
      vertex 101.492 0.61 7.11609
      vertex 100.37 0.61 6.7016
      vertex 101.456 0.61 7.22391
    endloop
  endfacet
  facet normal 0 1 0
    outer loop
      vertex 101.523 0.61 7.00197
      vertex 101.548 0.61 6.88158
      vertex 100.37 0.61 6.7016
    endloop
  endfacet
  facet normal -0 1 0
    outer loop
      vertex 100.37 0.61 6.7016
      vertex 101.548 0.61 6.88158
      vertex 100.408 0.61 6.55785
    endloop
  endfacet
  facet normal 0 1 0
    outer loop
      vertex 100.408 0.61 6.55785
      vertex 101.548 0.61 6.88158
      vertex 101.568 0.61 6.75489
    endloop
  endfacet
  facet normal 0 1 0
    outer loop
      vertex 101.582 0.61 6.62191
      vertex 100.408 0.61 6.55785
      vertex 101.568 0.61 6.75489
    endloop
  endfacet
  facet normal 0 1 0
    outer loop
      vertex 101.582 0.61 6.62191
      vertex 100.436 0.61 6.39495
      vertex 100.408 0.61 6.55785
    endloop
  endfacet
  facet normal 0 1 0
    outer loop
      vertex 101.59 0.61 6.48264
      vertex 101.593 0.61 6.3371
      vertex 100.436 0.61 6.39495
    endloop
  endfacet
  facet normal 0 1 0
    outer loop
      vertex 100.436 0.61 6.39495
      vertex 101.593 0.61 6.3371
      vertex 100.452 0.61 6.21286
    endloop
  endfacet
  facet normal -0 1 0
    outer loop
      vertex 100.452 0.61 6.21286
      vertex 101.593 0.61 6.3371
      vertex 100.458 0.61 6.0116
    endloop
  endfacet
  facet normal -0 1 0
    outer loop
      vertex 100.458 0.61 6.0116
      vertex 101.593 0.61 6.3371
      vertex 101.593 0.61 3.54189
    endloop
  endfacet
  facet normal 0 1 0
    outer loop
      vertex 100.458 0.61 3.54189
      vertex 100.458 0.61 6.0116
      vertex 101.593 0.61 3.54189
    endloop
  endfacet
  facet normal 0 1 0
    outer loop
      vertex 101.582 0.61 6.62191
      vertex 101.59 0.61 6.48264
      vertex 100.436 0.61 6.39495
    endloop
  endfacet
  facet normal 0 1 0
    outer loop
      vertex 101.492 0.61 7.11609
      vertex 101.523 0.61 7.00197
      vertex 100.37 0.61 6.7016
    endloop
  endfacet
  facet normal 0 1 0
    outer loop
      vertex 101.456 0.61 7.22391
      vertex 100.37 0.61 6.7016
      vertex 100.32 0.61 6.82619
    endloop
  endfacet
  facet normal 0 1 0
    outer loop
      vertex 101.414 0.61 7.32544
      vertex 101.456 0.61 7.22391
      vertex 100.32 0.61 6.82619
    endloop
  endfacet
  facet normal 0 1 0
    outer loop
      vertex 101.367 0.61 7.42067
      vertex 100.32 0.61 6.82619
      vertex 101.314 0.61 7.50963
    endloop
  endfacet
  facet normal 0 1 0
    outer loop
      vertex 101.314 0.61 7.50963
      vertex 100.32 0.61 6.82619
      vertex 100.259 0.61 6.93161
    endloop
  endfacet
  facet normal 0 1 0
    outer loop
      vertex 101.255 0.61 7.59229
      vertex 101.314 0.61 7.50963
      vertex 100.259 0.61 6.93161
    endloop
  endfacet
  facet normal 0 1 0
    outer loop
      vertex 101.191 0.61 7.6682
      vertex 100.259 0.61 6.93161
      vertex 101.122 0.61 7.73688
    endloop
  endfacet
  facet normal 0 1 0
    outer loop
      vertex 101.122 0.61 7.73688
      vertex 100.259 0.61 6.93161
      vertex 101.048 0.61 7.79834
    endloop
  endfacet
  facet normal 0 1 0
    outer loop
      vertex 101.048 0.61 7.79834
      vertex 100.259 0.61 6.93161
      vertex 100.969 0.61 7.85256
    endloop
  endfacet
  facet normal 0 1 0
    outer loop
      vertex 100.969 0.61 7.85256
      vertex 100.188 0.61 7.01787
      vertex 100.885 0.61 7.89955
    endloop
  endfacet
  facet normal 0 1 0
    outer loop
      vertex 100.885 0.61 7.89955
      vertex 100.188 0.61 7.01787
      vertex 100.796 0.61 7.93932
    endloop
  endfacet
  facet normal 0 1 0
    outer loop
      vertex 100.188 0.61 7.01787
      vertex 100.603 0.61 7.99715
      vertex 100.702 0.61 7.97185
    endloop
  endfacet
  facet normal 0 1 -0
    outer loop
      vertex 100.188 0.61 7.01787
      vertex 100.105 0.61 7.08495
      vertex 100.603 0.61 7.99715
    endloop
  endfacet
  facet normal 0 1 0
    outer loop
      vertex 100.275 0.61 8.02968
      vertex 100.105 0.61 7.08495
      vertex 100.011 0.61 7.13288
    endloop
  endfacet
  facet normal 0 1 0
    outer loop
      vertex 100.188 0.61 8.02783
      vertex 100.011 0.61 7.13288
      vertex 100.104 0.61 8.0223
    endloop
  endfacet
  facet normal 0 1 0
    outer loop
      vertex 100.104 0.61 8.0223
      vertex 100.011 0.61 7.13288
      vertex 100.023 0.61 8.01303
    endloop
  endfacet
  facet normal 0 1 0
    outer loop
      vertex 100.023 0.61 8.01303
      vertex 100.011 0.61 7.13288
      vertex 99.9062 0.61 7.16162
    endloop
  endfacet
  facet normal 0 1 0
    outer loop
      vertex 99.9451 0.61 8.00009
      vertex 99.9062 0.61 7.16162
      vertex 99.8698 0.61 7.98345
    endloop
  endfacet
  facet normal 0 1 0
    outer loop
      vertex 98.1824 0.61 7.95827
      vertex 98.3199 0.61 7.90271
      vertex 97.6039 0.61 7.01787
    endloop
  endfacet
  facet normal -0 1 -0
    outer loop
      vertex 99.7904 0.61 7.17121
      vertex 99.7276 0.61 7.93906
      vertex 99.9062 0.61 7.16162
    endloop
  endfacet
  facet normal 0 1 0
    outer loop
      vertex 99.7904 0.61 7.17121
      vertex 99.6607 0.61 7.91132
      vertex 99.7276 0.61 7.93906
    endloop
  endfacet
  facet normal 0 1 0
    outer loop
      vertex 99.7904 0.61 7.17121
      vertex 99.5967 0.61 7.87987
      vertex 99.6607 0.61 7.91132
    endloop
  endfacet
  facet normal 0 1 -0
    outer loop
      vertex 99.7308 0.61 7.16854
      vertex 99.5355 0.61 7.84473
      vertex 99.7904 0.61 7.17121
    endloop
  endfacet
  facet normal -0 1 0
    outer loop
      vertex 99.4209 0.61 7.76282
      vertex 99.4771 0.61 7.80588
      vertex 99.7308 0.61 7.16854
    endloop
  endfacet
  facet normal -0 1 0
    outer loop
      vertex 99.3662 0.61 7.71497
      vertex 99.4209 0.61 7.76282
      vertex 99.6731 0.61 7.16051
    endloop
  endfacet
  facet normal 0 1 -0
    outer loop
      vertex 99.6174 0.61 7.14714
      vertex 99.3662 0.61 7.71497
      vertex 99.6731 0.61 7.16051
    endloop
  endfacet
  facet normal 0 1 0
    outer loop
      vertex 98.7391 0.61 7.52179
      vertex 97.7362 0.61 6.82619
      vertex 97.6756 0.61 6.93161
    endloop
  endfacet
  facet normal 0 1 0
    outer loop
      vertex 95.2604 0.61 7.77181
      vertex 96.3501 0.61 7.85387
      vertex 96.3529 0.61 7.82061
    endloop
  endfacet
  facet normal -0 1 0
    outer loop
      vertex 97.6121 0.61 8.0278
      vertex 97.691 0.61 8.02968
      vertex 97.4274 0.61 7.13288
    endloop
  endfacet
  facet normal 0 1 0
    outer loop
      vertex 98.4444 0.61 7.83129
      vertex 98.5557 0.61 7.74399
      vertex 97.6756 0.61 6.93161
    endloop
  endfacet
  facet normal 0 1 0
    outer loop
      vertex 98.654 0.61 7.64083
      vertex 98.7391 0.61 7.52179
      vertex 97.6756 0.61 6.93161
    endloop
  endfacet
  facet normal 0 1 0
    outer loop
      vertex 97.8679 0.61 8.02175
      vertex 98.0317 0.61 7.99794
      vertex 97.5212 0.61 7.08495
    endloop
  endfacet
  facet normal -0 1 0
    outer loop
      vertex 99.2611 0.61 7.60495
      vertex 99.3129 0.61 7.66236
      vertex 99.6174 0.61 7.14714
    endloop
  endfacet
  facet normal 0 1 0
    outer loop
      vertex 98.8699 0.61 7.2361
      vertex 97.7362 0.61 6.82619
      vertex 98.8111 0.61 7.38689
    endloop
  endfacet
  facet normal 0 1 -0
    outer loop
      vertex 99.5637 0.61 7.12844
      vertex 99.2611 0.61 7.60495
      vertex 99.6174 0.61 7.14714
    endloop
  endfacet
  facet normal 0 1 0
    outer loop
      vertex 99.5637 0.61 7.12844
      vertex 99.2108 0.61 7.54279
      vertex 99.2611 0.61 7.60495
    endloop
  endfacet
  facet normal 0 1 0
    outer loop
      vertex 99.512 0.61 7.10437
      vertex 99.162 0.61 7.47583
      vertex 99.2108 0.61 7.54279
    endloop
  endfacet
  facet normal 0 1 0
    outer loop
      vertex 99.512 0.61 7.10437
      vertex 99.4622 0.61 7.07497
      vertex 99.162 0.61 7.47583
    endloop
  endfacet
  facet normal 0 1 0
    outer loop
      vertex 98.9157 0.61 7.06945
      vertex 97.7859 0.61 6.7016
      vertex 97.7362 0.61 6.82619
    endloop
  endfacet
  facet normal 0 1 0
    outer loop
      vertex 99.4622 0.61 7.07497
      vertex 99.4145 0.61 7.04023
      vertex 99.1147 0.61 7.40412
    endloop
  endfacet
  facet normal 0 1 0
    outer loop
      vertex 99.3687 0.61 7.00012
      vertex 99.0244 0.61 7.24633
      vertex 99.0688 0.61 7.32761
    endloop
  endfacet
  facet normal 0 1 0
    outer loop
      vertex 99.3687 0.61 7.00012
      vertex 99.3249 0.61 6.95467
      vertex 99.0244 0.61 7.24633
    endloop
  endfacet
  facet normal 0 1 0
    outer loop
      vertex 99.3249 0.61 6.95467
      vertex 99.2831 0.61 6.90389
      vertex 98.9815 0.61 7.16028
    endloop
  endfacet
  facet normal 0 1 -0
    outer loop
      vertex 97.8245 0.61 6.55785
      vertex 97.7859 0.61 6.7016
      vertex 98.9157 0.61 7.06945
    endloop
  endfacet
  facet normal 0 1 0
    outer loop
      vertex 98.9401 0.61 7.06945
      vertex 99.2432 0.61 6.84775
      vertex 99.206 0.61 6.7869
    endloop
  endfacet
  facet normal -0 1 0
    outer loop
      vertex 98.9157 0.61 7.06945
      vertex 98.9401 0.61 7.06945
      vertex 99.172 0.61 6.72199
    endloop
  endfacet
  facet normal 0 1 0
    outer loop
      vertex 99.0677 0.61 6.42165
      vertex 97.8245 0.61 6.55785
      vertex 98.9157 0.61 7.06945
    endloop
  endfacet
  facet normal 0 1 0
    outer loop
      vertex 98.9157 0.61 7.06945
      vertex 99.1411 0.61 6.653
      vertex 99.1134 0.61 6.57994
    endloop
  endfacet
  facet normal 0 1 0
    outer loop
      vertex 97.7362 0.61 6.82619
      vertex 98.8699 0.61 7.2361
      vertex 98.9157 0.61 7.06945
    endloop
  endfacet
  facet normal 0 1 0
    outer loop
      vertex 97.7362 0.61 6.82619
      vertex 98.7391 0.61 7.52179
      vertex 98.8111 0.61 7.38689
    endloop
  endfacet
  facet normal 0 1 0
    outer loop
      vertex 98.5557 0.61 7.74399
      vertex 98.654 0.61 7.64083
      vertex 97.6756 0.61 6.93161
    endloop
  endfacet
  facet normal -0 1 0
    outer loop
      vertex 97.6039 0.61 7.01787
      vertex 98.4444 0.61 7.83129
      vertex 97.6756 0.61 6.93161
    endloop
  endfacet
  facet normal 0 1 0
    outer loop
      vertex 98.1824 0.61 7.95827
      vertex 97.6039 0.61 7.01787
      vertex 98.0317 0.61 7.99794
    endloop
  endfacet
  facet normal 0 1 -0
    outer loop
      vertex 97.5212 0.61 7.08495
      vertex 97.4274 0.61 7.13288
      vertex 97.691 0.61 8.02968
    endloop
  endfacet
  facet normal 0 1 0
    outer loop
      vertex 97.5353 0.61 8.02216
      vertex 97.4274 0.61 7.13288
      vertex 97.4605 0.61 8.01274
    endloop
  endfacet
  facet normal -0 1 0
    outer loop
      vertex 97.3226 0.61 7.16162
      vertex 97.3878 0.61 7.99956
      vertex 97.4274 0.61 7.13288
    endloop
  endfacet
  facet normal 0 1 -0
    outer loop
      vertex 97.3226 0.61 7.16162
      vertex 97.3171 0.61 7.98261
      vertex 97.3878 0.61 7.99956
    endloop
  endfacet
  facet normal -0 1 0
    outer loop
      vertex 97.182 0.61 7.93741
      vertex 97.2485 0.61 7.96189
      vertex 97.3226 0.61 7.16162
    endloop
  endfacet
  facet normal 0 1 0
    outer loop
      vertex 97.1175 0.61 7.90915
      vertex 97.3226 0.61 7.16162
      vertex 97.2068 0.61 7.17121
    endloop
  endfacet
  facet normal -0 1 0
    outer loop
      vertex 97.055 0.61 7.87714
      vertex 97.1175 0.61 7.90915
      vertex 97.2068 0.61 7.17121
    endloop
  endfacet
  facet normal -0 1 0
    outer loop
      vertex 96.9946 0.61 7.84136
      vertex 97.055 0.61 7.87714
      vertex 97.2068 0.61 7.17121
    endloop
  endfacet
  facet normal 0 1 0
    outer loop
      vertex 96.9362 0.61 7.80181
      vertex 97.2068 0.61 7.17121
      vertex 97.145 0.61 7.16828
    endloop
  endfacet
  facet normal -0 1 0
    outer loop
      vertex 96.8798 0.61 7.75811
      vertex 96.9362 0.61 7.80181
      vertex 97.145 0.61 7.16828
    endloop
  endfacet
  facet normal 0 1 0
    outer loop
      vertex 96.825 0.61 7.70981
      vertex 97.145 0.61 7.16828
      vertex 97.0853 0.61 7.1595
    endloop
  endfacet
  facet normal -0 1 0
    outer loop
      vertex 96.772 0.61 7.65695
      vertex 96.825 0.61 7.70981
      vertex 97.0853 0.61 7.1595
    endloop
  endfacet
  facet normal -0 1 0
    outer loop
      vertex 96.7206 0.61 7.59954
      vertex 96.772 0.61 7.65695
      vertex 97.0277 0.61 7.14487
    endloop
  endfacet
  facet normal -0 1 0
    outer loop
      vertex 96.671 0.61 7.53752
      vertex 96.7206 0.61 7.59954
      vertex 97.0277 0.61 7.14487
    endloop
  endfacet
  facet normal -0 1 0
    outer loop
      vertex 96.6231 0.61 7.47095
      vertex 96.671 0.61 7.53752
      vertex 96.9722 0.61 7.12439
    endloop
  endfacet
  facet normal 0 1 -0
    outer loop
      vertex 96.9189 0.61 7.09807
      vertex 96.6231 0.61 7.47095
      vertex 96.9722 0.61 7.12439
    endloop
  endfacet
  facet normal 0 1 -0
    outer loop
      vertex 96.8676 0.61 7.06589
      vertex 96.5769 0.61 7.3998
      vertex 96.9189 0.61 7.09807
    endloop
  endfacet
  facet normal 0 1 -0
    outer loop
      vertex 96.8185 0.61 7.02785
      vertex 96.5325 0.61 7.32407
      vertex 96.8676 0.61 7.06589
    endloop
  endfacet
  facet normal 0 1 0
    outer loop
      vertex 96.8185 0.61 7.02785
      vertex 96.4897 0.61 7.24376
      vertex 96.5325 0.61 7.32407
    endloop
  endfacet
  facet normal 0 1 0
    outer loop
      vertex 96.7715 0.61 6.98397
      vertex 96.4487 0.61 7.15889
      vertex 96.4897 0.61 7.24376
    endloop
  endfacet
  facet normal 0 1 0
    outer loop
      vertex 96.7715 0.61 6.98397
      vertex 96.7267 0.61 6.93424
      vertex 96.4487 0.61 7.15889
    endloop
  endfacet
  facet normal 0 1 0
    outer loop
      vertex 96.7267 0.61 6.93424
      vertex 96.6839 0.61 6.87865
      vertex 96.4093 0.61 7.06945
    endloop
  endfacet
  facet normal 0 1 0
    outer loop
      vertex 96.4093 0.61 7.06945
      vertex 96.6433 0.61 6.8172
      vertex 96.6055 0.61 6.75113
    endloop
  endfacet
  facet normal 0 1 0
    outer loop
      vertex 96.3931 0.61 7.06945
      vertex 96.6055 0.61 6.75113
      vertex 96.5713 0.61 6.68163
    endloop
  endfacet
  facet normal 0 1 -0
    outer loop
      vertex 96.5138 0.61 6.53232
      vertex 96.3931 0.61 7.06945
      vertex 96.5407 0.61 6.60869
    endloop
  endfacet
  facet normal 0 1 0
    outer loop
      vertex 96.5138 0.61 6.53232
      vertex 96.4904 0.61 6.45252
      vertex 96.3931 0.61 7.06945
    endloop
  endfacet
  facet normal 0 1 0
    outer loop
      vertex 96.3727 0.61 7.53127
      vertex 96.3763 0.61 7.47197
      vertex 95.2755 0.61 7.45302
    endloop
  endfacet
  facet normal -0 1 0
    outer loop
      vertex 95.2738 0.61 7.49726
      vertex 96.3727 0.61 7.53127
      vertex 95.2755 0.61 7.45302
    endloop
  endfacet
  facet normal 0 1 -0
    outer loop
      vertex 95.2738 0.61 7.49726
      vertex 95.2721 0.61 7.53937
      vertex 96.3691 0.61 7.59017
    endloop
  endfacet
  facet normal 0 1 -0
    outer loop
      vertex 95.2721 0.61 7.53937
      vertex 95.2702 0.61 7.58004
      vertex 96.3656 0.61 7.64479
    endloop
  endfacet
  facet normal 0 1 0
    outer loop
      vertex 96.3656 0.61 7.64479
      vertex 95.2702 0.61 7.58004
      vertex 95.2683 0.61 7.61994
    endloop
  endfacet
  facet normal 0 1 0
    outer loop
      vertex 96.3622 0.61 7.69515
      vertex 96.3656 0.61 7.64479
      vertex 95.2683 0.61 7.61994
    endloop
  endfacet
  facet normal -0 1 0
    outer loop
      vertex 95.2664 0.61 7.65908
      vertex 96.3622 0.61 7.69515
      vertex 95.2683 0.61 7.61994
    endloop
  endfacet
  facet normal 0 1 0
    outer loop
      vertex 95.2664 0.61 7.65908
      vertex 96.359 0.61 7.74124
      vertex 96.3622 0.61 7.69515
    endloop
  endfacet
  facet normal 0 1 -0
    outer loop
      vertex 95.2664 0.61 7.65908
      vertex 95.2644 0.61 7.69742
      vertex 96.359 0.61 7.74124
    endloop
  endfacet
  facet normal 0 1 0
    outer loop
      vertex 96.359 0.61 7.74124
      vertex 95.2644 0.61 7.69742
      vertex 96.3559 0.61 7.78305
    endloop
  endfacet
  facet normal 0 1 0
    outer loop
      vertex 96.3559 0.61 7.78305
      vertex 95.2644 0.61 7.69742
      vertex 95.2624 0.61 7.735
    endloop
  endfacet
  facet normal 0 1 0
    outer loop
      vertex 96.3529 0.61 7.82061
      vertex 96.3559 0.61 7.78305
      vertex 95.2624 0.61 7.735
    endloop
  endfacet
  facet normal -0 1 0
    outer loop
      vertex 95.2604 0.61 7.77181
      vertex 96.3529 0.61 7.82061
      vertex 95.2624 0.61 7.735
    endloop
  endfacet
  facet normal 0 1 0
    outer loop
      vertex 96.3474 0.61 7.88288
      vertex 96.3501 0.61 7.85387
      vertex 95.2604 0.61 7.77181
    endloop
  endfacet
  facet normal -0 1 0
    outer loop
      vertex 95.2583 0.61 7.80785
      vertex 96.3474 0.61 7.88288
      vertex 95.2604 0.61 7.77181
    endloop
  endfacet
  facet normal 0 1 0
    outer loop
      vertex 95.2583 0.61 7.80785
      vertex 96.3449 0.61 7.9076
      vertex 96.3474 0.61 7.88288
    endloop
  endfacet
  facet normal 0 1 0
    outer loop
      vertex 95.2583 0.61 7.80785
      vertex 96.3424 0.61 7.92806
      vertex 96.3449 0.61 7.9076
    endloop
  endfacet
  facet normal 0 1 -0
    outer loop
      vertex 95.2583 0.61 7.80785
      vertex 95.2563 0.61 7.84311
      vertex 96.3424 0.61 7.92806
    endloop
  endfacet
  facet normal 0 1 0
    outer loop
      vertex 96.3424 0.61 7.92806
      vertex 95.2563 0.61 7.84311
      vertex 96.3401 0.61 7.94425
    endloop
  endfacet
  facet normal 0 1 0
    outer loop
      vertex 96.3401 0.61 7.94425
      vertex 95.2563 0.61 7.84311
      vertex 95.2541 0.61 7.8776
    endloop
  endfacet
  facet normal -0 1 0
    outer loop
      vertex 95.252 0.61 7.9113
      vertex 96.3401 0.61 7.94425
      vertex 95.2541 0.61 7.8776
    endloop
  endfacet
  facet normal 0 1 -0
    outer loop
      vertex 95.252 0.61 7.9113
      vertex 95.2498 0.61 7.94425
      vertex 96.3401 0.61 7.94425
    endloop
  endfacet
  facet normal 0 1 0
    outer loop
      vertex 96.3691 0.61 7.59017
      vertex 95.2721 0.61 7.53937
      vertex 96.3656 0.61 7.64479
    endloop
  endfacet
  facet normal 0 1 -0
    outer loop
      vertex 95.2793 0.61 7.30764
      vertex 95.2782 0.61 7.35822
      vertex 96.3823 0.61 7.36377
    endloop
  endfacet
  facet normal 0 1 0
    outer loop
      vertex 96.3848 0.61 7.31487
      vertex 95.2793 0.61 7.30764
      vertex 96.3823 0.61 7.36377
    endloop
  endfacet
  facet normal 0 1 0
    outer loop
      vertex 96.3848 0.61 7.31487
      vertex 95.2802 0.61 7.25493
      vertex 95.2793 0.61 7.30764
    endloop
  endfacet
  facet normal 0 1 0
    outer loop
      vertex 96.3848 0.61 7.31487
      vertex 96.387 0.61 7.26941
      vertex 95.2802 0.61 7.25493
    endloop
  endfacet
  facet normal -0 1 0
    outer loop
      vertex 95.2802 0.61 7.25493
      vertex 96.387 0.61 7.26941
      vertex 95.2809 0.61 7.20011
    endloop
  endfacet
  facet normal -0 1 0
    outer loop
      vertex 95.2809 0.61 7.20011
      vertex 96.3889 0.61 7.22744
      vertex 96.3904 0.61 7.18891
    endloop
  endfacet
  facet normal 0 1 -0
    outer loop
      vertex 95.2815 0.61 7.14318
      vertex 95.2809 0.61 7.20011
      vertex 96.3904 0.61 7.18891
    endloop
  endfacet
  facet normal 0 1 0
    outer loop
      vertex 96.3916 0.61 7.15386
      vertex 95.2815 0.61 7.14318
      vertex 96.3904 0.61 7.18891
    endloop
  endfacet
  facet normal 0 1 0
    outer loop
      vertex 96.3916 0.61 7.15386
      vertex 96.3924 0.61 7.12226
      vertex 95.2815 0.61 7.14318
    endloop
  endfacet
  facet normal 0 1 0
    outer loop
      vertex 95.2815 0.61 7.14318
      vertex 96.3924 0.61 7.12226
      vertex 95.2819 0.61 7.08411
    endloop
  endfacet
  facet normal 0 1 0
    outer loop
      vertex 95.2819 0.61 7.08411
      vertex 96.3924 0.61 7.12226
      vertex 96.3929 0.61 7.09412
    endloop
  endfacet
  facet normal 0 1 0
    outer loop
      vertex 96.3931 0.61 7.06945
      vertex 95.2819 0.61 7.08411
      vertex 96.3929 0.61 7.09412
    endloop
  endfacet
  facet normal 0 1 0
    outer loop
      vertex 96.3931 0.61 7.06945
      vertex 95.2822 0.61 7.02294
      vertex 95.2819 0.61 7.08411
    endloop
  endfacet
  facet normal 0 1 0
    outer loop
      vertex 96.3931 0.61 7.06945
      vertex 95.2823 0.61 6.95964
      vertex 95.2822 0.61 7.02294
    endloop
  endfacet
  facet normal 0 1 0
    outer loop
      vertex 96.3931 0.61 7.06945
      vertex 96.4904 0.61 6.45252
      vertex 95.2823 0.61 6.95964
    endloop
  endfacet
  facet normal 0 1 0
    outer loop
      vertex 95.2823 0.61 6.95964
      vertex 96.4904 0.61 6.45252
      vertex 96.4706 0.61 6.36931
    endloop
  endfacet
  facet normal 0 1 -0
    outer loop
      vertex 96.4544 0.61 6.28266
      vertex 95.2823 0.61 6.95964
      vertex 96.4706 0.61 6.36931
    endloop
  endfacet
  facet normal 0 1 0
    outer loop
      vertex 96.4544 0.61 6.28266
      vertex 96.4418 0.61 6.19257
      vertex 95.2823 0.61 6.95964
    endloop
  endfacet
  facet normal 0 1 0
    outer loop
      vertex 95.2823 0.61 6.95964
      vertex 96.4418 0.61 6.19257
      vertex 96.4328 0.61 6.09906
    endloop
  endfacet
  facet normal 0 1 -0
    outer loop
      vertex 96.4274 0.61 6.00211
      vertex 95.2823 0.61 6.95964
      vertex 96.4328 0.61 6.09906
    endloop
  endfacet
  facet normal 0 1 0
    outer loop
      vertex 96.4274 0.61 6.00211
      vertex 96.4256 0.61 5.90174
      vertex 95.2823 0.61 6.95964
    endloop
  endfacet
  facet normal 0 1 0
    outer loop
      vertex 96.4256 0.61 5.90174
      vertex 96.4256 0.61 3.54189
      vertex 95.2823 0.61 3.54189
    endloop
  endfacet
  facet normal 0 1 -0
    outer loop
      vertex 88.8821 0.61 4.83074
      vertex 88.8719 0.61 4.86414
      vertex 89.9259 0.61 5.08478
    endloop
  endfacet
  facet normal 0 1 -0
    outer loop
      vertex 89.9277 0.61 4.6044
      vertex 88.8953 0.61 4.72184
      vertex 89.9407 0.61 4.71375
    endloop
  endfacet
  facet normal 0 1 0
    outer loop
      vertex 89.8686 0.61 5.3059
      vertex 88.8587 0.61 4.89609
      vertex 89.8483 0.61 5.35555
    endloop
  endfacet
  facet normal 0 1 0
    outer loop
      vertex 89.9277 0.61 4.6044
      vertex 88.8935 0.61 4.67565
      vertex 88.8953 0.61 4.72184
    endloop
  endfacet
  facet normal 0 1 0
    outer loop
      vertex 89.7448 0.61 5.53322
      vertex 88.8426 0.61 4.92661
      vertex 89.7145 0.61 5.57363
    endloop
  endfacet
  facet normal 0 1 0
    outer loop
      vertex 88.978 0.61 6.04708
      vertex 89.0417 0.61 6.02426
      vertex 88.6034 0.61 5.12229
    endloop
  endfacet
  facet normal 0 1 0
    outer loop
      vertex 88.9117 0.61 6.06919
      vertex 88.978 0.61 6.04708
      vertex 88.6034 0.61 5.12229
    endloop
  endfacet
  facet normal 0 1 0
    outer loop
      vertex 88.7183 0.61 5.05748
      vertex 89.1612 0.61 5.97653
      vertex 89.217 0.61 5.9516
    endloop
  endfacet
  facet normal 0 1 -0
    outer loop
      vertex 88.749 0.61 5.0342
      vertex 88.7183 0.61 5.05748
      vertex 89.2702 0.61 5.92595
    endloop
  endfacet
  facet normal 0 1 0
    outer loop
      vertex 88.749 0.61 5.0342
      vertex 89.2702 0.61 5.92595
      vertex 89.3208 0.61 5.89962
    endloop
  endfacet
  facet normal 0 1 0
    outer loop
      vertex 89.3687 0.61 5.87256
      vertex 89.414 0.61 5.84481
      vertex 88.7768 0.61 5.00946
    endloop
  endfacet
  facet normal 0 1 0
    outer loop
      vertex 88.7768 0.61 5.00946
      vertex 89.414 0.61 5.84481
      vertex 89.4573 0.61 5.81597
    endloop
  endfacet
  facet normal 0 1 0
    outer loop
      vertex 89.3208 0.61 5.89962
      vertex 89.3687 0.61 5.87256
      vertex 88.749 0.61 5.0342
    endloop
  endfacet
  facet normal 0 1 -0
    outer loop
      vertex 88.8017 0.61 4.98329
      vertex 88.7768 0.61 5.00946
      vertex 89.4989 0.61 5.78568
    endloop
  endfacet
  facet normal 0 1 0
    outer loop
      vertex 89.217 0.61 5.9516
      vertex 89.2702 0.61 5.92595
      vertex 88.7183 0.61 5.05748
    endloop
  endfacet
  facet normal 0 1 0
    outer loop
      vertex 88.8017 0.61 4.98329
      vertex 89.4989 0.61 5.78568
      vertex 89.5388 0.61 5.75395
    endloop
  endfacet
  facet normal 0 1 0
    outer loop
      vertex 89.1027 0.61 6.00075
      vertex 88.6841 0.61 5.07973
      vertex 88.6458 0.61 5.10132
    endloop
  endfacet
  facet normal 0 1 0
    outer loop
      vertex 89.0417 0.61 6.02426
      vertex 89.1027 0.61 6.00075
      vertex 88.6458 0.61 5.10132
    endloop
  endfacet
  facet normal -0 1 0
    outer loop
      vertex 88.6034 0.61 5.12229
      vertex 89.0417 0.61 6.02426
      vertex 88.6458 0.61 5.10132
    endloop
  endfacet
  facet normal 0 1 0
    outer loop
      vertex 88.9117 0.61 6.06919
      vertex 88.6034 0.61 5.12229
      vertex 88.557 0.61 5.14263
    endloop
  endfacet
  facet normal 0 1 0
    outer loop
      vertex 88.8427 0.61 6.09058
      vertex 88.557 0.61 5.14263
      vertex 88.5065 0.61 5.16231
    endloop
  endfacet
  facet normal 0 1 0
    outer loop
      vertex 88.7711 0.61 6.11127
      vertex 88.8427 0.61 6.09058
      vertex 88.5065 0.61 5.16231
    endloop
  endfacet
  facet normal 0 1 -0
    outer loop
      vertex 88.8426 0.61 4.92661
      vertex 88.8236 0.61 4.95568
      vertex 89.7145 0.61 5.57363
    endloop
  endfacet
  facet normal 0 1 0
    outer loop
      vertex 88.452 0.61 5.18137
      vertex 88.6973 0.61 6.13156
      vertex 88.7711 0.61 6.11127
    endloop
  endfacet
  facet normal 0 1 -0
    outer loop
      vertex 88.452 0.61 5.18137
      vertex 88.3933 0.61 5.19979
      vertex 88.6973 0.61 6.13156
    endloop
  endfacet
  facet normal 0 1 0
    outer loop
      vertex 89.8759 0.61 4.39934
      vertex 89.837 0.61 4.30362
      vertex 88.888 0.61 4.63172
    endloop
  endfacet
  facet normal 0 1 0
    outer loop
      vertex 89.837 0.61 4.30362
      vertex 89.7894 0.61 4.21245
      vertex 88.879 0.61 4.59009
    endloop
  endfacet
  facet normal 0 1 0
    outer loop
      vertex 88.5439 0.61 6.17185
      vertex 88.6216 0.61 6.15175
      vertex 88.3306 0.61 5.21756
    endloop
  endfacet
  facet normal 0 1 0
    outer loop
      vertex 88.193 0.61 5.25119
      vertex 88.3829 0.61 6.21173
      vertex 88.4644 0.61 6.19184
    endloop
  endfacet
  facet normal 0 1 0
    outer loop
      vertex 88.3829 0.61 6.21173
      vertex 88.193 0.61 5.25119
      vertex 88.1181 0.61 5.26706
    endloop
  endfacet
  facet normal 0 1 0
    outer loop
      vertex 88.2995 0.61 6.23154
      vertex 88.1181 0.61 5.26706
      vertex 88.2142 0.61 6.25122
    endloop
  endfacet
  facet normal -0 1 0
    outer loop
      vertex 88.8201 0.61 6.78354
      vertex 89.7885 0.61 7.0427
      vertex 88.8302 0.61 6.73584
    endloop
  endfacet
  facet normal 0 1 0
    outer loop
      vertex 88.7791 0.61 4.41623
      vertex 89.3238 0.61 3.76146
      vertex 89.2188 0.61 3.70429
    endloop
  endfacet
  facet normal 0 1 0
    outer loop
      vertex 89.7521 0.61 7.13648
      vertex 88.8077 0.61 6.82898
      vertex 89.7099 0.61 7.22576
    endloop
  endfacet
  facet normal 0 1 0
    outer loop
      vertex 88.1269 0.61 6.27082
      vertex 88.2142 0.61 6.25122
      vertex 87.9473 0.61 5.30161
    endloop
  endfacet
  facet normal 0 1 -0
    outer loop
      vertex 88.8201 0.61 6.78354
      vertex 88.8077 0.61 6.82898
      vertex 89.7521 0.61 7.13648
    endloop
  endfacet
  facet normal 0 1 0
    outer loop
      vertex 88.0378 0.61 6.29032
      vertex 88.1269 0.61 6.27082
      vertex 87.9473 0.61 5.30161
    endloop
  endfacet
  facet normal 0 1 0
    outer loop
      vertex 87.9467 0.61 6.30971
      vertex 88.0378 0.61 6.29032
      vertex 87.7868 0.61 5.33573
    endloop
  endfacet
  facet normal 0 1 0
    outer loop
      vertex 87.8537 0.61 6.329
      vertex 87.9467 0.61 6.30971
      vertex 87.6368 0.61 5.3694
    endloop
  endfacet
  facet normal 0 1 0
    outer loop
      vertex 88.8302 0.61 6.73584
      vertex 89.8189 0.61 6.94442
      vertex 89.8433 0.61 6.84163
    endloop
  endfacet
  facet normal 0 1 0
    outer loop
      vertex 87.7881 0.61 6.34264
      vertex 87.6368 0.61 5.3694
      vertex 87.4973 0.61 5.40264
    endloop
  endfacet
  facet normal 0 1 0
    outer loop
      vertex 87.7261 0.61 6.35691
      vertex 87.4973 0.61 5.40264
      vertex 87.6676 0.61 6.37181
    endloop
  endfacet
  facet normal 0 1 0
    outer loop
      vertex 87.3681 0.61 5.43543
      vertex 87.5612 0.61 6.40354
      vertex 87.6127 0.61 6.38736
    endloop
  endfacet
  facet normal 0 1 0
    outer loop
      vertex 87.4689 0.61 6.43784
      vertex 87.5133 0.61 6.42037
      vertex 87.1411 0.61 5.49971
    endloop
  endfacet
  facet normal 0 1 0
    outer loop
      vertex 87.4281 0.61 6.45594
      vertex 87.0432 0.61 5.53121
      vertex 87.3908 0.61 6.47467
    endloop
  endfacet
  facet normal 0 1 0
    outer loop
      vertex 87.1718 0.61 6.86043
      vertex 86.1565 0.61 7.01844
      vertex 86.1846 0.61 7.11696
    endloop
  endfacet
  facet normal 0 1 0
    outer loop
      vertex 88.3893 0.61 8.00699
      vertex 88.2561 0.61 7.25135
      vertex 88.2593 0.61 8.0196
    endloop
  endfacet
  facet normal 0 1 0
    outer loop
      vertex 86.1364 0.61 6.91529
      vertex 87.1718 0.61 6.86043
      vertex 87.1701 0.61 6.8172
    endloop
  endfacet
  facet normal 0 1 0
    outer loop
      vertex 87.1701 0.61 6.8172
      vertex 87.1714 0.61 6.7831
      vertex 86.1244 0.61 6.80753
    endloop
  endfacet
  facet normal 0 1 -0
    outer loop
      vertex 87.9116 0.61 7.26796
      vertex 87.8252 0.61 8.02678
      vertex 87.9839 0.61 8.02968
    endloop
  endfacet
  facet normal 0 1 0
    outer loop
      vertex 87.3908 0.61 6.47467
      vertex 86.9557 0.61 5.56226
      vertex 87.357 0.61 6.49407
    endloop
  endfacet
  facet normal 0 1 -0
    outer loop
      vertex 86.8786 0.61 5.59287
      vertex 86.812 0.61 5.62305
      vertex 87.3268 0.61 6.51409
    endloop
  endfacet
  facet normal 0 1 -0
    outer loop
      vertex 86.173 0.61 6.31363
      vertex 86.1569 0.61 6.37226
      vertex 87.1908 0.61 6.68863
    endloop
  endfacet
  facet normal -0 1 0
    outer loop
      vertex 86.1262 0.61 6.56005
      vertex 87.1818 0.61 6.7188
      vertex 86.1335 0.61 6.49546
    endloop
  endfacet
  facet normal 0 1 0
    outer loop
      vertex 87.253 0.61 6.58103
      vertex 87.275 0.61 6.55741
      vertex 86.5383 0.61 5.79303
    endloop
  endfacet
  facet normal -0 1 0
    outer loop
      vertex 86.4473 0.61 5.87232
      vertex 87.253 0.61 6.58103
      vertex 86.4915 0.61 5.83187
    endloop
  endfacet
  facet normal -0 1 0
    outer loop
      vertex 86.367 0.61 5.95806
      vertex 87.2336 0.61 6.60596
      vertex 86.4059 0.61 5.91439
    endloop
  endfacet
  facet normal -0 1 0
    outer loop
      vertex 86.2973 0.61 6.05025
      vertex 87.2167 0.61 6.63221
      vertex 86.3309 0.61 6.00334
    endloop
  endfacet
  facet normal 0 1 -0
    outer loop
      vertex 86.2666 0.61 6.09896
      vertex 86.2388 0.61 6.14965
      vertex 87.2167 0.61 6.63221
    endloop
  endfacet
  facet normal 0 1 -0
    outer loop
      vertex 86.1569 0.61 6.37226
      vertex 86.1438 0.61 6.43288
      vertex 87.1908 0.61 6.68863
    endloop
  endfacet
  facet normal 0 1 0
    outer loop
      vertex 86.173 0.61 6.31363
      vertex 87.1908 0.61 6.68863
      vertex 87.2025 0.61 6.65976
    endloop
  endfacet
  facet normal 0 1 0
    outer loop
      vertex 87.1908 0.61 6.68863
      vertex 86.1438 0.61 6.43288
      vertex 87.1818 0.61 6.7188
    endloop
  endfacet
  facet normal -0 1 0
    outer loop
      vertex 86.1218 0.61 6.62662
      vertex 87.1753 0.61 6.75029
      vertex 86.1262 0.61 6.56005
    endloop
  endfacet
  facet normal 0 1 0
    outer loop
      vertex 87.1753 0.61 6.75029
      vertex 86.1203 0.61 6.69516
      vertex 87.1714 0.61 6.7831
    endloop
  endfacet
  facet normal 0 1 0
    outer loop
      vertex 86.1244 0.61 6.80753
      vertex 87.1714 0.61 6.7831
      vertex 86.1203 0.61 6.69516
    endloop
  endfacet
  facet normal 0 1 0
    outer loop
      vertex 86.2208 0.61 7.21089
      vertex 87.1768 0.61 6.90134
      vertex 86.1846 0.61 7.11696
    endloop
  endfacet
  facet normal -0 1 0
    outer loop
      vertex 86.3775 0.61 7.46504
      vertex 86.4458 0.61 7.54055
      vertex 87.197 0.61 6.9762
    endloop
  endfacet
  facet normal 0 1 -0
    outer loop
      vertex 87.197 0.61 6.9762
      vertex 86.4458 0.61 7.54055
      vertex 87.2121 0.61 7.01015
    endloop
  endfacet
  facet normal 0 1 0
    outer loop
      vertex 87.2121 0.61 7.01015
      vertex 86.4458 0.61 7.54055
      vertex 86.5222 0.61 7.61144
    endloop
  endfacet
  facet normal 0 1 0
    outer loop
      vertex 86.6066 0.61 7.67772
      vertex 87.2306 0.61 7.04177
      vertex 86.5222 0.61 7.61144
    endloop
  endfacet
  facet normal -0 1 0
    outer loop
      vertex 86.6066 0.61 7.67772
      vertex 86.6983 0.61 7.73882
      vertex 87.2525 0.61 7.07108
    endloop
  endfacet
  facet normal 0 1 0
    outer loop
      vertex 87.2777 0.61 7.09806
      vertex 86.6983 0.61 7.73882
      vertex 86.7968 0.61 7.79407
    endloop
  endfacet
  facet normal 0 1 0
    outer loop
      vertex 86.7968 0.61 7.79407
      vertex 87.3063 0.61 7.12273
      vertex 87.2777 0.61 7.09806
    endloop
  endfacet
  facet normal 0 1 0
    outer loop
      vertex 86.9019 0.61 7.84352
      vertex 87.3382 0.61 7.14507
      vertex 87.3063 0.61 7.12273
    endloop
  endfacet
  facet normal 0 1 -0
    outer loop
      vertex 87.3382 0.61 7.14507
      vertex 87.0137 0.61 7.88716
      vertex 87.3735 0.61 7.16509
    endloop
  endfacet
  facet normal 0 1 0
    outer loop
      vertex 87.3735 0.61 7.16509
      vertex 87.0137 0.61 7.88716
      vertex 87.1323 0.61 7.92498
    endloop
  endfacet
  facet normal 0 1 0
    outer loop
      vertex 87.4122 0.61 7.18309
      vertex 87.3735 0.61 7.16509
      vertex 87.1323 0.61 7.92498
    endloop
  endfacet
  facet normal 0 1 0
    outer loop
      vertex 87.2575 0.61 7.95697
      vertex 87.4542 0.61 7.19937
      vertex 87.1323 0.61 7.92498
    endloop
  endfacet
  facet normal 0 1 0
    outer loop
      vertex 87.3894 0.61 7.98314
      vertex 87.5484 0.61 7.22681
      vertex 87.4996 0.61 7.21396
    endloop
  endfacet
  facet normal 0 1 0
    outer loop
      vertex 87.528 0.61 8.00351
      vertex 87.6005 0.61 7.23796
      vertex 87.3894 0.61 7.98314
    endloop
  endfacet
  facet normal 0 1 0
    outer loop
      vertex 87.528 0.61 8.00351
      vertex 87.7149 0.61 7.25511
      vertex 87.656 0.61 7.24739
    endloop
  endfacet
  facet normal 0 1 0
    outer loop
      vertex 87.528 0.61 8.00351
      vertex 87.656 0.61 7.24739
      vertex 87.6005 0.61 7.23796
    endloop
  endfacet
  facet normal 0 1 -0
    outer loop
      vertex 87.7771 0.61 7.26111
      vertex 87.6732 0.61 8.01805
      vertex 87.8252 0.61 8.02678
    endloop
  endfacet
  facet normal 0 1 0
    outer loop
      vertex 87.7771 0.61 7.26111
      vertex 87.7149 0.61 7.25511
      vertex 87.6732 0.61 8.01805
    endloop
  endfacet
  facet normal 0 1 0
    outer loop
      vertex 87.8252 0.61 8.02678
      vertex 87.9116 0.61 7.26796
      vertex 87.8427 0.61 7.2654
    endloop
  endfacet
  facet normal 0 1 0
    outer loop
      vertex 87.9839 0.61 8.02968
      vertex 87.9839 0.61 7.26883
      vertex 87.9116 0.61 7.26796
    endloop
  endfacet
  facet normal 0 1 0
    outer loop
      vertex 88.0575 0.61 7.26773
      vertex 87.9839 0.61 7.26883
      vertex 87.9839 0.61 8.02968
    endloop
  endfacet
  facet normal 0 1 0
    outer loop
      vertex 88.1241 0.61 8.02716
      vertex 88.1274 0.61 7.26445
      vertex 88.0575 0.61 7.26773
    endloop
  endfacet
  facet normal 0 1 0
    outer loop
      vertex 88.1241 0.61 8.02716
      vertex 88.2593 0.61 8.0196
      vertex 88.1274 0.61 7.26445
    endloop
  endfacet
  facet normal -0 1 0
    outer loop
      vertex 88.1936 0.61 7.25899
      vertex 88.2593 0.61 8.0196
      vertex 88.2561 0.61 7.25135
    endloop
  endfacet
  facet normal 0 1 0
    outer loop
      vertex 88.5143 0.61 7.98934
      vertex 88.3149 0.61 7.2415
      vertex 88.3893 0.61 8.00699
    endloop
  endfacet
  facet normal -0 1 0
    outer loop
      vertex 88.3149 0.61 7.2415
      vertex 88.5143 0.61 7.98934
      vertex 88.37 0.61 7.22948
    endloop
  endfacet
  facet normal 0 1 0
    outer loop
      vertex 88.4214 0.61 7.21527
      vertex 88.5143 0.61 7.98934
      vertex 88.6343 0.61 7.96663
    endloop
  endfacet
  facet normal 0 1 -0
    outer loop
      vertex 88.4691 0.61 7.19889
      vertex 88.4214 0.61 7.21527
      vertex 88.6343 0.61 7.96663
    endloop
  endfacet
  facet normal 0 1 -0
    outer loop
      vertex 88.5131 0.61 7.1803
      vertex 88.4691 0.61 7.19889
      vertex 88.7491 0.61 7.93889
    endloop
  endfacet
  facet normal 0 1 -0
    outer loop
      vertex 88.5535 0.61 7.15953
      vertex 88.5131 0.61 7.1803
      vertex 88.8589 0.61 7.90612
    endloop
  endfacet
  facet normal 0 1 0
    outer loop
      vertex 88.9636 0.61 7.86827
      vertex 88.5535 0.61 7.15953
      vertex 88.8589 0.61 7.90612
    endloop
  endfacet
  facet normal 0 1 0
    outer loop
      vertex 89.0632 0.61 7.82541
      vertex 88.5901 0.61 7.13658
      vertex 88.9636 0.61 7.86827
    endloop
  endfacet
  facet normal 0 1 0
    outer loop
      vertex 89.1577 0.61 7.77748
      vertex 88.6237 0.61 7.11142
      vertex 89.0632 0.61 7.82541
    endloop
  endfacet
  facet normal 0 1 0
    outer loop
      vertex 89.2472 0.61 7.72452
      vertex 88.6549 0.61 7.084
      vertex 89.1577 0.61 7.77748
    endloop
  endfacet
  facet normal 0 1 0
    outer loop
      vertex 89.2472 0.61 7.72452
      vertex 88.6838 0.61 7.05432
      vertex 88.6549 0.61 7.084
    endloop
  endfacet
  facet normal 0 1 0
    outer loop
      vertex 89.3311 0.61 7.6668
      vertex 88.7104 0.61 7.02239
      vertex 88.6838 0.61 7.05432
    endloop
  endfacet
  facet normal 0 1 0
    outer loop
      vertex 89.4091 0.61 7.60456
      vertex 88.7345 0.61 6.98822
      vertex 88.7104 0.61 7.02239
    endloop
  endfacet
  facet normal 0 1 0
    outer loop
      vertex 89.5473 0.61 7.46656
      vertex 88.7564 0.61 6.95179
      vertex 89.4812 0.61 7.5378
    endloop
  endfacet
  facet normal 0 1 0
    outer loop
      vertex 89.6074 0.61 7.3908
      vertex 88.7758 0.61 6.9131
      vertex 89.5473 0.61 7.46656
    endloop
  endfacet
  facet normal 0 1 0
    outer loop
      vertex 89.6074 0.61 7.3908
      vertex 88.793 0.61 6.87216
      vertex 88.7758 0.61 6.9131
    endloop
  endfacet
  facet normal 0 1 0
    outer loop
      vertex 89.6074 0.61 7.3908
      vertex 89.6616 0.61 7.31053
      vertex 88.793 0.61 6.87216
    endloop
  endfacet
  facet normal 0 1 0
    outer loop
      vertex 88.793 0.61 6.87216
      vertex 89.6616 0.61 7.31053
      vertex 89.7099 0.61 7.22576
    endloop
  endfacet
  facet normal 0 1 -0
    outer loop
      vertex 88.8077 0.61 6.82898
      vertex 88.793 0.61 6.87216
      vertex 89.7099 0.61 7.22576
    endloop
  endfacet
  facet normal 0 1 0
    outer loop
      vertex 88.8201 0.61 6.78354
      vertex 89.7521 0.61 7.13648
      vertex 89.7885 0.61 7.0427
    endloop
  endfacet
  facet normal 0 1 0
    outer loop
      vertex 88.8302 0.61 6.73584
      vertex 89.7885 0.61 7.0427
      vertex 89.8189 0.61 6.94442
    endloop
  endfacet
  facet normal 0 1 0
    outer loop
      vertex 89.5473 0.61 7.46656
      vertex 88.7758 0.61 6.9131
      vertex 88.7564 0.61 6.95179
    endloop
  endfacet
  facet normal 0 1 0
    outer loop
      vertex 89.4812 0.61 7.5378
      vertex 88.7564 0.61 6.95179
      vertex 88.7345 0.61 6.98822
    endloop
  endfacet
  facet normal 0 1 0
    outer loop
      vertex 89.4091 0.61 7.60456
      vertex 89.4812 0.61 7.5378
      vertex 88.7345 0.61 6.98822
    endloop
  endfacet
  facet normal 0 1 0
    outer loop
      vertex 89.3311 0.61 7.6668
      vertex 89.4091 0.61 7.60456
      vertex 88.7104 0.61 7.02239
    endloop
  endfacet
  facet normal 0 1 0
    outer loop
      vertex 89.2472 0.61 7.72452
      vertex 89.3311 0.61 7.6668
      vertex 88.6838 0.61 7.05432
    endloop
  endfacet
  facet normal 0 1 0
    outer loop
      vertex 89.1577 0.61 7.77748
      vertex 88.6549 0.61 7.084
      vertex 88.6237 0.61 7.11142
    endloop
  endfacet
  facet normal 0 1 0
    outer loop
      vertex 89.0632 0.61 7.82541
      vertex 88.6237 0.61 7.11142
      vertex 88.5901 0.61 7.13658
    endloop
  endfacet
  facet normal 0 1 0
    outer loop
      vertex 88.9636 0.61 7.86827
      vertex 88.5901 0.61 7.13658
      vertex 88.5535 0.61 7.15953
    endloop
  endfacet
  facet normal 0 1 0
    outer loop
      vertex 88.8589 0.61 7.90612
      vertex 88.5131 0.61 7.1803
      vertex 88.7491 0.61 7.93889
    endloop
  endfacet
  facet normal 0 1 0
    outer loop
      vertex 88.7491 0.61 7.93889
      vertex 88.4691 0.61 7.19889
      vertex 88.6343 0.61 7.96663
    endloop
  endfacet
  facet normal 0 1 -0
    outer loop
      vertex 88.4214 0.61 7.21527
      vertex 88.37 0.61 7.22948
      vertex 88.5143 0.61 7.98934
    endloop
  endfacet
  facet normal 0 1 -0
    outer loop
      vertex 88.3149 0.61 7.2415
      vertex 88.2561 0.61 7.25135
      vertex 88.3893 0.61 8.00699
    endloop
  endfacet
  facet normal 0 1 -0
    outer loop
      vertex 88.1936 0.61 7.25899
      vertex 88.1274 0.61 7.26445
      vertex 88.2593 0.61 8.0196
    endloop
  endfacet
  facet normal 0 1 -0
    outer loop
      vertex 88.0575 0.61 7.26773
      vertex 87.9839 0.61 8.02968
      vertex 88.1241 0.61 8.02716
    endloop
  endfacet
  facet normal 0 1 0
    outer loop
      vertex 87.7771 0.61 7.26111
      vertex 87.8252 0.61 8.02678
      vertex 87.8427 0.61 7.2654
    endloop
  endfacet
  facet normal 0 1 0
    outer loop
      vertex 87.6005 0.61 7.23796
      vertex 87.5484 0.61 7.22681
      vertex 87.3894 0.61 7.98314
    endloop
  endfacet
  facet normal 0 1 0
    outer loop
      vertex 87.3894 0.61 7.98314
      vertex 87.4996 0.61 7.21396
      vertex 87.2575 0.61 7.95697
    endloop
  endfacet
  facet normal 0 1 0
    outer loop
      vertex 87.2575 0.61 7.95697
      vertex 87.4996 0.61 7.21396
      vertex 87.4542 0.61 7.19937
    endloop
  endfacet
  facet normal 0 1 0
    outer loop
      vertex 87.4542 0.61 7.19937
      vertex 87.4122 0.61 7.18309
      vertex 87.1323 0.61 7.92498
    endloop
  endfacet
  facet normal -0 1 0
    outer loop
      vertex 86.9019 0.61 7.84352
      vertex 87.0137 0.61 7.88716
      vertex 87.3382 0.61 7.14507
    endloop
  endfacet
  facet normal 0 1 0
    outer loop
      vertex 86.9019 0.61 7.84352
      vertex 87.3063 0.61 7.12273
      vertex 86.7968 0.61 7.79407
    endloop
  endfacet
  facet normal 0 1 0
    outer loop
      vertex 87.2777 0.61 7.09806
      vertex 87.2525 0.61 7.07108
      vertex 86.6983 0.61 7.73882
    endloop
  endfacet
  facet normal 0 1 0
    outer loop
      vertex 86.6066 0.61 7.67772
      vertex 87.2525 0.61 7.07108
      vertex 87.2306 0.61 7.04177
    endloop
  endfacet
  facet normal 0 1 0
    outer loop
      vertex 87.2306 0.61 7.04177
      vertex 87.2121 0.61 7.01015
      vertex 86.5222 0.61 7.61144
    endloop
  endfacet
  facet normal 0 1 0
    outer loop
      vertex 86.3775 0.61 7.46504
      vertex 87.197 0.61 6.9762
      vertex 86.3173 0.61 7.38494
    endloop
  endfacet
  facet normal 0 1 0
    outer loop
      vertex 86.3173 0.61 7.38494
      vertex 87.1852 0.61 6.93993
      vertex 86.265 0.61 7.30022
    endloop
  endfacet
  facet normal 0 1 0
    outer loop
      vertex 87.1852 0.61 6.93993
      vertex 87.1768 0.61 6.90134
      vertex 86.2208 0.61 7.21089
    endloop
  endfacet
  facet normal 0 1 0
    outer loop
      vertex 87.1768 0.61 6.90134
      vertex 87.1718 0.61 6.86043
      vertex 86.1846 0.61 7.11696
    endloop
  endfacet
  facet normal 0 1 0
    outer loop
      vertex 87.1718 0.61 6.86043
      vertex 86.1364 0.61 6.91529
      vertex 86.1565 0.61 7.01844
    endloop
  endfacet
  facet normal 0 1 0
    outer loop
      vertex 86.1244 0.61 6.80753
      vertex 86.1364 0.61 6.91529
      vertex 87.1701 0.61 6.8172
    endloop
  endfacet
  facet normal 0 1 0
    outer loop
      vertex 87.1753 0.61 6.75029
      vertex 86.1218 0.61 6.62662
      vertex 86.1203 0.61 6.69516
    endloop
  endfacet
  facet normal 0 1 0
    outer loop
      vertex 86.1262 0.61 6.56005
      vertex 87.1753 0.61 6.75029
      vertex 87.1818 0.61 6.7188
    endloop
  endfacet
  facet normal -0 1 0
    outer loop
      vertex 86.1335 0.61 6.49546
      vertex 87.1818 0.61 6.7188
      vertex 86.1438 0.61 6.43288
    endloop
  endfacet
  facet normal 0 1 -0
    outer loop
      vertex 86.192 0.61 6.25698
      vertex 86.173 0.61 6.31363
      vertex 87.2025 0.61 6.65976
    endloop
  endfacet
  facet normal 0 1 0
    outer loop
      vertex 86.9504 0.61 4.79096
      vertex 85.977 0.61 4.53284
      vertex 85.9454 0.61 4.64043
    endloop
  endfacet
  facet normal 0 1 0
    outer loop
      vertex 87.2025 0.61 6.65976
      vertex 86.2388 0.61 6.14965
      vertex 86.214 0.61 6.20232
    endloop
  endfacet
  facet normal 0 1 0
    outer loop
      vertex 87.2025 0.61 6.65976
      vertex 87.2167 0.61 6.63221
      vertex 86.2388 0.61 6.14965
    endloop
  endfacet
  facet normal 0 1 0
    outer loop
      vertex 87.2167 0.61 6.63221
      vertex 86.2973 0.61 6.05025
      vertex 86.2666 0.61 6.09896
    endloop
  endfacet
  facet normal 0 1 0
    outer loop
      vertex 87.2336 0.61 6.60596
      vertex 86.3309 0.61 6.00334
      vertex 87.2167 0.61 6.63221
    endloop
  endfacet
  facet normal 0 1 0
    outer loop
      vertex 87.2336 0.61 6.60596
      vertex 86.367 0.61 5.95806
      vertex 86.3309 0.61 6.00334
    endloop
  endfacet
  facet normal 0 1 -0
    outer loop
      vertex 86.4473 0.61 5.87232
      vertex 86.4059 0.61 5.91439
      vertex 87.2336 0.61 6.60596
    endloop
  endfacet
  facet normal 0 1 0
    outer loop
      vertex 87.253 0.61 6.58103
      vertex 86.4473 0.61 5.87232
      vertex 87.2336 0.61 6.60596
    endloop
  endfacet
  facet normal 0 1 -0
    outer loop
      vertex 86.5383 0.61 5.79303
      vertex 86.4915 0.61 5.83187
      vertex 87.253 0.61 6.58103
    endloop
  endfacet
  facet normal 0 1 -0
    outer loop
      vertex 86.5877 0.61 5.75582
      vertex 86.5383 0.61 5.79303
      vertex 87.275 0.61 6.55741
    endloop
  endfacet
  facet normal 0 1 -0
    outer loop
      vertex 86.6398 0.61 5.7202
      vertex 86.5877 0.61 5.75582
      vertex 87.275 0.61 6.55741
    endloop
  endfacet
  facet normal 0 1 -0
    outer loop
      vertex 86.6945 0.61 5.68621
      vertex 86.6398 0.61 5.7202
      vertex 87.2996 0.61 6.53508
    endloop
  endfacet
  facet normal 0 1 -0
    outer loop
      vertex 86.752 0.61 5.65381
      vertex 86.6945 0.61 5.68621
      vertex 87.2996 0.61 6.53508
    endloop
  endfacet
  facet normal 0 1 -0
    outer loop
      vertex 86.812 0.61 5.62305
      vertex 86.752 0.61 5.65381
      vertex 87.3268 0.61 6.51409
    endloop
  endfacet
  facet normal 0 1 0
    outer loop
      vertex 86.8786 0.61 5.59287
      vertex 87.3268 0.61 6.51409
      vertex 87.357 0.61 6.49407
    endloop
  endfacet
  facet normal 0 1 -0
    outer loop
      vertex 86.9557 0.61 5.56226
      vertex 86.8786 0.61 5.59287
      vertex 87.357 0.61 6.49407
    endloop
  endfacet
  facet normal 0 1 -0
    outer loop
      vertex 87.0432 0.61 5.53121
      vertex 86.9557 0.61 5.56226
      vertex 87.3908 0.61 6.47467
    endloop
  endfacet
  facet normal 0 1 -0
    outer loop
      vertex 87.1411 0.61 5.49971
      vertex 87.0432 0.61 5.53121
      vertex 87.4281 0.61 6.45594
    endloop
  endfacet
  facet normal 0 1 0
    outer loop
      vertex 87.4689 0.61 6.43784
      vertex 87.1411 0.61 5.49971
      vertex 87.4281 0.61 6.45594
    endloop
  endfacet
  facet normal 0 1 0
    outer loop
      vertex 87.5133 0.61 6.42037
      vertex 87.2494 0.61 5.46779
      vertex 87.1411 0.61 5.49971
    endloop
  endfacet
  facet normal 0 1 0
    outer loop
      vertex 87.5612 0.61 6.40354
      vertex 87.3681 0.61 5.43543
      vertex 87.2494 0.61 5.46779
    endloop
  endfacet
  facet normal 0 1 0
    outer loop
      vertex 87.6127 0.61 6.38736
      vertex 87.6676 0.61 6.37181
      vertex 87.3681 0.61 5.43543
    endloop
  endfacet
  facet normal -0 1 0
    outer loop
      vertex 87.3681 0.61 5.43543
      vertex 87.6676 0.61 6.37181
      vertex 87.4973 0.61 5.40264
    endloop
  endfacet
  facet normal 0 1 0
    outer loop
      vertex 87.4973 0.61 5.40264
      vertex 87.7261 0.61 6.35691
      vertex 87.7881 0.61 6.34264
    endloop
  endfacet
  facet normal -0 1 0
    outer loop
      vertex 87.6368 0.61 5.3694
      vertex 87.9467 0.61 6.30971
      vertex 87.7868 0.61 5.33573
    endloop
  endfacet
  facet normal 0 1 0
    outer loop
      vertex 88.6756 0.61 4.33934
      vertex 89.1072 0.61 3.65313
      vertex 88.9889 0.61 3.60799
    endloop
  endfacet
  facet normal 0 1 0
    outer loop
      vertex 88.0378 0.61 6.29032
      vertex 87.9473 0.61 5.30161
      vertex 87.7868 0.61 5.33573
    endloop
  endfacet
  facet normal 0 1 -0
    outer loop
      vertex 88.1181 0.61 5.26706
      vertex 87.9473 0.61 5.30161
      vertex 88.2142 0.61 6.25122
    endloop
  endfacet
  facet normal 0 1 0
    outer loop
      vertex 88.2995 0.61 6.23154
      vertex 88.3829 0.61 6.21173
      vertex 88.1181 0.61 5.26706
    endloop
  endfacet
  facet normal 0 1 -0
    outer loop
      vertex 88.1404 0.61 3.46353
      vertex 88.0609 0.61 4.21831
      vertex 88.1417 0.61 4.22133
    endloop
  endfacet
  facet normal 0 1 -0
    outer loop
      vertex 88.2639 0.61 5.2347
      vertex 88.193 0.61 5.25119
      vertex 88.4644 0.61 6.19184
    endloop
  endfacet
  facet normal -0 1 0
    outer loop
      vertex 88.3306 0.61 5.21756
      vertex 88.6216 0.61 6.15175
      vertex 88.3933 0.61 5.19979
    endloop
  endfacet
  facet normal -0 1 0
    outer loop
      vertex 88.452 0.61 5.18137
      vertex 88.7711 0.61 6.11127
      vertex 88.5065 0.61 5.16231
    endloop
  endfacet
  facet normal 0 1 0
    outer loop
      vertex 88.2905 0.61 4.23345
      vertex 88.4497 0.61 3.48761
      vertex 88.2983 0.61 3.47257
    endloop
  endfacet
  facet normal 0 1 0
    outer loop
      vertex 88.422 0.61 4.25362
      vertex 88.4497 0.61 3.48761
      vertex 88.3584 0.61 4.24251
    endloop
  endfacet
  facet normal 0 1 0
    outer loop
      vertex 89.6491 0.61 5.6501
      vertex 88.8236 0.61 4.95568
      vertex 89.614 0.61 5.68616
    endloop
  endfacet
  facet normal 0 1 -0
    outer loop
      vertex 88.8236 0.61 4.95568
      vertex 88.8017 0.61 4.98329
      vertex 89.614 0.61 5.68616
    endloop
  endfacet
  facet normal 0 1 0
    outer loop
      vertex 89.6491 0.61 5.6501
      vertex 89.6826 0.61 5.61258
      vertex 88.8236 0.61 4.95568
    endloop
  endfacet
  facet normal 0 1 0
    outer loop
      vertex 88.5871 0.61 4.299
      vertex 88.864 0.61 3.56887
      vertex 88.7326 0.61 3.53575
    endloop
  endfacet
  facet normal 0 1 0
    outer loop
      vertex 88.8236 0.61 4.95568
      vertex 89.6826 0.61 5.61258
      vertex 89.7145 0.61 5.57363
    endloop
  endfacet
  facet normal 0 1 0
    outer loop
      vertex 89.7448 0.61 5.53322
      vertex 89.7735 0.61 5.49138
      vertex 88.8426 0.61 4.92661
    endloop
  endfacet
  facet normal 0 1 0
    outer loop
      vertex 88.8426 0.61 4.92661
      vertex 89.7735 0.61 5.49138
      vertex 89.8006 0.61 5.44808
    endloop
  endfacet
  facet normal 0 1 -0
    outer loop
      vertex 88.8587 0.61 4.89609
      vertex 88.8426 0.61 4.92661
      vertex 89.8006 0.61 5.44808
    endloop
  endfacet
  facet normal 0 1 0
    outer loop
      vertex 89.8006 0.61 5.44808
      vertex 89.8256 0.61 5.40294
      vertex 88.8587 0.61 4.89609
    endloop
  endfacet
  facet normal 0 1 0
    outer loop
      vertex 88.8587 0.61 4.89609
      vertex 89.8256 0.61 5.40294
      vertex 89.8483 0.61 5.35555
    endloop
  endfacet
  facet normal 0 1 -0
    outer loop
      vertex 88.8719 0.61 4.86414
      vertex 88.8587 0.61 4.89609
      vertex 89.8865 0.61 5.25399
    endloop
  endfacet
  facet normal 0 1 0
    outer loop
      vertex 88.8587 0.61 4.89609
      vertex 89.8686 0.61 5.3059
      vertex 89.8865 0.61 5.25399
    endloop
  endfacet
  facet normal 0 1 0
    outer loop
      vertex 88.8719 0.61 4.86414
      vertex 89.8865 0.61 5.25399
      vertex 89.902 0.61 5.19983
    endloop
  endfacet
  facet normal 0 1 0
    outer loop
      vertex 89.9152 0.61 5.14344
      vertex 89.9259 0.61 5.08478
      vertex 88.8719 0.61 4.86414
    endloop
  endfacet
  facet normal 0 1 0
    outer loop
      vertex 89.9152 0.61 5.14344
      vertex 88.8719 0.61 4.86414
      vertex 89.902 0.61 5.19983
    endloop
  endfacet
  facet normal 0 1 0
    outer loop
      vertex 89.9342 0.61 5.02387
      vertex 88.8821 0.61 4.83074
      vertex 89.9259 0.61 5.08478
    endloop
  endfacet
  facet normal -0 1 0
    outer loop
      vertex 88.8821 0.61 4.83074
      vertex 89.9402 0.61 4.9607
      vertex 88.8894 0.61 4.79589
    endloop
  endfacet
  facet normal 0 1 0
    outer loop
      vertex 89.9342 0.61 5.02387
      vertex 89.9402 0.61 4.9607
      vertex 88.8821 0.61 4.83074
    endloop
  endfacet
  facet normal 0 1 0
    outer loop
      vertex 88.8894 0.61 4.79589
      vertex 89.9438 0.61 4.89528
      vertex 89.945 0.61 4.82762
    endloop
  endfacet
  facet normal 0 1 0
    outer loop
      vertex 89.9402 0.61 4.9607
      vertex 89.9438 0.61 4.89528
      vertex 88.8894 0.61 4.79589
    endloop
  endfacet
  facet normal 0 1 0
    outer loop
      vertex 89.945 0.61 4.82762
      vertex 89.9407 0.61 4.71375
      vertex 88.8938 0.61 4.75959
    endloop
  endfacet
  facet normal -0 1 -0
    outer loop
      vertex 88.8953 0.61 4.72184
      vertex 88.8938 0.61 4.75959
      vertex 89.9407 0.61 4.71375
    endloop
  endfacet
  facet normal 0 1 0
    outer loop
      vertex 89.9277 0.61 4.6044
      vertex 89.9061 0.61 4.49961
      vertex 88.8935 0.61 4.67565
    endloop
  endfacet
  facet normal 0 1 -0
    outer loop
      vertex 89.8759 0.61 4.39934
      vertex 88.8935 0.61 4.67565
      vertex 89.9061 0.61 4.49961
    endloop
  endfacet
  facet normal 0 1 0
    outer loop
      vertex 88.888 0.61 4.63172
      vertex 89.837 0.61 4.30362
      vertex 88.879 0.61 4.59009
    endloop
  endfacet
  facet normal 0 1 0
    outer loop
      vertex 88.879 0.61 4.59009
      vertex 89.7894 0.61 4.21245
      vertex 89.7333 0.61 4.12581
    endloop
  endfacet
  facet normal 0 1 -0
    outer loop
      vertex 89.6684 0.61 4.04372
      vertex 88.8662 0.61 4.55075
      vertex 89.7333 0.61 4.12581
    endloop
  endfacet
  facet normal -0 1 0
    outer loop
      vertex 88.8662 0.61 4.55075
      vertex 88.879 0.61 4.59009
      vertex 89.7333 0.61 4.12581
    endloop
  endfacet
  facet normal 0 1 -0
    outer loop
      vertex 89.595 0.61 3.96616
      vertex 88.8499 0.61 4.51369
      vertex 89.6684 0.61 4.04372
    endloop
  endfacet
  facet normal -0 1 0
    outer loop
      vertex 88.8499 0.61 4.51369
      vertex 88.8662 0.61 4.55075
      vertex 89.6684 0.61 4.04372
    endloop
  endfacet
  facet normal 0 1 0
    outer loop
      vertex 89.5129 0.61 3.89315
      vertex 88.8299 0.61 4.47892
      vertex 88.8499 0.61 4.51369
    endloop
  endfacet
  facet normal 0 1 -0
    outer loop
      vertex 89.5129 0.61 3.89315
      vertex 88.8499 0.61 4.51369
      vertex 89.595 0.61 3.96616
    endloop
  endfacet
  facet normal 0 1 0
    outer loop
      vertex 89.5129 0.61 3.89315
      vertex 89.4221 0.61 3.82466
      vertex 88.8299 0.61 4.47892
    endloop
  endfacet
  facet normal 0 1 0
    outer loop
      vertex 88.8299 0.61 4.47892
      vertex 89.4221 0.61 3.82466
      vertex 88.8063 0.61 4.44643
    endloop
  endfacet
  facet normal 0 1 0
    outer loop
      vertex 88.8063 0.61 4.44643
      vertex 89.3238 0.61 3.76146
      vertex 88.7791 0.61 4.41623
    endloop
  endfacet
  facet normal 0 1 0
    outer loop
      vertex 89.2188 0.61 3.70429
      vertex 89.1072 0.61 3.65313
      vertex 88.7482 0.61 4.38831
    endloop
  endfacet
  facet normal 0 1 0
    outer loop
      vertex 89.2188 0.61 3.70429
      vertex 88.7482 0.61 4.38831
      vertex 88.7791 0.61 4.41623
    endloop
  endfacet
  facet normal 0 1 0
    outer loop
      vertex 88.7482 0.61 4.38831
      vertex 89.1072 0.61 3.65313
      vertex 88.7137 0.61 4.36269
    endloop
  endfacet
  facet normal -0 1 0
    outer loop
      vertex 88.6335 0.61 4.31816
      vertex 88.6756 0.61 4.33934
      vertex 88.9889 0.61 3.60799
    endloop
  endfacet
  facet normal 0 1 0
    outer loop
      vertex 88.864 0.61 3.56887
      vertex 88.5871 0.61 4.299
      vertex 88.6335 0.61 4.31816
    endloop
  endfacet
  facet normal 0 1 -0
    outer loop
      vertex 88.864 0.61 3.56887
      vertex 88.6335 0.61 4.31816
      vertex 88.9889 0.61 3.60799
    endloop
  endfacet
  facet normal -0 1 0
    outer loop
      vertex 88.5364 0.61 4.28185
      vertex 88.5871 0.61 4.299
      vertex 88.7326 0.61 3.53575
    endloop
  endfacet
  facet normal 0 1 0
    outer loop
      vertex 88.5364 0.61 4.28185
      vertex 88.7326 0.61 3.53575
      vertex 88.4813 0.61 4.26673
    endloop
  endfacet
  facet normal 0 1 0
    outer loop
      vertex 88.4813 0.61 4.26673
      vertex 88.7326 0.61 3.53575
      vertex 88.5944 0.61 3.50867
    endloop
  endfacet
  facet normal -0 1 0
    outer loop
      vertex 88.422 0.61 4.25362
      vertex 88.4813 0.61 4.26673
      vertex 88.5944 0.61 3.50867
    endloop
  endfacet
  facet normal 0 1 -0
    outer loop
      vertex 88.4497 0.61 3.48761
      vertex 88.422 0.61 4.25362
      vertex 88.5944 0.61 3.50867
    endloop
  endfacet
  facet normal 0 1 0
    outer loop
      vertex 88.3584 0.61 4.24251
      vertex 88.4497 0.61 3.48761
      vertex 88.2905 0.61 4.23345
    endloop
  endfacet
  facet normal -0 1 0
    outer loop
      vertex 88.2182 0.61 4.22638
      vertex 88.2905 0.61 4.23345
      vertex 88.2983 0.61 3.47257
    endloop
  endfacet
  facet normal 0 1 0
    outer loop
      vertex 88.2182 0.61 4.22638
      vertex 88.2983 0.61 3.47257
      vertex 88.1417 0.61 4.22133
    endloop
  endfacet
  facet normal 0 1 0
    outer loop
      vertex 88.1417 0.61 4.22133
      vertex 88.2983 0.61 3.47257
      vertex 88.1404 0.61 3.46353
    endloop
  endfacet
  facet normal 0 1 0
    outer loop
      vertex 87.9757 0.61 3.46053
      vertex 88.0609 0.61 4.21831
      vertex 88.1404 0.61 3.46353
    endloop
  endfacet
  facet normal -0 1 0
    outer loop
      vertex 87.9757 0.61 4.2173
      vertex 88.0609 0.61 4.21831
      vertex 87.9757 0.61 3.46053
    endloop
  endfacet
  facet normal 0 1 0
    outer loop
      vertex 87.8836 0.61 4.21837
      vertex 87.9757 0.61 4.2173
      vertex 87.9757 0.61 3.46053
    endloop
  endfacet
  facet normal -0 1 0
    outer loop
      vertex 87.6599 0.61 3.47
      vertex 87.7966 0.61 4.22161
      vertex 87.8143 0.61 3.46289
    endloop
  endfacet
  facet normal 0 1 0
    outer loop
      vertex 87.286 0.61 4.32491
      vertex 87.3318 0.61 4.30446
      vertex 86.9931 0.61 3.57666
    endloop
  endfacet
  facet normal -0 1 0
    outer loop
      vertex 86.6774 0.61 3.69754
      vertex 87.1733 0.61 4.4009
      vertex 86.7756 0.61 3.65251
    endloop
  endfacet
  facet normal 0 1 0
    outer loop
      vertex 87.1094 0.61 4.4664
      vertex 86.5863 0.61 3.74732
      vertex 86.5013 0.61 3.80211
    endloop
  endfacet
  facet normal -0 1 0
    outer loop
      vertex 86.2148 0.61 4.07408
      vertex 87.0289 0.61 4.58734
      vertex 86.2784 0.61 3.99819
    endloop
  endfacet
  facet normal 0 1 0
    outer loop
      vertex 86.2784 0.61 3.99819
      vertex 87.0289 0.61 4.58734
      vertex 87.0537 0.61 4.54401
    endloop
  endfacet
  facet normal 0 1 0
    outer loop
      vertex 87.0289 0.61 4.58734
      vertex 86.2148 0.61 4.07408
      vertex 87.0062 0.61 4.63372
    endloop
  endfacet
  facet normal 0 1 0
    outer loop
      vertex 87.0062 0.61 4.63372
      vertex 86.2148 0.61 4.07408
      vertex 86.1565 0.61 4.15528
    endloop
  endfacet
  facet normal 0 1 0
    outer loop
      vertex 87.0062 0.61 4.63372
      vertex 86.1036 0.61 4.24175
      vertex 86.9856 0.61 4.68311
    endloop
  endfacet
  facet normal 0 1 0
    outer loop
      vertex 86.9856 0.61 4.68311
      vertex 86.1036 0.61 4.24175
      vertex 86.056 0.61 4.3335
    endloop
  endfacet
  facet normal 0 1 0
    outer loop
      vertex 86.056 0.61 4.3335
      vertex 86.9669 0.61 4.73552
      vertex 86.9856 0.61 4.68311
    endloop
  endfacet
  facet normal 0 1 0
    outer loop
      vertex 86.9669 0.61 4.73552
      vertex 86.056 0.61 4.3335
      vertex 86.0138 0.61 4.43053
    endloop
  endfacet
  facet normal 0 1 0
    outer loop
      vertex 86.9504 0.61 4.79096
      vertex 86.9669 0.61 4.73552
      vertex 86.0138 0.61 4.43053
    endloop
  endfacet
  facet normal -0 1 0
    outer loop
      vertex 85.977 0.61 4.53284
      vertex 86.9504 0.61 4.79096
      vertex 86.0138 0.61 4.43053
    endloop
  endfacet
  facet normal 0 1 -0
    outer loop
      vertex 86.3473 0.61 3.92755
      vertex 86.2784 0.61 3.99819
      vertex 87.0537 0.61 4.54401
    endloop
  endfacet
  facet normal 0 1 -0
    outer loop
      vertex 86.4216 0.61 3.8622
      vertex 86.3473 0.61 3.92755
      vertex 87.0805 0.61 4.5037
    endloop
  endfacet
  facet normal 0 1 0
    outer loop
      vertex 87.1094 0.61 4.4664
      vertex 86.4216 0.61 3.8622
      vertex 87.0805 0.61 4.5037
    endloop
  endfacet
  facet normal -0 1 0
    outer loop
      vertex 86.5863 0.61 3.74732
      vertex 87.1403 0.61 4.43213
      vertex 86.6774 0.61 3.69754
    endloop
  endfacet
  facet normal 0 1 0
    outer loop
      vertex 86.7756 0.61 3.65251
      vertex 87.1733 0.61 4.4009
      vertex 87.2083 0.61 4.37268
    endloop
  endfacet
  facet normal 0 1 -0
    outer loop
      vertex 86.9931 0.61 3.57666
      vertex 86.8809 0.61 3.61222
      vertex 87.2453 0.61 4.34751
    endloop
  endfacet
  facet normal 0 1 0
    outer loop
      vertex 87.3318 0.61 4.30446
      vertex 87.1124 0.61 3.54586
      vertex 86.9931 0.61 3.57666
    endloop
  endfacet
  facet normal 0 1 0
    outer loop
      vertex 87.3828 0.61 4.28617
      vertex 87.4389 0.61 4.27002
      vertex 87.2387 0.61 3.51978
    endloop
  endfacet
  facet normal 0 1 0
    outer loop
      vertex 87.3721 0.61 3.49845
      vertex 87.5002 0.61 4.25605
      vertex 87.5666 0.61 4.2442
    endloop
  endfacet
  facet normal 0 1 0
    outer loop
      vertex 87.6599 0.61 3.47
      vertex 87.5125 0.61 3.48186
      vertex 87.6381 0.61 4.23452
    endloop
  endfacet
  facet normal 0 1 0
    outer loop
      vertex 87.7966 0.61 4.22161
      vertex 87.6599 0.61 3.47
      vertex 87.7148 0.61 4.22699
    endloop
  endfacet
  facet normal 0 1 0
    outer loop
      vertex 87.8836 0.61 4.21837
      vertex 87.9757 0.61 3.46053
      vertex 87.8143 0.61 3.46289
    endloop
  endfacet
  facet normal 0 1 0
    outer loop
      vertex 94.1646 0.61 3.54189
      vertex 93.0213 0.61 3.54189
      vertex 93.0213 0.61 7.94425
    endloop
  endfacet
  facet normal 0 -1 0
    outer loop
      vertex 94.1646 -0.01 8.73769
      vertex 94.1646 -0.01 9.57991
      vertex 93.0213 -0.01 9.57991
    endloop
  endfacet
  facet normal -0 -1 0
    outer loop
      vertex 96.3823 -0.01 7.36377
      vertex 96.3794 -0.01 7.41614
      vertex 95.2782 -0.01 7.35822
    endloop
  endfacet
  facet normal 0 -1 0
    outer loop
      vertex 93.0213 -0.01 8.73769
      vertex 94.1646 -0.01 8.73769
      vertex 93.0213 -0.01 9.57991
    endloop
  endfacet
  facet normal 0 -1 0
    outer loop
      vertex 93.0213 -0.01 7.94425
      vertex 94.1646 -0.01 3.54189
      vertex 94.1646 -0.01 7.94425
    endloop
  endfacet
  facet normal 0 -1 0
    outer loop
      vertex 95.2823 -0.01 3.54189
      vertex 96.4256 -0.01 5.90174
      vertex 95.2823 -0.01 6.95964
    endloop
  endfacet
  facet normal 0 -1 0
    outer loop
      vertex 90.7603 -0.01 9.57991
      vertex 91.9036 -0.01 3.54189
      vertex 91.9036 -0.01 9.57991
    endloop
  endfacet
  facet normal 0 -1 0
    outer loop
      vertex 90.7603 -0.01 3.54189
      vertex 91.9036 -0.01 3.54189
      vertex 90.7603 -0.01 9.57991
    endloop
  endfacet
  facet normal 0 -1 0
    outer loop
      vertex 82.0521 -0.01 5.4068
      vertex 82.0595 -0.01 5.25074
      vertex 83.22 -0.01 5.45452
    endloop
  endfacet
  facet normal 0 -1 0
    outer loop
      vertex 88.8894 -0.01 4.79589
      vertex 88.8938 -0.01 4.75959
      vertex 89.945 -0.01 4.82762
    endloop
  endfacet
  facet normal 0 -1 0
    outer loop
      vertex 88.749 -0.01 5.0342
      vertex 88.7768 -0.01 5.00946
      vertex 89.3687 -0.01 5.87256
    endloop
  endfacet
  facet normal 0 -1 0
    outer loop
      vertex 75.9792 -0.01 4.48178
      vertex 78.6402 -0.01 3.54189
      vertex 78.6402 -0.01 4.48178
    endloop
  endfacet
  facet normal 0 -1 0
    outer loop
      vertex 82.0578 -0.01 5.15843
      vertex 83.2409 -0.01 5.25977
      vertex 82.0595 -0.01 5.25074
    endloop
  endfacet
  facet normal 0 -1 -0
    outer loop
      vertex 74.871 -0.01 4.7778
      vertex 74.8162 -0.01 4.69011
      vertex 75.9792 -0.01 4.48178
    endloop
  endfacet
  facet normal 0 -1 -0
    outer loop
      vertex 77.263 -0.01 7.24979
      vertex 77.229 -0.01 7.1926
      vertex 78.1538 -0.01 6.62697
    endloop
  endfacet
  facet normal 0 -1 -0
    outer loop
      vertex 74.6983 -0.01 7.8664
      vertex 74.6772 -0.01 7.72452
      vertex 75.8287 -0.01 7.65943
    endloop
  endfacet
  facet normal -0 -1 0
    outer loop
      vertex 75.8402 -0.01 7.72956
      vertex 74.6983 -0.01 7.8664
      vertex 75.8287 -0.01 7.65943
    endloop
  endfacet
  facet normal -0 -1 0
    outer loop
      vertex 75.9837 -0.01 8.12912
      vertex 75.0313 -0.01 8.68437
      vertex 75.9564 -0.01 8.08184
    endloop
  endfacet
  facet normal 0 -1 0
    outer loop
      vertex 74.9638 -0.01 8.58629
      vertex 75.9314 -0.01 8.03127
      vertex 75.9564 -0.01 8.08184
    endloop
  endfacet
  facet normal 0 -1 0
    outer loop
      vertex 74.8013 -0.01 8.25449
      vertex 75.8699 -0.01 7.86003
      vertex 75.8882 -0.01 7.92037
    endloop
  endfacet
  facet normal 0 -1 -0
    outer loop
      vertex 74.903 -0.01 8.48194
      vertex 74.8488 -0.01 8.37134
      vertex 75.9087 -0.01 7.97745
    endloop
  endfacet
  facet normal 0 -1 -0
    outer loop
      vertex 74.9638 -0.01 8.58629
      vertex 74.903 -0.01 8.48194
      vertex 75.9314 -0.01 8.03127
    endloop
  endfacet
  facet normal 0 -1 -0
    outer loop
      vertex 77.2931 -0.01 7.3068
      vertex 77.263 -0.01 7.24979
      vertex 78.2293 -0.01 6.73526
    endloop
  endfacet
  facet normal 0 -1 0
    outer loop
      vertex 76.1155 -0.01 8.28569
      vertex 76.155 -0.01 8.31668
      vertex 75.572 -0.01 9.13851
    endloop
  endfacet
  facet normal 0 -1 -0
    outer loop
      vertex 77.3591 -0.01 7.47657
      vertex 77.3411 -0.01 7.42017
      vertex 78.392 -0.01 7.02066
    endloop
  endfacet
  facet normal -0 -1 0
    outer loop
      vertex 78.4445 -0.01 7.14159
      vertex 77.3591 -0.01 7.47657
      vertex 78.4196 -0.01 7.08049
    endloop
  endfacet
  facet normal 0 -1 0
    outer loop
      vertex 77.3731 -0.01 7.53275
      vertex 78.4865 -0.01 7.26761
      vertex 78.5035 -0.01 7.33254
    endloop
  endfacet
  facet normal 0 -1 0
    outer loop
      vertex 77.3731 -0.01 7.53275
      vertex 78.5035 -0.01 7.33254
      vertex 77.3831 -0.01 7.58873
    endloop
  endfacet
  facet normal -0 -1 0
    outer loop
      vertex 76.395 -0.01 8.42269
      vertex 76.1888 -0.01 9.32901
      vertex 76.3412 -0.01 8.40801
    endloop
  endfacet
  facet normal -0 -1 0
    outer loop
      vertex 78.5138 -0.01 8.14077
      vertex 78.4851 -0.01 8.26007
      vertex 77.3662 -0.01 7.9476
    endloop
  endfacet
  facet normal 0 -1 0
    outer loop
      vertex 76.9533 -0.01 9.34619
      vertex 76.769 -0.01 8.4426
      vertex 76.8872 -0.01 8.42404
    endloop
  endfacet
  facet normal 0 -1 -0
    outer loop
      vertex 77.9605 -0.01 9.01046
      vertex 77.2356 -0.01 8.22605
      vertex 78.0543 -0.01 8.93701
    endloop
  endfacet
  facet normal 0 -1 0
    outer loop
      vertex 77.3351 -0.01 8.0528
      vertex 78.2882 -0.01 8.68079
      vertex 77.2916 -0.01 8.1456
    endloop
  endfacet
  facet normal 0 -1 0
    outer loop
      vertex 77.3662 -0.01 7.9476
      vertex 77.3849 -0.01 7.83005
      vertex 78.5343 -0.01 8.01581
    endloop
  endfacet
  facet normal 0 -1 -0
    outer loop
      vertex 78.5343 -0.01 8.01581
      vertex 77.3849 -0.01 7.83005
      vertex 78.5466 -0.01 7.8852
    endloop
  endfacet
  facet normal 0 -1 0
    outer loop
      vertex 77.3911 -0.01 7.70011
      vertex 78.5507 -0.01 7.74895
      vertex 77.3849 -0.01 7.83005
    endloop
  endfacet
  facet normal 0 -1 -0
    outer loop
      vertex 77.3911 -0.01 7.70011
      vertex 77.3891 -0.01 7.64452
      vertex 78.5455 -0.01 7.60503
    endloop
  endfacet
  facet normal -0 -1 0
    outer loop
      vertex 78.5494 -0.01 7.67635
      vertex 77.3911 -0.01 7.70011
      vertex 78.5455 -0.01 7.60503
    endloop
  endfacet
  facet normal 0 -1 0
    outer loop
      vertex 78.5389 -0.01 7.53499
      vertex 78.5455 -0.01 7.60503
      vertex 77.3891 -0.01 7.64452
    endloop
  endfacet
  facet normal 0 -1 0
    outer loop
      vertex 78.5494 -0.01 7.67635
      vertex 78.5507 -0.01 7.74895
      vertex 77.3911 -0.01 7.70011
    endloop
  endfacet
  facet normal 0 -1 -0
    outer loop
      vertex 77.3891 -0.01 7.64452
      vertex 77.3831 -0.01 7.58873
      vertex 78.5297 -0.01 7.46624
    endloop
  endfacet
  facet normal 0 -1 0
    outer loop
      vertex 77.3351 -0.01 8.0528
      vertex 78.4482 -0.01 8.37372
      vertex 78.403 -0.01 8.48172
    endloop
  endfacet
  facet normal 0 -1 0
    outer loop
      vertex 76.6302 -0.01 9.36019
      vertex 76.6384 -0.01 8.44879
      vertex 76.7953 -0.01 9.35669
    endloop
  endfacet
  facet normal 0 -1 -0
    outer loop
      vertex 76.7953 -0.01 9.35669
      vertex 76.769 -0.01 8.4426
      vertex 76.9533 -0.01 9.34619
    endloop
  endfacet
  facet normal 0 -1 0
    outer loop
      vertex 77.2916 -0.01 8.1456
      vertex 78.0543 -0.01 8.93701
      vertex 77.2356 -0.01 8.22605
    endloop
  endfacet
  facet normal -0 -1 0
    outer loop
      vertex 78.2184 -0.01 8.77184
      vertex 78.1405 -0.01 8.85726
      vertex 77.2916 -0.01 8.1456
    endloop
  endfacet
  facet normal 0 -1 -0
    outer loop
      vertex 76.4771 -0.01 9.35672
      vertex 76.33 -0.01 9.34633
      vertex 76.511 -0.01 8.44226
    endloop
  endfacet
  facet normal 0 -1 0
    outer loop
      vertex 77.3662 -0.01 7.9476
      vertex 78.4482 -0.01 8.37372
      vertex 77.3351 -0.01 8.0528
    endloop
  endfacet
  facet normal 0 -1 -0
    outer loop
      vertex 78.5138 -0.01 8.14077
      vertex 77.3662 -0.01 7.9476
      vertex 78.5343 -0.01 8.01581
    endloop
  endfacet
  facet normal 0 -1 0
    outer loop
      vertex 78.5179 -0.01 7.39875
      vertex 78.5297 -0.01 7.46624
      vertex 77.3831 -0.01 7.58873
    endloop
  endfacet
  facet normal 0 -1 0
    outer loop
      vertex 78.5035 -0.01 7.33254
      vertex 78.5179 -0.01 7.39875
      vertex 77.3831 -0.01 7.58873
    endloop
  endfacet
  facet normal 0 -1 -0
    outer loop
      vertex 81.4885 -0.01 4.2968
      vertex 81.4214 -0.01 4.28339
      vertex 81.5332 -0.01 3.47525
    endloop
  endfacet
  facet normal 0 -1 0
    outer loop
      vertex 78.4668 -0.01 7.20397
      vertex 77.3731 -0.01 7.53275
      vertex 77.3591 -0.01 7.47657
    endloop
  endfacet
  facet normal 0 -1 0
    outer loop
      vertex 81.9746 -0.01 4.7049
      vertex 82.8866 -0.01 4.07994
      vertex 82.9615 -0.01 4.17583
    endloop
  endfacet
  facet normal -0 -1 0
    outer loop
      vertex 78.4668 -0.01 7.20397
      vertex 77.3591 -0.01 7.47657
      vertex 78.4445 -0.01 7.14159
    endloop
  endfacet
  facet normal 0 -1 0
    outer loop
      vertex 81.9929 -0.01 5.67433
      vertex 82.9281 -0.01 6.095
      vertex 82.8688 -0.01 6.15895
    endloop
  endfacet
  facet normal 0 -1 0
    outer loop
      vertex 76.2424 -0.01 8.36887
      vertex 75.9242 -0.01 9.27359
      vertex 75.8008 -0.01 9.23549
    endloop
  endfacet
  facet normal 0 -1 0
    outer loop
      vertex 81.8745 -0.01 5.88242
      vertex 82.2528 -0.01 6.50704
      vertex 82.1581 -0.01 6.53011
    endloop
  endfacet
  facet normal 0 -1 0
    outer loop
      vertex 77.3591 -0.01 7.47657
      vertex 78.392 -0.01 7.02066
      vertex 78.4196 -0.01 7.08049
    endloop
  endfacet
  facet normal 0 -1 0
    outer loop
      vertex 81.9411 -0.01 5.78582
      vertex 82.5923 -0.01 6.36933
      vertex 82.5133 -0.01 6.41057
    endloop
  endfacet
  facet normal 0 -1 0
    outer loop
      vertex 78.3314 -0.01 6.90398
      vertex 78.3624 -0.01 6.9619
      vertex 77.3411 -0.01 7.42017
    endloop
  endfacet
  facet normal 0 -1 0
    outer loop
      vertex 81.697 -0.01 6.03105
      vertex 81.7932 -0.01 5.96418
      vertex 82.0595 -0.01 6.54865
    endloop
  endfacet
  facet normal 0 -1 0
    outer loop
      vertex 76.1972 -0.01 8.34441
      vertex 76.2424 -0.01 8.36887
      vertex 75.8008 -0.01 9.23549
    endloop
  endfacet
  facet normal -0 -1 0
    outer loop
      vertex 83.173 -0.01 4.61891
      vertex 82.0162 -0.01 4.83698
      vertex 83.1333 -0.01 4.49921
    endloop
  endfacet
  facet normal 0 -1 0
    outer loop
      vertex 78.3314 -0.01 6.90398
      vertex 77.3411 -0.01 7.42017
      vertex 77.3191 -0.01 7.36357
    endloop
  endfacet
  facet normal 0 -1 0
    outer loop
      vertex 82.0318 -0.01 4.91017
      vertex 83.2038 -0.01 4.74456
      vertex 82.0439 -0.01 4.98816
    endloop
  endfacet
  facet normal -0 -1 0
    outer loop
      vertex 78.3314 -0.01 6.90398
      vertex 77.3191 -0.01 7.36357
      vertex 78.2988 -0.01 6.8469
    endloop
  endfacet
  facet normal 0 -1 0
    outer loop
      vertex 82.0578 -0.01 5.15843
      vertex 83.2391 -0.01 5.01371
      vertex 83.2435 -0.01 5.1572
    endloop
  endfacet
  facet normal -0 -1 0
    outer loop
      vertex 78.2988 -0.01 6.8469
      vertex 77.3191 -0.01 7.36357
      vertex 78.2648 -0.01 6.79067
    endloop
  endfacet
  facet normal 0 -1 0
    outer loop
      vertex 82.0526 -0.01 5.07091
      vertex 83.2258 -0.01 4.87615
      vertex 83.2391 -0.01 5.01371
    endloop
  endfacet
  facet normal 0 -1 0
    outer loop
      vertex 77.2931 -0.01 7.3068
      vertex 78.2293 -0.01 6.73526
      vertex 78.2648 -0.01 6.79067
    endloop
  endfacet
  facet normal 0 -1 0
    outer loop
      vertex 83.2435 -0.01 5.1572
      vertex 83.2409 -0.01 5.25977
      vertex 82.0578 -0.01 5.15843
    endloop
  endfacet
  facet normal 0 -1 0
    outer loop
      vertex 75.4665 -0.01 9.07964
      vertex 76.1155 -0.01 8.28569
      vertex 75.572 -0.01 9.13851
    endloop
  endfacet
  facet normal 0 -1 0
    outer loop
      vertex 82.0439 -0.01 4.98816
      vertex 83.2258 -0.01 4.87615
      vertex 82.0526 -0.01 5.07091
    endloop
  endfacet
  facet normal 0 -1 0
    outer loop
      vertex 74.6983 -0.01 7.8664
      vertex 75.8402 -0.01 7.72956
      vertex 74.726 -0.01 8.00202
    endloop
  endfacet
  facet normal 0 -1 -0
    outer loop
      vertex 83.22 -0.01 5.45452
      vertex 82.0595 -0.01 5.25074
      vertex 83.233 -0.01 5.35887
    endloop
  endfacet
  facet normal 0 -1 0
    outer loop
      vertex 74.726 -0.01 8.00202
      vertex 75.8402 -0.01 7.72956
      vertex 75.8539 -0.01 7.79642
    endloop
  endfacet
  facet normal 0 -1 0
    outer loop
      vertex 83.173 -0.01 4.61891
      vertex 82.0318 -0.01 4.91017
      vertex 82.0162 -0.01 4.83698
    endloop
  endfacet
  facet normal 0 -1 0
    outer loop
      vertex 74.9638 -0.01 8.58629
      vertex 75.9564 -0.01 8.08184
      vertex 75.0313 -0.01 8.68437
    endloop
  endfacet
  facet normal 0 -1 -0
    outer loop
      vertex 82.3436 -0.01 6.47942
      vertex 81.8745 -0.01 5.88242
      vertex 82.4304 -0.01 6.44727
    endloop
  endfacet
  facet normal 0 -1 -0
    outer loop
      vertex 74.8013 -0.01 8.25449
      vertex 74.7603 -0.01 8.13138
      vertex 75.8699 -0.01 7.86003
    endloop
  endfacet
  facet normal 0 -1 0
    outer loop
      vertex 81.9971 -0.01 4.76856
      vertex 83.0849 -0.01 4.38547
      vertex 82.0162 -0.01 4.83698
    endloop
  endfacet
  facet normal 0 -1 0
    outer loop
      vertex 74.8488 -0.01 8.37134
      vertex 75.8882 -0.01 7.92037
      vertex 75.9087 -0.01 7.97745
    endloop
  endfacet
  facet normal 0 -1 0
    outer loop
      vertex 81.4603 -0.01 6.12024
      vertex 81.3707 -0.01 6.96572
      vertex 81.3197 -0.01 6.14254
    endloop
  endfacet
  facet normal 0 -1 0
    outer loop
      vertex 74.8013 -0.01 8.25449
      vertex 75.8882 -0.01 7.92037
      vertex 74.8488 -0.01 8.37134
    endloop
  endfacet
  facet normal 0 -1 0
    outer loop
      vertex 82.1581 -0.01 6.53011
      vertex 81.7932 -0.01 5.96418
      vertex 81.8745 -0.01 5.88242
    endloop
  endfacet
  facet normal -0 -1 0
    outer loop
      vertex 75.9314 -0.01 8.03127
      vertex 74.903 -0.01 8.48194
      vertex 75.9087 -0.01 7.97745
    endloop
  endfacet
  facet normal 0 -1 0
    outer loop
      vertex 82.1317 -0.01 3.59307
      vertex 81.766 -0.01 4.42137
      vertex 81.7182 -0.01 4.3888
    endloop
  endfacet
  facet normal 0 -1 0
    outer loop
      vertex 75.8539 -0.01 7.79642
      vertex 75.8699 -0.01 7.86003
      vertex 74.7603 -0.01 8.13138
    endloop
  endfacet
  facet normal 0 -1 -0
    outer loop
      vertex 81.9971 -0.01 4.76856
      vertex 81.9746 -0.01 4.7049
      vertex 83.0276 -0.01 4.27768
    endloop
  endfacet
  facet normal 0 -1 0
    outer loop
      vertex 75.8539 -0.01 7.79642
      vertex 74.7603 -0.01 8.13138
      vertex 74.726 -0.01 8.00202
    endloop
  endfacet
  facet normal 0 -1 0
    outer loop
      vertex 75.9837 -0.01 8.12912
      vertex 75.1053 -0.01 8.7762
      vertex 75.0313 -0.01 8.68437
    endloop
  endfacet
  facet normal 0 -1 0
    outer loop
      vertex 79.4996 -0.01 7.08254
      vertex 80.4567 -0.01 7.50167
      vertex 79.4549 -0.01 7.15036
    endloop
  endfacet
  facet normal 0 -1 0
    outer loop
      vertex 75.9837 -0.01 8.12912
      vertex 75.186 -0.01 8.86177
      vertex 75.1053 -0.01 8.7762
    endloop
  endfacet
  facet normal 0 -1 0
    outer loop
      vertex 81.9113 -0.01 7.9791
      vertex 83.0846 -0.01 8.0896
      vertex 83.064 -0.01 8.2089
    endloop
  endfacet
  facet normal 0 -1 0
    outer loop
      vertex 81.9237 -0.01 7.69551
      vertex 83.0426 -0.01 7.43257
      vertex 83.0637 -0.01 7.50917
    endloop
  endfacet
  facet normal -0 -1 0
    outer loop
      vertex 78.2293 -0.01 6.73526
      vertex 77.263 -0.01 7.24979
      vertex 78.1923 -0.01 6.6807
    endloop
  endfacet
  facet normal 0 -1 0
    outer loop
      vertex 81.6217 -0.01 8.45856
      vertex 81.93 -0.01 9.27822
      vertex 81.5766 -0.01 8.48201
    endloop
  endfacet
  facet normal 0 -1 0
    outer loop
      vertex 77.263 -0.01 7.24979
      vertex 78.1538 -0.01 6.62697
      vertex 78.1923 -0.01 6.6807
    endloop
  endfacet
  facet normal 0 -1 0
    outer loop
      vertex 82.7653 -0.01 6.95029
      vertex 82.8183 -0.01 7.0125
      vertex 81.8869 -0.01 7.42516
    endloop
  endfacet
  facet normal 0 -1 0
    outer loop
      vertex 78.0725 -0.01 6.52205
      vertex 78.1139 -0.01 6.5741
      vertex 77.229 -0.01 7.1926
    endloop
  endfacet
  facet normal 0 -1 0
    outer loop
      vertex 81.3038 -0.01 8.55239
      vertex 81.3383 -0.01 9.35691
      vertex 81.2397 -0.01 8.55709
    endloop
  endfacet
  facet normal 0 -1 0
    outer loop
      vertex 78.0725 -0.01 6.52205
      vertex 77.229 -0.01 7.1926
      vertex 77.191 -0.01 7.13521
    endloop
  endfacet
  facet normal -0 -1 0
    outer loop
      vertex 78.0725 -0.01 6.52205
      vertex 77.191 -0.01 7.13521
      vertex 78.0296 -0.01 6.47084
    endloop
  endfacet
  facet normal 0 -1 -0
    outer loop
      vertex 79.5279 -0.01 8.70925
      vertex 79.4661 -0.01 8.61809
      vertex 80.4871 -0.01 8.1433
    endloop
  endfacet
  facet normal 0 -1 0
    outer loop
      vertex 80.8547 -0.01 9.34673
      vertex 81.044 -0.01 8.55216
      vertex 81.0102 -0.01 9.35683
    endloop
  endfacet
  facet normal 0 -1 0
    outer loop
      vertex 77.9396 -0.01 6.37085
      vertex 77.9852 -0.01 6.4205
      vertex 77.149 -0.01 7.07761
    endloop
  endfacet
  facet normal 0 -1 0
    outer loop
      vertex 80.4381 -0.01 7.90966
      vertex 79.2807 -0.01 8.08867
      vertex 79.2684 -0.01 7.96807
    endloop
  endfacet
  facet normal 0 -1 0
    outer loop
      vertex 77.102 -0.01 7.0185
      vertex 77.8457 -0.01 6.27329
      vertex 77.8931 -0.01 6.32178
    endloop
  endfacet
  facet normal -0 -1 0
    outer loop
      vertex 80.4871 -0.01 8.1433
      vertex 79.4126 -0.01 8.52204
      vertex 80.4565 -0.01 8.03296
    endloop
  endfacet
  facet normal 0 -1 -0
    outer loop
      vertex 77.0491 -0.01 6.95656
      vertex 76.9902 -0.01 6.8918
      vertex 77.7482 -0.01 6.17798
    endloop
  endfacet
  facet normal 0 -1 0
    outer loop
      vertex 77.647 -0.01 6.08498
      vertex 77.698 -0.01 6.1312
      vertex 76.9253 -0.01 6.82421
    endloop
  endfacet
  facet normal 0 -1 0
    outer loop
      vertex 76.8545 -0.01 6.7538
      vertex 77.5422 -0.01 5.99427
      vertex 77.5951 -0.01 6.03934
    endloop
  endfacet
  facet normal -0 -1 0
    outer loop
      vertex 77.4885 -0.01 5.94976
      vertex 76.7778 -0.01 6.68056
      vertex 77.4338 -0.01 5.90583
    endloop
  endfacet
  facet normal 0 -1 0
    outer loop
      vertex 76.6951 -0.01 6.6045
      vertex 77.3789 -0.01 5.86228
      vertex 76.7778 -0.01 6.68056
    endloop
  endfacet
  facet normal 0 -1 0
    outer loop
      vertex 77.2698 -0.01 5.77579
      vertex 76.6951 -0.01 6.6045
      vertex 76.6064 -0.01 6.52561
    endloop
  endfacet
  facet normal 0 -1 0
    outer loop
      vertex 69.3833 -0.01 5.55999
      vertex 69.2327 -0.01 6.48355
      vertex 67.9592 -0.01 5.55999
    endloop
  endfacet
  facet normal 0 -1 -0
    outer loop
      vertex 76.6064 -0.01 6.52561
      vertex 76.5118 -0.01 6.44391
      vertex 77.162 -0.01 5.6901
    endloop
  endfacet
  facet normal 0 -1 0
    outer loop
      vertex 69.6369 -0.01 6.53441
      vertex 69.8304 -0.01 5.59145
      vertex 69.9348 -0.01 5.60916
    endloop
  endfacet
  facet normal 0 -1 0
    outer loop
      vertex 76.5118 -0.01 6.44391
      vertex 77.0554 -0.01 5.60523
      vertex 77.162 -0.01 5.6901
    endloop
  endfacet
  facet normal 0 -1 0
    outer loop
      vertex 69.8342 -0.01 6.61376
      vertex 70.135 -0.01 5.65637
      vertex 70.2307 -0.01 5.68587
    endloop
  endfacet
  facet normal 0 -1 0
    outer loop
      vertex 76.9501 -0.01 5.52115
      vertex 77.0554 -0.01 5.60523
      vertex 76.4113 -0.01 6.35936
    endloop
  endfacet
  facet normal 0 -1 0
    outer loop
      vertex 70.3234 -0.01 5.71932
      vertex 70.4133 -0.01 5.75669
      vertex 69.8925 -0.01 6.64835
    endloop
  endfacet
  facet normal 0 -1 0
    outer loop
      vertex 76.9501 -0.01 5.52115
      vertex 76.4113 -0.01 6.35936
      vertex 76.3047 -0.01 6.27201
    endloop
  endfacet
  facet normal 0 -1 0
    outer loop
      vertex 69.9977 -0.01 6.72972
      vertex 70.6638 -0.01 5.89109
      vertex 70.7403 -0.01 5.94251
    endloop
  endfacet
  facet normal 0 -1 -0
    outer loop
      vertex 76.3047 -0.01 6.27201
      vertex 76.1926 -0.01 6.17987
      vertex 76.8459 -0.01 5.43788
    endloop
  endfacet
  facet normal 0 -1 0
    outer loop
      vertex 76.1926 -0.01 6.17987
      vertex 76.7945 -0.01 5.39643
      vertex 76.8459 -0.01 5.43788
    endloop
  endfacet
  facet normal 0 -1 -0
    outer loop
      vertex 71.3599 -0.01 8.16683
      vertex 70.231 -0.01 7.73831
      vertex 71.4012 -0.01 8.03844
    endloop
  endfacet
  facet normal 0 -1 0
    outer loop
      vertex 76.744 -0.01 5.35491
      vertex 76.1926 -0.01 6.17987
      vertex 76.084 -0.01 6.08841
    endloop
  endfacet
  facet normal 0 -1 0
    outer loop
      vertex 69.7024 -0.01 8.27582
      vertex 69.8607 -0.01 9.23949
      vertex 69.5526 -0.01 8.31314
    endloop
  endfacet
  facet normal -0 -1 0
    outer loop
      vertex 76.744 -0.01 5.35491
      vertex 76.084 -0.01 6.08841
      vertex 76.6943 -0.01 5.31331
    endloop
  endfacet
  facet normal 0 -1 0
    outer loop
      vertex 75.9789 -0.01 5.99762
      vertex 76.6455 -0.01 5.27166
      vertex 76.6943 -0.01 5.31331
    endloop
  endfacet
  facet normal 0 -1 -0
    outer loop
      vertex 70.0204 -0.01 9.21207
      vertex 69.8345 -0.01 8.22356
      vertex 70.1723 -0.01 9.17681
    endloop
  endfacet
  facet normal 0 -1 0
    outer loop
      vertex 76.5975 -0.01 5.22994
      vertex 76.6455 -0.01 5.27166
      vertex 75.9789 -0.01 5.99762
    endloop
  endfacet
  facet normal 0 -1 0
    outer loop
      vertex 70.3164 -0.01 9.13372
      vertex 69.8345 -0.01 8.22356
      vertex 69.9491 -0.01 8.15637
    endloop
  endfacet
  facet normal -0 -1 0
    outer loop
      vertex 76.5975 -0.01 5.22994
      vertex 75.8773 -0.01 5.90752
      vertex 76.5503 -0.01 5.18814
    endloop
  endfacet
  facet normal -0 -1 0
    outer loop
      vertex 70.581 -0.01 9.02404
      vertex 70.4526 -0.01 9.0828
      vertex 69.9491 -0.01 8.15637
    endloop
  endfacet
  facet normal 0 -1 0
    outer loop
      vertex 75.7793 -0.01 5.81807
      vertex 76.504 -0.01 5.14627
      vertex 75.8773 -0.01 5.90752
    endloop
  endfacet
  facet normal 0 -1 0
    outer loop
      vertex 69.8345 -0.01 8.22356
      vertex 70.3164 -0.01 9.13372
      vertex 70.1723 -0.01 9.17681
    endloop
  endfacet
  facet normal 0 -1 0
    outer loop
      vertex 76.4585 -0.01 5.10434
      vertex 76.504 -0.01 5.14627
      vertex 75.7793 -0.01 5.81807
    endloop
  endfacet
  facet normal 0 -1 -0
    outer loop
      vertex 71.2497 -0.01 8.40409
      vertex 70.1869 -0.01 7.86522
      vertex 71.3094 -0.01 8.2887
    endloop
  endfacet
  facet normal 0 -1 -0
    outer loop
      vertex 75.7793 -0.01 5.81807
      vertex 75.6848 -0.01 5.7293
      vertex 76.4139 -0.01 5.06235
    endloop
  endfacet
  facet normal 0 -1 0
    outer loop
      vertex 70.2574 -0.01 7.59648
      vertex 71.4563 -0.01 7.76223
      vertex 71.4333 -0.01 7.90358
    endloop
  endfacet
  facet normal 0 -1 0
    outer loop
      vertex 76.3271 -0.01 4.97817
      vertex 76.3701 -0.01 5.0203
      vertex 75.6848 -0.01 5.7293
    endloop
  endfacet
  facet normal 0 -1 0
    outer loop
      vertex 76.3271 -0.01 4.97817
      vertex 75.6848 -0.01 5.7293
      vertex 75.5938 -0.01 5.64119
    endloop
  endfacet
  facet normal 0 -1 -0
    outer loop
      vertex 70.2574 -0.01 7.27825
      vertex 70.2463 -0.01 7.20291
      vertex 71.4413 -0.01 7.07323
    endloop
  endfacet
  facet normal 0 -1 0
    outer loop
      vertex 75.5938 -0.01 5.64119
      vertex 76.246 -0.01 4.89276
      vertex 76.2856 -0.01 4.93573
    endloop
  endfacet
  facet normal 0 -1 0
    outer loop
      vertex 71.3412 -0.01 6.71761
      vertex 70.2307 -0.01 7.13117
      vertex 70.2107 -0.01 7.06304
    endloop
  endfacet
  facet normal 0 -1 0
    outer loop
      vertex 75.5063 -0.01 5.55376
      vertex 76.246 -0.01 4.89276
      vertex 75.5938 -0.01 5.64119
    endloop
  endfacet
  facet normal 0 -1 0
    outer loop
      vertex 71.3412 -0.01 6.71761
      vertex 71.3725 -0.01 6.80359
      vertex 70.2307 -0.01 7.13117
    endloop
  endfacet
  facet normal 0 -1 0
    outer loop
      vertex 76.2084 -0.01 4.84925
      vertex 75.5063 -0.01 5.55376
      vertex 75.4224 -0.01 5.467
    endloop
  endfacet
  facet normal 0 -1 0
    outer loop
      vertex 70.046 -0.01 8.07425
      vertex 70.581 -0.01 9.02404
      vertex 69.9491 -0.01 8.15637
    endloop
  endfacet
  facet normal -0 -1 0
    outer loop
      vertex 76.2084 -0.01 4.84925
      vertex 75.4224 -0.01 5.467
      vertex 76.1729 -0.01 4.80519
    endloop
  endfacet
  facet normal -0 -1 0
    outer loop
      vertex 71.3996 -0.01 6.89153
      vertex 70.2307 -0.01 7.13117
      vertex 71.3725 -0.01 6.80359
    endloop
  endfacet
  facet normal 0 -1 -0
    outer loop
      vertex 75.2652 -0.01 5.2955
      vertex 75.1917 -0.01 5.21024
      vertex 76.078 -0.01 4.66982
    endloop
  endfacet
  facet normal 0 -1 -0
    outer loop
      vertex 75.9789 -0.01 5.99762
      vertex 75.8773 -0.01 5.90752
      vertex 76.5975 -0.01 5.22994
    endloop
  endfacet
  facet normal 0 -1 0
    outer loop
      vertex 75.9837 -0.01 8.12912
      vertex 76.0132 -0.01 8.17316
      vertex 75.186 -0.01 8.86177
    endloop
  endfacet
  facet normal -0 -1 0
    outer loop
      vertex 76.045 -0.01 8.21393
      vertex 75.2733 -0.01 8.94109
      vertex 76.0132 -0.01 8.17316
    endloop
  endfacet
  facet normal 0 -1 0
    outer loop
      vertex 76.0132 -0.01 8.17316
      vertex 75.2733 -0.01 8.94109
      vertex 75.186 -0.01 8.86177
    endloop
  endfacet
  facet normal 0 -1 0
    outer loop
      vertex 76.045 -0.01 8.21393
      vertex 75.3669 -0.01 9.01383
      vertex 75.2733 -0.01 8.94109
    endloop
  endfacet
  facet normal 0 -1 -0
    outer loop
      vertex 75.4665 -0.01 9.07964
      vertex 75.3669 -0.01 9.01383
      vertex 76.079 -0.01 8.25145
    endloop
  endfacet
  facet normal -0 -1 0
    outer loop
      vertex 76.079 -0.01 8.25145
      vertex 75.3669 -0.01 9.01383
      vertex 76.045 -0.01 8.21393
    endloop
  endfacet
  facet normal 0 -1 0
    outer loop
      vertex 75.4665 -0.01 9.07964
      vertex 76.079 -0.01 8.25145
      vertex 76.1155 -0.01 8.28569
    endloop
  endfacet
  facet normal 0 -1 0
    outer loop
      vertex 76.155 -0.01 8.31668
      vertex 75.6834 -0.01 9.19046
      vertex 75.572 -0.01 9.13851
    endloop
  endfacet
  facet normal -0 -1 0
    outer loop
      vertex 76.1972 -0.01 8.34441
      vertex 75.6834 -0.01 9.19046
      vertex 76.155 -0.01 8.31668
    endloop
  endfacet
  facet normal 0 -1 0
    outer loop
      vertex 75.6834 -0.01 9.19046
      vertex 76.1972 -0.01 8.34441
      vertex 75.8008 -0.01 9.23549
    endloop
  endfacet
  facet normal -0 -1 0
    outer loop
      vertex 76.2904 -0.01 8.39008
      vertex 75.9242 -0.01 9.27359
      vertex 76.2424 -0.01 8.36887
    endloop
  endfacet
  facet normal 0 -1 -0
    outer loop
      vertex 76.0535 -0.01 9.30477
      vertex 75.9242 -0.01 9.27359
      vertex 76.2904 -0.01 8.39008
    endloop
  endfacet
  facet normal 0 -1 0
    outer loop
      vertex 76.0535 -0.01 9.30477
      vertex 76.3412 -0.01 8.40801
      vertex 76.1888 -0.01 9.32901
    endloop
  endfacet
  facet normal 0 -1 0
    outer loop
      vertex 76.0535 -0.01 9.30477
      vertex 76.2904 -0.01 8.39008
      vertex 76.3412 -0.01 8.40801
    endloop
  endfacet
  facet normal 0 -1 -0
    outer loop
      vertex 76.33 -0.01 9.34633
      vertex 76.1888 -0.01 9.32901
      vertex 76.395 -0.01 8.42269
    endloop
  endfacet
  facet normal 0 -1 0
    outer loop
      vertex 76.33 -0.01 9.34633
      vertex 76.4515 -0.01 8.43412
      vertex 76.511 -0.01 8.44226
    endloop
  endfacet
  facet normal 0 -1 0
    outer loop
      vertex 76.33 -0.01 9.34633
      vertex 76.395 -0.01 8.42269
      vertex 76.4515 -0.01 8.43412
    endloop
  endfacet
  facet normal 0 -1 0
    outer loop
      vertex 76.6302 -0.01 9.36019
      vertex 76.4771 -0.01 9.35672
      vertex 76.5732 -0.01 8.44716
    endloop
  endfacet
  facet normal -0 -1 0
    outer loop
      vertex 76.5732 -0.01 8.44716
      vertex 76.4771 -0.01 9.35672
      vertex 76.511 -0.01 8.44226
    endloop
  endfacet
  facet normal 0 -1 -0
    outer loop
      vertex 76.6302 -0.01 9.36019
      vertex 76.5732 -0.01 8.44716
      vertex 76.6384 -0.01 8.44879
    endloop
  endfacet
  facet normal 0 -1 0
    outer loop
      vertex 76.7953 -0.01 9.35669
      vertex 76.6384 -0.01 8.44879
      vertex 76.769 -0.01 8.4426
    endloop
  endfacet
  facet normal 0 -1 0
    outer loop
      vertex 76.993 -0.01 8.3931
      vertex 77.1042 -0.01 9.32871
      vertex 76.8872 -0.01 8.42404
    endloop
  endfacet
  facet normal 0 -1 0
    outer loop
      vertex 76.8872 -0.01 8.42404
      vertex 77.1042 -0.01 9.32871
      vertex 76.9533 -0.01 9.34619
    endloop
  endfacet
  facet normal -0 -1 0
    outer loop
      vertex 77.3845 -0.01 9.27275
      vertex 77.2479 -0.01 9.30423
      vertex 76.993 -0.01 8.3931
    endloop
  endfacet
  facet normal 0 -1 0
    outer loop
      vertex 76.993 -0.01 8.3931
      vertex 77.2479 -0.01 9.30423
      vertex 77.1042 -0.01 9.32871
    endloop
  endfacet
  facet normal -0 -1 0
    outer loop
      vertex 77.514 -0.01 9.23429
      vertex 77.3845 -0.01 9.27275
      vertex 77.0863 -0.01 8.3498
    endloop
  endfacet
  facet normal 0 -1 0
    outer loop
      vertex 77.0863 -0.01 8.3498
      vertex 77.3845 -0.01 9.27275
      vertex 76.993 -0.01 8.3931
    endloop
  endfacet
  facet normal 0 -1 0
    outer loop
      vertex 77.6363 -0.01 9.18882
      vertex 77.0863 -0.01 8.3498
      vertex 77.1672 -0.01 8.2941
    endloop
  endfacet
  facet normal -0 -1 0
    outer loop
      vertex 77.6363 -0.01 9.18882
      vertex 77.514 -0.01 9.23429
      vertex 77.0863 -0.01 8.3498
    endloop
  endfacet
  facet normal 0 -1 -0
    outer loop
      vertex 77.7515 -0.01 9.13636
      vertex 77.1672 -0.01 8.2941
      vertex 77.8596 -0.01 9.07691
    endloop
  endfacet
  facet normal -0 -1 0
    outer loop
      vertex 77.7515 -0.01 9.13636
      vertex 77.6363 -0.01 9.18882
      vertex 77.1672 -0.01 8.2941
    endloop
  endfacet
  facet normal 0 -1 -0
    outer loop
      vertex 77.8596 -0.01 9.07691
      vertex 77.2356 -0.01 8.22605
      vertex 77.9605 -0.01 9.01046
    endloop
  endfacet
  facet normal 0 -1 0
    outer loop
      vertex 77.8596 -0.01 9.07691
      vertex 77.1672 -0.01 8.2941
      vertex 77.2356 -0.01 8.22605
    endloop
  endfacet
  facet normal -0 -1 0
    outer loop
      vertex 78.1405 -0.01 8.85726
      vertex 78.0543 -0.01 8.93701
      vertex 77.2916 -0.01 8.1456
    endloop
  endfacet
  facet normal 0 -1 -0
    outer loop
      vertex 78.2184 -0.01 8.77184
      vertex 77.2916 -0.01 8.1456
      vertex 78.2882 -0.01 8.68079
    endloop
  endfacet
  facet normal 0 -1 0
    outer loop
      vertex 77.3351 -0.01 8.0528
      vertex 78.403 -0.01 8.48172
      vertex 78.3497 -0.01 8.58408
    endloop
  endfacet
  facet normal 0 -1 -0
    outer loop
      vertex 78.2882 -0.01 8.68079
      vertex 77.3351 -0.01 8.0528
      vertex 78.3497 -0.01 8.58408
    endloop
  endfacet
  facet normal 0 -1 0
    outer loop
      vertex 77.3662 -0.01 7.9476
      vertex 78.4851 -0.01 8.26007
      vertex 78.4482 -0.01 8.37372
    endloop
  endfacet
  facet normal 0 -1 0
    outer loop
      vertex 77.3849 -0.01 7.83005
      vertex 78.5507 -0.01 7.74895
      vertex 78.5466 -0.01 7.8852
    endloop
  endfacet
  facet normal -0 -1 0
    outer loop
      vertex 78.5389 -0.01 7.53499
      vertex 77.3891 -0.01 7.64452
      vertex 78.5297 -0.01 7.46624
    endloop
  endfacet
  facet normal 0 -1 0
    outer loop
      vertex 78.4668 -0.01 7.20397
      vertex 78.4865 -0.01 7.26761
      vertex 77.3731 -0.01 7.53275
    endloop
  endfacet
  facet normal 0 -1 0
    outer loop
      vertex 77.3411 -0.01 7.42017
      vertex 78.3624 -0.01 6.9619
      vertex 78.392 -0.01 7.02066
    endloop
  endfacet
  facet normal 0 -1 -0
    outer loop
      vertex 77.3191 -0.01 7.36357
      vertex 77.2931 -0.01 7.3068
      vertex 78.2648 -0.01 6.79067
    endloop
  endfacet
  facet normal 0 -1 0
    outer loop
      vertex 77.229 -0.01 7.1926
      vertex 78.1139 -0.01 6.5741
      vertex 78.1538 -0.01 6.62697
    endloop
  endfacet
  facet normal 0 -1 0
    outer loop
      vertex 77.149 -0.01 7.07761
      vertex 77.9852 -0.01 6.4205
      vertex 77.191 -0.01 7.13521
    endloop
  endfacet
  facet normal 0 -1 0
    outer loop
      vertex 77.191 -0.01 7.13521
      vertex 77.9852 -0.01 6.4205
      vertex 78.0296 -0.01 6.47084
    endloop
  endfacet
  facet normal 0 -1 0
    outer loop
      vertex 77.102 -0.01 7.0185
      vertex 77.9396 -0.01 6.37085
      vertex 77.149 -0.01 7.07761
    endloop
  endfacet
  facet normal 0 -1 0
    outer loop
      vertex 77.8931 -0.01 6.32178
      vertex 77.9396 -0.01 6.37085
      vertex 77.102 -0.01 7.0185
    endloop
  endfacet
  facet normal 0 -1 0
    outer loop
      vertex 77.8457 -0.01 6.27329
      vertex 77.102 -0.01 7.0185
      vertex 77.0491 -0.01 6.95656
    endloop
  endfacet
  facet normal -0 -1 0
    outer loop
      vertex 77.8457 -0.01 6.27329
      vertex 77.0491 -0.01 6.95656
      vertex 77.7974 -0.01 6.22534
    endloop
  endfacet
  facet normal 0 -1 0
    outer loop
      vertex 77.0491 -0.01 6.95656
      vertex 77.7482 -0.01 6.17798
      vertex 77.7974 -0.01 6.22534
    endloop
  endfacet
  facet normal 0 -1 0
    outer loop
      vertex 76.9902 -0.01 6.8918
      vertex 77.698 -0.01 6.1312
      vertex 77.7482 -0.01 6.17798
    endloop
  endfacet
  facet normal 0 -1 0
    outer loop
      vertex 76.9253 -0.01 6.82421
      vertex 77.698 -0.01 6.1312
      vertex 76.9902 -0.01 6.8918
    endloop
  endfacet
  facet normal 0 -1 0
    outer loop
      vertex 77.5951 -0.01 6.03934
      vertex 77.647 -0.01 6.08498
      vertex 76.9253 -0.01 6.82421
    endloop
  endfacet
  facet normal 0 -1 0
    outer loop
      vertex 77.5951 -0.01 6.03934
      vertex 76.9253 -0.01 6.82421
      vertex 76.8545 -0.01 6.7538
    endloop
  endfacet
  facet normal -0 -1 0
    outer loop
      vertex 77.5422 -0.01 5.99427
      vertex 76.8545 -0.01 6.7538
      vertex 77.4885 -0.01 5.94976
    endloop
  endfacet
  facet normal 0 -1 -0
    outer loop
      vertex 76.8545 -0.01 6.7538
      vertex 76.7778 -0.01 6.68056
      vertex 77.4885 -0.01 5.94976
    endloop
  endfacet
  facet normal 0 -1 0
    outer loop
      vertex 76.7778 -0.01 6.68056
      vertex 77.3789 -0.01 5.86228
      vertex 77.4338 -0.01 5.90583
    endloop
  endfacet
  facet normal 0 -1 0
    outer loop
      vertex 76.6951 -0.01 6.6045
      vertex 77.2698 -0.01 5.77579
      vertex 77.3789 -0.01 5.86228
    endloop
  endfacet
  facet normal 0 -1 0
    outer loop
      vertex 76.6064 -0.01 6.52561
      vertex 77.162 -0.01 5.6901
      vertex 77.2698 -0.01 5.77579
    endloop
  endfacet
  facet normal 0 -1 -0
    outer loop
      vertex 76.5118 -0.01 6.44391
      vertex 76.4113 -0.01 6.35936
      vertex 77.0554 -0.01 5.60523
    endloop
  endfacet
  facet normal -0 -1 0
    outer loop
      vertex 76.9501 -0.01 5.52115
      vertex 76.3047 -0.01 6.27201
      vertex 76.8459 -0.01 5.43788
    endloop
  endfacet
  facet normal -0 -1 0
    outer loop
      vertex 76.7945 -0.01 5.39643
      vertex 76.1926 -0.01 6.17987
      vertex 76.744 -0.01 5.35491
    endloop
  endfacet
  facet normal 0 -1 0
    outer loop
      vertex 76.6943 -0.01 5.31331
      vertex 76.084 -0.01 6.08841
      vertex 75.9789 -0.01 5.99762
    endloop
  endfacet
  facet normal 0 -1 0
    outer loop
      vertex 75.8773 -0.01 5.90752
      vertex 76.504 -0.01 5.14627
      vertex 76.5503 -0.01 5.18814
    endloop
  endfacet
  facet normal 0 -1 0
    outer loop
      vertex 75.7793 -0.01 5.81807
      vertex 76.4139 -0.01 5.06235
      vertex 76.4585 -0.01 5.10434
    endloop
  endfacet
  facet normal 0 -1 0
    outer loop
      vertex 75.6848 -0.01 5.7293
      vertex 76.3701 -0.01 5.0203
      vertex 76.4139 -0.01 5.06235
    endloop
  endfacet
  facet normal 0 -1 0
    outer loop
      vertex 75.5938 -0.01 5.64119
      vertex 76.2856 -0.01 4.93573
      vertex 76.3271 -0.01 4.97817
    endloop
  endfacet
  facet normal 0 -1 0
    outer loop
      vertex 75.5063 -0.01 5.55376
      vertex 76.2084 -0.01 4.84925
      vertex 76.246 -0.01 4.89276
    endloop
  endfacet
  facet normal 0 -1 0
    outer loop
      vertex 75.4224 -0.01 5.467
      vertex 76.1392 -0.01 4.76061
      vertex 76.1729 -0.01 4.80519
    endloop
  endfacet
  facet normal 0 -1 0
    outer loop
      vertex 75.342 -0.01 5.38092
      vertex 76.1392 -0.01 4.76061
      vertex 75.4224 -0.01 5.467
    endloop
  endfacet
  facet normal 0 -1 0
    outer loop
      vertex 76.1076 -0.01 4.71549
      vertex 76.1392 -0.01 4.76061
      vertex 75.342 -0.01 5.38092
    endloop
  endfacet
  facet normal 0 -1 0
    outer loop
      vertex 76.1076 -0.01 4.71549
      vertex 75.342 -0.01 5.38092
      vertex 75.2652 -0.01 5.2955
    endloop
  endfacet
  facet normal -0 -1 0
    outer loop
      vertex 76.1076 -0.01 4.71549
      vertex 75.2652 -0.01 5.2955
      vertex 76.078 -0.01 4.66982
    endloop
  endfacet
  facet normal 0 -1 0
    outer loop
      vertex 75.1917 -0.01 5.21024
      vertex 76.0503 -0.01 4.62361
      vertex 76.078 -0.01 4.66982
    endloop
  endfacet
  facet normal 0 -1 0
    outer loop
      vertex 76.0246 -0.01 4.57688
      vertex 76.0503 -0.01 4.62361
      vertex 75.1917 -0.01 5.21024
    endloop
  endfacet
  facet normal 0 -1 0
    outer loop
      vertex 76.0246 -0.01 4.57688
      vertex 75.1917 -0.01 5.21024
      vertex 75.1213 -0.01 5.12456
    endloop
  endfacet
  facet normal -0 -1 0
    outer loop
      vertex 76.0246 -0.01 4.57688
      vertex 75.1213 -0.01 5.12456
      vertex 76.0009 -0.01 4.5296
    endloop
  endfacet
  facet normal 0 -1 -0
    outer loop
      vertex 75.1213 -0.01 5.12456
      vertex 75.054 -0.01 5.03847
      vertex 76.0009 -0.01 4.5296
    endloop
  endfacet
  facet normal 0 -1 0
    outer loop
      vertex 75.054 -0.01 5.03847
      vertex 75.9792 -0.01 4.48178
      vertex 76.0009 -0.01 4.5296
    endloop
  endfacet
  facet normal 0 -1 0
    outer loop
      vertex 74.9899 -0.01 4.95198
      vertex 75.9792 -0.01 4.48178
      vertex 75.054 -0.01 5.03847
    endloop
  endfacet
  facet normal 0 -1 0
    outer loop
      vertex 74.9288 -0.01 4.8651
      vertex 75.9792 -0.01 4.48178
      vertex 74.9899 -0.01 4.95198
    endloop
  endfacet
  facet normal 0 -1 0
    outer loop
      vertex 74.871 -0.01 4.7778
      vertex 75.9792 -0.01 4.48178
      vertex 74.9288 -0.01 4.8651
    endloop
  endfacet
  facet normal 0 -1 -0
    outer loop
      vertex 74.8162 -0.01 4.69011
      vertex 74.7646 -0.01 4.60201
      vertex 75.9792 -0.01 4.48178
    endloop
  endfacet
  facet normal 0 -1 -0
    outer loop
      vertex 74.7646 -0.01 4.60201
      vertex 74.7161 -0.01 4.51349
      vertex 75.9792 -0.01 4.48178
    endloop
  endfacet
  facet normal 0 -1 -0
    outer loop
      vertex 74.7161 -0.01 4.51349
      vertex 74.6707 -0.01 4.42458
      vertex 75.9792 -0.01 4.48178
    endloop
  endfacet
  facet normal 0 -1 -0
    outer loop
      vertex 74.6707 -0.01 4.42458
      vertex 74.6285 -0.01 4.33527
      vertex 75.9792 -0.01 4.48178
    endloop
  endfacet
  facet normal 0 -1 0
    outer loop
      vertex 71.3996 -0.01 6.89153
      vertex 71.4225 -0.01 6.9814
      vertex 70.2463 -0.01 7.20291
    endloop
  endfacet
  facet normal 0 -1 0
    outer loop
      vertex 74.6285 -0.01 4.33527
      vertex 74.6285 -0.01 3.54189
      vertex 75.9792 -0.01 4.48178
    endloop
  endfacet
  facet normal 0 -1 0
    outer loop
      vertex 74.6285 -0.01 3.54189
      vertex 78.6402 -0.01 3.54189
      vertex 75.9792 -0.01 4.48178
    endloop
  endfacet
  facet normal 0 -1 0
    outer loop
      vertex 69.4057 -0.01 6.49169
      vertex 69.4994 -0.01 5.56195
      vertex 69.4865 -0.01 6.50186
    endloop
  endfacet
  facet normal 0 -1 -0
    outer loop
      vertex 81.3105 -0.01 6.95781
      vertex 81.2471 -0.01 6.95307
      vertex 81.3197 -0.01 6.14254
    endloop
  endfacet
  facet normal 0 -1 -0
    outer loop
      vertex 83.0323 -0.01 5.95566
      vertex 82.0299 -0.01 5.54801
      vertex 83.0767 -0.01 5.8808
    endloop
  endfacet
  facet normal 0 -1 0
    outer loop
      vertex 87.7966 -0.01 4.22161
      vertex 87.8143 -0.01 3.46289
      vertex 87.8836 -0.01 4.21837
    endloop
  endfacet
  facet normal 0 -1 -0
    outer loop
      vertex 82.9828 -0.01 6.02706
      vertex 82.0299 -0.01 5.54801
      vertex 83.0323 -0.01 5.95566
    endloop
  endfacet
  facet normal 0 -1 0
    outer loop
      vertex 87.5666 -0.01 4.2442
      vertex 87.3721 -0.01 3.49845
      vertex 87.5125 -0.01 3.48186
    endloop
  endfacet
  facet normal 0 -1 0
    outer loop
      vertex 81.7932 -0.01 5.96418
      vertex 82.1581 -0.01 6.53011
      vertex 82.0595 -0.01 6.54865
    endloop
  endfacet
  facet normal 0 -1 0
    outer loop
      vertex 87.3721 -0.01 3.49845
      vertex 87.4389 -0.01 4.27002
      vertex 87.2387 -0.01 3.51978
    endloop
  endfacet
  facet normal 0 -1 0
    outer loop
      vertex 82.6673 -0.01 6.32355
      vertex 81.9411 -0.01 5.78582
      vertex 81.9929 -0.01 5.67433
    endloop
  endfacet
  facet normal 0 -1 0
    outer loop
      vertex 87.1124 -0.01 3.54586
      vertex 87.3828 -0.01 4.28617
      vertex 87.3318 -0.01 4.30446
    endloop
  endfacet
  facet normal 0 -1 -0
    outer loop
      vertex 82.5923 -0.01 6.36933
      vertex 81.9411 -0.01 5.78582
      vertex 82.6673 -0.01 6.32355
    endloop
  endfacet
  facet normal 0 -1 -0
    outer loop
      vertex 87.2453 -0.01 4.34751
      vertex 86.9931 -0.01 3.57666
      vertex 87.286 -0.01 4.32491
    endloop
  endfacet
  facet normal 0 -1 0
    outer loop
      vertex 81.9411 -0.01 5.78582
      vertex 82.4304 -0.01 6.44727
      vertex 81.8745 -0.01 5.88242
    endloop
  endfacet
  facet normal 0 -1 0
    outer loop
      vertex 87.2083 -0.01 4.37268
      vertex 86.7756 -0.01 3.65251
      vertex 86.8809 -0.01 3.61222
    endloop
  endfacet
  facet normal -0 -1 0
    outer loop
      vertex 87.1733 -0.01 4.4009
      vertex 87.1403 -0.01 4.43213
      vertex 86.6774 -0.01 3.69754
    endloop
  endfacet
  facet normal -0 -1 0
    outer loop
      vertex 82.3436 -0.01 6.47942
      vertex 82.2528 -0.01 6.50704
      vertex 81.8745 -0.01 5.88242
    endloop
  endfacet
  facet normal 0 -1 0
    outer loop
      vertex 86.5863 -0.01 3.74732
      vertex 87.1403 -0.01 4.43213
      vertex 87.1094 -0.01 4.4664
    endloop
  endfacet
  facet normal 0 -1 0
    outer loop
      vertex 86.5013 -0.01 3.80211
      vertex 87.1094 -0.01 4.4664
      vertex 86.4216 -0.01 3.8622
    endloop
  endfacet
  facet normal 0 -1 0
    outer loop
      vertex 81.586 -0.01 6.08307
      vertex 81.697 -0.01 6.03105
      vertex 82.0595 -0.01 6.54865
    endloop
  endfacet
  facet normal 0 -1 0
    outer loop
      vertex 86.8809 -0.01 3.61222
      vertex 87.2453 -0.01 4.34751
      vertex 87.2083 -0.01 4.37268
    endloop
  endfacet
  facet normal 0 -1 0
    outer loop
      vertex 82.0595 -0.01 6.54865
      vertex 81.4603 -0.01 6.12024
      vertex 81.586 -0.01 6.08307
    endloop
  endfacet
  facet normal 0 -1 0
    outer loop
      vertex 87.3828 -0.01 4.28617
      vertex 87.1124 -0.01 3.54586
      vertex 87.2387 -0.01 3.51978
    endloop
  endfacet
  facet normal 0 -1 0
    outer loop
      vertex 81.4818 -0.01 6.991
      vertex 81.4278 -0.01 6.97678
      vertex 81.4603 -0.01 6.12024
    endloop
  endfacet
  facet normal 0 -1 0
    outer loop
      vertex 87.5125 -0.01 3.48186
      vertex 87.6381 -0.01 4.23452
      vertex 87.5666 -0.01 4.2442
    endloop
  endfacet
  facet normal 0 -1 0
    outer loop
      vertex 87.6599 -0.01 3.47
      vertex 87.7148 -0.01 4.22699
      vertex 87.6381 -0.01 4.23452
    endloop
  endfacet
  facet normal 0 -1 -0
    outer loop
      vertex 83.1158 -0.01 5.80246
      vertex 82.0521 -0.01 5.4068
      vertex 83.1496 -0.01 5.72068
    endloop
  endfacet
  facet normal 0 -1 0
    outer loop
      vertex 87.3721 -0.01 3.49845
      vertex 87.5002 -0.01 4.25605
      vertex 87.4389 -0.01 4.27002
    endloop
  endfacet
  facet normal 0 -1 0
    outer loop
      vertex 82.0521 -0.01 5.4068
      vertex 83.1783 -0.01 5.63542
      vertex 83.1496 -0.01 5.72068
    endloop
  endfacet
  facet normal 0 -1 -0
    outer loop
      vertex 87.0537 -0.01 4.54401
      vertex 86.3473 -0.01 3.92755
      vertex 87.0805 -0.01 4.5037
    endloop
  endfacet
  facet normal -0 -1 0
    outer loop
      vertex 83.2018 -0.01 5.54671
      vertex 83.1783 -0.01 5.63542
      vertex 82.0521 -0.01 5.4068
    endloop
  endfacet
  facet normal 0 -1 0
    outer loop
      vertex 87.0062 -0.01 4.63372
      vertex 86.1036 -0.01 4.24175
      vertex 86.1565 -0.01 4.15528
    endloop
  endfacet
  facet normal 0 -1 -0
    outer loop
      vertex 81.9486 -0.01 4.64601
      vertex 81.9192 -0.01 4.59192
      vertex 82.8029 -0.01 3.99001
    endloop
  endfacet
  facet normal -0 -1 0
    outer loop
      vertex 87.2996 -0.01 6.53508
      vertex 87.275 -0.01 6.55741
      vertex 86.6398 -0.01 5.7202
    endloop
  endfacet
  facet normal 0 -1 0
    outer loop
      vertex 82.6097 -0.01 3.82871
      vertex 81.9192 -0.01 4.59192
      vertex 81.8863 -0.01 4.54259
    endloop
  endfacet
  facet normal 0 -1 -0
    outer loop
      vertex 87.5133 -0.01 6.42037
      vertex 87.2494 -0.01 5.46779
      vertex 87.5612 -0.01 6.40354
    endloop
  endfacet
  facet normal 0 -1 0
    outer loop
      vertex 81.8099 -0.01 4.4578
      vertex 82.3858 -0.01 3.69615
      vertex 81.8499 -0.01 4.49805
    endloop
  endfacet
  facet normal 0 -1 0
    outer loop
      vertex 87.6368 -0.01 5.3694
      vertex 87.8537 -0.01 6.329
      vertex 87.7881 -0.01 6.34264
    endloop
  endfacet
  facet normal 0 -1 0
    outer loop
      vertex 81.6111 -0.01 4.33513
      vertex 81.8475 -0.01 3.51943
      vertex 81.6666 -0.01 4.36005
    endloop
  endfacet
  facet normal 0 -1 0
    outer loop
      vertex 80.3956 -0.01 5.71492
      vertex 79.7804 -0.01 6.35756
      vertex 79.7067 -0.01 6.31046
    endloop
  endfacet
  facet normal 0 -1 0
    outer loop
      vertex 89.3238 -0.01 3.76146
      vertex 89.4221 -0.01 3.82466
      vertex 88.8063 -0.01 4.44643
    endloop
  endfacet
  facet normal 0 -1 0
    outer loop
      vertex 80.2977 -0.01 6.55681
      vertex 80.7351 -0.01 7.06017
      vertex 80.6547 -0.01 7.12129
    endloop
  endfacet
  facet normal 0 -1 0
    outer loop
      vertex 88.2639 -0.01 5.2347
      vertex 88.3306 -0.01 5.21756
      vertex 88.5439 -0.01 6.17185
    endloop
  endfacet
  facet normal 0 -1 -0
    outer loop
      vertex 88.8935 -0.01 4.67565
      vertex 88.888 -0.01 4.63172
      vertex 89.8759 -0.01 4.39934
    endloop
  endfacet
  facet normal -0 -1 0
    outer loop
      vertex 89.5772 -0.01 5.72078
      vertex 89.5388 -0.01 5.75395
      vertex 88.8017 -0.01 4.98329
    endloop
  endfacet
  facet normal -0 -1 0
    outer loop
      vertex 88.6973 -0.01 6.13156
      vertex 88.6216 -0.01 6.15175
      vertex 88.3933 -0.01 5.19979
    endloop
  endfacet
  facet normal 0 -1 0
    outer loop
      vertex 86.192 -0.01 6.25698
      vertex 86.214 -0.01 6.20232
      vertex 87.2025 -0.01 6.65976
    endloop
  endfacet
  facet normal 0 -1 -0
    outer loop
      vertex 80.531 -0.01 7.28432
      vertex 80.058 -0.01 6.63135
      vertex 80.5867 -0.01 7.19602
    endloop
  endfacet
  facet normal 0 -1 0
    outer loop
      vertex 79.2737 -0.01 7.67601
      vertex 79.2855 -0.01 7.59548
      vertex 80.432 -0.01 7.77336
    endloop
  endfacet
  facet normal 0 -1 0
    outer loop
      vertex 82.9528 -0.01 8.53347
      vertex 81.8695 -0.01 8.15245
      vertex 81.8865 -0.01 8.09827
    endloop
  endfacet
  facet normal 0 -1 0
    outer loop
      vertex 81.9237 -0.01 7.84554
      vertex 83.1011 -0.01 7.83438
      vertex 83.097 -0.01 7.96477
    endloop
  endfacet
  facet normal 0 -1 0
    outer loop
      vertex 83.0426 -0.01 7.43257
      vertex 81.9237 -0.01 7.69551
      vertex 81.9191 -0.01 7.62178
    endloop
  endfacet
  facet normal 0 -1 0
    outer loop
      vertex 82.9866 -0.01 7.28502
      vertex 81.9191 -0.01 7.62178
      vertex 81.9114 -0.01 7.55214
    endloop
  endfacet
  facet normal -0 -1 0
    outer loop
      vertex 82.06 -0.01 9.24216
      vertex 81.93 -0.01 9.27822
      vertex 81.6217 -0.01 8.45856
    endloop
  endfacet
  facet normal 0 -1 0
    outer loop
      vertex 80.8237 -0.01 8.50023
      vertex 80.7061 -0.01 9.32991
      vertex 80.5643 -0.01 9.30638
    endloop
  endfacet
  facet normal 0 -1 0
    outer loop
      vertex 80.531 -0.01 7.28432
      vertex 79.845 -0.01 6.74401
      vertex 79.913 -0.01 6.70223
    endloop
  endfacet
  facet normal 0 -1 0
    outer loop
      vertex 80.432 -0.01 7.77336
      vertex 79.2666 -0.01 7.75838
      vertex 79.2737 -0.01 7.67601
    endloop
  endfacet
  facet normal 0 -1 0
    outer loop
      vertex 80.4877 -0.01 7.3862
      vertex 79.6585 -0.01 6.89481
      vertex 79.7177 -0.01 6.8403
    endloop
  endfacet
  facet normal 0 -1 0
    outer loop
      vertex 83.08 -0.01 7.58765
      vertex 83.0917 -0.01 7.66802
      vertex 81.9237 -0.01 7.69551
    endloop
  endfacet
  facet normal 0 -1 0
    outer loop
      vertex 81.9007 -0.01 7.48659
      vertex 82.9118 -0.01 7.14499
      vertex 81.9114 -0.01 7.55214
    endloop
  endfacet
  facet normal 0 -1 0
    outer loop
      vertex 81.9252 -0.01 7.77336
      vertex 83.0987 -0.01 7.75026
      vertex 83.1011 -0.01 7.83438
    endloop
  endfacet
  facet normal 0 -1 0
    outer loop
      vertex 81.9113 -0.01 7.9791
      vertex 83.064 -0.01 8.2089
      vertex 81.9005 -0.01 8.04048
    endloop
  endfacet
  facet normal 0 -1 0
    outer loop
      vertex 81.9005 -0.01 8.04048
      vertex 83.0352 -0.01 8.32263
      vertex 82.9981 -0.01 8.43082
    endloop
  endfacet
  facet normal 0 -1 0
    outer loop
      vertex 81.919 -0.01 7.91413
      vertex 83.0846 -0.01 8.0896
      vertex 81.9113 -0.01 7.9791
    endloop
  endfacet
  facet normal -0 -1 0
    outer loop
      vertex 82.9981 -0.01 8.43082
      vertex 82.9528 -0.01 8.53347
      vertex 81.8865 -0.01 8.09827
    endloop
  endfacet
  facet normal 0 -1 0
    outer loop
      vertex 83.097 -0.01 7.96477
      vertex 81.919 -0.01 7.91413
      vertex 81.9237 -0.01 7.84554
    endloop
  endfacet
  facet normal 0 -1 0
    outer loop
      vertex 81.8869 -0.01 7.42516
      vertex 82.8183 -0.01 7.0125
      vertex 81.9007 -0.01 7.48659
    endloop
  endfacet
  facet normal 0 -1 0
    outer loop
      vertex 81.8494 -0.01 8.20304
      vertex 81.8695 -0.01 8.15245
      vertex 82.8374 -0.01 8.72211
    endloop
  endfacet
  facet normal 0 -1 0
    outer loop
      vertex 81.5284 -0.01 8.50234
      vertex 81.7928 -0.01 9.30773
      vertex 81.6485 -0.01 9.33068
    endloop
  endfacet
  facet normal 0 -1 0
    outer loop
      vertex 81.6636 -0.01 8.43196
      vertex 81.7024 -0.01 8.40226
      vertex 82.06 -0.01 9.24216
    endloop
  endfacet
  facet normal 0 -1 -0
    outer loop
      vertex 87.2996 -0.01 6.53508
      vertex 86.752 -0.01 5.65381
      vertex 87.3268 -0.01 6.51409
    endloop
  endfacet
  facet normal -0 -1 0
    outer loop
      vertex 81.93 -0.01 9.27822
      vertex 81.7928 -0.01 9.30773
      vertex 81.5766 -0.01 8.48201
    endloop
  endfacet
  facet normal -0 -1 0
    outer loop
      vertex 88.9117 -0.01 6.06919
      vertex 88.8427 -0.01 6.09058
      vertex 88.557 -0.01 5.14263
    endloop
  endfacet
  facet normal 0 -1 0
    outer loop
      vertex 81.7024 -0.01 8.40226
      vertex 82.1829 -0.01 9.19953
      vertex 82.06 -0.01 9.24216
    endloop
  endfacet
  facet normal 0 -1 0
    outer loop
      vertex 88.6841 -0.01 5.07973
      vertex 89.1612 -0.01 5.97653
      vertex 89.1027 -0.01 6.00075
    endloop
  endfacet
  facet normal 0 -1 0
    outer loop
      vertex 81.6485 -0.01 9.33068
      vertex 81.477 -0.01 8.51955
      vertex 81.5284 -0.01 8.50234
    endloop
  endfacet
  facet normal 0 -1 -0
    outer loop
      vertex 89.4573 -0.01 5.81597
      vertex 88.7768 -0.01 5.00946
      vertex 89.4989 -0.01 5.78568
    endloop
  endfacet
  facet normal 0 -1 -0
    outer loop
      vertex 81.497 -0.01 9.34708
      vertex 81.4224 -0.01 8.53362
      vertex 81.6485 -0.01 9.33068
    endloop
  endfacet
  facet normal 0 -1 0
    outer loop
      vertex 89.1612 -0.01 5.97653
      vertex 88.6841 -0.01 5.07973
      vertex 88.7183 -0.01 5.05748
    endloop
  endfacet
  facet normal 0 -1 0
    outer loop
      vertex 81.3647 -0.01 8.54457
      vertex 81.4224 -0.01 8.53362
      vertex 81.497 -0.01 9.34708
    endloop
  endfacet
  facet normal -0 -1 0
    outer loop
      vertex 89.614 -0.01 5.68616
      vertex 89.5772 -0.01 5.72078
      vertex 88.8017 -0.01 4.98329
    endloop
  endfacet
  facet normal -0 -1 0
    outer loop
      vertex 82.6027 -0.01 8.96347
      vertex 82.5085 -0.01 9.03232
      vertex 81.7999 -0.01 8.29341
    endloop
  endfacet
  facet normal -0 -1 0
    outer loop
      vertex 88.5439 -0.01 6.17185
      vertex 88.4644 -0.01 6.19184
      vertex 88.2639 -0.01 5.2347
    endloop
  endfacet
  facet normal 0 -1 0
    outer loop
      vertex 81.3647 -0.01 8.54457
      vertex 81.3383 -0.01 9.35691
      vertex 81.3038 -0.01 8.55239
    endloop
  endfacet
  facet normal 0 -1 0
    outer loop
      vertex 88.6756 -0.01 4.33934
      vertex 89.1072 -0.01 3.65313
      vertex 88.7137 -0.01 4.36269
    endloop
  endfacet
  facet normal -0 -1 0
    outer loop
      vertex 81.3383 -0.01 9.35691
      vertex 81.1725 -0.01 9.36019
      vertex 81.2397 -0.01 8.55709
    endloop
  endfacet
  facet normal -0 -1 0
    outer loop
      vertex 81.1725 -0.01 8.55864
      vertex 81.0102 -0.01 9.35683
      vertex 81.044 -0.01 8.55216
    endloop
  endfacet
  facet normal 0 -1 -0
    outer loop
      vertex 86.265 -0.01 7.30022
      vertex 86.2208 -0.01 7.21089
      vertex 87.1852 -0.01 6.93993
    endloop
  endfacet
  facet normal 0 -1 0
    outer loop
      vertex 80.9277 -0.01 8.53269
      vertex 80.8547 -0.01 9.34673
      vertex 80.7061 -0.01 9.32991
    endloop
  endfacet
  facet normal 0 -1 0
    outer loop
      vertex 86.3173 -0.01 7.38494
      vertex 87.1852 -0.01 6.93993
      vertex 87.197 -0.01 6.9762
    endloop
  endfacet
  facet normal 0 -1 0
    outer loop
      vertex 80.6523 -0.01 8.3964
      vertex 80.3011 -0.01 9.23912
      vertex 80.1798 -0.01 9.19541
    endloop
  endfacet
  facet normal 0 -1 0
    outer loop
      vertex 79.7798 -0.01 6.79004
      vertex 79.845 -0.01 6.74401
      vertex 80.531 -0.01 7.28432
    endloop
  endfacet
  facet normal 0 -1 0
    outer loop
      vertex 80.827 -0.01 6.1012
      vertex 80.8881 -0.01 6.11876
      vertex 80.2977 -0.01 6.54055
    endloop
  endfacet
  facet normal 0 -1 0
    outer loop
      vertex 80.4381 -0.01 7.90966
      vertex 79.2643 -0.01 7.84255
      vertex 80.432 -0.01 7.77336
    endloop
  endfacet
  facet normal 0 -1 0
    outer loop
      vertex 87.528 -0.01 8.00351
      vertex 87.7149 -0.01 7.25511
      vertex 87.6732 -0.01 8.01805
    endloop
  endfacet
  facet normal 0 -1 -0
    outer loop
      vertex 79.2684 -0.01 7.96807
      vertex 79.2643 -0.01 7.84255
      vertex 80.4381 -0.01 7.90966
    endloop
  endfacet
  facet normal -0 -1 0
    outer loop
      vertex 80.4565 -0.01 8.03296
      vertex 79.3013 -0.01 8.20438
      vertex 80.4381 -0.01 7.90966
    endloop
  endfacet
  facet normal 0 -1 0
    outer loop
      vertex 80.4565 -0.01 8.03296
      vertex 79.3302 -0.01 8.31517
      vertex 79.3013 -0.01 8.20438
    endloop
  endfacet
  facet normal 0 -1 -0
    outer loop
      vertex 80.432 -0.01 7.77336
      vertex 79.2855 -0.01 7.59548
      vertex 80.4382 -0.01 7.63072
    endloop
  endfacet
  facet normal 0 -1 -0
    outer loop
      vertex 79.3672 -0.01 8.42105
      vertex 79.3302 -0.01 8.31517
      vertex 80.4565 -0.01 8.03296
    endloop
  endfacet
  facet normal 0 -1 -0
    outer loop
      vertex 80.4382 -0.01 7.63072
      vertex 79.4149 -0.01 7.22002
      vertex 80.4567 -0.01 7.50167
    endloop
  endfacet
  facet normal 0 -1 0
    outer loop
      vertex 79.984 -0.01 6.66466
      vertex 80.058 -0.01 6.63135
      vertex 80.531 -0.01 7.28432
    endloop
  endfacet
  facet normal 0 -1 0
    outer loop
      vertex 79.6023 -0.01 6.95356
      vertex 79.6585 -0.01 6.89481
      vertex 80.4877 -0.01 7.3862
    endloop
  endfacet
  facet normal 0 -1 -0
    outer loop
      vertex 80.4567 -0.01 7.50167
      vertex 79.6023 -0.01 6.95356
      vertex 80.4877 -0.01 7.3862
    endloop
  endfacet
  facet normal 0 -1 0
    outer loop
      vertex 79.7798 -0.01 6.79004
      vertex 80.531 -0.01 7.28432
      vertex 80.4877 -0.01 7.3862
    endloop
  endfacet
  facet normal 0 -1 -0
    outer loop
      vertex 80.5867 -0.01 7.19602
      vertex 80.2977 -0.01 6.55681
      vertex 80.6547 -0.01 7.12129
    endloop
  endfacet
  facet normal 0 -1 0
    outer loop
      vertex 80.2148 -0.01 6.57741
      vertex 80.2977 -0.01 6.55681
      vertex 80.5867 -0.01 7.19602
    endloop
  endfacet
  facet normal 0 -1 0
    outer loop
      vertex 80.1349 -0.01 6.60227
      vertex 80.2148 -0.01 6.57741
      vertex 80.5867 -0.01 7.19602
    endloop
  endfacet
  facet normal 0 -1 -0
    outer loop
      vertex 80.7351 -0.01 7.06017
      vertex 80.2977 -0.01 6.55681
      vertex 80.8279 -0.01 7.01262
    endloop
  endfacet
  facet normal 0 -1 0
    outer loop
      vertex 80.1349 -0.01 6.60227
      vertex 80.5867 -0.01 7.19602
      vertex 80.058 -0.01 6.63135
    endloop
  endfacet
  facet normal -0 -1 0
    outer loop
      vertex 80.9331 -0.01 6.97866
      vertex 80.8279 -0.01 7.01262
      vertex 80.2977 -0.01 6.55681
    endloop
  endfacet
  facet normal 0 -1 0
    outer loop
      vertex 79.4549 -0.01 7.15036
      vertex 80.4567 -0.01 7.50167
      vertex 79.4149 -0.01 7.22002
    endloop
  endfacet
  facet normal 0 -1 0
    outer loop
      vertex 80.5695 -0.01 5.95494
      vertex 80.2977 -0.01 6.54055
      vertex 80.2026 -0.01 6.5219
    endloop
  endfacet
  facet normal 0 -1 -0
    outer loop
      vertex 81.2756 -0.01 4.26805
      vertex 81.1888 -0.01 3.46053
      vertex 81.3648 -0.01 3.46421
    endloop
  endfacet
  facet normal 0 -1 0
    outer loop
      vertex 80.4382 -0.01 7.63072
      vertex 79.3231 -0.01 7.43985
      vertex 79.349 -0.01 7.36475
    endloop
  endfacet
  facet normal 0 -1 0
    outer loop
      vertex 79.3019 -0.01 7.51676
      vertex 79.3231 -0.01 7.43985
      vertex 80.4382 -0.01 7.63072
    endloop
  endfacet
  facet normal 0 -1 0
    outer loop
      vertex 79.4126 -0.01 8.52204
      vertex 80.4871 -0.01 8.1433
      vertex 79.4661 -0.01 8.61809
    endloop
  endfacet
  facet normal -0 -1 0
    outer loop
      vertex 80.5299 -0.01 8.24063
      vertex 79.5979 -0.01 8.7955
      vertex 80.4871 -0.01 8.1433
    endloop
  endfacet
  facet normal 0 -1 -0
    outer loop
      vertex 79.6762 -0.01 8.87683
      vertex 79.5979 -0.01 8.7955
      vertex 80.5299 -0.01 8.24063
    endloop
  endfacet
  facet normal 0 -1 0
    outer loop
      vertex 80.3077 -0.01 5.3134
      vertex 79.1536 -0.01 5.43579
      vertex 79.1405 -0.01 5.34307
    endloop
  endfacet
  facet normal 0 -1 0
    outer loop
      vertex 79.9576 -0.01 9.08779
      vertex 80.585 -0.01 8.32502
      vertex 80.0653 -0.01 9.14496
    endloop
  endfacet
  facet normal 0 -1 0
    outer loop
      vertex 80.585 -0.01 8.32502
      vertex 80.6523 -0.01 8.3964
      vertex 80.0653 -0.01 9.14496
    endloop
  endfacet
  facet normal 0 -1 0
    outer loop
      vertex 80.3132 -0.01 5.3889
      vertex 79.1956 -0.01 5.61267
      vertex 79.172 -0.01 5.52565
    endloop
  endfacet
  facet normal 0 -1 -0
    outer loop
      vertex 80.4293 -0.01 9.27611
      vertex 80.3011 -0.01 9.23912
      vertex 80.7319 -0.01 8.45481
    endloop
  endfacet
  facet normal 0 -1 0
    outer loop
      vertex 80.4293 -0.01 9.27611
      vertex 80.8237 -0.01 8.50023
      vertex 80.5643 -0.01 9.30638
    endloop
  endfacet
  facet normal 0 -1 0
    outer loop
      vertex 80.3077 -0.01 5.3134
      vertex 80.3132 -0.01 5.3889
      vertex 79.172 -0.01 5.52565
    endloop
  endfacet
  facet normal 0 -1 0
    outer loop
      vertex 82.0595 -0.01 6.56497
      vertex 81.625 -0.01 7.05263
      vertex 81.5804 -0.01 7.02892
    endloop
  endfacet
  facet normal 0 -1 0
    outer loop
      vertex 80.3059 -0.01 5.23448
      vertex 80.3077 -0.01 5.3134
      vertex 79.1405 -0.01 5.34307
    endloop
  endfacet
  facet normal 0 -1 -0
    outer loop
      vertex 79.2979 -0.01 5.85652
      vertex 79.2585 -0.01 5.77809
      vertex 80.3224 -0.01 5.46097
    endloop
  endfacet
  facet normal 0 -1 0
    outer loop
      vertex 79.1478 -0.01 4.8694
      vertex 80.3131 -0.01 5.06003
      vertex 79.1344 -0.01 5.00627
    endloop
  endfacet
  facet normal -0 -1 0
    outer loop
      vertex 80.3077 -0.01 5.14501
      vertex 79.13 -0.01 5.14904
      vertex 79.1344 -0.01 5.00627
    endloop
  endfacet
  facet normal 0 -1 0
    outer loop
      vertex 80.3077 -0.01 5.14501
      vertex 80.3059 -0.01 5.23448
      vertex 79.13 -0.01 5.14904
    endloop
  endfacet
  facet normal 0 -1 -0
    outer loop
      vertex 80.3222 -0.01 4.97956
      vertex 79.1701 -0.01 4.73847
      vertex 80.3349 -0.01 4.9036
    endloop
  endfacet
  facet normal -0 -1 0
    outer loop
      vertex 80.3059 -0.01 5.23448
      vertex 79.1326 -0.01 5.24749
      vertex 79.13 -0.01 5.14904
    endloop
  endfacet
  facet normal 0 -1 0
    outer loop
      vertex 79.2013 -0.01 4.61345
      vertex 79.2414 -0.01 4.49434
      vertex 80.3349 -0.01 4.9036
    endloop
  endfacet
  facet normal -0 -1 0
    outer loop
      vertex 80.3512 -0.01 4.83214
      vertex 80.3349 -0.01 4.9036
      vertex 79.2414 -0.01 4.49434
    endloop
  endfacet
  facet normal -0 -1 0
    outer loop
      vertex 80.3517 -0.01 5.59481
      vertex 79.3923 -0.01 6.00481
      vertex 80.3352 -0.01 5.5296
    endloop
  endfacet
  facet normal 0 -1 0
    outer loop
      vertex 79.2414 -0.01 4.49434
      vertex 79.2904 -0.01 4.38115
      vertex 80.3512 -0.01 4.83214
    endloop
  endfacet
  facet normal 0 -1 -0
    outer loop
      vertex 79.4473 -0.01 6.07466
      vertex 79.3923 -0.01 6.00481
      vertex 80.3517 -0.01 5.59481
    endloop
  endfacet
  facet normal 0 -1 0
    outer loop
      vertex 79.3483 -0.01 4.27388
      vertex 80.3712 -0.01 4.76519
      vertex 79.2904 -0.01 4.38115
    endloop
  endfacet
  facet normal 0 -1 0
    outer loop
      vertex 79.8797 -0.01 3.75739
      vertex 79.996 -0.01 3.69509
      vertex 80.5255 -0.01 4.49805
    endloop
  endfacet
  facet normal 0 -1 -0
    outer loop
      vertex 80.6626 -0.01 4.3888
      vertex 80.3885 -0.01 3.55214
      vertex 80.716 -0.01 4.36005
    endloop
  endfacet
  facet normal 0 -1 -0
    outer loop
      vertex 80.6131 -0.01 4.42137
      vertex 80.2504 -0.01 3.59246
      vertex 80.6626 -0.01 4.3888
    endloop
  endfacet
  facet normal 0 -1 0
    outer loop
      vertex 80.2504 -0.01 3.59246
      vertex 80.3885 -0.01 3.55214
      vertex 80.6626 -0.01 4.3888
    endloop
  endfacet
  facet normal 0 -1 -0
    outer loop
      vertex 80.5674 -0.01 4.4578
      vertex 80.1195 -0.01 3.64011
      vertex 80.6131 -0.01 4.42137
    endloop
  endfacet
  facet normal 0 -1 0
    outer loop
      vertex 80.534 -0.01 3.51917
      vertex 80.716 -0.01 4.36005
      vertex 80.3885 -0.01 3.55214
    endloop
  endfacet
  facet normal 0 -1 0
    outer loop
      vertex 79.996 -0.01 3.69509
      vertex 80.1195 -0.01 3.64011
      vertex 80.5674 -0.01 4.4578
    endloop
  endfacet
  facet normal 0 -1 -0
    outer loop
      vertex 80.716 -0.01 4.36005
      vertex 80.534 -0.01 3.51917
      vertex 80.7732 -0.01 4.33513
    endloop
  endfacet
  facet normal 0 -1 0
    outer loop
      vertex 80.534 -0.01 3.51917
      vertex 80.8342 -0.01 4.31406
      vertex 80.7732 -0.01 4.33513
    endloop
  endfacet
  facet normal 0 -1 0
    outer loop
      vertex 79.5755 -0.01 3.98758
      vertex 79.6691 -0.01 3.90398
      vertex 80.4529 -0.01 4.59139
    endloop
  endfacet
  facet normal 0 -1 0
    outer loop
      vertex 80.534 -0.01 3.51917
      vertex 80.6867 -0.01 3.4935
      vertex 80.8342 -0.01 4.31406
    endloop
  endfacet
  facet normal 0 -1 0
    outer loop
      vertex 80.6867 -0.01 3.4935
      vertex 80.8991 -0.01 4.2968
      vertex 80.8342 -0.01 4.31406
    endloop
  endfacet
  facet normal 0 -1 0
    outer loop
      vertex 80.8468 -0.01 3.47518
      vertex 80.8991 -0.01 4.2968
      vertex 80.6867 -0.01 3.4935
    endloop
  endfacet
  facet normal -0 -1 0
    outer loop
      vertex 80.9678 -0.01 4.28339
      vertex 80.8991 -0.01 4.2968
      vertex 80.8468 -0.01 3.47518
    endloop
  endfacet
  facet normal 0 -1 -0
    outer loop
      vertex 80.9678 -0.01 4.28339
      vertex 80.8468 -0.01 3.47518
      vertex 81.0403 -0.01 4.27381
    endloop
  endfacet
  facet normal 0 -1 0
    outer loop
      vertex 80.8468 -0.01 3.47518
      vertex 81.0141 -0.01 3.46419
      vertex 81.0403 -0.01 4.27381
    endloop
  endfacet
  facet normal 0 -1 0
    outer loop
      vertex 81.0141 -0.01 3.46419
      vertex 81.1167 -0.01 4.26805
      vertex 81.0403 -0.01 4.27381
    endloop
  endfacet
  facet normal 0 -1 0
    outer loop
      vertex 81.1888 -0.01 3.46053
      vertex 81.1167 -0.01 4.26805
      vertex 81.0141 -0.01 3.46419
    endloop
  endfacet
  facet normal 0 -1 0
    outer loop
      vertex 81.1888 -0.01 3.46053
      vertex 81.1969 -0.01 4.26615
      vertex 81.1167 -0.01 4.26805
    endloop
  endfacet
  facet normal 0 -1 0
    outer loop
      vertex 82.7091 -0.01 6.89238
      vertex 81.8869 -0.01 7.42516
      vertex 81.8701 -0.01 7.36783
    endloop
  endfacet
  facet normal 0 -1 0
    outer loop
      vertex 79.984 -0.01 6.66466
      vertex 80.531 -0.01 7.28432
      vertex 79.913 -0.01 6.70223
    endloop
  endfacet
  facet normal -0 -1 0
    outer loop
      vertex 82.6497 -0.01 6.83879
      vertex 81.8701 -0.01 7.36783
      vertex 82.5871 -0.01 6.78949
    endloop
  endfacet
  facet normal 0 -1 0
    outer loop
      vertex 79.7798 -0.01 6.79004
      vertex 80.4877 -0.01 7.3862
      vertex 79.7177 -0.01 6.8403
    endloop
  endfacet
  facet normal 0 -1 0
    outer loop
      vertex 79.549 -0.01 7.01653
      vertex 80.4567 -0.01 7.50167
      vertex 79.4996 -0.01 7.08254
    endloop
  endfacet
  facet normal 0 -1 0
    outer loop
      vertex 79.549 -0.01 7.01653
      vertex 79.6023 -0.01 6.95356
      vertex 80.4567 -0.01 7.50167
    endloop
  endfacet
  facet normal 0 -1 0
    outer loop
      vertex 79.3796 -0.01 7.29148
      vertex 80.4382 -0.01 7.63072
      vertex 79.349 -0.01 7.36475
    endloop
  endfacet
  facet normal 0 -1 0
    outer loop
      vertex 79.3796 -0.01 7.29148
      vertex 79.4149 -0.01 7.22002
      vertex 80.4382 -0.01 7.63072
    endloop
  endfacet
  facet normal 0 -1 0
    outer loop
      vertex 80.4382 -0.01 7.63072
      vertex 79.2855 -0.01 7.59548
      vertex 79.3019 -0.01 7.51676
    endloop
  endfacet
  facet normal -0 -1 0
    outer loop
      vertex 80.432 -0.01 7.77336
      vertex 79.2643 -0.01 7.84255
      vertex 79.2666 -0.01 7.75838
    endloop
  endfacet
  facet normal 0 -1 0
    outer loop
      vertex 80.4381 -0.01 7.90966
      vertex 79.3013 -0.01 8.20438
      vertex 79.2807 -0.01 8.08867
    endloop
  endfacet
  facet normal 0 -1 0
    outer loop
      vertex 80.4565 -0.01 8.03296
      vertex 79.4126 -0.01 8.52204
      vertex 79.3672 -0.01 8.42105
    endloop
  endfacet
  facet normal 0 -1 0
    outer loop
      vertex 79.5279 -0.01 8.70925
      vertex 80.4871 -0.01 8.1433
      vertex 79.5979 -0.01 8.7955
    endloop
  endfacet
  facet normal 0 -1 0
    outer loop
      vertex 79.6762 -0.01 8.87683
      vertex 80.5299 -0.01 8.24063
      vertex 79.7627 -0.01 8.95327
    endloop
  endfacet
  facet normal 0 -1 0
    outer loop
      vertex 80.585 -0.01 8.32502
      vertex 79.8567 -0.01 9.02388
      vertex 79.7627 -0.01 8.95327
    endloop
  endfacet
  facet normal 0 -1 0
    outer loop
      vertex 80.5299 -0.01 8.24063
      vertex 80.585 -0.01 8.32502
      vertex 79.7627 -0.01 8.95327
    endloop
  endfacet
  facet normal 0 -1 -0
    outer loop
      vertex 79.9576 -0.01 9.08779
      vertex 79.8567 -0.01 9.02388
      vertex 80.585 -0.01 8.32502
    endloop
  endfacet
  facet normal 0 -1 0
    outer loop
      vertex 80.6523 -0.01 8.3964
      vertex 80.1798 -0.01 9.19541
      vertex 80.0653 -0.01 9.14496
    endloop
  endfacet
  facet normal -0 -1 0
    outer loop
      vertex 80.7319 -0.01 8.45481
      vertex 80.3011 -0.01 9.23912
      vertex 80.6523 -0.01 8.3964
    endloop
  endfacet
  facet normal 0 -1 0
    outer loop
      vertex 80.4293 -0.01 9.27611
      vertex 80.7319 -0.01 8.45481
      vertex 80.8237 -0.01 8.50023
    endloop
  endfacet
  facet normal -0 -1 0
    outer loop
      vertex 80.9277 -0.01 8.53269
      vertex 80.7061 -0.01 9.32991
      vertex 80.8237 -0.01 8.50023
    endloop
  endfacet
  facet normal 0 -1 0
    outer loop
      vertex 80.8547 -0.01 9.34673
      vertex 80.9277 -0.01 8.53269
      vertex 81.044 -0.01 8.55216
    endloop
  endfacet
  facet normal 0 -1 0
    outer loop
      vertex 81.2397 -0.01 8.55709
      vertex 81.1725 -0.01 9.36019
      vertex 81.1725 -0.01 8.55864
    endloop
  endfacet
  facet normal 0 -1 0
    outer loop
      vertex 81.1725 -0.01 8.55864
      vertex 81.1725 -0.01 9.36019
      vertex 81.0102 -0.01 9.35683
    endloop
  endfacet
  facet normal -0 -1 0
    outer loop
      vertex 81.497 -0.01 9.34708
      vertex 81.3383 -0.01 9.35691
      vertex 81.3647 -0.01 8.54457
    endloop
  endfacet
  facet normal 0 -1 0
    outer loop
      vertex 81.6485 -0.01 9.33068
      vertex 81.4224 -0.01 8.53362
      vertex 81.477 -0.01 8.51955
    endloop
  endfacet
  facet normal 0 -1 0
    outer loop
      vertex 81.5766 -0.01 8.48201
      vertex 81.7928 -0.01 9.30773
      vertex 81.5284 -0.01 8.50234
    endloop
  endfacet
  facet normal 0 -1 0
    outer loop
      vertex 82.06 -0.01 9.24216
      vertex 81.6217 -0.01 8.45856
      vertex 81.6636 -0.01 8.43196
    endloop
  endfacet
  facet normal 0 -1 0
    outer loop
      vertex 81.738 -0.01 8.3694
      vertex 82.1829 -0.01 9.19953
      vertex 81.7024 -0.01 8.40226
    endloop
  endfacet
  facet normal -0 -1 0
    outer loop
      vertex 82.2986 -0.01 9.15035
      vertex 82.1829 -0.01 9.19953
      vertex 81.738 -0.01 8.3694
    endloop
  endfacet
  facet normal 0 -1 -0
    outer loop
      vertex 82.2986 -0.01 9.15035
      vertex 81.7705 -0.01 8.33321
      vertex 82.4071 -0.01 9.09461
    endloop
  endfacet
  facet normal 0 -1 0
    outer loop
      vertex 82.2986 -0.01 9.15035
      vertex 81.738 -0.01 8.3694
      vertex 81.7705 -0.01 8.33321
    endloop
  endfacet
  facet normal 0 -1 0
    outer loop
      vertex 81.7705 -0.01 8.33321
      vertex 81.7999 -0.01 8.29341
      vertex 82.5085 -0.01 9.03232
    endloop
  endfacet
  facet normal 0 -1 -0
    outer loop
      vertex 82.4071 -0.01 9.09461
      vertex 81.7705 -0.01 8.33321
      vertex 82.5085 -0.01 9.03232
    endloop
  endfacet
  facet normal 0 -1 0
    outer loop
      vertex 82.6027 -0.01 8.96347
      vertex 81.7999 -0.01 8.29341
      vertex 81.8262 -0.01 8.25003
    endloop
  endfacet
  facet normal 0 -1 0
    outer loop
      vertex 81.8262 -0.01 8.25003
      vertex 81.8494 -0.01 8.20304
      vertex 82.6892 -0.01 8.88857
    endloop
  endfacet
  facet normal 0 -1 -0
    outer loop
      vertex 82.6027 -0.01 8.96347
      vertex 81.8262 -0.01 8.25003
      vertex 82.6892 -0.01 8.88857
    endloop
  endfacet
  facet normal 0 -1 0
    outer loop
      vertex 81.8494 -0.01 8.20304
      vertex 82.8374 -0.01 8.72211
      vertex 82.7674 -0.01 8.80811
    endloop
  endfacet
  facet normal 0 -1 -0
    outer loop
      vertex 82.6892 -0.01 8.88857
      vertex 81.8494 -0.01 8.20304
      vertex 82.7674 -0.01 8.80811
    endloop
  endfacet
  facet normal 0 -1 0
    outer loop
      vertex 81.8695 -0.01 8.15245
      vertex 82.9528 -0.01 8.53347
      vertex 82.8992 -0.01 8.63056
    endloop
  endfacet
  facet normal 0 -1 -0
    outer loop
      vertex 82.8374 -0.01 8.72211
      vertex 81.8695 -0.01 8.15245
      vertex 82.8992 -0.01 8.63056
    endloop
  endfacet
  facet normal 0 -1 0
    outer loop
      vertex 82.9981 -0.01 8.43082
      vertex 81.8865 -0.01 8.09827
      vertex 81.9005 -0.01 8.04048
    endloop
  endfacet
  facet normal 0 -1 0
    outer loop
      vertex 81.9005 -0.01 8.04048
      vertex 83.064 -0.01 8.2089
      vertex 83.0352 -0.01 8.32263
    endloop
  endfacet
  facet normal -0 -1 0
    outer loop
      vertex 83.097 -0.01 7.96477
      vertex 83.0846 -0.01 8.0896
      vertex 81.919 -0.01 7.91413
    endloop
  endfacet
  facet normal 0 -1 0
    outer loop
      vertex 81.9252 -0.01 7.77336
      vertex 83.1011 -0.01 7.83438
      vertex 81.9237 -0.01 7.84554
    endloop
  endfacet
  facet normal 0 -1 0
    outer loop
      vertex 83.0917 -0.01 7.66802
      vertex 81.9252 -0.01 7.77336
      vertex 81.9237 -0.01 7.69551
    endloop
  endfacet
  facet normal 0 -1 0
    outer loop
      vertex 83.0917 -0.01 7.66802
      vertex 83.0987 -0.01 7.75026
      vertex 81.9252 -0.01 7.77336
    endloop
  endfacet
  facet normal -0 -1 0
    outer loop
      vertex 83.08 -0.01 7.58765
      vertex 81.9237 -0.01 7.69551
      vertex 83.0637 -0.01 7.50917
    endloop
  endfacet
  facet normal -0 -1 0
    outer loop
      vertex 83.017 -0.01 7.35785
      vertex 81.9191 -0.01 7.62178
      vertex 82.9866 -0.01 7.28502
    endloop
  endfacet
  facet normal 0 -1 0
    outer loop
      vertex 83.017 -0.01 7.35785
      vertex 83.0426 -0.01 7.43257
      vertex 81.9191 -0.01 7.62178
    endloop
  endfacet
  facet normal -0 -1 0
    outer loop
      vertex 82.9515 -0.01 7.21407
      vertex 81.9114 -0.01 7.55214
      vertex 82.9118 -0.01 7.14499
    endloop
  endfacet
  facet normal 0 -1 0
    outer loop
      vertex 82.9515 -0.01 7.21407
      vertex 82.9866 -0.01 7.28502
      vertex 81.9114 -0.01 7.55214
    endloop
  endfacet
  facet normal 0 -1 0
    outer loop
      vertex 82.8674 -0.01 7.07781
      vertex 82.9118 -0.01 7.14499
      vertex 81.9007 -0.01 7.48659
    endloop
  endfacet
  facet normal 0 -1 0
    outer loop
      vertex 81.9007 -0.01 7.48659
      vertex 82.8183 -0.01 7.0125
      vertex 82.8674 -0.01 7.07781
    endloop
  endfacet
  facet normal -0 -1 0
    outer loop
      vertex 82.7653 -0.01 6.95029
      vertex 81.8869 -0.01 7.42516
      vertex 82.7091 -0.01 6.89238
    endloop
  endfacet
  facet normal -0 -1 0
    outer loop
      vertex 82.7091 -0.01 6.89238
      vertex 81.8701 -0.01 7.36783
      vertex 82.6497 -0.01 6.83879
    endloop
  endfacet
  facet normal 0 -1 -0
    outer loop
      vertex 81.8701 -0.01 7.36783
      vertex 81.8502 -0.01 7.31459
      vertex 82.5871 -0.01 6.78949
    endloop
  endfacet
  facet normal 0 -1 0
    outer loop
      vertex 81.8502 -0.01 7.31459
      vertex 82.5213 -0.01 6.74451
      vertex 82.5871 -0.01 6.78949
    endloop
  endfacet
  facet normal 0 -1 0
    outer loop
      vertex 82.4523 -0.01 6.70381
      vertex 82.5213 -0.01 6.74451
      vertex 81.8502 -0.01 7.31459
    endloop
  endfacet
  facet normal 0 -1 0
    outer loop
      vertex 82.4523 -0.01 6.70381
      vertex 81.8502 -0.01 7.31459
      vertex 81.8273 -0.01 7.26548
    endloop
  endfacet
  facet normal -0 -1 0
    outer loop
      vertex 82.4523 -0.01 6.70381
      vertex 81.8273 -0.01 7.26548
      vertex 82.3801 -0.01 6.66744
    endloop
  endfacet
  facet normal 0 -1 0
    outer loop
      vertex 81.8273 -0.01 7.26548
      vertex 82.3048 -0.01 6.63536
      vertex 82.3801 -0.01 6.66744
    endloop
  endfacet
  facet normal 0 -1 0
    outer loop
      vertex 81.8013 -0.01 7.22045
      vertex 82.3048 -0.01 6.63536
      vertex 81.8273 -0.01 7.26548
    endloop
  endfacet
  facet normal 0 -1 0
    outer loop
      vertex 82.2262 -0.01 6.60759
      vertex 82.3048 -0.01 6.63536
      vertex 81.8013 -0.01 7.22045
    endloop
  endfacet
  facet normal 0 -1 0
    outer loop
      vertex 82.2262 -0.01 6.60759
      vertex 81.8013 -0.01 7.22045
      vertex 81.7722 -0.01 7.17952
    endloop
  endfacet
  facet normal -0 -1 0
    outer loop
      vertex 82.2262 -0.01 6.60759
      vertex 81.7722 -0.01 7.17952
      vertex 82.1444 -0.01 6.58412
    endloop
  endfacet
  facet normal 0 -1 -0
    outer loop
      vertex 81.7722 -0.01 7.17952
      vertex 81.74 -0.01 7.1427
      vertex 82.1444 -0.01 6.58412
    endloop
  endfacet
  facet normal 0 -1 0
    outer loop
      vertex 81.74 -0.01 7.1427
      vertex 82.0595 -0.01 6.56497
      vertex 82.1444 -0.01 6.58412
    endloop
  endfacet
  facet normal 0 -1 0
    outer loop
      vertex 81.7048 -0.01 7.10952
      vertex 82.0595 -0.01 6.56497
      vertex 81.74 -0.01 7.1427
    endloop
  endfacet
  facet normal 0 -1 0
    outer loop
      vertex 81.6665 -0.01 7.0795
      vertex 82.0595 -0.01 6.56497
      vertex 81.7048 -0.01 7.10952
    endloop
  endfacet
  facet normal 0 -1 0
    outer loop
      vertex 81.625 -0.01 7.05263
      vertex 82.0595 -0.01 6.56497
      vertex 81.6665 -0.01 7.0795
    endloop
  endfacet
  facet normal 0 -1 -0
    outer loop
      vertex 81.5804 -0.01 7.02892
      vertex 81.5327 -0.01 7.00838
      vertex 82.0595 -0.01 6.56497
    endloop
  endfacet
  facet normal 0 -1 -0
    outer loop
      vertex 81.5327 -0.01 7.00838
      vertex 81.4818 -0.01 6.991
      vertex 82.0595 -0.01 6.56497
    endloop
  endfacet
  facet normal 0 -1 0
    outer loop
      vertex 81.4818 -0.01 6.991
      vertex 82.0595 -0.01 6.54865
      vertex 82.0595 -0.01 6.56497
    endloop
  endfacet
  facet normal 0 -1 -0
    outer loop
      vertex 81.4278 -0.01 6.97678
      vertex 81.3707 -0.01 6.96572
      vertex 81.4603 -0.01 6.12024
    endloop
  endfacet
  facet normal 0 -1 0
    outer loop
      vertex 81.1643 -0.01 6.14997
      vertex 81.3197 -0.01 6.14254
      vertex 81.2471 -0.01 6.95307
    endloop
  endfacet
  facet normal 0 -1 -0
    outer loop
      vertex 81.0507 -0.01 6.95829
      vertex 81.0198 -0.01 6.14217
      vertex 81.0905 -0.01 6.14801
    endloop
  endfacet
  facet normal -0 -1 0
    outer loop
      vertex 80.827 -0.01 6.1012
      vertex 80.2977 -0.01 6.54055
      vertex 80.7691 -0.01 6.07976
    endloop
  endfacet
  facet normal 0 -1 0
    outer loop
      vertex 80.2977 -0.01 6.54055
      vertex 80.5695 -0.01 5.95494
      vertex 80.6146 -0.01 5.99199
    endloop
  endfacet
  facet normal 0 -1 0
    outer loop
      vertex 79.5699 -0.01 6.20204
      vertex 80.3718 -0.01 5.65657
      vertex 79.6365 -0.01 6.25862
    endloop
  endfacet
  facet normal 0 -1 0
    outer loop
      vertex 80.6131 -0.01 4.42137
      vertex 80.1195 -0.01 3.64011
      vertex 80.2504 -0.01 3.59246
    endloop
  endfacet
  facet normal 0 -1 0
    outer loop
      vertex 81.0905 -0.01 6.14801
      vertex 81.1643 -0.01 6.14997
      vertex 81.1806 -0.01 6.95148
    endloop
  endfacet
  facet normal 0 -1 0
    outer loop
      vertex 79.996 -0.01 3.69509
      vertex 80.5674 -0.01 4.4578
      vertex 80.5255 -0.01 4.49805
    endloop
  endfacet
  facet normal 0 -1 0
    outer loop
      vertex 79.8797 -0.01 3.75739
      vertex 80.5255 -0.01 4.49805
      vertex 80.4874 -0.01 4.54245
    endloop
  endfacet
  facet normal -0 -1 0
    outer loop
      vertex 80.4874 -0.01 4.54245
      vertex 80.4529 -0.01 4.59139
      vertex 79.7708 -0.01 3.82701
    endloop
  endfacet
  facet normal 0 -1 0
    outer loop
      vertex 79.8797 -0.01 3.75739
      vertex 80.4874 -0.01 4.54245
      vertex 79.7708 -0.01 3.82701
    endloop
  endfacet
  facet normal 0 -1 0
    outer loop
      vertex 80.4529 -0.01 4.59139
      vertex 79.6691 -0.01 3.90398
      vertex 79.7708 -0.01 3.82701
    endloop
  endfacet
  facet normal 0 -1 0
    outer loop
      vertex 80.422 -0.01 4.64481
      vertex 79.4909 -0.01 4.07709
      vertex 79.5755 -0.01 3.98758
    endloop
  endfacet
  facet normal -0 -1 0
    outer loop
      vertex 80.4529 -0.01 4.59139
      vertex 80.422 -0.01 4.64481
      vertex 79.5755 -0.01 3.98758
    endloop
  endfacet
  facet normal 0 -1 0
    outer loop
      vertex 80.3948 -0.01 4.70275
      vertex 79.4151 -0.01 4.17253
      vertex 79.4909 -0.01 4.07709
    endloop
  endfacet
  facet normal -0 -1 0
    outer loop
      vertex 80.422 -0.01 4.64481
      vertex 80.3948 -0.01 4.70275
      vertex 79.4909 -0.01 4.07709
    endloop
  endfacet
  facet normal 0 -1 0
    outer loop
      vertex 80.3712 -0.01 4.76519
      vertex 79.3483 -0.01 4.27388
      vertex 79.4151 -0.01 4.17253
    endloop
  endfacet
  facet normal -0 -1 0
    outer loop
      vertex 80.3948 -0.01 4.70275
      vertex 80.3712 -0.01 4.76519
      vertex 79.4151 -0.01 4.17253
    endloop
  endfacet
  facet normal 0 -1 -0
    outer loop
      vertex 80.3512 -0.01 4.83214
      vertex 79.2904 -0.01 4.38115
      vertex 80.3712 -0.01 4.76519
    endloop
  endfacet
  facet normal 0 -1 0
    outer loop
      vertex 79.2013 -0.01 4.61345
      vertex 80.3349 -0.01 4.9036
      vertex 79.1701 -0.01 4.73847
    endloop
  endfacet
  facet normal -0 -1 0
    outer loop
      vertex 80.3222 -0.01 4.97956
      vertex 80.3131 -0.01 5.06003
      vertex 79.1478 -0.01 4.8694
    endloop
  endfacet
  facet normal 0 -1 0
    outer loop
      vertex 79.1701 -0.01 4.73847
      vertex 80.3222 -0.01 4.97956
      vertex 79.1478 -0.01 4.8694
    endloop
  endfacet
  facet normal -0 -1 0
    outer loop
      vertex 80.3131 -0.01 5.06003
      vertex 80.3077 -0.01 5.14501
      vertex 79.1344 -0.01 5.00627
    endloop
  endfacet
  facet normal 0 -1 -0
    outer loop
      vertex 79.1405 -0.01 5.34307
      vertex 79.1326 -0.01 5.24749
      vertex 80.3059 -0.01 5.23448
    endloop
  endfacet
  facet normal 0 -1 -0
    outer loop
      vertex 79.172 -0.01 5.52565
      vertex 79.1536 -0.01 5.43579
      vertex 80.3077 -0.01 5.3134
    endloop
  endfacet
  facet normal 0 -1 -0
    outer loop
      vertex 79.2244 -0.01 5.69681
      vertex 79.1956 -0.01 5.61267
      vertex 80.3132 -0.01 5.3889
    endloop
  endfacet
  facet normal 0 -1 0
    outer loop
      vertex 79.2244 -0.01 5.69681
      vertex 80.3224 -0.01 5.46097
      vertex 79.2585 -0.01 5.77809
    endloop
  endfacet
  facet normal 0 -1 0
    outer loop
      vertex 79.2244 -0.01 5.69681
      vertex 80.3132 -0.01 5.3889
      vertex 80.3224 -0.01 5.46097
    endloop
  endfacet
  facet normal 0 -1 0
    outer loop
      vertex 79.2979 -0.01 5.85652
      vertex 80.3352 -0.01 5.5296
      vertex 79.3424 -0.01 5.9321
    endloop
  endfacet
  facet normal 0 -1 0
    outer loop
      vertex 79.2979 -0.01 5.85652
      vertex 80.3224 -0.01 5.46097
      vertex 80.3352 -0.01 5.5296
    endloop
  endfacet
  facet normal 0 -1 0
    outer loop
      vertex 80.3352 -0.01 5.5296
      vertex 79.3923 -0.01 6.00481
      vertex 79.3424 -0.01 5.9321
    endloop
  endfacet
  facet normal 0 -1 0
    outer loop
      vertex 79.4473 -0.01 6.07466
      vertex 80.3517 -0.01 5.59481
      vertex 79.5068 -0.01 6.14072
    endloop
  endfacet
  facet normal 0 -1 0
    outer loop
      vertex 80.3718 -0.01 5.65657
      vertex 79.5699 -0.01 6.20204
      vertex 79.5068 -0.01 6.14072
    endloop
  endfacet
  facet normal 0 -1 0
    outer loop
      vertex 80.3517 -0.01 5.59481
      vertex 80.3718 -0.01 5.65657
      vertex 79.5068 -0.01 6.14072
    endloop
  endfacet
  facet normal 0 -1 0
    outer loop
      vertex 80.3718 -0.01 5.65657
      vertex 80.3956 -0.01 5.71492
      vertex 79.6365 -0.01 6.25862
    endloop
  endfacet
  facet normal 0 -1 0
    outer loop
      vertex 80.3956 -0.01 5.71492
      vertex 79.7067 -0.01 6.31046
      vertex 79.6365 -0.01 6.25862
    endloop
  endfacet
  facet normal -0 -1 0
    outer loop
      vertex 80.4231 -0.01 5.76982
      vertex 79.7804 -0.01 6.35756
      vertex 80.3956 -0.01 5.71492
    endloop
  endfacet
  facet normal 0 -1 -0
    outer loop
      vertex 79.8577 -0.01 6.39991
      vertex 79.7804 -0.01 6.35756
      vertex 80.4231 -0.01 5.76982
    endloop
  endfacet
  facet normal 0 -1 0
    outer loop
      vertex 79.8577 -0.01 6.39991
      vertex 80.4231 -0.01 5.76982
      vertex 80.4543 -0.01 5.82131
    endloop
  endfacet
  facet normal 0 -1 -0
    outer loop
      vertex 80.2026 -0.01 6.5219
      vertex 80.111 -0.01 6.49851
      vertex 80.5276 -0.01 5.91399
    endloop
  endfacet
  facet normal 0 -1 0
    outer loop
      vertex 80.4543 -0.01 5.82131
      vertex 79.9386 -0.01 6.43752
      vertex 79.8577 -0.01 6.39991
    endloop
  endfacet
  facet normal 0 -1 -0
    outer loop
      vertex 80.023 -0.01 6.47039
      vertex 79.9386 -0.01 6.43752
      vertex 80.4543 -0.01 5.82131
    endloop
  endfacet
  facet normal 0 -1 0
    outer loop
      vertex 80.023 -0.01 6.47039
      vertex 80.4543 -0.01 5.82131
      vertex 80.4891 -0.01 5.86936
    endloop
  endfacet
  facet normal 0 -1 0
    outer loop
      vertex 80.4891 -0.01 5.86936
      vertex 80.5276 -0.01 5.91399
      vertex 80.111 -0.01 6.49851
    endloop
  endfacet
  facet normal 0 -1 0
    outer loop
      vertex 80.023 -0.01 6.47039
      vertex 80.4891 -0.01 5.86936
      vertex 80.111 -0.01 6.49851
    endloop
  endfacet
  facet normal 0 -1 0
    outer loop
      vertex 80.2026 -0.01 6.5219
      vertex 80.5276 -0.01 5.91399
      vertex 80.5695 -0.01 5.95494
    endloop
  endfacet
  facet normal -0 -1 0
    outer loop
      vertex 80.6629 -0.01 6.02515
      vertex 80.2977 -0.01 6.54055
      vertex 80.6146 -0.01 5.99199
    endloop
  endfacet
  facet normal -0 -1 0
    outer loop
      vertex 80.7144 -0.01 6.0544
      vertex 80.2977 -0.01 6.54055
      vertex 80.6629 -0.01 6.02515
    endloop
  endfacet
  facet normal -0 -1 0
    outer loop
      vertex 80.7691 -0.01 6.07976
      vertex 80.2977 -0.01 6.54055
      vertex 80.7144 -0.01 6.0544
    endloop
  endfacet
  facet normal 0 -1 0
    outer loop
      vertex 80.2977 -0.01 6.54055
      vertex 80.8881 -0.01 6.11876
      vertex 80.2977 -0.01 6.55681
    endloop
  endfacet
  facet normal 0 -1 0
    outer loop
      vertex 80.8881 -0.01 6.11876
      vertex 80.9331 -0.01 6.97866
      vertex 80.2977 -0.01 6.55681
    endloop
  endfacet
  facet normal -0 -1 0
    outer loop
      vertex 80.9523 -0.01 6.1324
      vertex 80.9331 -0.01 6.97866
      vertex 80.8881 -0.01 6.11876
    endloop
  endfacet
  facet normal -0 -1 0
    outer loop
      vertex 81.0507 -0.01 6.95829
      vertex 80.9331 -0.01 6.97866
      vertex 80.9523 -0.01 6.1324
    endloop
  endfacet
  facet normal -0 -1 0
    outer loop
      vertex 81.1806 -0.01 6.95148
      vertex 81.0507 -0.01 6.95829
      vertex 81.0905 -0.01 6.14801
    endloop
  endfacet
  facet normal 0 -1 0
    outer loop
      vertex 81.0507 -0.01 6.95829
      vertex 80.9523 -0.01 6.1324
      vertex 81.0198 -0.01 6.14217
    endloop
  endfacet
  facet normal 0 -1 0
    outer loop
      vertex 81.1643 -0.01 6.14997
      vertex 81.2471 -0.01 6.95307
      vertex 81.1806 -0.01 6.95148
    endloop
  endfacet
  facet normal 0 -1 0
    outer loop
      vertex 81.3197 -0.01 6.14254
      vertex 81.3707 -0.01 6.96572
      vertex 81.3105 -0.01 6.95781
    endloop
  endfacet
  facet normal 0 -1 0
    outer loop
      vertex 81.4603 -0.01 6.12024
      vertex 82.0595 -0.01 6.54865
      vertex 81.4818 -0.01 6.991
    endloop
  endfacet
  facet normal 0 -1 0
    outer loop
      vertex 82.0526 -0.01 5.07091
      vertex 83.2391 -0.01 5.01371
      vertex 82.0578 -0.01 5.15843
    endloop
  endfacet
  facet normal -0 -1 0
    outer loop
      vertex 82.8688 -0.01 6.15895
      vertex 82.8056 -0.01 6.21836
      vertex 81.9929 -0.01 5.67433
    endloop
  endfacet
  facet normal 0 -1 -0
    outer loop
      vertex 82.4304 -0.01 6.44727
      vertex 81.9411 -0.01 5.78582
      vertex 82.5133 -0.01 6.41057
    endloop
  endfacet
  facet normal 0 -1 -0
    outer loop
      vertex 82.7384 -0.01 6.27323
      vertex 81.9929 -0.01 5.67433
      vertex 82.8056 -0.01 6.21836
    endloop
  endfacet
  facet normal -0 -1 0
    outer loop
      vertex 82.7384 -0.01 6.27323
      vertex 82.6673 -0.01 6.32355
      vertex 81.9929 -0.01 5.67433
    endloop
  endfacet
  facet normal 0 -1 -0
    outer loop
      vertex 82.9281 -0.01 6.095
      vertex 82.0299 -0.01 5.54801
      vertex 82.9828 -0.01 6.02706
    endloop
  endfacet
  facet normal 0 -1 0
    outer loop
      vertex 82.9281 -0.01 6.095
      vertex 81.9929 -0.01 5.67433
      vertex 82.0299 -0.01 5.54801
    endloop
  endfacet
  facet normal 0 -1 0
    outer loop
      vertex 82.0299 -0.01 5.54801
      vertex 82.0521 -0.01 5.4068
      vertex 83.1158 -0.01 5.80246
    endloop
  endfacet
  facet normal 0 -1 -0
    outer loop
      vertex 83.0767 -0.01 5.8808
      vertex 82.0299 -0.01 5.54801
      vertex 83.1158 -0.01 5.80246
    endloop
  endfacet
  facet normal 0 -1 -0
    outer loop
      vertex 83.2018 -0.01 5.54671
      vertex 82.0521 -0.01 5.4068
      vertex 83.22 -0.01 5.45452
    endloop
  endfacet
  facet normal 0 -1 0
    outer loop
      vertex 82.0595 -0.01 5.25074
      vertex 83.2409 -0.01 5.25977
      vertex 83.233 -0.01 5.35887
    endloop
  endfacet
  facet normal 0 -1 0
    outer loop
      vertex 82.0439 -0.01 4.98816
      vertex 83.2038 -0.01 4.74456
      vertex 83.2258 -0.01 4.87615
    endloop
  endfacet
  facet normal 0 -1 0
    outer loop
      vertex 82.0318 -0.01 4.91017
      vertex 83.173 -0.01 4.61891
      vertex 83.2038 -0.01 4.74456
    endloop
  endfacet
  facet normal 0 -1 0
    outer loop
      vertex 82.0162 -0.01 4.83698
      vertex 83.0849 -0.01 4.38547
      vertex 83.1333 -0.01 4.49921
    endloop
  endfacet
  facet normal 0 -1 0
    outer loop
      vertex 81.9971 -0.01 4.76856
      vertex 83.0276 -0.01 4.27768
      vertex 83.0849 -0.01 4.38547
    endloop
  endfacet
  facet normal 0 -1 0
    outer loop
      vertex 81.9746 -0.01 4.7049
      vertex 82.9615 -0.01 4.17583
      vertex 83.0276 -0.01 4.27768
    endloop
  endfacet
  facet normal 0 -1 0
    outer loop
      vertex 81.9486 -0.01 4.64601
      vertex 82.8866 -0.01 4.07994
      vertex 81.9746 -0.01 4.7049
    endloop
  endfacet
  facet normal 0 -1 0
    outer loop
      vertex 82.8029 -0.01 3.99001
      vertex 82.8866 -0.01 4.07994
      vertex 81.9486 -0.01 4.64601
    endloop
  endfacet
  facet normal 0 -1 0
    outer loop
      vertex 82.7104 -0.01 3.90602
      vertex 82.8029 -0.01 3.99001
      vertex 81.9192 -0.01 4.59192
    endloop
  endfacet
  facet normal -0 -1 0
    outer loop
      vertex 82.7104 -0.01 3.90602
      vertex 81.9192 -0.01 4.59192
      vertex 82.6097 -0.01 3.82871
    endloop
  endfacet
  facet normal -0 -1 0
    outer loop
      vertex 82.6097 -0.01 3.82871
      vertex 81.8863 -0.01 4.54259
      vertex 82.5015 -0.01 3.75875
    endloop
  endfacet
  facet normal 0 -1 -0
    outer loop
      vertex 81.8863 -0.01 4.54259
      vertex 81.8499 -0.01 4.49805
      vertex 82.5015 -0.01 3.75875
    endloop
  endfacet
  facet normal 0 -1 0
    outer loop
      vertex 81.8499 -0.01 4.49805
      vertex 82.3858 -0.01 3.69615
      vertex 82.5015 -0.01 3.75875
    endloop
  endfacet
  facet normal 0 -1 0
    outer loop
      vertex 81.8099 -0.01 4.4578
      vertex 82.2625 -0.01 3.64093
      vertex 82.3858 -0.01 3.69615
    endloop
  endfacet
  facet normal 0 -1 0
    outer loop
      vertex 81.766 -0.01 4.42137
      vertex 82.2625 -0.01 3.64093
      vertex 81.8099 -0.01 4.4578
    endloop
  endfacet
  facet normal 0 -1 0
    outer loop
      vertex 82.1317 -0.01 3.59307
      vertex 82.2625 -0.01 3.64093
      vertex 81.766 -0.01 4.42137
    endloop
  endfacet
  facet normal 0 -1 0
    outer loop
      vertex 81.9934 -0.01 3.55257
      vertex 82.1317 -0.01 3.59307
      vertex 81.7182 -0.01 4.3888
    endloop
  endfacet
  facet normal 0 -1 0
    outer loop
      vertex 81.9934 -0.01 3.55257
      vertex 81.7182 -0.01 4.3888
      vertex 81.6666 -0.01 4.36005
    endloop
  endfacet
  facet normal -0 -1 0
    outer loop
      vertex 81.9934 -0.01 3.55257
      vertex 81.6666 -0.01 4.36005
      vertex 81.8475 -0.01 3.51943
    endloop
  endfacet
  facet normal 0 -1 0
    outer loop
      vertex 81.8475 -0.01 3.51943
      vertex 81.6111 -0.01 4.33513
      vertex 81.5517 -0.01 4.31406
    endloop
  endfacet
  facet normal -0 -1 0
    outer loop
      vertex 81.8475 -0.01 3.51943
      vertex 81.5517 -0.01 4.31406
      vertex 81.6941 -0.01 3.49366
    endloop
  endfacet
  facet normal 0 -1 -0
    outer loop
      vertex 81.5517 -0.01 4.31406
      vertex 81.4885 -0.01 4.2968
      vertex 81.6941 -0.01 3.49366
    endloop
  endfacet
  facet normal 0 -1 0
    outer loop
      vertex 81.4885 -0.01 4.2968
      vertex 81.5332 -0.01 3.47525
      vertex 81.6941 -0.01 3.49366
    endloop
  endfacet
  facet normal 0 -1 -0
    outer loop
      vertex 81.4214 -0.01 4.28339
      vertex 81.3504 -0.01 4.27381
      vertex 81.5332 -0.01 3.47525
    endloop
  endfacet
  facet normal 0 -1 0
    outer loop
      vertex 81.3504 -0.01 4.27381
      vertex 81.3648 -0.01 3.46421
      vertex 81.5332 -0.01 3.47525
    endloop
  endfacet
  facet normal 0 -1 0
    outer loop
      vertex 81.2756 -0.01 4.26805
      vertex 81.3648 -0.01 3.46421
      vertex 81.3504 -0.01 4.27381
    endloop
  endfacet
  facet normal 0 -1 -0
    outer loop
      vertex 81.1969 -0.01 4.26615
      vertex 81.1888 -0.01 3.46053
      vertex 81.2756 -0.01 4.26805
    endloop
  endfacet
  facet normal 0 -1 0
    outer loop
      vertex 69.7024 -0.01 8.27582
      vertex 69.8345 -0.01 8.22356
      vertex 70.0204 -0.01 9.21207
    endloop
  endfacet
  facet normal 0 -1 0
    outer loop
      vertex 64.4979 -0.01 9.27475
      vertex 65.6982 -0.01 3.54189
      vertex 65.6982 -0.01 9.27475
    endloop
  endfacet
  facet normal 0 -1 0
    outer loop
      vertex 64.4979 -0.01 3.54189
      vertex 65.6982 -0.01 3.54189
      vertex 64.4979 -0.01 9.27475
    endloop
  endfacet
  facet normal 0 -1 0
    outer loop
      vertex 70.2107 -0.01 7.06304
      vertex 71.3057 -0.01 6.63358
      vertex 71.3412 -0.01 6.71761
    endloop
  endfacet
  facet normal 0 -1 0
    outer loop
      vertex 71.2661 -0.01 6.5515
      vertex 70.2107 -0.01 7.06304
      vertex 70.1863 -0.01 6.99849
    endloop
  endfacet
  facet normal -0 -1 0
    outer loop
      vertex 71.4413 -0.01 7.07323
      vertex 70.2463 -0.01 7.20291
      vertex 71.4225 -0.01 6.9814
    endloop
  endfacet
  facet normal 0 -1 0
    outer loop
      vertex 70.1863 -0.01 6.99849
      vertex 71.2223 -0.01 6.47136
      vertex 71.2661 -0.01 6.5515
    endloop
  endfacet
  facet normal 0 -1 0
    outer loop
      vertex 70.2574 -0.01 7.27825
      vertex 71.4559 -0.01 7.16701
      vertex 70.264 -0.01 7.35718
    endloop
  endfacet
  facet normal 0 -1 0
    outer loop
      vertex 70.1575 -0.01 6.93755
      vertex 71.1747 -0.01 6.39386
      vertex 70.1863 -0.01 6.99849
    endloop
  endfacet
  facet normal -0 -1 0
    outer loop
      vertex 71.4663 -0.01 7.26274
      vertex 70.264 -0.01 7.35718
      vertex 71.4559 -0.01 7.16701
    endloop
  endfacet
  facet normal 0 -1 0
    outer loop
      vertex 71.4725 -0.01 7.36042
      vertex 70.264 -0.01 7.35718
      vertex 71.4663 -0.01 7.26274
    endloop
  endfacet
  facet normal 0 -1 0
    outer loop
      vertex 71.955 -0.01 6.19881
      vertex 71.955 -0.01 5.20598
      vertex 74.0708 -0.01 5.20598
    endloop
  endfacet
  facet normal -0 -1 0
    outer loop
      vertex 71.1234 -0.01 6.3196
      vertex 70.1575 -0.01 6.93755
      vertex 71.0686 -0.01 6.2486
    endloop
  endfacet
  facet normal 0 -1 0
    outer loop
      vertex 70.264 -0.01 7.35718
      vertex 71.4725 -0.01 7.36042
      vertex 70.2662 -0.01 7.4397
    endloop
  endfacet
  facet normal 0 -1 0
    outer loop
      vertex 71.0686 -0.01 6.2486
      vertex 70.1575 -0.01 6.93755
      vertex 70.1242 -0.01 6.88019
    endloop
  endfacet
  facet normal 0 -1 0
    outer loop
      vertex 70.2662 -0.01 7.4397
      vertex 71.47 -0.01 7.61438
      vertex 70.2574 -0.01 7.59648
    endloop
  endfacet
  facet normal 0 -1 0
    outer loop
      vertex 70.1242 -0.01 6.88019
      vertex 70.948 -0.01 6.11637
      vertex 71.0101 -0.01 6.18085
    endloop
  endfacet
  facet normal 0 -1 -0
    outer loop
      vertex 71.4563 -0.01 7.76223
      vertex 70.2574 -0.01 7.59648
      vertex 71.47 -0.01 7.61438
    endloop
  endfacet
  facet normal 0 -1 0
    outer loop
      vertex 70.8824 -0.01 6.05516
      vertex 70.948 -0.01 6.11637
      vertex 70.0865 -0.01 6.82643
    endloop
  endfacet
  facet normal 0 -1 0
    outer loop
      vertex 70.0443 -0.01 6.77628
      vertex 70.7403 -0.01 5.94251
      vertex 70.8131 -0.01 5.9972
    endloop
  endfacet
  facet normal -0 -1 0
    outer loop
      vertex 69.8607 -0.01 9.23949
      vertex 69.6931 -0.01 9.25908
      vertex 69.5526 -0.01 8.31314
    endloop
  endfacet
  facet normal 0 -1 0
    outer loop
      vertex 71.955 -0.01 6.19881
      vertex 74.0708 -0.01 5.20598
      vertex 74.0708 -0.01 6.19881
    endloop
  endfacet
  facet normal 0 -1 0
    outer loop
      vertex 69.7024 -0.01 8.27582
      vertex 70.0204 -0.01 9.21207
      vertex 69.8607 -0.01 9.23949
    endloop
  endfacet
  facet normal 0 -1 -0
    outer loop
      vertex 71.1028 -0.01 8.61541
      vertex 70.1253 -0.01 7.97721
      vertex 71.1809 -0.01 8.51299
    endloop
  endfacet
  facet normal -0 -1 0
    outer loop
      vertex 71.0156 -0.01 8.71132
      vertex 70.9192 -0.01 8.80075
      vertex 70.1253 -0.01 7.97721
    endloop
  endfacet
  facet normal -0 -1 0
    outer loop
      vertex 70.8143 -0.01 8.88301
      vertex 70.7016 -0.01 8.95745
      vertex 70.046 -0.01 8.07425
    endloop
  endfacet
  facet normal 0 -1 -0
    outer loop
      vertex 70.3164 -0.01 9.13372
      vertex 69.9491 -0.01 8.15637
      vertex 70.4526 -0.01 9.0828
    endloop
  endfacet
  facet normal -0 -1 0
    outer loop
      vertex 70.7016 -0.01 8.95745
      vertex 70.581 -0.01 9.02404
      vertex 70.046 -0.01 8.07425
    endloop
  endfacet
  facet normal -0 -1 0
    outer loop
      vertex 70.9192 -0.01 8.80075
      vertex 70.8143 -0.01 8.88301
      vertex 70.046 -0.01 8.07425
    endloop
  endfacet
  facet normal -0 -1 0
    outer loop
      vertex 71.2497 -0.01 8.40409
      vertex 71.1809 -0.01 8.51299
      vertex 70.1869 -0.01 7.86522
    endloop
  endfacet
  facet normal -0 -1 0
    outer loop
      vertex 71.3599 -0.01 8.16683
      vertex 71.3094 -0.01 8.2887
      vertex 70.231 -0.01 7.73831
    endloop
  endfacet
  facet normal 0 -1 0
    outer loop
      vertex 69.5526 -0.01 8.31314
      vertex 69.6931 -0.01 9.25908
      vertex 69.5177 -0.01 9.27083
    endloop
  endfacet
  facet normal -0 -1 0
    outer loop
      vertex 70.5838 -0.01 5.84291
      vertex 69.947 -0.01 6.687
      vertex 70.5002 -0.01 5.79801
    endloop
  endfacet
  facet normal 0 -1 0
    outer loop
      vertex 69.5526 -0.01 8.31314
      vertex 69.5177 -0.01 9.27083
      vertex 69.3852 -0.01 8.33554
    endloop
  endfacet
  facet normal 0 -1 0
    outer loop
      vertex 70.0364 -0.01 5.6308
      vertex 69.7722 -0.01 6.58324
      vertex 69.7065 -0.01 6.5568
    endloop
  endfacet
  facet normal 0 -1 0
    outer loop
      vertex 69.3852 -0.01 8.33554
      vertex 69.5177 -0.01 9.27083
      vertex 69.3345 -0.01 9.27475
    endloop
  endfacet
  facet normal -0 -1 0
    outer loop
      vertex 69.723 -0.01 5.57769
      vertex 69.5636 -0.01 6.5161
      vertex 69.6127 -0.01 5.56784
    endloop
  endfacet
  facet normal 0 -1 0
    outer loop
      vertex 69.2002 -0.01 8.34301
      vertex 69.3852 -0.01 8.33554
      vertex 69.3345 -0.01 9.27475
    endloop
  endfacet
  facet normal 0 -1 0
    outer loop
      vertex 67.9592 -0.01 8.34301
      vertex 69.3345 -0.01 9.27475
      vertex 66.7589 -0.01 9.27475
    endloop
  endfacet
  facet normal -0 -1 0
    outer loop
      vertex 67.9592 -0.01 6.48355
      vertex 66.7589 -0.01 9.27475
      vertex 66.7589 -0.01 3.54189
    endloop
  endfacet
  facet normal 0 -1 -0
    outer loop
      vertex 67.9592 -0.01 5.55999
      vertex 66.7589 -0.01 3.54189
      vertex 67.9592 -0.01 3.54189
    endloop
  endfacet
  facet normal -0 -1 0
    outer loop
      vertex 69.2327 -0.01 6.48355
      vertex 67.9592 -0.01 6.48355
      vertex 67.9592 -0.01 5.55999
    endloop
  endfacet
  facet normal 0 -1 -0
    outer loop
      vertex 67.9592 -0.01 6.48355
      vertex 66.7589 -0.01 3.54189
      vertex 67.9592 -0.01 5.55999
    endloop
  endfacet
  facet normal 0 -1 0
    outer loop
      vertex 69.2002 -0.01 8.34301
      vertex 69.3345 -0.01 9.27475
      vertex 67.9592 -0.01 8.34301
    endloop
  endfacet
  facet normal 0 -1 0
    outer loop
      vertex 67.9592 -0.01 6.48355
      vertex 67.9592 -0.01 8.34301
      vertex 66.7589 -0.01 9.27475
    endloop
  endfacet
  facet normal -0 -1 0
    outer loop
      vertex 71.3057 -0.01 6.63358
      vertex 70.2107 -0.01 7.06304
      vertex 71.2661 -0.01 6.5515
    endloop
  endfacet
  facet normal 0 -1 0
    outer loop
      vertex 70.9192 -0.01 8.80075
      vertex 70.046 -0.01 8.07425
      vertex 70.1253 -0.01 7.97721
    endloop
  endfacet
  facet normal 0 -1 -0
    outer loop
      vertex 71.0156 -0.01 8.71132
      vertex 70.1253 -0.01 7.97721
      vertex 71.1028 -0.01 8.61541
    endloop
  endfacet
  facet normal 0 -1 0
    outer loop
      vertex 70.1869 -0.01 7.86522
      vertex 71.1809 -0.01 8.51299
      vertex 70.1253 -0.01 7.97721
    endloop
  endfacet
  facet normal 0 -1 0
    outer loop
      vertex 70.231 -0.01 7.73831
      vertex 71.3094 -0.01 8.2887
      vertex 70.1869 -0.01 7.86522
    endloop
  endfacet
  facet normal 0 -1 0
    outer loop
      vertex 70.2574 -0.01 7.59648
      vertex 71.4333 -0.01 7.90358
      vertex 70.231 -0.01 7.73831
    endloop
  endfacet
  facet normal 0 -1 0
    outer loop
      vertex 70.231 -0.01 7.73831
      vertex 71.4333 -0.01 7.90358
      vertex 71.4012 -0.01 8.03844
    endloop
  endfacet
  facet normal 0 -1 0
    outer loop
      vertex 70.2662 -0.01 7.4397
      vertex 71.4725 -0.01 7.36042
      vertex 71.4746 -0.01 7.46004
    endloop
  endfacet
  facet normal 0 -1 -0
    outer loop
      vertex 71.47 -0.01 7.61438
      vertex 70.2662 -0.01 7.4397
      vertex 71.4746 -0.01 7.46004
    endloop
  endfacet
  facet normal 0 -1 0
    outer loop
      vertex 71.4413 -0.01 7.07323
      vertex 71.4559 -0.01 7.16701
      vertex 70.2574 -0.01 7.27825
    endloop
  endfacet
  facet normal 0 -1 0
    outer loop
      vertex 71.3996 -0.01 6.89153
      vertex 70.2463 -0.01 7.20291
      vertex 70.2307 -0.01 7.13117
    endloop
  endfacet
  facet normal -0 -1 0
    outer loop
      vertex 71.2223 -0.01 6.47136
      vertex 70.1863 -0.01 6.99849
      vertex 71.1747 -0.01 6.39386
    endloop
  endfacet
  facet normal -0 -1 0
    outer loop
      vertex 71.1747 -0.01 6.39386
      vertex 70.1575 -0.01 6.93755
      vertex 71.1234 -0.01 6.3196
    endloop
  endfacet
  facet normal -0 -1 0
    outer loop
      vertex 71.0686 -0.01 6.2486
      vertex 70.1242 -0.01 6.88019
      vertex 71.0101 -0.01 6.18085
    endloop
  endfacet
  facet normal 0 -1 -0
    outer loop
      vertex 70.1242 -0.01 6.88019
      vertex 70.0865 -0.01 6.82643
      vertex 70.948 -0.01 6.11637
    endloop
  endfacet
  facet normal 0 -1 0
    outer loop
      vertex 70.0865 -0.01 6.82643
      vertex 70.8131 -0.01 5.9972
      vertex 70.8824 -0.01 6.05516
    endloop
  endfacet
  facet normal 0 -1 0
    outer loop
      vertex 70.0443 -0.01 6.77628
      vertex 70.8131 -0.01 5.9972
      vertex 70.0865 -0.01 6.82643
    endloop
  endfacet
  facet normal 0 -1 0
    outer loop
      vertex 69.9977 -0.01 6.72972
      vertex 70.7403 -0.01 5.94251
      vertex 70.0443 -0.01 6.77628
    endloop
  endfacet
  facet normal 0 -1 0
    outer loop
      vertex 70.5838 -0.01 5.84291
      vertex 70.6638 -0.01 5.89109
      vertex 69.9977 -0.01 6.72972
    endloop
  endfacet
  facet normal 0 -1 0
    outer loop
      vertex 70.5838 -0.01 5.84291
      vertex 69.9977 -0.01 6.72972
      vertex 69.947 -0.01 6.687
    endloop
  endfacet
  facet normal -0 -1 0
    outer loop
      vertex 70.5002 -0.01 5.79801
      vertex 69.947 -0.01 6.687
      vertex 70.4133 -0.01 5.75669
    endloop
  endfacet
  facet normal 0 -1 -0
    outer loop
      vertex 69.947 -0.01 6.687
      vertex 69.8925 -0.01 6.64835
      vertex 70.4133 -0.01 5.75669
    endloop
  endfacet
  facet normal 0 -1 -0
    outer loop
      vertex 69.8925 -0.01 6.64835
      vertex 69.8342 -0.01 6.61376
      vertex 70.3234 -0.01 5.71932
    endloop
  endfacet
  facet normal 0 -1 0
    outer loop
      vertex 69.8342 -0.01 6.61376
      vertex 70.2307 -0.01 5.68587
      vertex 70.3234 -0.01 5.71932
    endloop
  endfacet
  facet normal 0 -1 0
    outer loop
      vertex 69.7722 -0.01 6.58324
      vertex 70.135 -0.01 5.65637
      vertex 69.8342 -0.01 6.61376
    endloop
  endfacet
  facet normal 0 -1 0
    outer loop
      vertex 70.0364 -0.01 5.6308
      vertex 70.135 -0.01 5.65637
      vertex 69.7722 -0.01 6.58324
    endloop
  endfacet
  facet normal 0 -1 0
    outer loop
      vertex 69.9348 -0.01 5.60916
      vertex 70.0364 -0.01 5.6308
      vertex 69.7065 -0.01 6.5568
    endloop
  endfacet
  facet normal 0 -1 0
    outer loop
      vertex 69.9348 -0.01 5.60916
      vertex 69.7065 -0.01 6.5568
      vertex 69.6369 -0.01 6.53441
    endloop
  endfacet
  facet normal 0 -1 0
    outer loop
      vertex 69.8304 -0.01 5.59145
      vertex 69.6369 -0.01 6.53441
      vertex 69.5636 -0.01 6.5161
    endloop
  endfacet
  facet normal -0 -1 0
    outer loop
      vertex 69.8304 -0.01 5.59145
      vertex 69.5636 -0.01 6.5161
      vertex 69.723 -0.01 5.57769
    endloop
  endfacet
  facet normal 0 -1 -0
    outer loop
      vertex 69.5636 -0.01 6.5161
      vertex 69.4865 -0.01 6.50186
      vertex 69.6127 -0.01 5.56784
    endloop
  endfacet
  facet normal 0 -1 0
    outer loop
      vertex 69.4865 -0.01 6.50186
      vertex 69.4994 -0.01 5.56195
      vertex 69.6127 -0.01 5.56784
    endloop
  endfacet
  facet normal 0 -1 -0
    outer loop
      vertex 69.4057 -0.01 6.49169
      vertex 69.3833 -0.01 5.55999
      vertex 69.4994 -0.01 5.56195
    endloop
  endfacet
  facet normal 0 -1 0
    outer loop
      vertex 69.3211 -0.01 6.48558
      vertex 69.3833 -0.01 5.55999
      vertex 69.4057 -0.01 6.49169
    endloop
  endfacet
  facet normal 0 -1 0
    outer loop
      vertex 69.2327 -0.01 6.48355
      vertex 69.3833 -0.01 5.55999
      vertex 69.3211 -0.01 6.48558
    endloop
  endfacet
  facet normal 0 -1 0
    outer loop
      vertex 61.7503 -0.01 8.08991
      vertex 61.8546 -0.01 8.02159
      vertex 62.2742 -0.01 8.97898
    endloop
  endfacet
  facet normal 0 -1 0
    outer loop
      vertex 62.2818 -0.01 5.32172
      vertex 63.3834 -0.01 4.90287
      vertex 62.3383 -0.01 5.44075
    endloop
  endfacet
  facet normal 0 -1 0
    outer loop
      vertex 62.3383 -0.01 5.44075
      vertex 63.4438 -0.01 5.02495
      vertex 62.3873 -0.01 5.56612
    endloop
  endfacet
  facet normal 0 -1 0
    outer loop
      vertex 62.3873 -0.01 5.56612
      vertex 63.4984 -0.01 5.15076
      vertex 63.5473 -0.01 5.28031
    endloop
  endfacet
  facet normal 0 -1 0
    outer loop
      vertex 63.3178 -0.01 4.78522
      vertex 63.3834 -0.01 4.90287
      vertex 62.2818 -0.01 5.32172
    endloop
  endfacet
  facet normal 0 -1 0
    outer loop
      vertex 63.5473 -0.01 5.28031
      vertex 63.5904 -0.01 5.41359
      vertex 62.4287 -0.01 5.6978
    endloop
  endfacet
  facet normal 0 -1 -0
    outer loop
      vertex 62.2818 -0.01 5.32172
      vertex 62.2178 -0.01 5.209
      vertex 63.2473 -0.01 4.67273
    endloop
  endfacet
  facet normal 0 -1 -0
    outer loop
      vertex 62.4626 -0.01 5.8358
      vertex 62.4287 -0.01 5.6978
      vertex 63.5904 -0.01 5.41359
    endloop
  endfacet
  facet normal 0 -1 0
    outer loop
      vertex 63.0922 -0.01 4.46318
      vertex 63.1722 -0.01 4.56539
      vertex 62.2178 -0.01 5.209
    endloop
  endfacet
  facet normal 0 -1 0
    outer loop
      vertex 62.4626 -0.01 5.8358
      vertex 63.6278 -0.01 5.5506
      vertex 63.6594 -0.01 5.69135
    endloop
  endfacet
  facet normal -0 -1 0
    outer loop
      vertex 63.0922 -0.01 4.46318
      vertex 62.1463 -0.01 5.1026
      vertex 63.0075 -0.01 4.36612
    endloop
  endfacet
  facet normal 0 -1 0
    outer loop
      vertex 63.6594 -0.01 5.69135
      vertex 63.6853 -0.01 5.83582
      vertex 62.489 -0.01 5.98014
    endloop
  endfacet
  facet normal 0 -1 0
    outer loop
      vertex 62.0672 -0.01 5.00252
      vertex 62.9179 -0.01 4.27422
      vertex 62.1463 -0.01 5.1026
    endloop
  endfacet
  facet normal -0 -1 0
    outer loop
      vertex 63.7054 -0.01 5.98403
      vertex 62.5078 -0.01 6.13079
      vertex 63.6853 -0.01 5.83582
    endloop
  endfacet
  facet normal -0 -1 0
    outer loop
      vertex 62.8237 -0.01 4.18744
      vertex 61.9817 -0.01 4.91002
      vertex 62.7246 -0.01 4.10582
    endloop
  endfacet
  facet normal 0 -1 -0
    outer loop
      vertex 62.5191 -0.01 6.28775
      vertex 62.5078 -0.01 6.13079
      vertex 63.7198 -0.01 6.13597
    endloop
  endfacet
  facet normal 0 -1 0
    outer loop
      vertex 61.891 -0.01 4.82633
      vertex 62.6207 -0.01 4.02933
      vertex 61.9817 -0.01 4.91002
    endloop
  endfacet
  facet normal 0 -1 -0
    outer loop
      vertex 61.891 -0.01 4.82633
      vertex 61.795 -0.01 4.75145
      vertex 62.3987 -0.01 3.8918
    endloop
  endfacet
  facet normal -0 -1 0
    outer loop
      vertex 63.7284 -0.01 6.29164
      vertex 62.5229 -0.01 6.45102
      vertex 62.5191 -0.01 6.28775
    endloop
  endfacet
  facet normal 0 -1 0
    outer loop
      vertex 61.6938 -0.01 4.68538
      vertex 62.2814 -0.01 3.83107
      vertex 61.795 -0.01 4.75145
    endloop
  endfacet
  facet normal 0 -1 0
    outer loop
      vertex 62.5189 -0.01 6.61534
      vertex 62.5229 -0.01 6.45102
      vertex 63.7313 -0.01 6.45102
    endloop
  endfacet
  facet normal 0 -1 -0
    outer loop
      vertex 61.6938 -0.01 4.68538
      vertex 61.5873 -0.01 4.62812
      vertex 62.0377 -0.01 3.72696
    endloop
  endfacet
  facet normal 0 -1 0
    outer loop
      vertex 61.4756 -0.01 4.57967
      vertex 61.9112 -0.01 3.68358
      vertex 61.5873 -0.01 4.62812
    endloop
  endfacet
  facet normal 0 -1 -0
    outer loop
      vertex 63.705 -0.01 6.92575
      vertex 62.507 -0.01 6.77242
      vertex 63.7247 -0.01 6.69362
    endloop
  endfacet
  facet normal 0 -1 -0
    outer loop
      vertex 61.4756 -0.01 4.57967
      vertex 61.3587 -0.01 4.54003
      vertex 61.649 -0.01 3.61418
    endloop
  endfacet
  facet normal 0 -1 0
    outer loop
      vertex 62.4872 -0.01 6.92227
      vertex 63.705 -0.01 6.92575
      vertex 63.6723 -0.01 7.14743
    endloop
  endfacet
  facet normal 0 -1 0
    outer loop
      vertex 61.2365 -0.01 4.50919
      vertex 61.5134 -0.01 3.58815
      vertex 61.3587 -0.01 4.54003
    endloop
  endfacet
  facet normal 0 -1 0
    outer loop
      vertex 63.6723 -0.01 7.14743
      vertex 62.4594 -0.01 7.0649
      vertex 62.4872 -0.01 6.92227
    endloop
  endfacet
  facet normal 0 -1 0
    outer loop
      vertex 61.2365 -0.01 4.50919
      vertex 61.109 -0.01 4.48715
      vertex 61.2328 -0.01 3.55345
    endloop
  endfacet
  facet normal 0 -1 0
    outer loop
      vertex 62.4594 -0.01 7.0649
      vertex 63.6723 -0.01 7.14743
      vertex 63.6264 -0.01 7.35865
    endloop
  endfacet
  facet normal 0 -1 0
    outer loop
      vertex 62.4237 -0.01 7.20029
      vertex 63.6264 -0.01 7.35865
      vertex 63.5674 -0.01 7.55942
    endloop
  endfacet
  facet normal -0 -1 0
    outer loop
      vertex 60.9539 -0.01 9.26871
      vertex 60.696 -0.01 9.27475
      vertex 60.8302 -0.01 8.34307
    endloop
  endfacet
  facet normal 0 -1 0
    outer loop
      vertex 61.3967 -0.01 8.24663
      vertex 61.4373 -0.01 9.22042
      vertex 61.2653 -0.01 8.28279
    endloop
  endfacet
  facet normal 0 -1 0
    outer loop
      vertex 61.3967 -0.01 8.24663
      vertex 61.5214 -0.01 8.20243
      vertex 61.6628 -0.01 9.17816
    endloop
  endfacet
  facet normal 0 -1 0
    outer loop
      vertex 61.6393 -0.01 8.15018
      vertex 61.7503 -0.01 8.08991
      vertex 62.0812 -0.01 9.05744
    endloop
  endfacet
  facet normal 0 -1 -0
    outer loop
      vertex 61.6628 -0.01 9.17816
      vertex 61.5214 -0.01 8.20243
      vertex 61.8774 -0.01 9.12384
    endloop
  endfacet
  facet normal 0 -1 0
    outer loop
      vertex 61.8546 -0.01 8.02159
      vertex 61.9521 -0.01 7.94524
      vertex 62.4564 -0.01 8.88843
    endloop
  endfacet
  facet normal 0 -1 0
    outer loop
      vertex 61.3967 -0.01 8.24663
      vertex 61.6628 -0.01 9.17816
      vertex 61.4373 -0.01 9.22042
    endloop
  endfacet
  facet normal 0 -1 0
    outer loop
      vertex 61.9521 -0.01 7.94524
      vertex 62.0428 -0.01 7.86084
      vertex 62.6277 -0.01 8.78582
    endloop
  endfacet
  facet normal 0 -1 0
    outer loop
      vertex 61.4373 -0.01 9.22042
      vertex 61.127 -0.01 8.31092
      vertex 61.2653 -0.01 8.28279
    endloop
  endfacet
  facet normal 0 -1 0
    outer loop
      vertex 62.0428 -0.01 7.86084
      vertex 62.7882 -0.01 8.67113
      vertex 62.6277 -0.01 8.78582
    endloop
  endfacet
  facet normal 0 -1 0
    outer loop
      vertex 61.127 -0.01 8.31092
      vertex 61.4373 -0.01 9.22042
      vertex 61.2011 -0.01 9.2506
    endloop
  endfacet
  facet normal 0 -1 0
    outer loop
      vertex 61.127 -0.01 8.31092
      vertex 61.2011 -0.01 9.2506
      vertex 60.982 -0.01 8.33101
    endloop
  endfacet
  facet normal 0 -1 0
    outer loop
      vertex 60.9539 -0.01 9.26871
      vertex 60.982 -0.01 8.33101
      vertex 61.2011 -0.01 9.2506
    endloop
  endfacet
  facet normal 0 -1 0
    outer loop
      vertex 62.2689 -0.01 7.5631
      vertex 63.3116 -0.01 8.09896
      vertex 63.2001 -0.01 8.25788
    endloop
  endfacet
  facet normal 0 -1 0
    outer loop
      vertex 60.982 -0.01 8.33101
      vertex 60.9539 -0.01 9.26871
      vertex 60.8302 -0.01 8.34307
    endloop
  endfacet
  facet normal 0 -1 0
    outer loop
      vertex 62.3285 -0.01 7.44939
      vertex 63.41 -0.01 7.92957
      vertex 63.3116 -0.01 8.09896
    endloop
  endfacet
  facet normal 0 -1 0
    outer loop
      vertex 62.38 -0.01 7.32845
      vertex 63.41 -0.01 7.92957
      vertex 62.3285 -0.01 7.44939
    endloop
  endfacet
  facet normal 0 -1 0
    outer loop
      vertex 60.6716 -0.01 8.34709
      vertex 60.8302 -0.01 8.34307
      vertex 60.696 -0.01 9.27475
    endloop
  endfacet
  facet normal 0 -1 0
    outer loop
      vertex 60.696 -0.01 9.27475
      vertex 59.8212 -0.01 8.34709
      vertex 60.6716 -0.01 8.34709
    endloop
  endfacet
  facet normal 0 -1 -0
    outer loop
      vertex 59.8212 -0.01 4.46955
      vertex 58.6209 -0.01 3.54189
      vertex 60.9401 -0.01 3.54189
    endloop
  endfacet
  facet normal 0 -1 0
    outer loop
      vertex 61.109 -0.01 4.48715
      vertex 60.9763 -0.01 4.47394
      vertex 61.088 -0.01 3.54477
    endloop
  endfacet
  facet normal 0 -1 0
    outer loop
      vertex 59.8212 -0.01 4.46955
      vertex 60.9401 -0.01 3.54189
      vertex 60.8384 -0.01 4.46955
    endloop
  endfacet
  facet normal 0 -1 0
    outer loop
      vertex 58.6209 -0.01 9.27475
      vertex 58.6209 -0.01 3.54189
      vertex 59.8212 -0.01 4.46955
    endloop
  endfacet
  facet normal 0 -1 0
    outer loop
      vertex 58.6209 -0.01 9.27475
      vertex 59.8212 -0.01 8.34709
      vertex 60.696 -0.01 9.27475
    endloop
  endfacet
  facet normal 0 -1 0
    outer loop
      vertex 58.6209 -0.01 9.27475
      vertex 59.8212 -0.01 4.46955
      vertex 59.8212 -0.01 8.34709
    endloop
  endfacet
  facet normal 0 -1 0
    outer loop
      vertex 61.8774 -0.01 9.12384
      vertex 61.5214 -0.01 8.20243
      vertex 61.6393 -0.01 8.15018
    endloop
  endfacet
  facet normal 0 -1 -0
    outer loop
      vertex 61.8774 -0.01 9.12384
      vertex 61.6393 -0.01 8.15018
      vertex 62.0812 -0.01 9.05744
    endloop
  endfacet
  facet normal 0 -1 -0
    outer loop
      vertex 62.0812 -0.01 9.05744
      vertex 61.7503 -0.01 8.08991
      vertex 62.2742 -0.01 8.97898
    endloop
  endfacet
  facet normal 0 -1 -0
    outer loop
      vertex 62.2742 -0.01 8.97898
      vertex 61.8546 -0.01 8.02159
      vertex 62.4564 -0.01 8.88843
    endloop
  endfacet
  facet normal 0 -1 -0
    outer loop
      vertex 62.4564 -0.01 8.88843
      vertex 61.9521 -0.01 7.94524
      vertex 62.6277 -0.01 8.78582
    endloop
  endfacet
  facet normal 0 -1 0
    outer loop
      vertex 62.1261 -0.01 7.76883
      vertex 62.7882 -0.01 8.67113
      vertex 62.0428 -0.01 7.86084
    endloop
  endfacet
  facet normal 0 -1 -0
    outer loop
      vertex 62.9379 -0.01 8.54436
      vertex 62.1261 -0.01 7.76883
      vertex 63.0755 -0.01 8.40636
    endloop
  endfacet
  facet normal -0 -1 0
    outer loop
      vertex 62.9379 -0.01 8.54436
      vertex 62.7882 -0.01 8.67113
      vertex 62.1261 -0.01 7.76883
    endloop
  endfacet
  facet normal 0 -1 -0
    outer loop
      vertex 63.0755 -0.01 8.40636
      vertex 62.2015 -0.01 7.66957
      vertex 63.2001 -0.01 8.25788
    endloop
  endfacet
  facet normal 0 -1 0
    outer loop
      vertex 63.0755 -0.01 8.40636
      vertex 62.1261 -0.01 7.76883
      vertex 62.2015 -0.01 7.66957
    endloop
  endfacet
  facet normal 0 -1 0
    outer loop
      vertex 62.2015 -0.01 7.66957
      vertex 62.2689 -0.01 7.5631
      vertex 63.2001 -0.01 8.25788
    endloop
  endfacet
  facet normal 0 -1 0
    outer loop
      vertex 62.2689 -0.01 7.5631
      vertex 62.3285 -0.01 7.44939
      vertex 63.3116 -0.01 8.09896
    endloop
  endfacet
  facet normal -0 -1 0
    outer loop
      vertex 63.4952 -0.01 7.74971
      vertex 63.41 -0.01 7.92957
      vertex 62.38 -0.01 7.32845
    endloop
  endfacet
  facet normal 0 -1 -0
    outer loop
      vertex 63.4952 -0.01 7.74971
      vertex 62.4237 -0.01 7.20029
      vertex 63.5674 -0.01 7.55942
    endloop
  endfacet
  facet normal 0 -1 0
    outer loop
      vertex 63.4952 -0.01 7.74971
      vertex 62.38 -0.01 7.32845
      vertex 62.4237 -0.01 7.20029
    endloop
  endfacet
  facet normal 0 -1 0
    outer loop
      vertex 62.4237 -0.01 7.20029
      vertex 62.4594 -0.01 7.0649
      vertex 63.6264 -0.01 7.35865
    endloop
  endfacet
  facet normal 0 -1 0
    outer loop
      vertex 62.507 -0.01 6.77242
      vertex 63.705 -0.01 6.92575
      vertex 62.4872 -0.01 6.92227
    endloop
  endfacet
  facet normal 0 -1 0
    outer loop
      vertex 63.7313 -0.01 6.45102
      vertex 63.7247 -0.01 6.69362
      vertex 62.5189 -0.01 6.61534
    endloop
  endfacet
  facet normal 0 -1 0
    outer loop
      vertex 62.5189 -0.01 6.61534
      vertex 63.7247 -0.01 6.69362
      vertex 62.507 -0.01 6.77242
    endloop
  endfacet
  facet normal 0 -1 0
    outer loop
      vertex 62.5229 -0.01 6.45102
      vertex 63.7284 -0.01 6.29164
      vertex 63.7313 -0.01 6.45102
    endloop
  endfacet
  facet normal 0 -1 0
    outer loop
      vertex 62.5191 -0.01 6.28775
      vertex 63.7198 -0.01 6.13597
      vertex 63.7284 -0.01 6.29164
    endloop
  endfacet
  facet normal 0 -1 0
    outer loop
      vertex 62.5078 -0.01 6.13079
      vertex 63.7054 -0.01 5.98403
      vertex 63.7198 -0.01 6.13597
    endloop
  endfacet
  facet normal 0 -1 0
    outer loop
      vertex 62.489 -0.01 5.98014
      vertex 63.6853 -0.01 5.83582
      vertex 62.5078 -0.01 6.13079
    endloop
  endfacet
  facet normal 0 -1 0
    outer loop
      vertex 62.4626 -0.01 5.8358
      vertex 63.6594 -0.01 5.69135
      vertex 62.489 -0.01 5.98014
    endloop
  endfacet
  facet normal 0 -1 0
    outer loop
      vertex 63.5904 -0.01 5.41359
      vertex 63.6278 -0.01 5.5506
      vertex 62.4626 -0.01 5.8358
    endloop
  endfacet
  facet normal 0 -1 0
    outer loop
      vertex 62.3873 -0.01 5.56612
      vertex 63.5473 -0.01 5.28031
      vertex 62.4287 -0.01 5.6978
    endloop
  endfacet
  facet normal 0 -1 0
    outer loop
      vertex 63.4438 -0.01 5.02495
      vertex 63.4984 -0.01 5.15076
      vertex 62.3873 -0.01 5.56612
    endloop
  endfacet
  facet normal 0 -1 0
    outer loop
      vertex 63.3834 -0.01 4.90287
      vertex 63.4438 -0.01 5.02495
      vertex 62.3383 -0.01 5.44075
    endloop
  endfacet
  facet normal 0 -1 0
    outer loop
      vertex 63.2473 -0.01 4.67273
      vertex 63.3178 -0.01 4.78522
      vertex 62.2818 -0.01 5.32172
    endloop
  endfacet
  facet normal 0 -1 0
    outer loop
      vertex 63.1722 -0.01 4.56539
      vertex 63.2473 -0.01 4.67273
      vertex 62.2178 -0.01 5.209
    endloop
  endfacet
  facet normal 0 -1 0
    outer loop
      vertex 63.0922 -0.01 4.46318
      vertex 62.2178 -0.01 5.209
      vertex 62.1463 -0.01 5.1026
    endloop
  endfacet
  facet normal -0 -1 0
    outer loop
      vertex 63.0075 -0.01 4.36612
      vertex 62.1463 -0.01 5.1026
      vertex 62.9179 -0.01 4.27422
    endloop
  endfacet
  facet normal -0 -1 0
    outer loop
      vertex 62.9179 -0.01 4.27422
      vertex 62.0672 -0.01 5.00252
      vertex 62.8237 -0.01 4.18744
    endloop
  endfacet
  facet normal 0 -1 -0
    outer loop
      vertex 62.0672 -0.01 5.00252
      vertex 61.9817 -0.01 4.91002
      vertex 62.8237 -0.01 4.18744
    endloop
  endfacet
  facet normal 0 -1 0
    outer loop
      vertex 61.9817 -0.01 4.91002
      vertex 62.6207 -0.01 4.02933
      vertex 62.7246 -0.01 4.10582
    endloop
  endfacet
  facet normal 0 -1 0
    outer loop
      vertex 61.891 -0.01 4.82633
      vertex 62.5121 -0.01 3.958
      vertex 62.6207 -0.01 4.02933
    endloop
  endfacet
  facet normal 0 -1 0
    outer loop
      vertex 62.3987 -0.01 3.8918
      vertex 62.5121 -0.01 3.958
      vertex 61.891 -0.01 4.82633
    endloop
  endfacet
  facet normal 0 -1 0
    outer loop
      vertex 62.2814 -0.01 3.83107
      vertex 62.3987 -0.01 3.8918
      vertex 61.795 -0.01 4.75145
    endloop
  endfacet
  facet normal 0 -1 0
    outer loop
      vertex 62.1611 -0.01 3.77613
      vertex 62.2814 -0.01 3.83107
      vertex 61.6938 -0.01 4.68538
    endloop
  endfacet
  facet normal -0 -1 0
    outer loop
      vertex 62.1611 -0.01 3.77613
      vertex 61.6938 -0.01 4.68538
      vertex 62.0377 -0.01 3.72696
    endloop
  endfacet
  facet normal -0 -1 0
    outer loop
      vertex 62.0377 -0.01 3.72696
      vertex 61.5873 -0.01 4.62812
      vertex 61.9112 -0.01 3.68358
    endloop
  endfacet
  facet normal -0 -1 0
    outer loop
      vertex 61.9112 -0.01 3.68358
      vertex 61.4756 -0.01 4.57967
      vertex 61.7816 -0.01 3.64598
    endloop
  endfacet
  facet normal 0 -1 0
    outer loop
      vertex 61.4756 -0.01 4.57967
      vertex 61.649 -0.01 3.61418
      vertex 61.7816 -0.01 3.64598
    endloop
  endfacet
  facet normal 0 -1 0
    outer loop
      vertex 61.3587 -0.01 4.54003
      vertex 61.5134 -0.01 3.58815
      vertex 61.649 -0.01 3.61418
    endloop
  endfacet
  facet normal 0 -1 0
    outer loop
      vertex 61.2365 -0.01 4.50919
      vertex 61.3746 -0.01 3.5679
      vertex 61.5134 -0.01 3.58815
    endloop
  endfacet
  facet normal 0 -1 0
    outer loop
      vertex 61.2328 -0.01 3.55345
      vertex 61.3746 -0.01 3.5679
      vertex 61.2365 -0.01 4.50919
    endloop
  endfacet
  facet normal 0 -1 0
    outer loop
      vertex 61.088 -0.01 3.54477
      vertex 61.2328 -0.01 3.55345
      vertex 61.109 -0.01 4.48715
    endloop
  endfacet
  facet normal 0 -1 0
    outer loop
      vertex 60.9401 -0.01 3.54189
      vertex 60.9763 -0.01 4.47394
      vertex 60.8384 -0.01 4.46955
    endloop
  endfacet
  facet normal 0 -1 0
    outer loop
      vertex 60.9401 -0.01 3.54189
      vertex 61.088 -0.01 3.54477
      vertex 60.9763 -0.01 4.47394
    endloop
  endfacet
  facet normal 0 -1 0
    outer loop
      vertex 96.3794 -0.01 7.41614
      vertex 95.2769 -0.01 7.40668
      vertex 95.2782 -0.01 7.35822
    endloop
  endfacet
  facet normal 0 -1 -0
    outer loop
      vertex 96.3763 -0.01 7.47197
      vertex 95.2769 -0.01 7.40668
      vertex 96.3794 -0.01 7.41614
    endloop
  endfacet
  facet normal 0 -1 0
    outer loop
      vertex 95.2755 -0.01 7.45302
      vertex 95.2769 -0.01 7.40668
      vertex 96.3763 -0.01 7.47197
    endloop
  endfacet
  facet normal 0 -1 0
    outer loop
      vertex 95.2738 -0.01 7.49726
      vertex 96.3727 -0.01 7.53127
      vertex 96.3691 -0.01 7.59017
    endloop
  endfacet
  facet normal 0 -1 -0
    outer loop
      vertex 96.387 -0.01 7.26941
      vertex 95.2809 -0.01 7.20011
      vertex 96.3889 -0.01 7.22744
    endloop
  endfacet
  facet normal 0 -1 0
    outer loop
      vertex 96.5407 -0.01 6.60869
      vertex 96.5713 -0.01 6.68163
      vertex 96.3931 -0.01 7.06945
    endloop
  endfacet
  facet normal 0 -1 0
    outer loop
      vertex 96.3931 -0.01 7.06945
      vertex 96.6055 -0.01 6.75113
      vertex 96.4093 -0.01 7.06945
    endloop
  endfacet
  facet normal 0 -1 0
    outer loop
      vertex 96.4093 -0.01 7.06945
      vertex 96.6433 -0.01 6.8172
      vertex 96.6839 -0.01 6.87865
    endloop
  endfacet
  facet normal 0 -1 -0
    outer loop
      vertex 96.4487 -0.01 7.15889
      vertex 96.4093 -0.01 7.06945
      vertex 96.7267 -0.01 6.93424
    endloop
  endfacet
  facet normal -0 -1 0
    outer loop
      vertex 96.8185 -0.01 7.02785
      vertex 96.4897 -0.01 7.24376
      vertex 96.7715 -0.01 6.98397
    endloop
  endfacet
  facet normal 0 -1 0
    outer loop
      vertex 96.8676 -0.01 7.06589
      vertex 96.5769 -0.01 7.3998
      vertex 96.5325 -0.01 7.32407
    endloop
  endfacet
  facet normal 0 -1 0
    outer loop
      vertex 96.9189 -0.01 7.09807
      vertex 96.6231 -0.01 7.47095
      vertex 96.5769 -0.01 7.3998
    endloop
  endfacet
  facet normal 0 -1 0
    outer loop
      vertex 96.9722 -0.01 7.12439
      vertex 97.0277 -0.01 7.14487
      vertex 96.671 -0.01 7.53752
    endloop
  endfacet
  facet normal 0 -1 0
    outer loop
      vertex 97.0277 -0.01 7.14487
      vertex 97.0853 -0.01 7.1595
      vertex 96.772 -0.01 7.65695
    endloop
  endfacet
  facet normal 0 -1 0
    outer loop
      vertex 96.825 -0.01 7.70981
      vertex 97.145 -0.01 7.16828
      vertex 96.8798 -0.01 7.75811
    endloop
  endfacet
  facet normal 0 -1 0
    outer loop
      vertex 96.9362 -0.01 7.80181
      vertex 97.2068 -0.01 7.17121
      vertex 96.9946 -0.01 7.84136
    endloop
  endfacet
  facet normal 0 -1 0
    outer loop
      vertex 97.1175 -0.01 7.90915
      vertex 97.3226 -0.01 7.16162
      vertex 97.182 -0.01 7.93741
    endloop
  endfacet
  facet normal 0 -1 0
    outer loop
      vertex 97.3226 -0.01 7.16162
      vertex 97.3171 -0.01 7.98261
      vertex 97.2485 -0.01 7.96189
    endloop
  endfacet
  facet normal 0 -1 0
    outer loop
      vertex 97.4274 -0.01 7.13288
      vertex 97.4605 -0.01 8.01274
      vertex 97.3878 -0.01 7.99956
    endloop
  endfacet
  facet normal 0 -1 -0
    outer loop
      vertex 97.5353 -0.01 8.02216
      vertex 97.4274 -0.01 7.13288
      vertex 97.6121 -0.01 8.0278
    endloop
  endfacet
  facet normal 0 -1 -0
    outer loop
      vertex 97.691 -0.01 8.02968
      vertex 97.5212 -0.01 7.08495
      vertex 97.8679 -0.01 8.02175
    endloop
  endfacet
  facet normal 0 -1 0
    outer loop
      vertex 97.5212 -0.01 7.08495
      vertex 97.6039 -0.01 7.01787
      vertex 98.0317 -0.01 7.99794
    endloop
  endfacet
  facet normal 0 -1 0
    outer loop
      vertex 97.6039 -0.01 7.01787
      vertex 98.4444 -0.01 7.83129
      vertex 98.3199 -0.01 7.90271
    endloop
  endfacet
  facet normal 0 -1 0
    outer loop
      vertex 99.7904 -0.01 7.17121
      vertex 99.5967 -0.01 7.87987
      vertex 99.5355 -0.01 7.84473
    endloop
  endfacet
  facet normal 0 -1 -0
    outer loop
      vertex 99.0244 -0.01 7.24633
      vertex 98.9815 -0.01 7.16028
      vertex 99.3249 -0.01 6.95467
    endloop
  endfacet
  facet normal 0 -1 0
    outer loop
      vertex 98.9157 -0.01 7.06945
      vertex 99.1411 -0.01 6.653
      vertex 99.172 -0.01 6.72199
    endloop
  endfacet
  facet normal 0 -1 0
    outer loop
      vertex 97.8245 -0.01 6.55785
      vertex 97.852 -0.01 6.39495
      vertex 99.0677 -0.01 6.42165
    endloop
  endfacet
  facet normal 0 -1 0
    outer loop
      vertex 97.852 -0.01 6.39495
      vertex 99.0496 -0.01 6.3364
      vertex 99.0677 -0.01 6.42165
    endloop
  endfacet
  facet normal 0 -1 0
    outer loop
      vertex 99.0347 -0.01 6.24706
      vertex 99.0496 -0.01 6.3364
      vertex 97.852 -0.01 6.39495
    endloop
  endfacet
  facet normal -0 -1 0
    outer loop
      vertex 99.0347 -0.01 6.24706
      vertex 97.852 -0.01 6.39495
      vertex 97.8686 -0.01 6.21286
    endloop
  endfacet
  facet normal -0 -1 0
    outer loop
      vertex 99.023 -0.01 6.15366
      vertex 97.8686 -0.01 6.21286
      vertex 99.0145 -0.01 6.0562
    endloop
  endfacet
  facet normal 0 -1 0
    outer loop
      vertex 97.8686 -0.01 6.21286
      vertex 97.8741 -0.01 6.0116
      vertex 99.0145 -0.01 6.0562
    endloop
  endfacet
  facet normal 0 -1 0
    outer loop
      vertex 97.8741 -0.01 6.0116
      vertex 99.0092 -0.01 5.95467
      vertex 99.0145 -0.01 6.0562
    endloop
  endfacet
  facet normal 0 -1 0
    outer loop
      vertex 97.8741 -0.01 3.54189
      vertex 99.0092 -0.01 5.95467
      vertex 97.8741 -0.01 6.0116
    endloop
  endfacet
  facet normal 0 -1 0
    outer loop
      vertex 99.0092 -0.01 3.54189
      vertex 99.0092 -0.01 5.95467
      vertex 97.8741 -0.01 3.54189
    endloop
  endfacet
  facet normal 0 -1 0
    outer loop
      vertex 99.0347 -0.01 6.24706
      vertex 97.8686 -0.01 6.21286
      vertex 99.023 -0.01 6.15366
    endloop
  endfacet
  facet normal 0 -1 0
    outer loop
      vertex 98.9157 -0.01 7.06945
      vertex 99.0677 -0.01 6.42165
      vertex 99.089 -0.01 6.50283
    endloop
  endfacet
  facet normal -0 -1 0
    outer loop
      vertex 99.1134 -0.01 6.57994
      vertex 98.9157 -0.01 7.06945
      vertex 99.089 -0.01 6.50283
    endloop
  endfacet
  facet normal 0 -1 0
    outer loop
      vertex 99.172 -0.01 6.72199
      vertex 99.206 -0.01 6.7869
      vertex 98.9401 -0.01 7.06945
    endloop
  endfacet
  facet normal 0 -1 0
    outer loop
      vertex 98.9401 -0.01 7.06945
      vertex 99.2432 -0.01 6.84775
      vertex 99.2831 -0.01 6.90389
    endloop
  endfacet
  facet normal 0 -1 0
    outer loop
      vertex 98.9401 -0.01 7.06945
      vertex 99.2831 -0.01 6.90389
      vertex 98.9815 -0.01 7.16028
    endloop
  endfacet
  facet normal -0 -1 0
    outer loop
      vertex 99.4145 -0.01 7.04023
      vertex 99.0688 -0.01 7.32761
      vertex 99.3687 -0.01 7.00012
    endloop
  endfacet
  facet normal 0 -1 -0
    outer loop
      vertex 99.1147 -0.01 7.40412
      vertex 99.0688 -0.01 7.32761
      vertex 99.4145 -0.01 7.04023
    endloop
  endfacet
  facet normal 0 -1 -0
    outer loop
      vertex 99.162 -0.01 7.47583
      vertex 99.1147 -0.01 7.40412
      vertex 99.4622 -0.01 7.07497
    endloop
  endfacet
  facet normal -0 -1 0
    outer loop
      vertex 99.5637 -0.01 7.12844
      vertex 99.2108 -0.01 7.54279
      vertex 99.512 -0.01 7.10437
    endloop
  endfacet
  facet normal 0 -1 -0
    outer loop
      vertex 99.3662 -0.01 7.71497
      vertex 99.3129 -0.01 7.66236
      vertex 99.6174 -0.01 7.14714
    endloop
  endfacet
  facet normal -0 -1 0
    outer loop
      vertex 99.7308 -0.01 7.16854
      vertex 99.4209 -0.01 7.76282
      vertex 99.6731 -0.01 7.16051
    endloop
  endfacet
  facet normal 0 -1 -0
    outer loop
      vertex 99.5355 -0.01 7.84473
      vertex 99.4771 -0.01 7.80588
      vertex 99.7308 -0.01 7.16854
    endloop
  endfacet
  facet normal 0 -1 0
    outer loop
      vertex 99.9062 -0.01 7.16162
      vertex 99.7973 -0.01 7.96311
      vertex 99.7276 -0.01 7.93906
    endloop
  endfacet
  facet normal 0 -1 -0
    outer loop
      vertex 99.8698 -0.01 7.98345
      vertex 99.7973 -0.01 7.96311
      vertex 99.9062 -0.01 7.16162
    endloop
  endfacet
  facet normal 0 -1 -0
    outer loop
      vertex 99.9451 -0.01 8.00009
      vertex 99.9062 -0.01 7.16162
      vertex 100.023 -0.01 8.01303
    endloop
  endfacet
  facet normal 0 -1 -0
    outer loop
      vertex 100.188 -0.01 8.02783
      vertex 100.011 -0.01 7.13288
      vertex 100.275 -0.01 8.02968
    endloop
  endfacet
  facet normal 0 -1 -0
    outer loop
      vertex 100.275 -0.01 8.02968
      vertex 100.105 -0.01 7.08495
      vertex 100.389 -0.01 8.02606
    endloop
  endfacet
  facet normal 0 -1 0
    outer loop
      vertex 100.105 -0.01 7.08495
      vertex 100.603 -0.01 7.99715
      vertex 100.498 -0.01 8.01523
    endloop
  endfacet
  facet normal 0 -1 0
    outer loop
      vertex 100.105 -0.01 7.08495
      vertex 100.498 -0.01 8.01523
      vertex 100.389 -0.01 8.02606
    endloop
  endfacet
  facet normal -0 -1 0
    outer loop
      vertex 100.796 -0.01 7.93932
      vertex 100.702 -0.01 7.97185
      vertex 100.188 -0.01 7.01787
    endloop
  endfacet
  facet normal 0 -1 0
    outer loop
      vertex 100.969 -0.01 7.85256
      vertex 100.188 -0.01 7.01787
      vertex 100.259 -0.01 6.93161
    endloop
  endfacet
  facet normal 0 -1 -0
    outer loop
      vertex 101.191 -0.01 7.6682
      vertex 100.259 -0.01 6.93161
      vertex 101.255 -0.01 7.59229
    endloop
  endfacet
  facet normal 0 -1 -0
    outer loop
      vertex 101.367 -0.01 7.42067
      vertex 100.32 -0.01 6.82619
      vertex 101.414 -0.01 7.32544
    endloop
  endfacet
  facet normal 0 -1 -0
    outer loop
      vertex 101.456 -0.01 7.22391
      vertex 100.37 -0.01 6.7016
      vertex 101.492 -0.01 7.11609
    endloop
  endfacet
  facet normal 0 -1 0
    outer loop
      vertex 100.37 -0.01 6.7016
      vertex 101.548 -0.01 6.88158
      vertex 101.523 -0.01 7.00197
    endloop
  endfacet
  facet normal 0 -1 0
    outer loop
      vertex 100.408 -0.01 6.55785
      vertex 101.548 -0.01 6.88158
      vertex 100.37 -0.01 6.7016
    endloop
  endfacet
  facet normal -0 -1 0
    outer loop
      vertex 101.568 -0.01 6.75489
      vertex 101.548 -0.01 6.88158
      vertex 100.408 -0.01 6.55785
    endloop
  endfacet
  facet normal 0 -1 -0
    outer loop
      vertex 101.568 -0.01 6.75489
      vertex 100.408 -0.01 6.55785
      vertex 101.582 -0.01 6.62191
    endloop
  endfacet
  facet normal 0 -1 0
    outer loop
      vertex 100.408 -0.01 6.55785
      vertex 100.436 -0.01 6.39495
      vertex 101.582 -0.01 6.62191
    endloop
  endfacet
  facet normal 0 -1 0
    outer loop
      vertex 100.436 -0.01 6.39495
      vertex 101.593 -0.01 6.3371
      vertex 101.59 -0.01 6.48264
    endloop
  endfacet
  facet normal 0 -1 0
    outer loop
      vertex 100.452 -0.01 6.21286
      vertex 101.593 -0.01 6.3371
      vertex 100.436 -0.01 6.39495
    endloop
  endfacet
  facet normal 0 -1 0
    outer loop
      vertex 100.458 -0.01 6.0116
      vertex 101.593 -0.01 6.3371
      vertex 100.452 -0.01 6.21286
    endloop
  endfacet
  facet normal 0 -1 0
    outer loop
      vertex 101.593 -0.01 3.54189
      vertex 101.593 -0.01 6.3371
      vertex 100.458 -0.01 6.0116
    endloop
  endfacet
  facet normal 0 -1 0
    outer loop
      vertex 101.593 -0.01 3.54189
      vertex 100.458 -0.01 6.0116
      vertex 100.458 -0.01 3.54189
    endloop
  endfacet
  facet normal 0 -1 0
    outer loop
      vertex 100.436 -0.01 6.39495
      vertex 101.59 -0.01 6.48264
      vertex 101.582 -0.01 6.62191
    endloop
  endfacet
  facet normal 0 -1 0
    outer loop
      vertex 100.37 -0.01 6.7016
      vertex 101.523 -0.01 7.00197
      vertex 101.492 -0.01 7.11609
    endloop
  endfacet
  facet normal 0 -1 0
    outer loop
      vertex 100.32 -0.01 6.82619
      vertex 100.37 -0.01 6.7016
      vertex 101.456 -0.01 7.22391
    endloop
  endfacet
  facet normal 0 -1 0
    outer loop
      vertex 100.32 -0.01 6.82619
      vertex 101.456 -0.01 7.22391
      vertex 101.414 -0.01 7.32544
    endloop
  endfacet
  facet normal 0 -1 -0
    outer loop
      vertex 101.314 -0.01 7.50963
      vertex 100.32 -0.01 6.82619
      vertex 101.367 -0.01 7.42067
    endloop
  endfacet
  facet normal 0 -1 0
    outer loop
      vertex 100.259 -0.01 6.93161
      vertex 100.32 -0.01 6.82619
      vertex 101.314 -0.01 7.50963
    endloop
  endfacet
  facet normal 0 -1 0
    outer loop
      vertex 100.259 -0.01 6.93161
      vertex 101.314 -0.01 7.50963
      vertex 101.255 -0.01 7.59229
    endloop
  endfacet
  facet normal 0 -1 -0
    outer loop
      vertex 101.122 -0.01 7.73688
      vertex 100.259 -0.01 6.93161
      vertex 101.191 -0.01 7.6682
    endloop
  endfacet
  facet normal 0 -1 -0
    outer loop
      vertex 101.048 -0.01 7.79834
      vertex 100.259 -0.01 6.93161
      vertex 101.122 -0.01 7.73688
    endloop
  endfacet
  facet normal 0 -1 -0
    outer loop
      vertex 100.969 -0.01 7.85256
      vertex 100.259 -0.01 6.93161
      vertex 101.048 -0.01 7.79834
    endloop
  endfacet
  facet normal 0 -1 -0
    outer loop
      vertex 100.885 -0.01 7.89955
      vertex 100.188 -0.01 7.01787
      vertex 100.969 -0.01 7.85256
    endloop
  endfacet
  facet normal 0 -1 -0
    outer loop
      vertex 100.796 -0.01 7.93932
      vertex 100.188 -0.01 7.01787
      vertex 100.885 -0.01 7.89955
    endloop
  endfacet
  facet normal -0 -1 0
    outer loop
      vertex 100.702 -0.01 7.97185
      vertex 100.603 -0.01 7.99715
      vertex 100.188 -0.01 7.01787
    endloop
  endfacet
  facet normal 0 -1 0
    outer loop
      vertex 100.603 -0.01 7.99715
      vertex 100.105 -0.01 7.08495
      vertex 100.188 -0.01 7.01787
    endloop
  endfacet
  facet normal 0 -1 0
    outer loop
      vertex 100.011 -0.01 7.13288
      vertex 100.105 -0.01 7.08495
      vertex 100.275 -0.01 8.02968
    endloop
  endfacet
  facet normal 0 -1 -0
    outer loop
      vertex 100.104 -0.01 8.0223
      vertex 100.011 -0.01 7.13288
      vertex 100.188 -0.01 8.02783
    endloop
  endfacet
  facet normal 0 -1 -0
    outer loop
      vertex 100.023 -0.01 8.01303
      vertex 100.011 -0.01 7.13288
      vertex 100.104 -0.01 8.0223
    endloop
  endfacet
  facet normal 0 -1 0
    outer loop
      vertex 99.9062 -0.01 7.16162
      vertex 100.011 -0.01 7.13288
      vertex 100.023 -0.01 8.01303
    endloop
  endfacet
  facet normal 0 -1 0
    outer loop
      vertex 99.8698 -0.01 7.98345
      vertex 99.9062 -0.01 7.16162
      vertex 99.9451 -0.01 8.00009
    endloop
  endfacet
  facet normal 0 -1 0
    outer loop
      vertex 97.6039 -0.01 7.01787
      vertex 98.3199 -0.01 7.90271
      vertex 98.1824 -0.01 7.95827
    endloop
  endfacet
  facet normal 0 -1 0
    outer loop
      vertex 99.9062 -0.01 7.16162
      vertex 99.7276 -0.01 7.93906
      vertex 99.7904 -0.01 7.17121
    endloop
  endfacet
  facet normal 0 -1 -0
    outer loop
      vertex 99.7276 -0.01 7.93906
      vertex 99.6607 -0.01 7.91132
      vertex 99.7904 -0.01 7.17121
    endloop
  endfacet
  facet normal 0 -1 -0
    outer loop
      vertex 99.6607 -0.01 7.91132
      vertex 99.5967 -0.01 7.87987
      vertex 99.7904 -0.01 7.17121
    endloop
  endfacet
  facet normal -0 -1 0
    outer loop
      vertex 99.7904 -0.01 7.17121
      vertex 99.5355 -0.01 7.84473
      vertex 99.7308 -0.01 7.16854
    endloop
  endfacet
  facet normal 0 -1 0
    outer loop
      vertex 99.7308 -0.01 7.16854
      vertex 99.4771 -0.01 7.80588
      vertex 99.4209 -0.01 7.76282
    endloop
  endfacet
  facet normal 0 -1 0
    outer loop
      vertex 99.6731 -0.01 7.16051
      vertex 99.4209 -0.01 7.76282
      vertex 99.3662 -0.01 7.71497
    endloop
  endfacet
  facet normal -0 -1 0
    outer loop
      vertex 99.6731 -0.01 7.16051
      vertex 99.3662 -0.01 7.71497
      vertex 99.6174 -0.01 7.14714
    endloop
  endfacet
  facet normal 0 -1 0
    outer loop
      vertex 97.6756 -0.01 6.93161
      vertex 97.7362 -0.01 6.82619
      vertex 98.7391 -0.01 7.52179
    endloop
  endfacet
  facet normal -0 -1 0
    outer loop
      vertex 96.3529 -0.01 7.82061
      vertex 96.3501 -0.01 7.85387
      vertex 95.2604 -0.01 7.77181
    endloop
  endfacet
  facet normal 0 -1 0
    outer loop
      vertex 97.4274 -0.01 7.13288
      vertex 97.691 -0.01 8.02968
      vertex 97.6121 -0.01 8.0278
    endloop
  endfacet
  facet normal 0 -1 0
    outer loop
      vertex 97.6756 -0.01 6.93161
      vertex 98.5557 -0.01 7.74399
      vertex 98.4444 -0.01 7.83129
    endloop
  endfacet
  facet normal 0 -1 0
    outer loop
      vertex 97.6756 -0.01 6.93161
      vertex 98.7391 -0.01 7.52179
      vertex 98.654 -0.01 7.64083
    endloop
  endfacet
  facet normal 0 -1 0
    outer loop
      vertex 97.5212 -0.01 7.08495
      vertex 98.0317 -0.01 7.99794
      vertex 97.8679 -0.01 8.02175
    endloop
  endfacet
  facet normal 0 -1 0
    outer loop
      vertex 99.6174 -0.01 7.14714
      vertex 99.3129 -0.01 7.66236
      vertex 99.2611 -0.01 7.60495
    endloop
  endfacet
  facet normal 0 -1 -0
    outer loop
      vertex 98.8111 -0.01 7.38689
      vertex 97.7362 -0.01 6.82619
      vertex 98.8699 -0.01 7.2361
    endloop
  endfacet
  facet normal -0 -1 0
    outer loop
      vertex 99.6174 -0.01 7.14714
      vertex 99.2611 -0.01 7.60495
      vertex 99.5637 -0.01 7.12844
    endloop
  endfacet
  facet normal 0 -1 -0
    outer loop
      vertex 99.2611 -0.01 7.60495
      vertex 99.2108 -0.01 7.54279
      vertex 99.5637 -0.01 7.12844
    endloop
  endfacet
  facet normal 0 -1 -0
    outer loop
      vertex 99.2108 -0.01 7.54279
      vertex 99.162 -0.01 7.47583
      vertex 99.512 -0.01 7.10437
    endloop
  endfacet
  facet normal 0 -1 0
    outer loop
      vertex 99.162 -0.01 7.47583
      vertex 99.4622 -0.01 7.07497
      vertex 99.512 -0.01 7.10437
    endloop
  endfacet
  facet normal 0 -1 0
    outer loop
      vertex 97.7362 -0.01 6.82619
      vertex 97.7859 -0.01 6.7016
      vertex 98.9157 -0.01 7.06945
    endloop
  endfacet
  facet normal 0 -1 0
    outer loop
      vertex 99.1147 -0.01 7.40412
      vertex 99.4145 -0.01 7.04023
      vertex 99.4622 -0.01 7.07497
    endloop
  endfacet
  facet normal 0 -1 -0
    outer loop
      vertex 99.0688 -0.01 7.32761
      vertex 99.0244 -0.01 7.24633
      vertex 99.3687 -0.01 7.00012
    endloop
  endfacet
  facet normal 0 -1 0
    outer loop
      vertex 99.0244 -0.01 7.24633
      vertex 99.3249 -0.01 6.95467
      vertex 99.3687 -0.01 7.00012
    endloop
  endfacet
  facet normal 0 -1 0
    outer loop
      vertex 98.9815 -0.01 7.16028
      vertex 99.2831 -0.01 6.90389
      vertex 99.3249 -0.01 6.95467
    endloop
  endfacet
  facet normal 0 -1 0
    outer loop
      vertex 98.9157 -0.01 7.06945
      vertex 97.7859 -0.01 6.7016
      vertex 97.8245 -0.01 6.55785
    endloop
  endfacet
  facet normal 0 -1 0
    outer loop
      vertex 99.206 -0.01 6.7869
      vertex 99.2432 -0.01 6.84775
      vertex 98.9401 -0.01 7.06945
    endloop
  endfacet
  facet normal 0 -1 0
    outer loop
      vertex 99.172 -0.01 6.72199
      vertex 98.9401 -0.01 7.06945
      vertex 98.9157 -0.01 7.06945
    endloop
  endfacet
  facet normal 0 -1 -0
    outer loop
      vertex 98.9157 -0.01 7.06945
      vertex 97.8245 -0.01 6.55785
      vertex 99.0677 -0.01 6.42165
    endloop
  endfacet
  facet normal 0 -1 0
    outer loop
      vertex 99.1134 -0.01 6.57994
      vertex 99.1411 -0.01 6.653
      vertex 98.9157 -0.01 7.06945
    endloop
  endfacet
  facet normal -0 -1 0
    outer loop
      vertex 98.9157 -0.01 7.06945
      vertex 98.8699 -0.01 7.2361
      vertex 97.7362 -0.01 6.82619
    endloop
  endfacet
  facet normal -0 -1 0
    outer loop
      vertex 98.8111 -0.01 7.38689
      vertex 98.7391 -0.01 7.52179
      vertex 97.7362 -0.01 6.82619
    endloop
  endfacet
  facet normal 0 -1 0
    outer loop
      vertex 97.6756 -0.01 6.93161
      vertex 98.654 -0.01 7.64083
      vertex 98.5557 -0.01 7.74399
    endloop
  endfacet
  facet normal 0 -1 0
    outer loop
      vertex 97.6756 -0.01 6.93161
      vertex 98.4444 -0.01 7.83129
      vertex 97.6039 -0.01 7.01787
    endloop
  endfacet
  facet normal 0 -1 -0
    outer loop
      vertex 98.0317 -0.01 7.99794
      vertex 97.6039 -0.01 7.01787
      vertex 98.1824 -0.01 7.95827
    endloop
  endfacet
  facet normal 0 -1 0
    outer loop
      vertex 97.691 -0.01 8.02968
      vertex 97.4274 -0.01 7.13288
      vertex 97.5212 -0.01 7.08495
    endloop
  endfacet
  facet normal 0 -1 -0
    outer loop
      vertex 97.4605 -0.01 8.01274
      vertex 97.4274 -0.01 7.13288
      vertex 97.5353 -0.01 8.02216
    endloop
  endfacet
  facet normal 0 -1 0
    outer loop
      vertex 97.4274 -0.01 7.13288
      vertex 97.3878 -0.01 7.99956
      vertex 97.3226 -0.01 7.16162
    endloop
  endfacet
  facet normal 0 -1 0
    outer loop
      vertex 97.3878 -0.01 7.99956
      vertex 97.3171 -0.01 7.98261
      vertex 97.3226 -0.01 7.16162
    endloop
  endfacet
  facet normal 0 -1 0
    outer loop
      vertex 97.3226 -0.01 7.16162
      vertex 97.2485 -0.01 7.96189
      vertex 97.182 -0.01 7.93741
    endloop
  endfacet
  facet normal 0 -1 0
    outer loop
      vertex 97.2068 -0.01 7.17121
      vertex 97.3226 -0.01 7.16162
      vertex 97.1175 -0.01 7.90915
    endloop
  endfacet
  facet normal 0 -1 0
    outer loop
      vertex 97.2068 -0.01 7.17121
      vertex 97.1175 -0.01 7.90915
      vertex 97.055 -0.01 7.87714
    endloop
  endfacet
  facet normal 0 -1 0
    outer loop
      vertex 97.2068 -0.01 7.17121
      vertex 97.055 -0.01 7.87714
      vertex 96.9946 -0.01 7.84136
    endloop
  endfacet
  facet normal 0 -1 0
    outer loop
      vertex 97.145 -0.01 7.16828
      vertex 97.2068 -0.01 7.17121
      vertex 96.9362 -0.01 7.80181
    endloop
  endfacet
  facet normal 0 -1 0
    outer loop
      vertex 97.145 -0.01 7.16828
      vertex 96.9362 -0.01 7.80181
      vertex 96.8798 -0.01 7.75811
    endloop
  endfacet
  facet normal 0 -1 0
    outer loop
      vertex 97.0853 -0.01 7.1595
      vertex 97.145 -0.01 7.16828
      vertex 96.825 -0.01 7.70981
    endloop
  endfacet
  facet normal 0 -1 0
    outer loop
      vertex 97.0853 -0.01 7.1595
      vertex 96.825 -0.01 7.70981
      vertex 96.772 -0.01 7.65695
    endloop
  endfacet
  facet normal 0 -1 0
    outer loop
      vertex 97.0277 -0.01 7.14487
      vertex 96.772 -0.01 7.65695
      vertex 96.7206 -0.01 7.59954
    endloop
  endfacet
  facet normal 0 -1 0
    outer loop
      vertex 97.0277 -0.01 7.14487
      vertex 96.7206 -0.01 7.59954
      vertex 96.671 -0.01 7.53752
    endloop
  endfacet
  facet normal 0 -1 0
    outer loop
      vertex 96.9722 -0.01 7.12439
      vertex 96.671 -0.01 7.53752
      vertex 96.6231 -0.01 7.47095
    endloop
  endfacet
  facet normal -0 -1 0
    outer loop
      vertex 96.9722 -0.01 7.12439
      vertex 96.6231 -0.01 7.47095
      vertex 96.9189 -0.01 7.09807
    endloop
  endfacet
  facet normal -0 -1 0
    outer loop
      vertex 96.9189 -0.01 7.09807
      vertex 96.5769 -0.01 7.3998
      vertex 96.8676 -0.01 7.06589
    endloop
  endfacet
  facet normal -0 -1 0
    outer loop
      vertex 96.8676 -0.01 7.06589
      vertex 96.5325 -0.01 7.32407
      vertex 96.8185 -0.01 7.02785
    endloop
  endfacet
  facet normal 0 -1 -0
    outer loop
      vertex 96.5325 -0.01 7.32407
      vertex 96.4897 -0.01 7.24376
      vertex 96.8185 -0.01 7.02785
    endloop
  endfacet
  facet normal 0 -1 -0
    outer loop
      vertex 96.4897 -0.01 7.24376
      vertex 96.4487 -0.01 7.15889
      vertex 96.7715 -0.01 6.98397
    endloop
  endfacet
  facet normal 0 -1 0
    outer loop
      vertex 96.4487 -0.01 7.15889
      vertex 96.7267 -0.01 6.93424
      vertex 96.7715 -0.01 6.98397
    endloop
  endfacet
  facet normal 0 -1 0
    outer loop
      vertex 96.4093 -0.01 7.06945
      vertex 96.6839 -0.01 6.87865
      vertex 96.7267 -0.01 6.93424
    endloop
  endfacet
  facet normal 0 -1 0
    outer loop
      vertex 96.6055 -0.01 6.75113
      vertex 96.6433 -0.01 6.8172
      vertex 96.4093 -0.01 7.06945
    endloop
  endfacet
  facet normal 0 -1 0
    outer loop
      vertex 96.5713 -0.01 6.68163
      vertex 96.6055 -0.01 6.75113
      vertex 96.3931 -0.01 7.06945
    endloop
  endfacet
  facet normal -0 -1 0
    outer loop
      vertex 96.5407 -0.01 6.60869
      vertex 96.3931 -0.01 7.06945
      vertex 96.5138 -0.01 6.53232
    endloop
  endfacet
  facet normal 0 -1 0
    outer loop
      vertex 96.3931 -0.01 7.06945
      vertex 96.4904 -0.01 6.45252
      vertex 96.5138 -0.01 6.53232
    endloop
  endfacet
  facet normal 0 -1 0
    outer loop
      vertex 95.2755 -0.01 7.45302
      vertex 96.3763 -0.01 7.47197
      vertex 96.3727 -0.01 7.53127
    endloop
  endfacet
  facet normal 0 -1 0
    outer loop
      vertex 95.2755 -0.01 7.45302
      vertex 96.3727 -0.01 7.53127
      vertex 95.2738 -0.01 7.49726
    endloop
  endfacet
  facet normal 0 -1 0
    outer loop
      vertex 96.3691 -0.01 7.59017
      vertex 95.2721 -0.01 7.53937
      vertex 95.2738 -0.01 7.49726
    endloop
  endfacet
  facet normal 0 -1 0
    outer loop
      vertex 96.3656 -0.01 7.64479
      vertex 95.2702 -0.01 7.58004
      vertex 95.2721 -0.01 7.53937
    endloop
  endfacet
  facet normal 0 -1 0
    outer loop
      vertex 95.2683 -0.01 7.61994
      vertex 95.2702 -0.01 7.58004
      vertex 96.3656 -0.01 7.64479
    endloop
  endfacet
  facet normal 0 -1 0
    outer loop
      vertex 95.2683 -0.01 7.61994
      vertex 96.3656 -0.01 7.64479
      vertex 96.3622 -0.01 7.69515
    endloop
  endfacet
  facet normal 0 -1 0
    outer loop
      vertex 95.2683 -0.01 7.61994
      vertex 96.3622 -0.01 7.69515
      vertex 95.2664 -0.01 7.65908
    endloop
  endfacet
  facet normal -0 -1 0
    outer loop
      vertex 96.3622 -0.01 7.69515
      vertex 96.359 -0.01 7.74124
      vertex 95.2664 -0.01 7.65908
    endloop
  endfacet
  facet normal 0 -1 0
    outer loop
      vertex 96.359 -0.01 7.74124
      vertex 95.2644 -0.01 7.69742
      vertex 95.2664 -0.01 7.65908
    endloop
  endfacet
  facet normal 0 -1 -0
    outer loop
      vertex 96.3559 -0.01 7.78305
      vertex 95.2644 -0.01 7.69742
      vertex 96.359 -0.01 7.74124
    endloop
  endfacet
  facet normal 0 -1 0
    outer loop
      vertex 95.2624 -0.01 7.735
      vertex 95.2644 -0.01 7.69742
      vertex 96.3559 -0.01 7.78305
    endloop
  endfacet
  facet normal 0 -1 0
    outer loop
      vertex 95.2624 -0.01 7.735
      vertex 96.3559 -0.01 7.78305
      vertex 96.3529 -0.01 7.82061
    endloop
  endfacet
  facet normal 0 -1 0
    outer loop
      vertex 95.2624 -0.01 7.735
      vertex 96.3529 -0.01 7.82061
      vertex 95.2604 -0.01 7.77181
    endloop
  endfacet
  facet normal 0 -1 0
    outer loop
      vertex 95.2604 -0.01 7.77181
      vertex 96.3501 -0.01 7.85387
      vertex 96.3474 -0.01 7.88288
    endloop
  endfacet
  facet normal 0 -1 0
    outer loop
      vertex 95.2604 -0.01 7.77181
      vertex 96.3474 -0.01 7.88288
      vertex 95.2583 -0.01 7.80785
    endloop
  endfacet
  facet normal -0 -1 0
    outer loop
      vertex 96.3474 -0.01 7.88288
      vertex 96.3449 -0.01 7.9076
      vertex 95.2583 -0.01 7.80785
    endloop
  endfacet
  facet normal -0 -1 0
    outer loop
      vertex 96.3449 -0.01 7.9076
      vertex 96.3424 -0.01 7.92806
      vertex 95.2583 -0.01 7.80785
    endloop
  endfacet
  facet normal 0 -1 0
    outer loop
      vertex 96.3424 -0.01 7.92806
      vertex 95.2563 -0.01 7.84311
      vertex 95.2583 -0.01 7.80785
    endloop
  endfacet
  facet normal 0 -1 -0
    outer loop
      vertex 96.3401 -0.01 7.94425
      vertex 95.2563 -0.01 7.84311
      vertex 96.3424 -0.01 7.92806
    endloop
  endfacet
  facet normal 0 -1 0
    outer loop
      vertex 95.2541 -0.01 7.8776
      vertex 95.2563 -0.01 7.84311
      vertex 96.3401 -0.01 7.94425
    endloop
  endfacet
  facet normal 0 -1 0
    outer loop
      vertex 95.2541 -0.01 7.8776
      vertex 96.3401 -0.01 7.94425
      vertex 95.252 -0.01 7.9113
    endloop
  endfacet
  facet normal -0 -1 0
    outer loop
      vertex 96.3401 -0.01 7.94425
      vertex 95.2498 -0.01 7.94425
      vertex 95.252 -0.01 7.9113
    endloop
  endfacet
  facet normal 0 -1 -0
    outer loop
      vertex 96.3656 -0.01 7.64479
      vertex 95.2721 -0.01 7.53937
      vertex 96.3691 -0.01 7.59017
    endloop
  endfacet
  facet normal 0 -1 0
    outer loop
      vertex 96.3823 -0.01 7.36377
      vertex 95.2782 -0.01 7.35822
      vertex 95.2793 -0.01 7.30764
    endloop
  endfacet
  facet normal 0 -1 -0
    outer loop
      vertex 96.3823 -0.01 7.36377
      vertex 95.2793 -0.01 7.30764
      vertex 96.3848 -0.01 7.31487
    endloop
  endfacet
  facet normal 0 -1 0
    outer loop
      vertex 95.2793 -0.01 7.30764
      vertex 95.2802 -0.01 7.25493
      vertex 96.3848 -0.01 7.31487
    endloop
  endfacet
  facet normal 0 -1 0
    outer loop
      vertex 95.2802 -0.01 7.25493
      vertex 96.387 -0.01 7.26941
      vertex 96.3848 -0.01 7.31487
    endloop
  endfacet
  facet normal 0 -1 0
    outer loop
      vertex 95.2809 -0.01 7.20011
      vertex 96.387 -0.01 7.26941
      vertex 95.2802 -0.01 7.25493
    endloop
  endfacet
  facet normal 0 -1 0
    outer loop
      vertex 96.3904 -0.01 7.18891
      vertex 96.3889 -0.01 7.22744
      vertex 95.2809 -0.01 7.20011
    endloop
  endfacet
  facet normal -0 -1 0
    outer loop
      vertex 96.3904 -0.01 7.18891
      vertex 95.2809 -0.01 7.20011
      vertex 95.2815 -0.01 7.14318
    endloop
  endfacet
  facet normal 0 -1 -0
    outer loop
      vertex 96.3904 -0.01 7.18891
      vertex 95.2815 -0.01 7.14318
      vertex 96.3916 -0.01 7.15386
    endloop
  endfacet
  facet normal 0 -1 0
    outer loop
      vertex 95.2815 -0.01 7.14318
      vertex 96.3924 -0.01 7.12226
      vertex 96.3916 -0.01 7.15386
    endloop
  endfacet
  facet normal 0 -1 0
    outer loop
      vertex 95.2819 -0.01 7.08411
      vertex 96.3924 -0.01 7.12226
      vertex 95.2815 -0.01 7.14318
    endloop
  endfacet
  facet normal -0 -1 0
    outer loop
      vertex 96.3929 -0.01 7.09412
      vertex 96.3924 -0.01 7.12226
      vertex 95.2819 -0.01 7.08411
    endloop
  endfacet
  facet normal 0 -1 -0
    outer loop
      vertex 96.3929 -0.01 7.09412
      vertex 95.2819 -0.01 7.08411
      vertex 96.3931 -0.01 7.06945
    endloop
  endfacet
  facet normal 0 -1 0
    outer loop
      vertex 95.2819 -0.01 7.08411
      vertex 95.2822 -0.01 7.02294
      vertex 96.3931 -0.01 7.06945
    endloop
  endfacet
  facet normal 0 -1 0
    outer loop
      vertex 95.2822 -0.01 7.02294
      vertex 95.2823 -0.01 6.95964
      vertex 96.3931 -0.01 7.06945
    endloop
  endfacet
  facet normal 0 -1 0
    outer loop
      vertex 95.2823 -0.01 6.95964
      vertex 96.4904 -0.01 6.45252
      vertex 96.3931 -0.01 7.06945
    endloop
  endfacet
  facet normal 0 -1 0
    outer loop
      vertex 96.4706 -0.01 6.36931
      vertex 96.4904 -0.01 6.45252
      vertex 95.2823 -0.01 6.95964
    endloop
  endfacet
  facet normal -0 -1 0
    outer loop
      vertex 96.4706 -0.01 6.36931
      vertex 95.2823 -0.01 6.95964
      vertex 96.4544 -0.01 6.28266
    endloop
  endfacet
  facet normal 0 -1 0
    outer loop
      vertex 95.2823 -0.01 6.95964
      vertex 96.4418 -0.01 6.19257
      vertex 96.4544 -0.01 6.28266
    endloop
  endfacet
  facet normal 0 -1 0
    outer loop
      vertex 96.4328 -0.01 6.09906
      vertex 96.4418 -0.01 6.19257
      vertex 95.2823 -0.01 6.95964
    endloop
  endfacet
  facet normal -0 -1 0
    outer loop
      vertex 96.4328 -0.01 6.09906
      vertex 95.2823 -0.01 6.95964
      vertex 96.4274 -0.01 6.00211
    endloop
  endfacet
  facet normal 0 -1 0
    outer loop
      vertex 95.2823 -0.01 6.95964
      vertex 96.4256 -0.01 5.90174
      vertex 96.4274 -0.01 6.00211
    endloop
  endfacet
  facet normal 0 -1 0
    outer loop
      vertex 95.2823 -0.01 3.54189
      vertex 96.4256 -0.01 3.54189
      vertex 96.4256 -0.01 5.90174
    endloop
  endfacet
  facet normal 0 -1 0
    outer loop
      vertex 89.9259 -0.01 5.08478
      vertex 88.8719 -0.01 4.86414
      vertex 88.8821 -0.01 4.83074
    endloop
  endfacet
  facet normal -0 -1 0
    outer loop
      vertex 89.9407 -0.01 4.71375
      vertex 88.8953 -0.01 4.72184
      vertex 89.9277 -0.01 4.6044
    endloop
  endfacet
  facet normal 0 -1 -0
    outer loop
      vertex 89.8483 -0.01 5.35555
      vertex 88.8587 -0.01 4.89609
      vertex 89.8686 -0.01 5.3059
    endloop
  endfacet
  facet normal 0 -1 -0
    outer loop
      vertex 88.8953 -0.01 4.72184
      vertex 88.8935 -0.01 4.67565
      vertex 89.9277 -0.01 4.6044
    endloop
  endfacet
  facet normal 0 -1 -0
    outer loop
      vertex 89.7145 -0.01 5.57363
      vertex 88.8426 -0.01 4.92661
      vertex 89.7448 -0.01 5.53322
    endloop
  endfacet
  facet normal 0 -1 0
    outer loop
      vertex 88.6034 -0.01 5.12229
      vertex 89.0417 -0.01 6.02426
      vertex 88.978 -0.01 6.04708
    endloop
  endfacet
  facet normal 0 -1 0
    outer loop
      vertex 88.6034 -0.01 5.12229
      vertex 88.978 -0.01 6.04708
      vertex 88.9117 -0.01 6.06919
    endloop
  endfacet
  facet normal -0 -1 0
    outer loop
      vertex 89.217 -0.01 5.9516
      vertex 89.1612 -0.01 5.97653
      vertex 88.7183 -0.01 5.05748
    endloop
  endfacet
  facet normal 0 -1 0
    outer loop
      vertex 89.2702 -0.01 5.92595
      vertex 88.7183 -0.01 5.05748
      vertex 88.749 -0.01 5.0342
    endloop
  endfacet
  facet normal -0 -1 0
    outer loop
      vertex 89.3208 -0.01 5.89962
      vertex 89.2702 -0.01 5.92595
      vertex 88.749 -0.01 5.0342
    endloop
  endfacet
  facet normal 0 -1 0
    outer loop
      vertex 88.7768 -0.01 5.00946
      vertex 89.414 -0.01 5.84481
      vertex 89.3687 -0.01 5.87256
    endloop
  endfacet
  facet normal -0 -1 0
    outer loop
      vertex 89.4573 -0.01 5.81597
      vertex 89.414 -0.01 5.84481
      vertex 88.7768 -0.01 5.00946
    endloop
  endfacet
  facet normal 0 -1 0
    outer loop
      vertex 88.749 -0.01 5.0342
      vertex 89.3687 -0.01 5.87256
      vertex 89.3208 -0.01 5.89962
    endloop
  endfacet
  facet normal 0 -1 0
    outer loop
      vertex 89.4989 -0.01 5.78568
      vertex 88.7768 -0.01 5.00946
      vertex 88.8017 -0.01 4.98329
    endloop
  endfacet
  facet normal 0 -1 0
    outer loop
      vertex 88.7183 -0.01 5.05748
      vertex 89.2702 -0.01 5.92595
      vertex 89.217 -0.01 5.9516
    endloop
  endfacet
  facet normal -0 -1 0
    outer loop
      vertex 89.5388 -0.01 5.75395
      vertex 89.4989 -0.01 5.78568
      vertex 88.8017 -0.01 4.98329
    endloop
  endfacet
  facet normal 0 -1 0
    outer loop
      vertex 88.6458 -0.01 5.10132
      vertex 88.6841 -0.01 5.07973
      vertex 89.1027 -0.01 6.00075
    endloop
  endfacet
  facet normal 0 -1 0
    outer loop
      vertex 88.6458 -0.01 5.10132
      vertex 89.1027 -0.01 6.00075
      vertex 89.0417 -0.01 6.02426
    endloop
  endfacet
  facet normal 0 -1 0
    outer loop
      vertex 88.6458 -0.01 5.10132
      vertex 89.0417 -0.01 6.02426
      vertex 88.6034 -0.01 5.12229
    endloop
  endfacet
  facet normal 0 -1 0
    outer loop
      vertex 88.557 -0.01 5.14263
      vertex 88.6034 -0.01 5.12229
      vertex 88.9117 -0.01 6.06919
    endloop
  endfacet
  facet normal 0 -1 0
    outer loop
      vertex 88.5065 -0.01 5.16231
      vertex 88.557 -0.01 5.14263
      vertex 88.8427 -0.01 6.09058
    endloop
  endfacet
  facet normal 0 -1 0
    outer loop
      vertex 88.5065 -0.01 5.16231
      vertex 88.8427 -0.01 6.09058
      vertex 88.7711 -0.01 6.11127
    endloop
  endfacet
  facet normal 0 -1 0
    outer loop
      vertex 89.7145 -0.01 5.57363
      vertex 88.8236 -0.01 4.95568
      vertex 88.8426 -0.01 4.92661
    endloop
  endfacet
  facet normal -0 -1 0
    outer loop
      vertex 88.7711 -0.01 6.11127
      vertex 88.6973 -0.01 6.13156
      vertex 88.452 -0.01 5.18137
    endloop
  endfacet
  facet normal 0 -1 0
    outer loop
      vertex 88.6973 -0.01 6.13156
      vertex 88.3933 -0.01 5.19979
      vertex 88.452 -0.01 5.18137
    endloop
  endfacet
  facet normal 0 -1 0
    outer loop
      vertex 88.888 -0.01 4.63172
      vertex 89.837 -0.01 4.30362
      vertex 89.8759 -0.01 4.39934
    endloop
  endfacet
  facet normal 0 -1 0
    outer loop
      vertex 88.879 -0.01 4.59009
      vertex 89.7894 -0.01 4.21245
      vertex 89.837 -0.01 4.30362
    endloop
  endfacet
  facet normal 0 -1 0
    outer loop
      vertex 88.3306 -0.01 5.21756
      vertex 88.6216 -0.01 6.15175
      vertex 88.5439 -0.01 6.17185
    endloop
  endfacet
  facet normal -0 -1 0
    outer loop
      vertex 88.4644 -0.01 6.19184
      vertex 88.3829 -0.01 6.21173
      vertex 88.193 -0.01 5.25119
    endloop
  endfacet
  facet normal 0 -1 0
    outer loop
      vertex 88.1181 -0.01 5.26706
      vertex 88.193 -0.01 5.25119
      vertex 88.3829 -0.01 6.21173
    endloop
  endfacet
  facet normal 0 -1 -0
    outer loop
      vertex 88.2142 -0.01 6.25122
      vertex 88.1181 -0.01 5.26706
      vertex 88.2995 -0.01 6.23154
    endloop
  endfacet
  facet normal 0 -1 0
    outer loop
      vertex 88.8302 -0.01 6.73584
      vertex 89.7885 -0.01 7.0427
      vertex 88.8201 -0.01 6.78354
    endloop
  endfacet
  facet normal 0 -1 0
    outer loop
      vertex 89.2188 -0.01 3.70429
      vertex 89.3238 -0.01 3.76146
      vertex 88.7791 -0.01 4.41623
    endloop
  endfacet
  facet normal 0 -1 -0
    outer loop
      vertex 89.7099 -0.01 7.22576
      vertex 88.8077 -0.01 6.82898
      vertex 89.7521 -0.01 7.13648
    endloop
  endfacet
  facet normal 0 -1 0
    outer loop
      vertex 87.9473 -0.01 5.30161
      vertex 88.2142 -0.01 6.25122
      vertex 88.1269 -0.01 6.27082
    endloop
  endfacet
  facet normal 0 -1 0
    outer loop
      vertex 89.7521 -0.01 7.13648
      vertex 88.8077 -0.01 6.82898
      vertex 88.8201 -0.01 6.78354
    endloop
  endfacet
  facet normal 0 -1 0
    outer loop
      vertex 87.9473 -0.01 5.30161
      vertex 88.1269 -0.01 6.27082
      vertex 88.0378 -0.01 6.29032
    endloop
  endfacet
  facet normal 0 -1 0
    outer loop
      vertex 87.7868 -0.01 5.33573
      vertex 88.0378 -0.01 6.29032
      vertex 87.9467 -0.01 6.30971
    endloop
  endfacet
  facet normal 0 -1 0
    outer loop
      vertex 87.6368 -0.01 5.3694
      vertex 87.9467 -0.01 6.30971
      vertex 87.8537 -0.01 6.329
    endloop
  endfacet
  facet normal -0 -1 0
    outer loop
      vertex 89.8433 -0.01 6.84163
      vertex 89.8189 -0.01 6.94442
      vertex 88.8302 -0.01 6.73584
    endloop
  endfacet
  facet normal 0 -1 0
    outer loop
      vertex 87.4973 -0.01 5.40264
      vertex 87.6368 -0.01 5.3694
      vertex 87.7881 -0.01 6.34264
    endloop
  endfacet
  facet normal 0 -1 -0
    outer loop
      vertex 87.6676 -0.01 6.37181
      vertex 87.4973 -0.01 5.40264
      vertex 87.7261 -0.01 6.35691
    endloop
  endfacet
  facet normal -0 -1 0
    outer loop
      vertex 87.6127 -0.01 6.38736
      vertex 87.5612 -0.01 6.40354
      vertex 87.3681 -0.01 5.43543
    endloop
  endfacet
  facet normal 0 -1 0
    outer loop
      vertex 87.1411 -0.01 5.49971
      vertex 87.5133 -0.01 6.42037
      vertex 87.4689 -0.01 6.43784
    endloop
  endfacet
  facet normal 0 -1 -0
    outer loop
      vertex 87.3908 -0.01 6.47467
      vertex 87.0432 -0.01 5.53121
      vertex 87.4281 -0.01 6.45594
    endloop
  endfacet
  facet normal 0 -1 -0
    outer loop
      vertex 86.1846 -0.01 7.11696
      vertex 86.1565 -0.01 7.01844
      vertex 87.1718 -0.01 6.86043
    endloop
  endfacet
  facet normal 0 -1 -0
    outer loop
      vertex 88.2593 -0.01 8.0196
      vertex 88.2561 -0.01 7.25135
      vertex 88.3893 -0.01 8.00699
    endloop
  endfacet
  facet normal 0 -1 0
    outer loop
      vertex 87.1701 -0.01 6.8172
      vertex 87.1718 -0.01 6.86043
      vertex 86.1364 -0.01 6.91529
    endloop
  endfacet
  facet normal 0 -1 0
    outer loop
      vertex 86.1244 -0.01 6.80753
      vertex 87.1714 -0.01 6.7831
      vertex 87.1701 -0.01 6.8172
    endloop
  endfacet
  facet normal 0 -1 0
    outer loop
      vertex 87.9839 -0.01 8.02968
      vertex 87.8252 -0.01 8.02678
      vertex 87.9116 -0.01 7.26796
    endloop
  endfacet
  facet normal 0 -1 -0
    outer loop
      vertex 87.357 -0.01 6.49407
      vertex 86.9557 -0.01 5.56226
      vertex 87.3908 -0.01 6.47467
    endloop
  endfacet
  facet normal 0 -1 0
    outer loop
      vertex 87.3268 -0.01 6.51409
      vertex 86.812 -0.01 5.62305
      vertex 86.8786 -0.01 5.59287
    endloop
  endfacet
  facet normal 0 -1 0
    outer loop
      vertex 87.1908 -0.01 6.68863
      vertex 86.1569 -0.01 6.37226
      vertex 86.173 -0.01 6.31363
    endloop
  endfacet
  facet normal 0 -1 0
    outer loop
      vertex 86.1335 -0.01 6.49546
      vertex 87.1818 -0.01 6.7188
      vertex 86.1262 -0.01 6.56005
    endloop
  endfacet
  facet normal 0 -1 0
    outer loop
      vertex 86.5383 -0.01 5.79303
      vertex 87.275 -0.01 6.55741
      vertex 87.253 -0.01 6.58103
    endloop
  endfacet
  facet normal 0 -1 0
    outer loop
      vertex 86.4915 -0.01 5.83187
      vertex 87.253 -0.01 6.58103
      vertex 86.4473 -0.01 5.87232
    endloop
  endfacet
  facet normal 0 -1 0
    outer loop
      vertex 86.4059 -0.01 5.91439
      vertex 87.2336 -0.01 6.60596
      vertex 86.367 -0.01 5.95806
    endloop
  endfacet
  facet normal 0 -1 0
    outer loop
      vertex 86.3309 -0.01 6.00334
      vertex 87.2167 -0.01 6.63221
      vertex 86.2973 -0.01 6.05025
    endloop
  endfacet
  facet normal 0 -1 0
    outer loop
      vertex 87.2167 -0.01 6.63221
      vertex 86.2388 -0.01 6.14965
      vertex 86.2666 -0.01 6.09896
    endloop
  endfacet
  facet normal 0 -1 0
    outer loop
      vertex 87.1908 -0.01 6.68863
      vertex 86.1438 -0.01 6.43288
      vertex 86.1569 -0.01 6.37226
    endloop
  endfacet
  facet normal -0 -1 0
    outer loop
      vertex 87.2025 -0.01 6.65976
      vertex 87.1908 -0.01 6.68863
      vertex 86.173 -0.01 6.31363
    endloop
  endfacet
  facet normal 0 -1 -0
    outer loop
      vertex 87.1818 -0.01 6.7188
      vertex 86.1438 -0.01 6.43288
      vertex 87.1908 -0.01 6.68863
    endloop
  endfacet
  facet normal 0 -1 0
    outer loop
      vertex 86.1262 -0.01 6.56005
      vertex 87.1753 -0.01 6.75029
      vertex 86.1218 -0.01 6.62662
    endloop
  endfacet
  facet normal 0 -1 -0
    outer loop
      vertex 87.1714 -0.01 6.7831
      vertex 86.1203 -0.01 6.69516
      vertex 87.1753 -0.01 6.75029
    endloop
  endfacet
  facet normal 0 -1 0
    outer loop
      vertex 86.1203 -0.01 6.69516
      vertex 87.1714 -0.01 6.7831
      vertex 86.1244 -0.01 6.80753
    endloop
  endfacet
  facet normal 0 -1 0
    outer loop
      vertex 86.1846 -0.01 7.11696
      vertex 87.1768 -0.01 6.90134
      vertex 86.2208 -0.01 7.21089
    endloop
  endfacet
  facet normal 0 -1 0
    outer loop
      vertex 87.197 -0.01 6.9762
      vertex 86.4458 -0.01 7.54055
      vertex 86.3775 -0.01 7.46504
    endloop
  endfacet
  facet normal -0 -1 0
    outer loop
      vertex 87.2121 -0.01 7.01015
      vertex 86.4458 -0.01 7.54055
      vertex 87.197 -0.01 6.9762
    endloop
  endfacet
  facet normal 0 -1 -0
    outer loop
      vertex 86.5222 -0.01 7.61144
      vertex 86.4458 -0.01 7.54055
      vertex 87.2121 -0.01 7.01015
    endloop
  endfacet
  facet normal 0 -1 0
    outer loop
      vertex 86.5222 -0.01 7.61144
      vertex 87.2306 -0.01 7.04177
      vertex 86.6066 -0.01 7.67772
    endloop
  endfacet
  facet normal 0 -1 0
    outer loop
      vertex 87.2525 -0.01 7.07108
      vertex 86.6983 -0.01 7.73882
      vertex 86.6066 -0.01 7.67772
    endloop
  endfacet
  facet normal 0 -1 -0
    outer loop
      vertex 86.7968 -0.01 7.79407
      vertex 86.6983 -0.01 7.73882
      vertex 87.2777 -0.01 7.09806
    endloop
  endfacet
  facet normal 0 -1 0
    outer loop
      vertex 87.2777 -0.01 7.09806
      vertex 87.3063 -0.01 7.12273
      vertex 86.7968 -0.01 7.79407
    endloop
  endfacet
  facet normal 0 -1 0
    outer loop
      vertex 87.3063 -0.01 7.12273
      vertex 87.3382 -0.01 7.14507
      vertex 86.9019 -0.01 7.84352
    endloop
  endfacet
  facet normal -0 -1 0
    outer loop
      vertex 87.3735 -0.01 7.16509
      vertex 87.0137 -0.01 7.88716
      vertex 87.3382 -0.01 7.14507
    endloop
  endfacet
  facet normal 0 -1 -0
    outer loop
      vertex 87.1323 -0.01 7.92498
      vertex 87.0137 -0.01 7.88716
      vertex 87.3735 -0.01 7.16509
    endloop
  endfacet
  facet normal 0 -1 0
    outer loop
      vertex 87.1323 -0.01 7.92498
      vertex 87.3735 -0.01 7.16509
      vertex 87.4122 -0.01 7.18309
    endloop
  endfacet
  facet normal 0 -1 0
    outer loop
      vertex 87.1323 -0.01 7.92498
      vertex 87.4542 -0.01 7.19937
      vertex 87.2575 -0.01 7.95697
    endloop
  endfacet
  facet normal 0 -1 0
    outer loop
      vertex 87.4996 -0.01 7.21396
      vertex 87.5484 -0.01 7.22681
      vertex 87.3894 -0.01 7.98314
    endloop
  endfacet
  facet normal 0 -1 0
    outer loop
      vertex 87.3894 -0.01 7.98314
      vertex 87.6005 -0.01 7.23796
      vertex 87.528 -0.01 8.00351
    endloop
  endfacet
  facet normal 0 -1 0
    outer loop
      vertex 87.656 -0.01 7.24739
      vertex 87.7149 -0.01 7.25511
      vertex 87.528 -0.01 8.00351
    endloop
  endfacet
  facet normal 0 -1 0
    outer loop
      vertex 87.6005 -0.01 7.23796
      vertex 87.656 -0.01 7.24739
      vertex 87.528 -0.01 8.00351
    endloop
  endfacet
  facet normal 0 -1 0
    outer loop
      vertex 87.8252 -0.01 8.02678
      vertex 87.6732 -0.01 8.01805
      vertex 87.7771 -0.01 7.26111
    endloop
  endfacet
  facet normal 0 -1 0
    outer loop
      vertex 87.6732 -0.01 8.01805
      vertex 87.7149 -0.01 7.25511
      vertex 87.7771 -0.01 7.26111
    endloop
  endfacet
  facet normal 0 -1 0
    outer loop
      vertex 87.8427 -0.01 7.2654
      vertex 87.9116 -0.01 7.26796
      vertex 87.8252 -0.01 8.02678
    endloop
  endfacet
  facet normal 0 -1 0
    outer loop
      vertex 87.9116 -0.01 7.26796
      vertex 87.9839 -0.01 7.26883
      vertex 87.9839 -0.01 8.02968
    endloop
  endfacet
  facet normal 0 -1 0
    outer loop
      vertex 87.9839 -0.01 8.02968
      vertex 87.9839 -0.01 7.26883
      vertex 88.0575 -0.01 7.26773
    endloop
  endfacet
  facet normal 0 -1 0
    outer loop
      vertex 88.0575 -0.01 7.26773
      vertex 88.1274 -0.01 7.26445
      vertex 88.1241 -0.01 8.02716
    endloop
  endfacet
  facet normal 0 -1 0
    outer loop
      vertex 88.1274 -0.01 7.26445
      vertex 88.2593 -0.01 8.0196
      vertex 88.1241 -0.01 8.02716
    endloop
  endfacet
  facet normal 0 -1 0
    outer loop
      vertex 88.2561 -0.01 7.25135
      vertex 88.2593 -0.01 8.0196
      vertex 88.1936 -0.01 7.25899
    endloop
  endfacet
  facet normal 0 -1 -0
    outer loop
      vertex 88.3893 -0.01 8.00699
      vertex 88.3149 -0.01 7.2415
      vertex 88.5143 -0.01 7.98934
    endloop
  endfacet
  facet normal 0 -1 0
    outer loop
      vertex 88.37 -0.01 7.22948
      vertex 88.5143 -0.01 7.98934
      vertex 88.3149 -0.01 7.2415
    endloop
  endfacet
  facet normal -0 -1 0
    outer loop
      vertex 88.6343 -0.01 7.96663
      vertex 88.5143 -0.01 7.98934
      vertex 88.4214 -0.01 7.21527
    endloop
  endfacet
  facet normal 0 -1 0
    outer loop
      vertex 88.6343 -0.01 7.96663
      vertex 88.4214 -0.01 7.21527
      vertex 88.4691 -0.01 7.19889
    endloop
  endfacet
  facet normal 0 -1 0
    outer loop
      vertex 88.7491 -0.01 7.93889
      vertex 88.4691 -0.01 7.19889
      vertex 88.5131 -0.01 7.1803
    endloop
  endfacet
  facet normal 0 -1 0
    outer loop
      vertex 88.8589 -0.01 7.90612
      vertex 88.5131 -0.01 7.1803
      vertex 88.5535 -0.01 7.15953
    endloop
  endfacet
  facet normal 0 -1 -0
    outer loop
      vertex 88.8589 -0.01 7.90612
      vertex 88.5535 -0.01 7.15953
      vertex 88.9636 -0.01 7.86827
    endloop
  endfacet
  facet normal 0 -1 -0
    outer loop
      vertex 88.9636 -0.01 7.86827
      vertex 88.5901 -0.01 7.13658
      vertex 89.0632 -0.01 7.82541
    endloop
  endfacet
  facet normal 0 -1 -0
    outer loop
      vertex 89.0632 -0.01 7.82541
      vertex 88.6237 -0.01 7.11142
      vertex 89.1577 -0.01 7.77748
    endloop
  endfacet
  facet normal 0 -1 -0
    outer loop
      vertex 89.1577 -0.01 7.77748
      vertex 88.6549 -0.01 7.084
      vertex 89.2472 -0.01 7.72452
    endloop
  endfacet
  facet normal 0 -1 0
    outer loop
      vertex 88.6549 -0.01 7.084
      vertex 88.6838 -0.01 7.05432
      vertex 89.2472 -0.01 7.72452
    endloop
  endfacet
  facet normal 0 -1 0
    outer loop
      vertex 88.6838 -0.01 7.05432
      vertex 88.7104 -0.01 7.02239
      vertex 89.3311 -0.01 7.6668
    endloop
  endfacet
  facet normal 0 -1 0
    outer loop
      vertex 88.7104 -0.01 7.02239
      vertex 88.7345 -0.01 6.98822
      vertex 89.4091 -0.01 7.60456
    endloop
  endfacet
  facet normal 0 -1 -0
    outer loop
      vertex 89.4812 -0.01 7.5378
      vertex 88.7564 -0.01 6.95179
      vertex 89.5473 -0.01 7.46656
    endloop
  endfacet
  facet normal 0 -1 -0
    outer loop
      vertex 89.5473 -0.01 7.46656
      vertex 88.7758 -0.01 6.9131
      vertex 89.6074 -0.01 7.3908
    endloop
  endfacet
  facet normal 0 -1 0
    outer loop
      vertex 88.7758 -0.01 6.9131
      vertex 88.793 -0.01 6.87216
      vertex 89.6074 -0.01 7.3908
    endloop
  endfacet
  facet normal 0 -1 0
    outer loop
      vertex 88.793 -0.01 6.87216
      vertex 89.6616 -0.01 7.31053
      vertex 89.6074 -0.01 7.3908
    endloop
  endfacet
  facet normal -0 -1 0
    outer loop
      vertex 89.7099 -0.01 7.22576
      vertex 89.6616 -0.01 7.31053
      vertex 88.793 -0.01 6.87216
    endloop
  endfacet
  facet normal 0 -1 0
    outer loop
      vertex 89.7099 -0.01 7.22576
      vertex 88.793 -0.01 6.87216
      vertex 88.8077 -0.01 6.82898
    endloop
  endfacet
  facet normal -0 -1 0
    outer loop
      vertex 89.7885 -0.01 7.0427
      vertex 89.7521 -0.01 7.13648
      vertex 88.8201 -0.01 6.78354
    endloop
  endfacet
  facet normal -0 -1 0
    outer loop
      vertex 89.8189 -0.01 6.94442
      vertex 89.7885 -0.01 7.0427
      vertex 88.8302 -0.01 6.73584
    endloop
  endfacet
  facet normal 0 -1 0
    outer loop
      vertex 88.7564 -0.01 6.95179
      vertex 88.7758 -0.01 6.9131
      vertex 89.5473 -0.01 7.46656
    endloop
  endfacet
  facet normal 0 -1 0
    outer loop
      vertex 88.7345 -0.01 6.98822
      vertex 88.7564 -0.01 6.95179
      vertex 89.4812 -0.01 7.5378
    endloop
  endfacet
  facet normal 0 -1 0
    outer loop
      vertex 88.7345 -0.01 6.98822
      vertex 89.4812 -0.01 7.5378
      vertex 89.4091 -0.01 7.60456
    endloop
  endfacet
  facet normal 0 -1 0
    outer loop
      vertex 88.7104 -0.01 7.02239
      vertex 89.4091 -0.01 7.60456
      vertex 89.3311 -0.01 7.6668
    endloop
  endfacet
  facet normal 0 -1 0
    outer loop
      vertex 88.6838 -0.01 7.05432
      vertex 89.3311 -0.01 7.6668
      vertex 89.2472 -0.01 7.72452
    endloop
  endfacet
  facet normal 0 -1 0
    outer loop
      vertex 88.6237 -0.01 7.11142
      vertex 88.6549 -0.01 7.084
      vertex 89.1577 -0.01 7.77748
    endloop
  endfacet
  facet normal 0 -1 0
    outer loop
      vertex 88.5901 -0.01 7.13658
      vertex 88.6237 -0.01 7.11142
      vertex 89.0632 -0.01 7.82541
    endloop
  endfacet
  facet normal 0 -1 0
    outer loop
      vertex 88.5535 -0.01 7.15953
      vertex 88.5901 -0.01 7.13658
      vertex 88.9636 -0.01 7.86827
    endloop
  endfacet
  facet normal 0 -1 -0
    outer loop
      vertex 88.7491 -0.01 7.93889
      vertex 88.5131 -0.01 7.1803
      vertex 88.8589 -0.01 7.90612
    endloop
  endfacet
  facet normal 0 -1 -0
    outer loop
      vertex 88.6343 -0.01 7.96663
      vertex 88.4691 -0.01 7.19889
      vertex 88.7491 -0.01 7.93889
    endloop
  endfacet
  facet normal 0 -1 0
    outer loop
      vertex 88.5143 -0.01 7.98934
      vertex 88.37 -0.01 7.22948
      vertex 88.4214 -0.01 7.21527
    endloop
  endfacet
  facet normal 0 -1 0
    outer loop
      vertex 88.3893 -0.01 8.00699
      vertex 88.2561 -0.01 7.25135
      vertex 88.3149 -0.01 7.2415
    endloop
  endfacet
  facet normal 0 -1 0
    outer loop
      vertex 88.2593 -0.01 8.0196
      vertex 88.1274 -0.01 7.26445
      vertex 88.1936 -0.01 7.25899
    endloop
  endfacet
  facet normal -0 -1 0
    outer loop
      vertex 88.1241 -0.01 8.02716
      vertex 87.9839 -0.01 8.02968
      vertex 88.0575 -0.01 7.26773
    endloop
  endfacet
  facet normal -0 -1 0
    outer loop
      vertex 87.8427 -0.01 7.2654
      vertex 87.8252 -0.01 8.02678
      vertex 87.7771 -0.01 7.26111
    endloop
  endfacet
  facet normal 0 -1 0
    outer loop
      vertex 87.3894 -0.01 7.98314
      vertex 87.5484 -0.01 7.22681
      vertex 87.6005 -0.01 7.23796
    endloop
  endfacet
  facet normal 0 -1 0
    outer loop
      vertex 87.2575 -0.01 7.95697
      vertex 87.4996 -0.01 7.21396
      vertex 87.3894 -0.01 7.98314
    endloop
  endfacet
  facet normal 0 -1 0
    outer loop
      vertex 87.4542 -0.01 7.19937
      vertex 87.4996 -0.01 7.21396
      vertex 87.2575 -0.01 7.95697
    endloop
  endfacet
  facet normal 0 -1 0
    outer loop
      vertex 87.1323 -0.01 7.92498
      vertex 87.4122 -0.01 7.18309
      vertex 87.4542 -0.01 7.19937
    endloop
  endfacet
  facet normal 0 -1 0
    outer loop
      vertex 87.3382 -0.01 7.14507
      vertex 87.0137 -0.01 7.88716
      vertex 86.9019 -0.01 7.84352
    endloop
  endfacet
  facet normal 0 -1 0
    outer loop
      vertex 86.7968 -0.01 7.79407
      vertex 87.3063 -0.01 7.12273
      vertex 86.9019 -0.01 7.84352
    endloop
  endfacet
  facet normal 0 -1 0
    outer loop
      vertex 86.6983 -0.01 7.73882
      vertex 87.2525 -0.01 7.07108
      vertex 87.2777 -0.01 7.09806
    endloop
  endfacet
  facet normal 0 -1 0
    outer loop
      vertex 87.2306 -0.01 7.04177
      vertex 87.2525 -0.01 7.07108
      vertex 86.6066 -0.01 7.67772
    endloop
  endfacet
  facet normal 0 -1 0
    outer loop
      vertex 86.5222 -0.01 7.61144
      vertex 87.2121 -0.01 7.01015
      vertex 87.2306 -0.01 7.04177
    endloop
  endfacet
  facet normal 0 -1 0
    outer loop
      vertex 86.3173 -0.01 7.38494
      vertex 87.197 -0.01 6.9762
      vertex 86.3775 -0.01 7.46504
    endloop
  endfacet
  facet normal 0 -1 0
    outer loop
      vertex 86.265 -0.01 7.30022
      vertex 87.1852 -0.01 6.93993
      vertex 86.3173 -0.01 7.38494
    endloop
  endfacet
  facet normal 0 -1 0
    outer loop
      vertex 86.2208 -0.01 7.21089
      vertex 87.1768 -0.01 6.90134
      vertex 87.1852 -0.01 6.93993
    endloop
  endfacet
  facet normal 0 -1 0
    outer loop
      vertex 86.1846 -0.01 7.11696
      vertex 87.1718 -0.01 6.86043
      vertex 87.1768 -0.01 6.90134
    endloop
  endfacet
  facet normal 0 -1 -0
    outer loop
      vertex 86.1565 -0.01 7.01844
      vertex 86.1364 -0.01 6.91529
      vertex 87.1718 -0.01 6.86043
    endloop
  endfacet
  facet normal -0 -1 0
    outer loop
      vertex 87.1701 -0.01 6.8172
      vertex 86.1364 -0.01 6.91529
      vertex 86.1244 -0.01 6.80753
    endloop
  endfacet
  facet normal 0 -1 0
    outer loop
      vertex 86.1203 -0.01 6.69516
      vertex 86.1218 -0.01 6.62662
      vertex 87.1753 -0.01 6.75029
    endloop
  endfacet
  facet normal -0 -1 0
    outer loop
      vertex 87.1818 -0.01 6.7188
      vertex 87.1753 -0.01 6.75029
      vertex 86.1262 -0.01 6.56005
    endloop
  endfacet
  facet normal 0 -1 0
    outer loop
      vertex 86.1438 -0.01 6.43288
      vertex 87.1818 -0.01 6.7188
      vertex 86.1335 -0.01 6.49546
    endloop
  endfacet
  facet normal 0 -1 0
    outer loop
      vertex 87.2025 -0.01 6.65976
      vertex 86.173 -0.01 6.31363
      vertex 86.192 -0.01 6.25698
    endloop
  endfacet
  facet normal 0 -1 0
    outer loop
      vertex 85.9454 -0.01 4.64043
      vertex 85.977 -0.01 4.53284
      vertex 86.9504 -0.01 4.79096
    endloop
  endfacet
  facet normal 0 -1 0
    outer loop
      vertex 86.214 -0.01 6.20232
      vertex 86.2388 -0.01 6.14965
      vertex 87.2025 -0.01 6.65976
    endloop
  endfacet
  facet normal 0 -1 0
    outer loop
      vertex 86.2388 -0.01 6.14965
      vertex 87.2167 -0.01 6.63221
      vertex 87.2025 -0.01 6.65976
    endloop
  endfacet
  facet normal 0 -1 0
    outer loop
      vertex 86.2666 -0.01 6.09896
      vertex 86.2973 -0.01 6.05025
      vertex 87.2167 -0.01 6.63221
    endloop
  endfacet
  facet normal 0 -1 -0
    outer loop
      vertex 87.2167 -0.01 6.63221
      vertex 86.3309 -0.01 6.00334
      vertex 87.2336 -0.01 6.60596
    endloop
  endfacet
  facet normal 0 -1 0
    outer loop
      vertex 86.3309 -0.01 6.00334
      vertex 86.367 -0.01 5.95806
      vertex 87.2336 -0.01 6.60596
    endloop
  endfacet
  facet normal 0 -1 0
    outer loop
      vertex 87.2336 -0.01 6.60596
      vertex 86.4059 -0.01 5.91439
      vertex 86.4473 -0.01 5.87232
    endloop
  endfacet
  facet normal 0 -1 -0
    outer loop
      vertex 87.2336 -0.01 6.60596
      vertex 86.4473 -0.01 5.87232
      vertex 87.253 -0.01 6.58103
    endloop
  endfacet
  facet normal 0 -1 0
    outer loop
      vertex 87.253 -0.01 6.58103
      vertex 86.4915 -0.01 5.83187
      vertex 86.5383 -0.01 5.79303
    endloop
  endfacet
  facet normal 0 -1 0
    outer loop
      vertex 87.275 -0.01 6.55741
      vertex 86.5383 -0.01 5.79303
      vertex 86.5877 -0.01 5.75582
    endloop
  endfacet
  facet normal 0 -1 0
    outer loop
      vertex 87.275 -0.01 6.55741
      vertex 86.5877 -0.01 5.75582
      vertex 86.6398 -0.01 5.7202
    endloop
  endfacet
  facet normal 0 -1 0
    outer loop
      vertex 87.2996 -0.01 6.53508
      vertex 86.6398 -0.01 5.7202
      vertex 86.6945 -0.01 5.68621
    endloop
  endfacet
  facet normal 0 -1 0
    outer loop
      vertex 87.2996 -0.01 6.53508
      vertex 86.6945 -0.01 5.68621
      vertex 86.752 -0.01 5.65381
    endloop
  endfacet
  facet normal 0 -1 0
    outer loop
      vertex 87.3268 -0.01 6.51409
      vertex 86.752 -0.01 5.65381
      vertex 86.812 -0.01 5.62305
    endloop
  endfacet
  facet normal -0 -1 0
    outer loop
      vertex 87.357 -0.01 6.49407
      vertex 87.3268 -0.01 6.51409
      vertex 86.8786 -0.01 5.59287
    endloop
  endfacet
  facet normal 0 -1 0
    outer loop
      vertex 87.357 -0.01 6.49407
      vertex 86.8786 -0.01 5.59287
      vertex 86.9557 -0.01 5.56226
    endloop
  endfacet
  facet normal 0 -1 0
    outer loop
      vertex 87.3908 -0.01 6.47467
      vertex 86.9557 -0.01 5.56226
      vertex 87.0432 -0.01 5.53121
    endloop
  endfacet
  facet normal 0 -1 0
    outer loop
      vertex 87.4281 -0.01 6.45594
      vertex 87.0432 -0.01 5.53121
      vertex 87.1411 -0.01 5.49971
    endloop
  endfacet
  facet normal 0 -1 -0
    outer loop
      vertex 87.4281 -0.01 6.45594
      vertex 87.1411 -0.01 5.49971
      vertex 87.4689 -0.01 6.43784
    endloop
  endfacet
  facet normal 0 -1 0
    outer loop
      vertex 87.1411 -0.01 5.49971
      vertex 87.2494 -0.01 5.46779
      vertex 87.5133 -0.01 6.42037
    endloop
  endfacet
  facet normal 0 -1 0
    outer loop
      vertex 87.2494 -0.01 5.46779
      vertex 87.3681 -0.01 5.43543
      vertex 87.5612 -0.01 6.40354
    endloop
  endfacet
  facet normal 0 -1 0
    outer loop
      vertex 87.3681 -0.01 5.43543
      vertex 87.6676 -0.01 6.37181
      vertex 87.6127 -0.01 6.38736
    endloop
  endfacet
  facet normal 0 -1 0
    outer loop
      vertex 87.4973 -0.01 5.40264
      vertex 87.6676 -0.01 6.37181
      vertex 87.3681 -0.01 5.43543
    endloop
  endfacet
  facet normal -0 -1 0
    outer loop
      vertex 87.7881 -0.01 6.34264
      vertex 87.7261 -0.01 6.35691
      vertex 87.4973 -0.01 5.40264
    endloop
  endfacet
  facet normal 0 -1 0
    outer loop
      vertex 87.7868 -0.01 5.33573
      vertex 87.9467 -0.01 6.30971
      vertex 87.6368 -0.01 5.3694
    endloop
  endfacet
  facet normal 0 -1 0
    outer loop
      vertex 88.9889 -0.01 3.60799
      vertex 89.1072 -0.01 3.65313
      vertex 88.6756 -0.01 4.33934
    endloop
  endfacet
  facet normal 0 -1 0
    outer loop
      vertex 87.7868 -0.01 5.33573
      vertex 87.9473 -0.01 5.30161
      vertex 88.0378 -0.01 6.29032
    endloop
  endfacet
  facet normal 0 -1 0
    outer loop
      vertex 88.2142 -0.01 6.25122
      vertex 87.9473 -0.01 5.30161
      vertex 88.1181 -0.01 5.26706
    endloop
  endfacet
  facet normal 0 -1 0
    outer loop
      vertex 88.1181 -0.01 5.26706
      vertex 88.3829 -0.01 6.21173
      vertex 88.2995 -0.01 6.23154
    endloop
  endfacet
  facet normal 0 -1 0
    outer loop
      vertex 88.1417 -0.01 4.22133
      vertex 88.0609 -0.01 4.21831
      vertex 88.1404 -0.01 3.46353
    endloop
  endfacet
  facet normal 0 -1 0
    outer loop
      vertex 88.4644 -0.01 6.19184
      vertex 88.193 -0.01 5.25119
      vertex 88.2639 -0.01 5.2347
    endloop
  endfacet
  facet normal 0 -1 0
    outer loop
      vertex 88.3933 -0.01 5.19979
      vertex 88.6216 -0.01 6.15175
      vertex 88.3306 -0.01 5.21756
    endloop
  endfacet
  facet normal 0 -1 0
    outer loop
      vertex 88.5065 -0.01 5.16231
      vertex 88.7711 -0.01 6.11127
      vertex 88.452 -0.01 5.18137
    endloop
  endfacet
  facet normal 0 -1 0
    outer loop
      vertex 88.2983 -0.01 3.47257
      vertex 88.4497 -0.01 3.48761
      vertex 88.2905 -0.01 4.23345
    endloop
  endfacet
  facet normal 0 -1 0
    outer loop
      vertex 88.3584 -0.01 4.24251
      vertex 88.4497 -0.01 3.48761
      vertex 88.422 -0.01 4.25362
    endloop
  endfacet
  facet normal 0 -1 -0
    outer loop
      vertex 89.614 -0.01 5.68616
      vertex 88.8236 -0.01 4.95568
      vertex 89.6491 -0.01 5.6501
    endloop
  endfacet
  facet normal 0 -1 0
    outer loop
      vertex 89.614 -0.01 5.68616
      vertex 88.8017 -0.01 4.98329
      vertex 88.8236 -0.01 4.95568
    endloop
  endfacet
  facet normal 0 -1 0
    outer loop
      vertex 88.8236 -0.01 4.95568
      vertex 89.6826 -0.01 5.61258
      vertex 89.6491 -0.01 5.6501
    endloop
  endfacet
  facet normal 0 -1 0
    outer loop
      vertex 88.7326 -0.01 3.53575
      vertex 88.864 -0.01 3.56887
      vertex 88.5871 -0.01 4.299
    endloop
  endfacet
  facet normal -0 -1 0
    outer loop
      vertex 89.7145 -0.01 5.57363
      vertex 89.6826 -0.01 5.61258
      vertex 88.8236 -0.01 4.95568
    endloop
  endfacet
  facet normal 0 -1 0
    outer loop
      vertex 88.8426 -0.01 4.92661
      vertex 89.7735 -0.01 5.49138
      vertex 89.7448 -0.01 5.53322
    endloop
  endfacet
  facet normal -0 -1 0
    outer loop
      vertex 89.8006 -0.01 5.44808
      vertex 89.7735 -0.01 5.49138
      vertex 88.8426 -0.01 4.92661
    endloop
  endfacet
  facet normal 0 -1 0
    outer loop
      vertex 89.8006 -0.01 5.44808
      vertex 88.8426 -0.01 4.92661
      vertex 88.8587 -0.01 4.89609
    endloop
  endfacet
  facet normal 0 -1 0
    outer loop
      vertex 88.8587 -0.01 4.89609
      vertex 89.8256 -0.01 5.40294
      vertex 89.8006 -0.01 5.44808
    endloop
  endfacet
  facet normal -0 -1 0
    outer loop
      vertex 89.8483 -0.01 5.35555
      vertex 89.8256 -0.01 5.40294
      vertex 88.8587 -0.01 4.89609
    endloop
  endfacet
  facet normal 0 -1 0
    outer loop
      vertex 89.8865 -0.01 5.25399
      vertex 88.8587 -0.01 4.89609
      vertex 88.8719 -0.01 4.86414
    endloop
  endfacet
  facet normal -0 -1 0
    outer loop
      vertex 89.8865 -0.01 5.25399
      vertex 89.8686 -0.01 5.3059
      vertex 88.8587 -0.01 4.89609
    endloop
  endfacet
  facet normal -0 -1 0
    outer loop
      vertex 89.902 -0.01 5.19983
      vertex 89.8865 -0.01 5.25399
      vertex 88.8719 -0.01 4.86414
    endloop
  endfacet
  facet normal 0 -1 0
    outer loop
      vertex 88.8719 -0.01 4.86414
      vertex 89.9259 -0.01 5.08478
      vertex 89.9152 -0.01 5.14344
    endloop
  endfacet
  facet normal 0 -1 -0
    outer loop
      vertex 89.902 -0.01 5.19983
      vertex 88.8719 -0.01 4.86414
      vertex 89.9152 -0.01 5.14344
    endloop
  endfacet
  facet normal 0 -1 -0
    outer loop
      vertex 89.9259 -0.01 5.08478
      vertex 88.8821 -0.01 4.83074
      vertex 89.9342 -0.01 5.02387
    endloop
  endfacet
  facet normal 0 -1 0
    outer loop
      vertex 88.8894 -0.01 4.79589
      vertex 89.9402 -0.01 4.9607
      vertex 88.8821 -0.01 4.83074
    endloop
  endfacet
  facet normal 0 -1 0
    outer loop
      vertex 88.8821 -0.01 4.83074
      vertex 89.9402 -0.01 4.9607
      vertex 89.9342 -0.01 5.02387
    endloop
  endfacet
  facet normal -0 -1 0
    outer loop
      vertex 89.945 -0.01 4.82762
      vertex 89.9438 -0.01 4.89528
      vertex 88.8894 -0.01 4.79589
    endloop
  endfacet
  facet normal 0 -1 0
    outer loop
      vertex 88.8894 -0.01 4.79589
      vertex 89.9438 -0.01 4.89528
      vertex 89.9402 -0.01 4.9607
    endloop
  endfacet
  facet normal 0 -1 0
    outer loop
      vertex 88.8938 -0.01 4.75959
      vertex 89.9407 -0.01 4.71375
      vertex 89.945 -0.01 4.82762
    endloop
  endfacet
  facet normal 0 -1 0
    outer loop
      vertex 89.9407 -0.01 4.71375
      vertex 88.8938 -0.01 4.75959
      vertex 88.8953 -0.01 4.72184
    endloop
  endfacet
  facet normal 0 -1 0
    outer loop
      vertex 88.8935 -0.01 4.67565
      vertex 89.9061 -0.01 4.49961
      vertex 89.9277 -0.01 4.6044
    endloop
  endfacet
  facet normal -0 -1 0
    outer loop
      vertex 89.9061 -0.01 4.49961
      vertex 88.8935 -0.01 4.67565
      vertex 89.8759 -0.01 4.39934
    endloop
  endfacet
  facet normal 0 -1 0
    outer loop
      vertex 88.879 -0.01 4.59009
      vertex 89.837 -0.01 4.30362
      vertex 88.888 -0.01 4.63172
    endloop
  endfacet
  facet normal 0 -1 0
    outer loop
      vertex 89.7333 -0.01 4.12581
      vertex 89.7894 -0.01 4.21245
      vertex 88.879 -0.01 4.59009
    endloop
  endfacet
  facet normal -0 -1 0
    outer loop
      vertex 89.7333 -0.01 4.12581
      vertex 88.8662 -0.01 4.55075
      vertex 89.6684 -0.01 4.04372
    endloop
  endfacet
  facet normal 0 -1 0
    outer loop
      vertex 89.7333 -0.01 4.12581
      vertex 88.879 -0.01 4.59009
      vertex 88.8662 -0.01 4.55075
    endloop
  endfacet
  facet normal -0 -1 0
    outer loop
      vertex 89.6684 -0.01 4.04372
      vertex 88.8499 -0.01 4.51369
      vertex 89.595 -0.01 3.96616
    endloop
  endfacet
  facet normal 0 -1 0
    outer loop
      vertex 89.6684 -0.01 4.04372
      vertex 88.8662 -0.01 4.55075
      vertex 88.8499 -0.01 4.51369
    endloop
  endfacet
  facet normal 0 -1 -0
    outer loop
      vertex 88.8499 -0.01 4.51369
      vertex 88.8299 -0.01 4.47892
      vertex 89.5129 -0.01 3.89315
    endloop
  endfacet
  facet normal -0 -1 0
    outer loop
      vertex 89.595 -0.01 3.96616
      vertex 88.8499 -0.01 4.51369
      vertex 89.5129 -0.01 3.89315
    endloop
  endfacet
  facet normal 0 -1 0
    outer loop
      vertex 88.8299 -0.01 4.47892
      vertex 89.4221 -0.01 3.82466
      vertex 89.5129 -0.01 3.89315
    endloop
  endfacet
  facet normal 0 -1 0
    outer loop
      vertex 88.8063 -0.01 4.44643
      vertex 89.4221 -0.01 3.82466
      vertex 88.8299 -0.01 4.47892
    endloop
  endfacet
  facet normal 0 -1 0
    outer loop
      vertex 88.7791 -0.01 4.41623
      vertex 89.3238 -0.01 3.76146
      vertex 88.8063 -0.01 4.44643
    endloop
  endfacet
  facet normal 0 -1 0
    outer loop
      vertex 88.7482 -0.01 4.38831
      vertex 89.1072 -0.01 3.65313
      vertex 89.2188 -0.01 3.70429
    endloop
  endfacet
  facet normal 0 -1 -0
    outer loop
      vertex 88.7791 -0.01 4.41623
      vertex 88.7482 -0.01 4.38831
      vertex 89.2188 -0.01 3.70429
    endloop
  endfacet
  facet normal 0 -1 0
    outer loop
      vertex 88.7137 -0.01 4.36269
      vertex 89.1072 -0.01 3.65313
      vertex 88.7482 -0.01 4.38831
    endloop
  endfacet
  facet normal 0 -1 0
    outer loop
      vertex 88.9889 -0.01 3.60799
      vertex 88.6756 -0.01 4.33934
      vertex 88.6335 -0.01 4.31816
    endloop
  endfacet
  facet normal 0 -1 -0
    outer loop
      vertex 88.6335 -0.01 4.31816
      vertex 88.5871 -0.01 4.299
      vertex 88.864 -0.01 3.56887
    endloop
  endfacet
  facet normal -0 -1 0
    outer loop
      vertex 88.9889 -0.01 3.60799
      vertex 88.6335 -0.01 4.31816
      vertex 88.864 -0.01 3.56887
    endloop
  endfacet
  facet normal 0 -1 0
    outer loop
      vertex 88.7326 -0.01 3.53575
      vertex 88.5871 -0.01 4.299
      vertex 88.5364 -0.01 4.28185
    endloop
  endfacet
  facet normal 0 -1 0
    outer loop
      vertex 88.4813 -0.01 4.26673
      vertex 88.7326 -0.01 3.53575
      vertex 88.5364 -0.01 4.28185
    endloop
  endfacet
  facet normal 0 -1 0
    outer loop
      vertex 88.5944 -0.01 3.50867
      vertex 88.7326 -0.01 3.53575
      vertex 88.4813 -0.01 4.26673
    endloop
  endfacet
  facet normal 0 -1 0
    outer loop
      vertex 88.5944 -0.01 3.50867
      vertex 88.4813 -0.01 4.26673
      vertex 88.422 -0.01 4.25362
    endloop
  endfacet
  facet normal -0 -1 0
    outer loop
      vertex 88.5944 -0.01 3.50867
      vertex 88.422 -0.01 4.25362
      vertex 88.4497 -0.01 3.48761
    endloop
  endfacet
  facet normal 0 -1 0
    outer loop
      vertex 88.2905 -0.01 4.23345
      vertex 88.4497 -0.01 3.48761
      vertex 88.3584 -0.01 4.24251
    endloop
  endfacet
  facet normal 0 -1 0
    outer loop
      vertex 88.2983 -0.01 3.47257
      vertex 88.2905 -0.01 4.23345
      vertex 88.2182 -0.01 4.22638
    endloop
  endfacet
  facet normal 0 -1 0
    outer loop
      vertex 88.1417 -0.01 4.22133
      vertex 88.2983 -0.01 3.47257
      vertex 88.2182 -0.01 4.22638
    endloop
  endfacet
  facet normal 0 -1 0
    outer loop
      vertex 88.1404 -0.01 3.46353
      vertex 88.2983 -0.01 3.47257
      vertex 88.1417 -0.01 4.22133
    endloop
  endfacet
  facet normal -0 -1 0
    outer loop
      vertex 88.1404 -0.01 3.46353
      vertex 88.0609 -0.01 4.21831
      vertex 87.9757 -0.01 3.46053
    endloop
  endfacet
  facet normal 0 -1 0
    outer loop
      vertex 87.9757 -0.01 3.46053
      vertex 88.0609 -0.01 4.21831
      vertex 87.9757 -0.01 4.2173
    endloop
  endfacet
  facet normal 0 -1 0
    outer loop
      vertex 87.9757 -0.01 3.46053
      vertex 87.9757 -0.01 4.2173
      vertex 87.8836 -0.01 4.21837
    endloop
  endfacet
  facet normal 0 -1 0
    outer loop
      vertex 87.8143 -0.01 3.46289
      vertex 87.7966 -0.01 4.22161
      vertex 87.6599 -0.01 3.47
    endloop
  endfacet
  facet normal 0 -1 0
    outer loop
      vertex 86.9931 -0.01 3.57666
      vertex 87.3318 -0.01 4.30446
      vertex 87.286 -0.01 4.32491
    endloop
  endfacet
  facet normal 0 -1 0
    outer loop
      vertex 86.7756 -0.01 3.65251
      vertex 87.1733 -0.01 4.4009
      vertex 86.6774 -0.01 3.69754
    endloop
  endfacet
  facet normal 0 -1 0
    outer loop
      vertex 86.5013 -0.01 3.80211
      vertex 86.5863 -0.01 3.74732
      vertex 87.1094 -0.01 4.4664
    endloop
  endfacet
  facet normal 0 -1 0
    outer loop
      vertex 86.2784 -0.01 3.99819
      vertex 87.0289 -0.01 4.58734
      vertex 86.2148 -0.01 4.07408
    endloop
  endfacet
  facet normal -0 -1 0
    outer loop
      vertex 87.0537 -0.01 4.54401
      vertex 87.0289 -0.01 4.58734
      vertex 86.2784 -0.01 3.99819
    endloop
  endfacet
  facet normal 0 -1 -0
    outer loop
      vertex 87.0062 -0.01 4.63372
      vertex 86.2148 -0.01 4.07408
      vertex 87.0289 -0.01 4.58734
    endloop
  endfacet
  facet normal 0 -1 0
    outer loop
      vertex 86.1565 -0.01 4.15528
      vertex 86.2148 -0.01 4.07408
      vertex 87.0062 -0.01 4.63372
    endloop
  endfacet
  facet normal 0 -1 -0
    outer loop
      vertex 86.9856 -0.01 4.68311
      vertex 86.1036 -0.01 4.24175
      vertex 87.0062 -0.01 4.63372
    endloop
  endfacet
  facet normal 0 -1 0
    outer loop
      vertex 86.056 -0.01 4.3335
      vertex 86.1036 -0.01 4.24175
      vertex 86.9856 -0.01 4.68311
    endloop
  endfacet
  facet normal -0 -1 0
    outer loop
      vertex 86.9856 -0.01 4.68311
      vertex 86.9669 -0.01 4.73552
      vertex 86.056 -0.01 4.3335
    endloop
  endfacet
  facet normal 0 -1 0
    outer loop
      vertex 86.0138 -0.01 4.43053
      vertex 86.056 -0.01 4.3335
      vertex 86.9669 -0.01 4.73552
    endloop
  endfacet
  facet normal 0 -1 0
    outer loop
      vertex 86.0138 -0.01 4.43053
      vertex 86.9669 -0.01 4.73552
      vertex 86.9504 -0.01 4.79096
    endloop
  endfacet
  facet normal 0 -1 0
    outer loop
      vertex 86.0138 -0.01 4.43053
      vertex 86.9504 -0.01 4.79096
      vertex 85.977 -0.01 4.53284
    endloop
  endfacet
  facet normal 0 -1 0
    outer loop
      vertex 87.0537 -0.01 4.54401
      vertex 86.2784 -0.01 3.99819
      vertex 86.3473 -0.01 3.92755
    endloop
  endfacet
  facet normal 0 -1 0
    outer loop
      vertex 87.0805 -0.01 4.5037
      vertex 86.3473 -0.01 3.92755
      vertex 86.4216 -0.01 3.8622
    endloop
  endfacet
  facet normal 0 -1 -0
    outer loop
      vertex 87.0805 -0.01 4.5037
      vertex 86.4216 -0.01 3.8622
      vertex 87.1094 -0.01 4.4664
    endloop
  endfacet
  facet normal 0 -1 0
    outer loop
      vertex 86.6774 -0.01 3.69754
      vertex 87.1403 -0.01 4.43213
      vertex 86.5863 -0.01 3.74732
    endloop
  endfacet
  facet normal -0 -1 0
    outer loop
      vertex 87.2083 -0.01 4.37268
      vertex 87.1733 -0.01 4.4009
      vertex 86.7756 -0.01 3.65251
    endloop
  endfacet
  facet normal 0 -1 0
    outer loop
      vertex 87.2453 -0.01 4.34751
      vertex 86.8809 -0.01 3.61222
      vertex 86.9931 -0.01 3.57666
    endloop
  endfacet
  facet normal 0 -1 0
    outer loop
      vertex 86.9931 -0.01 3.57666
      vertex 87.1124 -0.01 3.54586
      vertex 87.3318 -0.01 4.30446
    endloop
  endfacet
  facet normal 0 -1 0
    outer loop
      vertex 87.2387 -0.01 3.51978
      vertex 87.4389 -0.01 4.27002
      vertex 87.3828 -0.01 4.28617
    endloop
  endfacet
  facet normal -0 -1 0
    outer loop
      vertex 87.5666 -0.01 4.2442
      vertex 87.5002 -0.01 4.25605
      vertex 87.3721 -0.01 3.49845
    endloop
  endfacet
  facet normal 0 -1 -0
    outer loop
      vertex 87.6381 -0.01 4.23452
      vertex 87.5125 -0.01 3.48186
      vertex 87.6599 -0.01 3.47
    endloop
  endfacet
  facet normal 0 -1 -0
    outer loop
      vertex 87.7148 -0.01 4.22699
      vertex 87.6599 -0.01 3.47
      vertex 87.7966 -0.01 4.22161
    endloop
  endfacet
  facet normal 0 -1 0
    outer loop
      vertex 87.8143 -0.01 3.46289
      vertex 87.9757 -0.01 3.46053
      vertex 87.8836 -0.01 4.21837
    endloop
  endfacet
  facet normal 0 -1 0
    outer loop
      vertex 93.0213 -0.01 7.94425
      vertex 93.0213 -0.01 3.54189
      vertex 94.1646 -0.01 3.54189
    endloop
  endfacet
  facet normal -0 0 1
    outer loop
      vertex 93.0213 0.61 9.57991
      vertex 94.1646 -0.01 9.57991
      vertex 94.1646 0.61 9.57991
    endloop
  endfacet
  facet normal 0 0 1
    outer loop
      vertex 93.0213 0.61 9.57991
      vertex 93.0213 -0.01 9.57991
      vertex 94.1646 -0.01 9.57991
    endloop
  endfacet
  facet normal -1 0 0
    outer loop
      vertex 93.0213 0.61 8.73769
      vertex 93.0213 -0.01 9.57991
      vertex 93.0213 0.61 9.57991
    endloop
  endfacet
  facet normal -1 0 0
    outer loop
      vertex 93.0213 0.61 8.73769
      vertex 93.0213 -0.01 8.73769
      vertex 93.0213 -0.01 9.57991
    endloop
  endfacet
  facet normal -0 0 -1
    outer loop
      vertex 94.1646 0.61 8.73769
      vertex 93.0213 -0.01 8.73769
      vertex 93.0213 0.61 8.73769
    endloop
  endfacet
  facet normal 0 -0 -1
    outer loop
      vertex 94.1646 0.61 8.73769
      vertex 94.1646 -0.01 8.73769
      vertex 93.0213 -0.01 8.73769
    endloop
  endfacet
  facet normal 1 0 0
    outer loop
      vertex 94.1646 0.61 9.57991
      vertex 94.1646 -0.01 8.73769
      vertex 94.1646 0.61 8.73769
    endloop
  endfacet
  facet normal 1 0 0
    outer loop
      vertex 94.1646 0.61 9.57991
      vertex 94.1646 -0.01 9.57991
      vertex 94.1646 -0.01 8.73769
    endloop
  endfacet
  facet normal -0 0 1
    outer loop
      vertex 90.7603 0.61 9.57991
      vertex 91.9036 -0.01 9.57991
      vertex 91.9036 0.61 9.57991
    endloop
  endfacet
  facet normal 0 0 1
    outer loop
      vertex 90.7603 0.61 9.57991
      vertex 90.7603 -0.01 9.57991
      vertex 91.9036 -0.01 9.57991
    endloop
  endfacet
  facet normal -1 0 0
    outer loop
      vertex 90.7603 0.61 3.54189
      vertex 90.7603 -0.01 9.57991
      vertex 90.7603 0.61 9.57991
    endloop
  endfacet
  facet normal -1 0 0
    outer loop
      vertex 90.7603 0.61 3.54189
      vertex 90.7603 -0.01 3.54189
      vertex 90.7603 -0.01 9.57991
    endloop
  endfacet
  facet normal -0 0 -1
    outer loop
      vertex 91.9036 0.61 3.54189
      vertex 90.7603 -0.01 3.54189
      vertex 90.7603 0.61 3.54189
    endloop
  endfacet
  facet normal 0 -0 -1
    outer loop
      vertex 91.9036 0.61 3.54189
      vertex 91.9036 -0.01 3.54189
      vertex 90.7603 -0.01 3.54189
    endloop
  endfacet
  facet normal 1 0 0
    outer loop
      vertex 91.9036 0.61 9.57991
      vertex 91.9036 -0.01 3.54189
      vertex 91.9036 0.61 3.54189
    endloop
  endfacet
  facet normal 1 0 0
    outer loop
      vertex 91.9036 0.61 9.57991
      vertex 91.9036 -0.01 9.57991
      vertex 91.9036 -0.01 3.54189
    endloop
  endfacet
  facet normal -0 0 1
    outer loop
      vertex 75.9792 0.61 4.48178
      vertex 78.6402 -0.01 4.48178
      vertex 78.6402 0.61 4.48178
    endloop
  endfacet
  facet normal 0 0 1
    outer loop
      vertex 75.9792 0.61 4.48178
      vertex 75.9792 -0.01 4.48178
      vertex 78.6402 -0.01 4.48178
    endloop
  endfacet
  facet normal 0.910627 0 -0.413229
    outer loop
      vertex 76.0009 0.61 4.5296
      vertex 75.9792 -0.01 4.48178
      vertex 75.9792 0.61 4.48178
    endloop
  endfacet
  facet normal 0.910627 0 -0.413229
    outer loop
      vertex 76.0009 0.61 4.5296
      vertex 76.0009 -0.01 4.5296
      vertex 75.9792 -0.01 4.48178
    endloop
  endfacet
  facet normal 0.893973 0 -0.448121
    outer loop
      vertex 76.0246 0.61 4.57688
      vertex 76.0009 -0.01 4.5296
      vertex 76.0009 0.61 4.5296
    endloop
  endfacet
  facet normal 0.893973 0 -0.448121
    outer loop
      vertex 76.0246 0.61 4.57688
      vertex 76.0246 -0.01 4.57688
      vertex 76.0009 -0.01 4.5296
    endloop
  endfacet
  facet normal 0.876228 0 -0.481897
    outer loop
      vertex 76.0503 0.61 4.62361
      vertex 76.0246 -0.01 4.57688
      vertex 76.0246 0.61 4.57688
    endloop
  endfacet
  facet normal 0.876228 0 -0.481897
    outer loop
      vertex 76.0503 0.61 4.62361
      vertex 76.0503 -0.01 4.62361
      vertex 76.0246 -0.01 4.57688
    endloop
  endfacet
  facet normal 0.857706 0 -0.514141
    outer loop
      vertex 76.078 0.61 4.66982
      vertex 76.0503 -0.01 4.62361
      vertex 76.0503 0.61 4.62361
    endloop
  endfacet
  facet normal 0.857706 0 -0.514141
    outer loop
      vertex 76.078 0.61 4.66982
      vertex 76.078 -0.01 4.66982
      vertex 76.0503 -0.01 4.62361
    endloop
  endfacet
  facet normal 0.839161 0 -0.543883
    outer loop
      vertex 76.1076 0.61 4.71549
      vertex 76.078 -0.01 4.66982
      vertex 76.078 0.61 4.66982
    endloop
  endfacet
  facet normal 0.839161 0 -0.543883
    outer loop
      vertex 76.1076 0.61 4.71549
      vertex 76.1076 -0.01 4.71549
      vertex 76.078 -0.01 4.66982
    endloop
  endfacet
  facet normal 0.819095 0 -0.573657
    outer loop
      vertex 76.1392 0.61 4.76061
      vertex 76.1076 -0.01 4.71549
      vertex 76.1076 0.61 4.71549
    endloop
  endfacet
  facet normal 0.819095 0 -0.573657
    outer loop
      vertex 76.1392 0.61 4.76061
      vertex 76.1392 -0.01 4.76061
      vertex 76.1076 -0.01 4.71549
    endloop
  endfacet
  facet normal 0.797718 0 -0.603031
    outer loop
      vertex 76.1729 0.61 4.80519
      vertex 76.1392 -0.01 4.76061
      vertex 76.1392 0.61 4.76061
    endloop
  endfacet
  facet normal 0.797718 0 -0.603031
    outer loop
      vertex 76.1729 0.61 4.80519
      vertex 76.1729 -0.01 4.80519
      vertex 76.1392 -0.01 4.76061
    endloop
  endfacet
  facet normal 0.778692 0 -0.627407
    outer loop
      vertex 76.2084 0.61 4.84925
      vertex 76.1729 -0.01 4.80519
      vertex 76.1729 0.61 4.80519
    endloop
  endfacet
  facet normal 0.778692 0 -0.627407
    outer loop
      vertex 76.2084 0.61 4.84925
      vertex 76.2084 -0.01 4.84925
      vertex 76.1729 -0.01 4.80519
    endloop
  endfacet
  facet normal 0.756624 0 -0.653851
    outer loop
      vertex 76.246 0.61 4.89276
      vertex 76.2084 -0.01 4.84925
      vertex 76.2084 0.61 4.84925
    endloop
  endfacet
  facet normal 0.756624 0 -0.653851
    outer loop
      vertex 76.246 0.61 4.89276
      vertex 76.246 -0.01 4.89276
      vertex 76.2084 -0.01 4.84925
    endloop
  endfacet
  facet normal 0.735354 0 -0.677683
    outer loop
      vertex 76.2856 0.61 4.93573
      vertex 76.246 -0.01 4.89276
      vertex 76.246 0.61 4.89276
    endloop
  endfacet
  facet normal 0.735354 0 -0.677683
    outer loop
      vertex 76.2856 0.61 4.93573
      vertex 76.2856 -0.01 4.93573
      vertex 76.246 -0.01 4.89276
    endloop
  endfacet
  facet normal 0.71498 0 -0.699144
    outer loop
      vertex 76.3271 0.61 4.97817
      vertex 76.2856 -0.01 4.93573
      vertex 76.2856 0.61 4.93573
    endloop
  endfacet
  facet normal 0.71498 0 -0.699144
    outer loop
      vertex 76.3271 0.61 4.97817
      vertex 76.3271 -0.01 4.97817
      vertex 76.2856 -0.01 4.93573
    endloop
  endfacet
  facet normal 0.699844 0 -0.714296
    outer loop
      vertex 76.3701 0.61 5.0203
      vertex 76.3271 -0.01 4.97817
      vertex 76.3271 0.61 4.97817
    endloop
  endfacet
  facet normal 0.699844 0 -0.714296
    outer loop
      vertex 76.3701 0.61 5.0203
      vertex 76.3701 -0.01 5.0203
      vertex 76.3271 -0.01 4.97817
    endloop
  endfacet
  facet normal 0.692549 0 -0.721371
    outer loop
      vertex 76.4139 0.61 5.06235
      vertex 76.3701 -0.01 5.0203
      vertex 76.3701 0.61 5.0203
    endloop
  endfacet
  facet normal 0.692549 0 -0.721371
    outer loop
      vertex 76.4139 0.61 5.06235
      vertex 76.4139 -0.01 5.06235
      vertex 76.3701 -0.01 5.0203
    endloop
  endfacet
  facet normal 0.685482 0 -0.72809
    outer loop
      vertex 76.4585 0.61 5.10434
      vertex 76.4139 -0.01 5.06235
      vertex 76.4139 0.61 5.06235
    endloop
  endfacet
  facet normal 0.685482 0 -0.72809
    outer loop
      vertex 76.4585 0.61 5.10434
      vertex 76.4585 -0.01 5.10434
      vertex 76.4139 -0.01 5.06235
    endloop
  endfacet
  facet normal 0.677669 0 -0.735367
    outer loop
      vertex 76.504 0.61 5.14627
      vertex 76.4585 -0.01 5.10434
      vertex 76.4585 0.61 5.10434
    endloop
  endfacet
  facet normal 0.677669 0 -0.735367
    outer loop
      vertex 76.504 0.61 5.14627
      vertex 76.504 -0.01 5.14627
      vertex 76.4585 -0.01 5.10434
    endloop
  endfacet
  facet normal 0.670733 0 -0.741699
    outer loop
      vertex 76.5503 0.61 5.18814
      vertex 76.504 -0.01 5.14627
      vertex 76.504 0.61 5.14627
    endloop
  endfacet
  facet normal 0.670733 0 -0.741699
    outer loop
      vertex 76.5503 0.61 5.18814
      vertex 76.5503 -0.01 5.18814
      vertex 76.504 -0.01 5.14627
    endloop
  endfacet
  facet normal 0.662984 0 -0.748633
    outer loop
      vertex 76.5975 0.61 5.22994
      vertex 76.5503 -0.01 5.18814
      vertex 76.5503 0.61 5.18814
    endloop
  endfacet
  facet normal 0.662984 0 -0.748633
    outer loop
      vertex 76.5975 0.61 5.22994
      vertex 76.5975 -0.01 5.22994
      vertex 76.5503 -0.01 5.18814
    endloop
  endfacet
  facet normal 0.656007 0 -0.754754
    outer loop
      vertex 76.6455 0.61 5.27166
      vertex 76.5975 -0.01 5.22994
      vertex 76.5975 0.61 5.22994
    endloop
  endfacet
  facet normal 0.656007 0 -0.754754
    outer loop
      vertex 76.6455 0.61 5.27166
      vertex 76.6455 -0.01 5.27166
      vertex 76.5975 -0.01 5.22994
    endloop
  endfacet
  facet normal 0.649185 0 -0.76063
    outer loop
      vertex 76.6943 0.61 5.31331
      vertex 76.6455 -0.01 5.27166
      vertex 76.6455 0.61 5.27166
    endloop
  endfacet
  facet normal 0.649185 0 -0.76063
    outer loop
      vertex 76.6943 0.61 5.31331
      vertex 76.6943 -0.01 5.31331
      vertex 76.6455 -0.01 5.27166
    endloop
  endfacet
  facet normal 0.641852 0 -0.766828
    outer loop
      vertex 76.744 0.61 5.35491
      vertex 76.6943 -0.01 5.31331
      vertex 76.6943 0.61 5.31331
    endloop
  endfacet
  facet normal 0.641852 0 -0.766828
    outer loop
      vertex 76.744 0.61 5.35491
      vertex 76.744 -0.01 5.35491
      vertex 76.6943 -0.01 5.31331
    endloop
  endfacet
  facet normal 0.635085 0 -0.772442
    outer loop
      vertex 76.7945 0.61 5.39643
      vertex 76.744 -0.01 5.35491
      vertex 76.744 0.61 5.35491
    endloop
  endfacet
  facet normal 0.635085 0 -0.772442
    outer loop
      vertex 76.7945 0.61 5.39643
      vertex 76.7945 -0.01 5.39643
      vertex 76.744 -0.01 5.35491
    endloop
  endfacet
  facet normal 0.627738 0 -0.778425
    outer loop
      vertex 76.8459 0.61 5.43788
      vertex 76.7945 -0.01 5.39643
      vertex 76.7945 0.61 5.39643
    endloop
  endfacet
  facet normal 0.627738 0 -0.778425
    outer loop
      vertex 76.8459 0.61 5.43788
      vertex 76.8459 -0.01 5.43788
      vertex 76.7945 -0.01 5.39643
    endloop
  endfacet
  facet normal 0.624284 0 -0.781198
    outer loop
      vertex 76.9501 0.61 5.52115
      vertex 76.8459 -0.01 5.43788
      vertex 76.8459 0.61 5.43788
    endloop
  endfacet
  facet normal 0.624284 0 -0.781198
    outer loop
      vertex 76.9501 0.61 5.52115
      vertex 76.9501 -0.01 5.52115
      vertex 76.8459 -0.01 5.43788
    endloop
  endfacet
  facet normal 0.623971 0 -0.781448
    outer loop
      vertex 77.0554 0.61 5.60523
      vertex 76.9501 -0.01 5.52115
      vertex 76.9501 0.61 5.52115
    endloop
  endfacet
  facet normal 0.623971 0 -0.781448
    outer loop
      vertex 77.0554 0.61 5.60523
      vertex 77.0554 -0.01 5.60523
      vertex 76.9501 -0.01 5.52115
    endloop
  endfacet
  facet normal 0.622859 0 -0.782334
    outer loop
      vertex 77.162 0.61 5.6901
      vertex 77.0554 -0.01 5.60523
      vertex 77.0554 0.61 5.60523
    endloop
  endfacet
  facet normal 0.622859 0 -0.782334
    outer loop
      vertex 77.162 0.61 5.6901
      vertex 77.162 -0.01 5.6901
      vertex 77.0554 -0.01 5.60523
    endloop
  endfacet
  facet normal 0.622257 0 -0.782813
    outer loop
      vertex 77.2698 0.61 5.77579
      vertex 77.162 -0.01 5.6901
      vertex 77.162 0.61 5.6901
    endloop
  endfacet
  facet normal 0.622257 0 -0.782813
    outer loop
      vertex 77.2698 0.61 5.77579
      vertex 77.2698 -0.01 5.77579
      vertex 77.162 -0.01 5.6901
    endloop
  endfacet
  facet normal 0.621229 0 -0.783629
    outer loop
      vertex 77.3789 0.61 5.86228
      vertex 77.2698 -0.01 5.77579
      vertex 77.2698 0.61 5.77579
    endloop
  endfacet
  facet normal 0.621229 0 -0.783629
    outer loop
      vertex 77.3789 0.61 5.86228
      vertex 77.3789 -0.01 5.86228
      vertex 77.2698 -0.01 5.77579
    endloop
  endfacet
  facet normal 0.62147 0 -0.783438
    outer loop
      vertex 77.4338 0.61 5.90583
      vertex 77.3789 -0.01 5.86228
      vertex 77.3789 0.61 5.86228
    endloop
  endfacet
  facet normal 0.62147 0 -0.783438
    outer loop
      vertex 77.4338 0.61 5.90583
      vertex 77.4338 -0.01 5.90583
      vertex 77.3789 -0.01 5.86228
    endloop
  endfacet
  facet normal 0.626171 0 -0.779685
    outer loop
      vertex 77.4885 0.61 5.94976
      vertex 77.4338 -0.01 5.90583
      vertex 77.4338 0.61 5.90583
    endloop
  endfacet
  facet normal 0.626171 0 -0.779685
    outer loop
      vertex 77.4885 0.61 5.94976
      vertex 77.4885 -0.01 5.94976
      vertex 77.4338 -0.01 5.90583
    endloop
  endfacet
  facet normal 0.638151 0 -0.769911
    outer loop
      vertex 77.5422 0.61 5.99427
      vertex 77.4885 -0.01 5.94976
      vertex 77.4885 0.61 5.94976
    endloop
  endfacet
  facet normal 0.638151 0 -0.769911
    outer loop
      vertex 77.5422 0.61 5.99427
      vertex 77.5422 -0.01 5.99427
      vertex 77.4885 -0.01 5.94976
    endloop
  endfacet
  facet normal 0.648525 0 -0.761193
    outer loop
      vertex 77.5951 0.61 6.03934
      vertex 77.5422 -0.01 5.99427
      vertex 77.5422 0.61 5.99427
    endloop
  endfacet
  facet normal 0.648525 0 -0.761193
    outer loop
      vertex 77.5951 0.61 6.03934
      vertex 77.5951 -0.01 6.03934
      vertex 77.5422 -0.01 5.99427
    endloop
  endfacet
  facet normal 0.660367 0 -0.750943
    outer loop
      vertex 77.647 0.61 6.08498
      vertex 77.5951 -0.01 6.03934
      vertex 77.5951 0.61 6.03934
    endloop
  endfacet
  facet normal 0.660367 0 -0.750943
    outer loop
      vertex 77.647 0.61 6.08498
      vertex 77.647 -0.01 6.08498
      vertex 77.5951 -0.01 6.03934
    endloop
  endfacet
  facet normal 0.671529 0 -0.740978
    outer loop
      vertex 77.698 0.61 6.1312
      vertex 77.647 -0.01 6.08498
      vertex 77.647 0.61 6.08498
    endloop
  endfacet
  facet normal 0.671529 0 -0.740978
    outer loop
      vertex 77.698 0.61 6.1312
      vertex 77.698 -0.01 6.1312
      vertex 77.647 -0.01 6.08498
    endloop
  endfacet
  facet normal 0.681747 0 -0.731588
    outer loop
      vertex 77.7482 0.61 6.17798
      vertex 77.698 -0.01 6.1312
      vertex 77.698 0.61 6.1312
    endloop
  endfacet
  facet normal 0.681747 0 -0.731588
    outer loop
      vertex 77.7482 0.61 6.17798
      vertex 77.7482 -0.01 6.17798
      vertex 77.698 -0.01 6.1312
    endloop
  endfacet
  facet normal 0.693507 0 -0.72045
    outer loop
      vertex 77.7974 0.61 6.22534
      vertex 77.7482 -0.01 6.17798
      vertex 77.7482 0.61 6.17798
    endloop
  endfacet
  facet normal 0.693507 0 -0.72045
    outer loop
      vertex 77.7974 0.61 6.22534
      vertex 77.7974 -0.01 6.22534
      vertex 77.7482 -0.01 6.17798
    endloop
  endfacet
  facet normal 0.704531 0 -0.709673
    outer loop
      vertex 77.8457 0.61 6.27329
      vertex 77.7974 -0.01 6.22534
      vertex 77.7974 0.61 6.22534
    endloop
  endfacet
  facet normal 0.704531 0 -0.709673
    outer loop
      vertex 77.8457 0.61 6.27329
      vertex 77.8457 -0.01 6.27329
      vertex 77.7974 -0.01 6.22534
    endloop
  endfacet
  facet normal 0.715098 0 -0.699024
    outer loop
      vertex 77.8931 0.61 6.32178
      vertex 77.8457 -0.01 6.27329
      vertex 77.8457 0.61 6.27329
    endloop
  endfacet
  facet normal 0.715098 0 -0.699024
    outer loop
      vertex 77.8931 0.61 6.32178
      vertex 77.8931 -0.01 6.32178
      vertex 77.8457 -0.01 6.27329
    endloop
  endfacet
  facet normal 0.725859 0 -0.687843
    outer loop
      vertex 77.9396 0.61 6.37085
      vertex 77.8931 -0.01 6.32178
      vertex 77.8931 0.61 6.32178
    endloop
  endfacet
  facet normal 0.725859 0 -0.687843
    outer loop
      vertex 77.9396 0.61 6.37085
      vertex 77.9396 -0.01 6.37085
      vertex 77.8931 -0.01 6.32178
    endloop
  endfacet
  facet normal 0.736507 0 -0.67643
    outer loop
      vertex 77.9852 0.61 6.4205
      vertex 77.9396 -0.01 6.37085
      vertex 77.9396 0.61 6.37085
    endloop
  endfacet
  facet normal 0.736507 0 -0.67643
    outer loop
      vertex 77.9852 0.61 6.4205
      vertex 77.9852 -0.01 6.4205
      vertex 77.9396 -0.01 6.37085
    endloop
  endfacet
  facet normal 0.749968 0 -0.661474
    outer loop
      vertex 78.0296 0.61 6.47084
      vertex 77.9852 -0.01 6.4205
      vertex 77.9852 0.61 6.4205
    endloop
  endfacet
  facet normal 0.749968 0 -0.661474
    outer loop
      vertex 78.0296 0.61 6.47084
      vertex 78.0296 -0.01 6.47084
      vertex 77.9852 -0.01 6.4205
    endloop
  endfacet
  facet normal 0.766562 0 -0.64217
    outer loop
      vertex 78.0725 0.61 6.52205
      vertex 78.0296 -0.01 6.47084
      vertex 78.0296 0.61 6.47084
    endloop
  endfacet
  facet normal 0.766562 0 -0.64217
    outer loop
      vertex 78.0725 0.61 6.52205
      vertex 78.0725 -0.01 6.52205
      vertex 78.0296 -0.01 6.47084
    endloop
  endfacet
  facet normal 0.782626 0 -0.622492
    outer loop
      vertex 78.1139 0.61 6.5741
      vertex 78.0725 -0.01 6.52205
      vertex 78.0725 0.61 6.52205
    endloop
  endfacet
  facet normal 0.782626 0 -0.622492
    outer loop
      vertex 78.1139 0.61 6.5741
      vertex 78.1139 -0.01 6.5741
      vertex 78.0725 -0.01 6.52205
    endloop
  endfacet
  facet normal 0.798203 0 -0.602389
    outer loop
      vertex 78.1538 0.61 6.62697
      vertex 78.1139 -0.01 6.5741
      vertex 78.1139 0.61 6.5741
    endloop
  endfacet
  facet normal 0.798203 0 -0.602389
    outer loop
      vertex 78.1538 0.61 6.62697
      vertex 78.1538 -0.01 6.62697
      vertex 78.1139 -0.01 6.5741
    endloop
  endfacet
  facet normal 0.812864 0 -0.582454
    outer loop
      vertex 78.1923 0.61 6.6807
      vertex 78.1538 -0.01 6.62697
      vertex 78.1538 0.61 6.62697
    endloop
  endfacet
  facet normal 0.812864 0 -0.582454
    outer loop
      vertex 78.1923 0.61 6.6807
      vertex 78.1923 -0.01 6.6807
      vertex 78.1538 -0.01 6.62697
    endloop
  endfacet
  facet normal 0.827637 0 -0.561264
    outer loop
      vertex 78.2293 0.61 6.73526
      vertex 78.1923 -0.01 6.6807
      vertex 78.1923 0.61 6.6807
    endloop
  endfacet
  facet normal 0.827637 0 -0.561264
    outer loop
      vertex 78.2293 0.61 6.73526
      vertex 78.2293 -0.01 6.73526
      vertex 78.1923 -0.01 6.6807
    endloop
  endfacet
  facet normal 0.842012 0 -0.539459
    outer loop
      vertex 78.2648 0.61 6.79067
      vertex 78.2293 -0.01 6.73526
      vertex 78.2293 0.61 6.73526
    endloop
  endfacet
  facet normal 0.842012 0 -0.539459
    outer loop
      vertex 78.2648 0.61 6.79067
      vertex 78.2648 -0.01 6.79067
      vertex 78.2293 -0.01 6.73526
    endloop
  endfacet
  facet normal 0.855729 0 -0.517425
    outer loop
      vertex 78.2988 0.61 6.8469
      vertex 78.2648 -0.01 6.79067
      vertex 78.2648 0.61 6.79067
    endloop
  endfacet
  facet normal 0.855729 0 -0.517425
    outer loop
      vertex 78.2988 0.61 6.8469
      vertex 78.2988 -0.01 6.8469
      vertex 78.2648 -0.01 6.79067
    endloop
  endfacet
  facet normal 0.868355 0 -0.495942
    outer loop
      vertex 78.3314 0.61 6.90398
      vertex 78.2988 -0.01 6.8469
      vertex 78.2988 0.61 6.8469
    endloop
  endfacet
  facet normal 0.868355 0 -0.495942
    outer loop
      vertex 78.3314 0.61 6.90398
      vertex 78.3314 -0.01 6.90398
      vertex 78.2988 -0.01 6.8469
    endloop
  endfacet
  facet normal 0.881661 0 -0.471883
    outer loop
      vertex 78.3624 0.61 6.9619
      vertex 78.3314 -0.01 6.90398
      vertex 78.3314 0.61 6.90398
    endloop
  endfacet
  facet normal 0.881661 0 -0.471883
    outer loop
      vertex 78.3624 0.61 6.9619
      vertex 78.3624 -0.01 6.9619
      vertex 78.3314 -0.01 6.90398
    endloop
  endfacet
  facet normal 0.893086 0 -0.449887
    outer loop
      vertex 78.392 0.61 7.02066
      vertex 78.3624 -0.01 6.9619
      vertex 78.3624 0.61 6.9619
    endloop
  endfacet
  facet normal 0.893086 0 -0.449887
    outer loop
      vertex 78.392 0.61 7.02066
      vertex 78.392 -0.01 7.02066
      vertex 78.3624 -0.01 6.9619
    endloop
  endfacet
  facet normal 0.908039 0 -0.418885
    outer loop
      vertex 78.4196 0.61 7.08049
      vertex 78.392 -0.01 7.02066
      vertex 78.392 0.61 7.02066
    endloop
  endfacet
  facet normal 0.908039 0 -0.418885
    outer loop
      vertex 78.4196 0.61 7.08049
      vertex 78.4196 -0.01 7.08049
      vertex 78.392 -0.01 7.02066
    endloop
  endfacet
  facet normal 0.926053 0 -0.377393
    outer loop
      vertex 78.4445 0.61 7.14159
      vertex 78.4196 -0.01 7.08049
      vertex 78.4196 0.61 7.08049
    endloop
  endfacet
  facet normal 0.926053 0 -0.377393
    outer loop
      vertex 78.4445 0.61 7.14159
      vertex 78.4445 -0.01 7.14159
      vertex 78.4196 -0.01 7.08049
    endloop
  endfacet
  facet normal 0.941639 0 -0.336623
    outer loop
      vertex 78.4668 0.61 7.20397
      vertex 78.4445 -0.01 7.14159
      vertex 78.4445 0.61 7.14159
    endloop
  endfacet
  facet normal 0.941639 0 -0.336623
    outer loop
      vertex 78.4668 0.61 7.20397
      vertex 78.4668 -0.01 7.20397
      vertex 78.4445 -0.01 7.14159
    endloop
  endfacet
  facet normal 0.955278 0 -0.29571
    outer loop
      vertex 78.4865 0.61 7.26761
      vertex 78.4668 -0.01 7.20397
      vertex 78.4668 0.61 7.20397
    endloop
  endfacet
  facet normal 0.955278 0 -0.29571
    outer loop
      vertex 78.4865 0.61 7.26761
      vertex 78.4865 -0.01 7.26761
      vertex 78.4668 -0.01 7.20397
    endloop
  endfacet
  facet normal 0.967392 0 -0.253283
    outer loop
      vertex 78.5035 0.61 7.33254
      vertex 78.4865 -0.01 7.26761
      vertex 78.4865 0.61 7.26761
    endloop
  endfacet
  facet normal 0.967392 0 -0.253283
    outer loop
      vertex 78.5035 0.61 7.33254
      vertex 78.5035 -0.01 7.33254
      vertex 78.4865 -0.01 7.26761
    endloop
  endfacet
  facet normal 0.977156 0 -0.212522
    outer loop
      vertex 78.5179 0.61 7.39875
      vertex 78.5035 -0.01 7.33254
      vertex 78.5035 0.61 7.33254
    endloop
  endfacet
  facet normal 0.977156 0 -0.212522
    outer loop
      vertex 78.5179 0.61 7.39875
      vertex 78.5179 -0.01 7.39875
      vertex 78.5035 -0.01 7.33254
    endloop
  endfacet
  facet normal 0.985057 0 -0.172228
    outer loop
      vertex 78.5297 0.61 7.46624
      vertex 78.5179 -0.01 7.39875
      vertex 78.5179 0.61 7.39875
    endloop
  endfacet
  facet normal 0.985057 0 -0.172228
    outer loop
      vertex 78.5297 0.61 7.46624
      vertex 78.5297 -0.01 7.46624
      vertex 78.5179 -0.01 7.39875
    endloop
  endfacet
  facet normal 0.991165 0 -0.132636
    outer loop
      vertex 78.5389 0.61 7.53499
      vertex 78.5297 -0.01 7.46624
      vertex 78.5297 0.61 7.46624
    endloop
  endfacet
  facet normal 0.991165 0 -0.132636
    outer loop
      vertex 78.5389 0.61 7.53499
      vertex 78.5389 -0.01 7.53499
      vertex 78.5297 -0.01 7.46624
    endloop
  endfacet
  facet normal 0.99559 0 -0.0938163
    outer loop
      vertex 78.5455 0.61 7.60503
      vertex 78.5389 -0.01 7.53499
      vertex 78.5389 0.61 7.53499
    endloop
  endfacet
  facet normal 0.99559 0 -0.0938163
    outer loop
      vertex 78.5455 0.61 7.60503
      vertex 78.5455 -0.01 7.60503
      vertex 78.5389 -0.01 7.53499
    endloop
  endfacet
  facet normal 0.998508 0 -0.0546015
    outer loop
      vertex 78.5494 0.61 7.67635
      vertex 78.5455 -0.01 7.60503
      vertex 78.5455 0.61 7.60503
    endloop
  endfacet
  facet normal 0.998508 0 -0.0546015
    outer loop
      vertex 78.5494 0.61 7.67635
      vertex 78.5494 -0.01 7.67635
      vertex 78.5455 -0.01 7.60503
    endloop
  endfacet
  facet normal 0.99984 0 -0.0179035
    outer loop
      vertex 78.5507 0.61 7.74895
      vertex 78.5494 -0.01 7.67635
      vertex 78.5494 0.61 7.67635
    endloop
  endfacet
  facet normal 0.99984 0 -0.0179035
    outer loop
      vertex 78.5507 0.61 7.74895
      vertex 78.5507 -0.01 7.74895
      vertex 78.5494 -0.01 7.67635
    endloop
  endfacet
  facet normal 0.999548 0 0.0300781
    outer loop
      vertex 78.5466 0.61 7.8852
      vertex 78.5507 -0.01 7.74895
      vertex 78.5507 0.61 7.74895
    endloop
  endfacet
  facet normal 0.999548 0 0.0300781
    outer loop
      vertex 78.5466 0.61 7.8852
      vertex 78.5466 -0.01 7.8852
      vertex 78.5507 -0.01 7.74895
    endloop
  endfacet
  facet normal 0.995595 0 0.0937587
    outer loop
      vertex 78.5343 0.61 8.01581
      vertex 78.5466 -0.01 7.8852
      vertex 78.5466 0.61 7.8852
    endloop
  endfacet
  facet normal 0.995595 0 0.0937587
    outer loop
      vertex 78.5343 0.61 8.01581
      vertex 78.5343 -0.01 8.01581
      vertex 78.5466 -0.01 7.8852
    endloop
  endfacet
  facet normal 0.986809 0 0.161888
    outer loop
      vertex 78.5138 0.61 8.14077
      vertex 78.5343 -0.01 8.01581
      vertex 78.5343 0.61 8.01581
    endloop
  endfacet
  facet normal 0.986809 0 0.161888
    outer loop
      vertex 78.5138 0.61 8.14077
      vertex 78.5138 -0.01 8.14077
      vertex 78.5343 -0.01 8.01581
    endloop
  endfacet
  facet normal 0.972261 0 0.233897
    outer loop
      vertex 78.4851 0.61 8.26007
      vertex 78.5138 -0.01 8.14077
      vertex 78.5138 0.61 8.14077
    endloop
  endfacet
  facet normal 0.972261 0 0.233897
    outer loop
      vertex 78.4851 0.61 8.26007
      vertex 78.4851 -0.01 8.26007
      vertex 78.5138 -0.01 8.14077
    endloop
  endfacet
  facet normal 0.951123 0 0.308812
    outer loop
      vertex 78.4482 0.61 8.37372
      vertex 78.4851 -0.01 8.26007
      vertex 78.4851 0.61 8.26007
    endloop
  endfacet
  facet normal 0.951123 0 0.308812
    outer loop
      vertex 78.4482 0.61 8.37372
      vertex 78.4482 -0.01 8.37372
      vertex 78.4851 -0.01 8.26007
    endloop
  endfacet
  facet normal 0.922469 0 0.38607
    outer loop
      vertex 78.403 0.61 8.48172
      vertex 78.4482 -0.01 8.37372
      vertex 78.4482 0.61 8.37372
    endloop
  endfacet
  facet normal 0.922469 0 0.38607
    outer loop
      vertex 78.403 0.61 8.48172
      vertex 78.403 -0.01 8.48172
      vertex 78.4482 -0.01 8.37372
    endloop
  endfacet
  facet normal 0.886958 0 0.461849
    outer loop
      vertex 78.3497 0.61 8.58408
      vertex 78.403 -0.01 8.48172
      vertex 78.403 0.61 8.48172
    endloop
  endfacet
  facet normal 0.886958 0 0.461849
    outer loop
      vertex 78.3497 0.61 8.58408
      vertex 78.3497 -0.01 8.58408
      vertex 78.403 -0.01 8.48172
    endloop
  endfacet
  facet normal 0.84383 0 0.53661
    outer loop
      vertex 78.2882 0.61 8.68079
      vertex 78.3497 -0.01 8.58408
      vertex 78.3497 0.61 8.58408
    endloop
  endfacet
  facet normal 0.84383 0 0.53661
    outer loop
      vertex 78.2882 0.61 8.68079
      vertex 78.2882 -0.01 8.68079
      vertex 78.3497 -0.01 8.58408
    endloop
  endfacet
  facet normal 0.793627 0 0.608404
    outer loop
      vertex 78.2184 0.61 8.77184
      vertex 78.2882 -0.01 8.68079
      vertex 78.2882 0.61 8.68079
    endloop
  endfacet
  facet normal 0.793627 0 0.608404
    outer loop
      vertex 78.2184 0.61 8.77184
      vertex 78.2184 -0.01 8.77184
      vertex 78.2882 -0.01 8.68079
    endloop
  endfacet
  facet normal 0.738882 0 0.673834
    outer loop
      vertex 78.1405 0.61 8.85726
      vertex 78.2184 -0.01 8.77184
      vertex 78.2184 0.61 8.77184
    endloop
  endfacet
  facet normal 0.738882 0 0.673834
    outer loop
      vertex 78.1405 0.61 8.85726
      vertex 78.1405 -0.01 8.85726
      vertex 78.2184 -0.01 8.77184
    endloop
  endfacet
  facet normal 0.679111 0 0.734036
    outer loop
      vertex 78.0543 0.61 8.93701
      vertex 78.1405 -0.01 8.85726
      vertex 78.1405 0.61 8.85726
    endloop
  endfacet
  facet normal 0.679111 0 0.734036
    outer loop
      vertex 78.0543 0.61 8.93701
      vertex 78.0543 -0.01 8.93701
      vertex 78.1405 -0.01 8.85726
    endloop
  endfacet
  facet normal 0.616523 0 0.787337
    outer loop
      vertex 77.9605 0.61 9.01046
      vertex 78.0543 -0.01 8.93701
      vertex 78.0543 0.61 8.93701
    endloop
  endfacet
  facet normal 0.616523 0 0.787337
    outer loop
      vertex 77.9605 0.61 9.01046
      vertex 77.9605 -0.01 9.01046
      vertex 78.0543 -0.01 8.93701
    endloop
  endfacet
  facet normal 0.550012 0 0.835157
    outer loop
      vertex 77.8596 0.61 9.07691
      vertex 77.9605 -0.01 9.01046
      vertex 77.9605 0.61 9.01046
    endloop
  endfacet
  facet normal 0.550012 0 0.835157
    outer loop
      vertex 77.8596 0.61 9.07691
      vertex 77.8596 -0.01 9.07691
      vertex 77.9605 -0.01 9.01046
    endloop
  endfacet
  facet normal 0.481888 0 0.876233
    outer loop
      vertex 77.7515 0.61 9.13636
      vertex 77.8596 -0.01 9.07691
      vertex 77.8596 0.61 9.07691
    endloop
  endfacet
  facet normal 0.481888 0 0.876233
    outer loop
      vertex 77.7515 0.61 9.13636
      vertex 77.7515 -0.01 9.13636
      vertex 77.8596 -0.01 9.07691
    endloop
  endfacet
  facet normal 0.414434 0 0.910079
    outer loop
      vertex 77.6363 0.61 9.18882
      vertex 77.7515 -0.01 9.13636
      vertex 77.7515 0.61 9.13636
    endloop
  endfacet
  facet normal 0.414434 0 0.910079
    outer loop
      vertex 77.6363 0.61 9.18882
      vertex 77.6363 -0.01 9.18882
      vertex 77.7515 -0.01 9.13636
    endloop
  endfacet
  facet normal 0.348485 0 0.937314
    outer loop
      vertex 77.514 0.61 9.23429
      vertex 77.6363 -0.01 9.18882
      vertex 77.6363 0.61 9.18882
    endloop
  endfacet
  facet normal 0.348485 0 0.937314
    outer loop
      vertex 77.514 0.61 9.23429
      vertex 77.514 -0.01 9.23429
      vertex 77.6363 -0.01 9.18882
    endloop
  endfacet
  facet normal 0.284698 0 0.958617
    outer loop
      vertex 77.3845 0.61 9.27275
      vertex 77.514 -0.01 9.23429
      vertex 77.514 0.61 9.23429
    endloop
  endfacet
  facet normal 0.284698 0 0.958617
    outer loop
      vertex 77.3845 0.61 9.27275
      vertex 77.3845 -0.01 9.27275
      vertex 77.514 -0.01 9.23429
    endloop
  endfacet
  facet normal 0.224568 0 0.974458
    outer loop
      vertex 77.2479 0.61 9.30423
      vertex 77.3845 -0.01 9.27275
      vertex 77.3845 0.61 9.27275
    endloop
  endfacet
  facet normal 0.224568 0 0.974458
    outer loop
      vertex 77.2479 0.61 9.30423
      vertex 77.2479 -0.01 9.30423
      vertex 77.3845 -0.01 9.27275
    endloop
  endfacet
  facet normal 0.167936 0 0.985798
    outer loop
      vertex 77.1042 0.61 9.32871
      vertex 77.2479 -0.01 9.30423
      vertex 77.2479 0.61 9.30423
    endloop
  endfacet
  facet normal 0.167936 0 0.985798
    outer loop
      vertex 77.1042 0.61 9.32871
      vertex 77.1042 -0.01 9.32871
      vertex 77.2479 -0.01 9.30423
    endloop
  endfacet
  facet normal 0.115069 0 0.993358
    outer loop
      vertex 76.9533 0.61 9.34619
      vertex 77.1042 -0.01 9.32871
      vertex 77.1042 0.61 9.32871
    endloop
  endfacet
  facet normal 0.115069 0 0.993358
    outer loop
      vertex 76.9533 0.61 9.34619
      vertex 76.9533 -0.01 9.34619
      vertex 77.1042 -0.01 9.32871
    endloop
  endfacet
  facet normal 0.0663094 0 0.997799
    outer loop
      vertex 76.7953 0.61 9.35669
      vertex 76.9533 -0.01 9.34619
      vertex 76.9533 0.61 9.34619
    endloop
  endfacet
  facet normal 0.0663094 0 0.997799
    outer loop
      vertex 76.7953 0.61 9.35669
      vertex 76.7953 -0.01 9.35669
      vertex 76.9533 -0.01 9.34619
    endloop
  endfacet
  facet normal 0.0211945 0 0.999775
    outer loop
      vertex 76.6302 0.61 9.36019
      vertex 76.7953 -0.01 9.35669
      vertex 76.7953 0.61 9.35669
    endloop
  endfacet
  facet normal 0.0211945 0 0.999775
    outer loop
      vertex 76.6302 0.61 9.36019
      vertex 76.6302 -0.01 9.36019
      vertex 76.7953 -0.01 9.35669
    endloop
  endfacet
  facet normal -0.0226591 0 0.999743
    outer loop
      vertex 76.4771 0.61 9.35672
      vertex 76.6302 -0.01 9.36019
      vertex 76.6302 0.61 9.36019
    endloop
  endfacet
  facet normal -0.0226591 0 0.999743
    outer loop
      vertex 76.4771 0.61 9.35672
      vertex 76.4771 -0.01 9.35672
      vertex 76.6302 -0.01 9.36019
    endloop
  endfacet
  facet normal -0.0704567 0 0.997515
    outer loop
      vertex 76.33 0.61 9.34633
      vertex 76.4771 -0.01 9.35672
      vertex 76.4771 0.61 9.35672
    endloop
  endfacet
  facet normal -0.0704567 0 0.997515
    outer loop
      vertex 76.33 0.61 9.34633
      vertex 76.33 -0.01 9.34633
      vertex 76.4771 -0.01 9.35672
    endloop
  endfacet
  facet normal -0.12175 0 0.992561
    outer loop
      vertex 76.1888 0.61 9.32901
      vertex 76.33 -0.01 9.34633
      vertex 76.33 0.61 9.34633
    endloop
  endfacet
  facet normal -0.12175 0 0.992561
    outer loop
      vertex 76.1888 0.61 9.32901
      vertex 76.1888 -0.01 9.32901
      vertex 76.33 -0.01 9.34633
    endloop
  endfacet
  facet normal -0.17635 0 0.984328
    outer loop
      vertex 76.0535 0.61 9.30477
      vertex 76.1888 -0.01 9.32901
      vertex 76.1888 0.61 9.32901
    endloop
  endfacet
  facet normal -0.17635 0 0.984328
    outer loop
      vertex 76.0535 0.61 9.30477
      vertex 76.0535 -0.01 9.30477
      vertex 76.1888 -0.01 9.32901
    endloop
  endfacet
  facet normal -0.234425 0 0.972134
    outer loop
      vertex 75.9242 0.61 9.27359
      vertex 76.0535 -0.01 9.30477
      vertex 76.0535 0.61 9.30477
    endloop
  endfacet
  facet normal -0.234425 0 0.972134
    outer loop
      vertex 75.9242 0.61 9.27359
      vertex 75.9242 -0.01 9.27359
      vertex 76.0535 -0.01 9.30477
    endloop
  endfacet
  facet normal -0.295011 0 0.955494
    outer loop
      vertex 75.8008 0.61 9.23549
      vertex 75.9242 -0.01 9.27359
      vertex 75.9242 0.61 9.27359
    endloop
  endfacet
  facet normal -0.295011 0 0.955494
    outer loop
      vertex 75.8008 0.61 9.23549
      vertex 75.8008 -0.01 9.23549
      vertex 75.9242 -0.01 9.27359
    endloop
  endfacet
  facet normal -0.358121 0 0.933675
    outer loop
      vertex 75.6834 0.61 9.19046
      vertex 75.8008 -0.01 9.23549
      vertex 75.8008 0.61 9.23549
    endloop
  endfacet
  facet normal -0.358121 0 0.933675
    outer loop
      vertex 75.6834 0.61 9.19046
      vertex 75.6834 -0.01 9.19046
      vertex 75.8008 -0.01 9.23549
    endloop
  endfacet
  facet normal -0.42264 0 0.906297
    outer loop
      vertex 75.572 0.61 9.13851
      vertex 75.6834 -0.01 9.19046
      vertex 75.6834 0.61 9.19046
    endloop
  endfacet
  facet normal -0.42264 0 0.906297
    outer loop
      vertex 75.572 0.61 9.13851
      vertex 75.572 -0.01 9.13851
      vertex 75.6834 -0.01 9.19046
    endloop
  endfacet
  facet normal -0.48728 0 0.873246
    outer loop
      vertex 75.4665 0.61 9.07964
      vertex 75.572 -0.01 9.13851
      vertex 75.572 0.61 9.13851
    endloop
  endfacet
  facet normal -0.48728 0 0.873246
    outer loop
      vertex 75.4665 0.61 9.07964
      vertex 75.4665 -0.01 9.07964
      vertex 75.572 -0.01 9.13851
    endloop
  endfacet
  facet normal -0.551274 0 0.834324
    outer loop
      vertex 75.3669 0.61 9.01383
      vertex 75.4665 -0.01 9.07964
      vertex 75.4665 0.61 9.07964
    endloop
  endfacet
  facet normal -0.551274 0 0.834324
    outer loop
      vertex 75.3669 0.61 9.01383
      vertex 75.3669 -0.01 9.01383
      vertex 75.4665 -0.01 9.07964
    endloop
  endfacet
  facet normal -0.613625 0 0.789597
    outer loop
      vertex 75.2733 0.61 8.94109
      vertex 75.3669 -0.01 9.01383
      vertex 75.3669 0.61 9.01383
    endloop
  endfacet
  facet normal -0.613625 0 0.789597
    outer loop
      vertex 75.2733 0.61 8.94109
      vertex 75.2733 -0.01 8.94109
      vertex 75.3669 -0.01 9.01383
    endloop
  endfacet
  facet normal -0.67247 0 0.740124
    outer loop
      vertex 75.186 0.61 8.86177
      vertex 75.2733 -0.01 8.94109
      vertex 75.2733 0.61 8.94109
    endloop
  endfacet
  facet normal -0.67247 0 0.740124
    outer loop
      vertex 75.186 0.61 8.86177
      vertex 75.186 -0.01 8.86177
      vertex 75.2733 -0.01 8.94109
    endloop
  endfacet
  facet normal -0.727506 0 0.686102
    outer loop
      vertex 75.1053 0.61 8.7762
      vertex 75.186 -0.01 8.86177
      vertex 75.186 0.61 8.86177
    endloop
  endfacet
  facet normal -0.727506 0 0.686102
    outer loop
      vertex 75.1053 0.61 8.7762
      vertex 75.1053 -0.01 8.7762
      vertex 75.186 -0.01 8.86177
    endloop
  endfacet
  facet normal -0.778647 0 0.627462
    outer loop
      vertex 75.0313 0.61 8.68437
      vertex 75.1053 -0.01 8.7762
      vertex 75.1053 0.61 8.7762
    endloop
  endfacet
  facet normal -0.778647 0 0.627462
    outer loop
      vertex 75.0313 0.61 8.68437
      vertex 75.0313 -0.01 8.68437
      vertex 75.1053 -0.01 8.7762
    endloop
  endfacet
  facet normal -0.823767 0 0.566928
    outer loop
      vertex 74.9638 0.61 8.58629
      vertex 75.0313 -0.01 8.68437
      vertex 75.0313 0.61 8.68437
    endloop
  endfacet
  facet normal -0.823767 0 0.566928
    outer loop
      vertex 74.9638 0.61 8.58629
      vertex 74.9638 -0.01 8.58629
      vertex 75.0313 -0.01 8.68437
    endloop
  endfacet
  facet normal -0.864034 0 0.503433
    outer loop
      vertex 74.903 0.61 8.48194
      vertex 74.9638 -0.01 8.58629
      vertex 74.9638 0.61 8.58629
    endloop
  endfacet
  facet normal -0.864034 0 0.503433
    outer loop
      vertex 74.903 0.61 8.48194
      vertex 74.903 -0.01 8.48194
      vertex 74.9638 -0.01 8.58629
    endloop
  endfacet
  facet normal -0.897971 0 0.440055
    outer loop
      vertex 74.8488 0.61 8.37134
      vertex 74.903 -0.01 8.48194
      vertex 74.903 0.61 8.48194
    endloop
  endfacet
  facet normal -0.897971 0 0.440055
    outer loop
      vertex 74.8488 0.61 8.37134
      vertex 74.8488 -0.01 8.37134
      vertex 74.903 -0.01 8.48194
    endloop
  endfacet
  facet normal -0.926384 0 0.376579
    outer loop
      vertex 74.8013 0.61 8.25449
      vertex 74.8488 -0.01 8.37134
      vertex 74.8488 0.61 8.37134
    endloop
  endfacet
  facet normal -0.926384 0 0.376579
    outer loop
      vertex 74.8013 0.61 8.25449
      vertex 74.8013 -0.01 8.25449
      vertex 74.8488 -0.01 8.37134
    endloop
  endfacet
  facet normal -0.948768 0 0.315973
    outer loop
      vertex 74.7603 0.61 8.13138
      vertex 74.8013 -0.01 8.25449
      vertex 74.8013 0.61 8.25449
    endloop
  endfacet
  facet normal -0.948768 0 0.315973
    outer loop
      vertex 74.7603 0.61 8.13138
      vertex 74.7603 -0.01 8.13138
      vertex 74.8013 -0.01 8.25449
    endloop
  endfacet
  facet normal -0.966599 0 0.256295
    outer loop
      vertex 74.726 0.61 8.00202
      vertex 74.7603 -0.01 8.13138
      vertex 74.7603 0.61 8.13138
    endloop
  endfacet
  facet normal -0.966599 0 0.256295
    outer loop
      vertex 74.726 0.61 8.00202
      vertex 74.726 -0.01 8.00202
      vertex 74.7603 -0.01 8.13138
    endloop
  endfacet
  facet normal -0.979772 0 0.200116
    outer loop
      vertex 74.6983 0.61 7.8664
      vertex 74.726 -0.01 8.00202
      vertex 74.726 0.61 8.00202
    endloop
  endfacet
  facet normal -0.979772 0 0.200116
    outer loop
      vertex 74.6983 0.61 7.8664
      vertex 74.6983 -0.01 7.8664
      vertex 74.726 -0.01 8.00202
    endloop
  endfacet
  facet normal -0.989122 0 0.147099
    outer loop
      vertex 74.6772 0.61 7.72452
      vertex 74.6983 -0.01 7.8664
      vertex 74.6983 0.61 7.8664
    endloop
  endfacet
  facet normal -0.989122 0 0.147099
    outer loop
      vertex 74.6772 0.61 7.72452
      vertex 74.6772 -0.01 7.72452
      vertex 74.6983 -0.01 7.8664
    endloop
  endfacet
  facet normal -0.0564362 0 -0.998406
    outer loop
      vertex 75.8287 0.61 7.65943
      vertex 74.6772 -0.01 7.72452
      vertex 74.6772 0.61 7.72452
    endloop
  endfacet
  facet normal -0.0564362 -0 -0.998406
    outer loop
      vertex 75.8287 0.61 7.65943
      vertex 75.8287 -0.01 7.65943
      vertex 74.6772 -0.01 7.72452
    endloop
  endfacet
  facet normal 0.98682 0 -0.16182
    outer loop
      vertex 75.8402 0.61 7.72956
      vertex 75.8287 -0.01 7.65943
      vertex 75.8287 0.61 7.65943
    endloop
  endfacet
  facet normal 0.98682 0 -0.16182
    outer loop
      vertex 75.8402 0.61 7.72956
      vertex 75.8402 -0.01 7.72956
      vertex 75.8287 -0.01 7.65943
    endloop
  endfacet
  facet normal 0.979646 0 -0.200735
    outer loop
      vertex 75.8539 0.61 7.79642
      vertex 75.8402 -0.01 7.72956
      vertex 75.8402 0.61 7.72956
    endloop
  endfacet
  facet normal 0.979646 0 -0.200735
    outer loop
      vertex 75.8539 0.61 7.79642
      vertex 75.8539 -0.01 7.79642
      vertex 75.8402 -0.01 7.72956
    endloop
  endfacet
  facet normal 0.969792 0 -0.243934
    outer loop
      vertex 75.8699 0.61 7.86003
      vertex 75.8539 -0.01 7.79642
      vertex 75.8539 0.61 7.79642
    endloop
  endfacet
  facet normal 0.969792 0 -0.243934
    outer loop
      vertex 75.8699 0.61 7.86003
      vertex 75.8699 -0.01 7.86003
      vertex 75.8539 -0.01 7.79642
    endloop
  endfacet
  facet normal 0.956958 0 -0.290227
    outer loop
      vertex 75.8882 0.61 7.92037
      vertex 75.8699 -0.01 7.86003
      vertex 75.8699 0.61 7.86003
    endloop
  endfacet
  facet normal 0.956958 0 -0.290227
    outer loop
      vertex 75.8882 0.61 7.92037
      vertex 75.8882 -0.01 7.92037
      vertex 75.8699 -0.01 7.86003
    endloop
  endfacet
  facet normal 0.941144 0 -0.338007
    outer loop
      vertex 75.9087 0.61 7.97745
      vertex 75.8882 -0.01 7.92037
      vertex 75.8882 0.61 7.92037
    endloop
  endfacet
  facet normal 0.941144 0 -0.338007
    outer loop
      vertex 75.9087 0.61 7.97745
      vertex 75.9087 -0.01 7.97745
      vertex 75.8882 -0.01 7.92037
    endloop
  endfacet
  facet normal 0.921397 0 -0.388623
    outer loop
      vertex 75.9314 0.61 8.03127
      vertex 75.9087 -0.01 7.97745
      vertex 75.9087 0.61 7.97745
    endloop
  endfacet
  facet normal 0.921397 0 -0.388623
    outer loop
      vertex 75.9314 0.61 8.03127
      vertex 75.9314 -0.01 8.03127
      vertex 75.9087 -0.01 7.97745
    endloop
  endfacet
  facet normal 0.896439 0 -0.443167
    outer loop
      vertex 75.9564 0.61 8.08184
      vertex 75.9314 -0.01 8.03127
      vertex 75.9314 0.61 8.03127
    endloop
  endfacet
  facet normal 0.896439 0 -0.443167
    outer loop
      vertex 75.9564 0.61 8.08184
      vertex 75.9564 -0.01 8.08184
      vertex 75.9314 -0.01 8.03127
    endloop
  endfacet
  facet normal 0.866003 0 -0.50004
    outer loop
      vertex 75.9837 0.61 8.12912
      vertex 75.9564 -0.01 8.08184
      vertex 75.9564 0.61 8.08184
    endloop
  endfacet
  facet normal 0.866003 0 -0.50004
    outer loop
      vertex 75.9837 0.61 8.12912
      vertex 75.9837 -0.01 8.12912
      vertex 75.9564 -0.01 8.08184
    endloop
  endfacet
  facet normal 0.830829 0 -0.556527
    outer loop
      vertex 76.0132 0.61 8.17316
      vertex 75.9837 -0.01 8.12912
      vertex 75.9837 0.61 8.12912
    endloop
  endfacet
  facet normal 0.830829 0 -0.556527
    outer loop
      vertex 76.0132 0.61 8.17316
      vertex 76.0132 -0.01 8.17316
      vertex 75.9837 -0.01 8.12912
    endloop
  endfacet
  facet normal 0.788508 0 -0.615025
    outer loop
      vertex 76.045 0.61 8.21393
      vertex 76.0132 -0.01 8.17316
      vertex 76.0132 0.61 8.17316
    endloop
  endfacet
  facet normal 0.788508 0 -0.615025
    outer loop
      vertex 76.045 0.61 8.21393
      vertex 76.045 -0.01 8.21393
      vertex 76.0132 -0.01 8.17316
    endloop
  endfacet
  facet normal 0.741012 0 -0.671492
    outer loop
      vertex 76.079 0.61 8.25145
      vertex 76.045 -0.01 8.21393
      vertex 76.045 0.61 8.21393
    endloop
  endfacet
  facet normal 0.741012 0 -0.671492
    outer loop
      vertex 76.079 0.61 8.25145
      vertex 76.079 -0.01 8.25145
      vertex 76.045 -0.01 8.21393
    endloop
  endfacet
  facet normal 0.684167 0 -0.729325
    outer loop
      vertex 76.1155 0.61 8.28569
      vertex 76.079 -0.01 8.25145
      vertex 76.079 0.61 8.25145
    endloop
  endfacet
  facet normal 0.684167 0 -0.729325
    outer loop
      vertex 76.1155 0.61 8.28569
      vertex 76.1155 -0.01 8.28569
      vertex 76.079 -0.01 8.25145
    endloop
  endfacet
  facet normal 0.617258 0 -0.78676
    outer loop
      vertex 76.155 0.61 8.31668
      vertex 76.1155 -0.01 8.28569
      vertex 76.1155 0.61 8.28569
    endloop
  endfacet
  facet normal 0.617258 0 -0.78676
    outer loop
      vertex 76.155 0.61 8.31668
      vertex 76.155 -0.01 8.31668
      vertex 76.1155 -0.01 8.28569
    endloop
  endfacet
  facet normal 0.549158 0 -0.835718
    outer loop
      vertex 76.1972 0.61 8.34441
      vertex 76.155 -0.01 8.31668
      vertex 76.155 0.61 8.31668
    endloop
  endfacet
  facet normal 0.549158 0 -0.835718
    outer loop
      vertex 76.1972 0.61 8.34441
      vertex 76.1972 -0.01 8.34441
      vertex 76.155 -0.01 8.31668
    endloop
  endfacet
  facet normal 0.475932 0 -0.879482
    outer loop
      vertex 76.2424 0.61 8.36887
      vertex 76.1972 -0.01 8.34441
      vertex 76.1972 0.61 8.34441
    endloop
  endfacet
  facet normal 0.475932 0 -0.879482
    outer loop
      vertex 76.2424 0.61 8.36887
      vertex 76.2424 -0.01 8.36887
      vertex 76.1972 -0.01 8.34441
    endloop
  endfacet
  facet normal 0.404175 0 -0.914682
    outer loop
      vertex 76.2904 0.61 8.39008
      vertex 76.2424 -0.01 8.36887
      vertex 76.2424 0.61 8.36887
    endloop
  endfacet
  facet normal 0.404175 0 -0.914682
    outer loop
      vertex 76.2904 0.61 8.39008
      vertex 76.2904 -0.01 8.39008
      vertex 76.2424 -0.01 8.36887
    endloop
  endfacet
  facet normal 0.33283 0 -0.942987
    outer loop
      vertex 76.3412 0.61 8.40801
      vertex 76.2904 -0.01 8.39008
      vertex 76.2904 0.61 8.39008
    endloop
  endfacet
  facet normal 0.33283 0 -0.942987
    outer loop
      vertex 76.3412 0.61 8.40801
      vertex 76.3412 -0.01 8.40801
      vertex 76.2904 -0.01 8.39008
    endloop
  endfacet
  facet normal 0.263239 0 -0.964731
    outer loop
      vertex 76.395 0.61 8.42269
      vertex 76.3412 -0.01 8.40801
      vertex 76.3412 0.61 8.40801
    endloop
  endfacet
  facet normal 0.263239 0 -0.964731
    outer loop
      vertex 76.395 0.61 8.42269
      vertex 76.395 -0.01 8.42269
      vertex 76.3412 -0.01 8.40801
    endloop
  endfacet
  facet normal 0.198284 0 -0.980145
    outer loop
      vertex 76.4515 0.61 8.43412
      vertex 76.395 -0.01 8.42269
      vertex 76.395 0.61 8.42269
    endloop
  endfacet
  facet normal 0.198284 0 -0.980145
    outer loop
      vertex 76.4515 0.61 8.43412
      vertex 76.4515 -0.01 8.43412
      vertex 76.395 -0.01 8.42269
    endloop
  endfacet
  facet normal 0.135544 0 -0.990771
    outer loop
      vertex 76.511 0.61 8.44226
      vertex 76.4515 -0.01 8.43412
      vertex 76.4515 0.61 8.43412
    endloop
  endfacet
  facet normal 0.135544 0 -0.990771
    outer loop
      vertex 76.511 0.61 8.44226
      vertex 76.511 -0.01 8.44226
      vertex 76.4515 -0.01 8.43412
    endloop
  endfacet
  facet normal 0.0785348 0 -0.996911
    outer loop
      vertex 76.5732 0.61 8.44716
      vertex 76.511 -0.01 8.44226
      vertex 76.511 0.61 8.44226
    endloop
  endfacet
  facet normal 0.0785348 0 -0.996911
    outer loop
      vertex 76.5732 0.61 8.44716
      vertex 76.5732 -0.01 8.44716
      vertex 76.511 -0.01 8.44226
    endloop
  endfacet
  facet normal 0.0249922 0 -0.999688
    outer loop
      vertex 76.6384 0.61 8.44879
      vertex 76.5732 -0.01 8.44716
      vertex 76.5732 0.61 8.44716
    endloop
  endfacet
  facet normal 0.0249922 0 -0.999688
    outer loop
      vertex 76.6384 0.61 8.44879
      vertex 76.6384 -0.01 8.44879
      vertex 76.5732 -0.01 8.44716
    endloop
  endfacet
  facet normal -0.0473435 0 -0.998879
    outer loop
      vertex 76.769 0.61 8.4426
      vertex 76.6384 -0.01 8.44879
      vertex 76.6384 0.61 8.44879
    endloop
  endfacet
  facet normal -0.0473435 -0 -0.998879
    outer loop
      vertex 76.769 0.61 8.4426
      vertex 76.769 -0.01 8.4426
      vertex 76.6384 -0.01 8.44879
    endloop
  endfacet
  facet normal -0.155121 0 -0.987895
    outer loop
      vertex 76.8872 0.61 8.42404
      vertex 76.769 -0.01 8.4426
      vertex 76.769 0.61 8.4426
    endloop
  endfacet
  facet normal -0.155121 -0 -0.987895
    outer loop
      vertex 76.8872 0.61 8.42404
      vertex 76.8872 -0.01 8.42404
      vertex 76.769 -0.01 8.4426
    endloop
  endfacet
  facet normal -0.280683 0 -0.959801
    outer loop
      vertex 76.993 0.61 8.3931
      vertex 76.8872 -0.01 8.42404
      vertex 76.8872 0.61 8.42404
    endloop
  endfacet
  facet normal -0.280683 -0 -0.959801
    outer loop
      vertex 76.993 0.61 8.3931
      vertex 76.993 -0.01 8.3931
      vertex 76.8872 -0.01 8.42404
    endloop
  endfacet
  facet normal -0.420968 0 -0.907075
    outer loop
      vertex 77.0863 0.61 8.3498
      vertex 76.993 -0.01 8.3931
      vertex 76.993 0.61 8.3931
    endloop
  endfacet
  facet normal -0.420968 -0 -0.907075
    outer loop
      vertex 77.0863 0.61 8.3498
      vertex 77.0863 -0.01 8.3498
      vertex 76.993 -0.01 8.3931
    endloop
  endfacet
  facet normal -0.56709 0 -0.823656
    outer loop
      vertex 77.1672 0.61 8.2941
      vertex 77.0863 -0.01 8.3498
      vertex 77.0863 0.61 8.3498
    endloop
  endfacet
  facet normal -0.56709 -0 -0.823656
    outer loop
      vertex 77.1672 0.61 8.2941
      vertex 77.1672 -0.01 8.2941
      vertex 77.0863 -0.01 8.3498
    endloop
  endfacet
  facet normal -0.705291 0 -0.708918
    outer loop
      vertex 77.2356 0.61 8.22605
      vertex 77.1672 -0.01 8.2941
      vertex 77.1672 0.61 8.2941
    endloop
  endfacet
  facet normal -0.705291 -0 -0.708918
    outer loop
      vertex 77.2356 0.61 8.22605
      vertex 77.2356 -0.01 8.22605
      vertex 77.1672 -0.01 8.2941
    endloop
  endfacet
  facet normal -0.820739 0 -0.571304
    outer loop
      vertex 77.2916 0.61 8.1456
      vertex 77.2356 -0.01 8.22605
      vertex 77.2356 0.61 8.22605
    endloop
  endfacet
  facet normal -0.820739 -0 -0.571304
    outer loop
      vertex 77.2916 0.61 8.1456
      vertex 77.2916 -0.01 8.1456
      vertex 77.2356 -0.01 8.22605
    endloop
  endfacet
  facet normal -0.905459 0 -0.424434
    outer loop
      vertex 77.3351 0.61 8.0528
      vertex 77.2916 -0.01 8.1456
      vertex 77.2916 0.61 8.1456
    endloop
  endfacet
  facet normal -0.905459 -0 -0.424434
    outer loop
      vertex 77.3351 0.61 8.0528
      vertex 77.3351 -0.01 8.0528
      vertex 77.2916 -0.01 8.1456
    endloop
  endfacet
  facet normal -0.958973 0 -0.283499
    outer loop
      vertex 77.3662 0.61 7.9476
      vertex 77.3351 -0.01 8.0528
      vertex 77.3351 0.61 8.0528
    endloop
  endfacet
  facet normal -0.958973 -0 -0.283499
    outer loop
      vertex 77.3662 0.61 7.9476
      vertex 77.3662 -0.01 7.9476
      vertex 77.3351 -0.01 8.0528
    endloop
  endfacet
  facet normal -0.987582 0 -0.157106
    outer loop
      vertex 77.3849 0.61 7.83005
      vertex 77.3662 -0.01 7.9476
      vertex 77.3662 0.61 7.9476
    endloop
  endfacet
  facet normal -0.987582 -0 -0.157106
    outer loop
      vertex 77.3849 0.61 7.83005
      vertex 77.3849 -0.01 7.83005
      vertex 77.3662 -0.01 7.9476
    endloop
  endfacet
  facet normal -0.998864 0 -0.0476601
    outer loop
      vertex 77.3911 0.61 7.70011
      vertex 77.3849 -0.01 7.83005
      vertex 77.3849 0.61 7.83005
    endloop
  endfacet
  facet normal -0.998864 -0 -0.0476601
    outer loop
      vertex 77.3911 0.61 7.70011
      vertex 77.3911 -0.01 7.70011
      vertex 77.3849 -0.01 7.83005
    endloop
  endfacet
  facet normal -0.999353 0 0.0359544
    outer loop
      vertex 77.3891 0.61 7.64452
      vertex 77.3911 -0.01 7.70011
      vertex 77.3911 0.61 7.70011
    endloop
  endfacet
  facet normal -0.999353 0 0.0359544
    outer loop
      vertex 77.3891 0.61 7.64452
      vertex 77.3891 -0.01 7.64452
      vertex 77.3911 -0.01 7.70011
    endloop
  endfacet
  facet normal -0.994267 0 0.10693
    outer loop
      vertex 77.3831 0.61 7.58873
      vertex 77.3891 -0.01 7.64452
      vertex 77.3891 0.61 7.64452
    endloop
  endfacet
  facet normal -0.994267 0 0.10693
    outer loop
      vertex 77.3831 0.61 7.58873
      vertex 77.3831 -0.01 7.58873
      vertex 77.3891 -0.01 7.64452
    endloop
  endfacet
  facet normal -0.984417 0 0.175852
    outer loop
      vertex 77.3731 0.61 7.53275
      vertex 77.3831 -0.01 7.58873
      vertex 77.3831 0.61 7.58873
    endloop
  endfacet
  facet normal -0.984417 0 0.175852
    outer loop
      vertex 77.3731 0.61 7.53275
      vertex 77.3731 -0.01 7.53275
      vertex 77.3831 -0.01 7.58873
    endloop
  endfacet
  facet normal -0.970325 0 0.241804
    outer loop
      vertex 77.3591 0.61 7.47657
      vertex 77.3731 -0.01 7.53275
      vertex 77.3731 0.61 7.53275
    endloop
  endfacet
  facet normal -0.970325 0 0.241804
    outer loop
      vertex 77.3591 0.61 7.47657
      vertex 77.3591 -0.01 7.47657
      vertex 77.3731 -0.01 7.53275
    endloop
  endfacet
  facet normal -0.952659 0 0.30404
    outer loop
      vertex 77.3411 0.61 7.42017
      vertex 77.3591 -0.01 7.47657
      vertex 77.3591 0.61 7.47657
    endloop
  endfacet
  facet normal -0.952659 0 0.30404
    outer loop
      vertex 77.3411 0.61 7.42017
      vertex 77.3411 -0.01 7.42017
      vertex 77.3591 -0.01 7.47657
    endloop
  endfacet
  facet normal -0.932066 0 0.362287
    outer loop
      vertex 77.3191 0.61 7.36357
      vertex 77.3411 -0.01 7.42017
      vertex 77.3411 0.61 7.42017
    endloop
  endfacet
  facet normal -0.932066 0 0.362287
    outer loop
      vertex 77.3191 0.61 7.36357
      vertex 77.3191 -0.01 7.36357
      vertex 77.3411 -0.01 7.42017
    endloop
  endfacet
  facet normal -0.909184 0 0.416396
    outer loop
      vertex 77.2931 0.61 7.3068
      vertex 77.3191 -0.01 7.36357
      vertex 77.3191 0.61 7.36357
    endloop
  endfacet
  facet normal -0.909184 0 0.416396
    outer loop
      vertex 77.2931 0.61 7.3068
      vertex 77.2931 -0.01 7.3068
      vertex 77.3191 -0.01 7.36357
    endloop
  endfacet
  facet normal -0.884312 0 0.466897
    outer loop
      vertex 77.263 0.61 7.24979
      vertex 77.2931 -0.01 7.3068
      vertex 77.2931 0.61 7.3068
    endloop
  endfacet
  facet normal -0.884312 0 0.466897
    outer loop
      vertex 77.263 0.61 7.24979
      vertex 77.263 -0.01 7.24979
      vertex 77.2931 -0.01 7.3068
    endloop
  endfacet
  facet normal -0.859568 0 0.511021
    outer loop
      vertex 77.229 0.61 7.1926
      vertex 77.263 -0.01 7.24979
      vertex 77.263 0.61 7.24979
    endloop
  endfacet
  facet normal -0.859568 0 0.511021
    outer loop
      vertex 77.229 0.61 7.1926
      vertex 77.229 -0.01 7.1926
      vertex 77.263 -0.01 7.24979
    endloop
  endfacet
  facet normal -0.83379 0 0.552082
    outer loop
      vertex 77.191 0.61 7.13521
      vertex 77.229 -0.01 7.1926
      vertex 77.229 0.61 7.1926
    endloop
  endfacet
  facet normal -0.83379 0 0.552082
    outer loop
      vertex 77.191 0.61 7.13521
      vertex 77.191 -0.01 7.13521
      vertex 77.229 -0.01 7.1926
    endloop
  endfacet
  facet normal -0.808008 0 0.589172
    outer loop
      vertex 77.149 0.61 7.07761
      vertex 77.191 -0.01 7.13521
      vertex 77.191 0.61 7.13521
    endloop
  endfacet
  facet normal -0.808008 0 0.589172
    outer loop
      vertex 77.149 0.61 7.07761
      vertex 77.149 -0.01 7.07761
      vertex 77.191 -0.01 7.13521
    endloop
  endfacet
  facet normal -0.782726 0 0.622367
    outer loop
      vertex 77.102 0.61 7.0185
      vertex 77.149 -0.01 7.07761
      vertex 77.149 0.61 7.07761
    endloop
  endfacet
  facet normal -0.782726 0 0.622367
    outer loop
      vertex 77.102 0.61 7.0185
      vertex 77.102 -0.01 7.0185
      vertex 77.149 -0.01 7.07761
    endloop
  endfacet
  facet normal -0.760417 0 0.649436
    outer loop
      vertex 77.0491 0.61 6.95656
      vertex 77.102 -0.01 7.0185
      vertex 77.102 0.61 7.0185
    endloop
  endfacet
  facet normal -0.760417 0 0.649436
    outer loop
      vertex 77.0491 0.61 6.95656
      vertex 77.0491 -0.01 6.95656
      vertex 77.102 -0.01 7.0185
    endloop
  endfacet
  facet normal -0.739785 0 0.672843
    outer loop
      vertex 76.9902 0.61 6.8918
      vertex 77.0491 -0.01 6.95656
      vertex 77.0491 0.61 6.95656
    endloop
  endfacet
  facet normal -0.739785 0 0.672843
    outer loop
      vertex 76.9902 0.61 6.8918
      vertex 76.9902 -0.01 6.8918
      vertex 77.0491 -0.01 6.95656
    endloop
  endfacet
  facet normal -0.721315 0 0.692607
    outer loop
      vertex 76.9253 0.61 6.82421
      vertex 76.9902 -0.01 6.8918
      vertex 76.9902 0.61 6.8918
    endloop
  endfacet
  facet normal -0.721315 0 0.692607
    outer loop
      vertex 76.9253 0.61 6.82421
      vertex 76.9253 -0.01 6.82421
      vertex 76.9902 -0.01 6.8918
    endloop
  endfacet
  facet normal -0.705151 0 0.709057
    outer loop
      vertex 76.8545 0.61 6.7538
      vertex 76.9253 -0.01 6.82421
      vertex 76.9253 0.61 6.82421
    endloop
  endfacet
  facet normal -0.705151 0 0.709057
    outer loop
      vertex 76.8545 0.61 6.7538
      vertex 76.8545 -0.01 6.7538
      vertex 76.9253 -0.01 6.82421
    endloop
  endfacet
  facet normal -0.690606 0 0.723231
    outer loop
      vertex 76.7778 0.61 6.68056
      vertex 76.8545 -0.01 6.7538
      vertex 76.8545 0.61 6.7538
    endloop
  endfacet
  facet normal -0.690606 0 0.723231
    outer loop
      vertex 76.7778 0.61 6.68056
      vertex 76.7778 -0.01 6.68056
      vertex 76.8545 -0.01 6.7538
    endloop
  endfacet
  facet normal -0.676941 0 0.736037
    outer loop
      vertex 76.6951 0.61 6.6045
      vertex 76.7778 -0.01 6.68056
      vertex 76.7778 0.61 6.68056
    endloop
  endfacet
  facet normal -0.676941 0 0.736037
    outer loop
      vertex 76.6951 0.61 6.6045
      vertex 76.6951 -0.01 6.6045
      vertex 76.7778 -0.01 6.68056
    endloop
  endfacet
  facet normal -0.664578 0 0.747219
    outer loop
      vertex 76.6064 0.61 6.52561
      vertex 76.6951 -0.01 6.6045
      vertex 76.6951 0.61 6.6045
    endloop
  endfacet
  facet normal -0.664578 0 0.747219
    outer loop
      vertex 76.6064 0.61 6.52561
      vertex 76.6064 -0.01 6.52561
      vertex 76.6951 -0.01 6.6045
    endloop
  endfacet
  facet normal -0.65362 0 0.756823
    outer loop
      vertex 76.5118 0.61 6.44391
      vertex 76.6064 -0.01 6.52561
      vertex 76.6064 0.61 6.52561
    endloop
  endfacet
  facet normal -0.65362 0 0.756823
    outer loop
      vertex 76.5118 0.61 6.44391
      vertex 76.5118 -0.01 6.44391
      vertex 76.6064 -0.01 6.52561
    endloop
  endfacet
  facet normal -0.643772 0 0.765217
    outer loop
      vertex 76.4113 0.61 6.35936
      vertex 76.5118 -0.01 6.44391
      vertex 76.5118 0.61 6.44391
    endloop
  endfacet
  facet normal -0.643772 0 0.765217
    outer loop
      vertex 76.4113 0.61 6.35936
      vertex 76.4113 -0.01 6.35936
      vertex 76.5118 -0.01 6.44391
    endloop
  endfacet
  facet normal -0.633811 0 0.773488
    outer loop
      vertex 76.3047 0.61 6.27201
      vertex 76.4113 -0.01 6.35936
      vertex 76.4113 0.61 6.35936
    endloop
  endfacet
  facet normal -0.633811 0 0.773488
    outer loop
      vertex 76.3047 0.61 6.27201
      vertex 76.3047 -0.01 6.27201
      vertex 76.4113 -0.01 6.35936
    endloop
  endfacet
  facet normal -0.634977 0 0.772531
    outer loop
      vertex 76.1926 0.61 6.17987
      vertex 76.3047 -0.01 6.27201
      vertex 76.3047 0.61 6.27201
    endloop
  endfacet
  facet normal -0.634977 0 0.772531
    outer loop
      vertex 76.1926 0.61 6.17987
      vertex 76.1926 -0.01 6.17987
      vertex 76.3047 -0.01 6.27201
    endloop
  endfacet
  facet normal -0.644166 0 0.764886
    outer loop
      vertex 76.084 0.61 6.08841
      vertex 76.1926 -0.01 6.17987
      vertex 76.1926 0.61 6.17987
    endloop
  endfacet
  facet normal -0.644166 0 0.764886
    outer loop
      vertex 76.084 0.61 6.08841
      vertex 76.084 -0.01 6.08841
      vertex 76.1926 -0.01 6.17987
    endloop
  endfacet
  facet normal -0.65371 0 0.756745
    outer loop
      vertex 75.9789 0.61 5.99762
      vertex 76.084 -0.01 6.08841
      vertex 76.084 0.61 6.08841
    endloop
  endfacet
  facet normal -0.65371 0 0.756745
    outer loop
      vertex 75.9789 0.61 5.99762
      vertex 75.9789 -0.01 5.99762
      vertex 76.084 -0.01 6.08841
    endloop
  endfacet
  facet normal -0.663495 0 0.748181
    outer loop
      vertex 75.8773 0.61 5.90752
      vertex 75.9789 -0.01 5.99762
      vertex 75.9789 0.61 5.99762
    endloop
  endfacet
  facet normal -0.663495 0 0.748181
    outer loop
      vertex 75.8773 0.61 5.90752
      vertex 75.8773 -0.01 5.90752
      vertex 75.9789 -0.01 5.99762
    endloop
  endfacet
  facet normal -0.674153 0 0.738592
    outer loop
      vertex 75.7793 0.61 5.81807
      vertex 75.8773 -0.01 5.90752
      vertex 75.8773 0.61 5.90752
    endloop
  endfacet
  facet normal -0.674153 0 0.738592
    outer loop
      vertex 75.7793 0.61 5.81807
      vertex 75.7793 -0.01 5.81807
      vertex 75.8773 -0.01 5.90752
    endloop
  endfacet
  facet normal -0.684664 0 0.728859
    outer loop
      vertex 75.6848 0.61 5.7293
      vertex 75.7793 -0.01 5.81807
      vertex 75.7793 0.61 5.81807
    endloop
  endfacet
  facet normal -0.684664 0 0.728859
    outer loop
      vertex 75.6848 0.61 5.7293
      vertex 75.6848 -0.01 5.7293
      vertex 75.7793 -0.01 5.81807
    endloop
  endfacet
  facet normal -0.695607 0 0.718423
    outer loop
      vertex 75.5938 0.61 5.64119
      vertex 75.6848 -0.01 5.7293
      vertex 75.6848 0.61 5.7293
    endloop
  endfacet
  facet normal -0.695607 0 0.718423
    outer loop
      vertex 75.5938 0.61 5.64119
      vertex 75.5938 -0.01 5.64119
      vertex 75.6848 -0.01 5.7293
    endloop
  endfacet
  facet normal -0.706824 0 0.70739
    outer loop
      vertex 75.5063 0.61 5.55376
      vertex 75.5938 -0.01 5.64119
      vertex 75.5938 0.61 5.64119
    endloop
  endfacet
  facet normal -0.706824 0 0.70739
    outer loop
      vertex 75.5063 0.61 5.55376
      vertex 75.5063 -0.01 5.55376
      vertex 75.5938 -0.01 5.64119
    endloop
  endfacet
  facet normal -0.718856 0 0.695159
    outer loop
      vertex 75.4224 0.61 5.467
      vertex 75.5063 -0.01 5.55376
      vertex 75.5063 0.61 5.55376
    endloop
  endfacet
  facet normal -0.718856 0 0.695159
    outer loop
      vertex 75.4224 0.61 5.467
      vertex 75.4224 -0.01 5.467
      vertex 75.5063 -0.01 5.55376
    endloop
  endfacet
  facet normal -0.730807 0 0.682584
    outer loop
      vertex 75.342 0.61 5.38092
      vertex 75.4224 -0.01 5.467
      vertex 75.4224 0.61 5.467
    endloop
  endfacet
  facet normal -0.730807 0 0.682584
    outer loop
      vertex 75.342 0.61 5.38092
      vertex 75.342 -0.01 5.38092
      vertex 75.4224 -0.01 5.467
    endloop
  endfacet
  facet normal -0.743632 0 0.668589
    outer loop
      vertex 75.2652 0.61 5.2955
      vertex 75.342 -0.01 5.38092
      vertex 75.342 0.61 5.38092
    endloop
  endfacet
  facet normal -0.743632 0 0.668589
    outer loop
      vertex 75.2652 0.61 5.2955
      vertex 75.2652 -0.01 5.2955
      vertex 75.342 -0.01 5.38092
    endloop
  endfacet
  facet normal -0.75741 0 0.65294
    outer loop
      vertex 75.1917 0.61 5.21024
      vertex 75.2652 -0.01 5.2955
      vertex 75.2652 0.61 5.2955
    endloop
  endfacet
  facet normal -0.75741 0 0.65294
    outer loop
      vertex 75.1917 0.61 5.21024
      vertex 75.1917 -0.01 5.21024
      vertex 75.2652 -0.01 5.2955
    endloop
  endfacet
  facet normal -0.772638 0 0.634847
    outer loop
      vertex 75.1213 0.61 5.12456
      vertex 75.1917 -0.01 5.21024
      vertex 75.1917 0.61 5.21024
    endloop
  endfacet
  facet normal -0.772638 0 0.634847
    outer loop
      vertex 75.1213 0.61 5.12456
      vertex 75.1213 -0.01 5.12456
      vertex 75.1917 -0.01 5.21024
    endloop
  endfacet
  facet normal -0.787837 0 0.615884
    outer loop
      vertex 75.054 0.61 5.03847
      vertex 75.1213 -0.01 5.12456
      vertex 75.1213 0.61 5.12456
    endloop
  endfacet
  facet normal -0.787837 0 0.615884
    outer loop
      vertex 75.054 0.61 5.03847
      vertex 75.054 -0.01 5.03847
      vertex 75.1213 -0.01 5.12456
    endloop
  endfacet
  facet normal -0.803409 0 0.595427
    outer loop
      vertex 74.9899 0.61 4.95198
      vertex 75.054 -0.01 5.03847
      vertex 75.054 0.61 5.03847
    endloop
  endfacet
  facet normal -0.803409 0 0.595427
    outer loop
      vertex 74.9899 0.61 4.95198
      vertex 74.9899 -0.01 4.95198
      vertex 75.054 -0.01 5.03847
    endloop
  endfacet
  facet normal -0.817974 0 0.575256
    outer loop
      vertex 74.9288 0.61 4.8651
      vertex 74.9899 -0.01 4.95198
      vertex 74.9899 0.61 4.95198
    endloop
  endfacet
  facet normal -0.817974 0 0.575256
    outer loop
      vertex 74.9288 0.61 4.8651
      vertex 74.9288 -0.01 4.8651
      vertex 74.9899 -0.01 4.95198
    endloop
  endfacet
  facet normal -0.833809 0 0.552052
    outer loop
      vertex 74.871 0.61 4.7778
      vertex 74.9288 -0.01 4.8651
      vertex 74.9288 0.61 4.8651
    endloop
  endfacet
  facet normal -0.833809 0 0.552052
    outer loop
      vertex 74.871 0.61 4.7778
      vertex 74.871 -0.01 4.7778
      vertex 74.9288 -0.01 4.8651
    endloop
  endfacet
  facet normal -0.848025 0 0.529955
    outer loop
      vertex 74.8162 0.61 4.69011
      vertex 74.871 -0.01 4.7778
      vertex 74.871 0.61 4.7778
    endloop
  endfacet
  facet normal -0.848025 0 0.529955
    outer loop
      vertex 74.8162 0.61 4.69011
      vertex 74.8162 -0.01 4.69011
      vertex 74.871 -0.01 4.7778
    endloop
  endfacet
  facet normal -0.862889 0 0.505393
    outer loop
      vertex 74.7646 0.61 4.60201
      vertex 74.8162 -0.01 4.69011
      vertex 74.8162 0.61 4.69011
    endloop
  endfacet
  facet normal -0.862889 0 0.505393
    outer loop
      vertex 74.7646 0.61 4.60201
      vertex 74.7646 -0.01 4.60201
      vertex 74.8162 -0.01 4.69011
    endloop
  endfacet
  facet normal -0.876993 0 0.480503
    outer loop
      vertex 74.7161 0.61 4.51349
      vertex 74.7646 -0.01 4.60201
      vertex 74.7646 0.61 4.60201
    endloop
  endfacet
  facet normal -0.876993 0 0.480503
    outer loop
      vertex 74.7161 0.61 4.51349
      vertex 74.7161 -0.01 4.51349
      vertex 74.7646 -0.01 4.60201
    endloop
  endfacet
  facet normal -0.890609 0 0.45477
    outer loop
      vertex 74.6707 0.61 4.42458
      vertex 74.7161 -0.01 4.51349
      vertex 74.7161 0.61 4.51349
    endloop
  endfacet
  facet normal -0.890609 0 0.45477
    outer loop
      vertex 74.6707 0.61 4.42458
      vertex 74.6707 -0.01 4.42458
      vertex 74.7161 -0.01 4.51349
    endloop
  endfacet
  facet normal -0.904148 0 0.42722
    outer loop
      vertex 74.6285 0.61 4.33527
      vertex 74.6707 -0.01 4.42458
      vertex 74.6707 0.61 4.42458
    endloop
  endfacet
  facet normal -0.904148 0 0.42722
    outer loop
      vertex 74.6285 0.61 4.33527
      vertex 74.6285 -0.01 4.33527
      vertex 74.6707 -0.01 4.42458
    endloop
  endfacet
  facet normal -1 0 0
    outer loop
      vertex 74.6285 0.61 3.54189
      vertex 74.6285 -0.01 4.33527
      vertex 74.6285 0.61 4.33527
    endloop
  endfacet
  facet normal -1 0 0
    outer loop
      vertex 74.6285 0.61 3.54189
      vertex 74.6285 -0.01 3.54189
      vertex 74.6285 -0.01 4.33527
    endloop
  endfacet
  facet normal -0 0 -1
    outer loop
      vertex 78.6402 0.61 3.54189
      vertex 74.6285 -0.01 3.54189
      vertex 74.6285 0.61 3.54189
    endloop
  endfacet
  facet normal 0 -0 -1
    outer loop
      vertex 78.6402 0.61 3.54189
      vertex 78.6402 -0.01 3.54189
      vertex 74.6285 -0.01 3.54189
    endloop
  endfacet
  facet normal 1 0 0
    outer loop
      vertex 78.6402 0.61 4.48178
      vertex 78.6402 -0.01 3.54189
      vertex 78.6402 0.61 3.54189
    endloop
  endfacet
  facet normal 1 0 0
    outer loop
      vertex 78.6402 0.61 4.48178
      vertex 78.6402 -0.01 4.48178
      vertex 78.6402 -0.01 3.54189
    endloop
  endfacet
  facet normal 0.0654178 0 -0.997858
    outer loop
      vertex 81.5332 0.61 3.47525
      vertex 81.3648 -0.01 3.46421
      vertex 81.3648 0.61 3.46421
    endloop
  endfacet
  facet normal 0.0654178 0 -0.997858
    outer loop
      vertex 81.5332 0.61 3.47525
      vertex 81.5332 -0.01 3.47525
      vertex 81.3648 -0.01 3.46421
    endloop
  endfacet
  facet normal 0.113677 0 -0.993518
    outer loop
      vertex 81.6941 0.61 3.49366
      vertex 81.5332 -0.01 3.47525
      vertex 81.5332 0.61 3.47525
    endloop
  endfacet
  facet normal 0.113677 0 -0.993518
    outer loop
      vertex 81.6941 0.61 3.49366
      vertex 81.6941 -0.01 3.49366
      vertex 81.5332 -0.01 3.47525
    endloop
  endfacet
  facet normal 0.165671 0 -0.986181
    outer loop
      vertex 81.8475 0.61 3.51943
      vertex 81.6941 -0.01 3.49366
      vertex 81.6941 0.61 3.49366
    endloop
  endfacet
  facet normal 0.165671 0 -0.986181
    outer loop
      vertex 81.8475 0.61 3.51943
      vertex 81.8475 -0.01 3.51943
      vertex 81.6941 -0.01 3.49366
    endloop
  endfacet
  facet normal 0.2215 0 -0.97516
    outer loop
      vertex 81.9934 0.61 3.55257
      vertex 81.8475 -0.01 3.51943
      vertex 81.8475 0.61 3.51943
    endloop
  endfacet
  facet normal 0.2215 0 -0.97516
    outer loop
      vertex 81.9934 0.61 3.55257
      vertex 81.9934 -0.01 3.55257
      vertex 81.8475 -0.01 3.51943
    endloop
  endfacet
  facet normal 0.281039 0 -0.959696
    outer loop
      vertex 82.1317 0.61 3.59307
      vertex 81.9934 -0.01 3.55257
      vertex 81.9934 0.61 3.55257
    endloop
  endfacet
  facet normal 0.281039 0 -0.959696
    outer loop
      vertex 82.1317 0.61 3.59307
      vertex 82.1317 -0.01 3.59307
      vertex 81.9934 -0.01 3.55257
    endloop
  endfacet
  facet normal 0.343622 0 -0.939108
    outer loop
      vertex 82.2625 0.61 3.64093
      vertex 82.1317 -0.01 3.59307
      vertex 82.1317 0.61 3.59307
    endloop
  endfacet
  facet normal 0.343622 0 -0.939108
    outer loop
      vertex 82.2625 0.61 3.64093
      vertex 82.2625 -0.01 3.64093
      vertex 82.1317 -0.01 3.59307
    endloop
  endfacet
  facet normal 0.408733 0 -0.912654
    outer loop
      vertex 82.3858 0.61 3.69615
      vertex 82.2625 -0.01 3.64093
      vertex 82.2625 0.61 3.64093
    endloop
  endfacet
  facet normal 0.408733 0 -0.912654
    outer loop
      vertex 82.3858 0.61 3.69615
      vertex 82.3858 -0.01 3.69615
      vertex 82.2625 -0.01 3.64093
    endloop
  endfacet
  facet normal 0.475867 0 -0.879517
    outer loop
      vertex 82.5015 0.61 3.75875
      vertex 82.3858 -0.01 3.69615
      vertex 82.3858 0.61 3.69615
    endloop
  endfacet
  facet normal 0.475867 0 -0.879517
    outer loop
      vertex 82.5015 0.61 3.75875
      vertex 82.5015 -0.01 3.75875
      vertex 82.3858 -0.01 3.69615
    endloop
  endfacet
  facet normal 0.542968 0 -0.839753
    outer loop
      vertex 82.6097 0.61 3.82871
      vertex 82.5015 -0.01 3.75875
      vertex 82.5015 0.61 3.75875
    endloop
  endfacet
  facet normal 0.542968 0 -0.839753
    outer loop
      vertex 82.6097 0.61 3.82871
      vertex 82.6097 -0.01 3.82871
      vertex 82.5015 -0.01 3.75875
    endloop
  endfacet
  facet normal 0.608961 0 -0.7932
    outer loop
      vertex 82.7104 0.61 3.90602
      vertex 82.6097 -0.01 3.82871
      vertex 82.6097 0.61 3.82871
    endloop
  endfacet
  facet normal 0.608961 0 -0.7932
    outer loop
      vertex 82.7104 0.61 3.90602
      vertex 82.7104 -0.01 3.90602
      vertex 82.6097 -0.01 3.82871
    endloop
  endfacet
  facet normal 0.67223 0 -0.740342
    outer loop
      vertex 82.8029 0.61 3.99001
      vertex 82.7104 -0.01 3.90602
      vertex 82.7104 0.61 3.90602
    endloop
  endfacet
  facet normal 0.67223 0 -0.740342
    outer loop
      vertex 82.8029 0.61 3.99001
      vertex 82.8029 -0.01 3.99001
      vertex 82.7104 -0.01 3.90602
    endloop
  endfacet
  facet normal 0.732007 0 -0.681297
    outer loop
      vertex 82.8866 0.61 4.07994
      vertex 82.8029 -0.01 3.99001
      vertex 82.8029 0.61 3.99001
    endloop
  endfacet
  facet normal 0.732007 0 -0.681297
    outer loop
      vertex 82.8866 0.61 4.07994
      vertex 82.8866 -0.01 4.07994
      vertex 82.8029 -0.01 3.99001
    endloop
  endfacet
  facet normal 0.78808 0 -0.615572
    outer loop
      vertex 82.9615 0.61 4.17583
      vertex 82.8866 -0.01 4.07994
      vertex 82.8866 0.61 4.07994
    endloop
  endfacet
  facet normal 0.78808 0 -0.615572
    outer loop
      vertex 82.9615 0.61 4.17583
      vertex 82.9615 -0.01 4.17583
      vertex 82.8866 -0.01 4.07994
    endloop
  endfacet
  facet normal 0.838829 0 -0.544395
    outer loop
      vertex 83.0276 0.61 4.27768
      vertex 82.9615 -0.01 4.17583
      vertex 82.9615 0.61 4.17583
    endloop
  endfacet
  facet normal 0.838829 0 -0.544395
    outer loop
      vertex 83.0276 0.61 4.27768
      vertex 83.0276 -0.01 4.27768
      vertex 82.9615 -0.01 4.17583
    endloop
  endfacet
  facet normal 0.882992 0 -0.469389
    outer loop
      vertex 83.0849 0.61 4.38547
      vertex 83.0276 -0.01 4.27768
      vertex 83.0276 0.61 4.27768
    endloop
  endfacet
  facet normal 0.882992 0 -0.469389
    outer loop
      vertex 83.0849 0.61 4.38547
      vertex 83.0849 -0.01 4.38547
      vertex 83.0276 -0.01 4.27768
    endloop
  endfacet
  facet normal 0.920155 0 -0.391555
    outer loop
      vertex 83.1333 0.61 4.49921
      vertex 83.0849 -0.01 4.38547
      vertex 83.0849 0.61 4.38547
    endloop
  endfacet
  facet normal 0.920155 0 -0.391555
    outer loop
      vertex 83.1333 0.61 4.49921
      vertex 83.1333 -0.01 4.49921
      vertex 83.0849 -0.01 4.38547
    endloop
  endfacet
  facet normal 0.949158 0 -0.3148
    outer loop
      vertex 83.173 0.61 4.61891
      vertex 83.1333 -0.01 4.49921
      vertex 83.1333 0.61 4.49921
    endloop
  endfacet
  facet normal 0.949158 0 -0.3148
    outer loop
      vertex 83.173 0.61 4.61891
      vertex 83.173 -0.01 4.61891
      vertex 83.1333 -0.01 4.49921
    endloop
  endfacet
  facet normal 0.971246 0 -0.238077
    outer loop
      vertex 83.2038 0.61 4.74456
      vertex 83.173 -0.01 4.61891
      vertex 83.173 0.61 4.61891
    endloop
  endfacet
  facet normal 0.971246 0 -0.238077
    outer loop
      vertex 83.2038 0.61 4.74456
      vertex 83.2038 -0.01 4.74456
      vertex 83.173 -0.01 4.61891
    endloop
  endfacet
  facet normal 0.986311 0 -0.164897
    outer loop
      vertex 83.2258 0.61 4.87615
      vertex 83.2038 -0.01 4.74456
      vertex 83.2038 0.61 4.74456
    endloop
  endfacet
  facet normal 0.986311 0 -0.164897
    outer loop
      vertex 83.2258 0.61 4.87615
      vertex 83.2258 -0.01 4.87615
      vertex 83.2038 -0.01 4.74456
    endloop
  endfacet
  facet normal 0.995359 0 -0.0962363
    outer loop
      vertex 83.2391 0.61 5.01371
      vertex 83.2258 -0.01 4.87615
      vertex 83.2258 0.61 4.87615
    endloop
  endfacet
  facet normal 0.995359 0 -0.0962363
    outer loop
      vertex 83.2391 0.61 5.01371
      vertex 83.2391 -0.01 5.01371
      vertex 83.2258 -0.01 4.87615
    endloop
  endfacet
  facet normal 0.99953 0 -0.0306498
    outer loop
      vertex 83.2435 0.61 5.1572
      vertex 83.2391 -0.01 5.01371
      vertex 83.2391 0.61 5.01371
    endloop
  endfacet
  facet normal 0.99953 0 -0.0306498
    outer loop
      vertex 83.2435 0.61 5.1572
      vertex 83.2435 -0.01 5.1572
      vertex 83.2391 -0.01 5.01371
    endloop
  endfacet
  facet normal 0.999679 0 0.0253404
    outer loop
      vertex 83.2409 0.61 5.25977
      vertex 83.2435 -0.01 5.1572
      vertex 83.2435 0.61 5.1572
    endloop
  endfacet
  facet normal 0.999679 0 0.0253404
    outer loop
      vertex 83.2409 0.61 5.25977
      vertex 83.2409 -0.01 5.25977
      vertex 83.2435 -0.01 5.1572
    endloop
  endfacet
  facet normal 0.996838 0 0.0794654
    outer loop
      vertex 83.233 0.61 5.35887
      vertex 83.2409 -0.01 5.25977
      vertex 83.2409 0.61 5.25977
    endloop
  endfacet
  facet normal 0.996838 0 0.0794654
    outer loop
      vertex 83.233 0.61 5.35887
      vertex 83.233 -0.01 5.35887
      vertex 83.2409 -0.01 5.25977
    endloop
  endfacet
  facet normal 0.99089 0 0.134674
    outer loop
      vertex 83.22 0.61 5.45452
      vertex 83.233 -0.01 5.35887
      vertex 83.233 0.61 5.35887
    endloop
  endfacet
  facet normal 0.99089 0 0.134674
    outer loop
      vertex 83.22 0.61 5.45452
      vertex 83.22 -0.01 5.45452
      vertex 83.233 -0.01 5.35887
    endloop
  endfacet
  facet normal 0.981065 0 0.19368
    outer loop
      vertex 83.2018 0.61 5.54671
      vertex 83.22 -0.01 5.45452
      vertex 83.22 0.61 5.45452
    endloop
  endfacet
  facet normal 0.981065 0 0.19368
    outer loop
      vertex 83.2018 0.61 5.54671
      vertex 83.2018 -0.01 5.54671
      vertex 83.22 -0.01 5.45452
    endloop
  endfacet
  facet normal 0.966657 0 0.256075
    outer loop
      vertex 83.1783 0.61 5.63542
      vertex 83.2018 -0.01 5.54671
      vertex 83.2018 0.61 5.54671
    endloop
  endfacet
  facet normal 0.966657 0 0.256075
    outer loop
      vertex 83.1783 0.61 5.63542
      vertex 83.1783 -0.01 5.63542
      vertex 83.2018 -0.01 5.54671
    endloop
  endfacet
  facet normal 0.947745 0 0.319028
    outer loop
      vertex 83.1496 0.61 5.72068
      vertex 83.1783 -0.01 5.63542
      vertex 83.1783 0.61 5.63542
    endloop
  endfacet
  facet normal 0.947745 0 0.319028
    outer loop
      vertex 83.1496 0.61 5.72068
      vertex 83.1496 -0.01 5.72068
      vertex 83.1783 -0.01 5.63542
    endloop
  endfacet
  facet normal 0.924176 0 0.381966
    outer loop
      vertex 83.1158 0.61 5.80246
      vertex 83.1496 -0.01 5.72068
      vertex 83.1496 0.61 5.72068
    endloop
  endfacet
  facet normal 0.924176 0 0.381966
    outer loop
      vertex 83.1158 0.61 5.80246
      vertex 83.1158 -0.01 5.80246
      vertex 83.1496 -0.01 5.72068
    endloop
  endfacet
  facet normal 0.894747 0 0.446574
    outer loop
      vertex 83.0767 0.61 5.8808
      vertex 83.1158 -0.01 5.80246
      vertex 83.1158 0.61 5.80246
    endloop
  endfacet
  facet normal 0.894747 0 0.446574
    outer loop
      vertex 83.0767 0.61 5.8808
      vertex 83.0767 -0.01 5.8808
      vertex 83.1158 -0.01 5.80246
    endloop
  endfacet
  facet normal 0.860097 0 0.51013
    outer loop
      vertex 83.0323 0.61 5.95566
      vertex 83.0767 -0.01 5.8808
      vertex 83.0767 0.61 5.8808
    endloop
  endfacet
  facet normal 0.860097 0 0.51013
    outer loop
      vertex 83.0323 0.61 5.95566
      vertex 83.0323 -0.01 5.95566
      vertex 83.0767 -0.01 5.8808
    endloop
  endfacet
  facet normal 0.821819 0 0.569749
    outer loop
      vertex 82.9828 0.61 6.02706
      vertex 83.0323 -0.01 5.95566
      vertex 83.0323 0.61 5.95566
    endloop
  endfacet
  facet normal 0.821819 0 0.569749
    outer loop
      vertex 82.9828 0.61 6.02706
      vertex 82.9828 -0.01 6.02706
      vertex 83.0323 -0.01 5.95566
    endloop
  endfacet
  facet normal 0.778919 0 0.627125
    outer loop
      vertex 82.9281 0.61 6.095
      vertex 82.9828 -0.01 6.02706
      vertex 82.9828 0.61 6.02706
    endloop
  endfacet
  facet normal 0.778919 0 0.627125
    outer loop
      vertex 82.9281 0.61 6.095
      vertex 82.9281 -0.01 6.095
      vertex 82.9828 -0.01 6.02706
    endloop
  endfacet
  facet normal 0.733263 0 0.679945
    outer loop
      vertex 82.8688 0.61 6.15895
      vertex 82.9281 -0.01 6.095
      vertex 82.9281 0.61 6.095
    endloop
  endfacet
  facet normal 0.733263 0 0.679945
    outer loop
      vertex 82.8688 0.61 6.15895
      vertex 82.8688 -0.01 6.15895
      vertex 82.9281 -0.01 6.095
    endloop
  endfacet
  facet normal 0.684922 0 0.728616
    outer loop
      vertex 82.8056 0.61 6.21836
      vertex 82.8688 -0.01 6.15895
      vertex 82.8688 0.61 6.15895
    endloop
  endfacet
  facet normal 0.684922 0 0.728616
    outer loop
      vertex 82.8056 0.61 6.21836
      vertex 82.8056 -0.01 6.21836
      vertex 82.8688 -0.01 6.15895
    endloop
  endfacet
  facet normal 0.632465 0 0.774589
    outer loop
      vertex 82.7384 0.61 6.27323
      vertex 82.8056 -0.01 6.21836
      vertex 82.8056 0.61 6.21836
    endloop
  endfacet
  facet normal 0.632465 0 0.774589
    outer loop
      vertex 82.7384 0.61 6.27323
      vertex 82.7384 -0.01 6.27323
      vertex 82.8056 -0.01 6.21836
    endloop
  endfacet
  facet normal 0.577692 0 0.816255
    outer loop
      vertex 82.6673 0.61 6.32355
      vertex 82.7384 -0.01 6.27323
      vertex 82.7384 0.61 6.27323
    endloop
  endfacet
  facet normal 0.577692 0 0.816255
    outer loop
      vertex 82.6673 0.61 6.32355
      vertex 82.6673 -0.01 6.32355
      vertex 82.7384 -0.01 6.27323
    endloop
  endfacet
  facet normal 0.521008 0 0.853552
    outer loop
      vertex 82.5923 0.61 6.36933
      vertex 82.6673 -0.01 6.32355
      vertex 82.6673 0.61 6.32355
    endloop
  endfacet
  facet normal 0.521008 0 0.853552
    outer loop
      vertex 82.5923 0.61 6.36933
      vertex 82.5923 -0.01 6.36933
      vertex 82.6673 -0.01 6.32355
    endloop
  endfacet
  facet normal 0.462765 0 0.886481
    outer loop
      vertex 82.5133 0.61 6.41057
      vertex 82.5923 -0.01 6.36933
      vertex 82.5923 0.61 6.36933
    endloop
  endfacet
  facet normal 0.462765 0 0.886481
    outer loop
      vertex 82.5133 0.61 6.41057
      vertex 82.5133 -0.01 6.41057
      vertex 82.5923 -0.01 6.36933
    endloop
  endfacet
  facet normal 0.404808 0 0.914402
    outer loop
      vertex 82.4304 0.61 6.44727
      vertex 82.5133 -0.01 6.41057
      vertex 82.5133 0.61 6.41057
    endloop
  endfacet
  facet normal 0.404808 0 0.914402
    outer loop
      vertex 82.4304 0.61 6.44727
      vertex 82.4304 -0.01 6.44727
      vertex 82.5133 -0.01 6.41057
    endloop
  endfacet
  facet normal 0.347332 0 0.937742
    outer loop
      vertex 82.3436 0.61 6.47942
      vertex 82.4304 -0.01 6.44727
      vertex 82.4304 0.61 6.44727
    endloop
  endfacet
  facet normal 0.347332 0 0.937742
    outer loop
      vertex 82.3436 0.61 6.47942
      vertex 82.3436 -0.01 6.47942
      vertex 82.4304 -0.01 6.44727
    endloop
  endfacet
  facet normal 0.291019 0 0.956717
    outer loop
      vertex 82.2528 0.61 6.50704
      vertex 82.3436 -0.01 6.47942
      vertex 82.3436 0.61 6.47942
    endloop
  endfacet
  facet normal 0.291019 0 0.956717
    outer loop
      vertex 82.2528 0.61 6.50704
      vertex 82.2528 -0.01 6.50704
      vertex 82.3436 -0.01 6.47942
    endloop
  endfacet
  facet normal 0.236689 0 0.971585
    outer loop
      vertex 82.1581 0.61 6.53011
      vertex 82.2528 -0.01 6.50704
      vertex 82.2528 0.61 6.50704
    endloop
  endfacet
  facet normal 0.236689 0 0.971585
    outer loop
      vertex 82.1581 0.61 6.53011
      vertex 82.1581 -0.01 6.53011
      vertex 82.2528 -0.01 6.50704
    endloop
  endfacet
  facet normal 0.184794 0 0.982777
    outer loop
      vertex 82.0595 0.61 6.54865
      vertex 82.1581 -0.01 6.53011
      vertex 82.1581 0.61 6.53011
    endloop
  endfacet
  facet normal 0.184794 0 0.982777
    outer loop
      vertex 82.0595 0.61 6.54865
      vertex 82.0595 -0.01 6.54865
      vertex 82.1581 -0.01 6.53011
    endloop
  endfacet
  facet normal 1 0 0
    outer loop
      vertex 82.0595 0.61 6.56497
      vertex 82.0595 -0.01 6.54865
      vertex 82.0595 0.61 6.54865
    endloop
  endfacet
  facet normal 1 0 0
    outer loop
      vertex 82.0595 0.61 6.56497
      vertex 82.0595 -0.01 6.56497
      vertex 82.0595 -0.01 6.54865
    endloop
  endfacet
  facet normal 0.220032 0 -0.975493
    outer loop
      vertex 82.1444 0.61 6.58412
      vertex 82.0595 -0.01 6.56497
      vertex 82.0595 0.61 6.56497
    endloop
  endfacet
  facet normal 0.220032 0 -0.975493
    outer loop
      vertex 82.1444 0.61 6.58412
      vertex 82.1444 -0.01 6.58412
      vertex 82.0595 -0.01 6.56497
    endloop
  endfacet
  facet normal 0.275792 0 -0.961217
    outer loop
      vertex 82.2262 0.61 6.60759
      vertex 82.1444 -0.01 6.58412
      vertex 82.1444 0.61 6.58412
    endloop
  endfacet
  facet normal 0.275792 0 -0.961217
    outer loop
      vertex 82.2262 0.61 6.60759
      vertex 82.2262 -0.01 6.60759
      vertex 82.1444 -0.01 6.58412
    endloop
  endfacet
  facet normal 0.333128 0 -0.942882
    outer loop
      vertex 82.3048 0.61 6.63536
      vertex 82.2262 -0.01 6.60759
      vertex 82.2262 0.61 6.60759
    endloop
  endfacet
  facet normal 0.333128 0 -0.942882
    outer loop
      vertex 82.3048 0.61 6.63536
      vertex 82.3048 -0.01 6.63536
      vertex 82.2262 -0.01 6.60759
    endloop
  endfacet
  facet normal 0.391942 0 -0.91999
    outer loop
      vertex 82.3801 0.61 6.66744
      vertex 82.3048 -0.01 6.63536
      vertex 82.3048 0.61 6.63536
    endloop
  endfacet
  facet normal 0.391942 0 -0.91999
    outer loop
      vertex 82.3801 0.61 6.66744
      vertex 82.3801 -0.01 6.66744
      vertex 82.3048 -0.01 6.63536
    endloop
  endfacet
  facet normal 0.449883 0 -0.893087
    outer loop
      vertex 82.4523 0.61 6.70381
      vertex 82.3801 -0.01 6.66744
      vertex 82.3801 0.61 6.66744
    endloop
  endfacet
  facet normal 0.449883 0 -0.893087
    outer loop
      vertex 82.4523 0.61 6.70381
      vertex 82.4523 -0.01 6.70381
      vertex 82.3801 -0.01 6.66744
    endloop
  endfacet
  facet normal 0.508056 0 -0.861324
    outer loop
      vertex 82.5213 0.61 6.74451
      vertex 82.4523 -0.01 6.70381
      vertex 82.4523 0.61 6.70381
    endloop
  endfacet
  facet normal 0.508056 0 -0.861324
    outer loop
      vertex 82.5213 0.61 6.74451
      vertex 82.5213 -0.01 6.74451
      vertex 82.4523 -0.01 6.70381
    endloop
  endfacet
  facet normal 0.564333 0 -0.825547
    outer loop
      vertex 82.5871 0.61 6.78949
      vertex 82.5213 -0.01 6.74451
      vertex 82.5213 0.61 6.74451
    endloop
  endfacet
  facet normal 0.564333 0 -0.825547
    outer loop
      vertex 82.5871 0.61 6.78949
      vertex 82.5871 -0.01 6.78949
      vertex 82.5213 -0.01 6.74451
    endloop
  endfacet
  facet normal 0.618708 0 -0.785621
    outer loop
      vertex 82.6497 0.61 6.83879
      vertex 82.5871 -0.01 6.78949
      vertex 82.5871 0.61 6.78949
    endloop
  endfacet
  facet normal 0.618708 0 -0.785621
    outer loop
      vertex 82.6497 0.61 6.83879
      vertex 82.6497 -0.01 6.83879
      vertex 82.5871 -0.01 6.78949
    endloop
  endfacet
  facet normal 0.669862 0 -0.742486
    outer loop
      vertex 82.7091 0.61 6.89238
      vertex 82.6497 -0.01 6.83879
      vertex 82.6497 0.61 6.83879
    endloop
  endfacet
  facet normal 0.669862 0 -0.742486
    outer loop
      vertex 82.7091 0.61 6.89238
      vertex 82.7091 -0.01 6.89238
      vertex 82.6497 -0.01 6.83879
    endloop
  endfacet
  facet normal 0.717623 0 -0.696432
    outer loop
      vertex 82.7653 0.61 6.95029
      vertex 82.7091 -0.01 6.89238
      vertex 82.7091 0.61 6.89238
    endloop
  endfacet
  facet normal 0.717623 0 -0.696432
    outer loop
      vertex 82.7653 0.61 6.95029
      vertex 82.7653 -0.01 6.95029
      vertex 82.7091 -0.01 6.89238
    endloop
  endfacet
  facet normal 0.761205 0 -0.648511
    outer loop
      vertex 82.8183 0.61 7.0125
      vertex 82.7653 -0.01 6.95029
      vertex 82.7653 0.61 6.95029
    endloop
  endfacet
  facet normal 0.761205 0 -0.648511
    outer loop
      vertex 82.8183 0.61 7.0125
      vertex 82.8183 -0.01 7.0125
      vertex 82.7653 -0.01 6.95029
    endloop
  endfacet
  facet normal 0.799309 0 -0.60092
    outer loop
      vertex 82.8674 0.61 7.07781
      vertex 82.8183 -0.01 7.0125
      vertex 82.8183 0.61 7.0125
    endloop
  endfacet
  facet normal 0.799309 0 -0.60092
    outer loop
      vertex 82.8674 0.61 7.07781
      vertex 82.8674 -0.01 7.07781
      vertex 82.8183 -0.01 7.0125
    endloop
  endfacet
  facet normal 0.83426 0 -0.551371
    outer loop
      vertex 82.9118 0.61 7.14499
      vertex 82.8674 -0.01 7.07781
      vertex 82.8674 0.61 7.07781
    endloop
  endfacet
  facet normal 0.83426 0 -0.551371
    outer loop
      vertex 82.9118 0.61 7.14499
      vertex 82.9118 -0.01 7.14499
      vertex 82.8674 -0.01 7.07781
    endloop
  endfacet
  facet normal 0.86702 0 -0.498273
    outer loop
      vertex 82.9515 0.61 7.21407
      vertex 82.9118 -0.01 7.14499
      vertex 82.9118 0.61 7.14499
    endloop
  endfacet
  facet normal 0.86702 0 -0.498273
    outer loop
      vertex 82.9515 0.61 7.21407
      vertex 82.9515 -0.01 7.21407
      vertex 82.9118 -0.01 7.14499
    endloop
  endfacet
  facet normal 0.896314 0 -0.44342
    outer loop
      vertex 82.9866 0.61 7.28502
      vertex 82.9515 -0.01 7.21407
      vertex 82.9515 0.61 7.21407
    endloop
  endfacet
  facet normal 0.896314 0 -0.44342
    outer loop
      vertex 82.9866 0.61 7.28502
      vertex 82.9866 -0.01 7.28502
      vertex 82.9515 -0.01 7.21407
    endloop
  endfacet
  facet normal 0.922833 0 -0.3852
    outer loop
      vertex 83.017 0.61 7.35785
      vertex 82.9866 -0.01 7.28502
      vertex 82.9866 0.61 7.28502
    endloop
  endfacet
  facet normal 0.922833 0 -0.3852
    outer loop
      vertex 83.017 0.61 7.35785
      vertex 83.017 -0.01 7.35785
      vertex 82.9866 -0.01 7.28502
    endloop
  endfacet
  facet normal 0.946017 0 -0.324117
    outer loop
      vertex 83.0426 0.61 7.43257
      vertex 83.017 -0.01 7.35785
      vertex 83.017 0.61 7.35785
    endloop
  endfacet
  facet normal 0.946017 0 -0.324117
    outer loop
      vertex 83.0426 0.61 7.43257
      vertex 83.0426 -0.01 7.43257
      vertex 83.017 -0.01 7.35785
    endloop
  endfacet
  facet normal 0.964093 0 -0.265566
    outer loop
      vertex 83.0637 0.61 7.50917
      vertex 83.0426 -0.01 7.43257
      vertex 83.0426 0.61 7.43257
    endloop
  endfacet
  facet normal 0.964093 0 -0.265566
    outer loop
      vertex 83.0637 0.61 7.50917
      vertex 83.0637 -0.01 7.50917
      vertex 83.0426 -0.01 7.43257
    endloop
  endfacet
  facet normal 0.979105 0 -0.203356
    outer loop
      vertex 83.08 0.61 7.58765
      vertex 83.0637 -0.01 7.50917
      vertex 83.0637 0.61 7.50917
    endloop
  endfacet
  facet normal 0.979105 0 -0.203356
    outer loop
      vertex 83.08 0.61 7.58765
      vertex 83.08 -0.01 7.58765
      vertex 83.0637 -0.01 7.50917
    endloop
  endfacet
  facet normal 0.989569 0 -0.144058
    outer loop
      vertex 83.0917 0.61 7.66802
      vertex 83.08 -0.01 7.58765
      vertex 83.08 0.61 7.58765
    endloop
  endfacet
  facet normal 0.989569 0 -0.144058
    outer loop
      vertex 83.0917 0.61 7.66802
      vertex 83.0917 -0.01 7.66802
      vertex 83.08 -0.01 7.58765
    endloop
  endfacet
  facet normal 0.996397 0 -0.0848101
    outer loop
      vertex 83.0987 0.61 7.75026
      vertex 83.0917 -0.01 7.66802
      vertex 83.0917 0.61 7.66802
    endloop
  endfacet
  facet normal 0.996397 0 -0.0848101
    outer loop
      vertex 83.0987 0.61 7.75026
      vertex 83.0987 -0.01 7.75026
      vertex 83.0917 -0.01 7.66802
    endloop
  endfacet
  facet normal 0.999593 0 -0.0285191
    outer loop
      vertex 83.1011 0.61 7.83438
      vertex 83.0987 -0.01 7.75026
      vertex 83.0987 0.61 7.75026
    endloop
  endfacet
  facet normal 0.999593 0 -0.0285191
    outer loop
      vertex 83.1011 0.61 7.83438
      vertex 83.1011 -0.01 7.83438
      vertex 83.0987 -0.01 7.75026
    endloop
  endfacet
  facet normal 0.999506 0 0.0314286
    outer loop
      vertex 83.097 0.61 7.96477
      vertex 83.1011 -0.01 7.83438
      vertex 83.1011 0.61 7.83438
    endloop
  endfacet
  facet normal 0.999506 0 0.0314286
    outer loop
      vertex 83.097 0.61 7.96477
      vertex 83.097 -0.01 7.96477
      vertex 83.1011 -0.01 7.83438
    endloop
  endfacet
  facet normal 0.995102 0 0.0988486
    outer loop
      vertex 83.0846 0.61 8.0896
      vertex 83.097 -0.01 7.96477
      vertex 83.097 0.61 7.96477
    endloop
  endfacet
  facet normal 0.995102 0 0.0988486
    outer loop
      vertex 83.0846 0.61 8.0896
      vertex 83.0846 -0.01 8.0896
      vertex 83.097 -0.01 7.96477
    endloop
  endfacet
  facet normal 0.985417 0 0.170156
    outer loop
      vertex 83.064 0.61 8.2089
      vertex 83.0846 -0.01 8.0896
      vertex 83.0846 0.61 8.0896
    endloop
  endfacet
  facet normal 0.985417 0 0.170156
    outer loop
      vertex 83.064 0.61 8.2089
      vertex 83.064 -0.01 8.2089
      vertex 83.0846 -0.01 8.0896
    endloop
  endfacet
  facet normal 0.969401 0 0.245483
    outer loop
      vertex 83.0352 0.61 8.32263
      vertex 83.064 -0.01 8.2089
      vertex 83.064 0.61 8.2089
    endloop
  endfacet
  facet normal 0.969401 0 0.245483
    outer loop
      vertex 83.0352 0.61 8.32263
      vertex 83.0352 -0.01 8.32263
      vertex 83.064 -0.01 8.2089
    endloop
  endfacet
  facet normal 0.945929 0 0.324374
    outer loop
      vertex 82.9981 0.61 8.43082
      vertex 83.0352 -0.01 8.32263
      vertex 83.0352 0.61 8.32263
    endloop
  endfacet
  facet normal 0.945929 0 0.324374
    outer loop
      vertex 82.9981 0.61 8.43082
      vertex 82.9981 -0.01 8.43082
      vertex 83.0352 -0.01 8.32263
    endloop
  endfacet
  facet normal 0.914874 0 0.403739
    outer loop
      vertex 82.9528 0.61 8.53347
      vertex 82.9981 -0.01 8.43082
      vertex 82.9981 0.61 8.43082
    endloop
  endfacet
  facet normal 0.914874 0 0.403739
    outer loop
      vertex 82.9528 0.61 8.53347
      vertex 82.9528 -0.01 8.53347
      vertex 82.9981 -0.01 8.43082
    endloop
  endfacet
  facet normal 0.875451 0 0.483306
    outer loop
      vertex 82.8992 0.61 8.63056
      vertex 82.9528 -0.01 8.53347
      vertex 82.9528 0.61 8.53347
    endloop
  endfacet
  facet normal 0.875451 0 0.483306
    outer loop
      vertex 82.8992 0.61 8.63056
      vertex 82.8992 -0.01 8.63056
      vertex 82.9528 -0.01 8.53347
    endloop
  endfacet
  facet normal 0.828833 0 0.559496
    outer loop
      vertex 82.8374 0.61 8.72211
      vertex 82.8992 -0.01 8.63056
      vertex 82.8992 0.61 8.63056
    endloop
  endfacet
  facet normal 0.828833 0 0.559496
    outer loop
      vertex 82.8374 0.61 8.72211
      vertex 82.8374 -0.01 8.72211
      vertex 82.8992 -0.01 8.63056
    endloop
  endfacet
  facet normal 0.775562 0 0.631271
    outer loop
      vertex 82.7674 0.61 8.80811
      vertex 82.8374 -0.01 8.72211
      vertex 82.8374 0.61 8.72211
    endloop
  endfacet
  facet normal 0.775562 0 0.631271
    outer loop
      vertex 82.7674 0.61 8.80811
      vertex 82.7674 -0.01 8.80811
      vertex 82.8374 -0.01 8.72211
    endloop
  endfacet
  facet normal 0.717106 0 0.696964
    outer loop
      vertex 82.6892 0.61 8.88857
      vertex 82.7674 -0.01 8.80811
      vertex 82.7674 0.61 8.80811
    endloop
  endfacet
  facet normal 0.717106 0 0.696964
    outer loop
      vertex 82.6892 0.61 8.88857
      vertex 82.6892 -0.01 8.88857
      vertex 82.7674 -0.01 8.80811
    endloop
  endfacet
  facet normal 0.654598 0 0.755977
    outer loop
      vertex 82.6027 0.61 8.96347
      vertex 82.6892 -0.01 8.88857
      vertex 82.6892 0.61 8.88857
    endloop
  endfacet
  facet normal 0.654598 0 0.755977
    outer loop
      vertex 82.6027 0.61 8.96347
      vertex 82.6027 -0.01 8.96347
      vertex 82.6892 -0.01 8.88857
    endloop
  endfacet
  facet normal 0.590081 0 0.807344
    outer loop
      vertex 82.5085 0.61 9.03232
      vertex 82.6027 -0.01 8.96347
      vertex 82.6027 0.61 8.96347
    endloop
  endfacet
  facet normal 0.590081 0 0.807344
    outer loop
      vertex 82.5085 0.61 9.03232
      vertex 82.5085 -0.01 9.03232
      vertex 82.6027 -0.01 8.96347
    endloop
  endfacet
  facet normal 0.523427 0 0.852071
    outer loop
      vertex 82.4071 0.61 9.09461
      vertex 82.5085 -0.01 9.03232
      vertex 82.5085 0.61 9.03232
    endloop
  endfacet
  facet normal 0.523427 0 0.852071
    outer loop
      vertex 82.4071 0.61 9.09461
      vertex 82.4071 -0.01 9.09461
      vertex 82.5085 -0.01 9.03232
    endloop
  endfacet
  facet normal 0.456959 0 0.889488
    outer loop
      vertex 82.2986 0.61 9.15035
      vertex 82.4071 -0.01 9.09461
      vertex 82.4071 0.61 9.09461
    endloop
  endfacet
  facet normal 0.456959 0 0.889488
    outer loop
      vertex 82.2986 0.61 9.15035
      vertex 82.2986 -0.01 9.15035
      vertex 82.4071 -0.01 9.09461
    endloop
  endfacet
  facet normal 0.391191 0 0.920309
    outer loop
      vertex 82.1829 0.61 9.19953
      vertex 82.2986 -0.01 9.15035
      vertex 82.2986 0.61 9.15035
    endloop
  endfacet
  facet normal 0.391191 0 0.920309
    outer loop
      vertex 82.1829 0.61 9.19953
      vertex 82.1829 -0.01 9.19953
      vertex 82.2986 -0.01 9.15035
    endloop
  endfacet
  facet normal 0.327712 0 0.944778
    outer loop
      vertex 82.06 0.61 9.24216
      vertex 82.1829 -0.01 9.19953
      vertex 82.1829 0.61 9.19953
    endloop
  endfacet
  facet normal 0.327712 0 0.944778
    outer loop
      vertex 82.06 0.61 9.24216
      vertex 82.06 -0.01 9.24216
      vertex 82.1829 -0.01 9.19953
    endloop
  endfacet
  facet normal 0.267292 0 0.963616
    outer loop
      vertex 81.93 0.61 9.27822
      vertex 82.06 -0.01 9.24216
      vertex 82.06 0.61 9.24216
    endloop
  endfacet
  facet normal 0.267292 0 0.963616
    outer loop
      vertex 81.93 0.61 9.27822
      vertex 81.93 -0.01 9.27822
      vertex 82.06 -0.01 9.24216
    endloop
  endfacet
  facet normal 0.210278 0 0.977642
    outer loop
      vertex 81.7928 0.61 9.30773
      vertex 81.93 -0.01 9.27822
      vertex 81.93 0.61 9.27822
    endloop
  endfacet
  facet normal 0.210278 0 0.977642
    outer loop
      vertex 81.7928 0.61 9.30773
      vertex 81.7928 -0.01 9.30773
      vertex 81.93 -0.01 9.27822
    endloop
  endfacet
  facet normal 0.15707 0 0.987588
    outer loop
      vertex 81.6485 0.61 9.33068
      vertex 81.7928 -0.01 9.30773
      vertex 81.7928 0.61 9.30773
    endloop
  endfacet
  facet normal 0.15707 0 0.987588
    outer loop
      vertex 81.6485 0.61 9.33068
      vertex 81.6485 -0.01 9.33068
      vertex 81.7928 -0.01 9.30773
    endloop
  endfacet
  facet normal 0.107622 0 0.994192
    outer loop
      vertex 81.497 0.61 9.34708
      vertex 81.6485 -0.01 9.33068
      vertex 81.6485 0.61 9.33068
    endloop
  endfacet
  facet normal 0.107622 0 0.994192
    outer loop
      vertex 81.497 0.61 9.34708
      vertex 81.497 -0.01 9.34708
      vertex 81.6485 -0.01 9.33068
    endloop
  endfacet
  facet normal 0.0618223 0 0.998087
    outer loop
      vertex 81.3383 0.61 9.35691
      vertex 81.497 -0.01 9.34708
      vertex 81.497 0.61 9.34708
    endloop
  endfacet
  facet normal 0.0618223 0 0.998087
    outer loop
      vertex 81.3383 0.61 9.35691
      vertex 81.3383 -0.01 9.35691
      vertex 81.497 -0.01 9.34708
    endloop
  endfacet
  facet normal 0.019779 0 0.999804
    outer loop
      vertex 81.1725 0.61 9.36019
      vertex 81.3383 -0.01 9.35691
      vertex 81.3383 0.61 9.35691
    endloop
  endfacet
  facet normal 0.019779 0 0.999804
    outer loop
      vertex 81.1725 0.61 9.36019
      vertex 81.1725 -0.01 9.36019
      vertex 81.3383 -0.01 9.35691
    endloop
  endfacet
  facet normal -0.020698 0 0.999786
    outer loop
      vertex 81.0102 0.61 9.35683
      vertex 81.1725 -0.01 9.36019
      vertex 81.1725 0.61 9.36019
    endloop
  endfacet
  facet normal -0.020698 0 0.999786
    outer loop
      vertex 81.0102 0.61 9.35683
      vertex 81.0102 -0.01 9.35683
      vertex 81.1725 -0.01 9.36019
    endloop
  endfacet
  facet normal -0.0648152 0 0.997897
    outer loop
      vertex 80.8547 0.61 9.34673
      vertex 81.0102 -0.01 9.35683
      vertex 81.0102 0.61 9.35683
    endloop
  endfacet
  facet normal -0.0648152 0 0.997897
    outer loop
      vertex 80.8547 0.61 9.34673
      vertex 80.8547 -0.01 9.34673
      vertex 81.0102 -0.01 9.35683
    endloop
  endfacet
  facet normal -0.112472 0 0.993655
    outer loop
      vertex 80.7061 0.61 9.32991
      vertex 80.8547 -0.01 9.34673
      vertex 80.8547 0.61 9.34673
    endloop
  endfacet
  facet normal -0.112472 0 0.993655
    outer loop
      vertex 80.7061 0.61 9.32991
      vertex 80.7061 -0.01 9.32991
      vertex 80.8547 -0.01 9.34673
    endloop
  endfacet
  facet normal -0.163699 0 0.98651
    outer loop
      vertex 80.5643 0.61 9.30638
      vertex 80.7061 -0.01 9.32991
      vertex 80.7061 0.61 9.32991
    endloop
  endfacet
  facet normal -0.163699 0 0.98651
    outer loop
      vertex 80.5643 0.61 9.30638
      vertex 80.5643 -0.01 9.30638
      vertex 80.7061 -0.01 9.32991
    endloop
  endfacet
  facet normal -0.21879 0 0.975772
    outer loop
      vertex 80.4293 0.61 9.27611
      vertex 80.5643 -0.01 9.30638
      vertex 80.5643 0.61 9.30638
    endloop
  endfacet
  facet normal -0.21879 0 0.975772
    outer loop
      vertex 80.4293 0.61 9.27611
      vertex 80.4293 -0.01 9.27611
      vertex 80.5643 -0.01 9.30638
    endloop
  endfacet
  facet normal -0.277225 0 0.960805
    outer loop
      vertex 80.3011 0.61 9.23912
      vertex 80.4293 -0.01 9.27611
      vertex 80.4293 0.61 9.27611
    endloop
  endfacet
  facet normal -0.277225 0 0.960805
    outer loop
      vertex 80.3011 0.61 9.23912
      vertex 80.3011 -0.01 9.23912
      vertex 80.4293 -0.01 9.27611
    endloop
  endfacet
  facet normal -0.339008 0 0.940784
    outer loop
      vertex 80.1798 0.61 9.19541
      vertex 80.3011 -0.01 9.23912
      vertex 80.3011 0.61 9.23912
    endloop
  endfacet
  facet normal -0.339008 0 0.940784
    outer loop
      vertex 80.1798 0.61 9.19541
      vertex 80.1798 -0.01 9.19541
      vertex 80.3011 -0.01 9.23912
    endloop
  endfacet
  facet normal -0.403207 0 0.915109
    outer loop
      vertex 80.0653 0.61 9.14496
      vertex 80.1798 -0.01 9.19541
      vertex 80.1798 0.61 9.19541
    endloop
  endfacet
  facet normal -0.403207 0 0.915109
    outer loop
      vertex 80.0653 0.61 9.14496
      vertex 80.0653 -0.01 9.14496
      vertex 80.1798 -0.01 9.19541
    endloop
  endfacet
  facet normal -0.468863 0 0.883271
    outer loop
      vertex 79.9576 0.61 9.08779
      vertex 80.0653 -0.01 9.14496
      vertex 80.0653 0.61 9.14496
    endloop
  endfacet
  facet normal -0.468863 0 0.883271
    outer loop
      vertex 79.9576 0.61 9.08779
      vertex 79.9576 -0.01 9.08779
      vertex 80.0653 -0.01 9.14496
    endloop
  endfacet
  facet normal -0.535092 0 0.844794
    outer loop
      vertex 79.8567 0.61 9.02388
      vertex 79.9576 -0.01 9.08779
      vertex 79.9576 0.61 9.08779
    endloop
  endfacet
  facet normal -0.535092 0 0.844794
    outer loop
      vertex 79.8567 0.61 9.02388
      vertex 79.8567 -0.01 9.02388
      vertex 79.9576 -0.01 9.08779
    endloop
  endfacet
  facet normal -0.600599 0 0.799551
    outer loop
      vertex 79.7627 0.61 8.95327
      vertex 79.8567 -0.01 9.02388
      vertex 79.8567 0.61 9.02388
    endloop
  endfacet
  facet normal -0.600599 0 0.799551
    outer loop
      vertex 79.7627 0.61 8.95327
      vertex 79.7627 -0.01 8.95327
      vertex 79.8567 -0.01 9.02388
    endloop
  endfacet
  facet normal -0.662189 0 0.749337
    outer loop
      vertex 79.6762 0.61 8.87683
      vertex 79.7627 -0.01 8.95327
      vertex 79.7627 0.61 8.95327
    endloop
  endfacet
  facet normal -0.662189 0 0.749337
    outer loop
      vertex 79.6762 0.61 8.87683
      vertex 79.6762 -0.01 8.87683
      vertex 79.7627 -0.01 8.95327
    endloop
  endfacet
  facet normal -0.720399 0 0.69356
    outer loop
      vertex 79.5979 0.61 8.7955
      vertex 79.6762 -0.01 8.87683
      vertex 79.6762 0.61 8.87683
    endloop
  endfacet
  facet normal -0.720399 0 0.69356
    outer loop
      vertex 79.5979 0.61 8.7955
      vertex 79.5979 -0.01 8.7955
      vertex 79.6762 -0.01 8.87683
    endloop
  endfacet
  facet normal -0.776458 0 0.630169
    outer loop
      vertex 79.5279 0.61 8.70925
      vertex 79.5979 -0.01 8.7955
      vertex 79.5979 0.61 8.7955
    endloop
  endfacet
  facet normal -0.776458 0 0.630169
    outer loop
      vertex 79.5279 0.61 8.70925
      vertex 79.5279 -0.01 8.70925
      vertex 79.5979 -0.01 8.7955
    endloop
  endfacet
  facet normal -0.827723 0 0.561137
    outer loop
      vertex 79.4661 0.61 8.61809
      vertex 79.5279 -0.01 8.70925
      vertex 79.5279 0.61 8.70925
    endloop
  endfacet
  facet normal -0.827723 0 0.561137
    outer loop
      vertex 79.4661 0.61 8.61809
      vertex 79.4661 -0.01 8.61809
      vertex 79.5279 -0.01 8.70925
    endloop
  endfacet
  facet normal -0.87362 0 0.486608
    outer loop
      vertex 79.4126 0.61 8.52204
      vertex 79.4661 -0.01 8.61809
      vertex 79.4661 0.61 8.61809
    endloop
  endfacet
  facet normal -0.87362 0 0.486608
    outer loop
      vertex 79.4126 0.61 8.52204
      vertex 79.4126 -0.01 8.52204
      vertex 79.4661 -0.01 8.61809
    endloop
  endfacet
  facet normal -0.912075 0 0.410023
    outer loop
      vertex 79.3672 0.61 8.42105
      vertex 79.4126 -0.01 8.52204
      vertex 79.4126 0.61 8.52204
    endloop
  endfacet
  facet normal -0.912075 0 0.410023
    outer loop
      vertex 79.3672 0.61 8.42105
      vertex 79.3672 -0.01 8.42105
      vertex 79.4126 -0.01 8.52204
    endloop
  endfacet
  facet normal -0.944019 0 0.32989
    outer loop
      vertex 79.3302 0.61 8.31517
      vertex 79.3672 -0.01 8.42105
      vertex 79.3672 0.61 8.42105
    endloop
  endfacet
  facet normal -0.944019 0 0.32989
    outer loop
      vertex 79.3302 0.61 8.31517
      vertex 79.3302 -0.01 8.31517
      vertex 79.3672 -0.01 8.42105
    endloop
  endfacet
  facet normal -0.967621 0 0.252408
    outer loop
      vertex 79.3013 0.61 8.20438
      vertex 79.3302 -0.01 8.31517
      vertex 79.3302 0.61 8.31517
    endloop
  endfacet
  facet normal -0.967621 0 0.252408
    outer loop
      vertex 79.3013 0.61 8.20438
      vertex 79.3013 -0.01 8.20438
      vertex 79.3302 -0.01 8.31517
    endloop
  endfacet
  facet normal -0.984519 0 0.175275
    outer loop
      vertex 79.2807 0.61 8.08867
      vertex 79.3013 -0.01 8.20438
      vertex 79.3013 0.61 8.20438
    endloop
  endfacet
  facet normal -0.984519 0 0.175275
    outer loop
      vertex 79.2807 0.61 8.08867
      vertex 79.2807 -0.01 8.08867
      vertex 79.3013 -0.01 8.20438
    endloop
  endfacet
  facet normal -0.994839 0 0.101464
    outer loop
      vertex 79.2684 0.61 7.96807
      vertex 79.2807 -0.01 8.08867
      vertex 79.2807 0.61 8.08867
    endloop
  endfacet
  facet normal -0.994839 0 0.101464
    outer loop
      vertex 79.2684 0.61 7.96807
      vertex 79.2684 -0.01 7.96807
      vertex 79.2807 -0.01 8.08867
    endloop
  endfacet
  facet normal -0.999467 0 0.0326467
    outer loop
      vertex 79.2643 0.61 7.84255
      vertex 79.2684 -0.01 7.96807
      vertex 79.2684 0.61 7.96807
    endloop
  endfacet
  facet normal -0.999467 0 0.0326467
    outer loop
      vertex 79.2643 0.61 7.84255
      vertex 79.2643 -0.01 7.84255
      vertex 79.2684 -0.01 7.96807
    endloop
  endfacet
  facet normal -0.999627 0 -0.0273155
    outer loop
      vertex 79.2666 0.61 7.75838
      vertex 79.2643 -0.01 7.84255
      vertex 79.2643 0.61 7.84255
    endloop
  endfacet
  facet normal -0.999627 -0 -0.0273155
    outer loop
      vertex 79.2666 0.61 7.75838
      vertex 79.2666 -0.01 7.75838
      vertex 79.2643 -0.01 7.84255
    endloop
  endfacet
  facet normal -0.996306 0 -0.085878
    outer loop
      vertex 79.2737 0.61 7.67601
      vertex 79.2666 -0.01 7.75838
      vertex 79.2666 0.61 7.75838
    endloop
  endfacet
  facet normal -0.996306 -0 -0.085878
    outer loop
      vertex 79.2737 0.61 7.67601
      vertex 79.2737 -0.01 7.67601
      vertex 79.2666 -0.01 7.75838
    endloop
  endfacet
  facet normal -0.989434 0 -0.144981
    outer loop
      vertex 79.2855 0.61 7.59548
      vertex 79.2737 -0.01 7.67601
      vertex 79.2737 0.61 7.67601
    endloop
  endfacet
  facet normal -0.989434 -0 -0.144981
    outer loop
      vertex 79.2855 0.61 7.59548
      vertex 79.2855 -0.01 7.59548
      vertex 79.2737 -0.01 7.67601
    endloop
  endfacet
  facet normal -0.97898 0 -0.203954
    outer loop
      vertex 79.3019 0.61 7.51676
      vertex 79.2855 -0.01 7.59548
      vertex 79.2855 0.61 7.59548
    endloop
  endfacet
  facet normal -0.97898 -0 -0.203954
    outer loop
      vertex 79.3019 0.61 7.51676
      vertex 79.3019 -0.01 7.51676
      vertex 79.2855 -0.01 7.59548
    endloop
  endfacet
  facet normal -0.964046 0 -0.265736
    outer loop
      vertex 79.3231 0.61 7.43985
      vertex 79.3019 -0.01 7.51676
      vertex 79.3019 0.61 7.51676
    endloop
  endfacet
  facet normal -0.964046 -0 -0.265736
    outer loop
      vertex 79.3231 0.61 7.43985
      vertex 79.3231 -0.01 7.43985
      vertex 79.3019 -0.01 7.51676
    endloop
  endfacet
  facet normal -0.94536 0 -0.326029
    outer loop
      vertex 79.349 0.61 7.36475
      vertex 79.3231 -0.01 7.43985
      vertex 79.3231 0.61 7.43985
    endloop
  endfacet
  facet normal -0.94536 -0 -0.326029
    outer loop
      vertex 79.349 0.61 7.36475
      vertex 79.349 -0.01 7.36475
      vertex 79.3231 -0.01 7.43985
    endloop
  endfacet
  facet normal -0.92276 0 -0.385375
    outer loop
      vertex 79.3796 0.61 7.29148
      vertex 79.349 -0.01 7.36475
      vertex 79.349 0.61 7.36475
    endloop
  endfacet
  facet normal -0.92276 -0 -0.385375
    outer loop
      vertex 79.3796 0.61 7.29148
      vertex 79.3796 -0.01 7.29148
      vertex 79.349 -0.01 7.36475
    endloop
  endfacet
  facet normal -0.896575 0 -0.442892
    outer loop
      vertex 79.4149 0.61 7.22002
      vertex 79.3796 -0.01 7.29148
      vertex 79.3796 0.61 7.29148
    endloop
  endfacet
  facet normal -0.896575 -0 -0.442892
    outer loop
      vertex 79.4149 0.61 7.22002
      vertex 79.4149 -0.01 7.22002
      vertex 79.3796 -0.01 7.29148
    endloop
  endfacet
  facet normal -0.867199 0 -0.497961
    outer loop
      vertex 79.4549 0.61 7.15036
      vertex 79.4149 -0.01 7.22002
      vertex 79.4149 0.61 7.22002
    endloop
  endfacet
  facet normal -0.867199 -0 -0.497961
    outer loop
      vertex 79.4549 0.61 7.15036
      vertex 79.4549 -0.01 7.15036
      vertex 79.4149 -0.01 7.22002
    endloop
  endfacet
  facet normal -0.834956 0 -0.550317
    outer loop
      vertex 79.4996 0.61 7.08254
      vertex 79.4549 -0.01 7.15036
      vertex 79.4549 0.61 7.15036
    endloop
  endfacet
  facet normal -0.834956 -0 -0.550317
    outer loop
      vertex 79.4996 0.61 7.08254
      vertex 79.4996 -0.01 7.08254
      vertex 79.4549 -0.01 7.15036
    endloop
  endfacet
  facet normal -0.800625 0 -0.599165
    outer loop
      vertex 79.549 0.61 7.01653
      vertex 79.4996 -0.01 7.08254
      vertex 79.4996 0.61 7.08254
    endloop
  endfacet
  facet normal -0.800625 -0 -0.599165
    outer loop
      vertex 79.549 0.61 7.01653
      vertex 79.549 -0.01 7.01653
      vertex 79.4996 -0.01 7.08254
    endloop
  endfacet
  facet normal -0.763281 0 -0.646067
    outer loop
      vertex 79.6023 0.61 6.95356
      vertex 79.549 -0.01 7.01653
      vertex 79.549 0.61 7.01653
    endloop
  endfacet
  facet normal -0.763281 -0 -0.646067
    outer loop
      vertex 79.6023 0.61 6.95356
      vertex 79.6023 -0.01 6.95356
      vertex 79.549 -0.01 7.01653
    endloop
  endfacet
  facet normal -0.722615 0 -0.691251
    outer loop
      vertex 79.6585 0.61 6.89481
      vertex 79.6023 -0.01 6.95356
      vertex 79.6023 0.61 6.95356
    endloop
  endfacet
  facet normal -0.722615 -0 -0.691251
    outer loop
      vertex 79.6585 0.61 6.89481
      vertex 79.6585 -0.01 6.89481
      vertex 79.6023 -0.01 6.95356
    endloop
  endfacet
  facet normal -0.677366 0 -0.735646
    outer loop
      vertex 79.7177 0.61 6.8403
      vertex 79.6585 -0.01 6.89481
      vertex 79.6585 0.61 6.89481
    endloop
  endfacet
  facet normal -0.677366 -0 -0.735646
    outer loop
      vertex 79.7177 0.61 6.8403
      vertex 79.7177 -0.01 6.8403
      vertex 79.6585 -0.01 6.89481
    endloop
  endfacet
  facet normal -0.629112 0 -0.777315
    outer loop
      vertex 79.7798 0.61 6.79004
      vertex 79.7177 -0.01 6.8403
      vertex 79.7177 0.61 6.8403
    endloop
  endfacet
  facet normal -0.629112 -0 -0.777315
    outer loop
      vertex 79.7798 0.61 6.79004
      vertex 79.7798 -0.01 6.79004
      vertex 79.7177 -0.01 6.8403
    endloop
  endfacet
  facet normal -0.576737 0 -0.81693
    outer loop
      vertex 79.845 0.61 6.74401
      vertex 79.7798 -0.01 6.79004
      vertex 79.7798 0.61 6.79004
    endloop
  endfacet
  facet normal -0.576737 -0 -0.81693
    outer loop
      vertex 79.845 0.61 6.74401
      vertex 79.845 -0.01 6.74401
      vertex 79.7798 -0.01 6.79004
    endloop
  endfacet
  facet normal -0.523496 0 -0.852028
    outer loop
      vertex 79.913 0.61 6.70223
      vertex 79.845 -0.01 6.74401
      vertex 79.845 0.61 6.74401
    endloop
  endfacet
  facet normal -0.523496 -0 -0.852028
    outer loop
      vertex 79.913 0.61 6.70223
      vertex 79.913 -0.01 6.70223
      vertex 79.845 -0.01 6.74401
    endloop
  endfacet
  facet normal -0.46771 0 -0.883882
    outer loop
      vertex 79.984 0.61 6.66466
      vertex 79.913 -0.01 6.70223
      vertex 79.913 0.61 6.70223
    endloop
  endfacet
  facet normal -0.46771 -0 -0.883882
    outer loop
      vertex 79.984 0.61 6.66466
      vertex 79.984 -0.01 6.66466
      vertex 79.913 -0.01 6.70223
    endloop
  endfacet
  facet normal -0.410467 0 -0.911875
    outer loop
      vertex 80.058 0.61 6.63135
      vertex 79.984 -0.01 6.66466
      vertex 79.984 0.61 6.66466
    endloop
  endfacet
  facet normal -0.410467 -0 -0.911875
    outer loop
      vertex 80.058 0.61 6.63135
      vertex 80.058 -0.01 6.63135
      vertex 79.984 -0.01 6.66466
    endloop
  endfacet
  facet normal -0.353708 0 -0.935356
    outer loop
      vertex 80.1349 0.61 6.60227
      vertex 80.058 -0.01 6.63135
      vertex 80.058 0.61 6.63135
    endloop
  endfacet
  facet normal -0.353708 -0 -0.935356
    outer loop
      vertex 80.1349 0.61 6.60227
      vertex 80.1349 -0.01 6.60227
      vertex 80.058 -0.01 6.63135
    endloop
  endfacet
  facet normal -0.297091 0 -0.954849
    outer loop
      vertex 80.2148 0.61 6.57741
      vertex 80.1349 -0.01 6.60227
      vertex 80.1349 0.61 6.60227
    endloop
  endfacet
  facet normal -0.297091 -0 -0.954849
    outer loop
      vertex 80.2148 0.61 6.57741
      vertex 80.2148 -0.01 6.57741
      vertex 80.1349 -0.01 6.60227
    endloop
  endfacet
  facet normal -0.241158 0 -0.970486
    outer loop
      vertex 80.2977 0.61 6.55681
      vertex 80.2148 -0.01 6.57741
      vertex 80.2148 0.61 6.57741
    endloop
  endfacet
  facet normal -0.241158 -0 -0.970486
    outer loop
      vertex 80.2977 0.61 6.55681
      vertex 80.2977 -0.01 6.55681
      vertex 80.2148 -0.01 6.57741
    endloop
  endfacet
  facet normal -1 0 0
    outer loop
      vertex 80.2977 0.61 6.54055
      vertex 80.2977 -0.01 6.55681
      vertex 80.2977 0.61 6.55681
    endloop
  endfacet
  facet normal -1 0 0
    outer loop
      vertex 80.2977 0.61 6.54055
      vertex 80.2977 -0.01 6.54055
      vertex 80.2977 -0.01 6.55681
    endloop
  endfacet
  facet normal -0.192444 0 0.981308
    outer loop
      vertex 80.2026 0.61 6.5219
      vertex 80.2977 -0.01 6.54055
      vertex 80.2977 0.61 6.54055
    endloop
  endfacet
  facet normal -0.192444 0 0.981308
    outer loop
      vertex 80.2026 0.61 6.5219
      vertex 80.2026 -0.01 6.5219
      vertex 80.2977 -0.01 6.54055
    endloop
  endfacet
  facet normal -0.247411 0 0.968911
    outer loop
      vertex 80.111 0.61 6.49851
      vertex 80.2026 -0.01 6.5219
      vertex 80.2026 0.61 6.5219
    endloop
  endfacet
  facet normal -0.247411 0 0.968911
    outer loop
      vertex 80.111 0.61 6.49851
      vertex 80.111 -0.01 6.49851
      vertex 80.2026 -0.01 6.5219
    endloop
  endfacet
  facet normal -0.304383 0 0.95255
    outer loop
      vertex 80.023 0.61 6.47039
      vertex 80.111 -0.01 6.49851
      vertex 80.111 0.61 6.49851
    endloop
  endfacet
  facet normal -0.304383 0 0.95255
    outer loop
      vertex 80.023 0.61 6.47039
      vertex 80.023 -0.01 6.47039
      vertex 80.111 -0.01 6.49851
    endloop
  endfacet
  facet normal -0.362904 0 0.931826
    outer loop
      vertex 79.9386 0.61 6.43752
      vertex 80.023 -0.01 6.47039
      vertex 80.023 0.61 6.47039
    endloop
  endfacet
  facet normal -0.362904 0 0.931826
    outer loop
      vertex 79.9386 0.61 6.43752
      vertex 79.9386 -0.01 6.43752
      vertex 80.023 -0.01 6.47039
    endloop
  endfacet
  facet normal -0.421566 0 0.906798
    outer loop
      vertex 79.8577 0.61 6.39991
      vertex 79.9386 -0.01 6.43752
      vertex 79.9386 0.61 6.43752
    endloop
  endfacet
  facet normal -0.421566 0 0.906798
    outer loop
      vertex 79.8577 0.61 6.39991
      vertex 79.8577 -0.01 6.39991
      vertex 79.9386 -0.01 6.43752
    endloop
  endfacet
  facet normal -0.480481 0 0.877005
    outer loop
      vertex 79.7804 0.61 6.35756
      vertex 79.8577 -0.01 6.39991
      vertex 79.8577 0.61 6.39991
    endloop
  endfacet
  facet normal -0.480481 0 0.877005
    outer loop
      vertex 79.7804 0.61 6.35756
      vertex 79.7804 -0.01 6.35756
      vertex 79.8577 -0.01 6.39991
    endloop
  endfacet
  facet normal -0.538502 0 0.842624
    outer loop
      vertex 79.7067 0.61 6.31046
      vertex 79.7804 -0.01 6.35756
      vertex 79.7804 0.61 6.35756
    endloop
  endfacet
  facet normal -0.538502 0 0.842624
    outer loop
      vertex 79.7067 0.61 6.31046
      vertex 79.7067 -0.01 6.31046
      vertex 79.7804 -0.01 6.35756
    endloop
  endfacet
  facet normal -0.594043 0 0.804433
    outer loop
      vertex 79.6365 0.61 6.25862
      vertex 79.7067 -0.01 6.31046
      vertex 79.7067 0.61 6.31046
    endloop
  endfacet
  facet normal -0.594043 0 0.804433
    outer loop
      vertex 79.6365 0.61 6.25862
      vertex 79.6365 -0.01 6.25862
      vertex 79.7067 -0.01 6.31046
    endloop
  endfacet
  facet normal -0.647449 0 0.762109
    outer loop
      vertex 79.5699 0.61 6.20204
      vertex 79.6365 -0.01 6.25862
      vertex 79.6365 0.61 6.25862
    endloop
  endfacet
  facet normal -0.647449 0 0.762109
    outer loop
      vertex 79.5699 0.61 6.20204
      vertex 79.5699 -0.01 6.20204
      vertex 79.6365 -0.01 6.25862
    endloop
  endfacet
  facet normal -0.696919 0 0.71715
    outer loop
      vertex 79.5068 0.61 6.14072
      vertex 79.5699 -0.01 6.20204
      vertex 79.5699 0.61 6.20204
    endloop
  endfacet
  facet normal -0.696919 0 0.71715
    outer loop
      vertex 79.5068 0.61 6.14072
      vertex 79.5068 -0.01 6.14072
      vertex 79.5699 -0.01 6.20204
    endloop
  endfacet
  facet normal -0.743037 0 0.669251
    outer loop
      vertex 79.4473 0.61 6.07466
      vertex 79.5068 -0.01 6.14072
      vertex 79.5068 0.61 6.14072
    endloop
  endfacet
  facet normal -0.743037 0 0.669251
    outer loop
      vertex 79.4473 0.61 6.07466
      vertex 79.4473 -0.01 6.07466
      vertex 79.5068 -0.01 6.14072
    endloop
  endfacet
  facet normal -0.785674 0 0.618641
    outer loop
      vertex 79.3923 0.61 6.00481
      vertex 79.4473 -0.01 6.07466
      vertex 79.4473 0.61 6.07466
    endloop
  endfacet
  facet normal -0.785674 0 0.618641
    outer loop
      vertex 79.3923 0.61 6.00481
      vertex 79.3923 -0.01 6.00481
      vertex 79.4473 -0.01 6.07466
    endloop
  endfacet
  facet normal -0.824508 0 0.56585
    outer loop
      vertex 79.3424 0.61 5.9321
      vertex 79.3923 -0.01 6.00481
      vertex 79.3923 0.61 6.00481
    endloop
  endfacet
  facet normal -0.824508 0 0.56585
    outer loop
      vertex 79.3424 0.61 5.9321
      vertex 79.3424 -0.01 5.9321
      vertex 79.3923 -0.01 6.00481
    endloop
  endfacet
  facet normal -0.861729 0 0.507369
    outer loop
      vertex 79.2979 0.61 5.85652
      vertex 79.3424 -0.01 5.9321
      vertex 79.3424 0.61 5.9321
    endloop
  endfacet
  facet normal -0.861729 0 0.507369
    outer loop
      vertex 79.2979 0.61 5.85652
      vertex 79.2979 -0.01 5.85652
      vertex 79.3424 -0.01 5.9321
    endloop
  endfacet
  facet normal -0.893582 0 0.448899
    outer loop
      vertex 79.2585 0.61 5.77809
      vertex 79.2979 -0.01 5.85652
      vertex 79.2979 0.61 5.85652
    endloop
  endfacet
  facet normal -0.893582 0 0.448899
    outer loop
      vertex 79.2585 0.61 5.77809
      vertex 79.2585 -0.01 5.77809
      vertex 79.2979 -0.01 5.85652
    endloop
  endfacet
  facet normal -0.922134 0 0.38687
    outer loop
      vertex 79.2244 0.61 5.69681
      vertex 79.2585 -0.01 5.77809
      vertex 79.2585 0.61 5.77809
    endloop
  endfacet
  facet normal -0.922134 0 0.38687
    outer loop
      vertex 79.2244 0.61 5.69681
      vertex 79.2244 -0.01 5.69681
      vertex 79.2585 -0.01 5.77809
    endloop
  endfacet
  facet normal -0.946111 0 0.323841
    outer loop
      vertex 79.1956 0.61 5.61267
      vertex 79.2244 -0.01 5.69681
      vertex 79.2244 0.61 5.69681
    endloop
  endfacet
  facet normal -0.946111 0 0.323841
    outer loop
      vertex 79.1956 0.61 5.61267
      vertex 79.1956 -0.01 5.61267
      vertex 79.2244 -0.01 5.69681
    endloop
  endfacet
  facet normal -0.965137 0 0.261747
    outer loop
      vertex 79.172 0.61 5.52565
      vertex 79.1956 -0.01 5.61267
      vertex 79.1956 0.61 5.61267
    endloop
  endfacet
  facet normal -0.965137 0 0.261747
    outer loop
      vertex 79.172 0.61 5.52565
      vertex 79.172 -0.01 5.52565
      vertex 79.1956 -0.01 5.61267
    endloop
  endfacet
  facet normal -0.979673 0 0.200601
    outer loop
      vertex 79.1536 0.61 5.43579
      vertex 79.172 -0.01 5.52565
      vertex 79.172 0.61 5.52565
    endloop
  endfacet
  facet normal -0.979673 0 0.200601
    outer loop
      vertex 79.1536 0.61 5.43579
      vertex 79.1536 -0.01 5.43579
      vertex 79.172 -0.01 5.52565
    endloop
  endfacet
  facet normal -0.990166 0 0.139896
    outer loop
      vertex 79.1405 0.61 5.34307
      vertex 79.1536 -0.01 5.43579
      vertex 79.1536 0.61 5.43579
    endloop
  endfacet
  facet normal -0.990166 0 0.139896
    outer loop
      vertex 79.1405 0.61 5.34307
      vertex 79.1405 -0.01 5.34307
      vertex 79.1536 -0.01 5.43579
    endloop
  endfacet
  facet normal -0.996602 0 0.0823724
    outer loop
      vertex 79.1326 0.61 5.24749
      vertex 79.1405 -0.01 5.34307
      vertex 79.1405 0.61 5.34307
    endloop
  endfacet
  facet normal -0.996602 0 0.0823724
    outer loop
      vertex 79.1326 0.61 5.24749
      vertex 79.1326 -0.01 5.24749
      vertex 79.1405 -0.01 5.34307
    endloop
  endfacet
  facet normal -0.999651 0 0.0264001
    outer loop
      vertex 79.13 0.61 5.14904
      vertex 79.1326 -0.01 5.24749
      vertex 79.1326 0.61 5.24749
    endloop
  endfacet
  facet normal -0.999651 0 0.0264001
    outer loop
      vertex 79.13 0.61 5.14904
      vertex 79.13 -0.01 5.14904
      vertex 79.1326 -0.01 5.24749
    endloop
  endfacet
  facet normal -0.999525 0 -0.0308042
    outer loop
      vertex 79.1344 0.61 5.00627
      vertex 79.13 -0.01 5.14904
      vertex 79.13 0.61 5.14904
    endloop
  endfacet
  facet normal -0.999525 -0 -0.0308042
    outer loop
      vertex 79.1344 0.61 5.00627
      vertex 79.1344 -0.01 5.00627
      vertex 79.13 -0.01 5.14904
    endloop
  endfacet
  facet normal -0.995242 0 -0.0974373
    outer loop
      vertex 79.1478 0.61 4.8694
      vertex 79.1344 -0.01 5.00627
      vertex 79.1344 0.61 5.00627
    endloop
  endfacet
  facet normal -0.995242 -0 -0.0974373
    outer loop
      vertex 79.1478 0.61 4.8694
      vertex 79.1478 -0.01 4.8694
      vertex 79.1344 -0.01 5.00627
    endloop
  endfacet
  facet normal -0.985804 0 -0.167902
    outer loop
      vertex 79.1701 0.61 4.73847
      vertex 79.1478 -0.01 4.8694
      vertex 79.1478 0.61 4.8694
    endloop
  endfacet
  facet normal -0.985804 -0 -0.167902
    outer loop
      vertex 79.1701 0.61 4.73847
      vertex 79.1701 -0.01 4.73847
      vertex 79.1478 -0.01 4.8694
    endloop
  endfacet
  facet normal -0.970243 0 -0.242134
    outer loop
      vertex 79.2013 0.61 4.61345
      vertex 79.1701 -0.01 4.73847
      vertex 79.1701 0.61 4.73847
    endloop
  endfacet
  facet normal -0.970243 -0 -0.242134
    outer loop
      vertex 79.2013 0.61 4.61345
      vertex 79.2013 -0.01 4.61345
      vertex 79.1701 -0.01 4.73847
    endloop
  endfacet
  facet normal -0.947732 0 -0.319067
    outer loop
      vertex 79.2414 0.61 4.49434
      vertex 79.2013 -0.01 4.61345
      vertex 79.2013 0.61 4.61345
    endloop
  endfacet
  facet normal -0.947732 -0 -0.319067
    outer loop
      vertex 79.2414 0.61 4.49434
      vertex 79.2414 -0.01 4.49434
      vertex 79.2013 -0.01 4.61345
    endloop
  endfacet
  facet normal -0.917701 0 -0.397273
    outer loop
      vertex 79.2904 0.61 4.38115
      vertex 79.2414 -0.01 4.49434
      vertex 79.2414 0.61 4.49434
    endloop
  endfacet
  facet normal -0.917701 -0 -0.397273
    outer loop
      vertex 79.2904 0.61 4.38115
      vertex 79.2904 -0.01 4.38115
      vertex 79.2414 -0.01 4.49434
    endloop
  endfacet
  facet normal -0.879994 0 -0.474985
    outer loop
      vertex 79.3483 0.61 4.27388
      vertex 79.2904 -0.01 4.38115
      vertex 79.2904 0.61 4.38115
    endloop
  endfacet
  facet normal -0.879994 -0 -0.474985
    outer loop
      vertex 79.3483 0.61 4.27388
      vertex 79.3483 -0.01 4.27388
      vertex 79.2904 -0.01 4.38115
    endloop
  endfacet
  facet normal -0.834954 0 -0.55032
    outer loop
      vertex 79.4151 0.61 4.17253
      vertex 79.3483 -0.01 4.27388
      vertex 79.3483 0.61 4.27388
    endloop
  endfacet
  facet normal -0.834954 -0 -0.55032
    outer loop
      vertex 79.4151 0.61 4.17253
      vertex 79.4151 -0.01 4.17253
      vertex 79.3483 -0.01 4.27388
    endloop
  endfacet
  facet normal -0.783073 0 -0.62193
    outer loop
      vertex 79.4909 0.61 4.07709
      vertex 79.4151 -0.01 4.17253
      vertex 79.4151 0.61 4.17253
    endloop
  endfacet
  facet normal -0.783073 -0 -0.62193
    outer loop
      vertex 79.4909 0.61 4.07709
      vertex 79.4909 -0.01 4.07709
      vertex 79.4151 -0.01 4.17253
    endloop
  endfacet
  facet normal -0.726759 0 -0.686893
    outer loop
      vertex 79.5755 0.61 3.98758
      vertex 79.4909 -0.01 4.07709
      vertex 79.4909 0.61 4.07709
    endloop
  endfacet
  facet normal -0.726759 -0 -0.686893
    outer loop
      vertex 79.5755 0.61 3.98758
      vertex 79.5755 -0.01 3.98758
      vertex 79.4909 -0.01 4.07709
    endloop
  endfacet
  facet normal -0.666142 0 -0.745825
    outer loop
      vertex 79.6691 0.61 3.90398
      vertex 79.5755 -0.01 3.98758
      vertex 79.5755 0.61 3.98758
    endloop
  endfacet
  facet normal -0.666142 -0 -0.745825
    outer loop
      vertex 79.6691 0.61 3.90398
      vertex 79.6691 -0.01 3.90398
      vertex 79.5755 -0.01 3.98758
    endloop
  endfacet
  facet normal -0.603482 0 -0.797377
    outer loop
      vertex 79.7708 0.61 3.82701
      vertex 79.6691 -0.01 3.90398
      vertex 79.6691 0.61 3.90398
    endloop
  endfacet
  facet normal -0.603482 -0 -0.797377
    outer loop
      vertex 79.7708 0.61 3.82701
      vertex 79.7708 -0.01 3.82701
      vertex 79.6691 -0.01 3.90398
    endloop
  endfacet
  facet normal -0.538636 0 -0.842538
    outer loop
      vertex 79.8797 0.61 3.75739
      vertex 79.7708 -0.01 3.82701
      vertex 79.7708 0.61 3.82701
    endloop
  endfacet
  facet normal -0.538636 -0 -0.842538
    outer loop
      vertex 79.8797 0.61 3.75739
      vertex 79.8797 -0.01 3.75739
      vertex 79.7708 -0.01 3.82701
    endloop
  endfacet
  facet normal -0.4722 0 -0.881491
    outer loop
      vertex 79.996 0.61 3.69509
      vertex 79.8797 -0.01 3.75739
      vertex 79.8797 0.61 3.75739
    endloop
  endfacet
  facet normal -0.4722 -0 -0.881491
    outer loop
      vertex 79.996 0.61 3.69509
      vertex 79.996 -0.01 3.69509
      vertex 79.8797 -0.01 3.75739
    endloop
  endfacet
  facet normal -0.406701 0 -0.913561
    outer loop
      vertex 80.1195 0.61 3.64011
      vertex 79.996 -0.01 3.69509
      vertex 79.996 0.61 3.69509
    endloop
  endfacet
  facet normal -0.406701 -0 -0.913561
    outer loop
      vertex 80.1195 0.61 3.64011
      vertex 80.1195 -0.01 3.64011
      vertex 79.996 -0.01 3.69509
    endloop
  endfacet
  facet normal -0.34206 0 -0.939678
    outer loop
      vertex 80.2504 0.61 3.59246
      vertex 80.1195 -0.01 3.64011
      vertex 80.1195 0.61 3.64011
    endloop
  endfacet
  facet normal -0.34206 -0 -0.939678
    outer loop
      vertex 80.2504 0.61 3.59246
      vertex 80.2504 -0.01 3.59246
      vertex 80.1195 -0.01 3.64011
    endloop
  endfacet
  facet normal -0.280262 0 -0.959924
    outer loop
      vertex 80.3885 0.61 3.55214
      vertex 80.2504 -0.01 3.59246
      vertex 80.2504 0.61 3.59246
    endloop
  endfacet
  facet normal -0.280262 -0 -0.959924
    outer loop
      vertex 80.3885 0.61 3.55214
      vertex 80.3885 -0.01 3.55214
      vertex 80.2504 -0.01 3.59246
    endloop
  endfacet
  facet normal -0.220995 0 -0.975275
    outer loop
      vertex 80.534 0.61 3.51917
      vertex 80.3885 -0.01 3.55214
      vertex 80.3885 0.61 3.55214
    endloop
  endfacet
  facet normal -0.220995 -0 -0.975275
    outer loop
      vertex 80.534 0.61 3.51917
      vertex 80.534 -0.01 3.51917
      vertex 80.3885 -0.01 3.55214
    endloop
  endfacet
  facet normal -0.165781 0 -0.986163
    outer loop
      vertex 80.6867 0.61 3.4935
      vertex 80.534 -0.01 3.51917
      vertex 80.534 0.61 3.51917
    endloop
  endfacet
  facet normal -0.165781 -0 -0.986163
    outer loop
      vertex 80.6867 0.61 3.4935
      vertex 80.6867 -0.01 3.4935
      vertex 80.534 -0.01 3.51917
    endloop
  endfacet
  facet normal -0.113687 0 -0.993517
    outer loop
      vertex 80.8468 0.61 3.47518
      vertex 80.6867 -0.01 3.4935
      vertex 80.6867 0.61 3.4935
    endloop
  endfacet
  facet normal -0.113687 -0 -0.993517
    outer loop
      vertex 80.8468 0.61 3.47518
      vertex 80.8468 -0.01 3.47518
      vertex 80.6867 -0.01 3.4935
    endloop
  endfacet
  facet normal -0.0655491 0 -0.997849
    outer loop
      vertex 81.0141 0.61 3.46419
      vertex 80.8468 -0.01 3.47518
      vertex 80.8468 0.61 3.47518
    endloop
  endfacet
  facet normal -0.0655491 -0 -0.997849
    outer loop
      vertex 81.0141 0.61 3.46419
      vertex 81.0141 -0.01 3.46419
      vertex 80.8468 -0.01 3.47518
    endloop
  endfacet
  facet normal -0.0209456 0 -0.999781
    outer loop
      vertex 81.1888 0.61 3.46053
      vertex 81.0141 -0.01 3.46419
      vertex 81.0141 0.61 3.46419
    endloop
  endfacet
  facet normal -0.0209456 -0 -0.999781
    outer loop
      vertex 81.1888 0.61 3.46053
      vertex 81.1888 -0.01 3.46053
      vertex 81.0141 -0.01 3.46419
    endloop
  endfacet
  facet normal 0.0209045 0 -0.999781
    outer loop
      vertex 81.3648 0.61 3.46421
      vertex 81.1888 -0.01 3.46053
      vertex 81.1888 0.61 3.46053
    endloop
  endfacet
  facet normal 0.0209045 0 -0.999781
    outer loop
      vertex 81.3648 0.61 3.46421
      vertex 81.3648 -0.01 3.46421
      vertex 81.1888 -0.01 3.46053
    endloop
  endfacet
  facet normal 0.170673 0 0.985328
    outer loop
      vertex 80.9331 0.61 6.97866
      vertex 80.9331 -0.01 6.97866
      vertex 81.0507 0.61 6.95829
    endloop
  endfacet
  facet normal 0.170673 -0 0.985328
    outer loop
      vertex 81.0507 -0.01 6.95829
      vertex 81.0507 0.61 6.95829
      vertex 80.9331 -0.01 6.97866
    endloop
  endfacet
  facet normal 0.307204 0 0.951644
    outer loop
      vertex 80.8279 0.61 7.01262
      vertex 80.8279 -0.01 7.01262
      vertex 80.9331 0.61 6.97866
    endloop
  endfacet
  facet normal 0.307204 -0 0.951644
    outer loop
      vertex 80.9331 -0.01 6.97866
      vertex 80.9331 0.61 6.97866
      vertex 80.8279 -0.01 7.01262
    endloop
  endfacet
  facet normal 0.456015 0 0.889972
    outer loop
      vertex 80.7351 0.61 7.06017
      vertex 80.7351 -0.01 7.06017
      vertex 80.8279 0.61 7.01262
    endloop
  endfacet
  facet normal 0.456015 -0 0.889972
    outer loop
      vertex 80.8279 -0.01 7.01262
      vertex 80.8279 0.61 7.01262
      vertex 80.7351 -0.01 7.06017
    endloop
  endfacet
  facet normal 0.605184 0 0.796086
    outer loop
      vertex 80.6547 0.61 7.12129
      vertex 80.6547 -0.01 7.12129
      vertex 80.7351 0.61 7.06017
    endloop
  endfacet
  facet normal 0.605184 -0 0.796086
    outer loop
      vertex 80.7351 -0.01 7.06017
      vertex 80.7351 0.61 7.06017
      vertex 80.6547 -0.01 7.12129
    endloop
  endfacet
  facet normal 0.739627 0 0.673018
    outer loop
      vertex 80.5867 0.61 7.19602
      vertex 80.5867 -0.01 7.19602
      vertex 80.6547 0.61 7.12129
    endloop
  endfacet
  facet normal 0.739627 -0 0.673018
    outer loop
      vertex 80.6547 -0.01 7.12129
      vertex 80.6547 0.61 7.12129
      vertex 80.5867 -0.01 7.19602
    endloop
  endfacet
  facet normal 0.845785 0 0.533524
    outer loop
      vertex 80.531 0.61 7.28432
      vertex 80.531 -0.01 7.28432
      vertex 80.5867 0.61 7.19602
    endloop
  endfacet
  facet normal 0.845785 -0 0.533524
    outer loop
      vertex 80.5867 -0.01 7.19602
      vertex 80.5867 0.61 7.19602
      vertex 80.531 -0.01 7.28432
    endloop
  endfacet
  facet normal 0.920328 0 0.391148
    outer loop
      vertex 80.4877 0.61 7.3862
      vertex 80.4877 -0.01 7.3862
      vertex 80.531 0.61 7.28432
    endloop
  endfacet
  facet normal 0.920328 -0 0.391148
    outer loop
      vertex 80.531 -0.01 7.28432
      vertex 80.531 0.61 7.28432
      vertex 80.4877 -0.01 7.3862
    endloop
  endfacet
  facet normal 0.9658 0 0.259287
    outer loop
      vertex 80.4567 0.61 7.50167
      vertex 80.4567 -0.01 7.50167
      vertex 80.4877 0.61 7.3862
    endloop
  endfacet
  facet normal 0.9658 -0 0.259287
    outer loop
      vertex 80.4877 -0.01 7.3862
      vertex 80.4877 0.61 7.3862
      vertex 80.4567 -0.01 7.50167
    endloop
  endfacet
  facet normal 0.98988 0 0.141905
    outer loop
      vertex 80.4382 0.61 7.63072
      vertex 80.4382 -0.01 7.63072
      vertex 80.4567 0.61 7.50167
    endloop
  endfacet
  facet normal 0.98988 -0 0.141905
    outer loop
      vertex 80.4567 -0.01 7.50167
      vertex 80.4567 0.61 7.50167
      vertex 80.4382 -0.01 7.63072
    endloop
  endfacet
  facet normal 0.999057 0 0.0434251
    outer loop
      vertex 80.432 0.61 7.77336
      vertex 80.432 -0.01 7.77336
      vertex 80.4382 0.61 7.63072
    endloop
  endfacet
  facet normal 0.999057 -0 0.0434251
    outer loop
      vertex 80.4382 -0.01 7.63072
      vertex 80.4382 0.61 7.63072
      vertex 80.432 -0.01 7.77336
    endloop
  endfacet
  facet normal 0.999 0 -0.0447095
    outer loop
      vertex 80.4381 0.61 7.90966
      vertex 80.4381 -0.01 7.90966
      vertex 80.432 0.61 7.77336
    endloop
  endfacet
  facet normal 0.999 0 -0.0447095
    outer loop
      vertex 80.432 -0.01 7.77336
      vertex 80.432 0.61 7.77336
      vertex 80.4381 -0.01 7.90966
    endloop
  endfacet
  facet normal 0.989048 0 -0.147595
    outer loop
      vertex 80.4565 0.61 8.03296
      vertex 80.4565 -0.01 8.03296
      vertex 80.4381 0.61 7.90966
    endloop
  endfacet
  facet normal 0.989048 0 -0.147595
    outer loop
      vertex 80.4381 -0.01 7.90966
      vertex 80.4381 0.61 7.90966
      vertex 80.4565 -0.01 8.03296
    endloop
  endfacet
  facet normal 0.96363 0 -0.267238
    outer loop
      vertex 80.4871 0.61 8.1433
      vertex 80.4871 -0.01 8.1433
      vertex 80.4565 0.61 8.03296
    endloop
  endfacet
  facet normal 0.96363 0 -0.267238
    outer loop
      vertex 80.4565 -0.01 8.03296
      vertex 80.4565 0.61 8.03296
      vertex 80.4871 -0.01 8.1433
    endloop
  endfacet
  facet normal 0.915402 0 -0.40254
    outer loop
      vertex 80.5299 0.61 8.24063
      vertex 80.5299 -0.01 8.24063
      vertex 80.4871 0.61 8.1433
    endloop
  endfacet
  facet normal 0.915402 0 -0.40254
    outer loop
      vertex 80.4871 -0.01 8.1433
      vertex 80.4871 0.61 8.1433
      vertex 80.5299 -0.01 8.24063
    endloop
  endfacet
  facet normal 0.837324 0 -0.546707
    outer loop
      vertex 80.585 0.61 8.32502
      vertex 80.585 -0.01 8.32502
      vertex 80.5299 0.61 8.24063
    endloop
  endfacet
  facet normal 0.837324 0 -0.546707
    outer loop
      vertex 80.5299 -0.01 8.24063
      vertex 80.5299 0.61 8.24063
      vertex 80.585 -0.01 8.32502
    endloop
  endfacet
  facet normal 0.727595 0 -0.686007
    outer loop
      vertex 80.6523 0.61 8.3964
      vertex 80.6523 -0.01 8.3964
      vertex 80.585 0.61 8.32502
    endloop
  endfacet
  facet normal 0.727595 0 -0.686007
    outer loop
      vertex 80.585 -0.01 8.32502
      vertex 80.585 0.61 8.32502
      vertex 80.6523 -0.01 8.3964
    endloop
  endfacet
  facet normal 0.591605 0 -0.806228
    outer loop
      vertex 80.7319 0.61 8.45481
      vertex 80.7319 -0.01 8.45481
      vertex 80.6523 0.61 8.3964
    endloop
  endfacet
  facet normal 0.591605 0 -0.806228
    outer loop
      vertex 80.6523 -0.01 8.3964
      vertex 80.6523 0.61 8.3964
      vertex 80.7319 -0.01 8.45481
    endloop
  endfacet
  facet normal 0.44346 0 -0.896294
    outer loop
      vertex 80.8237 0.61 8.50023
      vertex 80.8237 -0.01 8.50023
      vertex 80.7319 0.61 8.45481
    endloop
  endfacet
  facet normal 0.44346 0 -0.896294
    outer loop
      vertex 80.7319 -0.01 8.45481
      vertex 80.7319 0.61 8.45481
      vertex 80.8237 -0.01 8.50023
    endloop
  endfacet
  facet normal 0.29794 0 -0.954584
    outer loop
      vertex 80.9277 0.61 8.53269
      vertex 80.9277 -0.01 8.53269
      vertex 80.8237 0.61 8.50023
    endloop
  endfacet
  facet normal 0.29794 0 -0.954584
    outer loop
      vertex 80.8237 -0.01 8.50023
      vertex 80.8237 0.61 8.50023
      vertex 80.9277 -0.01 8.53269
    endloop
  endfacet
  facet normal 0.165114 0 -0.986274
    outer loop
      vertex 81.044 0.61 8.55216
      vertex 81.044 -0.01 8.55216
      vertex 80.9277 0.61 8.53269
    endloop
  endfacet
  facet normal 0.165114 0 -0.986274
    outer loop
      vertex 80.9277 -0.01 8.53269
      vertex 80.9277 0.61 8.53269
      vertex 81.044 -0.01 8.55216
    endloop
  endfacet
  facet normal 0.050364 0 -0.998731
    outer loop
      vertex 81.1725 0.61 8.55864
      vertex 81.1725 -0.01 8.55864
      vertex 81.044 0.61 8.55216
    endloop
  endfacet
  facet normal 0.050364 0 -0.998731
    outer loop
      vertex 81.044 -0.01 8.55216
      vertex 81.044 0.61 8.55216
      vertex 81.1725 -0.01 8.55864
    endloop
  endfacet
  facet normal -0.0230593 -0 -0.999734
    outer loop
      vertex 81.2397 0.61 8.55709
      vertex 81.2397 -0.01 8.55709
      vertex 81.1725 0.61 8.55864
    endloop
  endfacet
  facet normal -0.0230593 0 -0.999734
    outer loop
      vertex 81.1725 -0.01 8.55864
      vertex 81.1725 0.61 8.55864
      vertex 81.2397 -0.01 8.55709
    endloop
  endfacet
  facet normal -0.0731266 -0 -0.997323
    outer loop
      vertex 81.3038 0.61 8.55239
      vertex 81.3038 -0.01 8.55239
      vertex 81.2397 0.61 8.55709
    endloop
  endfacet
  facet normal -0.0731266 0 -0.997323
    outer loop
      vertex 81.2397 -0.01 8.55709
      vertex 81.2397 0.61 8.55709
      vertex 81.3038 -0.01 8.55239
    endloop
  endfacet
  facet normal -0.127362 -0 -0.991856
    outer loop
      vertex 81.3647 0.61 8.54457
      vertex 81.3647 -0.01 8.54457
      vertex 81.3038 0.61 8.55239
    endloop
  endfacet
  facet normal -0.127362 0 -0.991856
    outer loop
      vertex 81.3038 -0.01 8.55239
      vertex 81.3038 0.61 8.55239
      vertex 81.3647 -0.01 8.54457
    endloop
  endfacet
  facet normal -0.186447 -0 -0.982465
    outer loop
      vertex 81.4224 0.61 8.53362
      vertex 81.4224 -0.01 8.53362
      vertex 81.3647 0.61 8.54457
    endloop
  endfacet
  facet normal -0.186447 0 -0.982465
    outer loop
      vertex 81.3647 -0.01 8.54457
      vertex 81.3647 0.61 8.54457
      vertex 81.4224 -0.01 8.53362
    endloop
  endfacet
  facet normal -0.24954 -0 -0.968364
    outer loop
      vertex 81.477 0.61 8.51955
      vertex 81.477 -0.01 8.51955
      vertex 81.4224 0.61 8.53362
    endloop
  endfacet
  facet normal -0.24954 0 -0.968364
    outer loop
      vertex 81.4224 -0.01 8.53362
      vertex 81.4224 0.61 8.53362
      vertex 81.477 -0.01 8.51955
    endloop
  endfacet
  facet normal -0.3175 -0 -0.948258
    outer loop
      vertex 81.5284 0.61 8.50234
      vertex 81.5284 -0.01 8.50234
      vertex 81.477 0.61 8.51955
    endloop
  endfacet
  facet normal -0.3175 0 -0.948258
    outer loop
      vertex 81.477 -0.01 8.51955
      vertex 81.477 0.61 8.51955
      vertex 81.5284 -0.01 8.50234
    endloop
  endfacet
  facet normal -0.38863 -0 -0.921394
    outer loop
      vertex 81.5766 0.61 8.48201
      vertex 81.5766 -0.01 8.48201
      vertex 81.5284 0.61 8.50234
    endloop
  endfacet
  facet normal -0.38863 0 -0.921394
    outer loop
      vertex 81.5284 -0.01 8.50234
      vertex 81.5284 0.61 8.50234
      vertex 81.5766 -0.01 8.48201
    endloop
  endfacet
  facet normal -0.461322 -0 -0.887233
    outer loop
      vertex 81.6217 0.61 8.45856
      vertex 81.6217 -0.01 8.45856
      vertex 81.5766 0.61 8.48201
    endloop
  endfacet
  facet normal -0.461322 0 -0.887233
    outer loop
      vertex 81.5766 -0.01 8.48201
      vertex 81.5766 0.61 8.48201
      vertex 81.6217 -0.01 8.45856
    endloop
  endfacet
  facet normal -0.535963 -0 -0.844242
    outer loop
      vertex 81.6636 0.61 8.43196
      vertex 81.6636 -0.01 8.43196
      vertex 81.6217 0.61 8.45856
    endloop
  endfacet
  facet normal -0.535963 0 -0.844242
    outer loop
      vertex 81.6217 -0.01 8.45856
      vertex 81.6217 0.61 8.45856
      vertex 81.6636 -0.01 8.43196
    endloop
  endfacet
  facet normal -0.60783 -0 -0.794067
    outer loop
      vertex 81.7024 0.61 8.40226
      vertex 81.7024 -0.01 8.40226
      vertex 81.6636 0.61 8.43196
    endloop
  endfacet
  facet normal -0.60783 0 -0.794067
    outer loop
      vertex 81.6636 -0.01 8.43196
      vertex 81.6636 0.61 8.43196
      vertex 81.7024 -0.01 8.40226
    endloop
  endfacet
  facet normal -0.678263 -0 -0.734819
    outer loop
      vertex 81.738 0.61 8.3694
      vertex 81.738 -0.01 8.3694
      vertex 81.7024 0.61 8.40226
    endloop
  endfacet
  facet normal -0.678263 0 -0.734819
    outer loop
      vertex 81.7024 -0.01 8.40226
      vertex 81.7024 0.61 8.40226
      vertex 81.738 -0.01 8.3694
    endloop
  endfacet
  facet normal -0.74402 -0 -0.668158
    outer loop
      vertex 81.7705 0.61 8.33321
      vertex 81.7705 -0.01 8.33321
      vertex 81.738 0.61 8.3694
    endloop
  endfacet
  facet normal -0.74402 0 -0.668158
    outer loop
      vertex 81.738 -0.01 8.3694
      vertex 81.738 0.61 8.3694
      vertex 81.7705 -0.01 8.33321
    endloop
  endfacet
  facet normal -0.804344 -0 -0.594164
    outer loop
      vertex 81.7999 0.61 8.29341
      vertex 81.7999 -0.01 8.29341
      vertex 81.7705 0.61 8.33321
    endloop
  endfacet
  facet normal -0.804344 0 -0.594164
    outer loop
      vertex 81.7705 -0.01 8.33321
      vertex 81.7705 0.61 8.33321
      vertex 81.7999 -0.01 8.29341
    endloop
  endfacet
  facet normal -0.855118 -0 -0.518433
    outer loop
      vertex 81.8262 0.61 8.25003
      vertex 81.8262 -0.01 8.25003
      vertex 81.7999 0.61 8.29341
    endloop
  endfacet
  facet normal -0.855118 0 -0.518433
    outer loop
      vertex 81.7999 -0.01 8.29341
      vertex 81.7999 0.61 8.29341
      vertex 81.8262 -0.01 8.25003
    endloop
  endfacet
  facet normal -0.896668 -0 -0.442705
    outer loop
      vertex 81.8494 0.61 8.20304
      vertex 81.8494 -0.01 8.20304
      vertex 81.8262 0.61 8.25003
    endloop
  endfacet
  facet normal -0.896668 0 -0.442705
    outer loop
      vertex 81.8262 -0.01 8.25003
      vertex 81.8262 0.61 8.25003
      vertex 81.8494 -0.01 8.20304
    endloop
  endfacet
  facet normal -0.929336 -0 -0.369236
    outer loop
      vertex 81.8695 0.61 8.15245
      vertex 81.8695 -0.01 8.15245
      vertex 81.8494 0.61 8.20304
    endloop
  endfacet
  facet normal -0.929336 0 -0.369236
    outer loop
      vertex 81.8494 -0.01 8.20304
      vertex 81.8494 0.61 8.20304
      vertex 81.8695 -0.01 8.15245
    endloop
  endfacet
  facet normal -0.954135 -0 -0.299378
    outer loop
      vertex 81.8865 0.61 8.09827
      vertex 81.8865 -0.01 8.09827
      vertex 81.8695 0.61 8.15245
    endloop
  endfacet
  facet normal -0.954135 0 -0.299378
    outer loop
      vertex 81.8695 -0.01 8.15245
      vertex 81.8695 0.61 8.15245
      vertex 81.8865 -0.01 8.09827
    endloop
  endfacet
  facet normal -0.971887 -0 -0.235446
    outer loop
      vertex 81.9005 0.61 8.04048
      vertex 81.9005 -0.01 8.04048
      vertex 81.8865 0.61 8.09827
    endloop
  endfacet
  facet normal -0.971887 0 -0.235446
    outer loop
      vertex 81.8865 -0.01 8.09827
      vertex 81.8865 0.61 8.09827
      vertex 81.9005 -0.01 8.04048
    endloop
  endfacet
  facet normal -0.984871 -0 -0.173291
    outer loop
      vertex 81.9113 0.61 7.9791
      vertex 81.9113 -0.01 7.9791
      vertex 81.9005 0.61 8.04048
    endloop
  endfacet
  facet normal -0.984871 0 -0.173291
    outer loop
      vertex 81.9005 -0.01 8.04048
      vertex 81.9005 0.61 8.04048
      vertex 81.9113 -0.01 7.9791
    endloop
  endfacet
  facet normal -0.99305 -0 -0.117693
    outer loop
      vertex 81.919 0.61 7.91413
      vertex 81.919 -0.01 7.91413
      vertex 81.9113 0.61 7.9791
    endloop
  endfacet
  facet normal -0.99305 0 -0.117693
    outer loop
      vertex 81.9113 -0.01 7.9791
      vertex 81.9113 0.61 7.9791
      vertex 81.919 -0.01 7.91413
    endloop
  endfacet
  facet normal -0.997661 -0 -0.0683628
    outer loop
      vertex 81.9237 0.61 7.84554
      vertex 81.9237 -0.01 7.84554
      vertex 81.919 0.61 7.91413
    endloop
  endfacet
  facet normal -0.997661 0 -0.0683628
    outer loop
      vertex 81.919 -0.01 7.91413
      vertex 81.919 0.61 7.91413
      vertex 81.9237 -0.01 7.84554
    endloop
  endfacet
  facet normal -0.999784 -0 -0.0207769
    outer loop
      vertex 81.9252 0.61 7.77336
      vertex 81.9252 -0.01 7.77336
      vertex 81.9237 0.61 7.84554
    endloop
  endfacet
  facet normal -0.999784 0 -0.0207769
    outer loop
      vertex 81.9237 -0.01 7.84554
      vertex 81.9237 0.61 7.84554
      vertex 81.9252 -0.01 7.77336
    endloop
  endfacet
  facet normal -0.999814 0 0.0192642
    outer loop
      vertex 81.9237 0.61 7.69551
      vertex 81.9237 -0.01 7.69551
      vertex 81.9252 0.61 7.77336
    endloop
  endfacet
  facet normal -0.999814 0 0.0192642
    outer loop
      vertex 81.9252 -0.01 7.77336
      vertex 81.9252 0.61 7.77336
      vertex 81.9237 -0.01 7.69551
    endloop
  endfacet
  facet normal -0.998059 0 0.0622687
    outer loop
      vertex 81.9191 0.61 7.62178
      vertex 81.9191 -0.01 7.62178
      vertex 81.9237 0.61 7.69551
    endloop
  endfacet
  facet normal -0.998059 0 0.0622687
    outer loop
      vertex 81.9237 -0.01 7.69551
      vertex 81.9237 0.61 7.69551
      vertex 81.9191 -0.01 7.62178
    endloop
  endfacet
  facet normal -0.993943 0 0.109899
    outer loop
      vertex 81.9114 0.61 7.55214
      vertex 81.9114 -0.01 7.55214
      vertex 81.9191 0.61 7.62178
    endloop
  endfacet
  facet normal -0.993943 0 0.109899
    outer loop
      vertex 81.9191 -0.01 7.62178
      vertex 81.9191 0.61 7.62178
      vertex 81.9114 -0.01 7.55214
    endloop
  endfacet
  facet normal -0.986938 0 0.161102
    outer loop
      vertex 81.9007 0.61 7.48659
      vertex 81.9007 -0.01 7.48659
      vertex 81.9114 0.61 7.55214
    endloop
  endfacet
  facet normal -0.986938 0 0.161102
    outer loop
      vertex 81.9114 -0.01 7.55214
      vertex 81.9114 0.61 7.55214
      vertex 81.9007 -0.01 7.48659
    endloop
  endfacet
  facet normal -0.975684 0 0.219183
    outer loop
      vertex 81.8869 0.61 7.42516
      vertex 81.8869 -0.01 7.42516
      vertex 81.9007 0.61 7.48659
    endloop
  endfacet
  facet normal -0.975684 0 0.219183
    outer loop
      vertex 81.9007 -0.01 7.48659
      vertex 81.9007 0.61 7.48659
      vertex 81.8869 -0.01 7.42516
    endloop
  endfacet
  facet normal -0.959645 0 0.281215
    outer loop
      vertex 81.8701 0.61 7.36783
      vertex 81.8701 -0.01 7.36783
      vertex 81.8869 0.61 7.42516
    endloop
  endfacet
  facet normal -0.959645 0 0.281215
    outer loop
      vertex 81.8869 -0.01 7.42516
      vertex 81.8869 0.61 7.42516
      vertex 81.8701 -0.01 7.36783
    endloop
  endfacet
  facet normal -0.936705 0 0.350121
    outer loop
      vertex 81.8502 0.61 7.31459
      vertex 81.8502 -0.01 7.31459
      vertex 81.8701 0.61 7.36783
    endloop
  endfacet
  facet normal -0.936705 0 0.350121
    outer loop
      vertex 81.8701 -0.01 7.36783
      vertex 81.8701 0.61 7.36783
      vertex 81.8502 -0.01 7.31459
    endloop
  endfacet
  facet normal -0.90631 0 0.422613
    outer loop
      vertex 81.8273 0.61 7.26548
      vertex 81.8273 -0.01 7.26548
      vertex 81.8502 0.61 7.31459
    endloop
  endfacet
  facet normal -0.90631 0 0.422613
    outer loop
      vertex 81.8502 -0.01 7.31459
      vertex 81.8502 0.61 7.31459
      vertex 81.8273 -0.01 7.26548
    endloop
  endfacet
  facet normal -0.866009 0 0.500028
    outer loop
      vertex 81.8013 0.61 7.22045
      vertex 81.8013 -0.01 7.22045
      vertex 81.8273 0.61 7.26548
    endloop
  endfacet
  facet normal -0.866009 0 0.500028
    outer loop
      vertex 81.8273 -0.01 7.26548
      vertex 81.8273 0.61 7.26548
      vertex 81.8013 -0.01 7.22045
    endloop
  endfacet
  facet normal -0.81501 0 0.579447
    outer loop
      vertex 81.7722 0.61 7.17952
      vertex 81.7722 -0.01 7.17952
      vertex 81.8013 0.61 7.22045
    endloop
  endfacet
  facet normal -0.81501 0 0.579447
    outer loop
      vertex 81.8013 -0.01 7.22045
      vertex 81.8013 0.61 7.22045
      vertex 81.7722 -0.01 7.17952
    endloop
  endfacet
  facet normal -0.752754 0 0.658302
    outer loop
      vertex 81.74 0.61 7.1427
      vertex 81.74 -0.01 7.1427
      vertex 81.7722 0.61 7.17952
    endloop
  endfacet
  facet normal -0.752754 0 0.658302
    outer loop
      vertex 81.7722 -0.01 7.17952
      vertex 81.7722 0.61 7.17952
      vertex 81.74 -0.01 7.1427
    endloop
  endfacet
  facet normal -0.685919 0 0.727678
    outer loop
      vertex 81.7048 0.61 7.10952
      vertex 81.7048 -0.01 7.10952
      vertex 81.74 0.61 7.1427
    endloop
  endfacet
  facet normal -0.685919 0 0.727678
    outer loop
      vertex 81.74 -0.01 7.1427
      vertex 81.74 0.61 7.1427
      vertex 81.7048 -0.01 7.10952
    endloop
  endfacet
  facet normal -0.616895 0 0.787045
    outer loop
      vertex 81.6665 0.61 7.0795
      vertex 81.6665 -0.01 7.0795
      vertex 81.7048 0.61 7.10952
    endloop
  endfacet
  facet normal -0.616895 0 0.787045
    outer loop
      vertex 81.7048 -0.01 7.10952
      vertex 81.7048 0.61 7.10952
      vertex 81.6665 -0.01 7.0795
    endloop
  endfacet
  facet normal -0.543494 0 0.839413
    outer loop
      vertex 81.625 0.61 7.05263
      vertex 81.625 -0.01 7.05263
      vertex 81.6665 0.61 7.0795
    endloop
  endfacet
  facet normal -0.543494 0 0.839413
    outer loop
      vertex 81.6665 -0.01 7.0795
      vertex 81.6665 0.61 7.0795
      vertex 81.625 -0.01 7.05263
    endloop
  endfacet
  facet normal -0.469406 0 0.882982
    outer loop
      vertex 81.5804 0.61 7.02892
      vertex 81.5804 -0.01 7.02892
      vertex 81.625 0.61 7.05263
    endloop
  endfacet
  facet normal -0.469406 0 0.882982
    outer loop
      vertex 81.625 -0.01 7.05263
      vertex 81.625 0.61 7.05263
      vertex 81.5804 -0.01 7.02892
    endloop
  endfacet
  facet normal -0.395499 0 0.918466
    outer loop
      vertex 81.5327 0.61 7.00838
      vertex 81.5327 -0.01 7.00838
      vertex 81.5804 0.61 7.02892
    endloop
  endfacet
  facet normal -0.395499 0 0.918466
    outer loop
      vertex 81.5804 -0.01 7.02892
      vertex 81.5804 0.61 7.02892
      vertex 81.5327 -0.01 7.00838
    endloop
  endfacet
  facet normal -0.323136 0 0.946353
    outer loop
      vertex 81.4818 0.61 6.991
      vertex 81.4818 -0.01 6.991
      vertex 81.5327 0.61 7.00838
    endloop
  endfacet
  facet normal -0.323136 0 0.946353
    outer loop
      vertex 81.5327 -0.01 7.00838
      vertex 81.5327 0.61 7.00838
      vertex 81.4818 -0.01 6.991
    endloop
  endfacet
  facet normal -0.254652 0 0.967033
    outer loop
      vertex 81.4278 0.61 6.97678
      vertex 81.4278 -0.01 6.97678
      vertex 81.4818 0.61 6.991
    endloop
  endfacet
  facet normal -0.254652 0 0.967033
    outer loop
      vertex 81.4818 -0.01 6.991
      vertex 81.4818 0.61 6.991
      vertex 81.4278 -0.01 6.97678
    endloop
  endfacet
  facet normal -0.190161 0 0.981753
    outer loop
      vertex 81.3707 0.61 6.96572
      vertex 81.3707 -0.01 6.96572
      vertex 81.4278 0.61 6.97678
    endloop
  endfacet
  facet normal -0.190161 0 0.981753
    outer loop
      vertex 81.4278 -0.01 6.97678
      vertex 81.4278 0.61 6.97678
      vertex 81.3707 -0.01 6.96572
    endloop
  endfacet
  facet normal -0.130276 0 0.991478
    outer loop
      vertex 81.3105 0.61 6.95781
      vertex 81.3105 -0.01 6.95781
      vertex 81.3707 0.61 6.96572
    endloop
  endfacet
  facet normal -0.130276 0 0.991478
    outer loop
      vertex 81.3707 -0.01 6.96572
      vertex 81.3707 0.61 6.96572
      vertex 81.3105 -0.01 6.95781
    endloop
  endfacet
  facet normal -0.0745553 0 0.997217
    outer loop
      vertex 81.2471 0.61 6.95307
      vertex 81.2471 -0.01 6.95307
      vertex 81.3105 0.61 6.95781
    endloop
  endfacet
  facet normal -0.0745553 0 0.997217
    outer loop
      vertex 81.3105 -0.01 6.95781
      vertex 81.3105 0.61 6.95781
      vertex 81.2471 -0.01 6.95307
    endloop
  endfacet
  facet normal -0.0239029 0 0.999714
    outer loop
      vertex 81.1806 0.61 6.95148
      vertex 81.1806 -0.01 6.95148
      vertex 81.2471 0.61 6.95307
    endloop
  endfacet
  facet normal -0.0239029 0 0.999714
    outer loop
      vertex 81.2471 -0.01 6.95307
      vertex 81.2471 0.61 6.95307
      vertex 81.1806 -0.01 6.95148
    endloop
  endfacet
  facet normal 0.052353 0 0.998629
    outer loop
      vertex 81.0507 0.61 6.95829
      vertex 81.0507 -0.01 6.95829
      vertex 81.1806 0.61 6.95148
    endloop
  endfacet
  facet normal 0.052353 -0 0.998629
    outer loop
      vertex 81.1806 -0.01 6.95148
      vertex 81.1806 0.61 6.95148
      vertex 81.0507 -0.01 6.95829
    endloop
  endfacet
  facet normal 0.0751793 0 0.99717
    outer loop
      vertex 81.0403 0.61 4.27381
      vertex 81.0403 -0.01 4.27381
      vertex 81.1167 0.61 4.26805
    endloop
  endfacet
  facet normal 0.0751793 -0 0.99717
    outer loop
      vertex 81.1167 -0.01 4.26805
      vertex 81.1167 0.61 4.26805
      vertex 81.0403 -0.01 4.27381
    endloop
  endfacet
  facet normal 0.130999 0 0.991382
    outer loop
      vertex 80.9678 0.61 4.28339
      vertex 80.9678 -0.01 4.28339
      vertex 81.0403 0.61 4.27381
    endloop
  endfacet
  facet normal 0.130999 -0 0.991382
    outer loop
      vertex 81.0403 -0.01 4.27381
      vertex 81.0403 0.61 4.27381
      vertex 80.9678 -0.01 4.28339
    endloop
  endfacet
  facet normal 0.191581 0 0.981477
    outer loop
      vertex 80.8991 0.61 4.2968
      vertex 80.8991 -0.01 4.2968
      vertex 80.9678 0.61 4.28339
    endloop
  endfacet
  facet normal 0.191581 -0 0.981477
    outer loop
      vertex 80.9678 -0.01 4.28339
      vertex 80.9678 0.61 4.28339
      vertex 80.8991 -0.01 4.2968
    endloop
  endfacet
  facet normal 0.257014 0 0.966408
    outer loop
      vertex 80.8342 0.61 4.31406
      vertex 80.8342 -0.01 4.31406
      vertex 80.8991 0.61 4.2968
    endloop
  endfacet
  facet normal 0.257014 -0 0.966408
    outer loop
      vertex 80.8991 -0.01 4.2968
      vertex 80.8991 0.61 4.2968
      vertex 80.8342 -0.01 4.31406
    endloop
  endfacet
  facet normal 0.326482 0 0.945203
    outer loop
      vertex 80.7732 0.61 4.33513
      vertex 80.7732 -0.01 4.33513
      vertex 80.8342 0.61 4.31406
    endloop
  endfacet
  facet normal 0.326482 -0 0.945203
    outer loop
      vertex 80.8342 -0.01 4.31406
      vertex 80.8342 0.61 4.31406
      vertex 80.7732 -0.01 4.33513
    endloop
  endfacet
  facet normal 0.399406 0 0.916774
    outer loop
      vertex 80.716 0.61 4.36005
      vertex 80.716 -0.01 4.36005
      vertex 80.7732 0.61 4.33513
    endloop
  endfacet
  facet normal 0.399406 -0 0.916774
    outer loop
      vertex 80.7732 -0.01 4.33513
      vertex 80.7732 0.61 4.33513
      vertex 80.716 -0.01 4.36005
    endloop
  endfacet
  facet normal 0.474051 0 0.880498
    outer loop
      vertex 80.6626 0.61 4.3888
      vertex 80.6626 -0.01 4.3888
      vertex 80.716 0.61 4.36005
    endloop
  endfacet
  facet normal 0.474051 -0 0.880498
    outer loop
      vertex 80.716 -0.01 4.36005
      vertex 80.716 0.61 4.36005
      vertex 80.6626 -0.01 4.3888
    endloop
  endfacet
  facet normal 0.549666 0 0.835384
    outer loop
      vertex 80.6131 0.61 4.42137
      vertex 80.6131 -0.01 4.42137
      vertex 80.6626 0.61 4.3888
    endloop
  endfacet
  facet normal 0.549666 -0 0.835384
    outer loop
      vertex 80.6626 -0.01 4.3888
      vertex 80.6626 0.61 4.3888
      vertex 80.6131 -0.01 4.42137
    endloop
  endfacet
  facet normal 0.623338 0 0.781953
    outer loop
      vertex 80.5674 0.61 4.4578
      vertex 80.5674 -0.01 4.4578
      vertex 80.6131 0.61 4.42137
    endloop
  endfacet
  facet normal 0.623338 -0 0.781953
    outer loop
      vertex 80.6131 -0.01 4.42137
      vertex 80.6131 0.61 4.42137
      vertex 80.5674 -0.01 4.4578
    endloop
  endfacet
  facet normal 0.692765 0 0.721164
    outer loop
      vertex 80.5255 0.61 4.49805
      vertex 80.5255 -0.01 4.49805
      vertex 80.5674 0.61 4.4578
    endloop
  endfacet
  facet normal 0.692765 -0 0.721164
    outer loop
      vertex 80.5674 -0.01 4.4578
      vertex 80.5674 0.61 4.4578
      vertex 80.5255 -0.01 4.49805
    endloop
  endfacet
  facet normal 0.758895 0 0.651214
    outer loop
      vertex 80.4874 0.61 4.54245
      vertex 80.4874 -0.01 4.54245
      vertex 80.5255 0.61 4.49805
    endloop
  endfacet
  facet normal 0.758895 -0 0.651214
    outer loop
      vertex 80.5255 -0.01 4.49805
      vertex 80.5255 0.61 4.49805
      vertex 80.4874 -0.01 4.54245
    endloop
  endfacet
  facet normal 0.817329 0 0.576172
    outer loop
      vertex 80.4529 0.61 4.59139
      vertex 80.4529 -0.01 4.59139
      vertex 80.4874 0.61 4.54245
    endloop
  endfacet
  facet normal 0.817329 -0 0.576172
    outer loop
      vertex 80.4874 -0.01 4.54245
      vertex 80.4874 0.61 4.54245
      vertex 80.4529 -0.01 4.59139
    endloop
  endfacet
  facet normal 0.865619 0 0.500704
    outer loop
      vertex 80.422 0.61 4.64481
      vertex 80.422 -0.01 4.64481
      vertex 80.4529 0.61 4.59139
    endloop
  endfacet
  facet normal 0.865619 -0 0.500704
    outer loop
      vertex 80.4529 -0.01 4.59139
      vertex 80.4529 0.61 4.59139
      vertex 80.422 -0.01 4.64481
    endloop
  endfacet
  facet normal 0.905215 0 0.424954
    outer loop
      vertex 80.3948 0.61 4.70275
      vertex 80.3948 -0.01 4.70275
      vertex 80.422 0.61 4.64481
    endloop
  endfacet
  facet normal 0.905215 -0 0.424954
    outer loop
      vertex 80.422 -0.01 4.64481
      vertex 80.422 0.61 4.64481
      vertex 80.3948 -0.01 4.70275
    endloop
  endfacet
  facet normal 0.935415 0 0.353552
    outer loop
      vertex 80.3712 0.61 4.76519
      vertex 80.3712 -0.01 4.76519
      vertex 80.3948 0.61 4.70275
    endloop
  endfacet
  facet normal 0.935415 -0 0.353552
    outer loop
      vertex 80.3948 -0.01 4.70275
      vertex 80.3948 0.61 4.70275
      vertex 80.3712 -0.01 4.76519
    endloop
  endfacet
  facet normal 0.95816 0 0.286232
    outer loop
      vertex 80.3512 0.61 4.83214
      vertex 80.3512 -0.01 4.83214
      vertex 80.3712 0.61 4.76519
    endloop
  endfacet
  facet normal 0.95816 -0 0.286232
    outer loop
      vertex 80.3712 -0.01 4.76519
      vertex 80.3712 0.61 4.76519
      vertex 80.3512 -0.01 4.83214
    endloop
  endfacet
  facet normal 0.974958 0 0.222388
    outer loop
      vertex 80.3349 0.61 4.9036
      vertex 80.3349 -0.01 4.9036
      vertex 80.3512 0.61 4.83214
    endloop
  endfacet
  facet normal 0.974958 -0 0.222388
    outer loop
      vertex 80.3512 -0.01 4.83214
      vertex 80.3512 0.61 4.83214
      vertex 80.3349 -0.01 4.9036
    endloop
  endfacet
  facet normal 0.98631 0 0.164904
    outer loop
      vertex 80.3222 0.61 4.97956
      vertex 80.3222 -0.01 4.97956
      vertex 80.3349 0.61 4.9036
    endloop
  endfacet
  facet normal 0.98631 -0 0.164904
    outer loop
      vertex 80.3349 -0.01 4.9036
      vertex 80.3349 0.61 4.9036
      vertex 80.3222 -0.01 4.97956
    endloop
  endfacet
  facet normal 0.993667 0 0.112369
    outer loop
      vertex 80.3131 0.61 5.06003
      vertex 80.3131 -0.01 5.06003
      vertex 80.3222 0.61 4.97956
    endloop
  endfacet
  facet normal 0.993667 -0 0.112369
    outer loop
      vertex 80.3222 -0.01 4.97956
      vertex 80.3222 0.61 4.97956
      vertex 80.3131 -0.01 5.06003
    endloop
  endfacet
  facet normal 0.997987 0 0.0634165
    outer loop
      vertex 80.3077 0.61 5.14501
      vertex 80.3077 -0.01 5.14501
      vertex 80.3131 0.61 5.06003
    endloop
  endfacet
  facet normal 0.997987 -0 0.0634165
    outer loop
      vertex 80.3131 -0.01 5.06003
      vertex 80.3131 0.61 5.06003
      vertex 80.3077 -0.01 5.14501
    endloop
  endfacet
  facet normal 0.999798 0 0.0201144
    outer loop
      vertex 80.3059 0.61 5.23448
      vertex 80.3059 -0.01 5.23448
      vertex 80.3077 0.61 5.14501
    endloop
  endfacet
  facet normal 0.999798 -0 0.0201144
    outer loop
      vertex 80.3077 -0.01 5.14501
      vertex 80.3077 0.61 5.14501
      vertex 80.3059 -0.01 5.23448
    endloop
  endfacet
  facet normal 0.99974 0 -0.022802
    outer loop
      vertex 80.3077 0.61 5.3134
      vertex 80.3077 -0.01 5.3134
      vertex 80.3059 0.61 5.23448
    endloop
  endfacet
  facet normal 0.99974 0 -0.022802
    outer loop
      vertex 80.3059 -0.01 5.23448
      vertex 80.3059 0.61 5.23448
      vertex 80.3077 -0.01 5.3134
    endloop
  endfacet
  facet normal 0.997357 0 -0.0726552
    outer loop
      vertex 80.3132 0.61 5.3889
      vertex 80.3132 -0.01 5.3889
      vertex 80.3077 0.61 5.3134
    endloop
  endfacet
  facet normal 0.997357 0 -0.0726552
    outer loop
      vertex 80.3077 -0.01 5.3134
      vertex 80.3077 0.61 5.3134
      vertex 80.3132 -0.01 5.3889
    endloop
  endfacet
  facet normal 0.991951 0 -0.126626
    outer loop
      vertex 80.3224 0.61 5.46097
      vertex 80.3224 -0.01 5.46097
      vertex 80.3132 0.61 5.3889
    endloop
  endfacet
  facet normal 0.991951 0 -0.126626
    outer loop
      vertex 80.3132 -0.01 5.3889
      vertex 80.3132 0.61 5.3889
      vertex 80.3224 -0.01 5.46097
    endloop
  endfacet
  facet normal 0.983048 0 -0.183346
    outer loop
      vertex 80.3352 0.61 5.5296
      vertex 80.3352 -0.01 5.5296
      vertex 80.3224 0.61 5.46097
    endloop
  endfacet
  facet normal 0.983048 0 -0.183346
    outer loop
      vertex 80.3224 -0.01 5.46097
      vertex 80.3224 0.61 5.46097
      vertex 80.3352 -0.01 5.5296
    endloop
  endfacet
  facet normal 0.969448 0 -0.245298
    outer loop
      vertex 80.3517 0.61 5.59481
      vertex 80.3517 -0.01 5.59481
      vertex 80.3352 0.61 5.5296
    endloop
  endfacet
  facet normal 0.969448 0 -0.245298
    outer loop
      vertex 80.3352 -0.01 5.5296
      vertex 80.3352 0.61 5.5296
      vertex 80.3517 -0.01 5.59481
    endloop
  endfacet
  facet normal 0.950907 0 -0.309476
    outer loop
      vertex 80.3718 0.61 5.65657
      vertex 80.3718 -0.01 5.65657
      vertex 80.3517 0.61 5.59481
    endloop
  endfacet
  facet normal 0.950907 0 -0.309476
    outer loop
      vertex 80.3517 -0.01 5.59481
      vertex 80.3517 0.61 5.59481
      vertex 80.3718 -0.01 5.65657
    endloop
  endfacet
  facet normal 0.925938 0 -0.377675
    outer loop
      vertex 80.3956 0.61 5.71492
      vertex 80.3956 -0.01 5.71492
      vertex 80.3718 0.61 5.65657
    endloop
  endfacet
  facet normal 0.925938 0 -0.377675
    outer loop
      vertex 80.3718 -0.01 5.65657
      vertex 80.3718 0.61 5.65657
      vertex 80.3956 -0.01 5.71492
    endloop
  endfacet
  facet normal 0.894101 0 -0.447865
    outer loop
      vertex 80.4231 0.61 5.76982
      vertex 80.4231 -0.01 5.76982
      vertex 80.3956 0.61 5.71492
    endloop
  endfacet
  facet normal 0.894101 0 -0.447865
    outer loop
      vertex 80.3956 -0.01 5.71492
      vertex 80.3956 0.61 5.71492
      vertex 80.4231 -0.01 5.76982
    endloop
  endfacet
  facet normal 0.855242 0 -0.518228
    outer loop
      vertex 80.4543 0.61 5.82131
      vertex 80.4543 -0.01 5.82131
      vertex 80.4231 0.61 5.76982
    endloop
  endfacet
  facet normal 0.855242 0 -0.518228
    outer loop
      vertex 80.4231 -0.01 5.76982
      vertex 80.4231 0.61 5.76982
      vertex 80.4543 -0.01 5.82131
    endloop
  endfacet
  facet normal 0.809901 0 -0.586567
    outer loop
      vertex 80.4891 0.61 5.86936
      vertex 80.4891 -0.01 5.86936
      vertex 80.4543 0.61 5.82131
    endloop
  endfacet
  facet normal 0.809901 0 -0.586567
    outer loop
      vertex 80.4543 -0.01 5.82131
      vertex 80.4543 0.61 5.82131
      vertex 80.4891 -0.01 5.86936
    endloop
  endfacet
  facet normal 0.757193 0 -0.653191
    outer loop
      vertex 80.5276 0.61 5.91399
      vertex 80.5276 -0.01 5.91399
      vertex 80.4891 0.61 5.86936
    endloop
  endfacet
  facet normal 0.757193 0 -0.653191
    outer loop
      vertex 80.4891 -0.01 5.86936
      vertex 80.4891 0.61 5.86936
      vertex 80.5276 -0.01 5.91399
    endloop
  endfacet
  facet normal 0.698953 0 -0.715168
    outer loop
      vertex 80.5695 0.61 5.95494
      vertex 80.5695 -0.01 5.95494
      vertex 80.5276 0.61 5.91399
    endloop
  endfacet
  facet normal 0.698953 0 -0.715168
    outer loop
      vertex 80.5276 -0.01 5.91399
      vertex 80.5276 0.61 5.91399
      vertex 80.5695 -0.01 5.95494
    endloop
  endfacet
  facet normal 0.634776 0 -0.772696
    outer loop
      vertex 80.6146 0.61 5.99199
      vertex 80.6146 -0.01 5.99199
      vertex 80.5695 0.61 5.95494
    endloop
  endfacet
  facet normal 0.634776 0 -0.772696
    outer loop
      vertex 80.5695 -0.01 5.95494
      vertex 80.5695 0.61 5.95494
      vertex 80.6146 -0.01 5.99199
    endloop
  endfacet
  facet normal 0.565993 0 -0.82441
    outer loop
      vertex 80.6629 0.61 6.02515
      vertex 80.6629 -0.01 6.02515
      vertex 80.6146 0.61 5.99199
    endloop
  endfacet
  facet normal 0.565993 0 -0.82441
    outer loop
      vertex 80.6146 -0.01 5.99199
      vertex 80.6146 0.61 5.99199
      vertex 80.6629 -0.01 6.02515
    endloop
  endfacet
  facet normal 0.493864 0 -0.869539
    outer loop
      vertex 80.7144 0.61 6.0544
      vertex 80.7144 -0.01 6.0544
      vertex 80.6629 0.61 6.02515
    endloop
  endfacet
  facet normal 0.493864 0 -0.869539
    outer loop
      vertex 80.6629 -0.01 6.02515
      vertex 80.6629 0.61 6.02515
      vertex 80.7144 -0.01 6.0544
    endloop
  endfacet
  facet normal 0.420614 0 -0.90724
    outer loop
      vertex 80.7691 0.61 6.07976
      vertex 80.7691 -0.01 6.07976
      vertex 80.7144 0.61 6.0544
    endloop
  endfacet
  facet normal 0.420614 0 -0.90724
    outer loop
      vertex 80.7144 -0.01 6.0544
      vertex 80.7144 0.61 6.0544
      vertex 80.7691 -0.01 6.07976
    endloop
  endfacet
  facet normal 0.347251 0 -0.937772
    outer loop
      vertex 80.827 0.61 6.1012
      vertex 80.827 -0.01 6.1012
      vertex 80.7691 0.61 6.07976
    endloop
  endfacet
  facet normal 0.347251 0 -0.937772
    outer loop
      vertex 80.7691 -0.01 6.07976
      vertex 80.7691 0.61 6.07976
      vertex 80.827 -0.01 6.1012
    endloop
  endfacet
  facet normal 0.276217 0 -0.961095
    outer loop
      vertex 80.8881 0.61 6.11876
      vertex 80.8881 -0.01 6.11876
      vertex 80.827 0.61 6.1012
    endloop
  endfacet
  facet normal 0.276217 0 -0.961095
    outer loop
      vertex 80.827 -0.01 6.1012
      vertex 80.827 0.61 6.1012
      vertex 80.8881 -0.01 6.11876
    endloop
  endfacet
  facet normal 0.207822 0 -0.978167
    outer loop
      vertex 80.9523 0.61 6.1324
      vertex 80.9523 -0.01 6.1324
      vertex 80.8881 0.61 6.11876
    endloop
  endfacet
  facet normal 0.207822 0 -0.978167
    outer loop
      vertex 80.8881 -0.01 6.11876
      vertex 80.8881 0.61 6.11876
      vertex 80.9523 -0.01 6.1324
    endloop
  endfacet
  facet normal 0.143248 0 -0.989687
    outer loop
      vertex 81.0198 0.61 6.14217
      vertex 81.0198 -0.01 6.14217
      vertex 80.9523 0.61 6.1324
    endloop
  endfacet
  facet normal 0.143248 0 -0.989687
    outer loop
      vertex 80.9523 -0.01 6.1324
      vertex 80.9523 0.61 6.1324
      vertex 81.0198 -0.01 6.14217
    endloop
  endfacet
  facet normal 0.0823222 0 -0.996606
    outer loop
      vertex 81.0905 0.61 6.14801
      vertex 81.0905 -0.01 6.14801
      vertex 81.0198 0.61 6.14217
    endloop
  endfacet
  facet normal 0.0823222 0 -0.996606
    outer loop
      vertex 81.0198 -0.01 6.14217
      vertex 81.0198 0.61 6.14217
      vertex 81.0905 -0.01 6.14801
    endloop
  endfacet
  facet normal 0.0265489 0 -0.999648
    outer loop
      vertex 81.1643 0.61 6.14997
      vertex 81.1643 -0.01 6.14997
      vertex 81.0905 0.61 6.14801
    endloop
  endfacet
  facet normal 0.0265489 0 -0.999648
    outer loop
      vertex 81.0905 -0.01 6.14801
      vertex 81.0905 0.61 6.14801
      vertex 81.1643 -0.01 6.14997
    endloop
  endfacet
  facet normal -0.0477575 -0 -0.998859
    outer loop
      vertex 81.3197 0.61 6.14254
      vertex 81.3197 -0.01 6.14254
      vertex 81.1643 0.61 6.14997
    endloop
  endfacet
  facet normal -0.0477575 0 -0.998859
    outer loop
      vertex 81.1643 -0.01 6.14997
      vertex 81.1643 0.61 6.14997
      vertex 81.3197 -0.01 6.14254
    endloop
  endfacet
  facet normal -0.156648 -0 -0.987655
    outer loop
      vertex 81.4603 0.61 6.12024
      vertex 81.4603 -0.01 6.12024
      vertex 81.3197 0.61 6.14254
    endloop
  endfacet
  facet normal -0.156648 0 -0.987655
    outer loop
      vertex 81.3197 -0.01 6.14254
      vertex 81.3197 0.61 6.14254
      vertex 81.4603 -0.01 6.12024
    endloop
  endfacet
  facet normal -0.283566 -0 -0.958953
    outer loop
      vertex 81.586 0.61 6.08307
      vertex 81.586 -0.01 6.08307
      vertex 81.4603 0.61 6.12024
    endloop
  endfacet
  facet normal -0.283566 0 -0.958953
    outer loop
      vertex 81.4603 -0.01 6.12024
      vertex 81.4603 0.61 6.12024
      vertex 81.586 -0.01 6.08307
    endloop
  endfacet
  facet normal -0.424359 -0 -0.905494
    outer loop
      vertex 81.697 0.61 6.03105
      vertex 81.697 -0.01 6.03105
      vertex 81.586 0.61 6.08307
    endloop
  endfacet
  facet normal -0.424359 0 -0.905494
    outer loop
      vertex 81.586 -0.01 6.08307
      vertex 81.586 0.61 6.08307
      vertex 81.697 -0.01 6.03105
    endloop
  endfacet
  facet normal -0.570767 -0 -0.821112
    outer loop
      vertex 81.7932 0.61 5.96418
      vertex 81.7932 -0.01 5.96418
      vertex 81.697 0.61 6.03105
    endloop
  endfacet
  facet normal -0.570767 0 -0.821112
    outer loop
      vertex 81.697 -0.01 6.03105
      vertex 81.697 0.61 6.03105
      vertex 81.7932 -0.01 5.96418
    endloop
  endfacet
  facet normal -0.709099 -0 -0.705109
    outer loop
      vertex 81.8745 0.61 5.88242
      vertex 81.8745 -0.01 5.88242
      vertex 81.7932 0.61 5.96418
    endloop
  endfacet
  facet normal -0.709099 0 -0.705109
    outer loop
      vertex 81.7932 -0.01 5.96418
      vertex 81.7932 0.61 5.96418
      vertex 81.8745 -0.01 5.88242
    endloop
  endfacet
  facet normal -0.823295 -0 -0.567613
    outer loop
      vertex 81.9411 0.61 5.78582
      vertex 81.9411 -0.01 5.78582
      vertex 81.8745 0.61 5.88242
    endloop
  endfacet
  facet normal -0.823295 0 -0.567613
    outer loop
      vertex 81.8745 -0.01 5.88242
      vertex 81.8745 0.61 5.88242
      vertex 81.9411 -0.01 5.78582
    endloop
  endfacet
  facet normal -0.906895 -0 -0.421357
    outer loop
      vertex 81.9929 0.61 5.67433
      vertex 81.9929 -0.01 5.67433
      vertex 81.9411 0.61 5.78582
    endloop
  endfacet
  facet normal -0.906895 0 -0.421357
    outer loop
      vertex 81.9411 -0.01 5.78582
      vertex 81.9411 0.61 5.78582
      vertex 81.9929 -0.01 5.67433
    endloop
  endfacet
  facet normal -0.959679 -0 -0.281097
    outer loop
      vertex 82.0299 0.61 5.54801
      vertex 82.0299 -0.01 5.54801
      vertex 81.9929 0.61 5.67433
    endloop
  endfacet
  facet normal -0.959679 0 -0.281097
    outer loop
      vertex 81.9929 -0.01 5.67433
      vertex 81.9929 0.61 5.67433
      vertex 82.0299 -0.01 5.54801
    endloop
  endfacet
  facet normal -0.987867 -0 -0.155305
    outer loop
      vertex 82.0521 0.61 5.4068
      vertex 82.0521 -0.01 5.4068
      vertex 82.0299 0.61 5.54801
    endloop
  endfacet
  facet normal -0.987867 0 -0.155305
    outer loop
      vertex 82.0299 -0.01 5.54801
      vertex 82.0299 0.61 5.54801
      vertex 82.0521 -0.01 5.4068
    endloop
  endfacet
  facet normal -0.998878 -0 -0.0473644
    outer loop
      vertex 82.0595 0.61 5.25074
      vertex 82.0595 -0.01 5.25074
      vertex 82.0521 0.61 5.4068
    endloop
  endfacet
  facet normal -0.998878 0 -0.0473644
    outer loop
      vertex 82.0521 -0.01 5.4068
      vertex 82.0521 0.61 5.4068
      vertex 82.0595 -0.01 5.25074
    endloop
  endfacet
  facet normal -0.99983 0 0.0184131
    outer loop
      vertex 82.0578 0.61 5.15843
      vertex 82.0578 -0.01 5.15843
      vertex 82.0595 0.61 5.25074
    endloop
  endfacet
  facet normal -0.99983 0 0.0184131
    outer loop
      vertex 82.0595 -0.01 5.25074
      vertex 82.0595 0.61 5.25074
      vertex 82.0578 -0.01 5.15843
    endloop
  endfacet
  facet normal -0.99824 0 0.0593104
    outer loop
      vertex 82.0526 0.61 5.07091
      vertex 82.0526 -0.01 5.07091
      vertex 82.0578 0.61 5.15843
    endloop
  endfacet
  facet normal -0.99824 0 0.0593104
    outer loop
      vertex 82.0578 -0.01 5.15843
      vertex 82.0578 0.61 5.15843
      vertex 82.0526 -0.01 5.07091
    endloop
  endfacet
  facet normal -0.994519 0 0.10456
    outer loop
      vertex 82.0439 0.61 4.98816
      vertex 82.0439 -0.01 4.98816
      vertex 82.0526 0.61 5.07091
    endloop
  endfacet
  facet normal -0.994519 0 0.10456
    outer loop
      vertex 82.0526 -0.01 5.07091
      vertex 82.0526 0.61 5.07091
      vertex 82.0439 -0.01 4.98816
    endloop
  endfacet
  facet normal -0.988178 0 0.153314
    outer loop
      vertex 82.0318 0.61 4.91017
      vertex 82.0318 -0.01 4.91017
      vertex 82.0439 0.61 4.98816
    endloop
  endfacet
  facet normal -0.988178 0 0.153314
    outer loop
      vertex 82.0439 -0.01 4.98816
      vertex 82.0439 0.61 4.98816
      vertex 82.0318 -0.01 4.91017
    endloop
  endfacet
  facet normal -0.978031 0 0.208461
    outer loop
      vertex 82.0162 0.61 4.83698
      vertex 82.0162 -0.01 4.83698
      vertex 82.0318 0.61 4.91017
    endloop
  endfacet
  facet normal -0.978031 0 0.208461
    outer loop
      vertex 82.0318 -0.01 4.91017
      vertex 82.0318 0.61 4.91017
      vertex 82.0162 -0.01 4.83698
    endloop
  endfacet
  facet normal -0.963174 0 0.268878
    outer loop
      vertex 81.9971 0.61 4.76856
      vertex 81.9971 -0.01 4.76856
      vertex 82.0162 0.61 4.83698
    endloop
  endfacet
  facet normal -0.963174 0 0.268878
    outer loop
      vertex 82.0162 -0.01 4.83698
      vertex 82.0162 0.61 4.83698
      vertex 81.9971 -0.01 4.76856
    endloop
  endfacet
  facet normal -0.942843 0 0.333238
    outer loop
      vertex 81.9746 0.61 4.7049
      vertex 81.9746 -0.01 4.7049
      vertex 81.9971 0.61 4.76856
    endloop
  endfacet
  facet normal -0.942843 0 0.333238
    outer loop
      vertex 81.9971 -0.01 4.76856
      vertex 81.9971 0.61 4.76856
      vertex 81.9746 -0.01 4.7049
    endloop
  endfacet
  facet normal -0.914808 0 0.403889
    outer loop
      vertex 81.9486 0.61 4.64601
      vertex 81.9486 -0.01 4.64601
      vertex 81.9746 0.61 4.7049
    endloop
  endfacet
  facet normal -0.914808 0 0.403889
    outer loop
      vertex 81.9746 -0.01 4.7049
      vertex 81.9746 0.61 4.7049
      vertex 81.9486 -0.01 4.64601
    endloop
  endfacet
  facet normal -0.878602 0 0.477554
    outer loop
      vertex 81.9192 0.61 4.59192
      vertex 81.9192 -0.01 4.59192
      vertex 81.9486 0.61 4.64601
    endloop
  endfacet
  facet normal -0.878602 0 0.477554
    outer loop
      vertex 81.9486 -0.01 4.64601
      vertex 81.9486 0.61 4.64601
      vertex 81.9192 -0.01 4.59192
    endloop
  endfacet
  facet normal -0.831946 0 0.554856
    outer loop
      vertex 81.8863 0.61 4.54259
      vertex 81.8863 -0.01 4.54259
      vertex 81.9192 0.61 4.59192
    endloop
  endfacet
  facet normal -0.831946 0 0.554856
    outer loop
      vertex 81.9192 -0.01 4.59192
      vertex 81.9192 0.61 4.59192
      vertex 81.8863 -0.01 4.54259
    endloop
  endfacet
  facet normal -0.774313 0 0.632802
    outer loop
      vertex 81.8499 0.61 4.49805
      vertex 81.8499 -0.01 4.49805
      vertex 81.8863 0.61 4.54259
    endloop
  endfacet
  facet normal -0.774313 0 0.632802
    outer loop
      vertex 81.8863 -0.01 4.54259
      vertex 81.8863 0.61 4.54259
      vertex 81.8499 -0.01 4.49805
    endloop
  endfacet
  facet normal -0.709306 0 0.704901
    outer loop
      vertex 81.8099 0.61 4.4578
      vertex 81.8099 -0.01 4.4578
      vertex 81.8499 0.61 4.49805
    endloop
  endfacet
  facet normal -0.709306 0 0.704901
    outer loop
      vertex 81.8499 -0.01 4.49805
      vertex 81.8499 0.61 4.49805
      vertex 81.8099 -0.01 4.4578
    endloop
  endfacet
  facet normal -0.638597 0 0.769542
    outer loop
      vertex 81.766 0.61 4.42137
      vertex 81.766 -0.01 4.42137
      vertex 81.8099 0.61 4.4578
    endloop
  endfacet
  facet normal -0.638597 0 0.769542
    outer loop
      vertex 81.8099 -0.01 4.4578
      vertex 81.8099 0.61 4.4578
      vertex 81.766 -0.01 4.42137
    endloop
  endfacet
  facet normal -0.56309 0 0.826396
    outer loop
      vertex 81.7182 0.61 4.3888
      vertex 81.7182 -0.01 4.3888
      vertex 81.766 0.61 4.42137
    endloop
  endfacet
  facet normal -0.56309 0 0.826396
    outer loop
      vertex 81.766 -0.01 4.42137
      vertex 81.766 0.61 4.42137
      vertex 81.7182 -0.01 4.3888
    endloop
  endfacet
  facet normal -0.486721 0 0.873558
    outer loop
      vertex 81.6666 0.61 4.36005
      vertex 81.6666 -0.01 4.36005
      vertex 81.7182 0.61 4.3888
    endloop
  endfacet
  facet normal -0.486721 0 0.873558
    outer loop
      vertex 81.7182 -0.01 4.3888
      vertex 81.7182 0.61 4.3888
      vertex 81.6666 -0.01 4.36005
    endloop
  endfacet
  facet normal -0.409613 0 0.91226
    outer loop
      vertex 81.6111 0.61 4.33513
      vertex 81.6111 -0.01 4.33513
      vertex 81.6666 0.61 4.36005
    endloop
  endfacet
  facet normal -0.409613 0 0.91226
    outer loop
      vertex 81.6666 -0.01 4.36005
      vertex 81.6666 0.61 4.36005
      vertex 81.6111 -0.01 4.33513
    endloop
  endfacet
  facet normal -0.334305 0 0.942465
    outer loop
      vertex 81.5517 0.61 4.31406
      vertex 81.5517 -0.01 4.31406
      vertex 81.6111 0.61 4.33513
    endloop
  endfacet
  facet normal -0.334305 0 0.942465
    outer loop
      vertex 81.6111 -0.01 4.33513
      vertex 81.6111 0.61 4.33513
      vertex 81.5517 -0.01 4.31406
    endloop
  endfacet
  facet normal -0.263453 0 0.964672
    outer loop
      vertex 81.4885 0.61 4.2968
      vertex 81.4885 -0.01 4.2968
      vertex 81.5517 0.61 4.31406
    endloop
  endfacet
  facet normal -0.263453 0 0.964672
    outer loop
      vertex 81.5517 -0.01 4.31406
      vertex 81.5517 0.61 4.31406
      vertex 81.4885 -0.01 4.2968
    endloop
  endfacet
  facet normal -0.195976 0 0.980609
    outer loop
      vertex 81.4214 0.61 4.28339
      vertex 81.4214 -0.01 4.28339
      vertex 81.4885 0.61 4.2968
    endloop
  endfacet
  facet normal -0.195976 0 0.980609
    outer loop
      vertex 81.4885 -0.01 4.2968
      vertex 81.4885 0.61 4.2968
      vertex 81.4214 -0.01 4.28339
    endloop
  endfacet
  facet normal -0.133718 0 0.991019
    outer loop
      vertex 81.3504 0.61 4.27381
      vertex 81.3504 -0.01 4.27381
      vertex 81.4214 0.61 4.28339
    endloop
  endfacet
  facet normal -0.133718 0 0.991019
    outer loop
      vertex 81.4214 -0.01 4.28339
      vertex 81.4214 0.61 4.28339
      vertex 81.3504 -0.01 4.27381
    endloop
  endfacet
  facet normal -0.076778 0 0.997048
    outer loop
      vertex 81.2756 0.61 4.26805
      vertex 81.2756 -0.01 4.26805
      vertex 81.3504 0.61 4.27381
    endloop
  endfacet
  facet normal -0.076778 0 0.997048
    outer loop
      vertex 81.3504 -0.01 4.27381
      vertex 81.3504 0.61 4.27381
      vertex 81.2756 -0.01 4.26805
    endloop
  endfacet
  facet normal -0.0241353 0 0.999709
    outer loop
      vertex 81.1969 0.61 4.26615
      vertex 81.1969 -0.01 4.26615
      vertex 81.2756 0.61 4.26805
    endloop
  endfacet
  facet normal -0.0241353 0 0.999709
    outer loop
      vertex 81.2756 -0.01 4.26805
      vertex 81.2756 0.61 4.26805
      vertex 81.1969 -0.01 4.26615
    endloop
  endfacet
  facet normal 0.0236841 0 0.999719
    outer loop
      vertex 81.1167 0.61 4.26805
      vertex 81.1167 -0.01 4.26805
      vertex 81.1969 0.61 4.26615
    endloop
  endfacet
  facet normal 0.0236841 -0 0.999719
    outer loop
      vertex 81.1969 -0.01 4.26615
      vertex 81.1969 0.61 4.26615
      vertex 81.1167 -0.01 4.26805
    endloop
  endfacet
  facet normal -0 0 1
    outer loop
      vertex 64.4979 0.61 9.27475
      vertex 65.6982 -0.01 9.27475
      vertex 65.6982 0.61 9.27475
    endloop
  endfacet
  facet normal 0 0 1
    outer loop
      vertex 64.4979 0.61 9.27475
      vertex 64.4979 -0.01 9.27475
      vertex 65.6982 -0.01 9.27475
    endloop
  endfacet
  facet normal -1 0 0
    outer loop
      vertex 64.4979 0.61 3.54189
      vertex 64.4979 -0.01 9.27475
      vertex 64.4979 0.61 9.27475
    endloop
  endfacet
  facet normal -1 0 0
    outer loop
      vertex 64.4979 0.61 3.54189
      vertex 64.4979 -0.01 3.54189
      vertex 64.4979 -0.01 9.27475
    endloop
  endfacet
  facet normal -0 0 -1
    outer loop
      vertex 65.6982 0.61 3.54189
      vertex 64.4979 -0.01 3.54189
      vertex 64.4979 0.61 3.54189
    endloop
  endfacet
  facet normal 0 -0 -1
    outer loop
      vertex 65.6982 0.61 3.54189
      vertex 65.6982 -0.01 3.54189
      vertex 64.4979 -0.01 3.54189
    endloop
  endfacet
  facet normal 1 0 0
    outer loop
      vertex 65.6982 0.61 9.27475
      vertex 65.6982 -0.01 3.54189
      vertex 65.6982 0.61 3.54189
    endloop
  endfacet
  facet normal 1 0 0
    outer loop
      vertex 65.6982 0.61 9.27475
      vertex 65.6982 -0.01 9.27475
      vertex 65.6982 -0.01 3.54189
    endloop
  endfacet
  facet normal -0 0 -1
    outer loop
      vertex 69.3833 0.61 5.55999
      vertex 67.9592 -0.01 5.55999
      vertex 67.9592 0.61 5.55999
    endloop
  endfacet
  facet normal 0 -0 -1
    outer loop
      vertex 69.3833 0.61 5.55999
      vertex 69.3833 -0.01 5.55999
      vertex 67.9592 -0.01 5.55999
    endloop
  endfacet
  facet normal 0.0168796 0 -0.999858
    outer loop
      vertex 69.4994 0.61 5.56195
      vertex 69.3833 -0.01 5.55999
      vertex 69.3833 0.61 5.55999
    endloop
  endfacet
  facet normal 0.0168796 0 -0.999858
    outer loop
      vertex 69.4994 0.61 5.56195
      vertex 69.4994 -0.01 5.56195
      vertex 69.3833 -0.01 5.55999
    endloop
  endfacet
  facet normal 0.0519158 0 -0.998651
    outer loop
      vertex 69.6127 0.61 5.56784
      vertex 69.4994 -0.01 5.56195
      vertex 69.4994 0.61 5.56195
    endloop
  endfacet
  facet normal 0.0519158 0 -0.998651
    outer loop
      vertex 69.6127 0.61 5.56784
      vertex 69.6127 -0.01 5.56784
      vertex 69.4994 -0.01 5.56195
    endloop
  endfacet
  facet normal 0.0889479 0 -0.996036
    outer loop
      vertex 69.723 0.61 5.57769
      vertex 69.6127 -0.01 5.56784
      vertex 69.6127 0.61 5.56784
    endloop
  endfacet
  facet normal 0.0889479 0 -0.996036
    outer loop
      vertex 69.723 0.61 5.57769
      vertex 69.723 -0.01 5.57769
      vertex 69.6127 -0.01 5.56784
    endloop
  endfacet
  facet normal 0.12708 0 -0.991892
    outer loop
      vertex 69.8304 0.61 5.59145
      vertex 69.723 -0.01 5.57769
      vertex 69.723 0.61 5.57769
    endloop
  endfacet
  facet normal 0.12708 0 -0.991892
    outer loop
      vertex 69.8304 0.61 5.59145
      vertex 69.8304 -0.01 5.59145
      vertex 69.723 -0.01 5.57769
    endloop
  endfacet
  facet normal 0.167247 0 -0.985915
    outer loop
      vertex 69.9348 0.61 5.60916
      vertex 69.8304 -0.01 5.59145
      vertex 69.8304 0.61 5.59145
    endloop
  endfacet
  facet normal 0.167247 0 -0.985915
    outer loop
      vertex 69.9348 0.61 5.60916
      vertex 69.9348 -0.01 5.60916
      vertex 69.8304 -0.01 5.59145
    endloop
  endfacet
  facet normal 0.208319 0 -0.978061
    outer loop
      vertex 70.0364 0.61 5.6308
      vertex 69.9348 -0.01 5.60916
      vertex 69.9348 0.61 5.60916
    endloop
  endfacet
  facet normal 0.208319 0 -0.978061
    outer loop
      vertex 70.0364 0.61 5.6308
      vertex 70.0364 -0.01 5.6308
      vertex 69.9348 -0.01 5.60916
    endloop
  endfacet
  facet normal 0.251027 0 -0.96798
    outer loop
      vertex 70.135 0.61 5.65637
      vertex 70.0364 -0.01 5.6308
      vertex 70.0364 0.61 5.6308
    endloop
  endfacet
  facet normal 0.251027 0 -0.96798
    outer loop
      vertex 70.135 0.61 5.65637
      vertex 70.135 -0.01 5.65637
      vertex 70.0364 -0.01 5.6308
    endloop
  endfacet
  facet normal 0.294577 0 -0.955628
    outer loop
      vertex 70.2307 0.61 5.68587
      vertex 70.135 -0.01 5.65637
      vertex 70.135 0.61 5.65637
    endloop
  endfacet
  facet normal 0.294577 0 -0.955628
    outer loop
      vertex 70.2307 0.61 5.68587
      vertex 70.2307 -0.01 5.68587
      vertex 70.135 -0.01 5.65637
    endloop
  endfacet
  facet normal 0.33942 0 -0.940635
    outer loop
      vertex 70.3234 0.61 5.71932
      vertex 70.2307 -0.01 5.68587
      vertex 70.2307 0.61 5.68587
    endloop
  endfacet
  facet normal 0.33942 0 -0.940635
    outer loop
      vertex 70.3234 0.61 5.71932
      vertex 70.3234 -0.01 5.71932
      vertex 70.2307 -0.01 5.68587
    endloop
  endfacet
  facet normal 0.383842 0 -0.923399
    outer loop
      vertex 70.4133 0.61 5.75669
      vertex 70.3234 -0.01 5.71932
      vertex 70.3234 0.61 5.71932
    endloop
  endfacet
  facet normal 0.383842 0 -0.923399
    outer loop
      vertex 70.4133 0.61 5.75669
      vertex 70.4133 -0.01 5.75669
      vertex 70.3234 -0.01 5.71932
    endloop
  endfacet
  facet normal 0.429417 0 -0.903106
    outer loop
      vertex 70.5002 0.61 5.79801
      vertex 70.4133 -0.01 5.75669
      vertex 70.4133 0.61 5.75669
    endloop
  endfacet
  facet normal 0.429417 0 -0.903106
    outer loop
      vertex 70.5002 0.61 5.79801
      vertex 70.5002 -0.01 5.79801
      vertex 70.4133 -0.01 5.75669
    endloop
  endfacet
  facet normal 0.473157 0 -0.880978
    outer loop
      vertex 70.5838 0.61 5.84291
      vertex 70.5002 -0.01 5.79801
      vertex 70.5002 0.61 5.79801
    endloop
  endfacet
  facet normal 0.473157 0 -0.880978
    outer loop
      vertex 70.5838 0.61 5.84291
      vertex 70.5838 -0.01 5.84291
      vertex 70.5002 -0.01 5.79801
    endloop
  endfacet
  facet normal 0.515912 0 -0.856641
    outer loop
      vertex 70.6638 0.61 5.89109
      vertex 70.5838 -0.01 5.84291
      vertex 70.5838 0.61 5.84291
    endloop
  endfacet
  facet normal 0.515912 0 -0.856641
    outer loop
      vertex 70.6638 0.61 5.89109
      vertex 70.6638 -0.01 5.89109
      vertex 70.5838 -0.01 5.84291
    endloop
  endfacet
  facet normal 0.557851 0 -0.829941
    outer loop
      vertex 70.7403 0.61 5.94251
      vertex 70.6638 -0.01 5.89109
      vertex 70.6638 0.61 5.89109
    endloop
  endfacet
  facet normal 0.557851 0 -0.829941
    outer loop
      vertex 70.7403 0.61 5.94251
      vertex 70.7403 -0.01 5.94251
      vertex 70.6638 -0.01 5.89109
    endloop
  endfacet
  facet normal 0.600632 0 -0.799525
    outer loop
      vertex 70.8131 0.61 5.9972
      vertex 70.7403 -0.01 5.94251
      vertex 70.7403 0.61 5.94251
    endloop
  endfacet
  facet normal 0.600632 0 -0.799525
    outer loop
      vertex 70.8131 0.61 5.9972
      vertex 70.8131 -0.01 5.9972
      vertex 70.7403 -0.01 5.94251
    endloop
  endfacet
  facet normal 0.641555 0 -0.767077
    outer loop
      vertex 70.8824 0.61 6.05516
      vertex 70.8131 -0.01 5.9972
      vertex 70.8131 0.61 5.9972
    endloop
  endfacet
  facet normal 0.641555 0 -0.767077
    outer loop
      vertex 70.8824 0.61 6.05516
      vertex 70.8824 -0.01 6.05516
      vertex 70.8131 -0.01 5.9972
    endloop
  endfacet
  facet normal 0.682219 0 -0.731148
    outer loop
      vertex 70.948 0.61 6.11637
      vertex 70.8824 -0.01 6.05516
      vertex 70.8824 0.61 6.05516
    endloop
  endfacet
  facet normal 0.682219 0 -0.731148
    outer loop
      vertex 70.948 0.61 6.11637
      vertex 70.948 -0.01 6.11637
      vertex 70.8824 -0.01 6.05516
    endloop
  endfacet
  facet normal 0.720275 0 -0.693689
    outer loop
      vertex 71.0101 0.61 6.18085
      vertex 70.948 -0.01 6.11637
      vertex 70.948 0.61 6.11637
    endloop
  endfacet
  facet normal 0.720275 0 -0.693689
    outer loop
      vertex 71.0101 0.61 6.18085
      vertex 71.0101 -0.01 6.18085
      vertex 70.948 -0.01 6.11637
    endloop
  endfacet
  facet normal 0.756886 0 -0.653547
    outer loop
      vertex 71.0686 0.61 6.2486
      vertex 71.0101 -0.01 6.18085
      vertex 71.0101 0.61 6.18085
    endloop
  endfacet
  facet normal 0.756886 0 -0.653547
    outer loop
      vertex 71.0686 0.61 6.2486
      vertex 71.0686 -0.01 6.2486
      vertex 71.0101 -0.01 6.18085
    endloop
  endfacet
  facet normal 0.791628 0 -0.611003
    outer loop
      vertex 71.1234 0.61 6.3196
      vertex 71.0686 -0.01 6.2486
      vertex 71.0686 0.61 6.2486
    endloop
  endfacet
  facet normal 0.791628 0 -0.611003
    outer loop
      vertex 71.1234 0.61 6.3196
      vertex 71.1234 -0.01 6.3196
      vertex 71.0686 -0.01 6.2486
    endloop
  endfacet
  facet normal 0.822766 0 -0.56838
    outer loop
      vertex 71.1747 0.61 6.39386
      vertex 71.1234 -0.01 6.3196
      vertex 71.1234 0.61 6.3196
    endloop
  endfacet
  facet normal 0.822766 0 -0.56838
    outer loop
      vertex 71.1747 0.61 6.39386
      vertex 71.1747 -0.01 6.39386
      vertex 71.1234 -0.01 6.3196
    endloop
  endfacet
  facet normal 0.852111 0 -0.523361
    outer loop
      vertex 71.2223 0.61 6.47136
      vertex 71.1747 -0.01 6.39386
      vertex 71.1747 0.61 6.39386
    endloop
  endfacet
  facet normal 0.852111 0 -0.523361
    outer loop
      vertex 71.2223 0.61 6.47136
      vertex 71.2223 -0.01 6.47136
      vertex 71.1747 -0.01 6.39386
    endloop
  endfacet
  facet normal 0.877494 0 -0.479588
    outer loop
      vertex 71.2661 0.61 6.5515
      vertex 71.2223 -0.01 6.47136
      vertex 71.2223 0.61 6.47136
    endloop
  endfacet
  facet normal 0.877494 0 -0.479588
    outer loop
      vertex 71.2661 0.61 6.5515
      vertex 71.2661 -0.01 6.5515
      vertex 71.2223 -0.01 6.47136
    endloop
  endfacet
  facet normal 0.900658 0 -0.434528
    outer loop
      vertex 71.3057 0.61 6.63358
      vertex 71.2661 -0.01 6.5515
      vertex 71.2661 0.61 6.5515
    endloop
  endfacet
  facet normal 0.900658 0 -0.434528
    outer loop
      vertex 71.3057 0.61 6.63358
      vertex 71.3057 -0.01 6.63358
      vertex 71.2661 -0.01 6.5515
    endloop
  endfacet
  facet normal 0.921168 0 -0.389164
    outer loop
      vertex 71.3412 0.61 6.71761
      vertex 71.3057 -0.01 6.63358
      vertex 71.3057 0.61 6.63358
    endloop
  endfacet
  facet normal 0.921168 0 -0.389164
    outer loop
      vertex 71.3412 0.61 6.71761
      vertex 71.3412 -0.01 6.71761
      vertex 71.3057 -0.01 6.63358
    endloop
  endfacet
  facet normal 0.939672 0 -0.342076
    outer loop
      vertex 71.3725 0.61 6.80359
      vertex 71.3412 -0.01 6.71761
      vertex 71.3412 0.61 6.71761
    endloop
  endfacet
  facet normal 0.939672 0 -0.342076
    outer loop
      vertex 71.3725 0.61 6.80359
      vertex 71.3725 -0.01 6.80359
      vertex 71.3412 -0.01 6.71761
    endloop
  endfacet
  facet normal 0.955652 0 -0.294498
    outer loop
      vertex 71.3996 0.61 6.89153
      vertex 71.3725 -0.01 6.80359
      vertex 71.3725 0.61 6.80359
    endloop
  endfacet
  facet normal 0.955652 0 -0.294498
    outer loop
      vertex 71.3996 0.61 6.89153
      vertex 71.3996 -0.01 6.89153
      vertex 71.3725 -0.01 6.80359
    endloop
  endfacet
  facet normal 0.969035 0 -0.246922
    outer loop
      vertex 71.4225 0.61 6.9814
      vertex 71.3996 -0.01 6.89153
      vertex 71.3996 0.61 6.89153
    endloop
  endfacet
  facet normal 0.969035 0 -0.246922
    outer loop
      vertex 71.4225 0.61 6.9814
      vertex 71.4225 -0.01 6.9814
      vertex 71.3996 -0.01 6.89153
    endloop
  endfacet
  facet normal 0.97968 0 -0.200566
    outer loop
      vertex 71.4413 0.61 7.07323
      vertex 71.4225 -0.01 6.9814
      vertex 71.4225 0.61 6.9814
    endloop
  endfacet
  facet normal 0.97968 0 -0.200566
    outer loop
      vertex 71.4413 0.61 7.07323
      vertex 71.4413 -0.01 7.07323
      vertex 71.4225 -0.01 6.9814
    endloop
  endfacet
  facet normal 0.988097 0 -0.15383
    outer loop
      vertex 71.4559 0.61 7.16701
      vertex 71.4413 -0.01 7.07323
      vertex 71.4413 0.61 7.07323
    endloop
  endfacet
  facet normal 0.988097 0 -0.15383
    outer loop
      vertex 71.4559 0.61 7.16701
      vertex 71.4559 -0.01 7.16701
      vertex 71.4413 -0.01 7.07323
    endloop
  endfacet
  facet normal 0.994151 0 -0.108003
    outer loop
      vertex 71.4663 0.61 7.26274
      vertex 71.4559 -0.01 7.16701
      vertex 71.4559 0.61 7.16701
    endloop
  endfacet
  facet normal 0.994151 0 -0.108003
    outer loop
      vertex 71.4663 0.61 7.26274
      vertex 71.4663 -0.01 7.26274
      vertex 71.4559 -0.01 7.16701
    endloop
  endfacet
  facet normal 0.997992 0 -0.0633451
    outer loop
      vertex 71.4725 0.61 7.36042
      vertex 71.4663 -0.01 7.26274
      vertex 71.4663 0.61 7.26274
    endloop
  endfacet
  facet normal 0.997992 0 -0.0633451
    outer loop
      vertex 71.4725 0.61 7.36042
      vertex 71.4725 -0.01 7.36042
      vertex 71.4663 -0.01 7.26274
    endloop
  endfacet
  facet normal 0.999778 0 -0.0210754
    outer loop
      vertex 71.4746 0.61 7.46004
      vertex 71.4725 -0.01 7.36042
      vertex 71.4725 0.61 7.36042
    endloop
  endfacet
  facet normal 0.999778 0 -0.0210754
    outer loop
      vertex 71.4746 0.61 7.46004
      vertex 71.4746 -0.01 7.46004
      vertex 71.4725 -0.01 7.36042
    endloop
  endfacet
  facet normal 0.999556 0 0.0297911
    outer loop
      vertex 71.47 0.61 7.61438
      vertex 71.4746 -0.01 7.46004
      vertex 71.4746 0.61 7.46004
    endloop
  endfacet
  facet normal 0.999556 0 0.0297911
    outer loop
      vertex 71.47 0.61 7.61438
      vertex 71.47 -0.01 7.61438
      vertex 71.4746 -0.01 7.46004
    endloop
  endfacet
  facet normal 0.995734 0 0.0922662
    outer loop
      vertex 71.4563 0.61 7.76223
      vertex 71.47 -0.01 7.61438
      vertex 71.47 0.61 7.61438
    endloop
  endfacet
  facet normal 0.995734 0 0.0922662
    outer loop
      vertex 71.4563 0.61 7.76223
      vertex 71.4563 -0.01 7.76223
      vertex 71.47 -0.01 7.61438
    endloop
  endfacet
  facet normal 0.987019 0 0.160604
    outer loop
      vertex 71.4333 0.61 7.90358
      vertex 71.4563 -0.01 7.76223
      vertex 71.4563 0.61 7.76223
    endloop
  endfacet
  facet normal 0.987019 0 0.160604
    outer loop
      vertex 71.4333 0.61 7.90358
      vertex 71.4333 -0.01 7.90358
      vertex 71.4563 -0.01 7.76223
    endloop
  endfacet
  facet normal 0.972822 0 0.231556
    outer loop
      vertex 71.4012 0.61 8.03844
      vertex 71.4333 -0.01 7.90358
      vertex 71.4333 0.61 7.90358
    endloop
  endfacet
  facet normal 0.972822 0 0.231556
    outer loop
      vertex 71.4012 0.61 8.03844
      vertex 71.4012 -0.01 8.03844
      vertex 71.4333 -0.01 7.90358
    endloop
  endfacet
  facet normal 0.95196 0 0.306223
    outer loop
      vertex 71.3599 0.61 8.16683
      vertex 71.4012 -0.01 8.03844
      vertex 71.4012 0.61 8.03844
    endloop
  endfacet
  facet normal 0.95196 0 0.306223
    outer loop
      vertex 71.3599 0.61 8.16683
      vertex 71.3599 -0.01 8.16683
      vertex 71.4012 -0.01 8.03844
    endloop
  endfacet
  facet normal 0.923826 0 0.382811
    outer loop
      vertex 71.3094 0.61 8.2887
      vertex 71.3599 -0.01 8.16683
      vertex 71.3599 0.61 8.16683
    endloop
  endfacet
  facet normal 0.923826 0 0.382811
    outer loop
      vertex 71.3094 0.61 8.2887
      vertex 71.3094 -0.01 8.2887
      vertex 71.3599 -0.01 8.16683
    endloop
  endfacet
  facet normal 0.888169 0 0.459517
    outer loop
      vertex 71.2497 0.61 8.40409
      vertex 71.3094 -0.01 8.2887
      vertex 71.3094 0.61 8.2887
    endloop
  endfacet
  facet normal 0.888169 0 0.459517
    outer loop
      vertex 71.2497 0.61 8.40409
      vertex 71.2497 -0.01 8.40409
      vertex 71.3094 -0.01 8.2887
    endloop
  endfacet
  facet normal 0.845415 0 0.53411
    outer loop
      vertex 71.1809 0.61 8.51299
      vertex 71.2497 -0.01 8.40409
      vertex 71.2497 0.61 8.40409
    endloop
  endfacet
  facet normal 0.845415 0 0.53411
    outer loop
      vertex 71.1809 0.61 8.51299
      vertex 71.1809 -0.01 8.51299
      vertex 71.2497 -0.01 8.40409
    endloop
  endfacet
  facet normal 0.795186 0 0.606366
    outer loop
      vertex 71.1028 0.61 8.61541
      vertex 71.1809 -0.01 8.51299
      vertex 71.1809 0.61 8.51299
    endloop
  endfacet
  facet normal 0.795186 0 0.606366
    outer loop
      vertex 71.1028 0.61 8.61541
      vertex 71.1028 -0.01 8.61541
      vertex 71.1809 -0.01 8.51299
    endloop
  endfacet
  facet normal 0.739905 0 0.672711
    outer loop
      vertex 71.0156 0.61 8.71132
      vertex 71.1028 -0.01 8.61541
      vertex 71.1028 0.61 8.61541
    endloop
  endfacet
  facet normal 0.739905 0 0.672711
    outer loop
      vertex 71.0156 0.61 8.71132
      vertex 71.0156 -0.01 8.71132
      vertex 71.1028 -0.01 8.61541
    endloop
  endfacet
  facet normal 0.680107 0 0.733113
    outer loop
      vertex 70.9192 0.61 8.80075
      vertex 71.0156 -0.01 8.71132
      vertex 71.0156 0.61 8.71132
    endloop
  endfacet
  facet normal 0.680107 0 0.733113
    outer loop
      vertex 70.9192 0.61 8.80075
      vertex 70.9192 -0.01 8.80075
      vertex 71.0156 -0.01 8.71132
    endloop
  endfacet
  facet normal 0.617073 0 0.786906
    outer loop
      vertex 70.8143 0.61 8.88301
      vertex 70.9192 -0.01 8.80075
      vertex 70.9192 0.61 8.80075
    endloop
  endfacet
  facet normal 0.617073 0 0.786906
    outer loop
      vertex 70.8143 0.61 8.88301
      vertex 70.8143 -0.01 8.88301
      vertex 70.9192 -0.01 8.80075
    endloop
  endfacet
  facet normal 0.551141 0 0.834412
    outer loop
      vertex 70.7016 0.61 8.95745
      vertex 70.8143 -0.01 8.88301
      vertex 70.8143 0.61 8.88301
    endloop
  endfacet
  facet normal 0.551141 0 0.834412
    outer loop
      vertex 70.7016 0.61 8.95745
      vertex 70.7016 -0.01 8.95745
      vertex 70.8143 -0.01 8.88301
    endloop
  endfacet
  facet normal 0.483367 0 0.875418
    outer loop
      vertex 70.581 0.61 9.02404
      vertex 70.7016 -0.01 8.95745
      vertex 70.7016 0.61 8.95745
    endloop
  endfacet
  facet normal 0.483367 0 0.875418
    outer loop
      vertex 70.581 0.61 9.02404
      vertex 70.581 -0.01 9.02404
      vertex 70.7016 -0.01 8.95745
    endloop
  endfacet
  facet normal 0.416128 0 0.909306
    outer loop
      vertex 70.4526 0.61 9.0828
      vertex 70.581 -0.01 9.02404
      vertex 70.581 0.61 9.02404
    endloop
  endfacet
  facet normal 0.416128 0 0.909306
    outer loop
      vertex 70.4526 0.61 9.0828
      vertex 70.4526 -0.01 9.0828
      vertex 70.581 -0.01 9.02404
    endloop
  endfacet
  facet normal 0.350189 0 0.936679
    outer loop
      vertex 70.3164 0.61 9.13372
      vertex 70.4526 -0.01 9.0828
      vertex 70.4526 0.61 9.0828
    endloop
  endfacet
  facet normal 0.350189 0 0.936679
    outer loop
      vertex 70.3164 0.61 9.13372
      vertex 70.3164 -0.01 9.13372
      vertex 70.4526 -0.01 9.0828
    endloop
  endfacet
  facet normal 0.286494 0 0.958082
    outer loop
      vertex 70.1723 0.61 9.17681
      vertex 70.3164 -0.01 9.13372
      vertex 70.3164 0.61 9.13372
    endloop
  endfacet
  facet normal 0.286494 0 0.958082
    outer loop
      vertex 70.1723 0.61 9.17681
      vertex 70.1723 -0.01 9.17681
      vertex 70.3164 -0.01 9.13372
    endloop
  endfacet
  facet normal 0.226114 0 0.974101
    outer loop
      vertex 70.0204 0.61 9.21207
      vertex 70.1723 -0.01 9.17681
      vertex 70.1723 0.61 9.17681
    endloop
  endfacet
  facet normal 0.226114 0 0.974101
    outer loop
      vertex 70.0204 0.61 9.21207
      vertex 70.0204 -0.01 9.21207
      vertex 70.1723 -0.01 9.17681
    endloop
  endfacet
  facet normal 0.169221 0 0.985578
    outer loop
      vertex 69.8607 0.61 9.23949
      vertex 70.0204 -0.01 9.21207
      vertex 70.0204 0.61 9.21207
    endloop
  endfacet
  facet normal 0.169221 0 0.985578
    outer loop
      vertex 69.8607 0.61 9.23949
      vertex 69.8607 -0.01 9.23949
      vertex 70.0204 -0.01 9.21207
    endloop
  endfacet
  facet normal 0.116095 0 0.993238
    outer loop
      vertex 69.6931 0.61 9.25908
      vertex 69.8607 -0.01 9.23949
      vertex 69.8607 0.61 9.23949
    endloop
  endfacet
  facet normal 0.116095 0 0.993238
    outer loop
      vertex 69.6931 0.61 9.25908
      vertex 69.6931 -0.01 9.25908
      vertex 69.8607 -0.01 9.23949
    endloop
  endfacet
  facet normal 0.0668399 0 0.997764
    outer loop
      vertex 69.5177 0.61 9.27083
      vertex 69.6931 -0.01 9.25908
      vertex 69.6931 0.61 9.25908
    endloop
  endfacet
  facet normal 0.0668399 0 0.997764
    outer loop
      vertex 69.5177 0.61 9.27083
      vertex 69.5177 -0.01 9.27083
      vertex 69.6931 -0.01 9.25908
    endloop
  endfacet
  facet normal 0.0213925 0 0.999771
    outer loop
      vertex 69.3345 0.61 9.27475
      vertex 69.5177 -0.01 9.27083
      vertex 69.5177 0.61 9.27083
    endloop
  endfacet
  facet normal 0.0213925 0 0.999771
    outer loop
      vertex 69.3345 0.61 9.27475
      vertex 69.3345 -0.01 9.27475
      vertex 69.5177 -0.01 9.27083
    endloop
  endfacet
  facet normal -0 0 1
    outer loop
      vertex 66.7589 0.61 9.27475
      vertex 69.3345 -0.01 9.27475
      vertex 69.3345 0.61 9.27475
    endloop
  endfacet
  facet normal 0 0 1
    outer loop
      vertex 66.7589 0.61 9.27475
      vertex 66.7589 -0.01 9.27475
      vertex 69.3345 -0.01 9.27475
    endloop
  endfacet
  facet normal -1 0 0
    outer loop
      vertex 66.7589 0.61 3.54189
      vertex 66.7589 -0.01 9.27475
      vertex 66.7589 0.61 9.27475
    endloop
  endfacet
  facet normal -1 0 0
    outer loop
      vertex 66.7589 0.61 3.54189
      vertex 66.7589 -0.01 3.54189
      vertex 66.7589 -0.01 9.27475
    endloop
  endfacet
  facet normal -0 0 -1
    outer loop
      vertex 67.9592 0.61 3.54189
      vertex 66.7589 -0.01 3.54189
      vertex 66.7589 0.61 3.54189
    endloop
  endfacet
  facet normal 0 -0 -1
    outer loop
      vertex 67.9592 0.61 3.54189
      vertex 67.9592 -0.01 3.54189
      vertex 66.7589 -0.01 3.54189
    endloop
  endfacet
  facet normal 1 0 0
    outer loop
      vertex 67.9592 0.61 5.55999
      vertex 67.9592 -0.01 3.54189
      vertex 67.9592 0.61 3.54189
    endloop
  endfacet
  facet normal 1 0 0
    outer loop
      vertex 67.9592 0.61 5.55999
      vertex 67.9592 -0.01 5.55999
      vertex 67.9592 -0.01 3.54189
    endloop
  endfacet
  facet normal 1 0 0
    outer loop
      vertex 67.9592 0.61 8.34301
      vertex 67.9592 -0.01 8.34301
      vertex 67.9592 0.61 6.48355
    endloop
  endfacet
  facet normal 1 0 0
    outer loop
      vertex 67.9592 -0.01 6.48355
      vertex 67.9592 0.61 6.48355
      vertex 67.9592 -0.01 8.34301
    endloop
  endfacet
  facet normal -0 -0 -1
    outer loop
      vertex 69.2002 0.61 8.34301
      vertex 69.2002 -0.01 8.34301
      vertex 67.9592 0.61 8.34301
    endloop
  endfacet
  facet normal 0 0 -1
    outer loop
      vertex 67.9592 -0.01 8.34301
      vertex 67.9592 0.61 8.34301
      vertex 69.2002 -0.01 8.34301
    endloop
  endfacet
  facet normal -0.0403455 -0 -0.999186
    outer loop
      vertex 69.3852 0.61 8.33554
      vertex 69.3852 -0.01 8.33554
      vertex 69.2002 0.61 8.34301
    endloop
  endfacet
  facet normal -0.0403455 0 -0.999186
    outer loop
      vertex 69.2002 -0.01 8.34301
      vertex 69.2002 0.61 8.34301
      vertex 69.3852 -0.01 8.33554
    endloop
  endfacet
  facet normal -0.132629 -0 -0.991166
    outer loop
      vertex 69.5526 0.61 8.31314
      vertex 69.5526 -0.01 8.31314
      vertex 69.3852 0.61 8.33554
    endloop
  endfacet
  facet normal -0.132629 0 -0.991166
    outer loop
      vertex 69.3852 -0.01 8.33554
      vertex 69.3852 0.61 8.33554
      vertex 69.5526 -0.01 8.31314
    endloop
  endfacet
  facet normal -0.241743 -0 -0.97034
    outer loop
      vertex 69.7024 0.61 8.27582
      vertex 69.7024 -0.01 8.27582
      vertex 69.5526 0.61 8.31314
    endloop
  endfacet
  facet normal -0.241743 0 -0.97034
    outer loop
      vertex 69.5526 -0.01 8.31314
      vertex 69.5526 0.61 8.31314
      vertex 69.7024 -0.01 8.27582
    endloop
  endfacet
  facet normal -0.367868 -0 -0.929878
    outer loop
      vertex 69.8345 0.61 8.22356
      vertex 69.8345 -0.01 8.22356
      vertex 69.7024 0.61 8.27582
    endloop
  endfacet
  facet normal -0.367868 0 -0.929878
    outer loop
      vertex 69.7024 -0.01 8.27582
      vertex 69.7024 0.61 8.27582
      vertex 69.8345 -0.01 8.22356
    endloop
  endfacet
  facet normal -0.505779 -0 -0.862663
    outer loop
      vertex 69.9491 0.61 8.15637
      vertex 69.9491 -0.01 8.15637
      vertex 69.8345 0.61 8.22356
    endloop
  endfacet
  facet normal -0.505779 0 -0.862663
    outer loop
      vertex 69.8345 -0.01 8.22356
      vertex 69.8345 0.61 8.22356
      vertex 69.9491 -0.01 8.15637
    endloop
  endfacet
  facet normal -0.646528 -0 -0.76289
    outer loop
      vertex 70.046 0.61 8.07425
      vertex 70.046 -0.01 8.07425
      vertex 69.9491 0.61 8.15637
    endloop
  endfacet
  facet normal -0.646528 0 -0.76289
    outer loop
      vertex 69.9491 -0.01 8.15637
      vertex 69.9491 0.61 8.15637
      vertex 70.046 -0.01 8.07425
    endloop
  endfacet
  facet normal -0.774334 -0 -0.632777
    outer loop
      vertex 70.1253 0.61 7.97721
      vertex 70.1253 -0.01 7.97721
      vertex 70.046 0.61 8.07425
    endloop
  endfacet
  facet normal -0.774334 0 -0.632777
    outer loop
      vertex 70.046 -0.01 8.07425
      vertex 70.046 0.61 8.07425
      vertex 70.1253 -0.01 7.97721
    endloop
  endfacet
  facet normal -0.876198 -0 -0.481952
    outer loop
      vertex 70.1869 0.61 7.86522
      vertex 70.1869 -0.01 7.86522
      vertex 70.1253 0.61 7.97721
    endloop
  endfacet
  facet normal -0.876198 0 -0.481952
    outer loop
      vertex 70.1253 -0.01 7.97721
      vertex 70.1253 0.61 7.97721
      vertex 70.1869 -0.01 7.86522
    endloop
  endfacet
  facet normal -0.944595 -0 -0.328238
    outer loop
      vertex 70.231 0.61 7.73831
      vertex 70.231 -0.01 7.73831
      vertex 70.1869 0.61 7.86522
    endloop
  endfacet
  facet normal -0.944595 0 -0.328238
    outer loop
      vertex 70.1869 -0.01 7.86522
      vertex 70.1869 0.61 7.86522
      vertex 70.231 -0.01 7.73831
    endloop
  endfacet
  facet normal -0.983114 -0 -0.182995
    outer loop
      vertex 70.2574 0.61 7.59648
      vertex 70.2574 -0.01 7.59648
      vertex 70.231 0.61 7.73831
    endloop
  endfacet
  facet normal -0.983114 0 -0.182995
    outer loop
      vertex 70.231 -0.01 7.73831
      vertex 70.231 0.61 7.73831
      vertex 70.2574 -0.01 7.59648
    endloop
  endfacet
  facet normal -0.998428 -0 -0.0560414
    outer loop
      vertex 70.2662 0.61 7.4397
      vertex 70.2662 -0.01 7.4397
      vertex 70.2574 0.61 7.59648
    endloop
  endfacet
  facet normal -0.998428 0 -0.0560414
    outer loop
      vertex 70.2574 -0.01 7.59648
      vertex 70.2574 0.61 7.59648
      vertex 70.2662 -0.01 7.4397
    endloop
  endfacet
  facet normal -0.999645 0 0.0266507
    outer loop
      vertex 70.264 0.61 7.35718
      vertex 70.264 -0.01 7.35718
      vertex 70.2662 0.61 7.4397
    endloop
  endfacet
  facet normal -0.999645 0 0.0266507
    outer loop
      vertex 70.2662 -0.01 7.4397
      vertex 70.2662 0.61 7.4397
      vertex 70.264 -0.01 7.35718
    endloop
  endfacet
  facet normal -0.996522 0 0.0833276
    outer loop
      vertex 70.2574 0.61 7.27825
      vertex 70.2574 -0.01 7.27825
      vertex 70.264 0.61 7.35718
    endloop
  endfacet
  facet normal -0.996522 0 0.0833276
    outer loop
      vertex 70.264 -0.01 7.35718
      vertex 70.264 0.61 7.35718
      vertex 70.2574 -0.01 7.27825
    endloop
  endfacet
  facet normal -0.98932 0 0.145759
    outer loop
      vertex 70.2463 0.61 7.20291
      vertex 70.2463 -0.01 7.20291
      vertex 70.2574 0.61 7.27825
    endloop
  endfacet
  facet normal -0.98932 0 0.145759
    outer loop
      vertex 70.2574 -0.01 7.27825
      vertex 70.2574 0.61 7.27825
      vertex 70.2463 -0.01 7.20291
    endloop
  endfacet
  facet normal -0.977164 0 0.212486
    outer loop
      vertex 70.2307 0.61 7.13117
      vertex 70.2307 -0.01 7.13117
      vertex 70.2463 0.61 7.20291
    endloop
  endfacet
  facet normal -0.977164 0 0.212486
    outer loop
      vertex 70.2463 -0.01 7.20291
      vertex 70.2463 0.61 7.20291
      vertex 70.2307 -0.01 7.13117
    endloop
  endfacet
  facet normal -0.959511 0 0.281671
    outer loop
      vertex 70.2107 0.61 7.06304
      vertex 70.2107 -0.01 7.06304
      vertex 70.2307 0.61 7.13117
    endloop
  endfacet
  facet normal -0.959511 0 0.281671
    outer loop
      vertex 70.2307 -0.01 7.13117
      vertex 70.2307 0.61 7.13117
      vertex 70.2107 -0.01 7.06304
    endloop
  endfacet
  facet normal -0.935403 0 0.353584
    outer loop
      vertex 70.1863 0.61 6.99849
      vertex 70.1863 -0.01 6.99849
      vertex 70.2107 0.61 7.06304
    endloop
  endfacet
  facet normal -0.935403 0 0.353584
    outer loop
      vertex 70.2107 -0.01 7.06304
      vertex 70.2107 0.61 7.06304
      vertex 70.1863 -0.01 6.99849
    endloop
  endfacet
  facet normal -0.904118 0 0.427283
    outer loop
      vertex 70.1575 0.61 6.93755
      vertex 70.1575 -0.01 6.93755
      vertex 70.1863 0.61 6.99849
    endloop
  endfacet
  facet normal -0.904118 0 0.427283
    outer loop
      vertex 70.1863 -0.01 6.99849
      vertex 70.1863 0.61 6.99849
      vertex 70.1575 -0.01 6.93755
    endloop
  endfacet
  facet normal -0.864827 0 0.50207
    outer loop
      vertex 70.1242 0.61 6.88019
      vertex 70.1242 -0.01 6.88019
      vertex 70.1575 0.61 6.93755
    endloop
  endfacet
  facet normal -0.864827 0 0.50207
    outer loop
      vertex 70.1575 -0.01 6.93755
      vertex 70.1575 0.61 6.93755
      vertex 70.1242 -0.01 6.88019
    endloop
  endfacet
  facet normal -0.818745 0 0.574157
    outer loop
      vertex 70.0865 0.61 6.82643
      vertex 70.0865 -0.01 6.82643
      vertex 70.1242 0.61 6.88019
    endloop
  endfacet
  facet normal -0.818745 0 0.574157
    outer loop
      vertex 70.1242 -0.01 6.88019
      vertex 70.1242 0.61 6.88019
      vertex 70.0865 -0.01 6.82643
    endloop
  endfacet
  facet normal -0.765149 0 0.643854
    outer loop
      vertex 70.0443 0.61 6.77628
      vertex 70.0443 -0.01 6.77628
      vertex 70.0865 0.61 6.82643
    endloop
  endfacet
  facet normal -0.765149 0 0.643854
    outer loop
      vertex 70.0865 -0.01 6.82643
      vertex 70.0865 0.61 6.82643
      vertex 70.0443 -0.01 6.77628
    endloop
  endfacet
  facet normal -0.706803 0 0.70741
    outer loop
      vertex 69.9977 0.61 6.72972
      vertex 69.9977 -0.01 6.72972
      vertex 70.0443 0.61 6.77628
    endloop
  endfacet
  facet normal -0.706803 0 0.70741
    outer loop
      vertex 70.0443 -0.01 6.77628
      vertex 70.0443 0.61 6.77628
      vertex 69.9977 -0.01 6.72972
    endloop
  endfacet
  facet normal -0.644359 0 0.764723
    outer loop
      vertex 69.947 0.61 6.687
      vertex 69.947 -0.01 6.687
      vertex 69.9977 0.61 6.72972
    endloop
  endfacet
  facet normal -0.644359 0 0.764723
    outer loop
      vertex 69.9977 -0.01 6.72972
      vertex 69.9977 0.61 6.72972
      vertex 69.947 -0.01 6.687
    endloop
  endfacet
  facet normal -0.578474 0 0.815701
    outer loop
      vertex 69.8925 0.61 6.64835
      vertex 69.8925 -0.01 6.64835
      vertex 69.947 0.61 6.687
    endloop
  endfacet
  facet normal -0.578474 0 0.815701
    outer loop
      vertex 69.947 -0.01 6.687
      vertex 69.947 0.61 6.687
      vertex 69.8925 -0.01 6.64835
    endloop
  endfacet
  facet normal -0.510259 0 0.860021
    outer loop
      vertex 69.8342 0.61 6.61376
      vertex 69.8342 -0.01 6.61376
      vertex 69.8925 0.61 6.64835
    endloop
  endfacet
  facet normal -0.510259 0 0.860021
    outer loop
      vertex 69.8925 -0.01 6.64835
      vertex 69.8925 0.61 6.64835
      vertex 69.8342 -0.01 6.61376
    endloop
  endfacet
  facet normal -0.441648 0 0.897188
    outer loop
      vertex 69.7722 0.61 6.58324
      vertex 69.7722 -0.01 6.58324
      vertex 69.8342 0.61 6.61376
    endloop
  endfacet
  facet normal -0.441648 0 0.897188
    outer loop
      vertex 69.8342 -0.01 6.61376
      vertex 69.8342 0.61 6.61376
      vertex 69.7722 -0.01 6.58324
    endloop
  endfacet
  facet normal -0.373337 0 0.927696
    outer loop
      vertex 69.7065 0.61 6.5568
      vertex 69.7065 -0.01 6.5568
      vertex 69.7722 0.61 6.58324
    endloop
  endfacet
  facet normal -0.373337 0 0.927696
    outer loop
      vertex 69.7722 -0.01 6.58324
      vertex 69.7722 0.61 6.58324
      vertex 69.7065 -0.01 6.5568
    endloop
  endfacet
  facet normal -0.306239 0 0.951955
    outer loop
      vertex 69.6369 0.61 6.53441
      vertex 69.6369 -0.01 6.53441
      vertex 69.7065 0.61 6.5568
    endloop
  endfacet
  facet normal -0.306239 0 0.951955
    outer loop
      vertex 69.7065 -0.01 6.5568
      vertex 69.7065 0.61 6.5568
      vertex 69.6369 -0.01 6.53441
    endloop
  endfacet
  facet normal -0.242349 0 0.970189
    outer loop
      vertex 69.5636 0.61 6.5161
      vertex 69.5636 -0.01 6.5161
      vertex 69.6369 0.61 6.53441
    endloop
  endfacet
  facet normal -0.242349 0 0.970189
    outer loop
      vertex 69.6369 -0.01 6.53441
      vertex 69.6369 0.61 6.53441
      vertex 69.5636 -0.01 6.5161
    endloop
  endfacet
  facet normal -0.181623 0 0.983368
    outer loop
      vertex 69.4865 0.61 6.50186
      vertex 69.4865 -0.01 6.50186
      vertex 69.5636 0.61 6.5161
    endloop
  endfacet
  facet normal -0.181623 0 0.983368
    outer loop
      vertex 69.5636 -0.01 6.5161
      vertex 69.5636 0.61 6.5161
      vertex 69.4865 -0.01 6.50186
    endloop
  endfacet
  facet normal -0.124881 0 0.992172
    outer loop
      vertex 69.4057 0.61 6.49169
      vertex 69.4057 -0.01 6.49169
      vertex 69.4865 0.61 6.50186
    endloop
  endfacet
  facet normal -0.124881 0 0.992172
    outer loop
      vertex 69.4865 -0.01 6.50186
      vertex 69.4865 0.61 6.50186
      vertex 69.4057 -0.01 6.49169
    endloop
  endfacet
  facet normal -0.0720346 0 0.997402
    outer loop
      vertex 69.3211 0.61 6.48558
      vertex 69.3211 -0.01 6.48558
      vertex 69.4057 0.61 6.49169
    endloop
  endfacet
  facet normal -0.0720346 0 0.997402
    outer loop
      vertex 69.4057 -0.01 6.49169
      vertex 69.4057 0.61 6.49169
      vertex 69.3211 -0.01 6.48558
    endloop
  endfacet
  facet normal -0.0229577 0 0.999736
    outer loop
      vertex 69.2327 0.61 6.48355
      vertex 69.2327 -0.01 6.48355
      vertex 69.3211 0.61 6.48558
    endloop
  endfacet
  facet normal -0.0229577 0 0.999736
    outer loop
      vertex 69.3211 -0.01 6.48558
      vertex 69.3211 0.61 6.48558
      vertex 69.2327 -0.01 6.48355
    endloop
  endfacet
  facet normal -0 0 1
    outer loop
      vertex 67.9592 0.61 6.48355
      vertex 67.9592 -0.01 6.48355
      vertex 69.2327 0.61 6.48355
    endloop
  endfacet
  facet normal 0 -0 1
    outer loop
      vertex 69.2327 -0.01 6.48355
      vertex 69.2327 0.61 6.48355
      vertex 67.9592 -0.01 6.48355
    endloop
  endfacet
  facet normal 0.0598373 0 -0.998208
    outer loop
      vertex 61.2328 0.61 3.55345
      vertex 61.088 -0.01 3.54477
      vertex 61.088 0.61 3.54477
    endloop
  endfacet
  facet normal 0.0598373 0 -0.998208
    outer loop
      vertex 61.2328 0.61 3.55345
      vertex 61.2328 -0.01 3.55345
      vertex 61.088 -0.01 3.54477
    endloop
  endfacet
  facet normal 0.101379 0 -0.994848
    outer loop
      vertex 61.3746 0.61 3.5679
      vertex 61.2328 -0.01 3.55345
      vertex 61.2328 0.61 3.55345
    endloop
  endfacet
  facet normal 0.101379 0 -0.994848
    outer loop
      vertex 61.3746 0.61 3.5679
      vertex 61.3746 -0.01 3.5679
      vertex 61.2328 -0.01 3.55345
    endloop
  endfacet
  facet normal 0.144365 0 -0.989524
    outer loop
      vertex 61.5134 0.61 3.58815
      vertex 61.3746 -0.01 3.5679
      vertex 61.3746 0.61 3.5679
    endloop
  endfacet
  facet normal 0.144365 0 -0.989524
    outer loop
      vertex 61.5134 0.61 3.58815
      vertex 61.5134 -0.01 3.58815
      vertex 61.3746 -0.01 3.5679
    endloop
  endfacet
  facet normal 0.18852 0 -0.982069
    outer loop
      vertex 61.649 0.61 3.61418
      vertex 61.5134 -0.01 3.58815
      vertex 61.5134 0.61 3.58815
    endloop
  endfacet
  facet normal 0.18852 0 -0.982069
    outer loop
      vertex 61.649 0.61 3.61418
      vertex 61.649 -0.01 3.61418
      vertex 61.5134 -0.01 3.58815
    endloop
  endfacet
  facet normal 0.233207 0 -0.972427
    outer loop
      vertex 61.7816 0.61 3.64598
      vertex 61.649 -0.01 3.61418
      vertex 61.649 0.61 3.61418
    endloop
  endfacet
  facet normal 0.233207 0 -0.972427
    outer loop
      vertex 61.7816 0.61 3.64598
      vertex 61.7816 -0.01 3.64598
      vertex 61.649 -0.01 3.61418
    endloop
  endfacet
  facet normal 0.278634 0 -0.960397
    outer loop
      vertex 61.9112 0.61 3.68358
      vertex 61.7816 -0.01 3.64598
      vertex 61.7816 0.61 3.64598
    endloop
  endfacet
  facet normal 0.278634 0 -0.960397
    outer loop
      vertex 61.9112 0.61 3.68358
      vertex 61.9112 -0.01 3.68358
      vertex 61.7816 -0.01 3.64598
    endloop
  endfacet
  facet normal 0.324382 0 -0.945926
    outer loop
      vertex 62.0377 0.61 3.72696
      vertex 61.9112 -0.01 3.68358
      vertex 61.9112 0.61 3.68358
    endloop
  endfacet
  facet normal 0.324382 0 -0.945926
    outer loop
      vertex 62.0377 0.61 3.72696
      vertex 62.0377 -0.01 3.72696
      vertex 61.9112 -0.01 3.68358
    endloop
  endfacet
  facet normal 0.370157 0 -0.928969
    outer loop
      vertex 62.1611 0.61 3.77613
      vertex 62.0377 -0.01 3.72696
      vertex 62.0377 0.61 3.72696
    endloop
  endfacet
  facet normal 0.370157 0 -0.928969
    outer loop
      vertex 62.1611 0.61 3.77613
      vertex 62.1611 -0.01 3.77613
      vertex 62.0377 -0.01 3.72696
    endloop
  endfacet
  facet normal 0.41542 0 -0.90963
    outer loop
      vertex 62.2814 0.61 3.83107
      vertex 62.1611 -0.01 3.77613
      vertex 62.1611 0.61 3.77613
    endloop
  endfacet
  facet normal 0.41542 0 -0.90963
    outer loop
      vertex 62.2814 0.61 3.83107
      vertex 62.2814 -0.01 3.83107
      vertex 62.1611 -0.01 3.77613
    endloop
  endfacet
  facet normal 0.459767 0 -0.88804
    outer loop
      vertex 62.3987 0.61 3.8918
      vertex 62.2814 -0.01 3.83107
      vertex 62.2814 0.61 3.83107
    endloop
  endfacet
  facet normal 0.459767 0 -0.88804
    outer loop
      vertex 62.3987 0.61 3.8918
      vertex 62.3987 -0.01 3.8918
      vertex 62.2814 -0.01 3.83107
    endloop
  endfacet
  facet normal 0.504155 0 -0.863613
    outer loop
      vertex 62.5121 0.61 3.958
      vertex 62.3987 -0.01 3.8918
      vertex 62.3987 0.61 3.8918
    endloop
  endfacet
  facet normal 0.504155 0 -0.863613
    outer loop
      vertex 62.5121 0.61 3.958
      vertex 62.5121 -0.01 3.958
      vertex 62.3987 -0.01 3.8918
    endloop
  endfacet
  facet normal 0.548986 0 -0.835832
    outer loop
      vertex 62.6207 0.61 4.02933
      vertex 62.5121 -0.01 3.958
      vertex 62.5121 0.61 3.958
    endloop
  endfacet
  facet normal 0.548986 0 -0.835832
    outer loop
      vertex 62.6207 0.61 4.02933
      vertex 62.6207 -0.01 4.02933
      vertex 62.5121 -0.01 3.958
    endloop
  endfacet
  facet normal 0.592858 0 -0.805307
    outer loop
      vertex 62.7246 0.61 4.10582
      vertex 62.6207 -0.01 4.02933
      vertex 62.6207 0.61 4.02933
    endloop
  endfacet
  facet normal 0.592858 0 -0.805307
    outer loop
      vertex 62.7246 0.61 4.10582
      vertex 62.7246 -0.01 4.10582
      vertex 62.6207 -0.01 4.02933
    endloop
  endfacet
  facet normal 0.635745 0 -0.771899
    outer loop
      vertex 62.8237 0.61 4.18744
      vertex 62.7246 -0.01 4.10582
      vertex 62.7246 0.61 4.10582
    endloop
  endfacet
  facet normal 0.635745 0 -0.771899
    outer loop
      vertex 62.8237 0.61 4.18744
      vertex 62.8237 -0.01 4.18744
      vertex 62.7246 -0.01 4.10582
    endloop
  endfacet
  facet normal 0.677547 0 -0.73548
    outer loop
      vertex 62.9179 0.61 4.27422
      vertex 62.8237 -0.01 4.18744
      vertex 62.8237 0.61 4.18744
    endloop
  endfacet
  facet normal 0.677547 0 -0.73548
    outer loop
      vertex 62.9179 0.61 4.27422
      vertex 62.9179 -0.01 4.27422
      vertex 62.8237 -0.01 4.18744
    endloop
  endfacet
  facet normal 0.71601 0 -0.69809
    outer loop
      vertex 63.0075 0.61 4.36612
      vertex 62.9179 -0.01 4.27422
      vertex 62.9179 0.61 4.27422
    endloop
  endfacet
  facet normal 0.71601 0 -0.69809
    outer loop
      vertex 63.0075 0.61 4.36612
      vertex 63.0075 -0.01 4.36612
      vertex 62.9179 -0.01 4.27422
    endloop
  endfacet
  facet normal 0.753451 0 -0.657504
    outer loop
      vertex 63.0922 0.61 4.46318
      vertex 63.0075 -0.01 4.36612
      vertex 63.0075 0.61 4.36612
    endloop
  endfacet
  facet normal 0.753451 0 -0.657504
    outer loop
      vertex 63.0922 0.61 4.46318
      vertex 63.0922 -0.01 4.46318
      vertex 63.0075 -0.01 4.36612
    endloop
  endfacet
  facet normal 0.787469 0 -0.616354
    outer loop
      vertex 63.1722 0.61 4.56539
      vertex 63.0922 -0.01 4.46318
      vertex 63.0922 0.61 4.46318
    endloop
  endfacet
  facet normal 0.787469 0 -0.616354
    outer loop
      vertex 63.1722 0.61 4.56539
      vertex 63.1722 -0.01 4.56539
      vertex 63.0922 -0.01 4.46318
    endloop
  endfacet
  facet normal 0.819368 0 -0.573268
    outer loop
      vertex 63.2473 0.61 4.67273
      vertex 63.1722 -0.01 4.56539
      vertex 63.1722 0.61 4.56539
    endloop
  endfacet
  facet normal 0.819368 0 -0.573268
    outer loop
      vertex 63.2473 0.61 4.67273
      vertex 63.2473 -0.01 4.67273
      vertex 63.1722 -0.01 4.56539
    endloop
  endfacet
  facet normal 0.847342 0 -0.531048
    outer loop
      vertex 63.3178 0.61 4.78522
      vertex 63.2473 -0.01 4.67273
      vertex 63.2473 0.61 4.67273
    endloop
  endfacet
  facet normal 0.847342 0 -0.531048
    outer loop
      vertex 63.3178 0.61 4.78522
      vertex 63.3178 -0.01 4.78522
      vertex 63.2473 -0.01 4.67273
    endloop
  endfacet
  facet normal 0.873403 0 -0.486998
    outer loop
      vertex 63.3834 0.61 4.90287
      vertex 63.3178 -0.01 4.78522
      vertex 63.3178 0.61 4.78522
    endloop
  endfacet
  facet normal 0.873403 0 -0.486998
    outer loop
      vertex 63.3834 0.61 4.90287
      vertex 63.3834 -0.01 4.90287
      vertex 63.3178 -0.01 4.78522
    endloop
  endfacet
  facet normal 0.896299 0 -0.443451
    outer loop
      vertex 63.4438 0.61 5.02495
      vertex 63.3834 -0.01 4.90287
      vertex 63.3834 0.61 4.90287
    endloop
  endfacet
  facet normal 0.896299 0 -0.443451
    outer loop
      vertex 63.4438 0.61 5.02495
      vertex 63.4438 -0.01 5.02495
      vertex 63.3834 -0.01 4.90287
    endloop
  endfacet
  facet normal 0.917336 0 -0.398113
    outer loop
      vertex 63.4984 0.61 5.15076
      vertex 63.4438 -0.01 5.02495
      vertex 63.4438 0.61 5.02495
    endloop
  endfacet
  facet normal 0.917336 0 -0.398113
    outer loop
      vertex 63.4984 0.61 5.15076
      vertex 63.4984 -0.01 5.15076
      vertex 63.4438 -0.01 5.02495
    endloop
  endfacet
  facet normal 0.93557 0 -0.353141
    outer loop
      vertex 63.5473 0.61 5.28031
      vertex 63.4984 -0.01 5.15076
      vertex 63.4984 0.61 5.15076
    endloop
  endfacet
  facet normal 0.93557 0 -0.353141
    outer loop
      vertex 63.5473 0.61 5.28031
      vertex 63.5473 -0.01 5.28031
      vertex 63.4984 -0.01 5.15076
    endloop
  endfacet
  facet normal 0.951486 0 -0.307691
    outer loop
      vertex 63.5904 0.61 5.41359
      vertex 63.5473 -0.01 5.28031
      vertex 63.5473 0.61 5.28031
    endloop
  endfacet
  facet normal 0.951486 0 -0.307691
    outer loop
      vertex 63.5904 0.61 5.41359
      vertex 63.5904 -0.01 5.41359
      vertex 63.5473 -0.01 5.28031
    endloop
  endfacet
  facet normal 0.964704 0 -0.263338
    outer loop
      vertex 63.6278 0.61 5.5506
      vertex 63.5904 -0.01 5.41359
      vertex 63.5904 0.61 5.41359
    endloop
  endfacet
  facet normal 0.964704 0 -0.263338
    outer loop
      vertex 63.6278 0.61 5.5506
      vertex 63.6278 -0.01 5.5506
      vertex 63.5904 -0.01 5.41359
    endloop
  endfacet
  facet normal 0.975712 0 -0.219059
    outer loop
      vertex 63.6594 0.61 5.69135
      vertex 63.6278 -0.01 5.5506
      vertex 63.6278 0.61 5.5506
    endloop
  endfacet
  facet normal 0.975712 0 -0.219059
    outer loop
      vertex 63.6594 0.61 5.69135
      vertex 63.6594 -0.01 5.69135
      vertex 63.6278 -0.01 5.5506
    endloop
  endfacet
  facet normal 0.984307 0 -0.176463
    outer loop
      vertex 63.6853 0.61 5.83582
      vertex 63.6594 -0.01 5.69135
      vertex 63.6594 0.61 5.69135
    endloop
  endfacet
  facet normal 0.984307 0 -0.176463
    outer loop
      vertex 63.6853 0.61 5.83582
      vertex 63.6853 -0.01 5.83582
      vertex 63.6594 -0.01 5.69135
    endloop
  endfacet
  facet normal 0.990929 0 -0.134388
    outer loop
      vertex 63.7054 0.61 5.98403
      vertex 63.6853 -0.01 5.83582
      vertex 63.6853 0.61 5.83582
    endloop
  endfacet
  facet normal 0.990929 0 -0.134388
    outer loop
      vertex 63.7054 0.61 5.98403
      vertex 63.7054 -0.01 5.98403
      vertex 63.6853 -0.01 5.83582
    endloop
  endfacet
  facet normal 0.995539 0 -0.0943515
    outer loop
      vertex 63.7198 0.61 6.13597
      vertex 63.7054 -0.01 5.98403
      vertex 63.7054 0.61 5.98403
    endloop
  endfacet
  facet normal 0.995539 0 -0.0943515
    outer loop
      vertex 63.7198 0.61 6.13597
      vertex 63.7198 -0.01 6.13597
      vertex 63.7054 -0.01 5.98403
    endloop
  endfacet
  facet normal 0.998477 0 -0.055161
    outer loop
      vertex 63.7284 0.61 6.29164
      vertex 63.7198 -0.01 6.13597
      vertex 63.7198 0.61 6.13597
    endloop
  endfacet
  facet normal 0.998477 0 -0.055161
    outer loop
      vertex 63.7284 0.61 6.29164
      vertex 63.7284 -0.01 6.29164
      vertex 63.7198 -0.01 6.13597
    endloop
  endfacet
  facet normal 0.999835 0 -0.0181925
    outer loop
      vertex 63.7313 0.61 6.45102
      vertex 63.7284 -0.01 6.29164
      vertex 63.7284 0.61 6.29164
    endloop
  endfacet
  facet normal 0.999835 0 -0.0181925
    outer loop
      vertex 63.7313 0.61 6.45102
      vertex 63.7313 -0.01 6.45102
      vertex 63.7284 -0.01 6.29164
    endloop
  endfacet
  facet normal 0.99963 0 0.0271952
    outer loop
      vertex 63.7247 0.61 6.69362
      vertex 63.7313 -0.01 6.45102
      vertex 63.7313 0.61 6.45102
    endloop
  endfacet
  facet normal 0.99963 0 0.0271952
    outer loop
      vertex 63.7247 0.61 6.69362
      vertex 63.7247 -0.01 6.69362
      vertex 63.7313 -0.01 6.45102
    endloop
  endfacet
  facet normal 0.996418 0 0.0845623
    outer loop
      vertex 63.705 0.61 6.92575
      vertex 63.7247 -0.01 6.69362
      vertex 63.7247 0.61 6.69362
    endloop
  endfacet
  facet normal 0.996418 0 0.0845623
    outer loop
      vertex 63.705 0.61 6.92575
      vertex 63.705 -0.01 6.92575
      vertex 63.7247 -0.01 6.69362
    endloop
  endfacet
  facet normal 0.989295 0 0.145931
    outer loop
      vertex 63.6723 0.61 7.14743
      vertex 63.705 -0.01 6.92575
      vertex 63.705 0.61 6.92575
    endloop
  endfacet
  facet normal 0.989295 0 0.145931
    outer loop
      vertex 63.6723 0.61 7.14743
      vertex 63.6723 -0.01 7.14743
      vertex 63.705 -0.01 6.92575
    endloop
  endfacet
  facet normal 0.977193 0 0.212353
    outer loop
      vertex 63.6264 0.61 7.35865
      vertex 63.6723 -0.01 7.14743
      vertex 63.6723 0.61 7.14743
    endloop
  endfacet
  facet normal 0.977193 0 0.212353
    outer loop
      vertex 63.6264 0.61 7.35865
      vertex 63.6264 -0.01 7.35865
      vertex 63.6723 -0.01 7.14743
    endloop
  endfacet
  facet normal 0.95943 0 0.281946
    outer loop
      vertex 63.5674 0.61 7.55942
      vertex 63.6264 -0.01 7.35865
      vertex 63.6264 0.61 7.35865
    endloop
  endfacet
  facet normal 0.95943 0 0.281946
    outer loop
      vertex 63.5674 0.61 7.55942
      vertex 63.5674 -0.01 7.55942
      vertex 63.6264 -0.01 7.35865
    endloop
  endfacet
  facet normal 0.934963 0 0.354745
    outer loop
      vertex 63.4952 0.61 7.74971
      vertex 63.5674 -0.01 7.55942
      vertex 63.5674 0.61 7.55942
    endloop
  endfacet
  facet normal 0.934963 0 0.354745
    outer loop
      vertex 63.4952 0.61 7.74971
      vertex 63.4952 -0.01 7.74971
      vertex 63.5674 -0.01 7.55942
    endloop
  endfacet
  facet normal 0.903732 0 0.428099
    outer loop
      vertex 63.41 0.61 7.92957
      vertex 63.4952 -0.01 7.74971
      vertex 63.4952 0.61 7.74971
    endloop
  endfacet
  facet normal 0.903732 0 0.428099
    outer loop
      vertex 63.41 0.61 7.92957
      vertex 63.41 -0.01 7.92957
      vertex 63.4952 -0.01 7.74971
    endloop
  endfacet
  facet normal 0.86469 0 0.502305
    outer loop
      vertex 63.3116 0.61 8.09896
      vertex 63.41 -0.01 7.92957
      vertex 63.41 0.61 7.92957
    endloop
  endfacet
  facet normal 0.86469 0 0.502305
    outer loop
      vertex 63.3116 0.61 8.09896
      vertex 63.3116 -0.01 8.09896
      vertex 63.41 -0.01 7.92957
    endloop
  endfacet
  facet normal 0.818612 0 0.574347
    outer loop
      vertex 63.2001 0.61 8.25788
      vertex 63.3116 -0.01 8.09896
      vertex 63.3116 0.61 8.09896
    endloop
  endfacet
  facet normal 0.818612 0 0.574347
    outer loop
      vertex 63.2001 0.61 8.25788
      vertex 63.2001 -0.01 8.25788
      vertex 63.3116 -0.01 8.09896
    endloop
  endfacet
  facet normal 0.766018 0 0.642819
    outer loop
      vertex 63.0755 0.61 8.40636
      vertex 63.2001 -0.01 8.25788
      vertex 63.2001 0.61 8.25788
    endloop
  endfacet
  facet normal 0.766018 0 0.642819
    outer loop
      vertex 63.0755 0.61 8.40636
      vertex 63.0755 -0.01 8.40636
      vertex 63.2001 -0.01 8.25788
    endloop
  endfacet
  facet normal 0.708132 0 0.70608
    outer loop
      vertex 62.9379 0.61 8.54436
      vertex 63.0755 -0.01 8.40636
      vertex 63.0755 0.61 8.40636
    endloop
  endfacet
  facet normal 0.708132 0 0.70608
    outer loop
      vertex 62.9379 0.61 8.54436
      vertex 62.9379 -0.01 8.54436
      vertex 63.0755 -0.01 8.40636
    endloop
  endfacet
  facet normal 0.646242 0 0.763133
    outer loop
      vertex 62.7882 0.61 8.67113
      vertex 62.9379 -0.01 8.54436
      vertex 62.9379 0.61 8.54436
    endloop
  endfacet
  facet normal 0.646242 0 0.763133
    outer loop
      vertex 62.7882 0.61 8.67113
      vertex 62.7882 -0.01 8.67113
      vertex 62.9379 -0.01 8.54436
    endloop
  endfacet
  facet normal 0.581396 0 0.81362
    outer loop
      vertex 62.6277 0.61 8.78582
      vertex 62.7882 -0.01 8.67113
      vertex 62.7882 0.61 8.67113
    endloop
  endfacet
  facet normal 0.581396 0 0.81362
    outer loop
      vertex 62.6277 0.61 8.78582
      vertex 62.6277 -0.01 8.78582
      vertex 62.7882 -0.01 8.67113
    endloop
  endfacet
  facet normal 0.51387 0 0.857868
    outer loop
      vertex 62.4564 0.61 8.88843
      vertex 62.6277 -0.01 8.78582
      vertex 62.6277 0.61 8.78582
    endloop
  endfacet
  facet normal 0.51387 0 0.857868
    outer loop
      vertex 62.4564 0.61 8.88843
      vertex 62.4564 -0.01 8.88843
      vertex 62.6277 -0.01 8.78582
    endloop
  endfacet
  facet normal 0.44505 0 0.895506
    outer loop
      vertex 62.2742 0.61 8.97898
      vertex 62.4564 -0.01 8.88843
      vertex 62.4564 0.61 8.88843
    endloop
  endfacet
  facet normal 0.44505 0 0.895506
    outer loop
      vertex 62.2742 0.61 8.97898
      vertex 62.2742 -0.01 8.97898
      vertex 62.4564 -0.01 8.88843
    endloop
  endfacet
  facet normal 0.376598 0 0.926377
    outer loop
      vertex 62.0812 0.61 9.05744
      vertex 62.2742 -0.01 8.97898
      vertex 62.2742 0.61 8.97898
    endloop
  endfacet
  facet normal 0.376598 0 0.926377
    outer loop
      vertex 62.0812 0.61 9.05744
      vertex 62.0812 -0.01 9.05744
      vertex 62.2742 -0.01 8.97898
    endloop
  endfacet
  facet normal 0.309782 0 0.950808
    outer loop
      vertex 61.8774 0.61 9.12384
      vertex 62.0812 -0.01 9.05744
      vertex 62.0812 0.61 9.05744
    endloop
  endfacet
  facet normal 0.309782 0 0.950808
    outer loop
      vertex 61.8774 0.61 9.12384
      vertex 61.8774 -0.01 9.12384
      vertex 62.0812 -0.01 9.05744
    endloop
  endfacet
  facet normal 0.245383 0 0.969426
    outer loop
      vertex 61.6628 0.61 9.17816
      vertex 61.8774 -0.01 9.12384
      vertex 61.8774 0.61 9.12384
    endloop
  endfacet
  facet normal 0.245383 0 0.969426
    outer loop
      vertex 61.6628 0.61 9.17816
      vertex 61.6628 -0.01 9.17816
      vertex 61.8774 -0.01 9.12384
    endloop
  endfacet
  facet normal 0.184199 0 0.982889
    outer loop
      vertex 61.4373 0.61 9.22042
      vertex 61.6628 -0.01 9.17816
      vertex 61.6628 0.61 9.17816
    endloop
  endfacet
  facet normal 0.184199 0 0.982889
    outer loop
      vertex 61.4373 0.61 9.22042
      vertex 61.4373 -0.01 9.22042
      vertex 61.6628 -0.01 9.17816
    endloop
  endfacet
  facet normal 0.126743 0 0.991936
    outer loop
      vertex 61.2011 0.61 9.2506
      vertex 61.4373 -0.01 9.22042
      vertex 61.4373 0.61 9.22042
    endloop
  endfacet
  facet normal 0.126743 0 0.991936
    outer loop
      vertex 61.2011 0.61 9.2506
      vertex 61.2011 -0.01 9.2506
      vertex 61.4373 -0.01 9.22042
    endloop
  endfacet
  facet normal 0.0730647 0 0.997327
    outer loop
      vertex 60.9539 0.61 9.26871
      vertex 61.2011 -0.01 9.2506
      vertex 61.2011 0.61 9.2506
    endloop
  endfacet
  facet normal 0.0730647 0 0.997327
    outer loop
      vertex 60.9539 0.61 9.26871
      vertex 60.9539 -0.01 9.26871
      vertex 61.2011 -0.01 9.2506
    endloop
  endfacet
  facet normal 0.0234135 0 0.999726
    outer loop
      vertex 60.696 0.61 9.27475
      vertex 60.9539 -0.01 9.26871
      vertex 60.9539 0.61 9.26871
    endloop
  endfacet
  facet normal 0.0234135 0 0.999726
    outer loop
      vertex 60.696 0.61 9.27475
      vertex 60.696 -0.01 9.27475
      vertex 60.9539 -0.01 9.26871
    endloop
  endfacet
  facet normal -0 0 1
    outer loop
      vertex 58.6209 0.61 9.27475
      vertex 60.696 -0.01 9.27475
      vertex 60.696 0.61 9.27475
    endloop
  endfacet
  facet normal 0 0 1
    outer loop
      vertex 58.6209 0.61 9.27475
      vertex 58.6209 -0.01 9.27475
      vertex 60.696 -0.01 9.27475
    endloop
  endfacet
  facet normal -1 0 0
    outer loop
      vertex 58.6209 0.61 3.54189
      vertex 58.6209 -0.01 9.27475
      vertex 58.6209 0.61 9.27475
    endloop
  endfacet
  facet normal -1 0 0
    outer loop
      vertex 58.6209 0.61 3.54189
      vertex 58.6209 -0.01 3.54189
      vertex 58.6209 -0.01 9.27475
    endloop
  endfacet
  facet normal -0 0 -1
    outer loop
      vertex 60.9401 0.61 3.54189
      vertex 58.6209 -0.01 3.54189
      vertex 58.6209 0.61 3.54189
    endloop
  endfacet
  facet normal 0 -0 -1
    outer loop
      vertex 60.9401 0.61 3.54189
      vertex 60.9401 -0.01 3.54189
      vertex 58.6209 -0.01 3.54189
    endloop
  endfacet
  facet normal 0.0194689 0 -0.99981
    outer loop
      vertex 61.088 0.61 3.54477
      vertex 60.9401 -0.01 3.54189
      vertex 60.9401 0.61 3.54189
    endloop
  endfacet
  facet normal 0.0194689 0 -0.99981
    outer loop
      vertex 61.088 0.61 3.54477
      vertex 61.088 -0.01 3.54477
      vertex 60.9401 -0.01 3.54189
    endloop
  endfacet
  facet normal 1 0 0
    outer loop
      vertex 59.8212 0.61 8.34709
      vertex 59.8212 -0.01 8.34709
      vertex 59.8212 0.61 4.46955
    endloop
  endfacet
  facet normal 1 0 0
    outer loop
      vertex 59.8212 -0.01 4.46955
      vertex 59.8212 0.61 4.46955
      vertex 59.8212 -0.01 8.34709
    endloop
  endfacet
  facet normal -0 -0 -1
    outer loop
      vertex 60.6716 0.61 8.34709
      vertex 60.6716 -0.01 8.34709
      vertex 59.8212 0.61 8.34709
    endloop
  endfacet
  facet normal 0 0 -1
    outer loop
      vertex 59.8212 -0.01 8.34709
      vertex 59.8212 0.61 8.34709
      vertex 60.6716 -0.01 8.34709
    endloop
  endfacet
  facet normal -0.0253386 -0 -0.999679
    outer loop
      vertex 60.8302 0.61 8.34307
      vertex 60.8302 -0.01 8.34307
      vertex 60.6716 0.61 8.34709
    endloop
  endfacet
  facet normal -0.0253386 0 -0.999679
    outer loop
      vertex 60.6716 -0.01 8.34709
      vertex 60.6716 0.61 8.34709
      vertex 60.8302 -0.01 8.34307
    endloop
  endfacet
  facet normal -0.0791971 -0 -0.996859
    outer loop
      vertex 60.982 0.61 8.33101
      vertex 60.982 -0.01 8.33101
      vertex 60.8302 0.61 8.34307
    endloop
  endfacet
  facet normal -0.0791971 0 -0.996859
    outer loop
      vertex 60.8302 -0.01 8.34307
      vertex 60.8302 0.61 8.34307
      vertex 60.982 -0.01 8.33101
    endloop
  endfacet
  facet normal -0.137241 -0 -0.990538
    outer loop
      vertex 61.127 0.61 8.31092
      vertex 61.127 -0.01 8.31092
      vertex 60.982 0.61 8.33101
    endloop
  endfacet
  facet normal -0.137241 0 -0.990538
    outer loop
      vertex 60.982 -0.01 8.33101
      vertex 60.982 0.61 8.33101
      vertex 61.127 -0.01 8.31092
    endloop
  endfacet
  facet normal -0.199317 -0 -0.979935
    outer loop
      vertex 61.2653 0.61 8.28279
      vertex 61.2653 -0.01 8.28279
      vertex 61.127 0.61 8.31092
    endloop
  endfacet
  facet normal -0.199317 0 -0.979935
    outer loop
      vertex 61.127 -0.01 8.31092
      vertex 61.127 0.61 8.31092
      vertex 61.2653 -0.01 8.28279
    endloop
  endfacet
  facet normal -0.265327 -0 -0.964158
    outer loop
      vertex 61.3967 0.61 8.24663
      vertex 61.3967 -0.01 8.24663
      vertex 61.2653 0.61 8.28279
    endloop
  endfacet
  facet normal -0.265327 0 -0.964158
    outer loop
      vertex 61.2653 -0.01 8.28279
      vertex 61.2653 0.61 8.28279
      vertex 61.3967 -0.01 8.24663
    endloop
  endfacet
  facet normal -0.334085 -0 -0.942543
    outer loop
      vertex 61.5214 0.61 8.20243
      vertex 61.5214 -0.01 8.20243
      vertex 61.3967 0.61 8.24663
    endloop
  endfacet
  facet normal -0.334085 0 -0.942543
    outer loop
      vertex 61.3967 -0.01 8.24663
      vertex 61.3967 0.61 8.24663
      vertex 61.5214 -0.01 8.20243
    endloop
  endfacet
  facet normal -0.405167 -0 -0.914243
    outer loop
      vertex 61.6393 0.61 8.15018
      vertex 61.6393 -0.01 8.15018
      vertex 61.5214 0.61 8.20243
    endloop
  endfacet
  facet normal -0.405167 0 -0.914243
    outer loop
      vertex 61.5214 -0.01 8.20243
      vertex 61.5214 0.61 8.20243
      vertex 61.6393 -0.01 8.15018
    endloop
  endfacet
  facet normal -0.47717 -0 -0.878811
    outer loop
      vertex 61.7503 0.61 8.08991
      vertex 61.7503 -0.01 8.08991
      vertex 61.6393 0.61 8.15018
    endloop
  endfacet
  facet normal -0.47717 0 -0.878811
    outer loop
      vertex 61.6393 -0.01 8.15018
      vertex 61.6393 0.61 8.15018
      vertex 61.7503 -0.01 8.08991
    endloop
  endfacet
  facet normal -0.547945 -0 -0.836514
    outer loop
      vertex 61.8546 0.61 8.02159
      vertex 61.8546 -0.01 8.02159
      vertex 61.7503 0.61 8.08991
    endloop
  endfacet
  facet normal -0.547945 0 -0.836514
    outer loop
      vertex 61.7503 -0.01 8.08991
      vertex 61.7503 0.61 8.08991
      vertex 61.8546 -0.01 8.02159
    endloop
  endfacet
  facet normal -0.616537 -0 -0.787326
    outer loop
      vertex 61.9521 0.61 7.94524
      vertex 61.9521 -0.01 7.94524
      vertex 61.8546 0.61 8.02159
    endloop
  endfacet
  facet normal -0.616537 0 -0.787326
    outer loop
      vertex 61.8546 -0.01 8.02159
      vertex 61.8546 0.61 8.02159
      vertex 61.9521 -0.01 7.94524
    endloop
  endfacet
  facet normal -0.681225 -0 -0.732074
    outer loop
      vertex 62.0428 0.61 7.86084
      vertex 62.0428 -0.01 7.86084
      vertex 61.9521 0.61 7.94524
    endloop
  endfacet
  facet normal -0.681225 0 -0.732074
    outer loop
      vertex 61.9521 -0.01 7.94524
      vertex 61.9521 0.61 7.94524
      vertex 62.0428 -0.01 7.86084
    endloop
  endfacet
  facet normal -0.741324 -0 -0.671147
    outer loop
      vertex 62.1261 0.61 7.76883
      vertex 62.1261 -0.01 7.76883
      vertex 62.0428 0.61 7.86084
    endloop
  endfacet
  facet normal -0.741324 0 -0.671147
    outer loop
      vertex 62.0428 -0.01 7.86084
      vertex 62.0428 0.61 7.86084
      vertex 62.1261 -0.01 7.76883
    endloop
  endfacet
  facet normal -0.796307 -0 -0.604892
    outer loop
      vertex 62.2015 0.61 7.66957
      vertex 62.2015 -0.01 7.66957
      vertex 62.1261 0.61 7.76883
    endloop
  endfacet
  facet normal -0.796307 0 -0.604892
    outer loop
      vertex 62.1261 -0.01 7.76883
      vertex 62.1261 0.61 7.76883
      vertex 62.2015 -0.01 7.66957
    endloop
  endfacet
  facet normal -0.84493 -0 -0.534876
    outer loop
      vertex 62.2689 0.61 7.5631
      vertex 62.2689 -0.01 7.5631
      vertex 62.2015 0.61 7.66957
    endloop
  endfacet
  facet normal -0.84493 0 -0.534876
    outer loop
      vertex 62.2015 -0.01 7.66957
      vertex 62.2015 0.61 7.66957
      vertex 62.2689 -0.01 7.5631
    endloop
  endfacet
  facet normal -0.885711 -0 -0.464237
    outer loop
      vertex 62.3285 0.61 7.44939
      vertex 62.3285 -0.01 7.44939
      vertex 62.2689 0.61 7.5631
    endloop
  endfacet
  facet normal -0.885711 0 -0.464237
    outer loop
      vertex 62.2689 -0.01 7.5631
      vertex 62.2689 0.61 7.5631
      vertex 62.3285 -0.01 7.44939
    endloop
  endfacet
  facet normal -0.920055 -0 -0.391788
    outer loop
      vertex 62.38 0.61 7.32845
      vertex 62.38 -0.01 7.32845
      vertex 62.3285 0.61 7.44939
    endloop
  endfacet
  facet normal -0.920055 0 -0.391788
    outer loop
      vertex 62.3285 -0.01 7.44939
      vertex 62.3285 0.61 7.44939
      vertex 62.38 -0.01 7.32845
    endloop
  endfacet
  facet normal -0.94649 -0 -0.322734
    outer loop
      vertex 62.4237 0.61 7.20029
      vertex 62.4237 -0.01 7.20029
      vertex 62.38 0.61 7.32845
    endloop
  endfacet
  facet normal -0.94649 0 -0.322734
    outer loop
      vertex 62.38 -0.01 7.32845
      vertex 62.38 0.61 7.32845
      vertex 62.4237 -0.01 7.20029
    endloop
  endfacet
  facet normal -0.96695 -0 -0.254968
    outer loop
      vertex 62.4594 0.61 7.0649
      vertex 62.4594 -0.01 7.0649
      vertex 62.4237 0.61 7.20029
    endloop
  endfacet
  facet normal -0.96695 0 -0.254968
    outer loop
      vertex 62.4237 -0.01 7.20029
      vertex 62.4237 0.61 7.20029
      vertex 62.4594 -0.01 7.0649
    endloop
  endfacet
  facet normal -0.98153 -0 -0.19131
    outer loop
      vertex 62.4872 0.61 6.92227
      vertex 62.4872 -0.01 6.92227
      vertex 62.4594 0.61 7.0649
    endloop
  endfacet
  facet normal -0.98153 0 -0.19131
    outer loop
      vertex 62.4594 -0.01 7.0649
      vertex 62.4594 0.61 7.0649
      vertex 62.4872 -0.01 6.92227
    endloop
  endfacet
  facet normal -0.991383 -0 -0.130994
    outer loop
      vertex 62.507 0.61 6.77242
      vertex 62.507 -0.01 6.77242
      vertex 62.4872 0.61 6.92227
    endloop
  endfacet
  facet normal -0.991383 0 -0.130994
    outer loop
      vertex 62.4872 -0.01 6.92227
      vertex 62.4872 0.61 6.92227
      vertex 62.507 -0.01 6.77242
    endloop
  endfacet
  facet normal -0.997143 -0 -0.0755411
    outer loop
      vertex 62.5189 0.61 6.61534
      vertex 62.5189 -0.01 6.61534
      vertex 62.507 0.61 6.77242
    endloop
  endfacet
  facet normal -0.997143 0 -0.0755411
    outer loop
      vertex 62.507 -0.01 6.77242
      vertex 62.507 0.61 6.77242
      vertex 62.5189 -0.01 6.61534
    endloop
  endfacet
  facet normal -0.999704 -0 -0.0243355
    outer loop
      vertex 62.5229 0.61 6.45102
      vertex 62.5229 -0.01 6.45102
      vertex 62.5189 0.61 6.61534
    endloop
  endfacet
  facet normal -0.999704 0 -0.0243355
    outer loop
      vertex 62.5189 -0.01 6.61534
      vertex 62.5189 0.61 6.61534
      vertex 62.5229 -0.01 6.45102
    endloop
  endfacet
  facet normal -0.999729 0 0.023268
    outer loop
      vertex 62.5191 0.61 6.28775
      vertex 62.5191 -0.01 6.28775
      vertex 62.5229 0.61 6.45102
    endloop
  endfacet
  facet normal -0.999729 0 0.023268
    outer loop
      vertex 62.5229 -0.01 6.45102
      vertex 62.5229 0.61 6.45102
      vertex 62.5191 -0.01 6.28775
    endloop
  endfacet
  facet normal -0.997419 0 0.071807
    outer loop
      vertex 62.5078 0.61 6.13079
      vertex 62.5078 -0.01 6.13079
      vertex 62.5191 0.61 6.28775
    endloop
  endfacet
  facet normal -0.997419 0 0.071807
    outer loop
      vertex 62.5191 -0.01 6.28775
      vertex 62.5191 0.61 6.28775
      vertex 62.5078 -0.01 6.13079
    endloop
  endfacet
  facet normal -0.992303 0 0.123832
    outer loop
      vertex 62.489 0.61 5.98014
      vertex 62.489 -0.01 5.98014
      vertex 62.5078 0.61 6.13079
    endloop
  endfacet
  facet normal -0.992303 0 0.123832
    outer loop
      vertex 62.5078 -0.01 6.13079
      vertex 62.5078 0.61 6.13079
      vertex 62.489 -0.01 5.98014
    endloop
  endfacet
  facet normal -0.983682 0 0.179917
    outer loop
      vertex 62.4626 0.61 5.8358
      vertex 62.4626 -0.01 5.8358
      vertex 62.489 0.61 5.98014
    endloop
  endfacet
  facet normal -0.983682 0 0.179917
    outer loop
      vertex 62.489 -0.01 5.98014
      vertex 62.489 0.61 5.98014
      vertex 62.4626 -0.01 5.8358
    endloop
  endfacet
  facet normal -0.971128 0 0.23856
    outer loop
      vertex 62.4287 0.61 5.6978
      vertex 62.4287 -0.01 5.6978
      vertex 62.4626 0.61 5.8358
    endloop
  endfacet
  facet normal -0.971128 0 0.23856
    outer loop
      vertex 62.4626 -0.01 5.8358
      vertex 62.4626 0.61 5.8358
      vertex 62.4287 -0.01 5.6978
    endloop
  endfacet
  facet normal -0.953963 0 0.299925
    outer loop
      vertex 62.3873 0.61 5.56612
      vertex 62.3873 -0.01 5.56612
      vertex 62.4287 0.61 5.6978
    endloop
  endfacet
  facet normal -0.953963 0 0.299925
    outer loop
      vertex 62.4287 -0.01 5.6978
      vertex 62.4287 0.61 5.6978
      vertex 62.3873 -0.01 5.56612
    endloop
  endfacet
  facet normal -0.931388 0 0.364027
    outer loop
      vertex 62.3383 0.61 5.44075
      vertex 62.3383 -0.01 5.44075
      vertex 62.3873 0.61 5.56612
    endloop
  endfacet
  facet normal -0.931388 0 0.364027
    outer loop
      vertex 62.3873 -0.01 5.56612
      vertex 62.3873 0.61 5.56612
      vertex 62.3383 -0.01 5.44075
    endloop
  endfacet
  facet normal -0.903393 0 0.428814
    outer loop
      vertex 62.2818 0.61 5.32172
      vertex 62.2818 -0.01 5.32172
      vertex 62.3383 0.61 5.44075
    endloop
  endfacet
  facet normal -0.903393 0 0.428814
    outer loop
      vertex 62.3383 -0.01 5.44075
      vertex 62.3383 0.61 5.44075
      vertex 62.2818 -0.01 5.32172
    endloop
  endfacet
  facet normal -0.869607 0 0.493744
    outer loop
      vertex 62.2178 0.61 5.209
      vertex 62.2178 -0.01 5.209
      vertex 62.2818 0.61 5.32172
    endloop
  endfacet
  facet normal -0.869607 0 0.493744
    outer loop
      vertex 62.2818 -0.01 5.32172
      vertex 62.2818 0.61 5.32172
      vertex 62.2178 -0.01 5.209
    endloop
  endfacet
  facet normal -0.830004 0 0.557757
    outer loop
      vertex 62.1463 0.61 5.1026
      vertex 62.1463 -0.01 5.1026
      vertex 62.2178 0.61 5.209
    endloop
  endfacet
  facet normal -0.830004 0 0.557757
    outer loop
      vertex 62.2178 -0.01 5.209
      vertex 62.2178 0.61 5.209
      vertex 62.1463 -0.01 5.1026
    endloop
  endfacet
  facet normal -0.784542 0 0.620076
    outer loop
      vertex 62.0672 0.61 5.00252
      vertex 62.0672 -0.01 5.00252
      vertex 62.1463 0.61 5.1026
    endloop
  endfacet
  facet normal -0.784542 0 0.620076
    outer loop
      vertex 62.1463 -0.01 5.1026
      vertex 62.1463 0.61 5.1026
      vertex 62.0672 -0.01 5.00252
    endloop
  endfacet
  facet normal -0.734347 0 0.678775
    outer loop
      vertex 61.9817 0.61 4.91002
      vertex 61.9817 -0.01 4.91002
      vertex 62.0672 0.61 5.00252
    endloop
  endfacet
  facet normal -0.734347 0 0.678775
    outer loop
      vertex 62.0672 -0.01 5.00252
      vertex 62.0672 0.61 5.00252
      vertex 61.9817 -0.01 4.91002
    endloop
  endfacet
  facet normal -0.678135 0 0.734937
    outer loop
      vertex 61.891 0.61 4.82633
      vertex 61.891 -0.01 4.82633
      vertex 61.9817 0.61 4.91002
    endloop
  endfacet
  facet normal -0.678135 0 0.734937
    outer loop
      vertex 61.9817 -0.01 4.91002
      vertex 61.9817 0.61 4.91002
      vertex 61.891 -0.01 4.82633
    endloop
  endfacet
  facet normal -0.615032 0 0.788502
    outer loop
      vertex 61.795 0.61 4.75145
      vertex 61.795 -0.01 4.75145
      vertex 61.891 0.61 4.82633
    endloop
  endfacet
  facet normal -0.615032 0 0.788502
    outer loop
      vertex 61.891 -0.01 4.82633
      vertex 61.891 0.61 4.82633
      vertex 61.795 -0.01 4.75145
    endloop
  endfacet
  facet normal -0.546674 0 0.837345
    outer loop
      vertex 61.6938 0.61 4.68538
      vertex 61.6938 -0.01 4.68538
      vertex 61.795 0.61 4.75145
    endloop
  endfacet
  facet normal -0.546674 0 0.837345
    outer loop
      vertex 61.795 -0.01 4.75145
      vertex 61.795 0.61 4.75145
      vertex 61.6938 -0.01 4.68538
    endloop
  endfacet
  facet normal -0.473547 0 0.880768
    outer loop
      vertex 61.5873 0.61 4.62812
      vertex 61.5873 -0.01 4.62812
      vertex 61.6938 0.61 4.68538
    endloop
  endfacet
  facet normal -0.473547 0 0.880768
    outer loop
      vertex 61.6938 -0.01 4.68538
      vertex 61.6938 0.61 4.68538
      vertex 61.5873 -0.01 4.62812
    endloop
  endfacet
  facet normal -0.39793 0 0.917416
    outer loop
      vertex 61.4756 0.61 4.57967
      vertex 61.4756 -0.01 4.57967
      vertex 61.5873 0.61 4.62812
    endloop
  endfacet
  facet normal -0.39793 0 0.917416
    outer loop
      vertex 61.5873 -0.01 4.62812
      vertex 61.5873 0.61 4.62812
      vertex 61.4756 -0.01 4.57967
    endloop
  endfacet
  facet normal -0.321133 0 0.947034
    outer loop
      vertex 61.3587 0.61 4.54003
      vertex 61.3587 -0.01 4.54003
      vertex 61.4756 0.61 4.57967
    endloop
  endfacet
  facet normal -0.321133 0 0.947034
    outer loop
      vertex 61.4756 -0.01 4.57967
      vertex 61.4756 0.61 4.57967
      vertex 61.3587 -0.01 4.54003
    endloop
  endfacet
  facet normal -0.244701 0 0.969599
    outer loop
      vertex 61.2365 0.61 4.50919
      vertex 61.2365 -0.01 4.50919
      vertex 61.3587 0.61 4.54003
    endloop
  endfacet
  facet normal -0.244701 0 0.969599
    outer loop
      vertex 61.3587 -0.01 4.54003
      vertex 61.3587 0.61 4.54003
      vertex 61.2365 -0.01 4.50919
    endloop
  endfacet
  facet normal -0.170337 0 0.985386
    outer loop
      vertex 61.109 0.61 4.48715
      vertex 61.109 -0.01 4.48715
      vertex 61.2365 0.61 4.50919
    endloop
  endfacet
  facet normal -0.170337 0 0.985386
    outer loop
      vertex 61.2365 -0.01 4.50919
      vertex 61.2365 0.61 4.50919
      vertex 61.109 -0.01 4.48715
    endloop
  endfacet
  facet normal -0.0990582 0 0.995082
    outer loop
      vertex 60.9763 0.61 4.47394
      vertex 60.9763 -0.01 4.47394
      vertex 61.109 0.61 4.48715
    endloop
  endfacet
  facet normal -0.0990582 0 0.995082
    outer loop
      vertex 61.109 -0.01 4.48715
      vertex 61.109 0.61 4.48715
      vertex 60.9763 -0.01 4.47394
    endloop
  endfacet
  facet normal -0.0318185 0 0.999494
    outer loop
      vertex 60.8384 0.61 4.46955
      vertex 60.8384 -0.01 4.46955
      vertex 60.9763 0.61 4.47394
    endloop
  endfacet
  facet normal -0.0318185 0 0.999494
    outer loop
      vertex 60.9763 -0.01 4.47394
      vertex 60.9763 0.61 4.47394
      vertex 60.8384 -0.01 4.46955
    endloop
  endfacet
  facet normal -0 0 1
    outer loop
      vertex 59.8212 0.61 4.46955
      vertex 59.8212 -0.01 4.46955
      vertex 60.8384 0.61 4.46955
    endloop
  endfacet
  facet normal 0 -0 1
    outer loop
      vertex 60.8384 -0.01 4.46955
      vertex 60.8384 0.61 4.46955
      vertex 59.8212 -0.01 4.46955
    endloop
  endfacet
  facet normal 0.999839 0 -0.0179308
    outer loop
      vertex 96.4274 0.61 6.00211
      vertex 96.4256 -0.01 5.90174
      vertex 96.4256 0.61 5.90174
    endloop
  endfacet
  facet normal 0.999839 0 -0.0179308
    outer loop
      vertex 96.4274 0.61 6.00211
      vertex 96.4274 -0.01 6.00211
      vertex 96.4256 -0.01 5.90174
    endloop
  endfacet
  facet normal 0.998452 0 -0.0556126
    outer loop
      vertex 96.4328 0.61 6.09906
      vertex 96.4274 -0.01 6.00211
      vertex 96.4274 0.61 6.00211
    endloop
  endfacet
  facet normal 0.998452 0 -0.0556126
    outer loop
      vertex 96.4328 0.61 6.09906
      vertex 96.4328 -0.01 6.09906
      vertex 96.4274 -0.01 6.00211
    endloop
  endfacet
  facet normal 0.9954 0 -0.0958037
    outer loop
      vertex 96.4418 0.61 6.19257
      vertex 96.4328 -0.01 6.09906
      vertex 96.4328 0.61 6.09906
    endloop
  endfacet
  facet normal 0.9954 0 -0.0958037
    outer loop
      vertex 96.4418 0.61 6.19257
      vertex 96.4418 -0.01 6.19257
      vertex 96.4328 -0.01 6.09906
    endloop
  endfacet
  facet normal 0.990361 0 -0.138512
    outer loop
      vertex 96.4544 0.61 6.28266
      vertex 96.4418 -0.01 6.19257
      vertex 96.4418 0.61 6.19257
    endloop
  endfacet
  facet normal 0.990361 0 -0.138512
    outer loop
      vertex 96.4544 0.61 6.28266
      vertex 96.4544 -0.01 6.28266
      vertex 96.4418 -0.01 6.19257
    endloop
  endfacet
  facet normal 0.982968 0 -0.183775
    outer loop
      vertex 96.4706 0.61 6.36931
      vertex 96.4544 -0.01 6.28266
      vertex 96.4544 0.61 6.28266
    endloop
  endfacet
  facet normal 0.982968 0 -0.183775
    outer loop
      vertex 96.4706 0.61 6.36931
      vertex 96.4706 -0.01 6.36931
      vertex 96.4544 -0.01 6.28266
    endloop
  endfacet
  facet normal 0.972838 0 -0.231489
    outer loop
      vertex 96.4904 0.61 6.45252
      vertex 96.4706 -0.01 6.36931
      vertex 96.4706 0.61 6.36931
    endloop
  endfacet
  facet normal 0.972838 0 -0.231489
    outer loop
      vertex 96.4904 0.61 6.45252
      vertex 96.4904 -0.01 6.45252
      vertex 96.4706 -0.01 6.36931
    endloop
  endfacet
  facet normal 0.959595 0 -0.281385
    outer loop
      vertex 96.5138 0.61 6.53232
      vertex 96.4904 -0.01 6.45252
      vertex 96.4904 0.61 6.45252
    endloop
  endfacet
  facet normal 0.959595 0 -0.281385
    outer loop
      vertex 96.5138 0.61 6.53232
      vertex 96.5138 -0.01 6.53232
      vertex 96.4904 -0.01 6.45252
    endloop
  endfacet
  facet normal 0.9432 0 -0.332226
    outer loop
      vertex 96.5407 0.61 6.60869
      vertex 96.5138 -0.01 6.53232
      vertex 96.5138 0.61 6.53232
    endloop
  endfacet
  facet normal 0.9432 0 -0.332226
    outer loop
      vertex 96.5407 0.61 6.60869
      vertex 96.5407 -0.01 6.60869
      vertex 96.5138 -0.01 6.53232
    endloop
  endfacet
  facet normal 0.922139 0 -0.386858
    outer loop
      vertex 96.5713 0.61 6.68163
      vertex 96.5407 -0.01 6.60869
      vertex 96.5407 0.61 6.60869
    endloop
  endfacet
  facet normal 0.922139 0 -0.386858
    outer loop
      vertex 96.5713 0.61 6.68163
      vertex 96.5713 -0.01 6.68163
      vertex 96.5407 -0.01 6.60869
    endloop
  endfacet
  facet normal 0.897249 0 -0.441524
    outer loop
      vertex 96.6055 0.61 6.75113
      vertex 96.5713 -0.01 6.68163
      vertex 96.5713 0.61 6.68163
    endloop
  endfacet
  facet normal 0.897249 0 -0.441524
    outer loop
      vertex 96.6055 0.61 6.75113
      vertex 96.6055 -0.01 6.75113
      vertex 96.5713 -0.01 6.68163
    endloop
  endfacet
  facet normal 0.867984 0 -0.496592
    outer loop
      vertex 96.6433 0.61 6.8172
      vertex 96.6055 -0.01 6.75113
      vertex 96.6055 0.61 6.75113
    endloop
  endfacet
  facet normal 0.867984 0 -0.496592
    outer loop
      vertex 96.6433 0.61 6.8172
      vertex 96.6433 -0.01 6.8172
      vertex 96.6055 -0.01 6.75113
    endloop
  endfacet
  facet normal 0.834341 0 -0.551249
    outer loop
      vertex 96.6839 0.61 6.87865
      vertex 96.6433 -0.01 6.8172
      vertex 96.6433 0.61 6.8172
    endloop
  endfacet
  facet normal 0.834341 0 -0.551249
    outer loop
      vertex 96.6839 0.61 6.87865
      vertex 96.6839 -0.01 6.87865
      vertex 96.6433 -0.01 6.8172
    endloop
  endfacet
  facet normal 0.792359 0 -0.610055
    outer loop
      vertex 96.7267 0.61 6.93424
      vertex 96.6839 -0.01 6.87865
      vertex 96.6839 0.61 6.87865
    endloop
  endfacet
  facet normal 0.792359 0 -0.610055
    outer loop
      vertex 96.7267 0.61 6.93424
      vertex 96.7267 -0.01 6.93424
      vertex 96.6839 -0.01 6.87865
    endloop
  endfacet
  facet normal 0.742975 0 -0.66932
    outer loop
      vertex 96.7715 0.61 6.98397
      vertex 96.7267 -0.01 6.93424
      vertex 96.7267 0.61 6.93424
    endloop
  endfacet
  facet normal 0.742975 0 -0.66932
    outer loop
      vertex 96.7715 0.61 6.98397
      vertex 96.7715 -0.01 6.98397
      vertex 96.7267 -0.01 6.93424
    endloop
  endfacet
  facet normal 0.682429 0 -0.730952
    outer loop
      vertex 96.8185 0.61 7.02785
      vertex 96.7715 -0.01 6.98397
      vertex 96.7715 0.61 6.98397
    endloop
  endfacet
  facet normal 0.682429 0 -0.730952
    outer loop
      vertex 96.8185 0.61 7.02785
      vertex 96.8185 -0.01 7.02785
      vertex 96.7715 -0.01 6.98397
    endloop
  endfacet
  facet normal 0.612446 0 -0.790512
    outer loop
      vertex 96.8676 0.61 7.06589
      vertex 96.8185 -0.01 7.02785
      vertex 96.8185 0.61 7.02785
    endloop
  endfacet
  facet normal 0.612446 0 -0.790512
    outer loop
      vertex 96.8676 0.61 7.06589
      vertex 96.8676 -0.01 7.06589
      vertex 96.8185 -0.01 7.02785
    endloop
  endfacet
  facet normal 0.531393 0 -0.847125
    outer loop
      vertex 96.9189 0.61 7.09807
      vertex 96.8676 -0.01 7.06589
      vertex 96.8676 0.61 7.06589
    endloop
  endfacet
  facet normal 0.531393 0 -0.847125
    outer loop
      vertex 96.9189 0.61 7.09807
      vertex 96.9189 -0.01 7.09807
      vertex 96.8676 -0.01 7.06589
    endloop
  endfacet
  facet normal 0.442767 0 -0.896637
    outer loop
      vertex 96.9722 0.61 7.12439
      vertex 96.9189 -0.01 7.09807
      vertex 96.9189 0.61 7.09807
    endloop
  endfacet
  facet normal 0.442767 0 -0.896637
    outer loop
      vertex 96.9722 0.61 7.12439
      vertex 96.9722 -0.01 7.12439
      vertex 96.9189 -0.01 7.09807
    endloop
  endfacet
  facet normal 0.346191 0 -0.938164
    outer loop
      vertex 97.0277 0.61 7.14487
      vertex 96.9722 -0.01 7.12439
      vertex 96.9722 0.61 7.12439
    endloop
  endfacet
  facet normal 0.346191 0 -0.938164
    outer loop
      vertex 97.0277 0.61 7.14487
      vertex 97.0277 -0.01 7.14487
      vertex 96.9722 -0.01 7.12439
    endloop
  endfacet
  facet normal 0.246176 0 -0.969225
    outer loop
      vertex 97.0853 0.61 7.1595
      vertex 97.0277 -0.01 7.14487
      vertex 97.0277 0.61 7.14487
    endloop
  endfacet
  facet normal 0.246176 0 -0.969225
    outer loop
      vertex 97.0853 0.61 7.1595
      vertex 97.0853 -0.01 7.1595
      vertex 97.0277 -0.01 7.14487
    endloop
  endfacet
  facet normal 0.145504 0 -0.989358
    outer loop
      vertex 97.145 0.61 7.16828
      vertex 97.0853 -0.01 7.1595
      vertex 97.0853 0.61 7.1595
    endloop
  endfacet
  facet normal 0.145504 0 -0.989358
    outer loop
      vertex 97.145 0.61 7.16828
      vertex 97.145 -0.01 7.16828
      vertex 97.0853 -0.01 7.1595
    endloop
  endfacet
  facet normal 0.0473578 0 -0.998878
    outer loop
      vertex 97.2068 0.61 7.17121
      vertex 97.145 -0.01 7.16828
      vertex 97.145 0.61 7.16828
    endloop
  endfacet
  facet normal 0.0473578 0 -0.998878
    outer loop
      vertex 97.2068 0.61 7.17121
      vertex 97.2068 -0.01 7.17121
      vertex 97.145 -0.01 7.16828
    endloop
  endfacet
  facet normal -0.0825327 0 -0.996588
    outer loop
      vertex 97.3226 0.61 7.16162
      vertex 97.2068 -0.01 7.17121
      vertex 97.2068 0.61 7.17121
    endloop
  endfacet
  facet normal -0.0825327 -0 -0.996588
    outer loop
      vertex 97.3226 0.61 7.16162
      vertex 97.3226 -0.01 7.16162
      vertex 97.2068 -0.01 7.17121
    endloop
  endfacet
  facet normal -0.264472 0 -0.964393
    outer loop
      vertex 97.4274 0.61 7.13288
      vertex 97.3226 -0.01 7.16162
      vertex 97.3226 0.61 7.16162
    endloop
  endfacet
  facet normal -0.264472 -0 -0.964393
    outer loop
      vertex 97.4274 0.61 7.13288
      vertex 97.4274 -0.01 7.13288
      vertex 97.3226 -0.01 7.16162
    endloop
  endfacet
  facet normal -0.455019 0 -0.890482
    outer loop
      vertex 97.5212 0.61 7.08495
      vertex 97.4274 -0.01 7.13288
      vertex 97.4274 0.61 7.13288
    endloop
  endfacet
  facet normal -0.455019 -0 -0.890482
    outer loop
      vertex 97.5212 0.61 7.08495
      vertex 97.5212 -0.01 7.08495
      vertex 97.4274 -0.01 7.13288
    endloop
  endfacet
  facet normal -0.629949 0 -0.776637
    outer loop
      vertex 97.6039 0.61 7.01787
      vertex 97.5212 -0.01 7.08495
      vertex 97.5212 0.61 7.08495
    endloop
  endfacet
  facet normal -0.629949 -0 -0.776637
    outer loop
      vertex 97.6039 0.61 7.01787
      vertex 97.6039 -0.01 7.01787
      vertex 97.5212 -0.01 7.08495
    endloop
  endfacet
  facet normal -0.769025 0 -0.639219
    outer loop
      vertex 97.6756 0.61 6.93161
      vertex 97.6039 -0.01 7.01787
      vertex 97.6039 0.61 7.01787
    endloop
  endfacet
  facet normal -0.769025 -0 -0.639219
    outer loop
      vertex 97.6756 0.61 6.93161
      vertex 97.6756 -0.01 6.93161
      vertex 97.6039 -0.01 7.01787
    endloop
  endfacet
  facet normal -0.866965 0 -0.498369
    outer loop
      vertex 97.7362 0.61 6.82619
      vertex 97.6756 -0.01 6.93161
      vertex 97.6756 0.61 6.93161
    endloop
  endfacet
  facet normal -0.866965 -0 -0.498369
    outer loop
      vertex 97.7362 0.61 6.82619
      vertex 97.7362 -0.01 6.82619
      vertex 97.6756 -0.01 6.93161
    endloop
  endfacet
  facet normal -0.928826 0 -0.370516
    outer loop
      vertex 97.7859 0.61 6.7016
      vertex 97.7362 -0.01 6.82619
      vertex 97.7362 0.61 6.82619
    endloop
  endfacet
  facet normal -0.928826 -0 -0.370516
    outer loop
      vertex 97.7859 0.61 6.7016
      vertex 97.7859 -0.01 6.7016
      vertex 97.7362 -0.01 6.82619
    endloop
  endfacet
  facet normal -0.965787 0 -0.259335
    outer loop
      vertex 97.8245 0.61 6.55785
      vertex 97.7859 -0.01 6.7016
      vertex 97.7859 0.61 6.7016
    endloop
  endfacet
  facet normal -0.965787 -0 -0.259335
    outer loop
      vertex 97.8245 0.61 6.55785
      vertex 97.8245 -0.01 6.55785
      vertex 97.7859 -0.01 6.7016
    endloop
  endfacet
  facet normal -0.986048 0 -0.16646
    outer loop
      vertex 97.852 0.61 6.39495
      vertex 97.8245 -0.01 6.55785
      vertex 97.8245 0.61 6.55785
    endloop
  endfacet
  facet normal -0.986048 -0 -0.16646
    outer loop
      vertex 97.852 0.61 6.39495
      vertex 97.852 -0.01 6.39495
      vertex 97.8245 -0.01 6.55785
    endloop
  endfacet
  facet normal -0.99587 0 -0.0907872
    outer loop
      vertex 97.8686 0.61 6.21286
      vertex 97.852 -0.01 6.39495
      vertex 97.852 0.61 6.39495
    endloop
  endfacet
  facet normal -0.99587 -0 -0.0907872
    outer loop
      vertex 97.8686 0.61 6.21286
      vertex 97.8686 -0.01 6.21286
      vertex 97.852 -0.01 6.39495
    endloop
  endfacet
  facet normal -0.999627 0 -0.0273176
    outer loop
      vertex 97.8741 0.61 6.0116
      vertex 97.8686 -0.01 6.21286
      vertex 97.8686 0.61 6.21286
    endloop
  endfacet
  facet normal -0.999627 -0 -0.0273176
    outer loop
      vertex 97.8741 0.61 6.0116
      vertex 97.8741 -0.01 6.0116
      vertex 97.8686 -0.01 6.21286
    endloop
  endfacet
  facet normal -1 0 0
    outer loop
      vertex 97.8741 0.61 3.54189
      vertex 97.8741 -0.01 6.0116
      vertex 97.8741 0.61 6.0116
    endloop
  endfacet
  facet normal -1 0 0
    outer loop
      vertex 97.8741 0.61 3.54189
      vertex 97.8741 -0.01 3.54189
      vertex 97.8741 -0.01 6.0116
    endloop
  endfacet
  facet normal -0 0 -1
    outer loop
      vertex 99.0092 0.61 3.54189
      vertex 97.8741 -0.01 3.54189
      vertex 97.8741 0.61 3.54189
    endloop
  endfacet
  facet normal 0 -0 -1
    outer loop
      vertex 99.0092 0.61 3.54189
      vertex 99.0092 -0.01 3.54189
      vertex 97.8741 -0.01 3.54189
    endloop
  endfacet
  facet normal 1 0 0
    outer loop
      vertex 99.0092 0.61 5.95467
      vertex 99.0092 -0.01 3.54189
      vertex 99.0092 0.61 3.54189
    endloop
  endfacet
  facet normal 1 0 0
    outer loop
      vertex 99.0092 0.61 5.95467
      vertex 99.0092 -0.01 5.95467
      vertex 99.0092 -0.01 3.54189
    endloop
  endfacet
  facet normal 0.99864 0 -0.0521303
    outer loop
      vertex 99.0145 0.61 6.0562
      vertex 99.0092 -0.01 5.95467
      vertex 99.0092 0.61 5.95467
    endloop
  endfacet
  facet normal 0.99864 0 -0.0521303
    outer loop
      vertex 99.0145 0.61 6.0562
      vertex 99.0145 -0.01 6.0562
      vertex 99.0092 -0.01 5.95467
    endloop
  endfacet
  facet normal 0.996218 0 -0.0868854
    outer loop
      vertex 99.023 0.61 6.15366
      vertex 99.0145 -0.01 6.0562
      vertex 99.0145 0.61 6.0562
    endloop
  endfacet
  facet normal 0.996218 0 -0.0868854
    outer loop
      vertex 99.023 0.61 6.15366
      vertex 99.023 -0.01 6.15366
      vertex 99.0145 -0.01 6.0562
    endloop
  endfacet
  facet normal 0.992245 0 -0.124296
    outer loop
      vertex 99.0347 0.61 6.24706
      vertex 99.023 -0.01 6.15366
      vertex 99.023 0.61 6.15366
    endloop
  endfacet
  facet normal 0.992245 0 -0.124296
    outer loop
      vertex 99.0347 0.61 6.24706
      vertex 99.0347 -0.01 6.24706
      vertex 99.023 -0.01 6.15366
    endloop
  endfacet
  facet normal 0.986376 0 -0.164506
    outer loop
      vertex 99.0496 0.61 6.3364
      vertex 99.0347 -0.01 6.24706
      vertex 99.0347 0.61 6.24706
    endloop
  endfacet
  facet normal 0.986376 0 -0.164506
    outer loop
      vertex 99.0496 0.61 6.3364
      vertex 99.0496 -0.01 6.3364
      vertex 99.0347 -0.01 6.24706
    endloop
  endfacet
  facet normal 0.978195 0 -0.207687
    outer loop
      vertex 99.0677 0.61 6.42165
      vertex 99.0496 -0.01 6.3364
      vertex 99.0496 0.61 6.3364
    endloop
  endfacet
  facet normal 0.978195 0 -0.207687
    outer loop
      vertex 99.0677 0.61 6.42165
      vertex 99.0677 -0.01 6.42165
      vertex 99.0496 -0.01 6.3364
    endloop
  endfacet
  facet normal 0.967259 0 -0.253789
    outer loop
      vertex 99.089 0.61 6.50283
      vertex 99.0677 -0.01 6.42165
      vertex 99.0677 0.61 6.42165
    endloop
  endfacet
  facet normal 0.967259 0 -0.253789
    outer loop
      vertex 99.089 0.61 6.50283
      vertex 99.089 -0.01 6.50283
      vertex 99.0677 -0.01 6.42165
    endloop
  endfacet
  facet normal 0.953407 0 -0.301688
    outer loop
      vertex 99.1134 0.61 6.57994
      vertex 99.089 -0.01 6.50283
      vertex 99.089 0.61 6.50283
    endloop
  endfacet
  facet normal 0.953407 0 -0.301688
    outer loop
      vertex 99.1134 0.61 6.57994
      vertex 99.1134 -0.01 6.57994
      vertex 99.089 -0.01 6.50283
    endloop
  endfacet
  facet normal 0.93505 0 -0.354515
    outer loop
      vertex 99.1411 0.61 6.653
      vertex 99.1134 -0.01 6.57994
      vertex 99.1134 0.61 6.57994
    endloop
  endfacet
  facet normal 0.93505 0 -0.354515
    outer loop
      vertex 99.1411 0.61 6.653
      vertex 99.1411 -0.01 6.653
      vertex 99.1134 -0.01 6.57994
    endloop
  endfacet
  facet normal 0.91264 0 -0.408763
    outer loop
      vertex 99.172 0.61 6.72199
      vertex 99.1411 -0.01 6.653
      vertex 99.1411 0.61 6.653
    endloop
  endfacet
  facet normal 0.91264 0 -0.408763
    outer loop
      vertex 99.172 0.61 6.72199
      vertex 99.172 -0.01 6.72199
      vertex 99.1411 -0.01 6.653
    endloop
  endfacet
  facet normal 0.885834 0 -0.464002
    outer loop
      vertex 99.206 0.61 6.7869
      vertex 99.172 -0.01 6.72199
      vertex 99.172 0.61 6.72199
    endloop
  endfacet
  facet normal 0.885834 0 -0.464002
    outer loop
      vertex 99.206 0.61 6.7869
      vertex 99.206 -0.01 6.7869
      vertex 99.172 -0.01 6.72199
    endloop
  endfacet
  facet normal 0.853195 0 -0.521592
    outer loop
      vertex 99.2432 0.61 6.84775
      vertex 99.206 -0.01 6.7869
      vertex 99.206 0.61 6.7869
    endloop
  endfacet
  facet normal 0.853195 0 -0.521592
    outer loop
      vertex 99.2432 0.61 6.84775
      vertex 99.2432 -0.01 6.84775
      vertex 99.206 -0.01 6.7869
    endloop
  endfacet
  facet normal 0.815105 0 -0.579314
    outer loop
      vertex 99.2831 0.61 6.90389
      vertex 99.2432 -0.01 6.84775
      vertex 99.2432 0.61 6.84775
    endloop
  endfacet
  facet normal 0.815105 0 -0.579314
    outer loop
      vertex 99.2831 0.61 6.90389
      vertex 99.2831 -0.01 6.90389
      vertex 99.2432 -0.01 6.84775
    endloop
  endfacet
  facet normal 0.772071 0 -0.635537
    outer loop
      vertex 99.3249 0.61 6.95467
      vertex 99.2831 -0.01 6.90389
      vertex 99.2831 0.61 6.90389
    endloop
  endfacet
  facet normal 0.772071 0 -0.635537
    outer loop
      vertex 99.3249 0.61 6.95467
      vertex 99.3249 -0.01 6.95467
      vertex 99.2831 -0.01 6.90389
    endloop
  endfacet
  facet normal 0.720056 0 -0.693916
    outer loop
      vertex 99.3687 0.61 7.00012
      vertex 99.3249 -0.01 6.95467
      vertex 99.3249 0.61 6.95467
    endloop
  endfacet
  facet normal 0.720056 0 -0.693916
    outer loop
      vertex 99.3687 0.61 7.00012
      vertex 99.3687 -0.01 7.00012
      vertex 99.3249 -0.01 6.95467
    endloop
  endfacet
  facet normal 0.65883 0 -0.752292
    outer loop
      vertex 99.4145 0.61 7.04023
      vertex 99.3687 -0.01 7.00012
      vertex 99.3687 0.61 7.00012
    endloop
  endfacet
  facet normal 0.65883 0 -0.752292
    outer loop
      vertex 99.4145 0.61 7.04023
      vertex 99.4145 -0.01 7.04023
      vertex 99.3687 -0.01 7.00012
    endloop
  endfacet
  facet normal 0.588716 0 -0.80834
    outer loop
      vertex 99.4622 0.61 7.07497
      vertex 99.4145 -0.01 7.04023
      vertex 99.4145 0.61 7.04023
    endloop
  endfacet
  facet normal 0.588716 0 -0.80834
    outer loop
      vertex 99.4622 0.61 7.07497
      vertex 99.4622 -0.01 7.07497
      vertex 99.4145 -0.01 7.04023
    endloop
  endfacet
  facet normal 0.50838 0 -0.861133
    outer loop
      vertex 99.512 0.61 7.10437
      vertex 99.4622 -0.01 7.07497
      vertex 99.4622 0.61 7.07497
    endloop
  endfacet
  facet normal 0.50838 0 -0.861133
    outer loop
      vertex 99.512 0.61 7.10437
      vertex 99.512 -0.01 7.10437
      vertex 99.4622 -0.01 7.07497
    endloop
  endfacet
  facet normal 0.422069 0 -0.906564
    outer loop
      vertex 99.5637 0.61 7.12844
      vertex 99.512 -0.01 7.10437
      vertex 99.512 0.61 7.10437
    endloop
  endfacet
  facet normal 0.422069 0 -0.906564
    outer loop
      vertex 99.5637 0.61 7.12844
      vertex 99.5637 -0.01 7.12844
      vertex 99.512 -0.01 7.10437
    endloop
  endfacet
  facet normal 0.328862 0 -0.944378
    outer loop
      vertex 99.6174 0.61 7.14714
      vertex 99.5637 -0.01 7.12844
      vertex 99.5637 0.61 7.12844
    endloop
  endfacet
  facet normal 0.328862 0 -0.944378
    outer loop
      vertex 99.6174 0.61 7.14714
      vertex 99.6174 -0.01 7.14714
      vertex 99.5637 -0.01 7.12844
    endloop
  endfacet
  facet normal 0.233406 0 -0.972379
    outer loop
      vertex 99.6731 0.61 7.16051
      vertex 99.6174 -0.01 7.14714
      vertex 99.6174 0.61 7.14714
    endloop
  endfacet
  facet normal 0.233406 0 -0.972379
    outer loop
      vertex 99.6731 0.61 7.16051
      vertex 99.6731 -0.01 7.16051
      vertex 99.6174 -0.01 7.14714
    endloop
  endfacet
  facet normal 0.13784 0 -0.990455
    outer loop
      vertex 99.7308 0.61 7.16854
      vertex 99.6731 -0.01 7.16051
      vertex 99.6731 0.61 7.16051
    endloop
  endfacet
  facet normal 0.13784 0 -0.990455
    outer loop
      vertex 99.7308 0.61 7.16854
      vertex 99.7308 -0.01 7.16854
      vertex 99.6731 -0.01 7.16051
    endloop
  endfacet
  facet normal 0.0447538 0 -0.998998
    outer loop
      vertex 99.7904 0.61 7.17121
      vertex 99.7308 -0.01 7.16854
      vertex 99.7308 0.61 7.16854
    endloop
  endfacet
  facet normal 0.0447538 0 -0.998998
    outer loop
      vertex 99.7904 0.61 7.17121
      vertex 99.7904 -0.01 7.17121
      vertex 99.7308 -0.01 7.16854
    endloop
  endfacet
  facet normal -0.0825327 0 -0.996588
    outer loop
      vertex 99.9062 0.61 7.16162
      vertex 99.7904 -0.01 7.17121
      vertex 99.7904 0.61 7.17121
    endloop
  endfacet
  facet normal -0.0825327 -0 -0.996588
    outer loop
      vertex 99.9062 0.61 7.16162
      vertex 99.9062 -0.01 7.16162
      vertex 99.7904 -0.01 7.17121
    endloop
  endfacet
  facet normal -0.264472 0 -0.964393
    outer loop
      vertex 100.011 0.61 7.13288
      vertex 99.9062 -0.01 7.16162
      vertex 99.9062 0.61 7.16162
    endloop
  endfacet
  facet normal -0.264472 -0 -0.964393
    outer loop
      vertex 100.011 0.61 7.13288
      vertex 100.011 -0.01 7.13288
      vertex 99.9062 -0.01 7.16162
    endloop
  endfacet
  facet normal -0.454251 0 -0.890874
    outer loop
      vertex 100.105 0.61 7.08495
      vertex 100.011 -0.01 7.13288
      vertex 100.011 0.61 7.13288
    endloop
  endfacet
  facet normal -0.454251 -0 -0.890874
    outer loop
      vertex 100.105 0.61 7.08495
      vertex 100.105 -0.01 7.08495
      vertex 100.011 -0.01 7.13288
    endloop
  endfacet
  facet normal -0.628573 0 -0.777751
    outer loop
      vertex 100.188 0.61 7.01787
      vertex 100.105 -0.01 7.08495
      vertex 100.105 0.61 7.08495
    endloop
  endfacet
  facet normal -0.628573 -0 -0.777751
    outer loop
      vertex 100.188 0.61 7.01787
      vertex 100.188 -0.01 7.01787
      vertex 100.105 -0.01 7.08495
    endloop
  endfacet
  facet normal -0.772096 0 -0.635506
    outer loop
      vertex 100.259 0.61 6.93161
      vertex 100.188 -0.01 7.01787
      vertex 100.188 0.61 7.01787
    endloop
  endfacet
  facet normal -0.772096 -0 -0.635506
    outer loop
      vertex 100.259 0.61 6.93161
      vertex 100.259 -0.01 6.93161
      vertex 100.188 -0.01 7.01787
    endloop
  endfacet
  facet normal -0.865542 0 -0.500836
    outer loop
      vertex 100.32 0.61 6.82619
      vertex 100.259 -0.01 6.93161
      vertex 100.259 0.61 6.93161
    endloop
  endfacet
  facet normal -0.865542 -0 -0.500836
    outer loop
      vertex 100.32 0.61 6.82619
      vertex 100.32 -0.01 6.82619
      vertex 100.259 -0.01 6.93161
    endloop
  endfacet
  facet normal -0.928055 0 -0.372444
    outer loop
      vertex 100.37 0.61 6.7016
      vertex 100.32 -0.01 6.82619
      vertex 100.32 0.61 6.82619
    endloop
  endfacet
  facet normal -0.928055 -0 -0.372444
    outer loop
      vertex 100.37 0.61 6.7016
      vertex 100.37 -0.01 6.7016
      vertex 100.32 -0.01 6.82619
    endloop
  endfacet
  facet normal -0.966791 0 -0.255569
    outer loop
      vertex 100.408 0.61 6.55785
      vertex 100.37 -0.01 6.7016
      vertex 100.37 0.61 6.7016
    endloop
  endfacet
  facet normal -0.966791 -0 -0.255569
    outer loop
      vertex 100.408 0.61 6.55785
      vertex 100.408 -0.01 6.55785
      vertex 100.37 -0.01 6.7016
    endloop
  endfacet
  facet normal -0.985547 0 -0.1694
    outer loop
      vertex 100.436 0.61 6.39495
      vertex 100.408 -0.01 6.55785
      vertex 100.408 0.61 6.55785
    endloop
  endfacet
  facet normal -0.985547 -0 -0.1694
    outer loop
      vertex 100.436 0.61 6.39495
      vertex 100.436 -0.01 6.39495
      vertex 100.408 -0.01 6.55785
    endloop
  endfacet
  facet normal -0.996162 0 -0.0875314
    outer loop
      vertex 100.452 0.61 6.21286
      vertex 100.436 -0.01 6.39495
      vertex 100.436 0.61 6.39495
    endloop
  endfacet
  facet normal -0.996162 -0 -0.0875314
    outer loop
      vertex 100.452 0.61 6.21286
      vertex 100.452 -0.01 6.21286
      vertex 100.436 -0.01 6.39495
    endloop
  endfacet
  facet normal -0.999556 0 -0.0297989
    outer loop
      vertex 100.458 0.61 6.0116
      vertex 100.452 -0.01 6.21286
      vertex 100.452 0.61 6.21286
    endloop
  endfacet
  facet normal -0.999556 -0 -0.0297989
    outer loop
      vertex 100.458 0.61 6.0116
      vertex 100.458 -0.01 6.0116
      vertex 100.452 -0.01 6.21286
    endloop
  endfacet
  facet normal -1 0 0
    outer loop
      vertex 100.458 0.61 3.54189
      vertex 100.458 -0.01 6.0116
      vertex 100.458 0.61 6.0116
    endloop
  endfacet
  facet normal -1 0 0
    outer loop
      vertex 100.458 0.61 3.54189
      vertex 100.458 -0.01 3.54189
      vertex 100.458 -0.01 6.0116
    endloop
  endfacet
  facet normal -0 0 -1
    outer loop
      vertex 101.593 0.61 3.54189
      vertex 100.458 -0.01 3.54189
      vertex 100.458 0.61 3.54189
    endloop
  endfacet
  facet normal 0 -0 -1
    outer loop
      vertex 101.593 0.61 3.54189
      vertex 101.593 -0.01 3.54189
      vertex 100.458 -0.01 3.54189
    endloop
  endfacet
  facet normal 1 0 0
    outer loop
      vertex 101.593 0.61 6.3371
      vertex 101.593 -0.01 3.54189
      vertex 101.593 0.61 3.54189
    endloop
  endfacet
  facet normal 1 0 0
    outer loop
      vertex 101.593 0.61 6.3371
      vertex 101.593 -0.01 6.3371
      vertex 101.593 -0.01 3.54189
    endloop
  endfacet
  facet normal 0.999788 0 0.0206085
    outer loop
      vertex 101.59 0.61 6.48264
      vertex 101.593 -0.01 6.3371
      vertex 101.593 0.61 6.3371
    endloop
  endfacet
  facet normal 0.999788 0 0.0206085
    outer loop
      vertex 101.59 0.61 6.48264
      vertex 101.59 -0.01 6.48264
      vertex 101.593 -0.01 6.3371
    endloop
  endfacet
  facet normal 0.998354 0 0.0573478
    outer loop
      vertex 101.582 0.61 6.62191
      vertex 101.59 -0.01 6.48264
      vertex 101.59 0.61 6.48264
    endloop
  endfacet
  facet normal 0.998354 0 0.0573478
    outer loop
      vertex 101.582 0.61 6.62191
      vertex 101.582 -0.01 6.62191
      vertex 101.59 -0.01 6.48264
    endloop
  endfacet
  facet normal 0.994504 0 0.1047
    outer loop
      vertex 101.568 0.61 6.75489
      vertex 101.582 -0.01 6.62191
      vertex 101.582 0.61 6.62191
    endloop
  endfacet
  facet normal 0.994504 0 0.1047
    outer loop
      vertex 101.568 0.61 6.75489
      vertex 101.568 -0.01 6.75489
      vertex 101.582 -0.01 6.62191
    endloop
  endfacet
  facet normal 0.987767 0 0.155935
    outer loop
      vertex 101.548 0.61 6.88158
      vertex 101.568 -0.01 6.75489
      vertex 101.568 0.61 6.75489
    endloop
  endfacet
  facet normal 0.987767 0 0.155935
    outer loop
      vertex 101.548 0.61 6.88158
      vertex 101.548 -0.01 6.88158
      vertex 101.568 -0.01 6.75489
    endloop
  endfacet
  facet normal 0.979112 0 0.203321
    outer loop
      vertex 101.523 0.61 7.00197
      vertex 101.548 -0.01 6.88158
      vertex 101.548 0.61 6.88158
    endloop
  endfacet
  facet normal 0.979112 0 0.203321
    outer loop
      vertex 101.523 0.61 7.00197
      vertex 101.523 -0.01 7.00197
      vertex 101.548 -0.01 6.88158
    endloop
  endfacet
  facet normal 0.965029 0 0.262144
    outer loop
      vertex 101.492 0.61 7.11609
      vertex 101.523 -0.01 7.00197
      vertex 101.523 0.61 7.00197
    endloop
  endfacet
  facet normal 0.965029 0 0.262144
    outer loop
      vertex 101.492 0.61 7.11609
      vertex 101.492 -0.01 7.11609
      vertex 101.523 -0.01 7.00197
    endloop
  endfacet
  facet normal 0.948525 0 0.316703
    outer loop
      vertex 101.456 0.61 7.22391
      vertex 101.492 -0.01 7.11609
      vertex 101.492 0.61 7.11609
    endloop
  endfacet
  facet normal 0.948525 0 0.316703
    outer loop
      vertex 101.456 0.61 7.22391
      vertex 101.456 -0.01 7.22391
      vertex 101.492 -0.01 7.11609
    endloop
  endfacet
  facet normal 0.924057 0 0.382255
    outer loop
      vertex 101.414 0.61 7.32544
      vertex 101.456 -0.01 7.22391
      vertex 101.456 0.61 7.22391
    endloop
  endfacet
  facet normal 0.924057 0 0.382255
    outer loop
      vertex 101.414 0.61 7.32544
      vertex 101.414 -0.01 7.32544
      vertex 101.456 -0.01 7.22391
    endloop
  endfacet
  facet normal 0.896732 0 0.442575
    outer loop
      vertex 101.367 0.61 7.42067
      vertex 101.414 -0.01 7.32544
      vertex 101.414 0.61 7.32544
    endloop
  endfacet
  facet normal 0.896732 0 0.442575
    outer loop
      vertex 101.367 0.61 7.42067
      vertex 101.367 -0.01 7.42067
      vertex 101.414 -0.01 7.32544
    endloop
  endfacet
  facet normal 0.859091 0 0.511823
    outer loop
      vertex 101.314 0.61 7.50963
      vertex 101.367 -0.01 7.42067
      vertex 101.367 0.61 7.42067
    endloop
  endfacet
  facet normal 0.859091 0 0.511823
    outer loop
      vertex 101.314 0.61 7.50963
      vertex 101.314 -0.01 7.50963
      vertex 101.367 -0.01 7.42067
    endloop
  endfacet
  facet normal 0.813933 0 0.580959
    outer loop
      vertex 101.255 0.61 7.59229
      vertex 101.314 -0.01 7.50963
      vertex 101.314 0.61 7.50963
    endloop
  endfacet
  facet normal 0.813933 0 0.580959
    outer loop
      vertex 101.255 0.61 7.59229
      vertex 101.255 -0.01 7.59229
      vertex 101.314 -0.01 7.50963
    endloop
  endfacet
  facet normal 0.764535 0 0.644582
    outer loop
      vertex 101.191 0.61 7.6682
      vertex 101.255 -0.01 7.59229
      vertex 101.255 0.61 7.59229
    endloop
  endfacet
  facet normal 0.764535 0 0.644582
    outer loop
      vertex 101.191 0.61 7.6682
      vertex 101.191 -0.01 7.6682
      vertex 101.255 -0.01 7.59229
    endloop
  endfacet
  facet normal 0.705461 0 0.708748
    outer loop
      vertex 101.122 0.61 7.73688
      vertex 101.191 -0.01 7.6682
      vertex 101.191 0.61 7.6682
    endloop
  endfacet
  facet normal 0.705461 0 0.708748
    outer loop
      vertex 101.122 0.61 7.73688
      vertex 101.122 -0.01 7.73688
      vertex 101.191 -0.01 7.6682
    endloop
  endfacet
  facet normal 0.638916 0 0.769277
    outer loop
      vertex 101.048 0.61 7.79834
      vertex 101.122 -0.01 7.73688
      vertex 101.122 0.61 7.73688
    endloop
  endfacet
  facet normal 0.638916 0 0.769277
    outer loop
      vertex 101.048 0.61 7.79834
      vertex 101.048 -0.01 7.79834
      vertex 101.122 -0.01 7.73688
    endloop
  endfacet
  facet normal 0.565873 0 0.824492
    outer loop
      vertex 100.969 0.61 7.85256
      vertex 101.048 -0.01 7.79834
      vertex 101.048 0.61 7.79834
    endloop
  endfacet
  facet normal 0.565873 0 0.824492
    outer loop
      vertex 100.969 0.61 7.85256
      vertex 100.969 -0.01 7.85256
      vertex 101.048 -0.01 7.79834
    endloop
  endfacet
  facet normal 0.488208 0 0.872727
    outer loop
      vertex 100.885 0.61 7.89955
      vertex 100.969 -0.01 7.85256
      vertex 100.969 0.61 7.85256
    endloop
  endfacet
  facet normal 0.488208 0 0.872727
    outer loop
      vertex 100.885 0.61 7.89955
      vertex 100.885 -0.01 7.89955
      vertex 100.969 -0.01 7.85256
    endloop
  endfacet
  facet normal 0.407975 0 0.912993
    outer loop
      vertex 100.796 0.61 7.93932
      vertex 100.885 -0.01 7.89955
      vertex 100.885 0.61 7.89955
    endloop
  endfacet
  facet normal 0.407975 0 0.912993
    outer loop
      vertex 100.796 0.61 7.93932
      vertex 100.796 -0.01 7.93932
      vertex 100.885 -0.01 7.89955
    endloop
  endfacet
  facet normal 0.327035 0 0.945012
    outer loop
      vertex 100.702 0.61 7.97185
      vertex 100.796 -0.01 7.93932
      vertex 100.796 0.61 7.93932
    endloop
  endfacet
  facet normal 0.327035 0 0.945012
    outer loop
      vertex 100.702 0.61 7.97185
      vertex 100.702 -0.01 7.97185
      vertex 100.796 -0.01 7.93932
    endloop
  endfacet
  facet normal 0.247598 0 0.968863
    outer loop
      vertex 100.603 0.61 7.99715
      vertex 100.702 -0.01 7.97185
      vertex 100.702 0.61 7.97185
    endloop
  endfacet
  facet normal 0.247598 0 0.968863
    outer loop
      vertex 100.603 0.61 7.99715
      vertex 100.603 -0.01 7.99715
      vertex 100.702 -0.01 7.97185
    endloop
  endfacet
  facet normal 0.169693 0 0.985497
    outer loop
      vertex 100.498 0.61 8.01523
      vertex 100.603 -0.01 7.99715
      vertex 100.603 0.61 7.99715
    endloop
  endfacet
  facet normal 0.169693 0 0.985497
    outer loop
      vertex 100.498 0.61 8.01523
      vertex 100.498 -0.01 8.01523
      vertex 100.603 -0.01 7.99715
    endloop
  endfacet
  facet normal 0.098871 0 0.9951
    outer loop
      vertex 100.389 0.61 8.02606
      vertex 100.498 -0.01 8.01523
      vertex 100.498 0.61 8.01523
    endloop
  endfacet
  facet normal 0.098871 0 0.9951
    outer loop
      vertex 100.389 0.61 8.02606
      vertex 100.389 -0.01 8.02606
      vertex 100.498 -0.01 8.01523
    endloop
  endfacet
  facet normal 0.0317384 0 0.999496
    outer loop
      vertex 100.275 0.61 8.02968
      vertex 100.389 -0.01 8.02606
      vertex 100.389 0.61 8.02606
    endloop
  endfacet
  facet normal 0.0317384 0 0.999496
    outer loop
      vertex 100.275 0.61 8.02968
      vertex 100.275 -0.01 8.02968
      vertex 100.389 -0.01 8.02606
    endloop
  endfacet
  facet normal -0.0212596 0 0.999774
    outer loop
      vertex 100.188 0.61 8.02783
      vertex 100.275 -0.01 8.02968
      vertex 100.275 0.61 8.02968
    endloop
  endfacet
  facet normal -0.0212596 0 0.999774
    outer loop
      vertex 100.188 0.61 8.02783
      vertex 100.188 -0.01 8.02783
      vertex 100.275 -0.01 8.02968
    endloop
  endfacet
  facet normal -0.0656911 0 0.99784
    outer loop
      vertex 100.104 0.61 8.0223
      vertex 100.188 -0.01 8.02783
      vertex 100.188 0.61 8.02783
    endloop
  endfacet
  facet normal -0.0656911 0 0.99784
    outer loop
      vertex 100.104 0.61 8.0223
      vertex 100.104 -0.01 8.0223
      vertex 100.188 -0.01 8.02783
    endloop
  endfacet
  facet normal -0.113702 0 0.993515
    outer loop
      vertex 100.023 0.61 8.01303
      vertex 100.104 -0.01 8.0223
      vertex 100.104 0.61 8.0223
    endloop
  endfacet
  facet normal -0.113702 0 0.993515
    outer loop
      vertex 100.023 0.61 8.01303
      vertex 100.023 -0.01 8.01303
      vertex 100.104 -0.01 8.0223
    endloop
  endfacet
  facet normal -0.163865 0 0.986483
    outer loop
      vertex 99.9451 0.61 8.00009
      vertex 100.023 -0.01 8.01303
      vertex 100.023 0.61 8.01303
    endloop
  endfacet
  facet normal -0.163865 0 0.986483
    outer loop
      vertex 99.9451 0.61 8.00009
      vertex 99.9451 -0.01 8.00009
      vertex 100.023 -0.01 8.01303
    endloop
  endfacet
  facet normal -0.215777 0 0.976443
    outer loop
      vertex 99.8698 0.61 7.98345
      vertex 99.9451 -0.01 8.00009
      vertex 99.9451 0.61 8.00009
    endloop
  endfacet
  facet normal -0.215777 0 0.976443
    outer loop
      vertex 99.8698 0.61 7.98345
      vertex 99.8698 -0.01 7.98345
      vertex 99.9451 -0.01 8.00009
    endloop
  endfacet
  facet normal -0.270122 0 0.962826
    outer loop
      vertex 99.7973 0.61 7.96311
      vertex 99.8698 -0.01 7.98345
      vertex 99.8698 0.61 7.98345
    endloop
  endfacet
  facet normal -0.270122 0 0.962826
    outer loop
      vertex 99.7973 0.61 7.96311
      vertex 99.7973 -0.01 7.96311
      vertex 99.8698 -0.01 7.98345
    endloop
  endfacet
  facet normal -0.326179 0 0.945308
    outer loop
      vertex 99.7276 0.61 7.93906
      vertex 99.7973 -0.01 7.96311
      vertex 99.7973 0.61 7.96311
    endloop
  endfacet
  facet normal -0.326179 0 0.945308
    outer loop
      vertex 99.7276 0.61 7.93906
      vertex 99.7276 -0.01 7.93906
      vertex 99.7973 -0.01 7.96311
    endloop
  endfacet
  facet normal -0.383027 0 0.923737
    outer loop
      vertex 99.6607 0.61 7.91132
      vertex 99.7276 -0.01 7.93906
      vertex 99.7276 0.61 7.93906
    endloop
  endfacet
  facet normal -0.383027 0 0.923737
    outer loop
      vertex 99.6607 0.61 7.91132
      vertex 99.6607 -0.01 7.91132
      vertex 99.7276 -0.01 7.93906
    endloop
  endfacet
  facet normal -0.441033 0 0.897491
    outer loop
      vertex 99.5967 0.61 7.87987
      vertex 99.6607 -0.01 7.91132
      vertex 99.6607 0.61 7.91132
    endloop
  endfacet
  facet normal -0.441033 0 0.897491
    outer loop
      vertex 99.5967 0.61 7.87987
      vertex 99.5967 -0.01 7.87987
      vertex 99.6607 -0.01 7.91132
    endloop
  endfacet
  facet normal -0.497939 0 0.867212
    outer loop
      vertex 99.5355 0.61 7.84473
      vertex 99.5967 -0.01 7.87987
      vertex 99.5967 0.61 7.87987
    endloop
  endfacet
  facet normal -0.497939 0 0.867212
    outer loop
      vertex 99.5355 0.61 7.84473
      vertex 99.5355 -0.01 7.84473
      vertex 99.5967 -0.01 7.87987
    endloop
  endfacet
  facet normal -0.553877 0 0.832598
    outer loop
      vertex 99.4771 0.61 7.80588
      vertex 99.5355 -0.01 7.84473
      vertex 99.5355 0.61 7.84473
    endloop
  endfacet
  facet normal -0.553877 0 0.832598
    outer loop
      vertex 99.4771 0.61 7.80588
      vertex 99.4771 -0.01 7.80588
      vertex 99.5355 -0.01 7.84473
    endloop
  endfacet
  facet normal -0.608194 0 0.793788
    outer loop
      vertex 99.4209 0.61 7.76282
      vertex 99.4771 -0.01 7.80588
      vertex 99.4771 0.61 7.80588
    endloop
  endfacet
  facet normal -0.608194 0 0.793788
    outer loop
      vertex 99.4209 0.61 7.76282
      vertex 99.4209 -0.01 7.76282
      vertex 99.4771 -0.01 7.80588
    endloop
  endfacet
  facet normal -0.658407 0 0.752662
    outer loop
      vertex 99.3662 0.61 7.71497
      vertex 99.4209 -0.01 7.76282
      vertex 99.4209 0.61 7.76282
    endloop
  endfacet
  facet normal -0.658407 0 0.752662
    outer loop
      vertex 99.3662 0.61 7.71497
      vertex 99.3662 -0.01 7.71497
      vertex 99.4209 -0.01 7.76282
    endloop
  endfacet
  facet normal -0.702485 0 0.711698
    outer loop
      vertex 99.3129 0.61 7.66236
      vertex 99.3662 -0.01 7.71497
      vertex 99.3662 0.61 7.71497
    endloop
  endfacet
  facet normal -0.702485 0 0.711698
    outer loop
      vertex 99.3129 0.61 7.66236
      vertex 99.3129 -0.01 7.66236
      vertex 99.3662 -0.01 7.71497
    endloop
  endfacet
  facet normal -0.742451 0 0.6699
    outer loop
      vertex 99.2611 0.61 7.60495
      vertex 99.3129 -0.01 7.66236
      vertex 99.3129 0.61 7.66236
    endloop
  endfacet
  facet normal -0.742451 0 0.6699
    outer loop
      vertex 99.2611 0.61 7.60495
      vertex 99.2611 -0.01 7.60495
      vertex 99.3129 -0.01 7.66236
    endloop
  endfacet
  facet normal -0.777367 0 0.629047
    outer loop
      vertex 99.2108 0.61 7.54279
      vertex 99.2611 -0.01 7.60495
      vertex 99.2611 0.61 7.60495
    endloop
  endfacet
  facet normal -0.777367 0 0.629047
    outer loop
      vertex 99.2108 0.61 7.54279
      vertex 99.2108 -0.01 7.54279
      vertex 99.2611 -0.01 7.60495
    endloop
  endfacet
  facet normal -0.808151 0 0.588975
    outer loop
      vertex 99.162 0.61 7.47583
      vertex 99.2108 -0.01 7.54279
      vertex 99.2108 0.61 7.54279
    endloop
  endfacet
  facet normal -0.808151 0 0.588975
    outer loop
      vertex 99.162 0.61 7.47583
      vertex 99.162 -0.01 7.47583
      vertex 99.2108 -0.01 7.54279
    endloop
  endfacet
  facet normal -0.834762 0 0.55061
    outer loop
      vertex 99.1147 0.61 7.40412
      vertex 99.162 -0.01 7.47583
      vertex 99.162 0.61 7.47583
    endloop
  endfacet
  facet normal -0.834762 0 0.55061
    outer loop
      vertex 99.1147 0.61 7.40412
      vertex 99.1147 -0.01 7.40412
      vertex 99.162 -0.01 7.47583
    endloop
  endfacet
  facet normal -0.857523 0 0.514446
    outer loop
      vertex 99.0688 0.61 7.32761
      vertex 99.1147 -0.01 7.40412
      vertex 99.1147 0.61 7.40412
    endloop
  endfacet
  facet normal -0.857523 0 0.514446
    outer loop
      vertex 99.0688 0.61 7.32761
      vertex 99.0688 -0.01 7.32761
      vertex 99.1147 -0.01 7.40412
    endloop
  endfacet
  facet normal -0.877598 0 0.479397
    outer loop
      vertex 99.0244 0.61 7.24633
      vertex 99.0688 -0.01 7.32761
      vertex 99.0688 0.61 7.32761
    endloop
  endfacet
  facet normal -0.877598 0 0.479397
    outer loop
      vertex 99.0244 0.61 7.24633
      vertex 99.0244 -0.01 7.24633
      vertex 99.0688 -0.01 7.32761
    endloop
  endfacet
  facet normal -0.894947 0 0.446173
    outer loop
      vertex 98.9815 0.61 7.16028
      vertex 99.0244 -0.01 7.24633
      vertex 99.0244 0.61 7.24633
    endloop
  endfacet
  facet normal -0.894947 0 0.446173
    outer loop
      vertex 98.9815 0.61 7.16028
      vertex 98.9815 -0.01 7.16028
      vertex 99.0244 -0.01 7.24633
    endloop
  endfacet
  facet normal -0.909937 0 0.414746
    outer loop
      vertex 98.9401 0.61 7.06945
      vertex 98.9815 -0.01 7.16028
      vertex 98.9815 0.61 7.16028
    endloop
  endfacet
  facet normal -0.909937 0 0.414746
    outer loop
      vertex 98.9401 0.61 7.06945
      vertex 98.9401 -0.01 7.06945
      vertex 98.9815 -0.01 7.16028
    endloop
  endfacet
  facet normal -0 0 1
    outer loop
      vertex 98.9157 0.61 7.06945
      vertex 98.9401 -0.01 7.06945
      vertex 98.9401 0.61 7.06945
    endloop
  endfacet
  facet normal 0 0 1
    outer loop
      vertex 98.9157 0.61 7.06945
      vertex 98.9157 -0.01 7.06945
      vertex 98.9401 -0.01 7.06945
    endloop
  endfacet
  facet normal 0.964248 0 0.265002
    outer loop
      vertex 98.8699 0.61 7.2361
      vertex 98.9157 -0.01 7.06945
      vertex 98.9157 0.61 7.06945
    endloop
  endfacet
  facet normal 0.964248 0 0.265002
    outer loop
      vertex 98.8699 0.61 7.2361
      vertex 98.8699 -0.01 7.2361
      vertex 98.9157 -0.01 7.06945
    endloop
  endfacet
  facet normal 0.931671 0 0.363302
    outer loop
      vertex 98.8111 0.61 7.38689
      vertex 98.8699 -0.01 7.2361
      vertex 98.8699 0.61 7.2361
    endloop
  endfacet
  facet normal 0.931671 0 0.363302
    outer loop
      vertex 98.8111 0.61 7.38689
      vertex 98.8111 -0.01 7.38689
      vertex 98.8699 -0.01 7.2361
    endloop
  endfacet
  facet normal 0.882208 0 0.47086
    outer loop
      vertex 98.7391 0.61 7.52179
      vertex 98.8111 -0.01 7.38689
      vertex 98.8111 0.61 7.38689
    endloop
  endfacet
  facet normal 0.882208 0 0.47086
    outer loop
      vertex 98.7391 0.61 7.52179
      vertex 98.7391 -0.01 7.52179
      vertex 98.8111 -0.01 7.38689
    endloop
  endfacet
  facet normal 0.813503 0 0.581561
    outer loop
      vertex 98.654 0.61 7.64083
      vertex 98.7391 -0.01 7.52179
      vertex 98.7391 0.61 7.52179
    endloop
  endfacet
  facet normal 0.813503 0 0.581561
    outer loop
      vertex 98.654 0.61 7.64083
      vertex 98.654 -0.01 7.64083
      vertex 98.7391 -0.01 7.52179
    endloop
  endfacet
  facet normal 0.723954 0 0.689848
    outer loop
      vertex 98.5557 0.61 7.74399
      vertex 98.654 -0.01 7.64083
      vertex 98.654 0.61 7.64083
    endloop
  endfacet
  facet normal 0.723954 0 0.689848
    outer loop
      vertex 98.5557 0.61 7.74399
      vertex 98.5557 -0.01 7.74399
      vertex 98.654 -0.01 7.64083
    endloop
  endfacet
  facet normal 0.617166 0 0.786833
    outer loop
      vertex 98.4444 0.61 7.83129
      vertex 98.5557 -0.01 7.74399
      vertex 98.5557 0.61 7.74399
    endloop
  endfacet
  facet normal 0.617166 0 0.786833
    outer loop
      vertex 98.4444 0.61 7.83129
      vertex 98.4444 -0.01 7.83129
      vertex 98.5557 -0.01 7.74399
    endloop
  endfacet
  facet normal 0.497594 0 0.86741
    outer loop
      vertex 98.3199 0.61 7.90271
      vertex 98.4444 -0.01 7.83129
      vertex 98.4444 0.61 7.83129
    endloop
  endfacet
  facet normal 0.497594 0 0.86741
    outer loop
      vertex 98.3199 0.61 7.90271
      vertex 98.3199 -0.01 7.90271
      vertex 98.4444 -0.01 7.83129
    endloop
  endfacet
  facet normal 0.374644 0 0.927169
    outer loop
      vertex 98.1824 0.61 7.95827
      vertex 98.3199 -0.01 7.90271
      vertex 98.3199 0.61 7.90271
    endloop
  endfacet
  facet normal 0.374644 0 0.927169
    outer loop
      vertex 98.1824 0.61 7.95827
      vertex 98.1824 -0.01 7.95827
      vertex 98.3199 -0.01 7.90271
    endloop
  endfacet
  facet normal 0.254566 0 0.967055
    outer loop
      vertex 98.0317 0.61 7.99794
      vertex 98.1824 -0.01 7.95827
      vertex 98.1824 0.61 7.95827
    endloop
  endfacet
  facet normal 0.254566 0 0.967055
    outer loop
      vertex 98.0317 0.61 7.99794
      vertex 98.0317 -0.01 7.99794
      vertex 98.1824 -0.01 7.95827
    endloop
  endfacet
  facet normal 0.143848 0 0.9896
    outer loop
      vertex 97.8679 0.61 8.02175
      vertex 98.0317 -0.01 7.99794
      vertex 98.0317 0.61 7.99794
    endloop
  endfacet
  facet normal 0.143848 0 0.9896
    outer loop
      vertex 97.8679 0.61 8.02175
      vertex 97.8679 -0.01 8.02175
      vertex 98.0317 -0.01 7.99794
    endloop
  endfacet
  facet normal 0.0447826 0 0.998997
    outer loop
      vertex 97.691 0.61 8.02968
      vertex 97.8679 -0.01 8.02175
      vertex 97.8679 0.61 8.02175
    endloop
  endfacet
  facet normal 0.0447826 0 0.998997
    outer loop
      vertex 97.691 0.61 8.02968
      vertex 97.691 -0.01 8.02968
      vertex 97.8679 -0.01 8.02175
    endloop
  endfacet
  facet normal -0.0238209 0 0.999716
    outer loop
      vertex 97.6121 0.61 8.0278
      vertex 97.691 -0.01 8.02968
      vertex 97.691 0.61 8.02968
    endloop
  endfacet
  facet normal -0.0238209 0 0.999716
    outer loop
      vertex 97.6121 0.61 8.0278
      vertex 97.6121 -0.01 8.0278
      vertex 97.691 -0.01 8.02968
    endloop
  endfacet
  facet normal -0.0732403 0 0.997314
    outer loop
      vertex 97.5353 0.61 8.02216
      vertex 97.6121 -0.01 8.0278
      vertex 97.6121 0.61 8.0278
    endloop
  endfacet
  facet normal -0.0732403 0 0.997314
    outer loop
      vertex 97.5353 0.61 8.02216
      vertex 97.5353 -0.01 8.02216
      vertex 97.6121 -0.01 8.0278
    endloop
  endfacet
  facet normal -0.124949 0 0.992163
    outer loop
      vertex 97.4605 0.61 8.01274
      vertex 97.5353 -0.01 8.02216
      vertex 97.5353 0.61 8.02216
    endloop
  endfacet
  facet normal -0.124949 0 0.992163
    outer loop
      vertex 97.4605 0.61 8.01274
      vertex 97.4605 -0.01 8.01274
      vertex 97.5353 -0.01 8.02216
    endloop
  endfacet
  facet normal -0.178385 0 0.983961
    outer loop
      vertex 97.3878 0.61 7.99956
      vertex 97.4605 -0.01 8.01274
      vertex 97.4605 0.61 8.01274
    endloop
  endfacet
  facet normal -0.178385 0 0.983961
    outer loop
      vertex 97.3878 0.61 7.99956
      vertex 97.3878 -0.01 7.99956
      vertex 97.4605 -0.01 8.01274
    endloop
  endfacet
  facet normal -0.233139 0 0.972443
    outer loop
      vertex 97.3171 0.61 7.98261
      vertex 97.3878 -0.01 7.99956
      vertex 97.3878 0.61 7.99956
    endloop
  endfacet
  facet normal -0.233139 0 0.972443
    outer loop
      vertex 97.3171 0.61 7.98261
      vertex 97.3171 -0.01 7.98261
      vertex 97.3878 -0.01 7.99956
    endloop
  endfacet
  facet normal -0.28914 0 0.957287
    outer loop
      vertex 97.2485 0.61 7.96189
      vertex 97.3171 -0.01 7.98261
      vertex 97.3171 0.61 7.98261
    endloop
  endfacet
  facet normal -0.28914 0 0.957287
    outer loop
      vertex 97.2485 0.61 7.96189
      vertex 97.2485 -0.01 7.96189
      vertex 97.3171 -0.01 7.98261
    endloop
  endfacet
  facet normal -0.345457 0 0.938435
    outer loop
      vertex 97.182 0.61 7.93741
      vertex 97.2485 -0.01 7.96189
      vertex 97.2485 0.61 7.96189
    endloop
  endfacet
  facet normal -0.345457 0 0.938435
    outer loop
      vertex 97.182 0.61 7.93741
      vertex 97.182 -0.01 7.93741
      vertex 97.2485 -0.01 7.96189
    endloop
  endfacet
  facet normal -0.40131 0 0.915942
    outer loop
      vertex 97.1175 0.61 7.90915
      vertex 97.182 -0.01 7.93741
      vertex 97.182 0.61 7.93741
    endloop
  endfacet
  facet normal -0.40131 0 0.915942
    outer loop
      vertex 97.1175 0.61 7.90915
      vertex 97.1175 -0.01 7.90915
      vertex 97.182 -0.01 7.93741
    endloop
  endfacet
  facet normal -0.455851 0 0.890056
    outer loop
      vertex 97.055 0.61 7.87714
      vertex 97.1175 -0.01 7.90915
      vertex 97.1175 0.61 7.90915
    endloop
  endfacet
  facet normal -0.455851 0 0.890056
    outer loop
      vertex 97.055 0.61 7.87714
      vertex 97.055 -0.01 7.87714
      vertex 97.1175 -0.01 7.90915
    endloop
  endfacet
  facet normal -0.50967 0 0.86037
    outer loop
      vertex 96.9946 0.61 7.84136
      vertex 97.055 -0.01 7.87714
      vertex 97.055 0.61 7.87714
    endloop
  endfacet
  facet normal -0.50967 0 0.86037
    outer loop
      vertex 96.9946 0.61 7.84136
      vertex 96.9946 -0.01 7.84136
      vertex 97.055 -0.01 7.87714
    endloop
  endfacet
  facet normal -0.560738 0 0.827993
    outer loop
      vertex 96.9362 0.61 7.80181
      vertex 96.9946 -0.01 7.84136
      vertex 96.9946 0.61 7.84136
    endloop
  endfacet
  facet normal -0.560738 0 0.827993
    outer loop
      vertex 96.9362 0.61 7.80181
      vertex 96.9362 -0.01 7.80181
      vertex 96.9946 -0.01 7.84136
    endloop
  endfacet
  facet normal -0.612484 0 0.790483
    outer loop
      vertex 96.8798 0.61 7.75811
      vertex 96.9362 -0.01 7.80181
      vertex 96.9362 0.61 7.80181
    endloop
  endfacet
  facet normal -0.612484 0 0.790483
    outer loop
      vertex 96.8798 0.61 7.75811
      vertex 96.8798 -0.01 7.75811
      vertex 96.9362 -0.01 7.80181
    endloop
  endfacet
  facet normal -0.661214 0 0.750197
    outer loop
      vertex 96.825 0.61 7.70981
      vertex 96.8798 -0.01 7.75811
      vertex 96.8798 0.61 7.75811
    endloop
  endfacet
  facet normal -0.661214 0 0.750197
    outer loop
      vertex 96.825 0.61 7.70981
      vertex 96.825 -0.01 7.70981
      vertex 96.8798 -0.01 7.75811
    endloop
  endfacet
  facet normal -0.706171 0 0.708041
    outer loop
      vertex 96.772 0.61 7.65695
      vertex 96.825 -0.01 7.70981
      vertex 96.825 0.61 7.70981
    endloop
  endfacet
  facet normal -0.706171 0 0.708041
    outer loop
      vertex 96.772 0.61 7.65695
      vertex 96.772 -0.01 7.65695
      vertex 96.825 -0.01 7.70981
    endloop
  endfacet
  facet normal -0.745027 0 0.667034
    outer loop
      vertex 96.7206 0.61 7.59954
      vertex 96.772 -0.01 7.65695
      vertex 96.772 0.61 7.65695
    endloop
  endfacet
  facet normal -0.745027 0 0.667034
    outer loop
      vertex 96.7206 0.61 7.59954
      vertex 96.7206 -0.01 7.59954
      vertex 96.772 -0.01 7.65695
    endloop
  endfacet
  facet normal -0.780967 0 0.624572
    outer loop
      vertex 96.671 0.61 7.53752
      vertex 96.7206 -0.01 7.59954
      vertex 96.7206 0.61 7.59954
    endloop
  endfacet
  facet normal -0.780967 0 0.624572
    outer loop
      vertex 96.671 0.61 7.53752
      vertex 96.671 -0.01 7.53752
      vertex 96.7206 -0.01 7.59954
    endloop
  endfacet
  facet normal -0.81171 0 0.584061
    outer loop
      vertex 96.6231 0.61 7.47095
      vertex 96.671 -0.01 7.53752
      vertex 96.671 0.61 7.53752
    endloop
  endfacet
  facet normal -0.81171 0 0.584061
    outer loop
      vertex 96.6231 0.61 7.47095
      vertex 96.6231 -0.01 7.47095
      vertex 96.671 -0.01 7.53752
    endloop
  endfacet
  facet normal -0.838699 0 0.544595
    outer loop
      vertex 96.5769 0.61 7.3998
      vertex 96.6231 -0.01 7.47095
      vertex 96.6231 0.61 7.47095
    endloop
  endfacet
  facet normal -0.838699 0 0.544595
    outer loop
      vertex 96.5769 0.61 7.3998
      vertex 96.5769 -0.01 7.3998
      vertex 96.6231 -0.01 7.47095
    endloop
  endfacet
  facet normal -0.862665 0 0.505775
    outer loop
      vertex 96.5325 0.61 7.32407
      vertex 96.5769 -0.01 7.3998
      vertex 96.5769 0.61 7.3998
    endloop
  endfacet
  facet normal -0.862665 0 0.505775
    outer loop
      vertex 96.5325 0.61 7.32407
      vertex 96.5325 -0.01 7.32407
      vertex 96.5769 -0.01 7.3998
    endloop
  endfacet
  facet normal -0.882499 0 0.470314
    outer loop
      vertex 96.4897 0.61 7.24376
      vertex 96.5325 -0.01 7.32407
      vertex 96.5325 0.61 7.32407
    endloop
  endfacet
  facet normal -0.882499 0 0.470314
    outer loop
      vertex 96.4897 0.61 7.24376
      vertex 96.4897 -0.01 7.24376
      vertex 96.5325 -0.01 7.32407
    endloop
  endfacet
  facet normal -0.900434 0 0.434992
    outer loop
      vertex 96.4487 0.61 7.15889
      vertex 96.4897 -0.01 7.24376
      vertex 96.4897 0.61 7.24376
    endloop
  endfacet
  facet normal -0.900434 0 0.434992
    outer loop
      vertex 96.4487 0.61 7.15889
      vertex 96.4487 -0.01 7.15889
      vertex 96.4897 -0.01 7.24376
    endloop
  endfacet
  facet normal -0.91514 0 0.403136
    outer loop
      vertex 96.4093 0.61 7.06945
      vertex 96.4487 -0.01 7.15889
      vertex 96.4487 0.61 7.15889
    endloop
  endfacet
  facet normal -0.91514 0 0.403136
    outer loop
      vertex 96.4093 0.61 7.06945
      vertex 96.4093 -0.01 7.06945
      vertex 96.4487 -0.01 7.15889
    endloop
  endfacet
  facet normal -0 0 1
    outer loop
      vertex 96.3931 0.61 7.06945
      vertex 96.4093 -0.01 7.06945
      vertex 96.4093 0.61 7.06945
    endloop
  endfacet
  facet normal 0 0 1
    outer loop
      vertex 96.3931 0.61 7.06945
      vertex 96.3931 -0.01 7.06945
      vertex 96.4093 -0.01 7.06945
    endloop
  endfacet
  facet normal 0.999967 0 0.00810675
    outer loop
      vertex 96.3929 0.61 7.09412
      vertex 96.3931 -0.01 7.06945
      vertex 96.3931 0.61 7.06945
    endloop
  endfacet
  facet normal 0.999967 0 0.00810675
    outer loop
      vertex 96.3929 0.61 7.09412
      vertex 96.3929 -0.01 7.09412
      vertex 96.3931 -0.01 7.06945
    endloop
  endfacet
  facet normal 0.999842 0 0.0177655
    outer loop
      vertex 96.3924 0.61 7.12226
      vertex 96.3929 -0.01 7.09412
      vertex 96.3929 0.61 7.09412
    endloop
  endfacet
  facet normal 0.999842 0 0.0177655
    outer loop
      vertex 96.3924 0.61 7.12226
      vertex 96.3924 -0.01 7.12226
      vertex 96.3929 -0.01 7.09412
    endloop
  endfacet
  facet normal 0.99968 0 0.0253083
    outer loop
      vertex 96.3916 0.61 7.15386
      vertex 96.3924 -0.01 7.12226
      vertex 96.3924 0.61 7.12226
    endloop
  endfacet
  facet normal 0.99968 0 0.0253083
    outer loop
      vertex 96.3916 0.61 7.15386
      vertex 96.3916 -0.01 7.15386
      vertex 96.3924 -0.01 7.12226
    endloop
  endfacet
  facet normal 0.999414 0 0.0342168
    outer loop
      vertex 96.3904 0.61 7.18891
      vertex 96.3916 -0.01 7.15386
      vertex 96.3916 0.61 7.15386
    endloop
  endfacet
  facet normal 0.999414 0 0.0342168
    outer loop
      vertex 96.3904 0.61 7.18891
      vertex 96.3904 -0.01 7.18891
      vertex 96.3916 -0.01 7.15386
    endloop
  endfacet
  facet normal 0.999243 0 0.0389012
    outer loop
      vertex 96.3889 0.61 7.22744
      vertex 96.3904 -0.01 7.18891
      vertex 96.3904 0.61 7.18891
    endloop
  endfacet
  facet normal 0.999243 0 0.0389012
    outer loop
      vertex 96.3889 0.61 7.22744
      vertex 96.3889 -0.01 7.22744
      vertex 96.3904 -0.01 7.18891
    endloop
  endfacet
  facet normal 0.998977 0 0.0452241
    outer loop
      vertex 96.387 0.61 7.26941
      vertex 96.3889 -0.01 7.22744
      vertex 96.3889 0.61 7.22744
    endloop
  endfacet
  facet normal 0.998977 0 0.0452241
    outer loop
      vertex 96.387 0.61 7.26941
      vertex 96.387 -0.01 7.26941
      vertex 96.3889 -0.01 7.22744
    endloop
  endfacet
  facet normal 0.998831 0 0.0483376
    outer loop
      vertex 96.3848 0.61 7.31487
      vertex 96.387 -0.01 7.26941
      vertex 96.387 0.61 7.26941
    endloop
  endfacet
  facet normal 0.998831 0 0.0483376
    outer loop
      vertex 96.3848 0.61 7.31487
      vertex 96.3848 -0.01 7.31487
      vertex 96.387 -0.01 7.26941
    endloop
  endfacet
  facet normal 0.998696 0 0.0510581
    outer loop
      vertex 96.3823 0.61 7.36377
      vertex 96.3848 -0.01 7.31487
      vertex 96.3848 0.61 7.31487
    endloop
  endfacet
  facet normal 0.998696 0 0.0510581
    outer loop
      vertex 96.3823 0.61 7.36377
      vertex 96.3823 -0.01 7.36377
      vertex 96.3848 -0.01 7.31487
    endloop
  endfacet
  facet normal 0.99847 0 0.0552905
    outer loop
      vertex 96.3794 0.61 7.41614
      vertex 96.3823 -0.01 7.36377
      vertex 96.3823 0.61 7.36377
    endloop
  endfacet
  facet normal 0.99847 0 0.0552905
    outer loop
      vertex 96.3794 0.61 7.41614
      vertex 96.3794 -0.01 7.41614
      vertex 96.3823 -0.01 7.36377
    endloop
  endfacet
  facet normal 0.998462 0 0.0554403
    outer loop
      vertex 96.3763 0.61 7.47197
      vertex 96.3794 -0.01 7.41614
      vertex 96.3794 0.61 7.41614
    endloop
  endfacet
  facet normal 0.998462 0 0.0554403
    outer loop
      vertex 96.3763 0.61 7.47197
      vertex 96.3763 -0.01 7.47197
      vertex 96.3794 -0.01 7.41614
    endloop
  endfacet
  facet normal 0.998162 0 0.0605967
    outer loop
      vertex 96.3727 0.61 7.53127
      vertex 96.3763 -0.01 7.47197
      vertex 96.3763 0.61 7.47197
    endloop
  endfacet
  facet normal 0.998162 0 0.0605967
    outer loop
      vertex 96.3727 0.61 7.53127
      vertex 96.3727 -0.01 7.53127
      vertex 96.3763 -0.01 7.47197
    endloop
  endfacet
  facet normal 0.998137 0 0.0610067
    outer loop
      vertex 96.3691 0.61 7.59017
      vertex 96.3727 -0.01 7.53127
      vertex 96.3727 0.61 7.53127
    endloop
  endfacet
  facet normal 0.998137 0 0.0610067
    outer loop
      vertex 96.3691 0.61 7.59017
      vertex 96.3691 -0.01 7.59017
      vertex 96.3727 -0.01 7.53127
    endloop
  endfacet
  facet normal 0.997953 0 0.0639479
    outer loop
      vertex 96.3656 0.61 7.64479
      vertex 96.3691 -0.01 7.59017
      vertex 96.3691 0.61 7.59017
    endloop
  endfacet
  facet normal 0.997953 0 0.0639479
    outer loop
      vertex 96.3656 0.61 7.64479
      vertex 96.3656 -0.01 7.64479
      vertex 96.3691 -0.01 7.59017
    endloop
  endfacet
  facet normal 0.997729 0 0.0673606
    outer loop
      vertex 96.3622 0.61 7.69515
      vertex 96.3656 -0.01 7.64479
      vertex 96.3656 0.61 7.64479
    endloop
  endfacet
  facet normal 0.997729 0 0.0673606
    outer loop
      vertex 96.3622 0.61 7.69515
      vertex 96.3622 -0.01 7.69515
      vertex 96.3656 -0.01 7.64479
    endloop
  endfacet
  facet normal 0.997598 0 0.0692626
    outer loop
      vertex 96.359 0.61 7.74124
      vertex 96.3622 -0.01 7.69515
      vertex 96.3622 0.61 7.69515
    endloop
  endfacet
  facet normal 0.997598 0 0.0692626
    outer loop
      vertex 96.359 0.61 7.74124
      vertex 96.359 -0.01 7.74124
      vertex 96.3622 -0.01 7.69515
    endloop
  endfacet
  facet normal 0.997263 0 0.073942
    outer loop
      vertex 96.3559 0.61 7.78305
      vertex 96.359 -0.01 7.74124
      vertex 96.359 0.61 7.74124
    endloop
  endfacet
  facet normal 0.997263 0 0.073942
    outer loop
      vertex 96.3559 0.61 7.78305
      vertex 96.3559 -0.01 7.78305
      vertex 96.359 -0.01 7.74124
    endloop
  endfacet
  facet normal 0.996825 0 0.0796186
    outer loop
      vertex 96.3529 0.61 7.82061
      vertex 96.3559 -0.01 7.78305
      vertex 96.3559 0.61 7.78305
    endloop
  endfacet
  facet normal 0.996825 0 0.0796186
    outer loop
      vertex 96.3529 0.61 7.82061
      vertex 96.3529 -0.01 7.82061
      vertex 96.3559 -0.01 7.78305
    endloop
  endfacet
  facet normal 0.996475 0 0.0838885
    outer loop
      vertex 96.3501 0.61 7.85387
      vertex 96.3529 -0.01 7.82061
      vertex 96.3529 0.61 7.82061
    endloop
  endfacet
  facet normal 0.996475 0 0.0838885
    outer loop
      vertex 96.3501 0.61 7.85387
      vertex 96.3501 -0.01 7.85387
      vertex 96.3529 -0.01 7.82061
    endloop
  endfacet
  facet normal 0.995697 0 0.0926708
    outer loop
      vertex 96.3474 0.61 7.88288
      vertex 96.3501 -0.01 7.85387
      vertex 96.3501 0.61 7.85387
    endloop
  endfacet
  facet normal 0.995697 0 0.0926708
    outer loop
      vertex 96.3474 0.61 7.88288
      vertex 96.3474 -0.01 7.88288
      vertex 96.3501 -0.01 7.85387
    endloop
  endfacet
  facet normal 0.994925 0 0.100619
    outer loop
      vertex 96.3449 0.61 7.9076
      vertex 96.3474 -0.01 7.88288
      vertex 96.3474 0.61 7.88288
    endloop
  endfacet
  facet normal 0.994925 0 0.100619
    outer loop
      vertex 96.3449 0.61 7.9076
      vertex 96.3449 -0.01 7.9076
      vertex 96.3474 -0.01 7.88288
    endloop
  endfacet
  facet normal 0.992617 0 0.121288
    outer loop
      vertex 96.3424 0.61 7.92806
      vertex 96.3449 -0.01 7.9076
      vertex 96.3449 0.61 7.9076
    endloop
  endfacet
  facet normal 0.992617 0 0.121288
    outer loop
      vertex 96.3424 0.61 7.92806
      vertex 96.3424 -0.01 7.92806
      vertex 96.3449 -0.01 7.9076
    endloop
  endfacet
  facet normal 0.990059 0 0.140651
    outer loop
      vertex 96.3401 0.61 7.94425
      vertex 96.3424 -0.01 7.92806
      vertex 96.3424 0.61 7.92806
    endloop
  endfacet
  facet normal 0.990059 0 0.140651
    outer loop
      vertex 96.3401 0.61 7.94425
      vertex 96.3401 -0.01 7.94425
      vertex 96.3424 -0.01 7.92806
    endloop
  endfacet
  facet normal -0 0 1
    outer loop
      vertex 95.2498 0.61 7.94425
      vertex 96.3401 -0.01 7.94425
      vertex 96.3401 0.61 7.94425
    endloop
  endfacet
  facet normal 0 0 1
    outer loop
      vertex 95.2498 0.61 7.94425
      vertex 95.2498 -0.01 7.94425
      vertex 96.3401 -0.01 7.94425
    endloop
  endfacet
  facet normal -0.997778 0 -0.0666195
    outer loop
      vertex 95.252 0.61 7.9113
      vertex 95.2498 -0.01 7.94425
      vertex 95.2498 0.61 7.94425
    endloop
  endfacet
  facet normal -0.997778 -0 -0.0666195
    outer loop
      vertex 95.252 0.61 7.9113
      vertex 95.252 -0.01 7.9113
      vertex 95.2498 -0.01 7.94425
    endloop
  endfacet
  facet normal -0.998064 0 -0.0621939
    outer loop
      vertex 95.2541 0.61 7.8776
      vertex 95.252 -0.01 7.9113
      vertex 95.252 0.61 7.9113
    endloop
  endfacet
  facet normal -0.998064 -0 -0.0621939
    outer loop
      vertex 95.2541 0.61 7.8776
      vertex 95.2541 -0.01 7.8776
      vertex 95.252 -0.01 7.9113
    endloop
  endfacet
  facet normal -0.997972 0 -0.0636572
    outer loop
      vertex 95.2563 0.61 7.84311
      vertex 95.2541 -0.01 7.8776
      vertex 95.2541 0.61 7.8776
    endloop
  endfacet
  facet normal -0.997972 -0 -0.0636572
    outer loop
      vertex 95.2563 0.61 7.84311
      vertex 95.2563 -0.01 7.84311
      vertex 95.2541 -0.01 7.8776
    endloop
  endfacet
  facet normal -0.998395 0 -0.0566305
    outer loop
      vertex 95.2583 0.61 7.80785
      vertex 95.2563 -0.01 7.84311
      vertex 95.2563 0.61 7.84311
    endloop
  endfacet
  facet normal -0.998395 -0 -0.0566305
    outer loop
      vertex 95.2583 0.61 7.80785
      vertex 95.2583 -0.01 7.80785
      vertex 95.2563 -0.01 7.84311
    endloop
  endfacet
  facet normal -0.998307 0 -0.0581699
    outer loop
      vertex 95.2604 0.61 7.77181
      vertex 95.2583 -0.01 7.80785
      vertex 95.2583 0.61 7.80785
    endloop
  endfacet
  facet normal -0.998307 -0 -0.0581699
    outer loop
      vertex 95.2604 0.61 7.77181
      vertex 95.2604 -0.01 7.77181
      vertex 95.2583 -0.01 7.80785
    endloop
  endfacet
  facet normal -0.998527 0 -0.054253
    outer loop
      vertex 95.2624 0.61 7.735
      vertex 95.2604 -0.01 7.77181
      vertex 95.2604 0.61 7.77181
    endloop
  endfacet
  facet normal -0.998527 -0 -0.054253
    outer loop
      vertex 95.2624 0.61 7.735
      vertex 95.2624 -0.01 7.735
      vertex 95.2604 -0.01 7.77181
    endloop
  endfacet
  facet normal -0.998587 0 -0.0531446
    outer loop
      vertex 95.2644 0.61 7.69742
      vertex 95.2624 -0.01 7.735
      vertex 95.2624 0.61 7.735
    endloop
  endfacet
  facet normal -0.998587 -0 -0.0531446
    outer loop
      vertex 95.2644 0.61 7.69742
      vertex 95.2644 -0.01 7.69742
      vertex 95.2624 -0.01 7.735
    endloop
  endfacet
  facet normal -0.998642 0 -0.052094
    outer loop
      vertex 95.2664 0.61 7.65908
      vertex 95.2644 -0.01 7.69742
      vertex 95.2644 0.61 7.69742
    endloop
  endfacet
  facet normal -0.998642 -0 -0.052094
    outer loop
      vertex 95.2664 0.61 7.65908
      vertex 95.2664 -0.01 7.65908
      vertex 95.2644 -0.01 7.69742
    endloop
  endfacet
  facet normal -0.998824 0 -0.0484866
    outer loop
      vertex 95.2683 0.61 7.61994
      vertex 95.2664 -0.01 7.65908
      vertex 95.2664 0.61 7.65908
    endloop
  endfacet
  facet normal -0.998824 -0 -0.0484866
    outer loop
      vertex 95.2683 0.61 7.61994
      vertex 95.2683 -0.01 7.61994
      vertex 95.2664 -0.01 7.65908
    endloop
  endfacet
  facet normal -0.998868 0 -0.0475651
    outer loop
      vertex 95.2702 0.61 7.58004
      vertex 95.2683 -0.01 7.61994
      vertex 95.2683 0.61 7.61994
    endloop
  endfacet
  facet normal -0.998868 -0 -0.0475651
    outer loop
      vertex 95.2702 0.61 7.58004
      vertex 95.2702 -0.01 7.58004
      vertex 95.2683 -0.01 7.61994
    endloop
  endfacet
  facet normal -0.998911 0 -0.0466666
    outer loop
      vertex 95.2721 0.61 7.53937
      vertex 95.2702 -0.01 7.58004
      vertex 95.2702 0.61 7.58004
    endloop
  endfacet
  facet normal -0.998911 -0 -0.0466666
    outer loop
      vertex 95.2721 0.61 7.53937
      vertex 95.2721 -0.01 7.53937
      vertex 95.2702 -0.01 7.58004
    endloop
  endfacet
  facet normal -0.999186 0 -0.0403376
    outer loop
      vertex 95.2738 0.61 7.49726
      vertex 95.2721 -0.01 7.53937
      vertex 95.2721 0.61 7.53937
    endloop
  endfacet
  facet normal -0.999186 -0 -0.0403376
    outer loop
      vertex 95.2738 0.61 7.49726
      vertex 95.2738 -0.01 7.49726
      vertex 95.2721 -0.01 7.53937
    endloop
  endfacet
  facet normal -0.999263 0 -0.0383984
    outer loop
      vertex 95.2755 0.61 7.45302
      vertex 95.2738 -0.01 7.49726
      vertex 95.2738 0.61 7.49726
    endloop
  endfacet
  facet normal -0.999263 -0 -0.0383984
    outer loop
      vertex 95.2755 0.61 7.45302
      vertex 95.2755 -0.01 7.45302
      vertex 95.2738 -0.01 7.49726
    endloop
  endfacet
  facet normal -0.999544 0 -0.0301977
    outer loop
      vertex 95.2769 0.61 7.40668
      vertex 95.2755 -0.01 7.45302
      vertex 95.2755 0.61 7.45302
    endloop
  endfacet
  facet normal -0.999544 -0 -0.0301977
    outer loop
      vertex 95.2769 0.61 7.40668
      vertex 95.2769 -0.01 7.40668
      vertex 95.2755 -0.01 7.45302
    endloop
  endfacet
  facet normal -0.99964 0 -0.0268166
    outer loop
      vertex 95.2782 0.61 7.35822
      vertex 95.2769 -0.01 7.40668
      vertex 95.2769 0.61 7.40668
    endloop
  endfacet
  facet normal -0.99964 -0 -0.0268166
    outer loop
      vertex 95.2782 0.61 7.35822
      vertex 95.2782 -0.01 7.35822
      vertex 95.2769 -0.01 7.40668
    endloop
  endfacet
  facet normal -0.999764 0 -0.0217426
    outer loop
      vertex 95.2793 0.61 7.30764
      vertex 95.2782 -0.01 7.35822
      vertex 95.2782 0.61 7.35822
    endloop
  endfacet
  facet normal -0.999764 -0 -0.0217426
    outer loop
      vertex 95.2793 0.61 7.30764
      vertex 95.2793 -0.01 7.30764
      vertex 95.2782 -0.01 7.35822
    endloop
  endfacet
  facet normal -0.999854 0 -0.0170721
    outer loop
      vertex 95.2802 0.61 7.25493
      vertex 95.2793 -0.01 7.30764
      vertex 95.2793 0.61 7.30764
    endloop
  endfacet
  facet normal -0.999854 -0 -0.0170721
    outer loop
      vertex 95.2802 0.61 7.25493
      vertex 95.2802 -0.01 7.25493
      vertex 95.2793 -0.01 7.30764
    endloop
  endfacet
  facet normal -0.999918 0 -0.012768
    outer loop
      vertex 95.2809 0.61 7.20011
      vertex 95.2802 -0.01 7.25493
      vertex 95.2802 0.61 7.25493
    endloop
  endfacet
  facet normal -0.999918 -0 -0.012768
    outer loop
      vertex 95.2809 0.61 7.20011
      vertex 95.2809 -0.01 7.20011
      vertex 95.2802 -0.01 7.25493
    endloop
  endfacet
  facet normal -0.999944 0 -0.0105387
    outer loop
      vertex 95.2815 0.61 7.14318
      vertex 95.2809 -0.01 7.20011
      vertex 95.2809 0.61 7.20011
    endloop
  endfacet
  facet normal -0.999944 -0 -0.0105387
    outer loop
      vertex 95.2815 0.61 7.14318
      vertex 95.2815 -0.01 7.14318
      vertex 95.2809 -0.01 7.20011
    endloop
  endfacet
  facet normal -0.999977 0 -0.00677147
    outer loop
      vertex 95.2819 0.61 7.08411
      vertex 95.2815 -0.01 7.14318
      vertex 95.2815 0.61 7.14318
    endloop
  endfacet
  facet normal -0.999977 -0 -0.00677147
    outer loop
      vertex 95.2819 0.61 7.08411
      vertex 95.2819 -0.01 7.08411
      vertex 95.2815 -0.01 7.14318
    endloop
  endfacet
  facet normal -0.999988 0 -0.00490431
    outer loop
      vertex 95.2822 0.61 7.02294
      vertex 95.2819 -0.01 7.08411
      vertex 95.2819 0.61 7.08411
    endloop
  endfacet
  facet normal -0.999988 -0 -0.00490431
    outer loop
      vertex 95.2822 0.61 7.02294
      vertex 95.2822 -0.01 7.02294
      vertex 95.2819 -0.01 7.08411
    endloop
  endfacet
  facet normal -0.999999 0 -0.00157978
    outer loop
      vertex 95.2823 0.61 6.95964
      vertex 95.2822 -0.01 7.02294
      vertex 95.2822 0.61 7.02294
    endloop
  endfacet
  facet normal -0.999999 -0 -0.00157978
    outer loop
      vertex 95.2823 0.61 6.95964
      vertex 95.2823 -0.01 6.95964
      vertex 95.2822 -0.01 7.02294
    endloop
  endfacet
  facet normal -1 0 0
    outer loop
      vertex 95.2823 0.61 3.54189
      vertex 95.2823 -0.01 6.95964
      vertex 95.2823 0.61 6.95964
    endloop
  endfacet
  facet normal -1 0 0
    outer loop
      vertex 95.2823 0.61 3.54189
      vertex 95.2823 -0.01 3.54189
      vertex 95.2823 -0.01 6.95964
    endloop
  endfacet
  facet normal -0 0 -1
    outer loop
      vertex 96.4256 0.61 3.54189
      vertex 95.2823 -0.01 3.54189
      vertex 95.2823 0.61 3.54189
    endloop
  endfacet
  facet normal 0 -0 -1
    outer loop
      vertex 96.4256 0.61 3.54189
      vertex 96.4256 -0.01 3.54189
      vertex 95.2823 -0.01 3.54189
    endloop
  endfacet
  facet normal 1 0 0
    outer loop
      vertex 96.4256 0.61 5.90174
      vertex 96.4256 -0.01 3.54189
      vertex 96.4256 0.61 3.54189
    endloop
  endfacet
  facet normal 1 0 0
    outer loop
      vertex 96.4256 0.61 5.90174
      vertex 96.4256 -0.01 5.90174
      vertex 96.4256 -0.01 3.54189
    endloop
  endfacet
  facet normal 0.0571578 0 -0.998365
    outer loop
      vertex 88.2983 0.61 3.47257
      vertex 88.1404 -0.01 3.46353
      vertex 88.1404 0.61 3.46353
    endloop
  endfacet
  facet normal 0.0571578 0 -0.998365
    outer loop
      vertex 88.2983 0.61 3.47257
      vertex 88.2983 -0.01 3.47257
      vertex 88.1404 -0.01 3.46353
    endloop
  endfacet
  facet normal 0.0988529 0 -0.995102
    outer loop
      vertex 88.4497 0.61 3.48761
      vertex 88.2983 -0.01 3.47257
      vertex 88.2983 0.61 3.47257
    endloop
  endfacet
  facet normal 0.0988529 0 -0.995102
    outer loop
      vertex 88.4497 0.61 3.48761
      vertex 88.4497 -0.01 3.48761
      vertex 88.2983 -0.01 3.47257
    endloop
  endfacet
  facet normal 0.144025 0 -0.989574
    outer loop
      vertex 88.5944 0.61 3.50867
      vertex 88.4497 -0.01 3.48761
      vertex 88.4497 0.61 3.48761
    endloop
  endfacet
  facet normal 0.144025 0 -0.989574
    outer loop
      vertex 88.5944 0.61 3.50867
      vertex 88.5944 -0.01 3.50867
      vertex 88.4497 -0.01 3.48761
    endloop
  endfacet
  facet normal 0.192291 0 -0.981338
    outer loop
      vertex 88.7326 0.61 3.53575
      vertex 88.5944 -0.01 3.50867
      vertex 88.5944 0.61 3.50867
    endloop
  endfacet
  facet normal 0.192291 0 -0.981338
    outer loop
      vertex 88.7326 0.61 3.53575
      vertex 88.7326 -0.01 3.53575
      vertex 88.5944 -0.01 3.50867
    endloop
  endfacet
  facet normal 0.24441 0 -0.969672
    outer loop
      vertex 88.864 0.61 3.56887
      vertex 88.7326 -0.01 3.53575
      vertex 88.7326 0.61 3.53575
    endloop
  endfacet
  facet normal 0.24441 0 -0.969672
    outer loop
      vertex 88.864 0.61 3.56887
      vertex 88.864 -0.01 3.56887
      vertex 88.7326 -0.01 3.53575
    endloop
  endfacet
  facet normal 0.298893 0 -0.954287
    outer loop
      vertex 88.9889 0.61 3.60799
      vertex 88.864 -0.01 3.56887
      vertex 88.864 0.61 3.56887
    endloop
  endfacet
  facet normal 0.298893 0 -0.954287
    outer loop
      vertex 88.9889 0.61 3.60799
      vertex 88.9889 -0.01 3.60799
      vertex 88.864 -0.01 3.56887
    endloop
  endfacet
  facet normal 0.356501 0 -0.934295
    outer loop
      vertex 89.1072 0.61 3.65313
      vertex 88.9889 -0.01 3.60799
      vertex 88.9889 0.61 3.60799
    endloop
  endfacet
  facet normal 0.356501 0 -0.934295
    outer loop
      vertex 89.1072 0.61 3.65313
      vertex 89.1072 -0.01 3.65313
      vertex 88.9889 -0.01 3.60799
    endloop
  endfacet
  facet normal 0.416722 0 -0.909034
    outer loop
      vertex 89.2188 0.61 3.70429
      vertex 89.1072 -0.01 3.65313
      vertex 89.1072 0.61 3.65313
    endloop
  endfacet
  facet normal 0.416722 0 -0.909034
    outer loop
      vertex 89.2188 0.61 3.70429
      vertex 89.2188 -0.01 3.70429
      vertex 89.1072 -0.01 3.65313
    endloop
  endfacet
  facet normal 0.47819 0 -0.878257
    outer loop
      vertex 89.3238 0.61 3.76146
      vertex 89.2188 -0.01 3.70429
      vertex 89.2188 0.61 3.70429
    endloop
  endfacet
  facet normal 0.47819 0 -0.878257
    outer loop
      vertex 89.3238 0.61 3.76146
      vertex 89.3238 -0.01 3.76146
      vertex 89.2188 -0.01 3.70429
    endloop
  endfacet
  facet normal 0.540801 0 -0.841151
    outer loop
      vertex 89.4221 0.61 3.82466
      vertex 89.3238 -0.01 3.76146
      vertex 89.3238 0.61 3.76146
    endloop
  endfacet
  facet normal 0.540801 0 -0.841151
    outer loop
      vertex 89.4221 0.61 3.82466
      vertex 89.4221 -0.01 3.82466
      vertex 89.3238 -0.01 3.76146
    endloop
  endfacet
  facet normal 0.602192 0 -0.798351
    outer loop
      vertex 89.5129 0.61 3.89315
      vertex 89.4221 -0.01 3.82466
      vertex 89.4221 0.61 3.82466
    endloop
  endfacet
  facet normal 0.602192 0 -0.798351
    outer loop
      vertex 89.5129 0.61 3.89315
      vertex 89.5129 -0.01 3.89315
      vertex 89.4221 -0.01 3.82466
    endloop
  endfacet
  facet normal 0.664528 0 -0.747264
    outer loop
      vertex 89.595 0.61 3.96616
      vertex 89.5129 -0.01 3.89315
      vertex 89.5129 0.61 3.89315
    endloop
  endfacet
  facet normal 0.664528 0 -0.747264
    outer loop
      vertex 89.595 0.61 3.96616
      vertex 89.595 -0.01 3.96616
      vertex 89.5129 -0.01 3.89315
    endloop
  endfacet
  facet normal 0.726317 0 -0.68736
    outer loop
      vertex 89.6684 0.61 4.04372
      vertex 89.595 -0.01 3.96616
      vertex 89.595 0.61 3.96616
    endloop
  endfacet
  facet normal 0.726317 0 -0.68736
    outer loop
      vertex 89.6684 0.61 4.04372
      vertex 89.6684 -0.01 4.04372
      vertex 89.595 -0.01 3.96616
    endloop
  endfacet
  facet normal 0.784455 0 -0.620186
    outer loop
      vertex 89.7333 0.61 4.12581
      vertex 89.6684 -0.01 4.04372
      vertex 89.6684 0.61 4.04372
    endloop
  endfacet
  facet normal 0.784455 0 -0.620186
    outer loop
      vertex 89.7333 0.61 4.12581
      vertex 89.7333 -0.01 4.12581
      vertex 89.6684 -0.01 4.04372
    endloop
  endfacet
  facet normal 0.839399 0 -0.543516
    outer loop
      vertex 89.7894 0.61 4.21245
      vertex 89.7333 -0.01 4.12581
      vertex 89.7333 0.61 4.12581
    endloop
  endfacet
  facet normal 0.839399 0 -0.543516
    outer loop
      vertex 89.7894 0.61 4.21245
      vertex 89.7894 -0.01 4.21245
      vertex 89.7333 -0.01 4.12581
    endloop
  endfacet
  facet normal 0.886453 0 -0.462819
    outer loop
      vertex 89.837 0.61 4.30362
      vertex 89.7894 -0.01 4.21245
      vertex 89.7894 0.61 4.21245
    endloop
  endfacet
  facet normal 0.886453 0 -0.462819
    outer loop
      vertex 89.837 0.61 4.30362
      vertex 89.837 -0.01 4.30362
      vertex 89.7894 -0.01 4.21245
    endloop
  endfacet
  facet normal 0.92642 0 -0.376491
    outer loop
      vertex 89.8759 0.61 4.39934
      vertex 89.837 -0.01 4.30362
      vertex 89.837 0.61 4.30362
    endloop
  endfacet
  facet normal 0.92642 0 -0.376491
    outer loop
      vertex 89.8759 0.61 4.39934
      vertex 89.8759 -0.01 4.39934
      vertex 89.837 -0.01 4.30362
    endloop
  endfacet
  facet normal 0.957513 0 -0.28839
    outer loop
      vertex 89.9061 0.61 4.49961
      vertex 89.8759 -0.01 4.39934
      vertex 89.8759 0.61 4.39934
    endloop
  endfacet
  facet normal 0.957513 0 -0.28839
    outer loop
      vertex 89.9061 0.61 4.49961
      vertex 89.9061 -0.01 4.49961
      vertex 89.8759 -0.01 4.39934
    endloop
  endfacet
  facet normal 0.97941 0 -0.201882
    outer loop
      vertex 89.9277 0.61 4.6044
      vertex 89.9061 -0.01 4.49961
      vertex 89.9061 0.61 4.49961
    endloop
  endfacet
  facet normal 0.97941 0 -0.201882
    outer loop
      vertex 89.9277 0.61 4.6044
      vertex 89.9277 -0.01 4.6044
      vertex 89.9061 -0.01 4.49961
    endloop
  endfacet
  facet normal 0.993007 0 -0.118053
    outer loop
      vertex 89.9407 0.61 4.71375
      vertex 89.9277 -0.01 4.6044
      vertex 89.9277 0.61 4.6044
    endloop
  endfacet
  facet normal 0.993007 0 -0.118053
    outer loop
      vertex 89.9407 0.61 4.71375
      vertex 89.9407 -0.01 4.71375
      vertex 89.9277 -0.01 4.6044
    endloop
  endfacet
  facet normal 0.999288 0 -0.0377355
    outer loop
      vertex 89.945 0.61 4.82762
      vertex 89.9407 -0.01 4.71375
      vertex 89.9407 0.61 4.71375
    endloop
  endfacet
  facet normal 0.999288 0 -0.0377355
    outer loop
      vertex 89.945 0.61 4.82762
      vertex 89.945 -0.01 4.82762
      vertex 89.9407 -0.01 4.71375
    endloop
  endfacet
  facet normal 0.999843 0 0.0177329
    outer loop
      vertex 89.9438 0.61 4.89528
      vertex 89.945 -0.01 4.82762
      vertex 89.945 0.61 4.82762
    endloop
  endfacet
  facet normal 0.999843 0 0.0177329
    outer loop
      vertex 89.9438 0.61 4.89528
      vertex 89.9438 -0.01 4.89528
      vertex 89.945 -0.01 4.82762
    endloop
  endfacet
  facet normal 0.998489 0 0.0549459
    outer loop
      vertex 89.9402 0.61 4.9607
      vertex 89.9438 -0.01 4.89528
      vertex 89.9438 0.61 4.89528
    endloop
  endfacet
  facet normal 0.998489 0 0.0549459
    outer loop
      vertex 89.9402 0.61 4.9607
      vertex 89.9402 -0.01 4.9607
      vertex 89.9438 -0.01 4.89528
    endloop
  endfacet
  facet normal 0.99552 0 0.0945562
    outer loop
      vertex 89.9342 0.61 5.02387
      vertex 89.9402 -0.01 4.9607
      vertex 89.9402 0.61 4.9607
    endloop
  endfacet
  facet normal 0.99552 0 0.0945562
    outer loop
      vertex 89.9342 0.61 5.02387
      vertex 89.9342 -0.01 5.02387
      vertex 89.9402 -0.01 4.9607
    endloop
  endfacet
  facet normal 0.990843 0 0.135019
    outer loop
      vertex 89.9259 0.61 5.08478
      vertex 89.9342 -0.01 5.02387
      vertex 89.9342 0.61 5.02387
    endloop
  endfacet
  facet normal 0.990843 0 0.135019
    outer loop
      vertex 89.9259 0.61 5.08478
      vertex 89.9259 -0.01 5.08478
      vertex 89.9342 -0.01 5.02387
    endloop
  endfacet
  facet normal 0.983768 0 0.179446
    outer loop
      vertex 89.9152 0.61 5.14344
      vertex 89.9259 -0.01 5.08478
      vertex 89.9259 0.61 5.08478
    endloop
  endfacet
  facet normal 0.983768 0 0.179446
    outer loop
      vertex 89.9152 0.61 5.14344
      vertex 89.9152 -0.01 5.14344
      vertex 89.9259 -0.01 5.08478
    endloop
  endfacet
  facet normal 0.973679 0 0.227923
    outer loop
      vertex 89.902 0.61 5.19983
      vertex 89.9152 -0.01 5.14344
      vertex 89.9152 0.61 5.14344
    endloop
  endfacet
  facet normal 0.973679 0 0.227923
    outer loop
      vertex 89.902 0.61 5.19983
      vertex 89.902 -0.01 5.19983
      vertex 89.9152 -0.01 5.14344
    endloop
  endfacet
  facet normal 0.961403 0 0.275143
    outer loop
      vertex 89.8865 0.61 5.25399
      vertex 89.902 -0.01 5.19983
      vertex 89.902 0.61 5.19983
    endloop
  endfacet
  facet normal 0.961403 0 0.275143
    outer loop
      vertex 89.8865 0.61 5.25399
      vertex 89.8865 -0.01 5.25399
      vertex 89.902 -0.01 5.19983
    endloop
  endfacet
  facet normal 0.945373 0 0.325991
    outer loop
      vertex 89.8686 0.61 5.3059
      vertex 89.8865 -0.01 5.25399
      vertex 89.8865 0.61 5.25399
    endloop
  endfacet
  facet normal 0.945373 0 0.325991
    outer loop
      vertex 89.8686 0.61 5.3059
      vertex 89.8686 -0.01 5.3059
      vertex 89.8865 -0.01 5.25399
    endloop
  endfacet
  facet normal 0.925621 0 0.378451
    outer loop
      vertex 89.8483 0.61 5.35555
      vertex 89.8686 -0.01 5.3059
      vertex 89.8686 0.61 5.3059
    endloop
  endfacet
  facet normal 0.925621 0 0.378451
    outer loop
      vertex 89.8483 0.61 5.35555
      vertex 89.8483 -0.01 5.35555
      vertex 89.8686 -0.01 5.3059
    endloop
  endfacet
  facet normal 0.901873 0 0.432001
    outer loop
      vertex 89.8256 0.61 5.40294
      vertex 89.8483 -0.01 5.35555
      vertex 89.8483 0.61 5.35555
    endloop
  endfacet
  facet normal 0.901873 0 0.432001
    outer loop
      vertex 89.8256 0.61 5.40294
      vertex 89.8256 -0.01 5.40294
      vertex 89.8483 -0.01 5.35555
    endloop
  endfacet
  facet normal 0.874796 0 0.484491
    outer loop
      vertex 89.8006 0.61 5.44808
      vertex 89.8256 -0.01 5.40294
      vertex 89.8256 0.61 5.40294
    endloop
  endfacet
  facet normal 0.874796 0 0.484491
    outer loop
      vertex 89.8006 0.61 5.44808
      vertex 89.8006 -0.01 5.44808
      vertex 89.8256 -0.01 5.40294
    endloop
  endfacet
  facet normal 0.847668 0 0.530527
    outer loop
      vertex 89.7735 0.61 5.49138
      vertex 89.8006 -0.01 5.44808
      vertex 89.8006 0.61 5.44808
    endloop
  endfacet
  facet normal 0.847668 0 0.530527
    outer loop
      vertex 89.7735 0.61 5.49138
      vertex 89.7735 -0.01 5.49138
      vertex 89.8006 -0.01 5.44808
    endloop
  endfacet
  facet normal 0.82464 0 0.565659
    outer loop
      vertex 89.7448 0.61 5.53322
      vertex 89.7735 -0.01 5.49138
      vertex 89.7735 0.61 5.49138
    endloop
  endfacet
  facet normal 0.82464 0 0.565659
    outer loop
      vertex 89.7448 0.61 5.53322
      vertex 89.7448 -0.01 5.53322
      vertex 89.7735 -0.01 5.49138
    endloop
  endfacet
  facet normal 0.800071 0 0.599905
    outer loop
      vertex 89.7145 0.61 5.57363
      vertex 89.7448 -0.01 5.53322
      vertex 89.7448 0.61 5.53322
    endloop
  endfacet
  facet normal 0.800071 0 0.599905
    outer loop
      vertex 89.7145 0.61 5.57363
      vertex 89.7145 -0.01 5.57363
      vertex 89.7448 -0.01 5.53322
    endloop
  endfacet
  facet normal 0.773647 0 0.633616
    outer loop
      vertex 89.6826 0.61 5.61258
      vertex 89.7145 -0.01 5.57363
      vertex 89.7145 0.61 5.57363
    endloop
  endfacet
  facet normal 0.773647 0 0.633616
    outer loop
      vertex 89.6826 0.61 5.61258
      vertex 89.6826 -0.01 5.61258
      vertex 89.7145 -0.01 5.57363
    endloop
  endfacet
  facet normal 0.745938 0 0.666016
    outer loop
      vertex 89.6491 0.61 5.6501
      vertex 89.6826 -0.01 5.61258
      vertex 89.6826 0.61 5.61258
    endloop
  endfacet
  facet normal 0.745938 0 0.666016
    outer loop
      vertex 89.6491 0.61 5.6501
      vertex 89.6491 -0.01 5.6501
      vertex 89.6826 -0.01 5.61258
    endloop
  endfacet
  facet normal 0.716581 0 0.697504
    outer loop
      vertex 89.614 0.61 5.68616
      vertex 89.6491 -0.01 5.6501
      vertex 89.6491 0.61 5.6501
    endloop
  endfacet
  facet normal 0.716581 0 0.697504
    outer loop
      vertex 89.614 0.61 5.68616
      vertex 89.614 -0.01 5.68616
      vertex 89.6491 -0.01 5.6501
    endloop
  endfacet
  facet normal 0.685204 0 0.728351
    outer loop
      vertex 89.5772 0.61 5.72078
      vertex 89.614 -0.01 5.68616
      vertex 89.614 0.61 5.68616
    endloop
  endfacet
  facet normal 0.685204 0 0.728351
    outer loop
      vertex 89.5772 0.61 5.72078
      vertex 89.5772 -0.01 5.72078
      vertex 89.614 -0.01 5.68616
    endloop
  endfacet
  facet normal 0.653692 0 0.756761
    outer loop
      vertex 89.5388 0.61 5.75395
      vertex 89.5772 -0.01 5.72078
      vertex 89.5772 0.61 5.72078
    endloop
  endfacet
  facet normal 0.653692 0 0.756761
    outer loop
      vertex 89.5388 0.61 5.75395
      vertex 89.5388 -0.01 5.75395
      vertex 89.5772 -0.01 5.72078
    endloop
  endfacet
  facet normal 0.62242 0 0.782684
    outer loop
      vertex 89.4989 0.61 5.78568
      vertex 89.5388 -0.01 5.75395
      vertex 89.5388 0.61 5.75395
    endloop
  endfacet
  facet normal 0.62242 0 0.782684
    outer loop
      vertex 89.4989 0.61 5.78568
      vertex 89.4989 -0.01 5.78568
      vertex 89.5388 -0.01 5.75395
    endloop
  endfacet
  facet normal 0.588622 0 0.808408
    outer loop
      vertex 89.4573 0.61 5.81597
      vertex 89.4989 -0.01 5.78568
      vertex 89.4989 0.61 5.78568
    endloop
  endfacet
  facet normal 0.588622 0 0.808408
    outer loop
      vertex 89.4573 0.61 5.81597
      vertex 89.4573 -0.01 5.81597
      vertex 89.4989 -0.01 5.78568
    endloop
  endfacet
  facet normal 0.554345 0 0.832287
    outer loop
      vertex 89.414 0.61 5.84481
      vertex 89.4573 -0.01 5.81597
      vertex 89.4573 0.61 5.81597
    endloop
  endfacet
  facet normal 0.554345 0 0.832287
    outer loop
      vertex 89.414 0.61 5.84481
      vertex 89.414 -0.01 5.84481
      vertex 89.4573 -0.01 5.81597
    endloop
  endfacet
  facet normal 0.522363 0 0.852723
    outer loop
      vertex 89.3687 0.61 5.87256
      vertex 89.414 -0.01 5.84481
      vertex 89.414 0.61 5.84481
    endloop
  endfacet
  facet normal 0.522363 0 0.852723
    outer loop
      vertex 89.3687 0.61 5.87256
      vertex 89.3687 -0.01 5.87256
      vertex 89.414 -0.01 5.84481
    endloop
  endfacet
  facet normal 0.491866 0 0.870671
    outer loop
      vertex 89.3208 0.61 5.89962
      vertex 89.3687 -0.01 5.87256
      vertex 89.3687 0.61 5.87256
    endloop
  endfacet
  facet normal 0.491866 0 0.870671
    outer loop
      vertex 89.3208 0.61 5.89962
      vertex 89.3208 -0.01 5.89962
      vertex 89.3687 -0.01 5.87256
    endloop
  endfacet
  facet normal 0.461601 0 0.887088
    outer loop
      vertex 89.2702 0.61 5.92595
      vertex 89.3208 -0.01 5.89962
      vertex 89.3208 0.61 5.89962
    endloop
  endfacet
  facet normal 0.461601 0 0.887088
    outer loop
      vertex 89.2702 0.61 5.92595
      vertex 89.2702 -0.01 5.92595
      vertex 89.3208 -0.01 5.89962
    endloop
  endfacet
  facet normal 0.434299 0 0.900769
    outer loop
      vertex 89.217 0.61 5.9516
      vertex 89.2702 -0.01 5.92595
      vertex 89.2702 0.61 5.92595
    endloop
  endfacet
  facet normal 0.434299 0 0.900769
    outer loop
      vertex 89.217 0.61 5.9516
      vertex 89.217 -0.01 5.9516
      vertex 89.2702 -0.01 5.92595
    endloop
  endfacet
  facet normal 0.407914 0 0.91302
    outer loop
      vertex 89.1612 0.61 5.97653
      vertex 89.217 -0.01 5.9516
      vertex 89.217 0.61 5.9516
    endloop
  endfacet
  facet normal 0.407914 0 0.91302
    outer loop
      vertex 89.1612 0.61 5.97653
      vertex 89.1612 -0.01 5.97653
      vertex 89.217 -0.01 5.9516
    endloop
  endfacet
  facet normal 0.382528 0 0.923944
    outer loop
      vertex 89.1027 0.61 6.00075
      vertex 89.1612 -0.01 5.97653
      vertex 89.1612 0.61 5.97653
    endloop
  endfacet
  facet normal 0.382528 0 0.923944
    outer loop
      vertex 89.1027 0.61 6.00075
      vertex 89.1027 -0.01 6.00075
      vertex 89.1612 -0.01 5.97653
    endloop
  endfacet
  facet normal 0.359625 0 0.933097
    outer loop
      vertex 89.0417 0.61 6.02426
      vertex 89.1027 -0.01 6.00075
      vertex 89.1027 0.61 6.00075
    endloop
  endfacet
  facet normal 0.359625 0 0.933097
    outer loop
      vertex 89.0417 0.61 6.02426
      vertex 89.0417 -0.01 6.02426
      vertex 89.1027 -0.01 6.00075
    endloop
  endfacet
  facet normal 0.337254 0 0.941414
    outer loop
      vertex 88.978 0.61 6.04708
      vertex 89.0417 -0.01 6.02426
      vertex 89.0417 0.61 6.02426
    endloop
  endfacet
  facet normal 0.337254 0 0.941414
    outer loop
      vertex 88.978 0.61 6.04708
      vertex 88.978 -0.01 6.04708
      vertex 89.0417 -0.01 6.02426
    endloop
  endfacet
  facet normal 0.316357 0 0.94864
    outer loop
      vertex 88.9117 0.61 6.06919
      vertex 88.978 -0.01 6.04708
      vertex 88.978 0.61 6.04708
    endloop
  endfacet
  facet normal 0.316357 0 0.94864
    outer loop
      vertex 88.9117 0.61 6.06919
      vertex 88.9117 -0.01 6.06919
      vertex 88.978 -0.01 6.04708
    endloop
  endfacet
  facet normal 0.296099 0 0.955157
    outer loop
      vertex 88.8427 0.61 6.09058
      vertex 88.9117 -0.01 6.06919
      vertex 88.9117 0.61 6.06919
    endloop
  endfacet
  facet normal 0.296099 0 0.955157
    outer loop
      vertex 88.8427 0.61 6.09058
      vertex 88.8427 -0.01 6.09058
      vertex 88.9117 -0.01 6.06919
    endloop
  endfacet
  facet normal 0.277608 0 0.960694
    outer loop
      vertex 88.7711 0.61 6.11127
      vertex 88.8427 -0.01 6.09058
      vertex 88.8427 0.61 6.09058
    endloop
  endfacet
  facet normal 0.277608 0 0.960694
    outer loop
      vertex 88.7711 0.61 6.11127
      vertex 88.7711 -0.01 6.11127
      vertex 88.8427 -0.01 6.09058
    endloop
  endfacet
  facet normal 0.265096 0 0.964222
    outer loop
      vertex 88.6973 0.61 6.13156
      vertex 88.7711 -0.01 6.11127
      vertex 88.7711 0.61 6.11127
    endloop
  endfacet
  facet normal 0.265096 0 0.964222
    outer loop
      vertex 88.6973 0.61 6.13156
      vertex 88.6973 -0.01 6.13156
      vertex 88.7711 -0.01 6.11127
    endloop
  endfacet
  facet normal 0.257702 0 0.966224
    outer loop
      vertex 88.6216 0.61 6.15175
      vertex 88.6973 -0.01 6.13156
      vertex 88.6973 0.61 6.13156
    endloop
  endfacet
  facet normal 0.257702 0 0.966224
    outer loop
      vertex 88.6216 0.61 6.15175
      vertex 88.6216 -0.01 6.15175
      vertex 88.6973 -0.01 6.13156
    endloop
  endfacet
  facet normal 0.250443 0 0.968131
    outer loop
      vertex 88.5439 0.61 6.17185
      vertex 88.6216 -0.01 6.15175
      vertex 88.6216 0.61 6.15175
    endloop
  endfacet
  facet normal 0.250443 0 0.968131
    outer loop
      vertex 88.5439 0.61 6.17185
      vertex 88.5439 -0.01 6.17185
      vertex 88.6216 -0.01 6.15175
    endloop
  endfacet
  facet normal 0.243856 0 0.969812
    outer loop
      vertex 88.4644 0.61 6.19184
      vertex 88.5439 -0.01 6.17185
      vertex 88.5439 0.61 6.17185
    endloop
  endfacet
  facet normal 0.243856 0 0.969812
    outer loop
      vertex 88.4644 0.61 6.19184
      vertex 88.4644 -0.01 6.19184
      vertex 88.5439 -0.01 6.17185
    endloop
  endfacet
  facet normal 0.237091 0 0.971488
    outer loop
      vertex 88.3829 0.61 6.21173
      vertex 88.4644 -0.01 6.19184
      vertex 88.4644 0.61 6.19184
    endloop
  endfacet
  facet normal 0.237091 0 0.971488
    outer loop
      vertex 88.3829 0.61 6.21173
      vertex 88.3829 -0.01 6.21173
      vertex 88.4644 -0.01 6.19184
    endloop
  endfacet
  facet normal 0.2311 0 0.97293
    outer loop
      vertex 88.2995 0.61 6.23154
      vertex 88.3829 -0.01 6.21173
      vertex 88.3829 0.61 6.21173
    endloop
  endfacet
  facet normal 0.2311 0 0.97293
    outer loop
      vertex 88.2995 0.61 6.23154
      vertex 88.2995 -0.01 6.23154
      vertex 88.3829 -0.01 6.21173
    endloop
  endfacet
  facet normal 0.224809 0 0.974403
    outer loop
      vertex 88.2142 0.61 6.25122
      vertex 88.2995 -0.01 6.23154
      vertex 88.2995 0.61 6.23154
    endloop
  endfacet
  facet normal 0.224809 0 0.974403
    outer loop
      vertex 88.2142 0.61 6.25122
      vertex 88.2142 -0.01 6.25122
      vertex 88.2995 -0.01 6.23154
    endloop
  endfacet
  facet normal 0.21906 0 0.975711
    outer loop
      vertex 88.1269 0.61 6.27082
      vertex 88.2142 -0.01 6.25122
      vertex 88.2142 0.61 6.25122
    endloop
  endfacet
  facet normal 0.21906 0 0.975711
    outer loop
      vertex 88.1269 0.61 6.27082
      vertex 88.1269 -0.01 6.27082
      vertex 88.2142 -0.01 6.25122
    endloop
  endfacet
  facet normal 0.213795 0 0.976879
    outer loop
      vertex 88.0378 0.61 6.29032
      vertex 88.1269 -0.01 6.27082
      vertex 88.1269 0.61 6.27082
    endloop
  endfacet
  facet normal 0.213795 0 0.976879
    outer loop
      vertex 88.0378 0.61 6.29032
      vertex 88.0378 -0.01 6.29032
      vertex 88.1269 -0.01 6.27082
    endloop
  endfacet
  facet normal 0.20818 0 0.978091
    outer loop
      vertex 87.9467 0.61 6.30971
      vertex 88.0378 -0.01 6.29032
      vertex 88.0378 0.61 6.29032
    endloop
  endfacet
  facet normal 0.20818 0 0.978091
    outer loop
      vertex 87.9467 0.61 6.30971
      vertex 87.9467 -0.01 6.30971
      vertex 88.0378 -0.01 6.29032
    endloop
  endfacet
  facet normal 0.203096 0 0.979159
    outer loop
      vertex 87.8537 0.61 6.329
      vertex 87.9467 -0.01 6.30971
      vertex 87.9467 0.61 6.30971
    endloop
  endfacet
  facet normal 0.203096 0 0.979159
    outer loop
      vertex 87.8537 0.61 6.329
      vertex 87.8537 -0.01 6.329
      vertex 87.9467 -0.01 6.30971
    endloop
  endfacet
  facet normal 0.203573 0 0.97906
    outer loop
      vertex 87.7881 0.61 6.34264
      vertex 87.8537 -0.01 6.329
      vertex 87.8537 0.61 6.329
    endloop
  endfacet
  facet normal 0.203573 0 0.97906
    outer loop
      vertex 87.7881 0.61 6.34264
      vertex 87.7881 -0.01 6.34264
      vertex 87.8537 -0.01 6.329
    endloop
  endfacet
  facet normal 0.224297 0 0.974521
    outer loop
      vertex 87.7261 0.61 6.35691
      vertex 87.7881 -0.01 6.34264
      vertex 87.7881 0.61 6.34264
    endloop
  endfacet
  facet normal 0.224297 0 0.974521
    outer loop
      vertex 87.7261 0.61 6.35691
      vertex 87.7261 -0.01 6.35691
      vertex 87.7881 -0.01 6.34264
    endloop
  endfacet
  facet normal 0.246821 0 0.969061
    outer loop
      vertex 87.6676 0.61 6.37181
      vertex 87.7261 -0.01 6.35691
      vertex 87.7261 0.61 6.35691
    endloop
  endfacet
  facet normal 0.246821 0 0.969061
    outer loop
      vertex 87.6676 0.61 6.37181
      vertex 87.6676 -0.01 6.37181
      vertex 87.7261 -0.01 6.35691
    endloop
  endfacet
  facet normal 0.272521 0 0.96215
    outer loop
      vertex 87.6127 0.61 6.38736
      vertex 87.6676 -0.01 6.37181
      vertex 87.6676 0.61 6.37181
    endloop
  endfacet
  facet normal 0.272521 0 0.96215
    outer loop
      vertex 87.6127 0.61 6.38736
      vertex 87.6127 -0.01 6.38736
      vertex 87.6676 -0.01 6.37181
    endloop
  endfacet
  facet normal 0.29973 0 0.954024
    outer loop
      vertex 87.5612 0.61 6.40354
      vertex 87.6127 -0.01 6.38736
      vertex 87.6127 0.61 6.38736
    endloop
  endfacet
  facet normal 0.29973 0 0.954024
    outer loop
      vertex 87.5612 0.61 6.40354
      vertex 87.5612 -0.01 6.40354
      vertex 87.6127 -0.01 6.38736
    endloop
  endfacet
  facet normal 0.331491 0 0.943458
    outer loop
      vertex 87.5133 0.61 6.42037
      vertex 87.5612 -0.01 6.40354
      vertex 87.5612 0.61 6.40354
    endloop
  endfacet
  facet normal 0.331491 0 0.943458
    outer loop
      vertex 87.5133 0.61 6.42037
      vertex 87.5133 -0.01 6.42037
      vertex 87.5612 -0.01 6.40354
    endloop
  endfacet
  facet normal 0.366145 0 0.930558
    outer loop
      vertex 87.4689 0.61 6.43784
      vertex 87.5133 -0.01 6.42037
      vertex 87.5133 0.61 6.42037
    endloop
  endfacet
  facet normal 0.366145 0 0.930558
    outer loop
      vertex 87.4689 0.61 6.43784
      vertex 87.4689 -0.01 6.43784
      vertex 87.5133 -0.01 6.42037
    endloop
  endfacet
  facet normal 0.405515 0 0.914089
    outer loop
      vertex 87.4281 0.61 6.45594
      vertex 87.4689 -0.01 6.43784
      vertex 87.4689 0.61 6.43784
    endloop
  endfacet
  facet normal 0.405515 0 0.914089
    outer loop
      vertex 87.4281 0.61 6.45594
      vertex 87.4281 -0.01 6.45594
      vertex 87.4689 -0.01 6.43784
    endloop
  endfacet
  facet normal 0.448746 0 0.893659
    outer loop
      vertex 87.3908 0.61 6.47467
      vertex 87.4281 -0.01 6.45594
      vertex 87.4281 0.61 6.45594
    endloop
  endfacet
  facet normal 0.448746 0 0.893659
    outer loop
      vertex 87.3908 0.61 6.47467
      vertex 87.3908 -0.01 6.47467
      vertex 87.4281 -0.01 6.45594
    endloop
  endfacet
  facet normal 0.497796 0 0.867294
    outer loop
      vertex 87.357 0.61 6.49407
      vertex 87.3908 -0.01 6.47467
      vertex 87.3908 0.61 6.47467
    endloop
  endfacet
  facet normal 0.497796 0 0.867294
    outer loop
      vertex 87.357 0.61 6.49407
      vertex 87.357 -0.01 6.49407
      vertex 87.3908 -0.01 6.47467
    endloop
  endfacet
  facet normal 0.552533 0 0.833491
    outer loop
      vertex 87.3268 0.61 6.51409
      vertex 87.357 -0.01 6.49407
      vertex 87.357 0.61 6.49407
    endloop
  endfacet
  facet normal 0.552533 0 0.833491
    outer loop
      vertex 87.3268 0.61 6.51409
      vertex 87.3268 -0.01 6.51409
      vertex 87.357 -0.01 6.49407
    endloop
  endfacet
  facet normal 0.610934 0 0.791682
    outer loop
      vertex 87.2996 0.61 6.53508
      vertex 87.3268 -0.01 6.51409
      vertex 87.3268 0.61 6.51409
    endloop
  endfacet
  facet normal 0.610934 0 0.791682
    outer loop
      vertex 87.2996 0.61 6.53508
      vertex 87.2996 -0.01 6.53508
      vertex 87.3268 -0.01 6.51409
    endloop
  endfacet
  facet normal 0.672118 0 0.740444
    outer loop
      vertex 87.275 0.61 6.55741
      vertex 87.2996 -0.01 6.53508
      vertex 87.2996 0.61 6.53508
    endloop
  endfacet
  facet normal 0.672118 0 0.740444
    outer loop
      vertex 87.275 0.61 6.55741
      vertex 87.275 -0.01 6.55741
      vertex 87.2996 -0.01 6.53508
    endloop
  endfacet
  facet normal 0.731755 0 0.681567
    outer loop
      vertex 87.253 0.61 6.58103
      vertex 87.275 -0.01 6.55741
      vertex 87.275 0.61 6.55741
    endloop
  endfacet
  facet normal 0.731755 0 0.681567
    outer loop
      vertex 87.253 0.61 6.58103
      vertex 87.253 -0.01 6.58103
      vertex 87.275 -0.01 6.55741
    endloop
  endfacet
  facet normal 0.789199 0 0.614138
    outer loop
      vertex 87.2336 0.61 6.60596
      vertex 87.253 -0.01 6.58103
      vertex 87.253 0.61 6.58103
    endloop
  endfacet
  facet normal 0.789199 0 0.614138
    outer loop
      vertex 87.2336 0.61 6.60596
      vertex 87.2336 -0.01 6.60596
      vertex 87.253 -0.01 6.58103
    endloop
  endfacet
  facet normal 0.840814 0 0.541324
    outer loop
      vertex 87.2167 0.61 6.63221
      vertex 87.2336 -0.01 6.60596
      vertex 87.2336 0.61 6.60596
    endloop
  endfacet
  facet normal 0.840814 0 0.541324
    outer loop
      vertex 87.2167 0.61 6.63221
      vertex 87.2167 -0.01 6.63221
      vertex 87.2336 -0.01 6.60596
    endloop
  endfacet
  facet normal 0.888875 0 0.45815
    outer loop
      vertex 87.2025 0.61 6.65976
      vertex 87.2167 -0.01 6.63221
      vertex 87.2167 0.61 6.63221
    endloop
  endfacet
  facet normal 0.888875 0 0.45815
    outer loop
      vertex 87.2025 0.61 6.65976
      vertex 87.2025 -0.01 6.65976
      vertex 87.2167 -0.01 6.63221
    endloop
  endfacet
  facet normal 0.926785 0 0.375593
    outer loop
      vertex 87.1908 0.61 6.68863
      vertex 87.2025 -0.01 6.65976
      vertex 87.2025 0.61 6.65976
    endloop
  endfacet
  facet normal 0.926785 0 0.375593
    outer loop
      vertex 87.1908 0.61 6.68863
      vertex 87.1908 -0.01 6.68863
      vertex 87.2025 -0.01 6.65976
    endloop
  endfacet
  facet normal 0.958271 0 0.285861
    outer loop
      vertex 87.1818 0.61 6.7188
      vertex 87.1908 -0.01 6.68863
      vertex 87.1908 0.61 6.68863
    endloop
  endfacet
  facet normal 0.958271 0 0.285861
    outer loop
      vertex 87.1818 0.61 6.7188
      vertex 87.1818 -0.01 6.7188
      vertex 87.1908 -0.01 6.68863
    endloop
  endfacet
  facet normal 0.979354 0 0.202153
    outer loop
      vertex 87.1753 0.61 6.75029
      vertex 87.1818 -0.01 6.7188
      vertex 87.1818 0.61 6.7188
    endloop
  endfacet
  facet normal 0.979354 0 0.202153
    outer loop
      vertex 87.1753 0.61 6.75029
      vertex 87.1753 -0.01 6.75029
      vertex 87.1818 -0.01 6.7188
    endloop
  endfacet
  facet normal 0.993009 0 0.118035
    outer loop
      vertex 87.1714 0.61 6.7831
      vertex 87.1753 -0.01 6.75029
      vertex 87.1753 0.61 6.75029
    endloop
  endfacet
  facet normal 0.993009 0 0.118035
    outer loop
      vertex 87.1714 0.61 6.7831
      vertex 87.1714 -0.01 6.7831
      vertex 87.1753 -0.01 6.75029
    endloop
  endfacet
  facet normal 0.999274 0 0.0380955
    outer loop
      vertex 87.1701 0.61 6.8172
      vertex 87.1714 -0.01 6.7831
      vertex 87.1714 0.61 6.7831
    endloop
  endfacet
  facet normal 0.999274 0 0.0380955
    outer loop
      vertex 87.1701 0.61 6.8172
      vertex 87.1701 -0.01 6.8172
      vertex 87.1714 -0.01 6.7831
    endloop
  endfacet
  facet normal 0.999228 0 -0.0392942
    outer loop
      vertex 87.1718 0.61 6.86043
      vertex 87.1701 -0.01 6.8172
      vertex 87.1701 0.61 6.8172
    endloop
  endfacet
  facet normal 0.999228 0 -0.0392942
    outer loop
      vertex 87.1718 0.61 6.86043
      vertex 87.1718 -0.01 6.86043
      vertex 87.1701 -0.01 6.8172
    endloop
  endfacet
  facet normal 0.992614 0 -0.121317
    outer loop
      vertex 87.1768 0.61 6.90134
      vertex 87.1718 -0.01 6.86043
      vertex 87.1718 0.61 6.86043
    endloop
  endfacet
  facet normal 0.992614 0 -0.121317
    outer loop
      vertex 87.1768 0.61 6.90134
      vertex 87.1768 -0.01 6.90134
      vertex 87.1718 -0.01 6.86043
    endloop
  endfacet
  facet normal 0.977119 0 -0.212692
    outer loop
      vertex 87.1852 0.61 6.93993
      vertex 87.1768 -0.01 6.90134
      vertex 87.1768 0.61 6.90134
    endloop
  endfacet
  facet normal 0.977119 0 -0.212692
    outer loop
      vertex 87.1852 0.61 6.93993
      vertex 87.1852 -0.01 6.93993
      vertex 87.1768 -0.01 6.90134
    endloop
  endfacet
  facet normal 0.95094 0 -0.309377
    outer loop
      vertex 87.197 0.61 6.9762
      vertex 87.1852 -0.01 6.93993
      vertex 87.1852 0.61 6.93993
    endloop
  endfacet
  facet normal 0.95094 0 -0.309377
    outer loop
      vertex 87.197 0.61 6.9762
      vertex 87.197 -0.01 6.9762
      vertex 87.1852 -0.01 6.93993
    endloop
  endfacet
  facet normal 0.913701 0 -0.406388
    outer loop
      vertex 87.2121 0.61 7.01015
      vertex 87.197 -0.01 6.9762
      vertex 87.197 0.61 6.9762
    endloop
  endfacet
  facet normal 0.913701 0 -0.406388
    outer loop
      vertex 87.2121 0.61 7.01015
      vertex 87.2121 -0.01 7.01015
      vertex 87.197 -0.01 6.9762
    endloop
  endfacet
  facet normal 0.863125 0 -0.504991
    outer loop
      vertex 87.2306 0.61 7.04177
      vertex 87.2121 -0.01 7.01015
      vertex 87.2121 0.61 7.01015
    endloop
  endfacet
  facet normal 0.863125 0 -0.504991
    outer loop
      vertex 87.2306 0.61 7.04177
      vertex 87.2306 -0.01 7.04177
      vertex 87.2121 -0.01 7.01015
    endloop
  endfacet
  facet normal 0.801081 0 -0.598556
    outer loop
      vertex 87.2525 0.61 7.07108
      vertex 87.2306 -0.01 7.04177
      vertex 87.2306 0.61 7.04177
    endloop
  endfacet
  facet normal 0.801081 0 -0.598556
    outer loop
      vertex 87.2525 0.61 7.07108
      vertex 87.2525 -0.01 7.07108
      vertex 87.2306 -0.01 7.04177
    endloop
  endfacet
  facet normal 0.730803 0 -0.682588
    outer loop
      vertex 87.2777 0.61 7.09806
      vertex 87.2525 -0.01 7.07108
      vertex 87.2525 0.61 7.07108
    endloop
  endfacet
  facet normal 0.730803 0 -0.682588
    outer loop
      vertex 87.2777 0.61 7.09806
      vertex 87.2777 -0.01 7.09806
      vertex 87.2525 -0.01 7.07108
    endloop
  endfacet
  facet normal 0.653165 0 -0.757216
    outer loop
      vertex 87.3063 0.61 7.12273
      vertex 87.2777 -0.01 7.09806
      vertex 87.2777 0.61 7.09806
    endloop
  endfacet
  facet normal 0.653165 0 -0.757216
    outer loop
      vertex 87.3063 0.61 7.12273
      vertex 87.3063 -0.01 7.12273
      vertex 87.2777 -0.01 7.09806
    endloop
  endfacet
  facet normal 0.573635 0 -0.819111
    outer loop
      vertex 87.3382 0.61 7.14507
      vertex 87.3063 -0.01 7.12273
      vertex 87.3063 0.61 7.12273
    endloop
  endfacet
  facet normal 0.573635 0 -0.819111
    outer loop
      vertex 87.3382 0.61 7.14507
      vertex 87.3382 -0.01 7.14507
      vertex 87.3063 -0.01 7.12273
    endloop
  endfacet
  facet normal 0.493323 0 -0.869846
    outer loop
      vertex 87.3735 0.61 7.16509
      vertex 87.3382 -0.01 7.14507
      vertex 87.3382 0.61 7.14507
    endloop
  endfacet
  facet normal 0.493323 0 -0.869846
    outer loop
      vertex 87.3735 0.61 7.16509
      vertex 87.3735 -0.01 7.16509
      vertex 87.3382 -0.01 7.14507
    endloop
  endfacet
  facet normal 0.421731 0 -0.906721
    outer loop
      vertex 87.4122 0.61 7.18309
      vertex 87.3735 -0.01 7.16509
      vertex 87.3735 0.61 7.16509
    endloop
  endfacet
  facet normal 0.421731 0 -0.906721
    outer loop
      vertex 87.4122 0.61 7.18309
      vertex 87.4122 -0.01 7.18309
      vertex 87.3735 -0.01 7.16509
    endloop
  endfacet
  facet normal 0.361418 0 -0.932404
    outer loop
      vertex 87.4542 0.61 7.19937
      vertex 87.4122 -0.01 7.18309
      vertex 87.4122 0.61 7.18309
    endloop
  endfacet
  facet normal 0.361418 0 -0.932404
    outer loop
      vertex 87.4542 0.61 7.19937
      vertex 87.4542 -0.01 7.19937
      vertex 87.4122 -0.01 7.18309
    endloop
  endfacet
  facet normal 0.305955 0 -0.952046
    outer loop
      vertex 87.4996 0.61 7.21396
      vertex 87.4542 -0.01 7.19937
      vertex 87.4542 0.61 7.19937
    endloop
  endfacet
  facet normal 0.305955 0 -0.952046
    outer loop
      vertex 87.4996 0.61 7.21396
      vertex 87.4996 -0.01 7.21396
      vertex 87.4542 -0.01 7.19937
    endloop
  endfacet
  facet normal 0.25464 0 -0.967036
    outer loop
      vertex 87.5484 0.61 7.22681
      vertex 87.4996 -0.01 7.21396
      vertex 87.4996 0.61 7.21396
    endloop
  endfacet
  facet normal 0.25464 0 -0.967036
    outer loop
      vertex 87.5484 0.61 7.22681
      vertex 87.5484 -0.01 7.22681
      vertex 87.4996 -0.01 7.21396
    endloop
  endfacet
  facet normal 0.209273 0 -0.977857
    outer loop
      vertex 87.6005 0.61 7.23796
      vertex 87.5484 -0.01 7.22681
      vertex 87.5484 0.61 7.22681
    endloop
  endfacet
  facet normal 0.209273 0 -0.977857
    outer loop
      vertex 87.6005 0.61 7.23796
      vertex 87.6005 -0.01 7.23796
      vertex 87.5484 -0.01 7.22681
    endloop
  endfacet
  facet normal 0.167509 0 -0.985871
    outer loop
      vertex 87.656 0.61 7.24739
      vertex 87.6005 -0.01 7.23796
      vertex 87.6005 0.61 7.23796
    endloop
  endfacet
  facet normal 0.167509 0 -0.985871
    outer loop
      vertex 87.656 0.61 7.24739
      vertex 87.656 -0.01 7.24739
      vertex 87.6005 -0.01 7.23796
    endloop
  endfacet
  facet normal 0.129958 0 -0.991519
    outer loop
      vertex 87.7149 0.61 7.25511
      vertex 87.656 -0.01 7.24739
      vertex 87.656 0.61 7.24739
    endloop
  endfacet
  facet normal 0.129958 0 -0.991519
    outer loop
      vertex 87.7149 0.61 7.25511
      vertex 87.7149 -0.01 7.25511
      vertex 87.656 -0.01 7.24739
    endloop
  endfacet
  facet normal 0.0960173 0 -0.99538
    outer loop
      vertex 87.7771 0.61 7.26111
      vertex 87.7149 -0.01 7.25511
      vertex 87.7149 0.61 7.25511
    endloop
  endfacet
  facet normal 0.0960173 0 -0.99538
    outer loop
      vertex 87.7771 0.61 7.26111
      vertex 87.7771 -0.01 7.26111
      vertex 87.7149 -0.01 7.25511
    endloop
  endfacet
  facet normal 0.0652569 0 -0.997868
    outer loop
      vertex 87.8427 0.61 7.2654
      vertex 87.7771 -0.01 7.26111
      vertex 87.7771 0.61 7.26111
    endloop
  endfacet
  facet normal 0.0652569 0 -0.997868
    outer loop
      vertex 87.8427 0.61 7.2654
      vertex 87.8427 -0.01 7.2654
      vertex 87.7771 -0.01 7.26111
    endloop
  endfacet
  facet normal 0.0371297 0 -0.99931
    outer loop
      vertex 87.9116 0.61 7.26796
      vertex 87.8427 -0.01 7.2654
      vertex 87.8427 0.61 7.2654
    endloop
  endfacet
  facet normal 0.0371297 0 -0.99931
    outer loop
      vertex 87.9116 0.61 7.26796
      vertex 87.9116 -0.01 7.26796
      vertex 87.8427 -0.01 7.2654
    endloop
  endfacet
  facet normal 0.0120323 0 -0.999928
    outer loop
      vertex 87.9839 0.61 7.26883
      vertex 87.9116 -0.01 7.26796
      vertex 87.9116 0.61 7.26796
    endloop
  endfacet
  facet normal 0.0120323 0 -0.999928
    outer loop
      vertex 87.9839 0.61 7.26883
      vertex 87.9839 -0.01 7.26883
      vertex 87.9116 -0.01 7.26796
    endloop
  endfacet
  facet normal -0.014944 0 -0.999888
    outer loop
      vertex 88.0575 0.61 7.26773
      vertex 87.9839 -0.01 7.26883
      vertex 87.9839 0.61 7.26883
    endloop
  endfacet
  facet normal -0.014944 -0 -0.999888
    outer loop
      vertex 88.0575 0.61 7.26773
      vertex 88.0575 -0.01 7.26773
      vertex 87.9839 -0.01 7.26883
    endloop
  endfacet
  facet normal -0.0468726 0 -0.998901
    outer loop
      vertex 88.1274 0.61 7.26445
      vertex 88.0575 -0.01 7.26773
      vertex 88.0575 0.61 7.26773
    endloop
  endfacet
  facet normal -0.0468726 -0 -0.998901
    outer loop
      vertex 88.1274 0.61 7.26445
      vertex 88.1274 -0.01 7.26445
      vertex 88.0575 -0.01 7.26773
    endloop
  endfacet
  facet normal -0.0821982 0 -0.996616
    outer loop
      vertex 88.1936 0.61 7.25899
      vertex 88.1274 -0.01 7.26445
      vertex 88.1274 0.61 7.26445
    endloop
  endfacet
  facet normal -0.0821982 -0 -0.996616
    outer loop
      vertex 88.1936 0.61 7.25899
      vertex 88.1936 -0.01 7.25899
      vertex 88.1274 -0.01 7.26445
    endloop
  endfacet
  facet normal -0.121337 0 -0.992611
    outer loop
      vertex 88.2561 0.61 7.25135
      vertex 88.1936 -0.01 7.25899
      vertex 88.1936 0.61 7.25899
    endloop
  endfacet
  facet normal -0.121337 -0 -0.992611
    outer loop
      vertex 88.2561 0.61 7.25135
      vertex 88.2561 -0.01 7.25135
      vertex 88.1936 -0.01 7.25899
    endloop
  endfacet
  facet normal -0.165215 0 -0.986258
    outer loop
      vertex 88.3149 0.61 7.2415
      vertex 88.2561 -0.01 7.25135
      vertex 88.2561 0.61 7.25135
    endloop
  endfacet
  facet normal -0.165215 -0 -0.986258
    outer loop
      vertex 88.3149 0.61 7.2415
      vertex 88.3149 -0.01 7.2415
      vertex 88.2561 -0.01 7.25135
    endloop
  endfacet
  facet normal -0.213136 0 -0.977022
    outer loop
      vertex 88.37 0.61 7.22948
      vertex 88.3149 -0.01 7.2415
      vertex 88.3149 0.61 7.2415
    endloop
  endfacet
  facet normal -0.213136 -0 -0.977022
    outer loop
      vertex 88.37 0.61 7.22948
      vertex 88.37 -0.01 7.22948
      vertex 88.3149 -0.01 7.2415
    endloop
  endfacet
  facet normal -0.266464 0 -0.963845
    outer loop
      vertex 88.4214 0.61 7.21527
      vertex 88.37 -0.01 7.22948
      vertex 88.37 0.61 7.22948
    endloop
  endfacet
  facet normal -0.266464 -0 -0.963845
    outer loop
      vertex 88.4214 0.61 7.21527
      vertex 88.4214 -0.01 7.21527
      vertex 88.37 -0.01 7.22948
    endloop
  endfacet
  facet normal -0.324781 0 -0.945789
    outer loop
      vertex 88.4691 0.61 7.19889
      vertex 88.4214 -0.01 7.21527
      vertex 88.4214 0.61 7.21527
    endloop
  endfacet
  facet normal -0.324781 -0 -0.945789
    outer loop
      vertex 88.4691 0.61 7.19889
      vertex 88.4691 -0.01 7.19889
      vertex 88.4214 -0.01 7.21527
    endloop
  endfacet
  facet normal -0.389189 0 -0.921158
    outer loop
      vertex 88.5131 0.61 7.1803
      vertex 88.4691 -0.01 7.19889
      vertex 88.4691 0.61 7.19889
    endloop
  endfacet
  facet normal -0.389189 -0 -0.921158
    outer loop
      vertex 88.5131 0.61 7.1803
      vertex 88.5131 -0.01 7.1803
      vertex 88.4691 -0.01 7.19889
    endloop
  endfacet
  facet normal -0.457224 0 -0.889352
    outer loop
      vertex 88.5535 0.61 7.15953
      vertex 88.5131 -0.01 7.1803
      vertex 88.5131 0.61 7.1803
    endloop
  endfacet
  facet normal -0.457224 -0 -0.889352
    outer loop
      vertex 88.5535 0.61 7.15953
      vertex 88.5535 -0.01 7.15953
      vertex 88.5131 -0.01 7.1803
    endloop
  endfacet
  facet normal -0.531247 0 -0.847217
    outer loop
      vertex 88.5901 0.61 7.13658
      vertex 88.5535 -0.01 7.15953
      vertex 88.5535 0.61 7.15953
    endloop
  endfacet
  facet normal -0.531247 -0 -0.847217
    outer loop
      vertex 88.5901 0.61 7.13658
      vertex 88.5901 -0.01 7.13658
      vertex 88.5535 -0.01 7.15953
    endloop
  endfacet
  facet normal -0.59939 0 -0.800457
    outer loop
      vertex 88.6237 0.61 7.11142
      vertex 88.5901 -0.01 7.13658
      vertex 88.5901 0.61 7.13658
    endloop
  endfacet
  facet normal -0.59939 -0 -0.800457
    outer loop
      vertex 88.6237 0.61 7.11142
      vertex 88.6237 -0.01 7.11142
      vertex 88.5901 -0.01 7.13658
    endloop
  endfacet
  facet normal -0.660139 0 -0.751143
    outer loop
      vertex 88.6549 0.61 7.084
      vertex 88.6237 -0.01 7.11142
      vertex 88.6237 0.61 7.11142
    endloop
  endfacet
  facet normal -0.660139 -0 -0.751143
    outer loop
      vertex 88.6549 0.61 7.084
      vertex 88.6549 -0.01 7.084
      vertex 88.6237 -0.01 7.11142
    endloop
  endfacet
  facet normal -0.716458 0 -0.69763
    outer loop
      vertex 88.6838 0.61 7.05432
      vertex 88.6549 -0.01 7.084
      vertex 88.6549 0.61 7.084
    endloop
  endfacet
  facet normal -0.716458 -0 -0.69763
    outer loop
      vertex 88.6838 0.61 7.05432
      vertex 88.6838 -0.01 7.05432
      vertex 88.6549 -0.01 7.084
    endloop
  endfacet
  facet normal -0.76832 0 -0.640066
    outer loop
      vertex 88.7104 0.61 7.02239
      vertex 88.6838 -0.01 7.05432
      vertex 88.6838 0.61 7.05432
    endloop
  endfacet
  facet normal -0.76832 -0 -0.640066
    outer loop
      vertex 88.7104 0.61 7.02239
      vertex 88.7104 -0.01 7.02239
      vertex 88.6838 -0.01 7.05432
    endloop
  endfacet
  facet normal -0.817193 0 -0.576364
    outer loop
      vertex 88.7345 0.61 6.98822
      vertex 88.7104 -0.01 7.02239
      vertex 88.7104 0.61 7.02239
    endloop
  endfacet
  facet normal -0.817193 -0 -0.576364
    outer loop
      vertex 88.7345 0.61 6.98822
      vertex 88.7345 -0.01 6.98822
      vertex 88.7104 -0.01 7.02239
    endloop
  endfacet
  facet normal -0.857057 0 -0.515222
    outer loop
      vertex 88.7564 0.61 6.95179
      vertex 88.7345 -0.01 6.98822
      vertex 88.7345 0.61 6.98822
    endloop
  endfacet
  facet normal -0.857057 -0 -0.515222
    outer loop
      vertex 88.7564 0.61 6.95179
      vertex 88.7564 -0.01 6.95179
      vertex 88.7345 -0.01 6.98822
    endloop
  endfacet
  facet normal -0.893918 0 -0.44823
    outer loop
      vertex 88.7758 0.61 6.9131
      vertex 88.7564 -0.01 6.95179
      vertex 88.7564 0.61 6.95179
    endloop
  endfacet
  facet normal -0.893918 -0 -0.44823
    outer loop
      vertex 88.7758 0.61 6.9131
      vertex 88.7758 -0.01 6.9131
      vertex 88.7564 -0.01 6.95179
    endloop
  endfacet
  facet normal -0.92194 0 -0.387332
    outer loop
      vertex 88.793 0.61 6.87216
      vertex 88.7758 -0.01 6.9131
      vertex 88.7758 0.61 6.9131
    endloop
  endfacet
  facet normal -0.92194 -0 -0.387332
    outer loop
      vertex 88.793 0.61 6.87216
      vertex 88.793 -0.01 6.87216
      vertex 88.7758 -0.01 6.9131
    endloop
  endfacet
  facet normal -0.946647 0 -0.322272
    outer loop
      vertex 88.8077 0.61 6.82898
      vertex 88.793 -0.01 6.87216
      vertex 88.793 0.61 6.87216
    endloop
  endfacet
  facet normal -0.946647 -0 -0.322272
    outer loop
      vertex 88.8077 0.61 6.82898
      vertex 88.8077 -0.01 6.82898
      vertex 88.793 -0.01 6.87216
    endloop
  endfacet
  facet normal -0.964725 0 -0.263261
    outer loop
      vertex 88.8201 0.61 6.78354
      vertex 88.8077 -0.01 6.82898
      vertex 88.8077 0.61 6.82898
    endloop
  endfacet
  facet normal -0.964725 -0 -0.263261
    outer loop
      vertex 88.8201 0.61 6.78354
      vertex 88.8201 -0.01 6.78354
      vertex 88.8077 -0.01 6.82898
    endloop
  endfacet
  facet normal -0.97831 0 -0.207147
    outer loop
      vertex 88.8302 0.61 6.73584
      vertex 88.8201 -0.01 6.78354
      vertex 88.8201 0.61 6.78354
    endloop
  endfacet
  facet normal -0.97831 -0 -0.207147
    outer loop
      vertex 88.8302 0.61 6.73584
      vertex 88.8302 -0.01 6.73584
      vertex 88.8201 -0.01 6.78354
    endloop
  endfacet
  facet normal 0.103857 0 -0.994592
    outer loop
      vertex 89.8433 0.61 6.84163
      vertex 88.8302 -0.01 6.73584
      vertex 88.8302 0.61 6.73584
    endloop
  endfacet
  facet normal 0.103857 0 -0.994592
    outer loop
      vertex 89.8433 0.61 6.84163
      vertex 89.8433 -0.01 6.84163
      vertex 88.8302 -0.01 6.73584
    endloop
  endfacet
  facet normal 0.972963 0 0.230959
    outer loop
      vertex 89.8189 0.61 6.94442
      vertex 89.8433 -0.01 6.84163
      vertex 89.8433 0.61 6.84163
    endloop
  endfacet
  facet normal 0.972963 0 0.230959
    outer loop
      vertex 89.8189 0.61 6.94442
      vertex 89.8189 -0.01 6.94442
      vertex 89.8433 -0.01 6.84163
    endloop
  endfacet
  facet normal 0.955341 0 0.295506
    outer loop
      vertex 89.7885 0.61 7.0427
      vertex 89.8189 -0.01 6.94442
      vertex 89.8189 0.61 6.94442
    endloop
  endfacet
  facet normal 0.955341 0 0.295506
    outer loop
      vertex 89.7885 0.61 7.0427
      vertex 89.7885 -0.01 7.0427
      vertex 89.8189 -0.01 6.94442
    endloop
  endfacet
  facet normal 0.93224 0 0.361842
    outer loop
      vertex 89.7521 0.61 7.13648
      vertex 89.7885 -0.01 7.0427
      vertex 89.7885 0.61 7.0427
    endloop
  endfacet
  facet normal 0.93224 0 0.361842
    outer loop
      vertex 89.7521 0.61 7.13648
      vertex 89.7521 -0.01 7.13648
      vertex 89.7885 -0.01 7.0427
    endloop
  endfacet
  facet normal 0.904092 0 0.427337
    outer loop
      vertex 89.7099 0.61 7.22576
      vertex 89.7521 -0.01 7.13648
      vertex 89.7521 0.61 7.13648
    endloop
  endfacet
  facet normal 0.904092 0 0.427337
    outer loop
      vertex 89.7099 0.61 7.22576
      vertex 89.7099 -0.01 7.22576
      vertex 89.7521 -0.01 7.13648
    endloop
  endfacet
  facet normal 0.868861 0 0.495057
    outer loop
      vertex 89.6616 0.61 7.31053
      vertex 89.7099 -0.01 7.22576
      vertex 89.7099 0.61 7.22576
    endloop
  endfacet
  facet normal 0.868861 0 0.495057
    outer loop
      vertex 89.6616 0.61 7.31053
      vertex 89.6616 -0.01 7.31053
      vertex 89.7099 -0.01 7.22576
    endloop
  endfacet
  facet normal 0.828764 0 0.559599
    outer loop
      vertex 89.6074 0.61 7.3908
      vertex 89.6616 -0.01 7.31053
      vertex 89.6616 0.61 7.31053
    endloop
  endfacet
  facet normal 0.828764 0 0.559599
    outer loop
      vertex 89.6074 0.61 7.3908
      vertex 89.6074 -0.01 7.3908
      vertex 89.6616 -0.01 7.31053
    endloop
  endfacet
  facet normal 0.783425 0 0.621487
    outer loop
      vertex 89.5473 0.61 7.46656
      vertex 89.6074 -0.01 7.3908
      vertex 89.6074 0.61 7.3908
    endloop
  endfacet
  facet normal 0.783425 0 0.621487
    outer loop
      vertex 89.5473 0.61 7.46656
      vertex 89.5473 -0.01 7.46656
      vertex 89.6074 -0.01 7.3908
    endloop
  endfacet
  facet normal 0.733057 0 0.680167
    outer loop
      vertex 89.4812 0.61 7.5378
      vertex 89.5473 -0.01 7.46656
      vertex 89.5473 0.61 7.46656
    endloop
  endfacet
  facet normal 0.733057 0 0.680167
    outer loop
      vertex 89.4812 0.61 7.5378
      vertex 89.4812 -0.01 7.5378
      vertex 89.5473 -0.01 7.46656
    endloop
  endfacet
  facet normal 0.679412 0 0.733757
    outer loop
      vertex 89.4091 0.61 7.60456
      vertex 89.4812 -0.01 7.5378
      vertex 89.4812 0.61 7.5378
    endloop
  endfacet
  facet normal 0.679412 0 0.733757
    outer loop
      vertex 89.4091 0.61 7.60456
      vertex 89.4091 -0.01 7.60456
      vertex 89.4812 -0.01 7.5378
    endloop
  endfacet
  facet normal 0.623717 0 0.78165
    outer loop
      vertex 89.3311 0.61 7.6668
      vertex 89.4091 -0.01 7.60456
      vertex 89.4091 0.61 7.60456
    endloop
  endfacet
  facet normal 0.623717 0 0.78165
    outer loop
      vertex 89.3311 0.61 7.6668
      vertex 89.3311 -0.01 7.6668
      vertex 89.4091 -0.01 7.60456
    endloop
  endfacet
  facet normal 0.566787 0 0.823864
    outer loop
      vertex 89.2472 0.61 7.72452
      vertex 89.3311 -0.01 7.6668
      vertex 89.3311 0.61 7.6668
    endloop
  endfacet
  facet normal 0.566787 0 0.823864
    outer loop
      vertex 89.2472 0.61 7.72452
      vertex 89.2472 -0.01 7.72452
      vertex 89.3311 -0.01 7.6668
    endloop
  endfacet
  facet normal 0.509254 0 0.860616
    outer loop
      vertex 89.1577 0.61 7.77748
      vertex 89.2472 -0.01 7.72452
      vertex 89.2472 0.61 7.72452
    endloop
  endfacet
  facet normal 0.509254 0 0.860616
    outer loop
      vertex 89.1577 0.61 7.77748
      vertex 89.1577 -0.01 7.77748
      vertex 89.2472 -0.01 7.72452
    endloop
  endfacet
  facet normal 0.45234 0 0.891845
    outer loop
      vertex 89.0632 0.61 7.82541
      vertex 89.1577 -0.01 7.77748
      vertex 89.1577 0.61 7.77748
    endloop
  endfacet
  facet normal 0.45234 0 0.891845
    outer loop
      vertex 89.0632 0.61 7.82541
      vertex 89.0632 -0.01 7.82541
      vertex 89.1577 -0.01 7.77748
    endloop
  endfacet
  facet normal 0.395277 0 0.918562
    outer loop
      vertex 88.9636 0.61 7.86827
      vertex 89.0632 -0.01 7.82541
      vertex 89.0632 0.61 7.82541
    endloop
  endfacet
  facet normal 0.395277 0 0.918562
    outer loop
      vertex 88.9636 0.61 7.86827
      vertex 88.9636 -0.01 7.86827
      vertex 89.0632 -0.01 7.82541
    endloop
  endfacet
  facet normal 0.339976 0 0.940434
    outer loop
      vertex 88.8589 0.61 7.90612
      vertex 88.9636 -0.01 7.86827
      vertex 88.9636 0.61 7.86827
    endloop
  endfacet
  facet normal 0.339976 0 0.940434
    outer loop
      vertex 88.8589 0.61 7.90612
      vertex 88.8589 -0.01 7.90612
      vertex 88.9636 -0.01 7.86827
    endloop
  endfacet
  facet normal 0.285986 0 0.958234
    outer loop
      vertex 88.7491 0.61 7.93889
      vertex 88.8589 -0.01 7.90612
      vertex 88.8589 0.61 7.90612
    endloop
  endfacet
  facet normal 0.285986 0 0.958234
    outer loop
      vertex 88.7491 0.61 7.93889
      vertex 88.7491 -0.01 7.93889
      vertex 88.8589 -0.01 7.90612
    endloop
  endfacet
  facet normal 0.234878 0 0.972025
    outer loop
      vertex 88.6343 0.61 7.96663
      vertex 88.7491 -0.01 7.93889
      vertex 88.7491 0.61 7.93889
    endloop
  endfacet
  facet normal 0.234878 0 0.972025
    outer loop
      vertex 88.6343 0.61 7.96663
      vertex 88.6343 -0.01 7.96663
      vertex 88.7491 -0.01 7.93889
    endloop
  endfacet
  facet normal 0.185949 0 0.982559
    outer loop
      vertex 88.5143 0.61 7.98934
      vertex 88.6343 -0.01 7.96663
      vertex 88.6343 0.61 7.96663
    endloop
  endfacet
  facet normal 0.185949 0 0.982559
    outer loop
      vertex 88.5143 0.61 7.98934
      vertex 88.5143 -0.01 7.98934
      vertex 88.6343 -0.01 7.96663
    endloop
  endfacet
  facet normal 0.139813 0 0.990178
    outer loop
      vertex 88.3893 0.61 8.00699
      vertex 88.5143 -0.01 7.98934
      vertex 88.5143 0.61 7.98934
    endloop
  endfacet
  facet normal 0.139813 0 0.990178
    outer loop
      vertex 88.3893 0.61 8.00699
      vertex 88.3893 -0.01 8.00699
      vertex 88.5143 -0.01 7.98934
    endloop
  endfacet
  facet normal 0.0965469 0 0.995328
    outer loop
      vertex 88.2593 0.61 8.0196
      vertex 88.3893 -0.01 8.00699
      vertex 88.3893 0.61 8.00699
    endloop
  endfacet
  facet normal 0.0965469 0 0.995328
    outer loop
      vertex 88.2593 0.61 8.0196
      vertex 88.2593 -0.01 8.0196
      vertex 88.3893 -0.01 8.00699
    endloop
  endfacet
  facet normal 0.0558299 0 0.99844
    outer loop
      vertex 88.1241 0.61 8.02716
      vertex 88.2593 -0.01 8.0196
      vertex 88.2593 0.61 8.0196
    endloop
  endfacet
  facet normal 0.0558299 0 0.99844
    outer loop
      vertex 88.1241 0.61 8.02716
      vertex 88.1241 -0.01 8.02716
      vertex 88.2593 -0.01 8.0196
    endloop
  endfacet
  facet normal 0.0179714 0 0.999839
    outer loop
      vertex 87.9839 0.61 8.02968
      vertex 88.1241 -0.01 8.02716
      vertex 88.1241 0.61 8.02716
    endloop
  endfacet
  facet normal 0.0179714 0 0.999839
    outer loop
      vertex 87.9839 0.61 8.02968
      vertex 87.9839 -0.01 8.02968
      vertex 88.1241 -0.01 8.02716
    endloop
  endfacet
  facet normal -0.0182704 0 0.999833
    outer loop
      vertex 87.8252 0.61 8.02678
      vertex 87.9839 -0.01 8.02968
      vertex 87.9839 0.61 8.02968
    endloop
  endfacet
  facet normal -0.0182704 0 0.999833
    outer loop
      vertex 87.8252 0.61 8.02678
      vertex 87.8252 -0.01 8.02678
      vertex 87.9839 -0.01 8.02968
    endloop
  endfacet
  facet normal -0.0573397 0 0.998355
    outer loop
      vertex 87.6732 0.61 8.01805
      vertex 87.8252 -0.01 8.02678
      vertex 87.8252 0.61 8.02678
    endloop
  endfacet
  facet normal -0.0573397 0 0.998355
    outer loop
      vertex 87.6732 0.61 8.01805
      vertex 87.6732 -0.01 8.01805
      vertex 87.8252 -0.01 8.02678
    endloop
  endfacet
  facet normal -0.0996394 0 0.995024
    outer loop
      vertex 87.528 0.61 8.00351
      vertex 87.6732 -0.01 8.01805
      vertex 87.6732 0.61 8.01805
    endloop
  endfacet
  facet normal -0.0996394 0 0.995024
    outer loop
      vertex 87.528 0.61 8.00351
      vertex 87.528 -0.01 8.00351
      vertex 87.6732 -0.01 8.01805
    endloop
  endfacet
  facet normal -0.145408 0 0.989372
    outer loop
      vertex 87.3894 0.61 7.98314
      vertex 87.528 -0.01 8.00351
      vertex 87.528 0.61 8.00351
    endloop
  endfacet
  facet normal -0.145408 0 0.989372
    outer loop
      vertex 87.3894 0.61 7.98314
      vertex 87.3894 -0.01 7.98314
      vertex 87.528 -0.01 8.00351
    endloop
  endfacet
  facet normal -0.194614 0 0.98088
    outer loop
      vertex 87.2575 0.61 7.95697
      vertex 87.3894 -0.01 7.98314
      vertex 87.3894 0.61 7.98314
    endloop
  endfacet
  facet normal -0.194614 0 0.98088
    outer loop
      vertex 87.2575 0.61 7.95697
      vertex 87.2575 -0.01 7.95697
      vertex 87.3894 -0.01 7.98314
    endloop
  endfacet
  facet normal -0.247558 0 0.968873
    outer loop
      vertex 87.1323 0.61 7.92498
      vertex 87.2575 -0.01 7.95697
      vertex 87.2575 0.61 7.95697
    endloop
  endfacet
  facet normal -0.247558 0 0.968873
    outer loop
      vertex 87.1323 0.61 7.92498
      vertex 87.1323 -0.01 7.92498
      vertex 87.2575 -0.01 7.95697
    endloop
  endfacet
  facet normal -0.303814 0 0.952731
    outer loop
      vertex 87.0137 0.61 7.88716
      vertex 87.1323 -0.01 7.92498
      vertex 87.1323 0.61 7.92498
    endloop
  endfacet
  facet normal -0.303814 0 0.952731
    outer loop
      vertex 87.0137 0.61 7.88716
      vertex 87.0137 -0.01 7.88716
      vertex 87.1323 -0.01 7.92498
    endloop
  endfacet
  facet normal -0.36362 0 0.931547
    outer loop
      vertex 86.9019 0.61 7.84352
      vertex 87.0137 -0.01 7.88716
      vertex 87.0137 0.61 7.88716
    endloop
  endfacet
  facet normal -0.36362 0 0.931547
    outer loop
      vertex 86.9019 0.61 7.84352
      vertex 86.9019 -0.01 7.84352
      vertex 87.0137 -0.01 7.88716
    endloop
  endfacet
  facet normal -0.425735 0 0.904848
    outer loop
      vertex 86.7968 0.61 7.79407
      vertex 86.9019 -0.01 7.84352
      vertex 86.9019 0.61 7.84352
    endloop
  endfacet
  facet normal -0.425735 0 0.904848
    outer loop
      vertex 86.7968 0.61 7.79407
      vertex 86.7968 -0.01 7.79407
      vertex 86.9019 -0.01 7.84352
    endloop
  endfacet
  facet normal -0.48921 0 0.872166
    outer loop
      vertex 86.6983 0.61 7.73882
      vertex 86.7968 -0.01 7.79407
      vertex 86.7968 0.61 7.79407
    endloop
  endfacet
  facet normal -0.48921 0 0.872166
    outer loop
      vertex 86.6983 0.61 7.73882
      vertex 86.6983 -0.01 7.73882
      vertex 86.7968 -0.01 7.79407
    endloop
  endfacet
  facet normal -0.554491 0 0.83219
    outer loop
      vertex 86.6066 0.61 7.67772
      vertex 86.6983 -0.01 7.73882
      vertex 86.6983 0.61 7.73882
    endloop
  endfacet
  facet normal -0.554491 0 0.83219
    outer loop
      vertex 86.6066 0.61 7.67772
      vertex 86.6066 -0.01 7.67772
      vertex 86.6983 -0.01 7.73882
    endloop
  endfacet
  facet normal -0.617624 0 0.786474
    outer loop
      vertex 86.5222 0.61 7.61144
      vertex 86.6066 -0.01 7.67772
      vertex 86.6066 0.61 7.67772
    endloop
  endfacet
  facet normal -0.617624 0 0.786474
    outer loop
      vertex 86.5222 0.61 7.61144
      vertex 86.5222 -0.01 7.61144
      vertex 86.6066 -0.01 7.67772
    endloop
  endfacet
  facet normal -0.680179 0 0.733046
    outer loop
      vertex 86.4458 0.61 7.54055
      vertex 86.5222 -0.01 7.61144
      vertex 86.5222 0.61 7.61144
    endloop
  endfacet
  facet normal -0.680179 0 0.733046
    outer loop
      vertex 86.4458 0.61 7.54055
      vertex 86.4458 -0.01 7.54055
      vertex 86.5222 -0.01 7.61144
    endloop
  endfacet
  facet normal -0.741627 0 0.670813
    outer loop
      vertex 86.3775 0.61 7.46504
      vertex 86.4458 -0.01 7.54055
      vertex 86.4458 0.61 7.54055
    endloop
  endfacet
  facet normal -0.741627 0 0.670813
    outer loop
      vertex 86.3775 0.61 7.46504
      vertex 86.3775 -0.01 7.46504
      vertex 86.4458 -0.01 7.54055
    endloop
  endfacet
  facet normal -0.799401 0 0.600798
    outer loop
      vertex 86.3173 0.61 7.38494
      vertex 86.3775 -0.01 7.46504
      vertex 86.3775 0.61 7.46504
    endloop
  endfacet
  facet normal -0.799401 0 0.600798
    outer loop
      vertex 86.3173 0.61 7.38494
      vertex 86.3173 -0.01 7.38494
      vertex 86.3775 -0.01 7.46504
    endloop
  endfacet
  facet normal -0.850919 0 0.525296
    outer loop
      vertex 86.265 0.61 7.30022
      vertex 86.3173 -0.01 7.38494
      vertex 86.3173 0.61 7.38494
    endloop
  endfacet
  facet normal -0.850919 0 0.525296
    outer loop
      vertex 86.265 0.61 7.30022
      vertex 86.265 -0.01 7.30022
      vertex 86.3173 -0.01 7.38494
    endloop
  endfacet
  facet normal -0.896286 0 0.443477
    outer loop
      vertex 86.2208 0.61 7.21089
      vertex 86.265 -0.01 7.30022
      vertex 86.265 0.61 7.30022
    endloop
  endfacet
  facet normal -0.896286 0 0.443477
    outer loop
      vertex 86.2208 0.61 7.21089
      vertex 86.2208 -0.01 7.21089
      vertex 86.265 -0.01 7.30022
    endloop
  endfacet
  facet normal -0.933102 0 0.359611
    outer loop
      vertex 86.1846 0.61 7.11696
      vertex 86.2208 -0.01 7.21089
      vertex 86.2208 0.61 7.21089
    endloop
  endfacet
  facet normal -0.933102 0 0.359611
    outer loop
      vertex 86.1846 0.61 7.11696
      vertex 86.1846 -0.01 7.11696
      vertex 86.2208 -0.01 7.21089
    endloop
  endfacet
  facet normal -0.961649 0 0.274283
    outer loop
      vertex 86.1565 0.61 7.01844
      vertex 86.1846 -0.01 7.11696
      vertex 86.1846 0.61 7.11696
    endloop
  endfacet
  facet normal -0.961649 0 0.274283
    outer loop
      vertex 86.1565 0.61 7.01844
      vertex 86.1565 -0.01 7.01844
      vertex 86.1846 -0.01 7.11696
    endloop
  endfacet
  facet normal -0.981539 0 0.191264
    outer loop
      vertex 86.1364 0.61 6.91529
      vertex 86.1565 -0.01 7.01844
      vertex 86.1565 0.61 7.01844
    endloop
  endfacet
  facet normal -0.981539 0 0.191264
    outer loop
      vertex 86.1364 0.61 6.91529
      vertex 86.1364 -0.01 6.91529
      vertex 86.1565 -0.01 7.01844
    endloop
  endfacet
  facet normal -0.993857 0 0.110674
    outer loop
      vertex 86.1244 0.61 6.80753
      vertex 86.1364 -0.01 6.91529
      vertex 86.1364 0.61 6.91529
    endloop
  endfacet
  facet normal -0.993857 0 0.110674
    outer loop
      vertex 86.1244 0.61 6.80753
      vertex 86.1244 -0.01 6.80753
      vertex 86.1364 -0.01 6.91529
    endloop
  endfacet
  facet normal -0.999335 0 0.0364623
    outer loop
      vertex 86.1203 0.61 6.69516
      vertex 86.1244 -0.01 6.80753
      vertex 86.1244 0.61 6.80753
    endloop
  endfacet
  facet normal -0.999335 0 0.0364623
    outer loop
      vertex 86.1203 0.61 6.69516
      vertex 86.1203 -0.01 6.69516
      vertex 86.1244 -0.01 6.80753
    endloop
  endfacet
  facet normal -0.999761 0 -0.0218798
    outer loop
      vertex 86.1218 0.61 6.62662
      vertex 86.1203 -0.01 6.69516
      vertex 86.1203 0.61 6.69516
    endloop
  endfacet
  facet normal -0.999761 -0 -0.0218798
    outer loop
      vertex 86.1218 0.61 6.62662
      vertex 86.1218 -0.01 6.62662
      vertex 86.1203 -0.01 6.69516
    endloop
  endfacet
  facet normal -0.997823 0 -0.0659519
    outer loop
      vertex 86.1262 0.61 6.56005
      vertex 86.1218 -0.01 6.62662
      vertex 86.1218 0.61 6.62662
    endloop
  endfacet
  facet normal -0.997823 -0 -0.0659519
    outer loop
      vertex 86.1262 0.61 6.56005
      vertex 86.1262 -0.01 6.56005
      vertex 86.1218 -0.01 6.62662
    endloop
  endfacet
  facet normal -0.993674 0 -0.112306
    outer loop
      vertex 86.1335 0.61 6.49546
      vertex 86.1262 -0.01 6.56005
      vertex 86.1262 0.61 6.56005
    endloop
  endfacet
  facet normal -0.993674 -0 -0.112306
    outer loop
      vertex 86.1335 0.61 6.49546
      vertex 86.1335 -0.01 6.49546
      vertex 86.1262 -0.01 6.56005
    endloop
  endfacet
  facet normal -0.986724 0 -0.162404
    outer loop
      vertex 86.1438 0.61 6.43288
      vertex 86.1335 -0.01 6.49546
      vertex 86.1335 0.61 6.49546
    endloop
  endfacet
  facet normal -0.986724 -0 -0.162404
    outer loop
      vertex 86.1438 0.61 6.43288
      vertex 86.1438 -0.01 6.43288
      vertex 86.1335 -0.01 6.49546
    endloop
  endfacet
  facet normal -0.977438 0 -0.211225
    outer loop
      vertex 86.1569 0.61 6.37226
      vertex 86.1438 -0.01 6.43288
      vertex 86.1438 0.61 6.43288
    endloop
  endfacet
  facet normal -0.977438 -0 -0.211225
    outer loop
      vertex 86.1569 0.61 6.37226
      vertex 86.1569 -0.01 6.37226
      vertex 86.1438 -0.01 6.43288
    endloop
  endfacet
  facet normal -0.964303 0 -0.264801
    outer loop
      vertex 86.173 0.61 6.31363
      vertex 86.1569 -0.01 6.37226
      vertex 86.1569 0.61 6.37226
    endloop
  endfacet
  facet normal -0.964303 -0 -0.264801
    outer loop
      vertex 86.173 0.61 6.31363
      vertex 86.173 -0.01 6.31363
      vertex 86.1569 -0.01 6.37226
    endloop
  endfacet
  facet normal -0.948096 0 -0.317985
    outer loop
      vertex 86.192 0.61 6.25698
      vertex 86.173 -0.01 6.31363
      vertex 86.173 0.61 6.31363
    endloop
  endfacet
  facet normal -0.948096 -0 -0.317985
    outer loop
      vertex 86.192 0.61 6.25698
      vertex 86.192 -0.01 6.25698
      vertex 86.173 -0.01 6.31363
    endloop
  endfacet
  facet normal -0.927679 0 -0.37338
    outer loop
      vertex 86.214 0.61 6.20232
      vertex 86.192 -0.01 6.25698
      vertex 86.192 0.61 6.25698
    endloop
  endfacet
  facet normal -0.927679 -0 -0.37338
    outer loop
      vertex 86.214 0.61 6.20232
      vertex 86.214 -0.01 6.20232
      vertex 86.192 -0.01 6.25698
    endloop
  endfacet
  facet normal -0.904725 0 -0.425996
    outer loop
      vertex 86.2388 0.61 6.14965
      vertex 86.214 -0.01 6.20232
      vertex 86.214 0.61 6.20232
    endloop
  endfacet
  facet normal -0.904725 -0 -0.425996
    outer loop
      vertex 86.2388 0.61 6.14965
      vertex 86.2388 -0.01 6.14965
      vertex 86.214 -0.01 6.20232
    endloop
  endfacet
  facet normal -0.876796 0 -0.480863
    outer loop
      vertex 86.2666 0.61 6.09896
      vertex 86.2388 -0.01 6.14965
      vertex 86.2388 0.61 6.14965
    endloop
  endfacet
  facet normal -0.876796 -0 -0.480863
    outer loop
      vertex 86.2666 0.61 6.09896
      vertex 86.2666 -0.01 6.09896
      vertex 86.2388 -0.01 6.14965
    endloop
  endfacet
  facet normal -0.845992 0 -0.533196
    outer loop
      vertex 86.2973 0.61 6.05025
      vertex 86.2666 -0.01 6.09896
      vertex 86.2666 0.61 6.09896
    endloop
  endfacet
  facet normal -0.845992 -0 -0.533196
    outer loop
      vertex 86.2973 0.61 6.05025
      vertex 86.2973 -0.01 6.05025
      vertex 86.2666 -0.01 6.09896
    endloop
  endfacet
  facet normal -0.812972 0 -0.582303
    outer loop
      vertex 86.3309 0.61 6.00334
      vertex 86.2973 -0.01 6.05025
      vertex 86.2973 0.61 6.05025
    endloop
  endfacet
  facet normal -0.812972 -0 -0.582303
    outer loop
      vertex 86.3309 0.61 6.00334
      vertex 86.3309 -0.01 6.00334
      vertex 86.2973 -0.01 6.05025
    endloop
  endfacet
  facet normal -0.781912 0 -0.623389
    outer loop
      vertex 86.367 0.61 5.95806
      vertex 86.3309 -0.01 6.00334
      vertex 86.3309 0.61 6.00334
    endloop
  endfacet
  facet normal -0.781912 -0 -0.623389
    outer loop
      vertex 86.367 0.61 5.95806
      vertex 86.367 -0.01 5.95806
      vertex 86.3309 -0.01 6.00334
    endloop
  endfacet
  facet normal -0.746711 0 -0.665149
    outer loop
      vertex 86.4059 0.61 5.91439
      vertex 86.367 -0.01 5.95806
      vertex 86.367 0.61 5.95806
    endloop
  endfacet
  facet normal -0.746711 -0 -0.665149
    outer loop
      vertex 86.4059 0.61 5.91439
      vertex 86.4059 -0.01 5.91439
      vertex 86.367 -0.01 5.95806
    endloop
  endfacet
  facet normal -0.71276 0 -0.701408
    outer loop
      vertex 86.4473 0.61 5.87232
      vertex 86.4059 -0.01 5.91439
      vertex 86.4059 0.61 5.91439
    endloop
  endfacet
  facet normal -0.71276 -0 -0.701408
    outer loop
      vertex 86.4473 0.61 5.87232
      vertex 86.4473 -0.01 5.87232
      vertex 86.4059 -0.01 5.91439
    endloop
  endfacet
  facet normal -0.67512 0 -0.737708
    outer loop
      vertex 86.4915 0.61 5.83187
      vertex 86.4473 -0.01 5.87232
      vertex 86.4473 0.61 5.87232
    endloop
  endfacet
  facet normal -0.67512 -0 -0.737708
    outer loop
      vertex 86.4915 0.61 5.83187
      vertex 86.4915 -0.01 5.83187
      vertex 86.4473 -0.01 5.87232
    endloop
  endfacet
  facet normal -0.63863 0 -0.769514
    outer loop
      vertex 86.5383 0.61 5.79303
      vertex 86.4915 -0.01 5.83187
      vertex 86.4915 0.61 5.83187
    endloop
  endfacet
  facet normal -0.63863 -0 -0.769514
    outer loop
      vertex 86.5383 0.61 5.79303
      vertex 86.5383 -0.01 5.79303
      vertex 86.4915 -0.01 5.83187
    endloop
  endfacet
  facet normal -0.601654 0 -0.798756
    outer loop
      vertex 86.5877 0.61 5.75582
      vertex 86.5383 -0.01 5.79303
      vertex 86.5383 0.61 5.79303
    endloop
  endfacet
  facet normal -0.601654 -0 -0.798756
    outer loop
      vertex 86.5877 0.61 5.75582
      vertex 86.5877 -0.01 5.75582
      vertex 86.5383 -0.01 5.79303
    endloop
  endfacet
  facet normal -0.564389 0 -0.825509
    outer loop
      vertex 86.6398 0.61 5.7202
      vertex 86.5877 -0.01 5.75582
      vertex 86.5877 0.61 5.75582
    endloop
  endfacet
  facet normal -0.564389 -0 -0.825509
    outer loop
      vertex 86.6398 0.61 5.7202
      vertex 86.6398 -0.01 5.7202
      vertex 86.5877 -0.01 5.75582
    endloop
  endfacet
  facet normal -0.527792 0 -0.849374
    outer loop
      vertex 86.6945 0.61 5.68621
      vertex 86.6398 -0.01 5.7202
      vertex 86.6398 0.61 5.7202
    endloop
  endfacet
  facet normal -0.527792 -0 -0.849374
    outer loop
      vertex 86.6945 0.61 5.68621
      vertex 86.6945 -0.01 5.68621
      vertex 86.6398 -0.01 5.7202
    endloop
  endfacet
  facet normal -0.490909 0 -0.871211
    outer loop
      vertex 86.752 0.61 5.65381
      vertex 86.6945 -0.01 5.68621
      vertex 86.6945 0.61 5.68621
    endloop
  endfacet
  facet normal -0.490909 -0 -0.871211
    outer loop
      vertex 86.752 0.61 5.65381
      vertex 86.752 -0.01 5.65381
      vertex 86.6945 -0.01 5.68621
    endloop
  endfacet
  facet normal -0.456208 0 -0.889873
    outer loop
      vertex 86.812 0.61 5.62305
      vertex 86.752 -0.01 5.65381
      vertex 86.752 0.61 5.65381
    endloop
  endfacet
  facet normal -0.456208 -0 -0.889873
    outer loop
      vertex 86.812 0.61 5.62305
      vertex 86.812 -0.01 5.62305
      vertex 86.752 -0.01 5.65381
    endloop
  endfacet
  facet normal -0.412752 0 -0.910844
    outer loop
      vertex 86.8786 0.61 5.59287
      vertex 86.812 -0.01 5.62305
      vertex 86.812 0.61 5.62305
    endloop
  endfacet
  facet normal -0.412752 -0 -0.910844
    outer loop
      vertex 86.8786 0.61 5.59287
      vertex 86.8786 -0.01 5.59287
      vertex 86.812 -0.01 5.62305
    endloop
  endfacet
  facet normal -0.368999 0 -0.92943
    outer loop
      vertex 86.9557 0.61 5.56226
      vertex 86.8786 -0.01 5.59287
      vertex 86.8786 0.61 5.59287
    endloop
  endfacet
  facet normal -0.368999 -0 -0.92943
    outer loop
      vertex 86.9557 0.61 5.56226
      vertex 86.9557 -0.01 5.56226
      vertex 86.8786 -0.01 5.59287
    endloop
  endfacet
  facet normal -0.334425 0 -0.942422
    outer loop
      vertex 87.0432 0.61 5.53121
      vertex 86.9557 -0.01 5.56226
      vertex 86.9557 0.61 5.56226
    endloop
  endfacet
  facet normal -0.334425 -0 -0.942422
    outer loop
      vertex 87.0432 0.61 5.53121
      vertex 87.0432 -0.01 5.53121
      vertex 86.9557 -0.01 5.56226
    endloop
  endfacet
  facet normal -0.306292 0 -0.951937
    outer loop
      vertex 87.1411 0.61 5.49971
      vertex 87.0432 -0.01 5.53121
      vertex 87.0432 0.61 5.53121
    endloop
  endfacet
  facet normal -0.306292 -0 -0.951937
    outer loop
      vertex 87.1411 0.61 5.49971
      vertex 87.1411 -0.01 5.49971
      vertex 87.0432 -0.01 5.53121
    endloop
  endfacet
  facet normal -0.282713 0 -0.959205
    outer loop
      vertex 87.2494 0.61 5.46779
      vertex 87.1411 -0.01 5.49971
      vertex 87.1411 0.61 5.49971
    endloop
  endfacet
  facet normal -0.282713 -0 -0.959205
    outer loop
      vertex 87.2494 0.61 5.46779
      vertex 87.2494 -0.01 5.46779
      vertex 87.1411 -0.01 5.49971
    endloop
  endfacet
  facet normal -0.263021 0 -0.96479
    outer loop
      vertex 87.3681 0.61 5.43543
      vertex 87.2494 -0.01 5.46779
      vertex 87.2494 0.61 5.46779
    endloop
  endfacet
  facet normal -0.263021 -0 -0.96479
    outer loop
      vertex 87.3681 0.61 5.43543
      vertex 87.3681 -0.01 5.43543
      vertex 87.2494 -0.01 5.46779
    endloop
  endfacet
  facet normal -0.245994 0 -0.969271
    outer loop
      vertex 87.4973 0.61 5.40264
      vertex 87.3681 -0.01 5.43543
      vertex 87.3681 0.61 5.43543
    endloop
  endfacet
  facet normal -0.245994 -0 -0.969271
    outer loop
      vertex 87.4973 0.61 5.40264
      vertex 87.4973 -0.01 5.40264
      vertex 87.3681 -0.01 5.43543
    endloop
  endfacet
  facet normal -0.23179 0 -0.972766
    outer loop
      vertex 87.6368 0.61 5.3694
      vertex 87.4973 -0.01 5.40264
      vertex 87.4973 0.61 5.40264
    endloop
  endfacet
  facet normal -0.23179 -0 -0.972766
    outer loop
      vertex 87.6368 0.61 5.3694
      vertex 87.6368 -0.01 5.3694
      vertex 87.4973 -0.01 5.40264
    endloop
  endfacet
  facet normal -0.219017 0 -0.975721
    outer loop
      vertex 87.7868 0.61 5.33573
      vertex 87.6368 -0.01 5.3694
      vertex 87.6368 0.61 5.3694
    endloop
  endfacet
  facet normal -0.219017 -0 -0.975721
    outer loop
      vertex 87.7868 0.61 5.33573
      vertex 87.7868 -0.01 5.33573
      vertex 87.6368 -0.01 5.3694
    endloop
  endfacet
  facet normal -0.207939 0 -0.978142
    outer loop
      vertex 87.9473 0.61 5.30161
      vertex 87.7868 -0.01 5.33573
      vertex 87.7868 0.61 5.33573
    endloop
  endfacet
  facet normal -0.207939 -0 -0.978142
    outer loop
      vertex 87.9473 0.61 5.30161
      vertex 87.9473 -0.01 5.30161
      vertex 87.7868 -0.01 5.33573
    endloop
  endfacet
  facet normal -0.198268 0 -0.980148
    outer loop
      vertex 88.1181 0.61 5.26706
      vertex 87.9473 -0.01 5.30161
      vertex 87.9473 0.61 5.30161
    endloop
  endfacet
  facet normal -0.198268 -0 -0.980148
    outer loop
      vertex 88.1181 0.61 5.26706
      vertex 88.1181 -0.01 5.26706
      vertex 87.9473 -0.01 5.30161
    endloop
  endfacet
  facet normal -0.207281 0 -0.978282
    outer loop
      vertex 88.193 0.61 5.25119
      vertex 88.1181 -0.01 5.26706
      vertex 88.1181 0.61 5.26706
    endloop
  endfacet
  facet normal -0.207281 -0 -0.978282
    outer loop
      vertex 88.193 0.61 5.25119
      vertex 88.193 -0.01 5.25119
      vertex 88.1181 -0.01 5.26706
    endloop
  endfacet
  facet normal -0.226535 0 -0.974003
    outer loop
      vertex 88.2639 0.61 5.2347
      vertex 88.193 -0.01 5.25119
      vertex 88.193 0.61 5.25119
    endloop
  endfacet
  facet normal -0.226535 -0 -0.974003
    outer loop
      vertex 88.2639 0.61 5.2347
      vertex 88.2639 -0.01 5.2347
      vertex 88.193 -0.01 5.25119
    endloop
  endfacet
  facet normal -0.248885 0 -0.968533
    outer loop
      vertex 88.3306 0.61 5.21756
      vertex 88.2639 -0.01 5.2347
      vertex 88.2639 0.61 5.2347
    endloop
  endfacet
  facet normal -0.248885 -0 -0.968533
    outer loop
      vertex 88.3306 0.61 5.21756
      vertex 88.3306 -0.01 5.21756
      vertex 88.2639 -0.01 5.2347
    endloop
  endfacet
  facet normal -0.272674 0 -0.962107
    outer loop
      vertex 88.3933 0.61 5.19979
      vertex 88.3306 -0.01 5.21756
      vertex 88.3306 0.61 5.21756
    endloop
  endfacet
  facet normal -0.272674 -0 -0.962107
    outer loop
      vertex 88.3933 0.61 5.19979
      vertex 88.3933 -0.01 5.19979
      vertex 88.3306 -0.01 5.21756
    endloop
  endfacet
  facet normal -0.299404 0 -0.954126
    outer loop
      vertex 88.452 0.61 5.18137
      vertex 88.3933 -0.01 5.19979
      vertex 88.3933 0.61 5.19979
    endloop
  endfacet
  facet normal -0.299404 -0 -0.954126
    outer loop
      vertex 88.452 0.61 5.18137
      vertex 88.452 -0.01 5.18137
      vertex 88.3933 -0.01 5.19979
    endloop
  endfacet
  facet normal -0.330119 0 -0.943939
    outer loop
      vertex 88.5065 0.61 5.16231
      vertex 88.452 -0.01 5.18137
      vertex 88.452 0.61 5.18137
    endloop
  endfacet
  facet normal -0.330119 -0 -0.943939
    outer loop
      vertex 88.5065 0.61 5.16231
      vertex 88.5065 -0.01 5.16231
      vertex 88.452 -0.01 5.18137
    endloop
  endfacet
  facet normal -0.363105 0 -0.931748
    outer loop
      vertex 88.557 0.61 5.14263
      vertex 88.5065 -0.01 5.16231
      vertex 88.5065 0.61 5.16231
    endloop
  endfacet
  facet normal -0.363105 -0 -0.931748
    outer loop
      vertex 88.557 0.61 5.14263
      vertex 88.557 -0.01 5.14263
      vertex 88.5065 -0.01 5.16231
    endloop
  endfacet
  facet normal -0.401481 0 -0.915867
    outer loop
      vertex 88.6034 0.61 5.12229
      vertex 88.557 -0.01 5.14263
      vertex 88.557 0.61 5.14263
    endloop
  endfacet
  facet normal -0.401481 -0 -0.915867
    outer loop
      vertex 88.6034 0.61 5.12229
      vertex 88.6034 -0.01 5.12229
      vertex 88.557 -0.01 5.14263
    endloop
  endfacet
  facet normal -0.443319 0 -0.896364
    outer loop
      vertex 88.6458 0.61 5.10132
      vertex 88.6034 -0.01 5.12229
      vertex 88.6034 0.61 5.12229
    endloop
  endfacet
  facet normal -0.443319 -0 -0.896364
    outer loop
      vertex 88.6458 0.61 5.10132
      vertex 88.6458 -0.01 5.10132
      vertex 88.6034 -0.01 5.12229
    endloop
  endfacet
  facet normal -0.49106 0 -0.871126
    outer loop
      vertex 88.6841 0.61 5.07973
      vertex 88.6458 -0.01 5.10132
      vertex 88.6458 0.61 5.10132
    endloop
  endfacet
  facet normal -0.49106 -0 -0.871126
    outer loop
      vertex 88.6841 0.61 5.07973
      vertex 88.6841 -0.01 5.07973
      vertex 88.6458 -0.01 5.10132
    endloop
  endfacet
  facet normal -0.545333 0 -0.83822
    outer loop
      vertex 88.7183 0.61 5.05748
      vertex 88.6841 -0.01 5.07973
      vertex 88.6841 0.61 5.07973
    endloop
  endfacet
  facet normal -0.545333 -0 -0.83822
    outer loop
      vertex 88.7183 0.61 5.05748
      vertex 88.7183 -0.01 5.05748
      vertex 88.6841 -0.01 5.07973
    endloop
  endfacet
  facet normal -0.604227 0 -0.796812
    outer loop
      vertex 88.749 0.61 5.0342
      vertex 88.7183 -0.01 5.05748
      vertex 88.7183 0.61 5.05748
    endloop
  endfacet
  facet normal -0.604227 -0 -0.796812
    outer loop
      vertex 88.749 0.61 5.0342
      vertex 88.749 -0.01 5.0342
      vertex 88.7183 -0.01 5.05748
    endloop
  endfacet
  facet normal -0.664797 0 -0.747024
    outer loop
      vertex 88.7768 0.61 5.00946
      vertex 88.749 -0.01 5.0342
      vertex 88.749 0.61 5.0342
    endloop
  endfacet
  facet normal -0.664797 -0 -0.747024
    outer loop
      vertex 88.7768 0.61 5.00946
      vertex 88.7768 -0.01 5.00946
      vertex 88.749 -0.01 5.0342
    endloop
  endfacet
  facet normal -0.724467 0 -0.689309
    outer loop
      vertex 88.8017 0.61 4.98329
      vertex 88.7768 -0.01 5.00946
      vertex 88.7768 0.61 5.00946
    endloop
  endfacet
  facet normal -0.724467 -0 -0.689309
    outer loop
      vertex 88.8017 0.61 4.98329
      vertex 88.8017 -0.01 4.98329
      vertex 88.7768 -0.01 5.00946
    endloop
  endfacet
  facet normal -0.783464 0 -0.621437
    outer loop
      vertex 88.8236 0.61 4.95568
      vertex 88.8017 -0.01 4.98329
      vertex 88.8017 0.61 4.98329
    endloop
  endfacet
  facet normal -0.783464 -0 -0.621437
    outer loop
      vertex 88.8236 0.61 4.95568
      vertex 88.8236 -0.01 4.95568
      vertex 88.8017 -0.01 4.98329
    endloop
  endfacet
  facet normal -0.837066 0 -0.547102
    outer loop
      vertex 88.8426 0.61 4.92661
      vertex 88.8236 -0.01 4.95568
      vertex 88.8236 0.61 4.95568
    endloop
  endfacet
  facet normal -0.837066 -0 -0.547102
    outer loop
      vertex 88.8426 0.61 4.92661
      vertex 88.8426 -0.01 4.92661
      vertex 88.8236 -0.01 4.95568
    endloop
  endfacet
  facet normal -0.884478 0 -0.466582
    outer loop
      vertex 88.8587 0.61 4.89609
      vertex 88.8426 -0.01 4.92661
      vertex 88.8426 0.61 4.92661
    endloop
  endfacet
  facet normal -0.884478 -0 -0.466582
    outer loop
      vertex 88.8587 0.61 4.89609
      vertex 88.8587 -0.01 4.89609
      vertex 88.8426 -0.01 4.92661
    endloop
  endfacet
  facet normal -0.924228 0 -0.381841
    outer loop
      vertex 88.8719 0.61 4.86414
      vertex 88.8587 -0.01 4.89609
      vertex 88.8587 0.61 4.89609
    endloop
  endfacet
  facet normal -0.924228 -0 -0.381841
    outer loop
      vertex 88.8719 0.61 4.86414
      vertex 88.8719 -0.01 4.86414
      vertex 88.8587 -0.01 4.89609
    endloop
  endfacet
  facet normal -0.956396 0 -0.292073
    outer loop
      vertex 88.8821 0.61 4.83074
      vertex 88.8719 -0.01 4.86414
      vertex 88.8719 0.61 4.86414
    endloop
  endfacet
  facet normal -0.956396 -0 -0.292073
    outer loop
      vertex 88.8821 0.61 4.83074
      vertex 88.8821 -0.01 4.83074
      vertex 88.8719 -0.01 4.86414
    endloop
  endfacet
  facet normal -0.978758 0 -0.20502
    outer loop
      vertex 88.8894 0.61 4.79589
      vertex 88.8821 -0.01 4.83074
      vertex 88.8821 0.61 4.83074
    endloop
  endfacet
  facet normal -0.978758 -0 -0.20502
    outer loop
      vertex 88.8894 0.61 4.79589
      vertex 88.8894 -0.01 4.79589
      vertex 88.8821 -0.01 4.83074
    endloop
  endfacet
  facet normal -0.992734 0 -0.120331
    outer loop
      vertex 88.8938 0.61 4.75959
      vertex 88.8894 -0.01 4.79589
      vertex 88.8894 0.61 4.79589
    endloop
  endfacet
  facet normal -0.992734 -0 -0.120331
    outer loop
      vertex 88.8938 0.61 4.75959
      vertex 88.8938 -0.01 4.75959
      vertex 88.8894 -0.01 4.79589
    endloop
  endfacet
  facet normal -0.999211 0 -0.0397038
    outer loop
      vertex 88.8953 0.61 4.72184
      vertex 88.8938 -0.01 4.75959
      vertex 88.8938 0.61 4.75959
    endloop
  endfacet
  facet normal -0.999211 -0 -0.0397038
    outer loop
      vertex 88.8953 0.61 4.72184
      vertex 88.8953 -0.01 4.72184
      vertex 88.8938 -0.01 4.75959
    endloop
  endfacet
  facet normal -0.999242 0 0.0389399
    outer loop
      vertex 88.8935 0.61 4.67565
      vertex 88.8953 -0.01 4.72184
      vertex 88.8953 0.61 4.72184
    endloop
  endfacet
  facet normal -0.999242 0 0.0389399
    outer loop
      vertex 88.8935 0.61 4.67565
      vertex 88.8935 -0.01 4.67565
      vertex 88.8953 -0.01 4.72184
    endloop
  endfacet
  facet normal -0.992254 0 0.124229
    outer loop
      vertex 88.888 0.61 4.63172
      vertex 88.8935 -0.01 4.67565
      vertex 88.8935 0.61 4.67565
    endloop
  endfacet
  facet normal -0.992254 0 0.124229
    outer loop
      vertex 88.888 0.61 4.63172
      vertex 88.888 -0.01 4.63172
      vertex 88.8935 -0.01 4.67565
    endloop
  endfacet
  facet normal -0.977419 0 0.211309
    outer loop
      vertex 88.879 0.61 4.59009
      vertex 88.888 -0.01 4.63172
      vertex 88.888 0.61 4.63172
    endloop
  endfacet
  facet normal -0.977419 0 0.211309
    outer loop
      vertex 88.879 0.61 4.59009
      vertex 88.879 -0.01 4.59009
      vertex 88.888 -0.01 4.63172
    endloop
  endfacet
  facet normal -0.950931 0 0.309403
    outer loop
      vertex 88.8662 0.61 4.55075
      vertex 88.879 -0.01 4.59009
      vertex 88.879 0.61 4.59009
    endloop
  endfacet
  facet normal -0.950931 0 0.309403
    outer loop
      vertex 88.8662 0.61 4.55075
      vertex 88.8662 -0.01 4.55075
      vertex 88.879 -0.01 4.59009
    endloop
  endfacet
  facet normal -0.915373 0 0.402606
    outer loop
      vertex 88.8499 0.61 4.51369
      vertex 88.8662 -0.01 4.55075
      vertex 88.8662 0.61 4.55075
    endloop
  endfacet
  facet normal -0.915373 0 0.402606
    outer loop
      vertex 88.8499 0.61 4.51369
      vertex 88.8499 -0.01 4.51369
      vertex 88.8662 -0.01 4.55075
    endloop
  endfacet
  facet normal -0.866828 0 0.498607
    outer loop
      vertex 88.8299 0.61 4.47892
      vertex 88.8499 -0.01 4.51369
      vertex 88.8499 0.61 4.51369
    endloop
  endfacet
  facet normal -0.866828 0 0.498607
    outer loop
      vertex 88.8299 0.61 4.47892
      vertex 88.8299 -0.01 4.47892
      vertex 88.8499 -0.01 4.51369
    endloop
  endfacet
  facet normal -0.809081 0 0.587698
    outer loop
      vertex 88.8063 0.61 4.44643
      vertex 88.8299 -0.01 4.47892
      vertex 88.8299 0.61 4.47892
    endloop
  endfacet
  facet normal -0.809081 0 0.587698
    outer loop
      vertex 88.8063 0.61 4.44643
      vertex 88.8063 -0.01 4.44643
      vertex 88.8299 -0.01 4.47892
    endloop
  endfacet
  facet normal -0.743049 0 0.669237
    outer loop
      vertex 88.7791 0.61 4.41623
      vertex 88.8063 -0.01 4.44643
      vertex 88.8063 0.61 4.44643
    endloop
  endfacet
  facet normal -0.743049 0 0.669237
    outer loop
      vertex 88.7791 0.61 4.41623
      vertex 88.7791 -0.01 4.41623
      vertex 88.8063 -0.01 4.44643
    endloop
  endfacet
  facet normal -0.670423 0 0.741979
    outer loop
      vertex 88.7482 0.61 4.38831
      vertex 88.7791 -0.01 4.41623
      vertex 88.7791 0.61 4.41623
    endloop
  endfacet
  facet normal -0.670423 0 0.741979
    outer loop
      vertex 88.7482 0.61 4.38831
      vertex 88.7482 -0.01 4.38831
      vertex 88.7791 -0.01 4.41623
    endloop
  endfacet
  facet normal -0.596195 0 0.802839
    outer loop
      vertex 88.7137 0.61 4.36269
      vertex 88.7482 -0.01 4.38831
      vertex 88.7482 0.61 4.38831
    endloop
  endfacet
  facet normal -0.596195 0 0.802839
    outer loop
      vertex 88.7137 0.61 4.36269
      vertex 88.7137 -0.01 4.36269
      vertex 88.7482 -0.01 4.38831
    endloop
  endfacet
  facet normal -0.522536 0 0.852617
    outer loop
      vertex 88.6756 0.61 4.33934
      vertex 88.7137 -0.01 4.36269
      vertex 88.7137 0.61 4.36269
    endloop
  endfacet
  facet normal -0.522536 0 0.852617
    outer loop
      vertex 88.6756 0.61 4.33934
      vertex 88.6756 -0.01 4.33934
      vertex 88.7137 -0.01 4.36269
    endloop
  endfacet
  facet normal -0.449419 0 0.893321
    outer loop
      vertex 88.6335 0.61 4.31816
      vertex 88.6756 -0.01 4.33934
      vertex 88.6756 0.61 4.33934
    endloop
  endfacet
  facet normal -0.449419 0 0.893321
    outer loop
      vertex 88.6335 0.61 4.31816
      vertex 88.6335 -0.01 4.31816
      vertex 88.6756 -0.01 4.33934
    endloop
  endfacet
  facet normal -0.381671 0 0.924298
    outer loop
      vertex 88.5871 0.61 4.299
      vertex 88.6335 -0.01 4.31816
      vertex 88.6335 0.61 4.31816
    endloop
  endfacet
  facet normal -0.381671 0 0.924298
    outer loop
      vertex 88.5871 0.61 4.299
      vertex 88.5871 -0.01 4.299
      vertex 88.6335 -0.01 4.31816
    endloop
  endfacet
  facet normal -0.320429 0 0.947273
    outer loop
      vertex 88.5364 0.61 4.28185
      vertex 88.5871 -0.01 4.299
      vertex 88.5871 0.61 4.299
    endloop
  endfacet
  facet normal -0.320429 0 0.947273
    outer loop
      vertex 88.5364 0.61 4.28185
      vertex 88.5364 -0.01 4.28185
      vertex 88.5871 -0.01 4.299
    endloop
  endfacet
  facet normal -0.264628 0 0.964351
    outer loop
      vertex 88.4813 0.61 4.26673
      vertex 88.5364 -0.01 4.28185
      vertex 88.5364 0.61 4.28185
    endloop
  endfacet
  facet normal -0.264628 0 0.964351
    outer loop
      vertex 88.4813 0.61 4.26673
      vertex 88.4813 -0.01 4.26673
      vertex 88.5364 -0.01 4.28185
    endloop
  endfacet
  facet normal -0.215867 0 0.976423
    outer loop
      vertex 88.422 0.61 4.25362
      vertex 88.4813 -0.01 4.26673
      vertex 88.4813 0.61 4.26673
    endloop
  endfacet
  facet normal -0.215867 0 0.976423
    outer loop
      vertex 88.422 0.61 4.25362
      vertex 88.422 -0.01 4.25362
      vertex 88.4813 -0.01 4.26673
    endloop
  endfacet
  facet normal -0.17208 0 0.985083
    outer loop
      vertex 88.3584 0.61 4.24251
      vertex 88.422 -0.01 4.25362
      vertex 88.422 0.61 4.25362
    endloop
  endfacet
  facet normal -0.17208 0 0.985083
    outer loop
      vertex 88.3584 0.61 4.24251
      vertex 88.3584 -0.01 4.24251
      vertex 88.422 -0.01 4.25362
    endloop
  endfacet
  facet normal -0.132259 0 0.991215
    outer loop
      vertex 88.2905 0.61 4.23345
      vertex 88.3584 -0.01 4.24251
      vertex 88.3584 0.61 4.24251
    endloop
  endfacet
  facet normal -0.132259 0 0.991215
    outer loop
      vertex 88.2905 0.61 4.23345
      vertex 88.2905 -0.01 4.23345
      vertex 88.3584 -0.01 4.24251
    endloop
  endfacet
  facet normal -0.0973228 0 0.995253
    outer loop
      vertex 88.2182 0.61 4.22638
      vertex 88.2905 -0.01 4.23345
      vertex 88.2905 0.61 4.23345
    endloop
  endfacet
  facet normal -0.0973228 0 0.995253
    outer loop
      vertex 88.2182 0.61 4.22638
      vertex 88.2182 -0.01 4.22638
      vertex 88.2905 -0.01 4.23345
    endloop
  endfacet
  facet normal -0.0658697 0 0.997828
    outer loop
      vertex 88.1417 0.61 4.22133
      vertex 88.2182 -0.01 4.22638
      vertex 88.2182 0.61 4.22638
    endloop
  endfacet
  facet normal -0.0658697 0 0.997828
    outer loop
      vertex 88.1417 0.61 4.22133
      vertex 88.1417 -0.01 4.22133
      vertex 88.2182 -0.01 4.22638
    endloop
  endfacet
  facet normal -0.0373502 0 0.999302
    outer loop
      vertex 88.0609 0.61 4.21831
      vertex 88.1417 -0.01 4.22133
      vertex 88.1417 0.61 4.22133
    endloop
  endfacet
  facet normal -0.0373502 0 0.999302
    outer loop
      vertex 88.0609 0.61 4.21831
      vertex 88.0609 -0.01 4.21831
      vertex 88.1417 -0.01 4.22133
    endloop
  endfacet
  facet normal -0.0118536 0 0.99993
    outer loop
      vertex 87.9757 0.61 4.2173
      vertex 88.0609 -0.01 4.21831
      vertex 88.0609 0.61 4.21831
    endloop
  endfacet
  facet normal -0.0118536 0 0.99993
    outer loop
      vertex 87.9757 0.61 4.2173
      vertex 87.9757 -0.01 4.2173
      vertex 88.0609 -0.01 4.21831
    endloop
  endfacet
  facet normal 0.011617 0 0.999933
    outer loop
      vertex 87.8836 0.61 4.21837
      vertex 87.9757 -0.01 4.2173
      vertex 87.9757 0.61 4.2173
    endloop
  endfacet
  facet normal 0.011617 0 0.999933
    outer loop
      vertex 87.8836 0.61 4.21837
      vertex 87.8836 -0.01 4.21837
      vertex 87.9757 -0.01 4.2173
    endloop
  endfacet
  facet normal 0.0372156 0 0.999307
    outer loop
      vertex 87.7966 0.61 4.22161
      vertex 87.8836 -0.01 4.21837
      vertex 87.8836 0.61 4.21837
    endloop
  endfacet
  facet normal 0.0372156 0 0.999307
    outer loop
      vertex 87.7966 0.61 4.22161
      vertex 87.7966 -0.01 4.22161
      vertex 87.8836 -0.01 4.21837
    endloop
  endfacet
  facet normal 0.0656284 0 0.997844
    outer loop
      vertex 87.7148 0.61 4.22699
      vertex 87.7966 -0.01 4.22161
      vertex 87.7966 0.61 4.22161
    endloop
  endfacet
  facet normal 0.0656284 0 0.997844
    outer loop
      vertex 87.7148 0.61 4.22699
      vertex 87.7148 -0.01 4.22699
      vertex 87.7966 -0.01 4.22161
    endloop
  endfacet
  facet normal 0.097705 0 0.995215
    outer loop
      vertex 87.6381 0.61 4.23452
      vertex 87.7148 -0.01 4.22699
      vertex 87.7148 0.61 4.22699
    endloop
  endfacet
  facet normal 0.097705 0 0.995215
    outer loop
      vertex 87.6381 0.61 4.23452
      vertex 87.6381 -0.01 4.23452
      vertex 87.7148 -0.01 4.22699
    endloop
  endfacet
  facet normal 0.134161 0 0.99096
    outer loop
      vertex 87.5666 0.61 4.2442
      vertex 87.6381 -0.01 4.23452
      vertex 87.6381 0.61 4.23452
    endloop
  endfacet
  facet normal 0.134161 0 0.99096
    outer loop
      vertex 87.5666 0.61 4.2442
      vertex 87.5666 -0.01 4.2442
      vertex 87.6381 -0.01 4.23452
    endloop
  endfacet
  facet normal 0.175688 0 0.984446
    outer loop
      vertex 87.5002 0.61 4.25605
      vertex 87.5666 -0.01 4.2442
      vertex 87.5666 0.61 4.2442
    endloop
  endfacet
  facet normal 0.175688 0 0.984446
    outer loop
      vertex 87.5002 0.61 4.25605
      vertex 87.5002 -0.01 4.25605
      vertex 87.5666 -0.01 4.2442
    endloop
  endfacet
  facet normal 0.222199 0 0.975001
    outer loop
      vertex 87.4389 0.61 4.27002
      vertex 87.5002 -0.01 4.25605
      vertex 87.5002 0.61 4.25605
    endloop
  endfacet
  facet normal 0.222199 0 0.975001
    outer loop
      vertex 87.4389 0.61 4.27002
      vertex 87.4389 -0.01 4.27002
      vertex 87.5002 -0.01 4.25605
    endloop
  endfacet
  facet normal 0.276644 0 0.960973
    outer loop
      vertex 87.3828 0.61 4.28617
      vertex 87.4389 -0.01 4.27002
      vertex 87.4389 0.61 4.27002
    endloop
  endfacet
  facet normal 0.276644 0 0.960973
    outer loop
      vertex 87.3828 0.61 4.28617
      vertex 87.3828 -0.01 4.28617
      vertex 87.4389 -0.01 4.27002
    endloop
  endfacet
  facet normal 0.337575 0 0.941298
    outer loop
      vertex 87.3318 0.61 4.30446
      vertex 87.3828 -0.01 4.28617
      vertex 87.3828 0.61 4.28617
    endloop
  endfacet
  facet normal 0.337575 0 0.941298
    outer loop
      vertex 87.3318 0.61 4.30446
      vertex 87.3318 -0.01 4.30446
      vertex 87.3828 -0.01 4.28617
    endloop
  endfacet
  facet normal 0.40771 0 0.913111
    outer loop
      vertex 87.286 0.61 4.32491
      vertex 87.3318 -0.01 4.30446
      vertex 87.3318 0.61 4.30446
    endloop
  endfacet
  facet normal 0.40771 0 0.913111
    outer loop
      vertex 87.286 0.61 4.32491
      vertex 87.286 -0.01 4.32491
      vertex 87.3318 -0.01 4.30446
    endloop
  endfacet
  facet normal 0.485461 0 0.874259
    outer loop
      vertex 87.2453 0.61 4.34751
      vertex 87.286 -0.01 4.32491
      vertex 87.286 0.61 4.32491
    endloop
  endfacet
  facet normal 0.485461 0 0.874259
    outer loop
      vertex 87.2453 0.61 4.34751
      vertex 87.2453 -0.01 4.34751
      vertex 87.286 -0.01 4.32491
    endloop
  endfacet
  facet normal 0.562463 0 0.826823
    outer loop
      vertex 87.2083 0.61 4.37268
      vertex 87.2453 -0.01 4.34751
      vertex 87.2453 0.61 4.34751
    endloop
  endfacet
  facet normal 0.562463 0 0.826823
    outer loop
      vertex 87.2083 0.61 4.37268
      vertex 87.2083 -0.01 4.37268
      vertex 87.2453 -0.01 4.34751
    endloop
  endfacet
  facet normal 0.627674 0 0.778476
    outer loop
      vertex 87.1733 0.61 4.4009
      vertex 87.2083 -0.01 4.37268
      vertex 87.2083 0.61 4.37268
    endloop
  endfacet
  facet normal 0.627674 0 0.778476
    outer loop
      vertex 87.1733 0.61 4.4009
      vertex 87.1733 -0.01 4.4009
      vertex 87.2083 -0.01 4.37268
    endloop
  endfacet
  facet normal 0.68736 0 0.726317
    outer loop
      vertex 87.1403 0.61 4.43213
      vertex 87.1733 -0.01 4.4009
      vertex 87.1733 0.61 4.4009
    endloop
  endfacet
  facet normal 0.68736 0 0.726317
    outer loop
      vertex 87.1403 0.61 4.43213
      vertex 87.1403 -0.01 4.43213
      vertex 87.1733 -0.01 4.4009
    endloop
  endfacet
  facet normal 0.74268 0 0.669647
    outer loop
      vertex 87.1094 0.61 4.4664
      vertex 87.1403 -0.01 4.43213
      vertex 87.1403 0.61 4.43213
    endloop
  endfacet
  facet normal 0.74268 0 0.669647
    outer loop
      vertex 87.1094 0.61 4.4664
      vertex 87.1094 -0.01 4.4664
      vertex 87.1403 -0.01 4.43213
    endloop
  endfacet
  facet normal 0.790492 0 0.612472
    outer loop
      vertex 87.0805 0.61 4.5037
      vertex 87.1094 -0.01 4.4664
      vertex 87.1094 0.61 4.4664
    endloop
  endfacet
  facet normal 0.790492 0 0.612472
    outer loop
      vertex 87.0805 0.61 4.5037
      vertex 87.0805 -0.01 4.5037
      vertex 87.1094 -0.01 4.4664
    endloop
  endfacet
  facet normal 0.832749 0 0.553651
    outer loop
      vertex 87.0537 0.61 4.54401
      vertex 87.0805 -0.01 4.5037
      vertex 87.0805 0.61 4.5037
    endloop
  endfacet
  facet normal 0.832749 0 0.553651
    outer loop
      vertex 87.0537 0.61 4.54401
      vertex 87.0537 -0.01 4.54401
      vertex 87.0805 -0.01 4.5037
    endloop
  endfacet
  facet normal 0.867898 0 0.496743
    outer loop
      vertex 87.0289 0.61 4.58734
      vertex 87.0537 -0.01 4.54401
      vertex 87.0537 0.61 4.54401
    endloop
  endfacet
  facet normal 0.867898 0 0.496743
    outer loop
      vertex 87.0289 0.61 4.58734
      vertex 87.0289 -0.01 4.58734
      vertex 87.0537 -0.01 4.54401
    endloop
  endfacet
  facet normal 0.898191 0 0.439606
    outer loop
      vertex 87.0062 0.61 4.63372
      vertex 87.0289 -0.01 4.58734
      vertex 87.0289 0.61 4.58734
    endloop
  endfacet
  facet normal 0.898191 0 0.439606
    outer loop
      vertex 87.0062 0.61 4.63372
      vertex 87.0062 -0.01 4.63372
      vertex 87.0289 -0.01 4.58734
    endloop
  endfacet
  facet normal 0.922939 0 0.384947
    outer loop
      vertex 86.9856 0.61 4.68311
      vertex 87.0062 -0.01 4.63372
      vertex 87.0062 0.61 4.63372
    endloop
  endfacet
  facet normal 0.922939 0 0.384947
    outer loop
      vertex 86.9856 0.61 4.68311
      vertex 86.9856 -0.01 4.68311
      vertex 87.0062 -0.01 4.63372
    endloop
  endfacet
  facet normal 0.941844 0 0.336052
    outer loop
      vertex 86.9669 0.61 4.73552
      vertex 86.9856 -0.01 4.68311
      vertex 86.9856 0.61 4.68311
    endloop
  endfacet
  facet normal 0.941844 0 0.336052
    outer loop
      vertex 86.9669 0.61 4.73552
      vertex 86.9669 -0.01 4.73552
      vertex 86.9856 -0.01 4.68311
    endloop
  endfacet
  facet normal 0.958452 0 0.285254
    outer loop
      vertex 86.9504 0.61 4.79096
      vertex 86.9669 -0.01 4.73552
      vertex 86.9669 0.61 4.73552
    endloop
  endfacet
  facet normal 0.958452 0 0.285254
    outer loop
      vertex 86.9504 0.61 4.79096
      vertex 86.9504 -0.01 4.79096
      vertex 86.9669 -0.01 4.73552
    endloop
  endfacet
  facet normal -0.148129 0 0.988968
    outer loop
      vertex 85.9454 0.61 4.64043
      vertex 86.9504 -0.01 4.79096
      vertex 86.9504 0.61 4.79096
    endloop
  endfacet
  facet normal -0.148129 0 0.988968
    outer loop
      vertex 85.9454 0.61 4.64043
      vertex 85.9454 -0.01 4.64043
      vertex 86.9504 -0.01 4.79096
    endloop
  endfacet
  facet normal -0.959472 0 -0.281804
    outer loop
      vertex 85.977 0.61 4.53284
      vertex 85.9454 -0.01 4.64043
      vertex 85.9454 0.61 4.64043
    endloop
  endfacet
  facet normal -0.959472 -0 -0.281804
    outer loop
      vertex 85.977 0.61 4.53284
      vertex 85.977 -0.01 4.53284
      vertex 85.9454 -0.01 4.64043
    endloop
  endfacet
  facet normal -0.94098 0 -0.338462
    outer loop
      vertex 86.0138 0.61 4.43053
      vertex 85.977 -0.01 4.53284
      vertex 85.977 0.61 4.53284
    endloop
  endfacet
  facet normal -0.94098 -0 -0.338462
    outer loop
      vertex 86.0138 0.61 4.43053
      vertex 86.0138 -0.01 4.43053
      vertex 85.977 -0.01 4.53284
    endloop
  endfacet
  facet normal -0.917025 0 -0.39883
    outer loop
      vertex 86.056 0.61 4.3335
      vertex 86.0138 -0.01 4.43053
      vertex 86.0138 0.61 4.43053
    endloop
  endfacet
  facet normal -0.917025 -0 -0.39883
    outer loop
      vertex 86.056 0.61 4.3335
      vertex 86.056 -0.01 4.3335
      vertex 86.0138 -0.01 4.43053
    endloop
  endfacet
  facet normal -0.887652 0 -0.460515
    outer loop
      vertex 86.1036 0.61 4.24175
      vertex 86.056 -0.01 4.3335
      vertex 86.056 0.61 4.3335
    endloop
  endfacet
  facet normal -0.887652 -0 -0.460515
    outer loop
      vertex 86.1036 0.61 4.24175
      vertex 86.1036 -0.01 4.24175
      vertex 86.056 -0.01 4.3335
    endloop
  endfacet
  facet normal -0.853031 0 -0.521861
    outer loop
      vertex 86.1565 0.61 4.15528
      vertex 86.1036 -0.01 4.24175
      vertex 86.1036 0.61 4.24175
    endloop
  endfacet
  facet normal -0.853031 -0 -0.521861
    outer loop
      vertex 86.1565 0.61 4.15528
      vertex 86.1565 -0.01 4.15528
      vertex 86.1036 -0.01 4.24175
    endloop
  endfacet
  facet normal -0.812312 0 -0.583224
    outer loop
      vertex 86.2148 0.61 4.07408
      vertex 86.1565 -0.01 4.15528
      vertex 86.1565 0.61 4.15528
    endloop
  endfacet
  facet normal -0.812312 -0 -0.583224
    outer loop
      vertex 86.2148 0.61 4.07408
      vertex 86.2148 -0.01 4.07408
      vertex 86.1565 -0.01 4.15528
    endloop
  endfacet
  facet normal -0.766439 0 -0.642318
    outer loop
      vertex 86.2784 0.61 3.99819
      vertex 86.2148 -0.01 4.07408
      vertex 86.2148 0.61 4.07408
    endloop
  endfacet
  facet normal -0.766439 -0 -0.642318
    outer loop
      vertex 86.2784 0.61 3.99819
      vertex 86.2784 -0.01 3.99819
      vertex 86.2148 -0.01 4.07408
    endloop
  endfacet
  facet normal -0.715868 0 -0.698235
    outer loop
      vertex 86.3473 0.61 3.92755
      vertex 86.2784 -0.01 3.99819
      vertex 86.2784 0.61 3.99819
    endloop
  endfacet
  facet normal -0.715868 -0 -0.698235
    outer loop
      vertex 86.3473 0.61 3.92755
      vertex 86.3473 -0.01 3.92755
      vertex 86.2784 -0.01 3.99819
    endloop
  endfacet
  facet normal -0.660434 0 -0.750884
    outer loop
      vertex 86.4216 0.61 3.8622
      vertex 86.3473 -0.01 3.92755
      vertex 86.3473 0.61 3.92755
    endloop
  endfacet
  facet normal -0.660434 -0 -0.750884
    outer loop
      vertex 86.4216 0.61 3.8622
      vertex 86.4216 -0.01 3.8622
      vertex 86.3473 -0.01 3.92755
    endloop
  endfacet
  facet normal -0.602018 0 -0.798483
    outer loop
      vertex 86.5013 0.61 3.80211
      vertex 86.4216 -0.01 3.8622
      vertex 86.4216 0.61 3.8622
    endloop
  endfacet
  facet normal -0.602018 -0 -0.798483
    outer loop
      vertex 86.5013 0.61 3.80211
      vertex 86.5013 -0.01 3.80211
      vertex 86.4216 -0.01 3.8622
    endloop
  endfacet
  facet normal -0.541787 0 -0.840516
    outer loop
      vertex 86.5863 0.61 3.74732
      vertex 86.5013 -0.01 3.80211
      vertex 86.5013 0.61 3.80211
    endloop
  endfacet
  facet normal -0.541787 -0 -0.840516
    outer loop
      vertex 86.5863 0.61 3.74732
      vertex 86.5863 -0.01 3.74732
      vertex 86.5013 -0.01 3.80211
    endloop
  endfacet
  facet normal -0.479513 0 -0.877535
    outer loop
      vertex 86.6774 0.61 3.69754
      vertex 86.5863 -0.01 3.74732
      vertex 86.5863 0.61 3.74732
    endloop
  endfacet
  facet normal -0.479513 -0 -0.877535
    outer loop
      vertex 86.6774 0.61 3.69754
      vertex 86.6774 -0.01 3.69754
      vertex 86.5863 -0.01 3.74732
    endloop
  endfacet
  facet normal -0.41682 0 -0.908989
    outer loop
      vertex 86.7756 0.61 3.65251
      vertex 86.6774 -0.01 3.69754
      vertex 86.6774 0.61 3.69754
    endloop
  endfacet
  facet normal -0.41682 -0 -0.908989
    outer loop
      vertex 86.7756 0.61 3.65251
      vertex 86.7756 -0.01 3.65251
      vertex 86.6774 -0.01 3.69754
    endloop
  endfacet
  facet normal -0.357356 0 -0.933968
    outer loop
      vertex 86.8809 0.61 3.61222
      vertex 86.7756 -0.01 3.65251
      vertex 86.7756 0.61 3.65251
    endloop
  endfacet
  facet normal -0.357356 -0 -0.933968
    outer loop
      vertex 86.8809 0.61 3.61222
      vertex 86.8809 -0.01 3.61222
      vertex 86.7756 -0.01 3.65251
    endloop
  endfacet
  facet normal -0.302123 0 -0.953269
    outer loop
      vertex 86.9931 0.61 3.57666
      vertex 86.8809 -0.01 3.61222
      vertex 86.8809 0.61 3.61222
    endloop
  endfacet
  facet normal -0.302123 -0 -0.953269
    outer loop
      vertex 86.9931 0.61 3.57666
      vertex 86.9931 -0.01 3.57666
      vertex 86.8809 -0.01 3.61222
    endloop
  endfacet
  facet normal -0.249976 0 -0.968252
    outer loop
      vertex 87.1124 0.61 3.54586
      vertex 86.9931 -0.01 3.57666
      vertex 86.9931 0.61 3.57666
    endloop
  endfacet
  facet normal -0.249976 -0 -0.968252
    outer loop
      vertex 87.1124 0.61 3.54586
      vertex 87.1124 -0.01 3.54586
      vertex 86.9931 -0.01 3.57666
    endloop
  endfacet
  facet normal -0.202226 0 -0.979339
    outer loop
      vertex 87.2387 0.61 3.51978
      vertex 87.1124 -0.01 3.54586
      vertex 87.1124 0.61 3.54586
    endloop
  endfacet
  facet normal -0.202226 -0 -0.979339
    outer loop
      vertex 87.2387 0.61 3.51978
      vertex 87.2387 -0.01 3.51978
      vertex 87.1124 -0.01 3.54586
    endloop
  endfacet
  facet normal -0.157889 0 -0.987457
    outer loop
      vertex 87.3721 0.61 3.49845
      vertex 87.2387 -0.01 3.51978
      vertex 87.2387 0.61 3.51978
    endloop
  endfacet
  facet normal -0.157889 -0 -0.987457
    outer loop
      vertex 87.3721 0.61 3.49845
      vertex 87.3721 -0.01 3.49845
      vertex 87.2387 -0.01 3.51978
    endloop
  endfacet
  facet normal -0.117346 0 -0.993091
    outer loop
      vertex 87.5125 0.61 3.48186
      vertex 87.3721 -0.01 3.49845
      vertex 87.3721 0.61 3.49845
    endloop
  endfacet
  facet normal -0.117346 -0 -0.993091
    outer loop
      vertex 87.5125 0.61 3.48186
      vertex 87.5125 -0.01 3.48186
      vertex 87.3721 -0.01 3.49845
    endloop
  endfacet
  facet normal -0.0802021 0 -0.996779
    outer loop
      vertex 87.6599 0.61 3.47
      vertex 87.5125 -0.01 3.48186
      vertex 87.5125 0.61 3.48186
    endloop
  endfacet
  facet normal -0.0802021 -0 -0.996779
    outer loop
      vertex 87.6599 0.61 3.47
      vertex 87.6599 -0.01 3.47
      vertex 87.5125 -0.01 3.48186
    endloop
  endfacet
  facet normal -0.0460005 0 -0.998941
    outer loop
      vertex 87.8143 0.61 3.46289
      vertex 87.6599 -0.01 3.47
      vertex 87.6599 0.61 3.47
    endloop
  endfacet
  facet normal -0.0460005 -0 -0.998941
    outer loop
      vertex 87.8143 0.61 3.46289
      vertex 87.8143 -0.01 3.46289
      vertex 87.6599 -0.01 3.47
    endloop
  endfacet
  facet normal -0.0146205 0 -0.999893
    outer loop
      vertex 87.9757 0.61 3.46053
      vertex 87.8143 -0.01 3.46289
      vertex 87.8143 0.61 3.46289
    endloop
  endfacet
  facet normal -0.0146205 -0 -0.999893
    outer loop
      vertex 87.9757 0.61 3.46053
      vertex 87.9757 -0.01 3.46053
      vertex 87.8143 -0.01 3.46289
    endloop
  endfacet
  facet normal 0.0182119 0 -0.999834
    outer loop
      vertex 88.1404 0.61 3.46353
      vertex 87.9757 -0.01 3.46053
      vertex 87.9757 0.61 3.46053
    endloop
  endfacet
  facet normal 0.0182119 0 -0.999834
    outer loop
      vertex 88.1404 0.61 3.46353
      vertex 88.1404 -0.01 3.46353
      vertex 87.9757 -0.01 3.46053
    endloop
  endfacet
  facet normal -0 0 1
    outer loop
      vertex 93.0213 0.61 7.94425
      vertex 94.1646 -0.01 7.94425
      vertex 94.1646 0.61 7.94425
    endloop
  endfacet
  facet normal 0 0 1
    outer loop
      vertex 93.0213 0.61 7.94425
      vertex 93.0213 -0.01 7.94425
      vertex 94.1646 -0.01 7.94425
    endloop
  endfacet
  facet normal -1 0 0
    outer loop
      vertex 93.0213 0.61 3.54189
      vertex 93.0213 -0.01 7.94425
      vertex 93.0213 0.61 7.94425
    endloop
  endfacet
  facet normal -1 0 0
    outer loop
      vertex 93.0213 0.61 3.54189
      vertex 93.0213 -0.01 3.54189
      vertex 93.0213 -0.01 7.94425
    endloop
  endfacet
  facet normal -0 0 -1
    outer loop
      vertex 94.1646 0.61 3.54189
      vertex 93.0213 -0.01 3.54189
      vertex 93.0213 0.61 3.54189
    endloop
  endfacet
  facet normal 0 -0 -1
    outer loop
      vertex 94.1646 0.61 3.54189
      vertex 94.1646 -0.01 3.54189
      vertex 93.0213 -0.01 3.54189
    endloop
  endfacet
  facet normal 1 0 0
    outer loop
      vertex 94.1646 0.61 7.94425
      vertex 94.1646 -0.01 3.54189
      vertex 94.1646 0.61 3.54189
    endloop
  endfacet
  facet normal 1 0 0
    outer loop
      vertex 94.1646 0.61 7.94425
      vertex 94.1646 -0.01 7.94425
      vertex 94.1646 -0.01 3.54189
    endloop
  endfacet
  facet normal -0 0 1
    outer loop
      vertex 71.955 0.61 6.19881
      vertex 74.0708 -0.01 6.19881
      vertex 74.0708 0.61 6.19881
    endloop
  endfacet
  facet normal 0 0 1
    outer loop
      vertex 71.955 0.61 6.19881
      vertex 71.955 -0.01 6.19881
      vertex 74.0708 -0.01 6.19881
    endloop
  endfacet
  facet normal -1 0 0
    outer loop
      vertex 71.955 0.61 5.20598
      vertex 71.955 -0.01 6.19881
      vertex 71.955 0.61 6.19881
    endloop
  endfacet
  facet normal -1 0 0
    outer loop
      vertex 71.955 0.61 5.20598
      vertex 71.955 -0.01 5.20598
      vertex 71.955 -0.01 6.19881
    endloop
  endfacet
  facet normal -0 0 -1
    outer loop
      vertex 74.0708 0.61 5.20598
      vertex 71.955 -0.01 5.20598
      vertex 71.955 0.61 5.20598
    endloop
  endfacet
  facet normal 0 -0 -1
    outer loop
      vertex 74.0708 0.61 5.20598
      vertex 74.0708 -0.01 5.20598
      vertex 71.955 -0.01 5.20598
    endloop
  endfacet
  facet normal 1 0 0
    outer loop
      vertex 74.0708 0.61 6.19881
      vertex 74.0708 -0.01 5.20598
      vertex 74.0708 0.61 5.20598
    endloop
  endfacet
  facet normal 1 0 0
    outer loop
      vertex 74.0708 0.61 6.19881
      vertex 74.0708 -0.01 6.19881
      vertex 74.0708 -0.01 5.20598
    endloop
  endfacet
endsolid OpenSCAD_Model
