solid OpenSCAD_Model
  facet normal 1 -0 0
    outer loop
      vertex 18.62 3.2 5.8
      vertex 18.62 156.8 1.8
      vertex 18.62 156.8 5.8
    endloop
  endfacet
  facet normal 1 0 0
    outer loop
      vertex 18.62 156.8 1.8
      vertex 18.62 3.2 5.8
      vertex 18.62 3.2 1.8
    endloop
  endfacet
  facet normal -0 0 1
    outer loop
      vertex 7.12 156.8 5.8
      vertex 18.62 3.2 5.8
      vertex 18.62 156.8 5.8
    endloop
  endfacet
  facet normal 0 0 1
    outer loop
      vertex 18.62 3.2 5.8
      vertex 7.12 156.8 5.8
      vertex 7.12 3.2 5.8
    endloop
  endfacet
  facet normal -1 0 0
    outer loop
      vertex 7.12 3.2 1.8
      vertex 7.12 156.8 5.8
      vertex 7.12 156.8 1.8
    endloop
  endfacet
  facet normal -1 -0 0
    outer loop
      vertex 7.12 156.8 5.8
      vertex 7.12 3.2 1.8
      vertex 7.12 3.2 5.8
    endloop
  endfacet
  facet normal 0 1 -0
    outer loop
      vertex 18.62 156.8 1.8
      vertex 7.12 156.8 5.8
      vertex 18.62 156.8 5.8
    endloop
  endfacet
  facet normal 0 1 0
    outer loop
      vertex 7.12 156.8 5.8
      vertex 18.62 156.8 1.8
      vertex 7.12 156.8 1.8
    endloop
  endfacet
  facet normal 0 -1 0
    outer loop
      vertex 7.12 3.2 1.8
      vertex 18.62 3.2 5.8
      vertex 7.12 3.2 5.8
    endloop
  endfacet
  facet normal 0 -1 -0
    outer loop
      vertex 18.62 3.2 5.8
      vertex 7.12 3.2 1.8
      vertex 18.62 3.2 1.8
    endloop
  endfacet
  facet normal 1 -0 0
    outer loop
      vertex 37.8 3.2 5.8
      vertex 37.8 156.8 1.8
      vertex 37.8 156.8 5.8
    endloop
  endfacet
  facet normal 1 0 0
    outer loop
      vertex 37.8 156.8 1.8
      vertex 37.8 3.2 5.8
      vertex 37.8 3.2 1.8
    endloop
  endfacet
  facet normal -0 0 1
    outer loop
      vertex 26.3 156.8 5.8
      vertex 37.8 3.2 5.8
      vertex 37.8 156.8 5.8
    endloop
  endfacet
  facet normal 0 0 1
    outer loop
      vertex 37.8 3.2 5.8
      vertex 26.3 156.8 5.8
      vertex 26.3 3.2 5.8
    endloop
  endfacet
  facet normal -1 0 0
    outer loop
      vertex 26.3 3.2 1.8
      vertex 26.3 156.8 5.8
      vertex 26.3 156.8 1.8
    endloop
  endfacet
  facet normal -1 -0 0
    outer loop
      vertex 26.3 156.8 5.8
      vertex 26.3 3.2 1.8
      vertex 26.3 3.2 5.8
    endloop
  endfacet
  facet normal 0 1 -0
    outer loop
      vertex 37.8 156.8 1.8
      vertex 26.3 156.8 5.8
      vertex 37.8 156.8 5.8
    endloop
  endfacet
  facet normal 0 1 0
    outer loop
      vertex 26.3 156.8 5.8
      vertex 37.8 156.8 1.8
      vertex 26.3 156.8 1.8
    endloop
  endfacet
  facet normal 0 -1 0
    outer loop
      vertex 26.3 3.2 1.8
      vertex 37.8 3.2 5.8
      vertex 26.3 3.2 5.8
    endloop
  endfacet
  facet normal 0 -1 -0
    outer loop
      vertex 37.8 3.2 5.8
      vertex 26.3 3.2 1.8
      vertex 37.8 3.2 1.8
    endloop
  endfacet
  facet normal 1 -0 0
    outer loop
      vertex 56.98 3.2 5.8
      vertex 56.98 156.8 1.8
      vertex 56.98 156.8 5.8
    endloop
  endfacet
  facet normal 1 0 0
    outer loop
      vertex 56.98 156.8 1.8
      vertex 56.98 3.2 5.8
      vertex 56.98 3.2 1.8
    endloop
  endfacet
  facet normal -0 0 1
    outer loop
      vertex 45.48 156.8 5.8
      vertex 56.98 3.2 5.8
      vertex 56.98 156.8 5.8
    endloop
  endfacet
  facet normal 0 0 1
    outer loop
      vertex 56.98 3.2 5.8
      vertex 45.48 156.8 5.8
      vertex 45.48 3.2 5.8
    endloop
  endfacet
  facet normal -1 0 0
    outer loop
      vertex 45.48 3.2 1.8
      vertex 45.48 156.8 5.8
      vertex 45.48 156.8 1.8
    endloop
  endfacet
  facet normal -1 -0 0
    outer loop
      vertex 45.48 156.8 5.8
      vertex 45.48 3.2 1.8
      vertex 45.48 3.2 5.8
    endloop
  endfacet
  facet normal 0 1 -0
    outer loop
      vertex 56.98 156.8 1.8
      vertex 45.48 156.8 5.8
      vertex 56.98 156.8 5.8
    endloop
  endfacet
  facet normal 0 1 0
    outer loop
      vertex 45.48 156.8 5.8
      vertex 56.98 156.8 1.8
      vertex 45.48 156.8 1.8
    endloop
  endfacet
  facet normal 0 -1 0
    outer loop
      vertex 45.48 3.2 1.8
      vertex 56.98 3.2 5.8
      vertex 45.48 3.2 5.8
    endloop
  endfacet
  facet normal 0 -1 -0
    outer loop
      vertex 56.98 3.2 5.8
      vertex 45.48 3.2 1.8
      vertex 56.98 3.2 1.8
    endloop
  endfacet
  facet normal 1 -0 0
    outer loop
      vertex 76.16 3.2 5.8
      vertex 76.16 156.8 1.8
      vertex 76.16 156.8 5.8
    endloop
  endfacet
  facet normal 1 0 0
    outer loop
      vertex 76.16 156.8 1.8
      vertex 76.16 3.2 5.8
      vertex 76.16 3.2 1.8
    endloop
  endfacet
  facet normal -0 0 1
    outer loop
      vertex 64.66 156.8 5.8
      vertex 76.16 3.2 5.8
      vertex 76.16 156.8 5.8
    endloop
  endfacet
  facet normal 0 0 1
    outer loop
      vertex 76.16 3.2 5.8
      vertex 64.66 156.8 5.8
      vertex 64.66 3.2 5.8
    endloop
  endfacet
  facet normal -1 0 0
    outer loop
      vertex 64.66 3.2 1.8
      vertex 64.66 156.8 5.8
      vertex 64.66 156.8 1.8
    endloop
  endfacet
  facet normal -1 -0 0
    outer loop
      vertex 64.66 156.8 5.8
      vertex 64.66 3.2 1.8
      vertex 64.66 3.2 5.8
    endloop
  endfacet
  facet normal 0 1 -0
    outer loop
      vertex 76.16 156.8 1.8
      vertex 64.66 156.8 5.8
      vertex 76.16 156.8 5.8
    endloop
  endfacet
  facet normal 0 1 0
    outer loop
      vertex 64.66 156.8 5.8
      vertex 76.16 156.8 1.8
      vertex 64.66 156.8 1.8
    endloop
  endfacet
  facet normal 0 -1 0
    outer loop
      vertex 64.66 3.2 1.8
      vertex 76.16 3.2 5.8
      vertex 64.66 3.2 5.8
    endloop
  endfacet
  facet normal 0 -1 -0
    outer loop
      vertex 76.16 3.2 5.8
      vertex 64.66 3.2 1.8
      vertex 76.16 3.2 1.8
    endloop
  endfacet
  facet normal 1 -0 0
    outer loop
      vertex 95.34 3.2 5.8
      vertex 95.34 156.8 1.8
      vertex 95.34 156.8 5.8
    endloop
  endfacet
  facet normal 1 0 0
    outer loop
      vertex 95.34 156.8 1.8
      vertex 95.34 3.2 5.8
      vertex 95.34 3.2 1.8
    endloop
  endfacet
  facet normal -0 0 1
    outer loop
      vertex 83.84 156.8 5.8
      vertex 95.34 3.2 5.8
      vertex 95.34 156.8 5.8
    endloop
  endfacet
  facet normal 0 0 1
    outer loop
      vertex 95.34 3.2 5.8
      vertex 83.84 156.8 5.8
      vertex 83.84 3.2 5.8
    endloop
  endfacet
  facet normal -1 0 0
    outer loop
      vertex 83.84 3.2 1.8
      vertex 83.84 156.8 5.8
      vertex 83.84 156.8 1.8
    endloop
  endfacet
  facet normal -1 -0 0
    outer loop
      vertex 83.84 156.8 5.8
      vertex 83.84 3.2 1.8
      vertex 83.84 3.2 5.8
    endloop
  endfacet
  facet normal 0 1 -0
    outer loop
      vertex 95.34 156.8 1.8
      vertex 83.84 156.8 5.8
      vertex 95.34 156.8 5.8
    endloop
  endfacet
  facet normal 0 1 0
    outer loop
      vertex 83.84 156.8 5.8
      vertex 95.34 156.8 1.8
      vertex 83.84 156.8 1.8
    endloop
  endfacet
  facet normal 0 -1 0
    outer loop
      vertex 83.84 3.2 1.8
      vertex 95.34 3.2 5.8
      vertex 83.84 3.2 5.8
    endloop
  endfacet
  facet normal 0 -1 -0
    outer loop
      vertex 95.34 3.2 5.8
      vertex 83.84 3.2 1.8
      vertex 95.34 3.2 1.8
    endloop
  endfacet
  facet normal 1 -0 0
    outer loop
      vertex 114.52 3.2 5.8
      vertex 114.52 156.8 1.8
      vertex 114.52 156.8 5.8
    endloop
  endfacet
  facet normal 1 0 0
    outer loop
      vertex 114.52 156.8 1.8
      vertex 114.52 3.2 5.8
      vertex 114.52 3.2 1.8
    endloop
  endfacet
  facet normal -0 0 1
    outer loop
      vertex 103.02 156.8 5.8
      vertex 114.52 3.2 5.8
      vertex 114.52 156.8 5.8
    endloop
  endfacet
  facet normal 0 0 1
    outer loop
      vertex 114.52 3.2 5.8
      vertex 103.02 156.8 5.8
      vertex 103.02 3.2 5.8
    endloop
  endfacet
  facet normal -1 0 0
    outer loop
      vertex 103.02 3.2 1.8
      vertex 103.02 156.8 5.8
      vertex 103.02 156.8 1.8
    endloop
  endfacet
  facet normal -1 -0 0
    outer loop
      vertex 103.02 156.8 5.8
      vertex 103.02 3.2 1.8
      vertex 103.02 3.2 5.8
    endloop
  endfacet
  facet normal 0 1 -0
    outer loop
      vertex 114.52 156.8 1.8
      vertex 103.02 156.8 5.8
      vertex 114.52 156.8 5.8
    endloop
  endfacet
  facet normal 0 1 0
    outer loop
      vertex 103.02 156.8 5.8
      vertex 114.52 156.8 1.8
      vertex 103.02 156.8 1.8
    endloop
  endfacet
  facet normal 0 -1 0
    outer loop
      vertex 103.02 3.2 1.8
      vertex 114.52 3.2 5.8
      vertex 103.02 3.2 5.8
    endloop
  endfacet
  facet normal 0 -1 -0
    outer loop
      vertex 114.52 3.2 5.8
      vertex 103.02 3.2 1.8
      vertex 114.52 3.2 1.8
    endloop
  endfacet
  facet normal 1 -0 0
    outer loop
      vertex 133.7 3.2 5.8
      vertex 133.7 156.8 1.8
      vertex 133.7 156.8 5.8
    endloop
  endfacet
  facet normal 1 0 0
    outer loop
      vertex 133.7 156.8 1.8
      vertex 133.7 3.2 5.8
      vertex 133.7 3.2 1.8
    endloop
  endfacet
  facet normal -0 0 1
    outer loop
      vertex 122.2 156.8 5.8
      vertex 133.7 3.2 5.8
      vertex 133.7 156.8 5.8
    endloop
  endfacet
  facet normal 0 0 1
    outer loop
      vertex 133.7 3.2 5.8
      vertex 122.2 156.8 5.8
      vertex 122.2 3.2 5.8
    endloop
  endfacet
  facet normal -1 0 0
    outer loop
      vertex 122.2 3.2 1.8
      vertex 122.2 156.8 5.8
      vertex 122.2 156.8 1.8
    endloop
  endfacet
  facet normal -1 -0 0
    outer loop
      vertex 122.2 156.8 5.8
      vertex 122.2 3.2 1.8
      vertex 122.2 3.2 5.8
    endloop
  endfacet
  facet normal 0 1 -0
    outer loop
      vertex 133.7 156.8 1.8
      vertex 122.2 156.8 5.8
      vertex 133.7 156.8 5.8
    endloop
  endfacet
  facet normal 0 1 0
    outer loop
      vertex 122.2 156.8 5.8
      vertex 133.7 156.8 1.8
      vertex 122.2 156.8 1.8
    endloop
  endfacet
  facet normal 0 -1 0
    outer loop
      vertex 122.2 3.2 1.8
      vertex 133.7 3.2 5.8
      vertex 122.2 3.2 5.8
    endloop
  endfacet
  facet normal 0 -1 -0
    outer loop
      vertex 133.7 3.2 5.8
      vertex 122.2 3.2 1.8
      vertex 133.7 3.2 1.8
    endloop
  endfacet
  facet normal 1 -0 0
    outer loop
      vertex 152.88 3.2 5.8
      vertex 152.88 156.8 1.8
      vertex 152.88 156.8 5.8
    endloop
  endfacet
  facet normal 1 0 0
    outer loop
      vertex 152.88 156.8 1.8
      vertex 152.88 3.2 5.8
      vertex 152.88 3.2 1.8
    endloop
  endfacet
  facet normal -0 0 1
    outer loop
      vertex 141.38 156.8 5.8
      vertex 152.88 3.2 5.8
      vertex 152.88 156.8 5.8
    endloop
  endfacet
  facet normal 0 0 1
    outer loop
      vertex 152.88 3.2 5.8
      vertex 141.38 156.8 5.8
      vertex 141.38 3.2 5.8
    endloop
  endfacet
  facet normal -1 0 0
    outer loop
      vertex 141.38 3.2 1.8
      vertex 141.38 156.8 5.8
      vertex 141.38 156.8 1.8
    endloop
  endfacet
  facet normal -1 -0 0
    outer loop
      vertex 141.38 156.8 5.8
      vertex 141.38 3.2 1.8
      vertex 141.38 3.2 5.8
    endloop
  endfacet
  facet normal 0 1 -0
    outer loop
      vertex 152.88 156.8 1.8
      vertex 141.38 156.8 5.8
      vertex 152.88 156.8 5.8
    endloop
  endfacet
  facet normal 0 1 0
    outer loop
      vertex 141.38 156.8 5.8
      vertex 152.88 156.8 1.8
      vertex 141.38 156.8 1.8
    endloop
  endfacet
  facet normal 0 -1 0
    outer loop
      vertex 141.38 3.2 1.8
      vertex 152.88 3.2 5.8
      vertex 141.38 3.2 5.8
    endloop
  endfacet
  facet normal 0 -1 -0
    outer loop
      vertex 152.88 3.2 5.8
      vertex 141.38 3.2 1.8
      vertex 152.88 3.2 1.8
    endloop
  endfacet
  facet normal 1 -0 0
    outer loop
      vertex 22.86 3.2 10
      vertex 22.86 156.8 1.8
      vertex 22.86 156.8 10
    endloop
  endfacet
  facet normal 1 0 0
    outer loop
      vertex 22.86 156.8 1.8
      vertex 22.86 3.2 10
      vertex 22.86 3.2 1.8
    endloop
  endfacet
  facet normal -0 0 1
    outer loop
      vertex 22.06 156.8 10
      vertex 22.86 3.2 10
      vertex 22.86 156.8 10
    endloop
  endfacet
  facet normal 0 0 1
    outer loop
      vertex 22.86 3.2 10
      vertex 22.06 156.8 10
      vertex 22.06 3.2 10
    endloop
  endfacet
  facet normal -1 0 0
    outer loop
      vertex 22.06 3.2 1.8
      vertex 22.06 156.8 10
      vertex 22.06 156.8 1.8
    endloop
  endfacet
  facet normal -1 -0 0
    outer loop
      vertex 22.06 156.8 10
      vertex 22.06 3.2 1.8
      vertex 22.06 3.2 10
    endloop
  endfacet
  facet normal 0 1 -0
    outer loop
      vertex 22.86 156.8 1.8
      vertex 22.06 156.8 10
      vertex 22.86 156.8 10
    endloop
  endfacet
  facet normal 0 1 0
    outer loop
      vertex 22.06 156.8 10
      vertex 22.86 156.8 1.8
      vertex 22.06 156.8 1.8
    endloop
  endfacet
  facet normal 0 -1 0
    outer loop
      vertex 22.06 3.2 1.8
      vertex 22.86 3.2 10
      vertex 22.06 3.2 10
    endloop
  endfacet
  facet normal 0 -1 -0
    outer loop
      vertex 22.86 3.2 10
      vertex 22.06 3.2 1.8
      vertex 22.86 3.2 1.8
    endloop
  endfacet
  facet normal 1 -0 0
    outer loop
      vertex 42.04 3.2 10
      vertex 42.04 156.8 1.8
      vertex 42.04 156.8 10
    endloop
  endfacet
  facet normal 1 0 0
    outer loop
      vertex 42.04 156.8 1.8
      vertex 42.04 3.2 10
      vertex 42.04 3.2 1.8
    endloop
  endfacet
  facet normal -0 0 1
    outer loop
      vertex 41.24 156.8 10
      vertex 42.04 3.2 10
      vertex 42.04 156.8 10
    endloop
  endfacet
  facet normal 0 0 1
    outer loop
      vertex 42.04 3.2 10
      vertex 41.24 156.8 10
      vertex 41.24 3.2 10
    endloop
  endfacet
  facet normal -1 0 0
    outer loop
      vertex 41.24 3.2 1.8
      vertex 41.24 156.8 10
      vertex 41.24 156.8 1.8
    endloop
  endfacet
  facet normal -1 -0 0
    outer loop
      vertex 41.24 156.8 10
      vertex 41.24 3.2 1.8
      vertex 41.24 3.2 10
    endloop
  endfacet
  facet normal 0 1 -0
    outer loop
      vertex 42.04 156.8 1.8
      vertex 41.24 156.8 10
      vertex 42.04 156.8 10
    endloop
  endfacet
  facet normal 0 1 0
    outer loop
      vertex 41.24 156.8 10
      vertex 42.04 156.8 1.8
      vertex 41.24 156.8 1.8
    endloop
  endfacet
  facet normal 0 -1 0
    outer loop
      vertex 41.24 3.2 1.8
      vertex 42.04 3.2 10
      vertex 41.24 3.2 10
    endloop
  endfacet
  facet normal 0 -1 -0
    outer loop
      vertex 42.04 3.2 10
      vertex 41.24 3.2 1.8
      vertex 42.04 3.2 1.8
    endloop
  endfacet
  facet normal 1 -0 0
    outer loop
      vertex 61.22 3.2 10
      vertex 61.22 156.8 1.8
      vertex 61.22 156.8 10
    endloop
  endfacet
  facet normal 1 0 0
    outer loop
      vertex 61.22 156.8 1.8
      vertex 61.22 3.2 10
      vertex 61.22 3.2 1.8
    endloop
  endfacet
  facet normal -0 0 1
    outer loop
      vertex 60.42 156.8 10
      vertex 61.22 3.2 10
      vertex 61.22 156.8 10
    endloop
  endfacet
  facet normal 0 0 1
    outer loop
      vertex 61.22 3.2 10
      vertex 60.42 156.8 10
      vertex 60.42 3.2 10
    endloop
  endfacet
  facet normal -1 0 0
    outer loop
      vertex 60.42 3.2 1.8
      vertex 60.42 156.8 10
      vertex 60.42 156.8 1.8
    endloop
  endfacet
  facet normal -1 -0 0
    outer loop
      vertex 60.42 156.8 10
      vertex 60.42 3.2 1.8
      vertex 60.42 3.2 10
    endloop
  endfacet
  facet normal 0 1 -0
    outer loop
      vertex 61.22 156.8 1.8
      vertex 60.42 156.8 10
      vertex 61.22 156.8 10
    endloop
  endfacet
  facet normal 0 1 0
    outer loop
      vertex 60.42 156.8 10
      vertex 61.22 156.8 1.8
      vertex 60.42 156.8 1.8
    endloop
  endfacet
  facet normal 0 -1 0
    outer loop
      vertex 60.42 3.2 1.8
      vertex 61.22 3.2 10
      vertex 60.42 3.2 10
    endloop
  endfacet
  facet normal 0 -1 -0
    outer loop
      vertex 61.22 3.2 10
      vertex 60.42 3.2 1.8
      vertex 61.22 3.2 1.8
    endloop
  endfacet
  facet normal 1 -0 0
    outer loop
      vertex 80.4 3.2 10
      vertex 80.4 156.8 1.8
      vertex 80.4 156.8 10
    endloop
  endfacet
  facet normal 1 0 0
    outer loop
      vertex 80.4 156.8 1.8
      vertex 80.4 3.2 10
      vertex 80.4 3.2 1.8
    endloop
  endfacet
  facet normal -0 0 1
    outer loop
      vertex 79.6 156.8 10
      vertex 80.4 3.2 10
      vertex 80.4 156.8 10
    endloop
  endfacet
  facet normal 0 0 1
    outer loop
      vertex 80.4 3.2 10
      vertex 79.6 156.8 10
      vertex 79.6 3.2 10
    endloop
  endfacet
  facet normal -1 0 0
    outer loop
      vertex 79.6 3.2 1.8
      vertex 79.6 156.8 10
      vertex 79.6 156.8 1.8
    endloop
  endfacet
  facet normal -1 -0 0
    outer loop
      vertex 79.6 156.8 10
      vertex 79.6 3.2 1.8
      vertex 79.6 3.2 10
    endloop
  endfacet
  facet normal 0 1 -0
    outer loop
      vertex 80.4 156.8 1.8
      vertex 79.6 156.8 10
      vertex 80.4 156.8 10
    endloop
  endfacet
  facet normal 0 1 0
    outer loop
      vertex 79.6 156.8 10
      vertex 80.4 156.8 1.8
      vertex 79.6 156.8 1.8
    endloop
  endfacet
  facet normal 0 -1 0
    outer loop
      vertex 79.6 3.2 1.8
      vertex 80.4 3.2 10
      vertex 79.6 3.2 10
    endloop
  endfacet
  facet normal 0 -1 -0
    outer loop
      vertex 80.4 3.2 10
      vertex 79.6 3.2 1.8
      vertex 80.4 3.2 1.8
    endloop
  endfacet
  facet normal 1 -0 0
    outer loop
      vertex 99.58 3.2 10
      vertex 99.58 156.8 1.8
      vertex 99.58 156.8 10
    endloop
  endfacet
  facet normal 1 0 0
    outer loop
      vertex 99.58 156.8 1.8
      vertex 99.58 3.2 10
      vertex 99.58 3.2 1.8
    endloop
  endfacet
  facet normal -0 0 1
    outer loop
      vertex 98.78 156.8 10
      vertex 99.58 3.2 10
      vertex 99.58 156.8 10
    endloop
  endfacet
  facet normal 0 0 1
    outer loop
      vertex 99.58 3.2 10
      vertex 98.78 156.8 10
      vertex 98.78 3.2 10
    endloop
  endfacet
  facet normal -1 0 0
    outer loop
      vertex 98.78 3.2 1.8
      vertex 98.78 156.8 10
      vertex 98.78 156.8 1.8
    endloop
  endfacet
  facet normal -1 -0 0
    outer loop
      vertex 98.78 156.8 10
      vertex 98.78 3.2 1.8
      vertex 98.78 3.2 10
    endloop
  endfacet
  facet normal 0 1 -0
    outer loop
      vertex 99.58 156.8 1.8
      vertex 98.78 156.8 10
      vertex 99.58 156.8 10
    endloop
  endfacet
  facet normal 0 1 0
    outer loop
      vertex 98.78 156.8 10
      vertex 99.58 156.8 1.8
      vertex 98.78 156.8 1.8
    endloop
  endfacet
  facet normal 0 -1 0
    outer loop
      vertex 98.78 3.2 1.8
      vertex 99.58 3.2 10
      vertex 98.78 3.2 10
    endloop
  endfacet
  facet normal 0 -1 -0
    outer loop
      vertex 99.58 3.2 10
      vertex 98.78 3.2 1.8
      vertex 99.58 3.2 1.8
    endloop
  endfacet
  facet normal 1 -0 0
    outer loop
      vertex 118.76 3.2 10
      vertex 118.76 156.8 1.8
      vertex 118.76 156.8 10
    endloop
  endfacet
  facet normal 1 0 0
    outer loop
      vertex 118.76 156.8 1.8
      vertex 118.76 3.2 10
      vertex 118.76 3.2 1.8
    endloop
  endfacet
  facet normal -0 0 1
    outer loop
      vertex 117.96 156.8 10
      vertex 118.76 3.2 10
      vertex 118.76 156.8 10
    endloop
  endfacet
  facet normal 0 0 1
    outer loop
      vertex 118.76 3.2 10
      vertex 117.96 156.8 10
      vertex 117.96 3.2 10
    endloop
  endfacet
  facet normal -1 0 0
    outer loop
      vertex 117.96 3.2 1.8
      vertex 117.96 156.8 10
      vertex 117.96 156.8 1.8
    endloop
  endfacet
  facet normal -1 -0 0
    outer loop
      vertex 117.96 156.8 10
      vertex 117.96 3.2 1.8
      vertex 117.96 3.2 10
    endloop
  endfacet
  facet normal 0 1 -0
    outer loop
      vertex 118.76 156.8 1.8
      vertex 117.96 156.8 10
      vertex 118.76 156.8 10
    endloop
  endfacet
  facet normal 0 1 0
    outer loop
      vertex 117.96 156.8 10
      vertex 118.76 156.8 1.8
      vertex 117.96 156.8 1.8
    endloop
  endfacet
  facet normal 0 -1 0
    outer loop
      vertex 117.96 3.2 1.8
      vertex 118.76 3.2 10
      vertex 117.96 3.2 10
    endloop
  endfacet
  facet normal 0 -1 -0
    outer loop
      vertex 118.76 3.2 10
      vertex 117.96 3.2 1.8
      vertex 118.76 3.2 1.8
    endloop
  endfacet
  facet normal 1 -0 0
    outer loop
      vertex 137.94 3.2 10
      vertex 137.94 156.8 1.8
      vertex 137.94 156.8 10
    endloop
  endfacet
  facet normal 1 0 0
    outer loop
      vertex 137.94 156.8 1.8
      vertex 137.94 3.2 10
      vertex 137.94 3.2 1.8
    endloop
  endfacet
  facet normal -0 0 1
    outer loop
      vertex 137.14 156.8 10
      vertex 137.94 3.2 10
      vertex 137.94 156.8 10
    endloop
  endfacet
  facet normal 0 0 1
    outer loop
      vertex 137.94 3.2 10
      vertex 137.14 156.8 10
      vertex 137.14 3.2 10
    endloop
  endfacet
  facet normal -1 0 0
    outer loop
      vertex 137.14 3.2 1.8
      vertex 137.14 156.8 10
      vertex 137.14 156.8 1.8
    endloop
  endfacet
  facet normal -1 -0 0
    outer loop
      vertex 137.14 156.8 10
      vertex 137.14 3.2 1.8
      vertex 137.14 3.2 10
    endloop
  endfacet
  facet normal 0 1 -0
    outer loop
      vertex 137.94 156.8 1.8
      vertex 137.14 156.8 10
      vertex 137.94 156.8 10
    endloop
  endfacet
  facet normal 0 1 0
    outer loop
      vertex 137.14 156.8 10
      vertex 137.94 156.8 1.8
      vertex 137.14 156.8 1.8
    endloop
  endfacet
  facet normal 0 -1 0
    outer loop
      vertex 137.14 3.2 1.8
      vertex 137.94 3.2 10
      vertex 137.14 3.2 10
    endloop
  endfacet
  facet normal 0 -1 -0
    outer loop
      vertex 137.94 3.2 10
      vertex 137.14 3.2 1.8
      vertex 137.94 3.2 1.8
    endloop
  endfacet
  facet normal 1 -0 0
    outer loop
      vertex 3.68 4.43615 10
      vertex 3.68 155.564 1.8
      vertex 3.68 155.564 10
    endloop
  endfacet
  facet normal 1 0 0
    outer loop
      vertex 3.68 155.564 1.8
      vertex 3.68 4.43615 10
      vertex 3.68 4.43615 1.8
    endloop
  endfacet
  facet normal 0 0 1
    outer loop
      vertex 3.50519 155.271 10
      vertex 3.68 155.564 10
      vertex 3.61261 155.463 10
    endloop
  endfacet
  facet normal 0 0 1
    outer loop
      vertex 3.68 155.564 10
      vertex 3.2 154 10
      vertex 3.68 4.43615 10
    endloop
  endfacet
  facet normal 0 0 1
    outer loop
      vertex 3.68 155.564 10
      vertex 3.50519 155.271 10
      vertex 3.2 154 10
    endloop
  endfacet
  facet normal -0 0 1
    outer loop
      vertex 3.2 5.99993 10
      vertex 3.68 4.43615 10
      vertex 3.2 154 10
    endloop
  endfacet
  facet normal 0 0 1
    outer loop
      vertex 3.2 154 10
      vertex 3.50519 155.271 10
      vertex 3.41313 155.072 10
    endloop
  endfacet
  facet normal -0 -0 1
    outer loop
      vertex 3.50519 4.72882 10
      vertex 3.68 4.43615 10
      vertex 3.2 5.99993 10
    endloop
  endfacet
  facet normal 0 0 1
    outer loop
      vertex 3.2 154 10
      vertex 3.41313 155.072 10
      vertex 3.33704 154.865 10
    endloop
  endfacet
  facet normal 0 0 1
    outer loop
      vertex 3.68 4.43615 10
      vertex 3.50519 4.72882 10
      vertex 3.61261 4.537 10
    endloop
  endfacet
  facet normal 0 0 1
    outer loop
      vertex 3.2 154 10
      vertex 3.33704 154.865 10
      vertex 3.27736 154.654 10
    endloop
  endfacet
  facet normal 0 0 1
    outer loop
      vertex 3.50519 4.72882 10
      vertex 3.2 5.99993 10
      vertex 3.41313 4.92848 10
    endloop
  endfacet
  facet normal 0 0 1
    outer loop
      vertex 3.2 154 10
      vertex 3.27736 154.654 10
      vertex 3.23447 154.438 10
    endloop
  endfacet
  facet normal 0 0 1
    outer loop
      vertex 3.41313 4.92848 10
      vertex 3.2 5.99993 10
      vertex 3.33704 5.13475 10
    endloop
  endfacet
  facet normal 0 0 1
    outer loop
      vertex 3.2 154 10
      vertex 3.23447 154.438 10
      vertex 3.20863 154.22 10
    endloop
  endfacet
  facet normal 0 0 1
    outer loop
      vertex 3.33704 5.13475 10
      vertex 3.2 5.99993 10
      vertex 3.27736 5.34636 10
    endloop
  endfacet
  facet normal 0 0 1
    outer loop
      vertex 3.27736 5.34636 10
      vertex 3.2 5.99993 10
      vertex 3.23447 5.56198 10
    endloop
  endfacet
  facet normal 0 0 1
    outer loop
      vertex 3.23447 5.56198 10
      vertex 3.2 5.99993 10
      vertex 3.20863 5.78032 10
    endloop
  endfacet
  facet normal -1 0 0
    outer loop
      vertex 3.2 5.99993 1.8
      vertex 3.2 154 10
      vertex 3.2 154 1.8
    endloop
  endfacet
  facet normal -1 -0 0
    outer loop
      vertex 3.2 154 10
      vertex 3.2 5.99993 1.8
      vertex 3.2 5.99993 10
    endloop
  endfacet
  facet normal 1 -0 0
    outer loop
      vertex 156.8 5.9999 10
      vertex 156.8 154 1.8
      vertex 156.8 154 10
    endloop
  endfacet
  facet normal 1 0 0
    outer loop
      vertex 156.8 154 1.8
      vertex 156.8 5.9999 10
      vertex 156.8 5.9999 1.8
    endloop
  endfacet
  facet normal 0 0 1
    outer loop
      vertex 156.32 155.564 10
      vertex 156.8 154 10
      vertex 156.791 154.22 10
    endloop
  endfacet
  facet normal 0 0 1
    outer loop
      vertex 156.8 154 10
      vertex 156.32 155.564 10
      vertex 156.8 5.9999 10
    endloop
  endfacet
  facet normal 0 0 1
    outer loop
      vertex 156.32 155.564 10
      vertex 156.791 154.22 10
      vertex 156.766 154.438 10
    endloop
  endfacet
  facet normal 0 0 1
    outer loop
      vertex 156.32 4.43615 10
      vertex 156.8 5.9999 10
      vertex 156.32 155.564 10
    endloop
  endfacet
  facet normal 0 0 1
    outer loop
      vertex 156.32 155.564 10
      vertex 156.766 154.438 10
      vertex 156.723 154.654 10
    endloop
  endfacet
  facet normal 0 0 1
    outer loop
      vertex 156.8 5.9999 10
      vertex 156.32 4.43615 10
      vertex 156.791 5.78032 10
    endloop
  endfacet
  facet normal 0 0 1
    outer loop
      vertex 156.32 155.564 10
      vertex 156.723 154.654 10
      vertex 156.663 154.865 10
    endloop
  endfacet
  facet normal 0 0 1
    outer loop
      vertex 156.791 5.78032 10
      vertex 156.32 4.43615 10
      vertex 156.766 5.56198 10
    endloop
  endfacet
  facet normal 0 0 1
    outer loop
      vertex 156.32 155.564 10
      vertex 156.663 154.865 10
      vertex 156.587 155.072 10
    endloop
  endfacet
  facet normal 0 0 1
    outer loop
      vertex 156.766 5.56198 10
      vertex 156.32 4.43615 10
      vertex 156.723 5.34636 10
    endloop
  endfacet
  facet normal 0 0 1
    outer loop
      vertex 156.32 155.564 10
      vertex 156.587 155.072 10
      vertex 156.495 155.271 10
    endloop
  endfacet
  facet normal 0 0 1
    outer loop
      vertex 156.723 5.34636 10
      vertex 156.32 4.43615 10
      vertex 156.663 5.13475 10
    endloop
  endfacet
  facet normal 0 0 1
    outer loop
      vertex 156.32 155.564 10
      vertex 156.495 155.271 10
      vertex 156.387 155.463 10
    endloop
  endfacet
  facet normal 0 0 1
    outer loop
      vertex 156.663 5.13475 10
      vertex 156.32 4.43615 10
      vertex 156.587 4.92848 10
    endloop
  endfacet
  facet normal 0 0 1
    outer loop
      vertex 156.587 4.92848 10
      vertex 156.32 4.43615 10
      vertex 156.495 4.72882 10
    endloop
  endfacet
  facet normal 0 0 1
    outer loop
      vertex 156.495 4.72882 10
      vertex 156.32 4.43615 10
      vertex 156.387 4.537 10
    endloop
  endfacet
  facet normal -1 0 0
    outer loop
      vertex 156.32 4.43615 1.8
      vertex 156.32 155.564 10
      vertex 156.32 155.564 1.8
    endloop
  endfacet
  facet normal -1 -0 0
    outer loop
      vertex 156.32 155.564 10
      vertex 156.32 4.43615 1.8
      vertex 156.32 4.43615 10
    endloop
  endfacet
  facet normal -0.619548 0.784959 0
    outer loop
      vertex 2.47328 158.854 0
      vertex 2.10332 158.562 12.91
      vertex 2.47328 158.854 12.91
    endloop
  endfacet
  facet normal -0.619548 0.784959 0
    outer loop
      vertex 2.10332 158.562 12.91
      vertex 2.47328 158.854 0
      vertex 2.10332 158.562 0
    endloop
  endfacet
  facet normal 0.195135 -0.980776 0
    outer loop
      vertex 154.939 0.0738678 0
      vertex 155.401 0.165787 12.91
      vertex 154.939 0.0738678 12.91
    endloop
  endfacet
  facet normal 0.195135 -0.980776 0
    outer loop
      vertex 155.401 0.165787 12.91
      vertex 154.939 0.0738678 0
      vertex 155.401 0.165787 0
    endloop
  endfacet
  facet normal 0 -1 0
    outer loop
      vertex 87.4367 0 3.64876
      vertex 88.2016 0 4.81647
      vertex 87.4367 0 4.81647
    endloop
  endfacet
  facet normal 0 -1 0
    outer loop
      vertex 88.2016 0 4.81647
      vertex 88.8745 0 4.44504
      vertex 88.728 0 4.76197
    endloop
  endfacet
  facet normal 0 -1 -0
    outer loop
      vertex 88.2016 0 4.81647
      vertex 87.4367 0 3.64876
      vertex 88.8745 0 4.44504
    endloop
  endfacet
  facet normal 0 -1 -0
    outer loop
      vertex 88.8745 0 4.44504
      vertex 87.4367 0 3.64876
      vertex 89.0535 0 4.17687
    endloop
  endfacet
  facet normal 0 -1 -0
    outer loop
      vertex 89.0535 0 4.17687
      vertex 87.4367 0 3.64876
      vertex 89.2651 0 3.95746
    endloop
  endfacet
  facet normal 0 -1 -0
    outer loop
      vertex 89.2651 0 3.95746
      vertex 87.4367 0 3.64876
      vertex 89.5092 0 3.78681
    endloop
  endfacet
  facet normal 0 -1 0
    outer loop
      vertex 87.4367 0 3.64876
      vertex 89.7859 0 3.66492
      vertex 89.5092 0 3.78681
    endloop
  endfacet
  facet normal 0 -1 -0
    outer loop
      vertex 89.7859 0 3.66492
      vertex 87.4367 0 3.64876
      vertex 90.0951 0 3.59177
    endloop
  endfacet
  facet normal 0 -1 0
    outer loop
      vertex 77.2318 0 3.64876
      vertex 78.6558 0 5.66686
      vertex 77.2318 0 5.66686
    endloop
  endfacet
  facet normal 0 -1 0
    outer loop
      vertex 81.2275 0 5.31285
      vertex 83.7382 0 4.81647
      vertex 83.3433 0 5.31285
    endloop
  endfacet
  facet normal 0 -1 -0
    outer loop
      vertex 78.6558 0 5.66686
      vertex 77.2318 0 3.64876
      vertex 81.2275 0 5.31285
    endloop
  endfacet
  facet normal 0 -1 -0
    outer loop
      vertex 81.2275 0 5.31285
      vertex 77.2318 0 3.64876
      vertex 83.7382 0 4.81647
    endloop
  endfacet
  facet normal 0 -1 0
    outer loop
      vertex 86.3463 0 3.64876
      vertex 83.7382 0 4.81647
      vertex 77.2318 0 3.64876
    endloop
  endfacet
  facet normal 0 -1 0
    outer loop
      vertex 83.7382 0 4.81647
      vertex 86.3463 0 3.64876
      vertex 86.3463 0 4.81647
    endloop
  endfacet
  facet normal 0 -1 0
    outer loop
      vertex 80.2826 0 6.28772
      vertex 81.2275 0 6.30568
      vertex 80.3411 0 6.35547
    endloop
  endfacet
  facet normal 0 -1 0
    outer loop
      vertex 81.2275 0 5.31285
      vertex 80.2826 0 6.28772
      vertex 80.2206 0 6.22325
    endloop
  endfacet
  facet normal 0 -1 0
    outer loop
      vertex 81.2275 0 5.31285
      vertex 80.2206 0 6.22325
      vertex 80.1549 0 6.16204
    endloop
  endfacet
  facet normal 0 -1 0
    outer loop
      vertex 81.2275 0 5.31285
      vertex 80.1549 0 6.16204
      vertex 80.0856 0 6.10408
    endloop
  endfacet
  facet normal 0 -1 0
    outer loop
      vertex 81.2275 0 5.31285
      vertex 80.0856 0 6.10408
      vertex 80.0128 0 6.04938
    endloop
  endfacet
  facet normal 0 -1 0
    outer loop
      vertex 81.2275 0 5.31285
      vertex 80.0128 0 6.04938
      vertex 79.9364 0 5.99796
    endloop
  endfacet
  facet normal 0 -1 0
    outer loop
      vertex 81.2275 0 5.31285
      vertex 79.9364 0 5.99796
      vertex 79.8563 0 5.94979
    endloop
  endfacet
  facet normal 0 -1 0
    outer loop
      vertex 81.2275 0 5.31285
      vertex 79.8563 0 5.94979
      vertex 79.7727 0 5.90488
    endloop
  endfacet
  facet normal 0 -1 0
    outer loop
      vertex 81.2275 0 5.31285
      vertex 79.7727 0 5.90488
      vertex 79.6858 0 5.86357
    endloop
  endfacet
  facet normal 0 -1 0
    outer loop
      vertex 81.2275 0 5.31285
      vertex 79.6858 0 5.86357
      vertex 79.596 0 5.82619
    endloop
  endfacet
  facet normal 0 -1 0
    outer loop
      vertex 81.2275 0 5.31285
      vertex 79.596 0 5.82619
      vertex 79.5032 0 5.79276
    endloop
  endfacet
  facet normal 0 -1 0
    outer loop
      vertex 81.2275 0 5.31285
      vertex 79.5032 0 5.79276
      vertex 79.4075 0 5.76325
    endloop
  endfacet
  facet normal 0 -1 0
    outer loop
      vertex 80.2826 0 6.28772
      vertex 81.2275 0 5.31285
      vertex 81.2275 0 6.30568
    endloop
  endfacet
  facet normal 0 -1 0
    outer loop
      vertex 79.3089 0 5.73767
      vertex 81.2275 0 5.31285
      vertex 79.4075 0 5.76325
    endloop
  endfacet
  facet normal 0 -1 0
    outer loop
      vertex 79.2074 0 5.71604
      vertex 81.2275 0 5.31285
      vertex 79.3089 0 5.73767
    endloop
  endfacet
  facet normal 0 -1 0
    outer loop
      vertex 79.1029 0 5.69834
      vertex 81.2275 0 5.31285
      vertex 79.2074 0 5.71604
    endloop
  endfacet
  facet normal 0 -1 0
    outer loop
      vertex 78.9955 0 5.68456
      vertex 81.2275 0 5.31285
      vertex 79.1029 0 5.69834
    endloop
  endfacet
  facet normal 0 -1 0
    outer loop
      vertex 78.8852 0 5.67473
      vertex 81.2275 0 5.31285
      vertex 78.9955 0 5.68456
    endloop
  endfacet
  facet normal 0 -1 0
    outer loop
      vertex 78.772 0 5.66883
      vertex 81.2275 0 5.31285
      vertex 78.8852 0 5.67473
    endloop
  endfacet
  facet normal 0 -1 0
    outer loop
      vertex 81.2275 0 5.31285
      vertex 78.772 0 5.66883
      vertex 78.6558 0 5.66686
    endloop
  endfacet
  facet normal 0 -1 0
    outer loop
      vertex 78.7903 0 9.3777
      vertex 86.1591 0 9.38163
      vertex 78.607 0 9.38163
    endloop
  endfacet
  facet normal 0 -1 0
    outer loop
      vertex 78.9657 0 9.36595
      vertex 86.1591 0 9.38163
      vertex 78.7903 0 9.3777
    endloop
  endfacet
  facet normal 0 -1 0
    outer loop
      vertex 79.1332 0 9.34636
      vertex 86.1591 0 9.38163
      vertex 78.9657 0 9.36595
    endloop
  endfacet
  facet normal 0 -1 0
    outer loop
      vertex 79.293 0 9.31894
      vertex 86.1591 0 9.38163
      vertex 79.1332 0 9.34636
    endloop
  endfacet
  facet normal 0 -1 0
    outer loop
      vertex 79.4449 0 9.28369
      vertex 86.1591 0 9.38163
      vertex 79.293 0 9.31894
    endloop
  endfacet
  facet normal 0 -1 0
    outer loop
      vertex 79.5889 0 9.2406
      vertex 86.1591 0 9.38163
      vertex 79.4449 0 9.28369
    endloop
  endfacet
  facet normal 0 -1 0
    outer loop
      vertex 79.7252 0 9.18967
      vertex 86.1591 0 9.38163
      vertex 79.5889 0 9.2406
    endloop
  endfacet
  facet normal 0 -1 0
    outer loop
      vertex 79.8535 0 9.13091
      vertex 86.1591 0 9.38163
      vertex 79.7252 0 9.18967
    endloop
  endfacet
  facet normal 0 -1 0
    outer loop
      vertex 79.9741 0 9.06432
      vertex 86.1591 0 9.38163
      vertex 79.8535 0 9.13091
    endloop
  endfacet
  facet normal 0 -1 0
    outer loop
      vertex 80.0868 0 8.98989
      vertex 86.1591 0 9.38163
      vertex 79.9741 0 9.06432
    endloop
  endfacet
  facet normal 0 -1 0
    outer loop
      vertex 80.1917 0 8.90763
      vertex 86.1591 0 9.38163
      vertex 80.0868 0 8.98989
    endloop
  endfacet
  facet normal 0 -1 0
    outer loop
      vertex 80.2881 0 8.81819
      vertex 86.1591 0 9.38163
      vertex 80.1917 0 8.90763
    endloop
  endfacet
  facet normal 0 -1 0
    outer loop
      vertex 80.3753 0 8.72228
      vertex 86.1591 0 9.38163
      vertex 80.2881 0 8.81819
    endloop
  endfacet
  facet normal 0 -1 0
    outer loop
      vertex 80.4534 0 8.61986
      vertex 86.1591 0 9.38163
      vertex 80.3753 0 8.72228
    endloop
  endfacet
  facet normal 0 -1 0
    outer loop
      vertex 80.5222 0 8.51097
      vertex 86.1591 0 9.38163
      vertex 80.4534 0 8.61986
    endloop
  endfacet
  facet normal 0 -1 0
    outer loop
      vertex 80.5819 0 8.39557
      vertex 86.1591 0 9.38163
      vertex 80.5222 0 8.51097
    endloop
  endfacet
  facet normal 0 -1 0
    outer loop
      vertex 80.6324 0 8.2737
      vertex 86.1591 0 9.38163
      vertex 80.5819 0 8.39557
    endloop
  endfacet
  facet normal 0 -1 0
    outer loop
      vertex 83.3433 0 6.30568
      vertex 80.6324 0 8.2737
      vertex 80.6737 0 8.14533
    endloop
  endfacet
  facet normal 0 -1 0
    outer loop
      vertex 83.3433 0 6.30568
      vertex 80.6737 0 8.14533
      vertex 80.7058 0 8.01046
    endloop
  endfacet
  facet normal 0 -1 0
    outer loop
      vertex 83.3433 0 6.30568
      vertex 80.7058 0 8.01046
      vertex 80.7288 0 7.8691
    endloop
  endfacet
  facet normal 0 -1 0
    outer loop
      vertex 83.3433 0 6.30568
      vertex 80.7288 0 7.8691
      vertex 80.7425 0 7.72126
    endloop
  endfacet
  facet normal 0 -1 0
    outer loop
      vertex 83.3433 0 6.30568
      vertex 80.7425 0 7.72126
      vertex 80.7471 0 7.56693
    endloop
  endfacet
  facet normal 0 -1 0
    outer loop
      vertex 83.3433 0 6.30568
      vertex 80.7471 0 7.56693
      vertex 80.7451 0 7.46729
    endloop
  endfacet
  facet normal 0 -1 0
    outer loop
      vertex 81.2275 0 6.30568
      vertex 80.7451 0 7.46729
      vertex 80.7388 0 7.36962
    endloop
  endfacet
  facet normal 0 -1 0
    outer loop
      vertex 81.2275 0 6.30568
      vertex 80.7388 0 7.36962
      vertex 80.7284 0 7.27388
    endloop
  endfacet
  facet normal 0 -1 0
    outer loop
      vertex 81.2275 0 6.30568
      vertex 80.7284 0 7.27388
      vertex 80.7138 0 7.1801
    endloop
  endfacet
  facet normal 0 -1 0
    outer loop
      vertex 81.2275 0 6.30568
      vertex 80.7138 0 7.1801
      vertex 80.695 0 7.08827
    endloop
  endfacet
  facet normal 0 -1 0
    outer loop
      vertex 81.2275 0 6.30568
      vertex 80.695 0 7.08827
      vertex 80.6721 0 6.9984
    endloop
  endfacet
  facet normal 0 -1 0
    outer loop
      vertex 81.2275 0 6.30568
      vertex 80.6721 0 6.9984
      vertex 80.645 0 6.91046
    endloop
  endfacet
  facet normal 0 -1 0
    outer loop
      vertex 81.2275 0 6.30568
      vertex 80.645 0 6.91046
      vertex 80.6137 0 6.82448
    endloop
  endfacet
  facet normal 0 -1 0
    outer loop
      vertex 81.2275 0 6.30568
      vertex 80.6137 0 6.82448
      vertex 80.5782 0 6.74045
    endloop
  endfacet
  facet normal 0 -1 0
    outer loop
      vertex 81.2275 0 6.30568
      vertex 80.5782 0 6.74045
      vertex 80.5386 0 6.65837
    endloop
  endfacet
  facet normal 0 -1 0
    outer loop
      vertex 81.2275 0 6.30568
      vertex 80.5386 0 6.65837
      vertex 80.4948 0 6.57823
    endloop
  endfacet
  facet normal 0 -1 0
    outer loop
      vertex 81.2275 0 6.30568
      vertex 80.4948 0 6.57823
      vertex 80.4472 0 6.50072
    endloop
  endfacet
  facet normal 0 -1 0
    outer loop
      vertex 81.2275 0 6.30568
      vertex 80.4472 0 6.50072
      vertex 80.3959 0 6.42647
    endloop
  endfacet
  facet normal 0 -1 0
    outer loop
      vertex 81.2275 0 6.30568
      vertex 80.3959 0 6.42647
      vertex 80.3411 0 6.35547
    endloop
  endfacet
  facet normal 0 -1 0
    outer loop
      vertex 80.7451 0 7.46729
      vertex 81.2275 0 6.30568
      vertex 83.3433 0 6.30568
    endloop
  endfacet
  facet normal 0 -1 0
    outer loop
      vertex 80.6324 0 8.2737
      vertex 83.3433 0 6.30568
      vertex 86.1591 0 9.38163
    endloop
  endfacet
  facet normal 0 -1 0
    outer loop
      vertex 83.3433 0 6.30568
      vertex 83.7382 0 5.67502
      vertex 86.1591 0 9.38163
    endloop
  endfacet
  facet normal 0 -1 0
    outer loop
      vertex 83.3433 0 5.31285
      vertex 83.7382 0 5.67502
      vertex 83.3433 0 6.30568
    endloop
  endfacet
  facet normal 0 -1 -0
    outer loop
      vertex 83.7382 0 5.67502
      vertex 83.3433 0 5.31285
      vertex 83.7382 0 4.81647
    endloop
  endfacet
  facet normal 0 -1 0
    outer loop
      vertex 74.9707 0 3.64876
      vertex 76.0314 0 9.38163
      vertex 74.9707 0 9.38163
    endloop
  endfacet
  facet normal 0 -1 -0
    outer loop
      vertex 76.0314 0 9.38163
      vertex 74.9707 0 3.64876
      vertex 76.0314 0 3.64876
    endloop
  endfacet
  facet normal 0 -1 0
    outer loop
      vertex 70.2265 0 9.37558
      vertex 73.7704 0 9.38163
      vertex 69.9685 0 9.38163
    endloop
  endfacet
  facet normal 0 -1 0
    outer loop
      vertex 70.4736 0 9.35747
      vertex 73.7704 0 9.38163
      vertex 70.2265 0 9.37558
    endloop
  endfacet
  facet normal 0 -1 0
    outer loop
      vertex 70.7099 0 9.3273
      vertex 73.7704 0 9.38163
      vertex 70.4736 0 9.35747
    endloop
  endfacet
  facet normal 0 -1 0
    outer loop
      vertex 70.9353 0 9.28504
      vertex 73.7704 0 9.38163
      vertex 70.7099 0 9.3273
    endloop
  endfacet
  facet normal 0 -1 0
    outer loop
      vertex 71.15 0 9.23072
      vertex 73.7704 0 9.38163
      vertex 70.9353 0 9.28504
    endloop
  endfacet
  facet normal 0 -1 0
    outer loop
      vertex 71.3538 0 9.16432
      vertex 73.7704 0 9.38163
      vertex 71.15 0 9.23072
    endloop
  endfacet
  facet normal 0 -1 0
    outer loop
      vertex 71.5467 0 9.08585
      vertex 73.7704 0 9.38163
      vertex 71.3538 0 9.16432
    endloop
  endfacet
  facet normal 0 -1 0
    outer loop
      vertex 71.7289 0 8.9953
      vertex 73.7704 0 9.38163
      vertex 71.5467 0 9.08585
    endloop
  endfacet
  facet normal 0 -1 0
    outer loop
      vertex 71.9002 0 8.89269
      vertex 73.7704 0 9.38163
      vertex 71.7289 0 8.9953
    endloop
  endfacet
  facet normal 0 -1 0
    outer loop
      vertex 72.0607 0 8.778
      vertex 73.7704 0 9.38163
      vertex 71.9002 0 8.89269
    endloop
  endfacet
  facet normal 0 -1 0
    outer loop
      vertex 72.2104 0 8.65125
      vertex 73.7704 0 9.38163
      vertex 72.0607 0 8.778
    endloop
  endfacet
  facet normal 0 -1 0
    outer loop
      vertex 72.3481 0 8.51323
      vertex 73.7704 0 9.38163
      vertex 72.2104 0 8.65125
    endloop
  endfacet
  facet normal 0 -1 0
    outer loop
      vertex 72.4727 0 8.36475
      vertex 73.7704 0 9.38163
      vertex 72.3481 0 8.51323
    endloop
  endfacet
  facet normal 0 -1 0
    outer loop
      vertex 72.5841 0 8.20583
      vertex 73.7704 0 9.38163
      vertex 72.4727 0 8.36475
    endloop
  endfacet
  facet normal 0 -1 0
    outer loop
      vertex 72.6825 0 8.03644
      vertex 73.7704 0 9.38163
      vertex 72.5841 0 8.20583
    endloop
  endfacet
  facet normal 0 -1 0
    outer loop
      vertex 72.7677 0 7.85659
      vertex 73.7704 0 9.38163
      vertex 72.6825 0 8.03644
    endloop
  endfacet
  facet normal 0 -1 0
    outer loop
      vertex 72.8399 0 7.66629
      vertex 73.7704 0 9.38163
      vertex 72.7677 0 7.85659
    endloop
  endfacet
  facet normal 0 -1 0
    outer loop
      vertex 72.8989 0 7.46553
      vertex 73.7704 0 9.38163
      vertex 72.8399 0 7.66629
    endloop
  endfacet
  facet normal 0 -1 0
    outer loop
      vertex 72.9448 0 7.25431
      vertex 73.7704 0 9.38163
      vertex 72.8989 0 7.46553
    endloop
  endfacet
  facet normal 0 -1 0
    outer loop
      vertex 72.9776 0 7.03263
      vertex 73.7704 0 9.38163
      vertex 72.9448 0 7.25431
    endloop
  endfacet
  facet normal 0 -1 0
    outer loop
      vertex 72.9973 0 6.80049
      vertex 73.7704 0 9.38163
      vertex 72.9776 0 7.03263
    endloop
  endfacet
  facet normal 0 -1 0
    outer loop
      vertex 73.0038 0 6.55789
      vertex 73.7704 0 9.38163
      vertex 72.9973 0 6.80049
    endloop
  endfacet
  facet normal 0 -1 0
    outer loop
      vertex 73.7704 0 3.64876
      vertex 73.0038 0 6.55789
      vertex 73.0009 0 6.39852
    endloop
  endfacet
  facet normal 0 -1 0
    outer loop
      vertex 73.7704 0 3.64876
      vertex 73.0009 0 6.39852
      vertex 72.9923 0 6.24285
    endloop
  endfacet
  facet normal 0 -1 0
    outer loop
      vertex 73.7704 0 3.64876
      vertex 72.9923 0 6.24285
      vertex 72.9779 0 6.0909
    endloop
  endfacet
  facet normal 0 -1 0
    outer loop
      vertex 73.7704 0 3.64876
      vertex 72.9779 0 6.0909
      vertex 72.9578 0 5.94269
    endloop
  endfacet
  facet normal 0 -1 0
    outer loop
      vertex 73.7704 0 3.64876
      vertex 72.9578 0 5.94269
      vertex 72.9319 0 5.79822
    endloop
  endfacet
  facet normal 0 -1 0
    outer loop
      vertex 73.7704 0 3.64876
      vertex 72.9319 0 5.79822
      vertex 72.9003 0 5.65747
    endloop
  endfacet
  facet normal 0 -1 0
    outer loop
      vertex 73.0038 0 6.55789
      vertex 73.7704 0 3.64876
      vertex 73.7704 0 9.38163
    endloop
  endfacet
  facet normal 0 -1 0
    outer loop
      vertex 72.8629 0 5.52046
      vertex 73.7704 0 3.64876
      vertex 72.9003 0 5.65747
    endloop
  endfacet
  facet normal 0 -1 0
    outer loop
      vertex 72.8198 0 5.38718
      vertex 73.7704 0 3.64876
      vertex 72.8629 0 5.52046
    endloop
  endfacet
  facet normal 0 -1 0
    outer loop
      vertex 72.7709 0 5.25763
      vertex 73.7704 0 3.64876
      vertex 72.8198 0 5.38718
    endloop
  endfacet
  facet normal 0 -1 0
    outer loop
      vertex 72.7163 0 5.13182
      vertex 73.7704 0 3.64876
      vertex 72.7709 0 5.25763
    endloop
  endfacet
  facet normal 0 -1 0
    outer loop
      vertex 72.6559 0 5.00974
      vertex 73.7704 0 3.64876
      vertex 72.7163 0 5.13182
    endloop
  endfacet
  facet normal 0 -1 0
    outer loop
      vertex 72.5903 0 4.89211
      vertex 73.7704 0 3.64876
      vertex 72.6559 0 5.00974
    endloop
  endfacet
  facet normal 0 -1 0
    outer loop
      vertex 72.5199 0 4.7796
      vertex 73.7704 0 3.64876
      vertex 72.5903 0 4.89211
    endloop
  endfacet
  facet normal 0 -1 0
    outer loop
      vertex 72.4447 0 4.67226
      vertex 73.7704 0 3.64876
      vertex 72.5199 0 4.7796
    endloop
  endfacet
  facet normal 0 -1 0
    outer loop
      vertex 72.3647 0 4.57006
      vertex 73.7704 0 3.64876
      vertex 72.4447 0 4.67226
    endloop
  endfacet
  facet normal 0 -1 0
    outer loop
      vertex 72.28 0 4.47301
      vertex 73.7704 0 3.64876
      vertex 72.3647 0 4.57006
    endloop
  endfacet
  facet normal 0 -1 0
    outer loop
      vertex 72.1905 0 4.38109
      vertex 73.7704 0 3.64876
      vertex 72.28 0 4.47301
    endloop
  endfacet
  facet normal 0 -1 0
    outer loop
      vertex 72.0962 0 4.29431
      vertex 73.7704 0 3.64876
      vertex 72.1905 0 4.38109
    endloop
  endfacet
  facet normal 0 -1 0
    outer loop
      vertex 71.9971 0 4.2127
      vertex 73.7704 0 3.64876
      vertex 72.0962 0 4.29431
    endloop
  endfacet
  facet normal 0 -1 0
    outer loop
      vertex 71.8933 0 4.1362
      vertex 73.7704 0 3.64876
      vertex 71.9971 0 4.2127
    endloop
  endfacet
  facet normal 0 -1 0
    outer loop
      vertex 71.7847 0 4.06487
      vertex 73.7704 0 3.64876
      vertex 71.8933 0 4.1362
    endloop
  endfacet
  facet normal 0 -1 0
    outer loop
      vertex 71.6713 0 3.99868
      vertex 73.7704 0 3.64876
      vertex 71.7847 0 4.06487
    endloop
  endfacet
  facet normal 0 -1 0
    outer loop
      vertex 71.554 0 3.93795
      vertex 73.7704 0 3.64876
      vertex 71.6713 0 3.99868
    endloop
  endfacet
  facet normal 0 -1 0
    outer loop
      vertex 71.4336 0 3.883
      vertex 73.7704 0 3.64876
      vertex 71.554 0 3.93795
    endloop
  endfacet
  facet normal 0 -1 0
    outer loop
      vertex 71.3102 0 3.83383
      vertex 73.7704 0 3.64876
      vertex 71.4336 0 3.883
    endloop
  endfacet
  facet normal 0 -1 0
    outer loop
      vertex 71.1837 0 3.79045
      vertex 73.7704 0 3.64876
      vertex 71.3102 0 3.83383
    endloop
  endfacet
  facet normal 0 -1 0
    outer loop
      vertex 71.0542 0 3.75287
      vertex 73.7704 0 3.64876
      vertex 71.1837 0 3.79045
    endloop
  endfacet
  facet normal 0 -1 0
    outer loop
      vertex 70.9216 0 3.72106
      vertex 73.7704 0 3.64876
      vertex 71.0542 0 3.75287
    endloop
  endfacet
  facet normal 0 -1 0
    outer loop
      vertex 70.7859 0 3.69503
      vertex 73.7704 0 3.64876
      vertex 70.9216 0 3.72106
    endloop
  endfacet
  facet normal 0 -1 0
    outer loop
      vertex 70.6472 0 3.67478
      vertex 73.7704 0 3.64876
      vertex 70.7859 0 3.69503
    endloop
  endfacet
  facet normal 0 -1 0
    outer loop
      vertex 70.5054 0 3.66033
      vertex 73.7704 0 3.64876
      vertex 70.6472 0 3.67478
    endloop
  endfacet
  facet normal 0 -1 0
    outer loop
      vertex 70.3605 0 3.65164
      vertex 73.7704 0 3.64876
      vertex 70.5054 0 3.66033
    endloop
  endfacet
  facet normal 0 -1 0
    outer loop
      vertex 73.7704 0 3.64876
      vertex 70.3605 0 3.65164
      vertex 70.2126 0 3.64876
    endloop
  endfacet
  facet normal 0 -1 0
    outer loop
      vertex 6 0 12.91
      vertex 90.4694 0 9.46706
      vertex 154 0 12.91
    endloop
  endfacet
  facet normal 0 -1 0
    outer loop
      vertex 6 0 12.91
      vertex 90.343 0 9.46451
      vertex 90.4694 0 9.46706
    endloop
  endfacet
  facet normal 0 -1 0
    outer loop
      vertex 73.7704 0 9.38163
      vertex 90.343 0 9.46451
      vertex 6 0 12.91
    endloop
  endfacet
  facet normal 0 -1 0
    outer loop
      vertex 74.9707 0 9.38163
      vertex 90.343 0 9.46451
      vertex 73.7704 0 9.38163
    endloop
  endfacet
  facet normal 0 -1 0
    outer loop
      vertex 76.0314 0 9.38163
      vertex 90.343 0 9.46451
      vertex 74.9707 0 9.38163
    endloop
  endfacet
  facet normal 0 -1 0
    outer loop
      vertex 78.607 0 9.38163
      vertex 90.343 0 9.46451
      vertex 76.0314 0 9.38163
    endloop
  endfacet
  facet normal 0 -1 0
    outer loop
      vertex 69.9685 0 9.38163
      vertex 6 0 12.91
      vertex 67.8934 0 9.38163
    endloop
  endfacet
  facet normal 0 -1 0
    outer loop
      vertex 6 0 12.91
      vertex 67.8934 0 3.64876
      vertex 67.8934 0 9.38163
    endloop
  endfacet
  facet normal 0 0 0
    outer loop
      vertex 67.8934 0 3.64876
      vertex 73.7704 0 3.64876
      vertex 70.2126 0 3.64876
    endloop
  endfacet
  facet normal 0 0 0
    outer loop
      vertex 67.8934 0 3.64876
      vertex 74.9707 0 3.64876
      vertex 73.7704 0 3.64876
    endloop
  endfacet
  facet normal 0 0 0
    outer loop
      vertex 67.8934 0 3.64876
      vertex 76.0314 0 3.64876
      vertex 74.9707 0 3.64876
    endloop
  endfacet
  facet normal 0 0 0
    outer loop
      vertex 67.8934 0 3.64876
      vertex 77.2318 0 3.64876
      vertex 76.0314 0 3.64876
    endloop
  endfacet
  facet normal 0 -1 0
    outer loop
      vertex 6 0 0
      vertex 77.2318 0 3.64876
      vertex 67.8934 0 3.64876
    endloop
  endfacet
  facet normal 0 -1 0
    outer loop
      vertex 77.2318 0 3.64876
      vertex 90.4369 0 3.5674
      vertex 86.3463 0 3.64876
    endloop
  endfacet
  facet normal 0 -1 0
    outer loop
      vertex 86.3463 0 3.64876
      vertex 90.4369 0 3.5674
      vertex 87.4367 0 3.64876
    endloop
  endfacet
  facet normal 0 -1 0
    outer loop
      vertex 87.4367 0 3.64876
      vertex 90.4369 0 3.5674
      vertex 90.0951 0 3.59177
    endloop
  endfacet
  facet normal 0 -1 -0
    outer loop
      vertex 77.2318 0 3.64876
      vertex 6 0 0
      vertex 90.4369 0 3.5674
    endloop
  endfacet
  facet normal 0 -1 0
    outer loop
      vertex 6 0 0
      vertex 67.8934 0 3.64876
      vertex 6 0 12.91
    endloop
  endfacet
  facet normal 0 -1 0
    outer loop
      vertex 90.6499 0 9.46097
      vertex 154 0 12.91
      vertex 90.4694 0 9.46706
    endloop
  endfacet
  facet normal 0 -1 0
    outer loop
      vertex 90.8213 0 9.44272
      vertex 154 0 12.91
      vertex 90.6499 0 9.46097
    endloop
  endfacet
  facet normal 0 -1 0
    outer loop
      vertex 90.9837 0 9.41228
      vertex 154 0 12.91
      vertex 90.8213 0 9.44272
    endloop
  endfacet
  facet normal 0 -1 0
    outer loop
      vertex 91.1371 0 9.36968
      vertex 154 0 12.91
      vertex 90.9837 0 9.41228
    endloop
  endfacet
  facet normal 0 -1 0
    outer loop
      vertex 91.2815 0 9.3149
      vertex 154 0 12.91
      vertex 91.1371 0 9.36968
    endloop
  endfacet
  facet normal 0 -1 0
    outer loop
      vertex 91.4169 0 9.24796
      vertex 154 0 12.91
      vertex 91.2815 0 9.3149
    endloop
  endfacet
  facet normal 0 -1 0
    outer loop
      vertex 91.5432 0 9.16884
      vertex 154 0 12.91
      vertex 91.4169 0 9.24796
    endloop
  endfacet
  facet normal 0 -1 0
    outer loop
      vertex 91.6606 0 9.07753
      vertex 154 0 12.91
      vertex 91.5432 0 9.16884
    endloop
  endfacet
  facet normal 0 -1 0
    outer loop
      vertex 91.7689 0 8.97408
      vertex 154 0 12.91
      vertex 91.6606 0 9.07753
    endloop
  endfacet
  facet normal 0 -1 0
    outer loop
      vertex 91.8683 0 8.85843
      vertex 154 0 12.91
      vertex 91.7689 0 8.97408
    endloop
  endfacet
  facet normal 0 -1 0
    outer loop
      vertex 91.9586 0 8.73062
      vertex 154 0 12.91
      vertex 91.8683 0 8.85843
    endloop
  endfacet
  facet normal 0 -1 0
    outer loop
      vertex 92.0405 0 8.59061
      vertex 154 0 12.91
      vertex 91.9586 0 8.73062
    endloop
  endfacet
  facet normal 0 -1 0
    outer loop
      vertex 92.1146 0 8.43834
      vertex 154 0 12.91
      vertex 92.0405 0 8.59061
    endloop
  endfacet
  facet normal 0 -1 0
    outer loop
      vertex 92.1809 0 8.27385
      vertex 154 0 12.91
      vertex 92.1146 0 8.43834
    endloop
  endfacet
  facet normal 0 -1 0
    outer loop
      vertex 92.2394 0 8.09711
      vertex 154 0 12.91
      vertex 92.1809 0 8.27385
    endloop
  endfacet
  facet normal 0 -1 0
    outer loop
      vertex 92.2901 0 7.90813
      vertex 154 0 12.91
      vertex 92.2394 0 8.09711
    endloop
  endfacet
  facet normal 0 -1 0
    outer loop
      vertex 92.333 0 7.70691
      vertex 154 0 12.91
      vertex 92.2901 0 7.90813
    endloop
  endfacet
  facet normal 0 -1 0
    outer loop
      vertex 92.3681 0 7.49346
      vertex 154 0 12.91
      vertex 92.333 0 7.70691
    endloop
  endfacet
  facet normal 0 -1 0
    outer loop
      vertex 92.3954 0 7.26776
      vertex 154 0 12.91
      vertex 92.3681 0 7.49346
    endloop
  endfacet
  facet normal 0 -1 0
    outer loop
      vertex 92.4149 0 7.02982
      vertex 154 0 12.91
      vertex 92.3954 0 7.26776
    endloop
  endfacet
  facet normal 0 -1 0
    outer loop
      vertex 92.4266 0 6.77964
      vertex 154 0 12.91
      vertex 92.4149 0 7.02982
    endloop
  endfacet
  facet normal 0 -1 0
    outer loop
      vertex 92.4305 0 6.51721
      vertex 154 0 12.91
      vertex 92.4266 0 6.77964
    endloop
  endfacet
  facet normal 0 -1 0
    outer loop
      vertex 154 0 0
      vertex 92.4305 0 6.51721
      vertex 92.4264 0 6.25896
    endloop
  endfacet
  facet normal 0 -1 0
    outer loop
      vertex 154 0 0
      vertex 92.4264 0 6.25896
      vertex 92.4141 0 6.01232
    endloop
  endfacet
  facet normal 0 -1 0
    outer loop
      vertex 154 0 0
      vertex 92.4141 0 6.01232
      vertex 92.3935 0 5.7773
    endloop
  endfacet
  facet normal 0 -1 0
    outer loop
      vertex 154 0 0
      vertex 92.3935 0 5.7773
      vertex 92.3646 0 5.55391
    endloop
  endfacet
  facet normal 0 -1 0
    outer loop
      vertex 154 0 0
      vertex 92.3646 0 5.55391
      vertex 92.3276 0 5.34217
    endloop
  endfacet
  facet normal 0 -1 0
    outer loop
      vertex 154 0 0
      vertex 92.3276 0 5.34217
      vertex 92.2823 0 5.14206
    endloop
  endfacet
  facet normal 0 -1 0
    outer loop
      vertex 154 0 0
      vertex 92.2823 0 5.14206
      vertex 92.2287 0 4.95359
    endloop
  endfacet
  facet normal 0 -1 0
    outer loop
      vertex 154 0 0
      vertex 92.2287 0 4.95359
      vertex 92.1669 0 4.77674
    endloop
  endfacet
  facet normal 0 -1 0
    outer loop
      vertex 154 0 0
      vertex 92.1669 0 4.77674
      vertex 92.0969 0 4.61153
    endloop
  endfacet
  facet normal 0 -1 0
    outer loop
      vertex 154 0 0
      vertex 92.0969 0 4.61153
      vertex 92.0186 0 4.45796
    endloop
  endfacet
  facet normal 0 -1 0
    outer loop
      vertex 154 0 0
      vertex 92.0186 0 4.45796
      vertex 91.9321 0 4.31601
    endloop
  endfacet
  facet normal 0 -1 0
    outer loop
      vertex 154 0 0
      vertex 91.9321 0 4.31601
      vertex 91.8374 0 4.1861
    endloop
  endfacet
  facet normal 0 -1 0
    outer loop
      vertex 154 0 0
      vertex 91.8374 0 4.1861
      vertex 91.7344 0 4.06855
    endloop
  endfacet
  facet normal 0 -1 0
    outer loop
      vertex 154 0 0
      vertex 91.7344 0 4.06855
      vertex 91.6232 0 3.96337
    endloop
  endfacet
  facet normal 0 -1 0
    outer loop
      vertex 154 0 0
      vertex 91.6232 0 3.96337
      vertex 91.5037 0 3.87056
    endloop
  endfacet
  facet normal 0 -1 0
    outer loop
      vertex 154 0 0
      vertex 91.5037 0 3.87056
      vertex 91.376 0 3.79013
    endloop
  endfacet
  facet normal 0 -1 0
    outer loop
      vertex 154 0 0
      vertex 91.376 0 3.79013
      vertex 91.2401 0 3.72206
    endloop
  endfacet
  facet normal 0 -1 0
    outer loop
      vertex 154 0 0
      vertex 91.2401 0 3.72206
      vertex 91.0959 0 3.66638
    endloop
  endfacet
  facet normal 0 -1 0
    outer loop
      vertex 154 0 0
      vertex 91.0959 0 3.66638
      vertex 90.9435 0 3.62308
    endloop
  endfacet
  facet normal 0 -1 0
    outer loop
      vertex 154 0 0
      vertex 90.9435 0 3.62308
      vertex 90.7829 0 3.59215
    endloop
  endfacet
  facet normal 0 -1 0
    outer loop
      vertex 154 0 0
      vertex 90.4369 0 3.5674
      vertex 6 0 0
    endloop
  endfacet
  facet normal 0 -1 0
    outer loop
      vertex 92.4305 0 6.51721
      vertex 154 0 0
      vertex 154 0 12.91
    endloop
  endfacet
  facet normal 0 -1 0
    outer loop
      vertex 90.614 0 3.57358
      vertex 154 0 0
      vertex 90.7829 0 3.59215
    endloop
  endfacet
  facet normal 0 -1 0
    outer loop
      vertex 90.4369 0 3.5674
      vertex 154 0 0
      vertex 90.614 0 3.57358
    endloop
  endfacet
  facet normal 0 -1 0
    outer loop
      vertex 73.7704 0 9.38163
      vertex 6 0 12.91
      vertex 69.9685 0 9.38163
    endloop
  endfacet
  facet normal 0 -1 0
    outer loop
      vertex 86.1591 0 9.38163
      vertex 90.343 0 9.46451
      vertex 78.607 0 9.38163
    endloop
  endfacet
  facet normal 0 -1 0
    outer loop
      vertex 87.4367 0 9.38163
      vertex 90.343 0 9.46451
      vertex 86.1591 0 9.38163
    endloop
  endfacet
  facet normal 0 -1 0
    outer loop
      vertex 90.343 0 9.46451
      vertex 87.4367 0 9.38163
      vertex 90.2211 0 9.45684
    endloop
  endfacet
  facet normal 0 -1 0
    outer loop
      vertex 90.2211 0 9.45684
      vertex 87.4367 0 9.38163
      vertex 90.1038 0 9.44406
    endloop
  endfacet
  facet normal 0 -1 0
    outer loop
      vertex 90.1038 0 9.44406
      vertex 87.4367 0 9.38163
      vertex 89.9911 0 9.42617
    endloop
  endfacet
  facet normal 0 -1 0
    outer loop
      vertex 89.9911 0 9.42617
      vertex 87.4367 0 9.38163
      vertex 89.883 0 9.40317
    endloop
  endfacet
  facet normal 0 -1 0
    outer loop
      vertex 87.4367 0 9.38163
      vertex 89.7794 0 9.37506
      vertex 89.883 0 9.40317
    endloop
  endfacet
  facet normal 0 -1 0
    outer loop
      vertex 87.4367 0 9.38163
      vertex 89.6804 0 9.34183
      vertex 89.7794 0 9.37506
    endloop
  endfacet
  facet normal 0 -1 0
    outer loop
      vertex 87.4367 0 9.38163
      vertex 89.586 0 9.3035
      vertex 89.6804 0 9.34183
    endloop
  endfacet
  facet normal 0 -1 0
    outer loop
      vertex 87.4367 0 9.38163
      vertex 89.4961 0 9.26004
      vertex 89.586 0 9.3035
    endloop
  endfacet
  facet normal 0 -1 0
    outer loop
      vertex 87.4367 0 9.38163
      vertex 89.4109 0 9.21149
      vertex 89.4961 0 9.26004
    endloop
  endfacet
  facet normal 0 -1 0
    outer loop
      vertex 87.4367 0 9.38163
      vertex 89.3302 0 9.15782
      vertex 89.4109 0 9.21149
    endloop
  endfacet
  facet normal 0 -1 0
    outer loop
      vertex 87.4367 0 9.38163
      vertex 89.2535 0 9.09877
      vertex 89.3302 0 9.15782
    endloop
  endfacet
  facet normal 0 -1 0
    outer loop
      vertex 87.4367 0 9.38163
      vertex 89.1805 0 9.03408
      vertex 89.2535 0 9.09877
    endloop
  endfacet
  facet normal 0 -1 0
    outer loop
      vertex 87.4367 0 9.38163
      vertex 89.111 0 8.96373
      vertex 89.1805 0 9.03408
    endloop
  endfacet
  facet normal 0 -1 0
    outer loop
      vertex 87.4367 0 9.38163
      vertex 89.045 0 8.88773
      vertex 89.111 0 8.96373
    endloop
  endfacet
  facet normal 0 -1 0
    outer loop
      vertex 87.4367 0 9.38163
      vertex 88.9826 0 8.80608
      vertex 89.045 0 8.88773
    endloop
  endfacet
  facet normal 0 -1 0
    outer loop
      vertex 87.4367 0 9.38163
      vertex 88.9238 0 8.71878
      vertex 88.9826 0 8.80608
    endloop
  endfacet
  facet normal 0 -1 0
    outer loop
      vertex 87.4367 0 9.38163
      vertex 88.8686 0 8.62584
      vertex 88.9238 0 8.71878
    endloop
  endfacet
  facet normal 0 -1 0
    outer loop
      vertex 87.4367 0 9.38163
      vertex 88.8169 0 8.52726
      vertex 88.8686 0 8.62584
    endloop
  endfacet
  facet normal 0 -1 0
    outer loop
      vertex 87.4367 0 9.38163
      vertex 88.7688 0 8.42301
      vertex 88.8169 0 8.52726
    endloop
  endfacet
  facet normal 0 -1 0
    outer loop
      vertex 87.4367 0 9.38163
      vertex 88.7242 0 8.31313
      vertex 88.7688 0 8.42301
    endloop
  endfacet
  facet normal 0 -1 0
    outer loop
      vertex 87.4367 0 9.38163
      vertex 88.6832 0 8.19759
      vertex 88.7242 0 8.31313
    endloop
  endfacet
  facet normal 0 -1 0
    outer loop
      vertex 87.4367 0 9.38163
      vertex 88.6458 0 8.0761
      vertex 88.6832 0 8.19759
    endloop
  endfacet
  facet normal 0 -1 0
    outer loop
      vertex 87.4367 0 9.38163
      vertex 88.612 0 7.94835
      vertex 88.6458 0 8.0761
    endloop
  endfacet
  facet normal 0 -1 0
    outer loop
      vertex 87.4367 0 9.38163
      vertex 88.5816 0 7.81435
      vertex 88.612 0 7.94835
    endloop
  endfacet
  facet normal 0 -1 0
    outer loop
      vertex 87.4367 0 9.38163
      vertex 88.5549 0 7.67409
      vertex 88.5816 0 7.81435
    endloop
  endfacet
  facet normal 0 -1 0
    outer loop
      vertex 87.4367 0 9.38163
      vertex 88.5318 0 7.52759
      vertex 88.5549 0 7.67409
    endloop
  endfacet
  facet normal 0 -1 0
    outer loop
      vertex 87.4367 0 9.38163
      vertex 88.5121 0 7.37484
      vertex 88.5318 0 7.52759
    endloop
  endfacet
  facet normal 0 -1 0
    outer loop
      vertex 87.4367 0 9.38163
      vertex 88.4961 0 7.21582
      vertex 88.5121 0 7.37484
    endloop
  endfacet
  facet normal 0 -1 0
    outer loop
      vertex 87.4367 0 5.66686
      vertex 88.4961 0 7.21582
      vertex 87.4367 0 9.38163
    endloop
  endfacet
  facet normal 0 -1 0
    outer loop
      vertex 88.4961 0 7.21582
      vertex 87.4367 0 5.66686
      vertex 88.4836 0 7.05056
    endloop
  endfacet
  facet normal 0 -1 0
    outer loop
      vertex 88.4836 0 7.05056
      vertex 87.4367 0 5.66686
      vertex 88.4747 0 6.87903
    endloop
  endfacet
  facet normal 0 -1 0
    outer loop
      vertex 88.4747 0 6.87903
      vertex 87.4367 0 5.66686
      vertex 88.4694 0 6.70125
    endloop
  endfacet
  facet normal 0 -1 0
    outer loop
      vertex 88.4694 0 6.70125
      vertex 87.4367 0 5.66686
      vertex 88.4676 0 6.51721
    endloop
  endfacet
  facet normal 0 -1 0
    outer loop
      vertex 88.2016 0 5.66686
      vertex 88.4676 0 6.51721
      vertex 87.4367 0 5.66686
    endloop
  endfacet
  facet normal 0 -1 -0
    outer loop
      vertex 88.4676 0 6.51721
      vertex 88.2016 0 5.66686
      vertex 88.4839 0 6.00528
    endloop
  endfacet
  facet normal 0 -1 0
    outer loop
      vertex 88.2016 0 5.66686
      vertex 88.5327 0 5.54209
      vertex 88.4839 0 6.00528
    endloop
  endfacet
  facet normal 0 -1 0
    outer loop
      vertex 88.2016 0 5.66686
      vertex 88.6141 0 5.12764
      vertex 88.5327 0 5.54209
    endloop
  endfacet
  facet normal 0 -1 0
    outer loop
      vertex 88.2016 0 4.81647
      vertex 88.6141 0 5.12764
      vertex 88.2016 0 5.66686
    endloop
  endfacet
  facet normal 0 -1 -0
    outer loop
      vertex 88.6141 0 5.12764
      vertex 88.2016 0 4.81647
      vertex 88.728 0 4.76197
    endloop
  endfacet
  facet normal 0 -1 0
    outer loop
      vertex 91.0937 0 8.15558
      vertex 90.4613 0 8.57192
      vertex 90.3998 0 8.57033
    endloop
  endfacet
  facet normal 0 -1 0
    outer loop
      vertex 90.4613 0 8.57192
      vertex 91.0937 0 8.15558
      vertex 90.5192 0 8.57035
    endloop
  endfacet
  facet normal 0 -1 0
    outer loop
      vertex 89.7985 0 8.15253
      vertex 90.3998 0 8.57033
      vertex 90.3411 0 8.56554
    endloop
  endfacet
  facet normal -0 -1 -0
    outer loop
      vertex 91.0696 0 8.2088
      vertex 90.5192 0 8.57035
      vertex 91.0937 0 8.15558
    endloop
  endfacet
  facet normal 0 -1 0
    outer loop
      vertex 89.8232 0 8.20583
      vertex 90.3411 0 8.56554
      vertex 90.2852 0 8.55754
    endloop
  endfacet
  facet normal 0 -1 0
    outer loop
      vertex 90.5192 0 8.57035
      vertex 91.0696 0 8.2088
      vertex 90.5745 0 8.5656
    endloop
  endfacet
  facet normal 0 -1 0
    outer loop
      vertex 89.8495 0 8.25508
      vertex 90.2852 0 8.55754
      vertex 90.2321 0 8.54637
    endloop
  endfacet
  facet normal 0 -1 0
    outer loop
      vertex 90.5745 0 8.5656
      vertex 91.0439 0 8.25794
      vertex 90.6273 0 8.5577
    endloop
  endfacet
  facet normal 0 -1 0
    outer loop
      vertex 89.8495 0 8.25508
      vertex 90.2321 0 8.54637
      vertex 90.1818 0 8.53199
    endloop
  endfacet
  facet normal 0 -1 0
    outer loop
      vertex 90.6273 0 8.5577
      vertex 91.0439 0 8.25794
      vertex 90.6776 0 8.54663
    endloop
  endfacet
  facet normal 0 -1 0
    outer loop
      vertex 89.8774 0 8.30031
      vertex 90.1818 0 8.53199
      vertex 90.1342 0 8.51442
    endloop
  endfacet
  facet normal -0 -1 -0
    outer loop
      vertex 91.0167 0 8.30297
      vertex 90.6776 0 8.54663
      vertex 91.0439 0 8.25794
    endloop
  endfacet
  facet normal 0 -1 0
    outer loop
      vertex 89.8774 0 8.30031
      vertex 90.1342 0 8.51442
      vertex 90.0895 0 8.49366
    endloop
  endfacet
  facet normal 0 -1 0
    outer loop
      vertex 90.7252 0 8.53241
      vertex 91.0167 0 8.30297
      vertex 90.7704 0 8.51503
    endloop
  endfacet
  facet normal 0 -1 0
    outer loop
      vertex 89.9071 0 8.34151
      vertex 90.0895 0 8.49366
      vertex 90.0475 0 8.4697
    endloop
  endfacet
  facet normal -0 -1 -0
    outer loop
      vertex 90.988 0 8.34389
      vertex 90.7704 0 8.51503
      vertex 91.0167 0 8.30297
    endloop
  endfacet
  facet normal 0 -1 0
    outer loop
      vertex 89.9071 0 8.34151
      vertex 90.0475 0 8.4697
      vertex 90.0084 0 8.44255
    endloop
  endfacet
  facet normal 0 -1 0
    outer loop
      vertex 90.8129 0 8.49448
      vertex 90.988 0 8.34389
      vertex 90.853 0 8.47078
    endloop
  endfacet
  facet normal 0 -1 0
    outer loop
      vertex 89.9071 0 8.34151
      vertex 90.0084 0 8.44255
      vertex 89.972 0 8.4122
    endloop
  endfacet
  facet normal 0 -1 0
    outer loop
      vertex 90.853 0 8.47078
      vertex 90.988 0 8.34389
      vertex 90.8904 0 8.44391
    endloop
  endfacet
  facet normal 0 -1 0
    outer loop
      vertex 89.9071 0 8.34151
      vertex 89.972 0 8.4122
      vertex 89.9384 0 8.37866
    endloop
  endfacet
  facet normal 0 -1 0
    outer loop
      vertex 90.9253 0 8.41388
      vertex 90.988 0 8.34389
      vertex 90.9577 0 8.38071
    endloop
  endfacet
  facet normal 0 -1 0
    outer loop
      vertex 90.0895 0 8.49366
      vertex 89.9071 0 8.34151
      vertex 89.8774 0 8.30031
    endloop
  endfacet
  facet normal 0 -1 0
    outer loop
      vertex 90.8904 0 8.44391
      vertex 90.988 0 8.34389
      vertex 90.9253 0 8.41388
    endloop
  endfacet
  facet normal 0 -1 0
    outer loop
      vertex 90.1818 0 8.53199
      vertex 89.8774 0 8.30031
      vertex 89.8495 0 8.25508
    endloop
  endfacet
  facet normal 0 -1 0
    outer loop
      vertex 90.7704 0 8.51503
      vertex 90.988 0 8.34389
      vertex 90.8129 0 8.49448
    endloop
  endfacet
  facet normal 0 -1 0
    outer loop
      vertex 90.2852 0 8.55754
      vertex 89.8495 0 8.25508
      vertex 89.8232 0 8.20583
    endloop
  endfacet
  facet normal 0 -1 0
    outer loop
      vertex 90.6776 0 8.54663
      vertex 91.0167 0 8.30297
      vertex 90.7252 0 8.53241
    endloop
  endfacet
  facet normal 0 -1 0
    outer loop
      vertex 90.3411 0 8.56554
      vertex 89.8232 0 8.20583
      vertex 89.7985 0 8.15253
    endloop
  endfacet
  facet normal -0 -1 -0
    outer loop
      vertex 91.0439 0 8.25794
      vertex 90.5745 0 8.5656
      vertex 91.0696 0 8.2088
    endloop
  endfacet
  facet normal 0 -1 -0
    outer loop
      vertex 90.3998 0 8.57033
      vertex 89.7985 0 8.15253
      vertex 91.0937 0 8.15558
    endloop
  endfacet
  facet normal 0 -1 0
    outer loop
      vertex 89.7985 0 8.15253
      vertex 91.1162 0 8.09825
      vertex 91.0937 0 8.15558
    endloop
  endfacet
  facet normal 0 -1 0
    outer loop
      vertex 89.7756 0 8.0952
      vertex 91.1162 0 8.09825
      vertex 89.7985 0 8.15253
    endloop
  endfacet
  facet normal 0 -1 0
    outer loop
      vertex 89.7756 0 8.0952
      vertex 91.1372 0 8.03681
      vertex 91.1162 0 8.09825
    endloop
  endfacet
  facet normal 0 -1 0
    outer loop
      vertex 89.7543 0 8.03383
      vertex 91.1372 0 8.03681
      vertex 89.7756 0 8.0952
    endloop
  endfacet
  facet normal 0 -1 0
    outer loop
      vertex 89.7543 0 8.03383
      vertex 91.1567 0 7.97127
      vertex 91.1372 0 8.03681
    endloop
  endfacet
  facet normal 0 -1 0
    outer loop
      vertex 89.7348 0 7.96843
      vertex 91.1567 0 7.97127
      vertex 89.7543 0 8.03383
    endloop
  endfacet
  facet normal 0 -1 0
    outer loop
      vertex 89.7348 0 7.96843
      vertex 91.1746 0 7.90163
      vertex 91.1567 0 7.97127
    endloop
  endfacet
  facet normal 0 -1 0
    outer loop
      vertex 89.7169 0 7.89899
      vertex 91.1746 0 7.90163
      vertex 89.7348 0 7.96843
    endloop
  endfacet
  facet normal 0 -1 0
    outer loop
      vertex 89.7169 0 7.89899
      vertex 91.191 0 7.82788
      vertex 91.1746 0 7.90163
    endloop
  endfacet
  facet normal 0 -1 0
    outer loop
      vertex 89.7007 0 7.82552
      vertex 91.191 0 7.82788
      vertex 89.7169 0 7.89899
    endloop
  endfacet
  facet normal 0 -1 0
    outer loop
      vertex 89.7007 0 7.82552
      vertex 91.2058 0 7.75005
      vertex 91.191 0 7.82788
    endloop
  endfacet
  facet normal 0 -1 0
    outer loop
      vertex 89.6861 0 7.748
      vertex 91.2058 0 7.75005
      vertex 89.7007 0 7.82552
    endloop
  endfacet
  facet normal 0 -1 0
    outer loop
      vertex 89.6861 0 7.748
      vertex 91.2192 0 7.66722
      vertex 91.2058 0 7.75005
    endloop
  endfacet
  facet normal 0 -1 0
    outer loop
      vertex 89.6731 0 7.66553
      vertex 91.2192 0 7.66722
      vertex 89.6861 0 7.748
    endloop
  endfacet
  facet normal 0 -1 0
    outer loop
      vertex 89.6731 0 7.66553
      vertex 91.2314 0 7.57854
      vertex 91.2192 0 7.66722
    endloop
  endfacet
  facet normal 0 -1 0
    outer loop
      vertex 89.6613 0 7.57718
      vertex 91.2314 0 7.57854
      vertex 89.6731 0 7.66553
    endloop
  endfacet
  facet normal 0 -1 0
    outer loop
      vertex 89.6613 0 7.57718
      vertex 91.2422 0 7.48403
      vertex 91.2314 0 7.57854
    endloop
  endfacet
  facet normal 0 -1 0
    outer loop
      vertex 89.6507 0 7.48294
      vertex 91.2422 0 7.48403
      vertex 89.6613 0 7.57718
    endloop
  endfacet
  facet normal 0 -1 0
    outer loop
      vertex 89.6507 0 7.48294
      vertex 91.2518 0 7.38365
      vertex 91.2422 0 7.48403
    endloop
  endfacet
  facet normal 0 -1 0
    outer loop
      vertex 89.6414 0 7.38282
      vertex 91.2518 0 7.38365
      vertex 89.6507 0 7.48294
    endloop
  endfacet
  facet normal 0 -1 0
    outer loop
      vertex 89.6414 0 7.38282
      vertex 91.2601 0 7.27742
      vertex 91.2518 0 7.38365
    endloop
  endfacet
  facet normal 0 -1 0
    outer loop
      vertex 89.6333 0 7.27681
      vertex 91.2601 0 7.27742
      vertex 89.6414 0 7.38282
    endloop
  endfacet
  facet normal 0 -1 0
    outer loop
      vertex 89.6333 0 7.27681
      vertex 91.2672 0 7.16535
      vertex 91.2601 0 7.27742
    endloop
  endfacet
  facet normal 0 -1 0
    outer loop
      vertex 89.6264 0 7.16492
      vertex 91.2672 0 7.16535
      vertex 89.6333 0 7.27681
    endloop
  endfacet
  facet normal 0 -1 0
    outer loop
      vertex 89.6264 0 7.16492
      vertex 91.2729 0 7.04743
      vertex 91.2672 0 7.16535
    endloop
  endfacet
  facet normal 0 -1 0
    outer loop
      vertex 89.6208 0 7.04715
      vertex 91.2729 0 7.04743
      vertex 89.6264 0 7.16492
    endloop
  endfacet
  facet normal 0 -1 0
    outer loop
      vertex 89.6208 0 7.04715
      vertex 91.2774 0 6.92365
      vertex 91.2729 0 7.04743
    endloop
  endfacet
  facet normal 0 -1 0
    outer loop
      vertex 89.6165 0 6.9235
      vertex 91.2774 0 6.92365
      vertex 89.6208 0 7.04715
    endloop
  endfacet
  facet normal 0 -1 0
    outer loop
      vertex 89.6165 0 6.9235
      vertex 91.2806 0 6.79402
      vertex 91.2774 0 6.92365
    endloop
  endfacet
  facet normal 0 -1 0
    outer loop
      vertex 89.6134 0 6.79396
      vertex 91.2806 0 6.79402
      vertex 89.6165 0 6.9235
    endloop
  endfacet
  facet normal 0 -1 0
    outer loop
      vertex 89.6134 0 6.79396
      vertex 91.2825 0 6.65854
      vertex 91.2806 0 6.79402
    endloop
  endfacet
  facet normal 0 -1 0
    outer loop
      vertex 89.6115 0 6.65853
      vertex 91.2825 0 6.65854
      vertex 89.6134 0 6.79396
    endloop
  endfacet
  facet normal 0 -1 0
    outer loop
      vertex 89.6109 0 6.51721
      vertex 91.2825 0 6.65854
      vertex 89.6115 0 6.65853
    endloop
  endfacet
  facet normal 0 -1 0
    outer loop
      vertex 89.6109 0 6.51721
      vertex 91.2832 0 6.51721
      vertex 91.2825 0 6.65854
    endloop
  endfacet
  facet normal 0 -1 0
    outer loop
      vertex 89.6109 0 6.51721
      vertex 91.2825 0 6.38152
      vertex 91.2832 0 6.51721
    endloop
  endfacet
  facet normal 0 -1 0
    outer loop
      vertex 89.6116 0 6.37731
      vertex 91.2825 0 6.38152
      vertex 89.6109 0 6.51721
    endloop
  endfacet
  facet normal 0 -1 0
    outer loop
      vertex 89.6116 0 6.37731
      vertex 91.2805 0 6.25106
      vertex 91.2825 0 6.38152
    endloop
  endfacet
  facet normal 0 -1 0
    outer loop
      vertex 89.6135 0 6.24304
      vertex 91.2805 0 6.25106
      vertex 89.6116 0 6.37731
    endloop
  endfacet
  facet normal 0 -1 0
    outer loop
      vertex 89.6135 0 6.24304
      vertex 91.2773 0 6.12583
      vertex 91.2805 0 6.25106
    endloop
  endfacet
  facet normal 0 -1 0
    outer loop
      vertex 89.6168 0 6.11447
      vertex 91.2773 0 6.12583
      vertex 89.6135 0 6.24304
    endloop
  endfacet
  facet normal 0 -1 0
    outer loop
      vertex 89.6168 0 6.11447
      vertex 91.2727 0 6.00585
      vertex 91.2773 0 6.12583
    endloop
  endfacet
  facet normal 0 -1 0
    outer loop
      vertex 89.6214 0 5.99158
      vertex 91.2727 0 6.00585
      vertex 89.6168 0 6.11447
    endloop
  endfacet
  facet normal 0 -1 0
    outer loop
      vertex 89.6214 0 5.99158
      vertex 91.2668 0 5.89112
      vertex 91.2727 0 6.00585
    endloop
  endfacet
  facet normal 0 -1 0
    outer loop
      vertex 89.6273 0 5.87438
      vertex 91.2668 0 5.89112
      vertex 89.6214 0 5.99158
    endloop
  endfacet
  facet normal 0 -1 0
    outer loop
      vertex 89.6273 0 5.87438
      vertex 91.2595 0 5.78162
      vertex 91.2668 0 5.89112
    endloop
  endfacet
  facet normal 0 -1 0
    outer loop
      vertex 89.6345 0 5.76285
      vertex 91.2595 0 5.78162
      vertex 89.6273 0 5.87438
    endloop
  endfacet
  facet normal 0 -1 0
    outer loop
      vertex 89.6345 0 5.76285
      vertex 91.251 0 5.67739
      vertex 91.2595 0 5.78162
    endloop
  endfacet
  facet normal 0 -1 0
    outer loop
      vertex 89.643 0 5.65702
      vertex 91.251 0 5.67739
      vertex 89.6345 0 5.76285
    endloop
  endfacet
  facet normal 0 -1 0
    outer loop
      vertex 89.643 0 5.65702
      vertex 91.2412 0 5.57839
      vertex 91.251 0 5.67739
    endloop
  endfacet
  facet normal 0 -1 0
    outer loop
      vertex 89.6528 0 5.55686
      vertex 91.2412 0 5.57839
      vertex 89.643 0 5.65702
    endloop
  endfacet
  facet normal 0 -1 0
    outer loop
      vertex 89.6528 0 5.55686
      vertex 91.23 0 5.48462
      vertex 91.2412 0 5.57839
    endloop
  endfacet
  facet normal 0 -1 0
    outer loop
      vertex 89.664 0 5.46237
      vertex 91.23 0 5.48462
      vertex 89.6528 0 5.55686
    endloop
  endfacet
  facet normal 0 -1 0
    outer loop
      vertex 89.664 0 5.46237
      vertex 91.2176 0 5.39612
      vertex 91.23 0 5.48462
    endloop
  endfacet
  facet normal 0 -1 0
    outer loop
      vertex 89.6765 0 5.37358
      vertex 91.2176 0 5.39612
      vertex 89.664 0 5.46237
    endloop
  endfacet
  facet normal 0 -1 0
    outer loop
      vertex 89.6765 0 5.37358
      vertex 91.2038 0 5.31285
      vertex 91.2176 0 5.39612
    endloop
  endfacet
  facet normal 0 -1 0
    outer loop
      vertex 89.6902 0 5.29048
      vertex 91.2038 0 5.31285
      vertex 89.6765 0 5.37358
    endloop
  endfacet
  facet normal 0 -1 0
    outer loop
      vertex 89.6902 0 5.29048
      vertex 91.1886 0 5.23423
      vertex 91.2038 0 5.31285
    endloop
  endfacet
  facet normal 0 -1 0
    outer loop
      vertex 89.7054 0 5.21228
      vertex 91.1886 0 5.23423
      vertex 89.6902 0 5.29048
    endloop
  endfacet
  facet normal 0 -1 0
    outer loop
      vertex 89.7054 0 5.21228
      vertex 91.1717 0 5.15959
      vertex 91.1886 0 5.23423
    endloop
  endfacet
  facet normal 0 -1 0
    outer loop
      vertex 89.7222 0 5.13823
      vertex 91.1717 0 5.15959
      vertex 89.7054 0 5.21228
    endloop
  endfacet
  facet normal 0 -1 0
    outer loop
      vertex 89.7222 0 5.13823
      vertex 91.1532 0 5.08898
      vertex 91.1717 0 5.15959
    endloop
  endfacet
  facet normal 0 -1 0
    outer loop
      vertex 89.7405 0 5.0683
      vertex 91.1532 0 5.08898
      vertex 89.7222 0 5.13823
    endloop
  endfacet
  facet normal 0 -1 0
    outer loop
      vertex 89.7405 0 5.0683
      vertex 91.1332 0 5.02234
      vertex 91.1532 0 5.08898
    endloop
  endfacet
  facet normal 0 -1 0
    outer loop
      vertex 89.7603 0 5.00252
      vertex 91.1332 0 5.02234
      vertex 89.7405 0 5.0683
    endloop
  endfacet
  facet normal 0 -1 0
    outer loop
      vertex 89.7603 0 5.00252
      vertex 91.1115 0 4.95972
      vertex 91.1332 0 5.02234
    endloop
  endfacet
  facet normal 0 -1 0
    outer loop
      vertex 89.7817 0 4.94088
      vertex 91.1115 0 4.95972
      vertex 89.7603 0 5.00252
    endloop
  endfacet
  facet normal 0 -1 0
    outer loop
      vertex 89.7817 0 4.94088
      vertex 91.0882 0 4.9011
      vertex 91.1115 0 4.95972
    endloop
  endfacet
  facet normal 0 -1 0
    outer loop
      vertex 89.8046 0 4.88335
      vertex 91.0882 0 4.9011
      vertex 89.7817 0 4.94088
    endloop
  endfacet
  facet normal 0 -1 0
    outer loop
      vertex 89.8046 0 4.88335
      vertex 91.0633 0 4.84647
      vertex 91.0882 0 4.9011
    endloop
  endfacet
  facet normal 0 -1 0
    outer loop
      vertex 90.3864 0 4.46814
      vertex 89.8046 0 4.88335
      vertex 89.8291 0 4.82996
    endloop
  endfacet
  facet normal 0 -1 0
    outer loop
      vertex 89.8046 0 4.88335
      vertex 90.445 0 4.46656
      vertex 91.0633 0 4.84647
    endloop
  endfacet
  facet normal 0 -1 0
    outer loop
      vertex 90.3304 0 4.47287
      vertex 89.8291 0 4.82996
      vertex 89.8552 0 4.78072
    endloop
  endfacet
  facet normal -0 -1 0
    outer loop
      vertex 90.503 0 4.46822
      vertex 91.0633 0 4.84647
      vertex 90.445 0 4.46656
    endloop
  endfacet
  facet normal 0 -1 0
    outer loop
      vertex 90.2769 0 4.48078
      vertex 89.8552 0 4.78072
      vertex 89.8827 0 4.7356
    endloop
  endfacet
  facet normal 0 -1 0
    outer loop
      vertex 91.0633 0 4.84647
      vertex 90.503 0 4.46822
      vertex 91.0367 0 4.79584
    endloop
  endfacet
  facet normal 0 -1 0
    outer loop
      vertex 90.226 0 4.49184
      vertex 89.8827 0 4.7356
      vertex 89.9118 0 4.69463
    endloop
  endfacet
  facet normal -0 -1 0
    outer loop
      vertex 90.5585 0 4.47321
      vertex 91.0367 0 4.79584
      vertex 90.503 0 4.46822
    endloop
  endfacet
  facet normal 0 -1 0
    outer loop
      vertex 90.226 0 4.49184
      vertex 89.9118 0 4.69463
      vertex 89.9425 0 4.65778
    endloop
  endfacet
  facet normal 0 -1 0
    outer loop
      vertex 91.0367 0 4.79584
      vertex 90.5585 0 4.47321
      vertex 91.0086 0 4.74922
    endloop
  endfacet
  facet normal 0 -1 0
    outer loop
      vertex 90.226 0 4.49184
      vertex 89.9425 0 4.65778
      vertex 89.9753 0 4.62459
    endloop
  endfacet
  facet normal -0 -1 0
    outer loop
      vertex 90.6115 0 4.48154
      vertex 91.0086 0 4.74922
      vertex 90.5585 0 4.47321
    endloop
  endfacet
  facet normal 0 -1 0
    outer loop
      vertex 90.226 0 4.49184
      vertex 89.9753 0 4.62459
      vertex 90.0106 0 4.59456
    endloop
  endfacet
  facet normal 0 -1 0
    outer loop
      vertex 91.0086 0 4.74922
      vertex 90.6115 0 4.48154
      vertex 90.9788 0 4.70661
    endloop
  endfacet
  facet normal 0 -1 0
    outer loop
      vertex 90.226 0 4.49184
      vertex 90.0106 0 4.59456
      vertex 90.0485 0 4.56771
    endloop
  endfacet
  facet normal -0 -1 0
    outer loop
      vertex 90.6621 0 4.4932
      vertex 90.9788 0 4.70661
      vertex 90.6115 0 4.48154
    endloop
  endfacet
  facet normal 0 -1 0
    outer loop
      vertex 90.226 0 4.49184
      vertex 90.0485 0 4.56771
      vertex 90.089 0 4.54399
    endloop
  endfacet
  facet normal 0 -1 0
    outer loop
      vertex 90.9788 0 4.70661
      vertex 90.6621 0 4.4932
      vertex 90.9475 0 4.66797
    endloop
  endfacet
  facet normal 0 -1 0
    outer loop
      vertex 90.1778 0 4.50606
      vertex 90.089 0 4.54399
      vertex 90.1321 0 4.52346
    endloop
  endfacet
  facet normal 0 -1 0
    outer loop
      vertex 90.7991 0 4.54813
      vertex 90.7102 0 4.50817
      vertex 90.7559 0 4.52648
    endloop
  endfacet
  facet normal 0 -1 0
    outer loop
      vertex 90.226 0 4.49184
      vertex 90.089 0 4.54399
      vertex 90.1778 0 4.50606
    endloop
  endfacet
  facet normal 0 -1 0
    outer loop
      vertex 90.7991 0 4.54813
      vertex 90.6621 0 4.4932
      vertex 90.7102 0 4.50817
    endloop
  endfacet
  facet normal 0 -1 0
    outer loop
      vertex 89.8827 0 4.7356
      vertex 90.226 0 4.49184
      vertex 90.2769 0 4.48078
    endloop
  endfacet
  facet normal 0 -1 0
    outer loop
      vertex 90.8399 0 4.57309
      vertex 90.6621 0 4.4932
      vertex 90.7991 0 4.54813
    endloop
  endfacet
  facet normal 0 -1 0
    outer loop
      vertex 89.8552 0 4.78072
      vertex 90.2769 0 4.48078
      vertex 90.3304 0 4.47287
    endloop
  endfacet
  facet normal 0 -1 0
    outer loop
      vertex 90.8782 0 4.6014
      vertex 90.6621 0 4.4932
      vertex 90.8399 0 4.57309
    endloop
  endfacet
  facet normal 0 -1 0
    outer loop
      vertex 89.8291 0 4.82996
      vertex 90.3304 0 4.47287
      vertex 90.3864 0 4.46814
    endloop
  endfacet
  facet normal 0 -1 0
    outer loop
      vertex 90.9141 0 4.63301
      vertex 90.6621 0 4.4932
      vertex 90.8782 0 4.6014
    endloop
  endfacet
  facet normal 0 -1 0
    outer loop
      vertex 89.8046 0 4.88335
      vertex 90.3864 0 4.46814
      vertex 90.445 0 4.46656
    endloop
  endfacet
  facet normal 0 -1 0
    outer loop
      vertex 90.9475 0 4.66797
      vertex 90.6621 0 4.4932
      vertex 90.9141 0 4.63301
    endloop
  endfacet
  facet normal 0 -1 0
    outer loop
      vertex 69.0937 0 4.57642
      vertex 69.9441 0 8.45397
      vertex 69.0937 0 8.45397
    endloop
  endfacet
  facet normal -0 -1 0
    outer loop
      vertex 71.7954 0 6.55789
      vertex 69.9441 0 8.45397
      vertex 70.1109 0 4.57642
    endloop
  endfacet
  facet normal -0 -1 -0
    outer loop
      vertex 71.7914 0 6.72222
      vertex 69.9441 0 8.45397
      vertex 71.7954 0 6.55789
    endloop
  endfacet
  facet normal 0 -1 0
    outer loop
      vertex 69.9441 0 8.45397
      vertex 71.7914 0 6.72222
      vertex 70.1027 0 8.44994
    endloop
  endfacet
  facet normal -0 -1 -0
    outer loop
      vertex 71.7795 0 6.87929
      vertex 70.1027 0 8.44994
      vertex 71.7914 0 6.72222
    endloop
  endfacet
  facet normal 0 -1 0
    outer loop
      vertex 70.1027 0 8.44994
      vertex 71.7795 0 6.87929
      vertex 70.2545 0 8.43788
    endloop
  endfacet
  facet normal -0 -1 -0
    outer loop
      vertex 71.7319 0 7.17177
      vertex 70.3996 0 8.41779
      vertex 71.7597 0 7.02915
    endloop
  endfacet
  facet normal 0 -1 0
    outer loop
      vertex 70.3996 0 8.41779
      vertex 71.7319 0 7.17177
      vertex 70.5378 0 8.38967
    endloop
  endfacet
  facet normal -0 -1 -0
    outer loop
      vertex 71.6962 0 7.30716
      vertex 70.6693 0 8.3535
      vertex 71.7319 0 7.17177
    endloop
  endfacet
  facet normal 0 -1 0
    outer loop
      vertex 70.6693 0 8.3535
      vertex 71.6962 0 7.30716
      vertex 70.7939 0 8.3093
    endloop
  endfacet
  facet normal 0 -1 0
    outer loop
      vertex 70.7939 0 8.3093
      vertex 71.6526 0 7.43532
      vertex 70.9118 0 8.25705
    endloop
  endfacet
  facet normal 0 -1 0
    outer loop
      vertex 70.9118 0 8.25705
      vertex 71.6526 0 7.43532
      vertex 71.0228 0 8.19678
    endloop
  endfacet
  facet normal 0 -1 0
    outer loop
      vertex 71.1271 0 8.12847
      vertex 71.6526 0 7.43532
      vertex 71.2246 0 8.05211
    endloop
  endfacet
  facet normal 0 -1 0
    outer loop
      vertex 71.3153 0 7.96772
      vertex 71.6526 0 7.43532
      vertex 71.3986 0 7.8757
    endloop
  endfacet
  facet normal 0 -1 0
    outer loop
      vertex 71.474 0 7.77645
      vertex 71.6526 0 7.43532
      vertex 71.5415 0 7.66997
    endloop
  endfacet
  facet normal 0 -1 0
    outer loop
      vertex 71.5415 0 7.66997
      vertex 71.6526 0 7.43532
      vertex 71.601 0 7.55626
    endloop
  endfacet
  facet normal 0 -1 0
    outer loop
      vertex 71.3986 0 7.8757
      vertex 71.6526 0 7.43532
      vertex 71.474 0 7.77645
    endloop
  endfacet
  facet normal 0 -1 0
    outer loop
      vertex 71.2246 0 8.05211
      vertex 71.6526 0 7.43532
      vertex 71.3153 0 7.96772
    endloop
  endfacet
  facet normal 0 -1 0
    outer loop
      vertex 71.0228 0 8.19678
      vertex 71.6526 0 7.43532
      vertex 71.1271 0 8.12847
    endloop
  endfacet
  facet normal -0 -1 -0
    outer loop
      vertex 71.6526 0 7.43532
      vertex 70.7939 0 8.3093
      vertex 71.6962 0 7.30716
    endloop
  endfacet
  facet normal 0 -1 0
    outer loop
      vertex 70.5378 0 8.38967
      vertex 71.7319 0 7.17177
      vertex 70.6693 0 8.3535
    endloop
  endfacet
  facet normal 0 -1 0
    outer loop
      vertex 70.2545 0 8.43788
      vertex 71.7597 0 7.02915
      vertex 70.3996 0 8.41779
    endloop
  endfacet
  facet normal -0 -1 -0
    outer loop
      vertex 71.7597 0 7.02915
      vertex 70.2545 0 8.43788
      vertex 71.7795 0 6.87929
    endloop
  endfacet
  facet normal 0 -1 0
    outer loop
      vertex 71.7954 0 6.55789
      vertex 70.1109 0 4.57642
      vertex 71.7916 0 6.39463
    endloop
  endfacet
  facet normal 0 -1 0
    outer loop
      vertex 71.7916 0 6.39463
      vertex 70.1109 0 4.57642
      vertex 71.7803 0 6.23766
    endloop
  endfacet
  facet normal 0 -1 0
    outer loop
      vertex 71.7803 0 6.23766
      vertex 70.1109 0 4.57642
      vertex 71.7615 0 6.08701
    endloop
  endfacet
  facet normal 0 -1 0
    outer loop
      vertex 71.7615 0 6.08701
      vertex 70.1109 0 4.57642
      vertex 71.7351 0 5.94269
    endloop
  endfacet
  facet normal 0 -1 0
    outer loop
      vertex 71.7351 0 5.94269
      vertex 70.1109 0 4.57642
      vertex 71.7012 0 5.80468
    endloop
  endfacet
  facet normal 0 -1 0
    outer loop
      vertex 71.7012 0 5.80468
      vertex 70.1109 0 4.57642
      vertex 71.6598 0 5.67299
    endloop
  endfacet
  facet normal 0 -1 0
    outer loop
      vertex 71.6598 0 5.67299
      vertex 70.1109 0 4.57642
      vertex 71.6109 0 5.54764
    endloop
  endfacet
  facet normal 0 -1 0
    outer loop
      vertex 71.6109 0 5.54764
      vertex 70.1109 0 4.57642
      vertex 71.5544 0 5.42859
    endloop
  endfacet
  facet normal -0 -1 0
    outer loop
      vertex 70.2488 0 4.58083
      vertex 71.5544 0 5.42859
      vertex 70.1109 0 4.57642
    endloop
  endfacet
  facet normal 0 -1 0
    outer loop
      vertex 71.5544 0 5.42859
      vertex 70.2488 0 4.58083
      vertex 71.4903 0 5.31588
    endloop
  endfacet
  facet normal 0 -1 0
    outer loop
      vertex 71.4903 0 5.31588
      vertex 70.2488 0 4.58083
      vertex 71.4188 0 5.20948
    endloop
  endfacet
  facet normal 0 -1 0
    outer loop
      vertex 71.4188 0 5.20948
      vertex 70.2488 0 4.58083
      vertex 71.3397 0 5.10939
    endloop
  endfacet
  facet normal 0 -1 0
    outer loop
      vertex 71.3397 0 5.10939
      vertex 70.2488 0 4.58083
      vertex 71.2542 0 5.01689
    endloop
  endfacet
  facet normal 0 -1 0
    outer loop
      vertex 71.2542 0 5.01689
      vertex 70.2488 0 4.58083
      vertex 71.1635 0 4.9332
    endloop
  endfacet
  facet normal 0 -1 0
    outer loop
      vertex 71.1635 0 4.9332
      vertex 70.2488 0 4.58083
      vertex 71.0675 0 4.85833
    endloop
  endfacet
  facet normal 0 -1 0
    outer loop
      vertex 71.0675 0 4.85833
      vertex 70.2488 0 4.58083
      vertex 70.9663 0 4.79225
    endloop
  endfacet
  facet normal 0 -1 0
    outer loop
      vertex 70.9663 0 4.79225
      vertex 70.2488 0 4.58083
      vertex 70.8598 0 4.73499
    endloop
  endfacet
  facet normal 0 -1 0
    outer loop
      vertex 70.8598 0 4.73499
      vertex 70.2488 0 4.58083
      vertex 70.7481 0 4.68654
    endloop
  endfacet
  facet normal 0 -1 0
    outer loop
      vertex 70.6312 0 4.6469
      vertex 70.3815 0 4.59404
      vertex 70.509 0 4.61606
    endloop
  endfacet
  facet normal 0 -1 0
    outer loop
      vertex 70.6312 0 4.6469
      vertex 70.2488 0 4.58083
      vertex 70.3815 0 4.59404
    endloop
  endfacet
  facet normal 0 -1 -0
    outer loop
      vertex 69.9441 0 8.45397
      vertex 69.0937 0 4.57642
      vertex 70.1109 0 4.57642
    endloop
  endfacet
  facet normal 0 -1 0
    outer loop
      vertex 70.7481 0 4.68654
      vertex 70.2488 0 4.58083
      vertex 70.6312 0 4.6469
    endloop
  endfacet
  facet normal 0 -1 0
    outer loop
      vertex 77.2318 0 6.59043
      vertex 78.4727 0 8.44988
      vertex 77.2318 0 8.44988
    endloop
  endfacet
  facet normal 0 -1 0
    outer loop
      vertex 78.4727 0 8.44988
      vertex 78.5052 0 6.59043
      vertex 78.6577 0 8.44242
    endloop
  endfacet
  facet normal -0 -1 0
    outer loop
      vertex 78.5936 0 6.59246
      vertex 78.6577 0 8.44242
      vertex 78.5052 0 6.59043
    endloop
  endfacet
  facet normal -0 -1 0
    outer loop
      vertex 78.6782 0 6.59856
      vertex 78.6577 0 8.44242
      vertex 78.5936 0 6.59246
    endloop
  endfacet
  facet normal -0 -1 0
    outer loop
      vertex 78.7591 0 6.60874
      vertex 78.6577 0 8.44242
      vertex 78.6782 0 6.59856
    endloop
  endfacet
  facet normal 0 -1 0
    outer loop
      vertex 78.6577 0 8.44242
      vertex 78.7591 0 6.60874
      vertex 78.8251 0 8.42002
    endloop
  endfacet
  facet normal -0 -1 -0
    outer loop
      vertex 79.5299 0 7.70336
      vertex 78.8251 0 8.42002
      vertex 79.5388 0 7.54659
    endloop
  endfacet
  facet normal 0 -1 0
    outer loop
      vertex 78.8251 0 8.42002
      vertex 79.5299 0 7.70336
      vertex 78.9749 0 8.38269
    endloop
  endfacet
  facet normal 0 -1 0
    outer loop
      vertex 79.1071 0 8.33043
      vertex 79.5035 0 7.84519
      vertex 79.2216 0 8.26325
    endloop
  endfacet
  facet normal -0 -1 -0
    outer loop
      vertex 79.4595 0 7.97211
      vertex 79.2216 0 8.26325
      vertex 79.5035 0 7.84519
    endloop
  endfacet
  facet normal 0 -1 0
    outer loop
      vertex 79.3185 0 8.18112
      vertex 79.4595 0 7.97211
      vertex 79.3978 0 8.08408
    endloop
  endfacet
  facet normal 0 -1 0
    outer loop
      vertex 79.2216 0 8.26325
      vertex 79.4595 0 7.97211
      vertex 79.3185 0 8.18112
    endloop
  endfacet
  facet normal -0 -1 -0
    outer loop
      vertex 79.5035 0 7.84519
      vertex 79.1071 0 8.33043
      vertex 79.5299 0 7.70336
    endloop
  endfacet
  facet normal 0 -1 0
    outer loop
      vertex 78.9749 0 8.38269
      vertex 79.5299 0 7.70336
      vertex 79.1071 0 8.33043
    endloop
  endfacet
  facet normal 0 -1 0
    outer loop
      vertex 78.8251 0 8.42002
      vertex 79.5365 0 7.46405
      vertex 79.5388 0 7.54659
    endloop
  endfacet
  facet normal 0 -1 -0
    outer loop
      vertex 78.8251 0 8.42002
      vertex 78.7591 0 6.60874
      vertex 79.5365 0 7.46405
    endloop
  endfacet
  facet normal 0 -1 0
    outer loop
      vertex 79.5365 0 7.46405
      vertex 78.7591 0 6.60874
      vertex 79.5299 0 7.38512
    endloop
  endfacet
  facet normal -0 -1 0
    outer loop
      vertex 78.8361 0 6.62297
      vertex 79.5299 0 7.38512
      vertex 78.7591 0 6.60874
    endloop
  endfacet
  facet normal 0 -1 0
    outer loop
      vertex 79.5299 0 7.38512
      vertex 78.8361 0 6.62297
      vertex 79.5188 0 7.30979
    endloop
  endfacet
  facet normal -0 -1 0
    outer loop
      vertex 78.9094 0 6.64128
      vertex 79.5188 0 7.30979
      vertex 78.8361 0 6.62297
    endloop
  endfacet
  facet normal 0 -1 0
    outer loop
      vertex 79.5188 0 7.30979
      vertex 78.9094 0 6.64128
      vertex 79.5032 0 7.23806
    endloop
  endfacet
  facet normal -0 -1 0
    outer loop
      vertex 78.979 0 6.66367
      vertex 79.5032 0 7.23806
      vertex 78.9094 0 6.64128
    endloop
  endfacet
  facet normal 0 -1 0
    outer loop
      vertex 79.5032 0 7.23806
      vertex 78.979 0 6.66367
      vertex 79.4833 0 7.16991
    endloop
  endfacet
  facet normal -0 -1 0
    outer loop
      vertex 79.0448 0 6.69011
      vertex 79.4833 0 7.16991
      vertex 78.979 0 6.66367
    endloop
  endfacet
  facet normal 0 -1 0
    outer loop
      vertex 79.4588 0 7.10536
      vertex 79.0448 0 6.69011
      vertex 79.43 0 7.04442
    endloop
  endfacet
  facet normal 0 -1 0
    outer loop
      vertex 79.43 0 7.04442
      vertex 79.0448 0 6.69011
      vertex 79.3967 0 6.98706
    endloop
  endfacet
  facet normal 0 -1 0
    outer loop
      vertex 79.2195 0 6.79387
      vertex 79.1068 0 6.72063
      vertex 79.165 0 6.75522
    endloop
  endfacet
  facet normal 0 -1 0
    outer loop
      vertex 79.2702 0 6.8366
      vertex 79.0448 0 6.69011
      vertex 79.2195 0 6.79387
    endloop
  endfacet
  facet normal 0 -1 0
    outer loop
      vertex 79.3168 0 6.88317
      vertex 79.0448 0 6.69011
      vertex 79.2702 0 6.8366
    endloop
  endfacet
  facet normal 0 -1 0
    outer loop
      vertex 79.359 0 6.93332
      vertex 79.0448 0 6.69011
      vertex 79.3168 0 6.88317
    endloop
  endfacet
  facet normal 0 -1 0
    outer loop
      vertex 79.2195 0 6.79387
      vertex 79.0448 0 6.69011
      vertex 79.1068 0 6.72063
    endloop
  endfacet
  facet normal 0 -1 0
    outer loop
      vertex 79.3967 0 6.98706
      vertex 79.0448 0 6.69011
      vertex 79.359 0 6.93332
    endloop
  endfacet
  facet normal 0 -1 -0
    outer loop
      vertex 78.4727 0 8.44988
      vertex 77.2318 0 6.59043
      vertex 78.5052 0 6.59043
    endloop
  endfacet
  facet normal 0 -1 0
    outer loop
      vertex 79.4833 0 7.16991
      vertex 79.0448 0 6.69011
      vertex 79.4588 0 7.10536
    endloop
  endfacet
  facet normal 0 -1 0
    outer loop
      vertex 86.3622 0 8.30503
      vertex 86.3813 0 8.3333
      vertex 86.3829 0 8.34812
    endloop
  endfacet
  facet normal 0 -1 0
    outer loop
      vertex 86.3622 0 8.30503
      vertex 86.3797 0 8.31545
      vertex 86.3813 0 8.3333
    endloop
  endfacet
  facet normal 0 -1 0
    outer loop
      vertex 86.3622 0 8.30503
      vertex 86.378 0 8.29457
      vertex 86.3797 0 8.31545
    endloop
  endfacet
  facet normal 0 -1 0
    outer loop
      vertex 86.3622 0 8.30503
      vertex 86.3762 0 8.27066
      vertex 86.378 0 8.29457
    endloop
  endfacet
  facet normal 0 -1 0
    outer loop
      vertex 86.3387 0 8.25855
      vertex 86.3762 0 8.27066
      vertex 86.3622 0 8.30503
    endloop
  endfacet
  facet normal 0 -1 0
    outer loop
      vertex 86.3387 0 8.25855
      vertex 86.3742 0 8.24373
      vertex 86.3762 0 8.27066
    endloop
  endfacet
  facet normal 0 -1 0
    outer loop
      vertex 86.3387 0 8.25855
      vertex 86.3722 0 8.21376
      vertex 86.3742 0 8.24373
    endloop
  endfacet
  facet normal 0 -1 0
    outer loop
      vertex 86.3125 0 8.20873
      vertex 86.3722 0 8.21376
      vertex 86.3387 0 8.25855
    endloop
  endfacet
  facet normal 0 -1 0
    outer loop
      vertex 86.3125 0 8.20873
      vertex 86.3701 0 8.18077
      vertex 86.3722 0 8.21376
    endloop
  endfacet
  facet normal 0 -1 0
    outer loop
      vertex 86.2833 0 8.15554
      vertex 86.3701 0 8.18077
      vertex 86.3125 0 8.20873
    endloop
  endfacet
  facet normal 0 -1 0
    outer loop
      vertex 86.2833 0 8.15554
      vertex 86.3678 0 8.14476
      vertex 86.3701 0 8.18077
    endloop
  endfacet
  facet normal 0 -1 0
    outer loop
      vertex 86.2833 0 8.15554
      vertex 86.3655 0 8.10572
      vertex 86.3678 0 8.14476
    endloop
  endfacet
  facet normal 0 -1 0
    outer loop
      vertex 86.2514 0 8.09897
      vertex 86.3655 0 8.10572
      vertex 86.2833 0 8.15554
    endloop
  endfacet
  facet normal 0 -1 0
    outer loop
      vertex 86.2514 0 8.09897
      vertex 86.363 0 8.06365
      vertex 86.3655 0 8.10572
    endloop
  endfacet
  facet normal 0 -1 0
    outer loop
      vertex 86.3605 0 8.01854
      vertex 86.2514 0 8.09897
      vertex 86.2166 0 8.03905
    endloop
  endfacet
  facet normal 0 -1 0
    outer loop
      vertex 86.2514 0 8.09897
      vertex 86.3605 0 8.01854
      vertex 86.363 0 8.06365
    endloop
  endfacet
  facet normal 0 -1 0
    outer loop
      vertex 86.358 0 7.97225
      vertex 86.2166 0 8.03905
      vertex 86.179 0 7.97577
    endloop
  endfacet
  facet normal 0 -1 0
    outer loop
      vertex 86.2166 0 8.03905
      vertex 86.358 0 7.97225
      vertex 86.3605 0 8.01854
    endloop
  endfacet
  facet normal 0 -1 0
    outer loop
      vertex 86.179 0 7.97577
      vertex 86.3558 0 7.92655
      vertex 86.358 0 7.97225
    endloop
  endfacet
  facet normal 0 -1 0
    outer loop
      vertex 86.3538 0 7.88146
      vertex 86.179 0 7.97577
      vertex 86.1386 0 7.90914
    endloop
  endfacet
  facet normal 0 -1 0
    outer loop
      vertex 86.179 0 7.97577
      vertex 86.3538 0 7.88146
      vertex 86.3558 0 7.92655
    endloop
  endfacet
  facet normal 0 -1 0
    outer loop
      vertex 86.3505 0 7.79309
      vertex 86.1386 0 7.90914
      vertex 86.0954 0 7.83913
    endloop
  endfacet
  facet normal 0 -1 0
    outer loop
      vertex 86.1386 0 7.90914
      vertex 86.352 0 7.83698
      vertex 86.3538 0 7.88146
    endloop
  endfacet
  facet normal 0 -1 0
    outer loop
      vertex 86.1386 0 7.90914
      vertex 86.3505 0 7.79309
      vertex 86.352 0 7.83698
    endloop
  endfacet
  facet normal 0 -1 0
    outer loop
      vertex 86.3481 0 7.70716
      vertex 86.0954 0 7.83913
      vertex 86.0493 0 7.76575
    endloop
  endfacet
  facet normal 0 -1 0
    outer loop
      vertex 86.0954 0 7.83913
      vertex 86.3492 0 7.74984
      vertex 86.3505 0 7.79309
    endloop
  endfacet
  facet normal 0 -1 0
    outer loop
      vertex 86.0954 0 7.83913
      vertex 86.3481 0 7.70716
      vertex 86.3492 0 7.74984
    endloop
  endfacet
  facet normal 0 -1 0
    outer loop
      vertex 86.3467 0 7.62364
      vertex 86.0493 0 7.76575
      vertex 86.0004 0 7.68903
    endloop
  endfacet
  facet normal 0 -1 0
    outer loop
      vertex 86.0493 0 7.76575
      vertex 86.3473 0 7.6651
      vertex 86.3481 0 7.70716
    endloop
  endfacet
  facet normal 0 -1 0
    outer loop
      vertex 86.0493 0 7.76575
      vertex 86.3467 0 7.62364
      vertex 86.3473 0 7.6651
    endloop
  endfacet
  facet normal 0 -1 0
    outer loop
      vertex 86.0004 0 7.68903
      vertex 86.3464 0 7.5828
      vertex 86.3467 0 7.62364
    endloop
  endfacet
  facet normal 0 -1 0
    outer loop
      vertex 86.0004 0 7.68903
      vertex 86.3463 0 7.54256
      vertex 86.3464 0 7.5828
    endloop
  endfacet
  facet normal 0 -1 0
    outer loop
      vertex 86.3463 0 5.66686
      vertex 86.0004 0 7.68903
      vertex 84.6699 0 5.66686
    endloop
  endfacet
  facet normal 0 -1 0
    outer loop
      vertex 86.0004 0 7.68903
      vertex 86.3463 0 5.66686
      vertex 86.3463 0 7.54256
    endloop
  endfacet
  facet normal 0.117501 -0.993073 0
    outer loop
      vertex 154.471 0.0184937 0
      vertex 154.939 0.0738678 12.91
      vertex 154.471 0.0184937 12.91
    endloop
  endfacet
  facet normal 0.117501 -0.993073 0
    outer loop
      vertex 154.939 0.0738678 12.91
      vertex 154.471 0.0184937 0
      vertex 154.939 0.0738678 0
    endloop
  endfacet
  facet normal 0.999271 0.0381887 0
    outer loop
      vertex 160 154 12.91
      vertex 159.982 154.471 0
      vertex 159.982 154.471 12.91
    endloop
  endfacet
  facet normal 0.999271 0.0381887 0
    outer loop
      vertex 159.982 154.471 0
      vertex 160 154 12.91
      vertex 160 154 0
    endloop
  endfacet
  facet normal 0.0392345 -0.99923 0
    outer loop
      vertex 154 0 0
      vertex 154.471 0.0184937 12.91
      vertex 154 0 12.91
    endloop
  endfacet
  facet normal 0.0392345 -0.99923 0
    outer loop
      vertex 154.471 0.0184937 12.91
      vertex 154 0 0
      vertex 154.471 0.0184937 0
    endloop
  endfacet
  facet normal 0.678745 -0.734374 0
    outer loop
      vertex 157.897 1.43756 0
      vertex 158.243 1.75735 12.91
      vertex 157.897 1.43756 12.91
    endloop
  endfacet
  facet normal 0.678745 -0.734374 0
    outer loop
      vertex 158.243 1.75735 12.91
      vertex 157.897 1.43756 0
      vertex 158.243 1.75735 0
    endloop
  endfacet
  facet normal 0.555679 0.831397 -0
    outer loop
      vertex 157.527 158.854 0
      vertex 157.135 159.116 12.91
      vertex 157.527 158.854 12.91
    endloop
  endfacet
  facet normal 0.555679 0.831397 0
    outer loop
      vertex 157.135 159.116 12.91
      vertex 157.527 158.854 0
      vertex 157.135 159.116 0
    endloop
  endfacet
  facet normal -0.418656 -0.908145 0
    outer loop
      vertex 3.27606 0.653961 0
      vertex 3.7039 0.456726 12.91
      vertex 3.27606 0.653961 12.91
    endloop
  endfacet
  facet normal -0.418656 -0.908145 -0
    outer loop
      vertex 3.7039 0.456726 12.91
      vertex 3.27606 0.653961 0
      vertex 3.7039 0.456726 0
    endloop
  endfacet
  facet normal -0.555943 0.83122 0
    outer loop
      vertex 2.86501 159.116 0
      vertex 2.47328 158.854 12.91
      vertex 2.86501 159.116 12.91
    endloop
  endfacet
  facet normal -0.555943 0.83122 0
    outer loop
      vertex 2.47328 158.854 12.91
      vertex 2.86501 159.116 0
      vertex 2.47328 158.854 0
    endloop
  endfacet
  facet normal -0.678776 -0.734345 0
    outer loop
      vertex 1.75735 1.75735 0
      vertex 2.10332 1.43756 12.91
      vertex 1.75735 1.75735 12.91
    endloop
  endfacet
  facet normal -0.678776 -0.734345 -0
    outer loop
      vertex 2.10332 1.43756 12.91
      vertex 1.75735 1.75735 0
      vertex 2.10332 1.43756 0
    endloop
  endfacet
  facet normal -0.555569 -0.83147 0
    outer loop
      vertex 2.47328 1.1459 0
      vertex 2.86501 0.884155 12.91
      vertex 2.47328 1.1459 12.91
    endloop
  endfacet
  facet normal -0.555569 -0.83147 -0
    outer loop
      vertex 2.86501 0.884155 12.91
      vertex 2.47328 1.1459 0
      vertex 2.86501 0.884155 0
    endloop
  endfacet
  facet normal -0.346133 -0.938185 0
    outer loop
      vertex 3.7039 0.456726 0
      vertex 4.1459 0.293655 12.91
      vertex 3.7039 0.456726 12.91
    endloop
  endfacet
  facet normal -0.346133 -0.938185 -0
    outer loop
      vertex 4.1459 0.293655 12.91
      vertex 3.7039 0.456726 0
      vertex 4.1459 0.293655 0
    endloop
  endfacet
  facet normal -0.0382089 0.99927 0
    outer loop
      vertex 6 160 0
      vertex 5.52925 159.982 12.91
      vertex 6 160 12.91
    endloop
  endfacet
  facet normal -0.0382089 0.99927 0
    outer loop
      vertex 5.52925 159.982 12.91
      vertex 6 160 0
      vertex 5.52925 159.982 0
    endloop
  endfacet
  facet normal 0 0 0
    outer loop
      vertex 3.2 5.99993 1.8
      vertex 3.2 154 1.8
      vertex 3.2 6 1.8
    endloop
  endfacet
  facet normal 0 0 1
    outer loop
      vertex 3.68 155.564 1.8
      vertex 7.12 156.8 1.8
      vertex 6 156.8 1.8
    endloop
  endfacet
  facet normal 0 0 1
    outer loop
      vertex 22.06 156.8 1.8
      vertex 18.62 156.8 1.8
      vertex 22.06 3.2 1.8
    endloop
  endfacet
  facet normal 0 0 1
    outer loop
      vertex 26.3 156.8 1.8
      vertex 22.86 156.8 1.8
      vertex 26.3 3.2 1.8
    endloop
  endfacet
  facet normal 0 0 1
    outer loop
      vertex 41.24 156.8 1.8
      vertex 37.8 156.8 1.8
      vertex 41.24 3.2 1.8
    endloop
  endfacet
  facet normal 0 0 1
    outer loop
      vertex 45.48 156.8 1.8
      vertex 42.04 156.8 1.8
      vertex 45.48 3.2 1.8
    endloop
  endfacet
  facet normal 0 0 1
    outer loop
      vertex 60.42 156.8 1.8
      vertex 56.98 156.8 1.8
      vertex 60.42 3.2 1.8
    endloop
  endfacet
  facet normal 0 0 1
    outer loop
      vertex 64.66 156.8 1.8
      vertex 61.22 156.8 1.8
      vertex 64.66 3.2 1.8
    endloop
  endfacet
  facet normal 0 0 1
    outer loop
      vertex 79.6 156.8 1.8
      vertex 76.16 156.8 1.8
      vertex 79.6 3.2 1.8
    endloop
  endfacet
  facet normal 0 0 1
    outer loop
      vertex 83.84 156.8 1.8
      vertex 80.4 156.8 1.8
      vertex 83.84 3.2 1.8
    endloop
  endfacet
  facet normal 0 0 1
    outer loop
      vertex 98.78 156.8 1.8
      vertex 95.34 156.8 1.8
      vertex 98.78 3.2 1.8
    endloop
  endfacet
  facet normal 0 0 1
    outer loop
      vertex 103.02 156.8 1.8
      vertex 99.58 156.8 1.8
      vertex 103.02 3.2 1.8
    endloop
  endfacet
  facet normal 0 0 1
    outer loop
      vertex 117.96 156.8 1.8
      vertex 114.52 156.8 1.8
      vertex 117.96 3.2 1.8
    endloop
  endfacet
  facet normal 0 0 1
    outer loop
      vertex 122.2 156.8 1.8
      vertex 118.76 156.8 1.8
      vertex 122.2 3.2 1.8
    endloop
  endfacet
  facet normal 0 0 1
    outer loop
      vertex 137.14 156.8 1.8
      vertex 133.7 156.8 1.8
      vertex 137.14 3.2 1.8
    endloop
  endfacet
  facet normal 0 0 1
    outer loop
      vertex 141.38 156.8 1.8
      vertex 137.94 156.8 1.8
      vertex 141.38 3.2 1.8
    endloop
  endfacet
  facet normal 0 0 1
    outer loop
      vertex 156.129 155.818 1.8
      vertex 156.32 155.564 1.8
      vertex 156.265 155.646 1.8
    endloop
  endfacet
  facet normal 0 0 1
    outer loop
      vertex 156.32 155.564 1.8
      vertex 152.88 156.8 1.8
      vertex 156.32 4.43615 1.8
    endloop
  endfacet
  facet normal 0 0 1
    outer loop
      vertex 156.32 155.564 1.8
      vertex 156.129 155.818 1.8
      vertex 154 156.8 1.8
    endloop
  endfacet
  facet normal 0 0 1
    outer loop
      vertex 152.88 3.2 1.8
      vertex 156.32 4.43615 1.8
      vertex 152.88 156.8 1.8
    endloop
  endfacet
  facet normal 0 0 1
    outer loop
      vertex 154 156.8 1.8
      vertex 156.129 155.818 1.8
      vertex 155.98 155.98 1.8
    endloop
  endfacet
  facet normal 0 -0 1
    outer loop
      vertex 154 3.2 1.8
      vertex 156.32 4.43615 1.8
      vertex 152.88 3.2 1.8
    endloop
  endfacet
  facet normal 0 0 1
    outer loop
      vertex 154 156.8 1.8
      vertex 155.98 155.98 1.8
      vertex 155.818 156.129 1.8
    endloop
  endfacet
  facet normal 0 -0 1
    outer loop
      vertex 156.129 4.18155 1.8
      vertex 156.32 4.43615 1.8
      vertex 154 3.2 1.8
    endloop
  endfacet
  facet normal 0 0 1
    outer loop
      vertex 154 156.8 1.8
      vertex 155.818 156.129 1.8
      vertex 155.646 156.265 1.8
    endloop
  endfacet
  facet normal 0 0 1
    outer loop
      vertex 156.32 4.43615 1.8
      vertex 156.129 4.18155 1.8
      vertex 156.265 4.3542 1.8
    endloop
  endfacet
  facet normal 0 0 1
    outer loop
      vertex 154 156.8 1.8
      vertex 155.646 156.265 1.8
      vertex 155.463 156.387 1.8
    endloop
  endfacet
  facet normal 0 0 1
    outer loop
      vertex 156.129 4.18155 1.8
      vertex 154 3.2 1.8
      vertex 155.98 4.0201 1.8
    endloop
  endfacet
  facet normal 0 0 1
    outer loop
      vertex 154 156.8 1.8
      vertex 155.463 156.387 1.8
      vertex 155.271 156.495 1.8
    endloop
  endfacet
  facet normal 0 0 1
    outer loop
      vertex 155.98 4.0201 1.8
      vertex 154 3.2 1.8
      vertex 155.818 3.87086 1.8
    endloop
  endfacet
  facet normal 0 0 1
    outer loop
      vertex 154 156.8 1.8
      vertex 155.271 156.495 1.8
      vertex 155.072 156.587 1.8
    endloop
  endfacet
  facet normal 0 0 1
    outer loop
      vertex 155.818 3.87086 1.8
      vertex 154 3.2 1.8
      vertex 155.646 3.73476 1.8
    endloop
  endfacet
  facet normal 0 0 1
    outer loop
      vertex 154 156.8 1.8
      vertex 155.072 156.587 1.8
      vertex 154.865 156.663 1.8
    endloop
  endfacet
  facet normal 0 0 1
    outer loop
      vertex 155.646 3.73476 1.8
      vertex 154 3.2 1.8
      vertex 155.463 3.61261 1.8
    endloop
  endfacet
  facet normal 0 0 1
    outer loop
      vertex 154 156.8 1.8
      vertex 154.865 156.663 1.8
      vertex 154.654 156.723 1.8
    endloop
  endfacet
  facet normal 0 0 1
    outer loop
      vertex 155.463 3.61261 1.8
      vertex 154 3.2 1.8
      vertex 155.271 3.50519 1.8
    endloop
  endfacet
  facet normal 0 0 1
    outer loop
      vertex 154 156.8 1.8
      vertex 154.654 156.723 1.8
      vertex 154.438 156.766 1.8
    endloop
  endfacet
  facet normal 0 0 1
    outer loop
      vertex 155.271 3.50519 1.8
      vertex 154 3.2 1.8
      vertex 155.072 3.41313 1.8
    endloop
  endfacet
  facet normal 0 0 1
    outer loop
      vertex 154 156.8 1.8
      vertex 154.438 156.766 1.8
      vertex 154.22 156.791 1.8
    endloop
  endfacet
  facet normal 0 0 1
    outer loop
      vertex 155.072 3.41313 1.8
      vertex 154 3.2 1.8
      vertex 154.865 3.33704 1.8
    endloop
  endfacet
  facet normal 0 0 1
    outer loop
      vertex 156.32 155.564 1.8
      vertex 154 156.8 1.8
      vertex 152.88 156.8 1.8
    endloop
  endfacet
  facet normal 0 0 1
    outer loop
      vertex 154.865 3.33704 1.8
      vertex 154 3.2 1.8
      vertex 154.654 3.27736 1.8
    endloop
  endfacet
  facet normal 0 0 1
    outer loop
      vertex 154.654 3.27736 1.8
      vertex 154 3.2 1.8
      vertex 154.438 3.23447 1.8
    endloop
  endfacet
  facet normal 0 0 1
    outer loop
      vertex 154.438 3.23447 1.8
      vertex 154 3.2 1.8
      vertex 154.22 3.20863 1.8
    endloop
  endfacet
  facet normal 0 0 0
    outer loop
      vertex 141.38 3.2 1.8
      vertex 154 3.2 1.8
      vertex 152.88 3.2 1.8
    endloop
  endfacet
  facet normal 0 0 1
    outer loop
      vertex 137.94 3.2 1.8
      vertex 141.38 3.2 1.8
      vertex 137.94 156.8 1.8
    endloop
  endfacet
  facet normal 0 0 0
    outer loop
      vertex 137.94 3.2 1.8
      vertex 154 3.2 1.8
      vertex 141.38 3.2 1.8
    endloop
  endfacet
  facet normal 0 0 0
    outer loop
      vertex 137.14 3.2 1.8
      vertex 154 3.2 1.8
      vertex 137.94 3.2 1.8
    endloop
  endfacet
  facet normal 0 0 1
    outer loop
      vertex 133.7 3.2 1.8
      vertex 137.14 3.2 1.8
      vertex 133.7 156.8 1.8
    endloop
  endfacet
  facet normal 0 0 0
    outer loop
      vertex 133.7 3.2 1.8
      vertex 154 3.2 1.8
      vertex 137.14 3.2 1.8
    endloop
  endfacet
  facet normal 0 0 0
    outer loop
      vertex 122.2 3.2 1.8
      vertex 154 3.2 1.8
      vertex 133.7 3.2 1.8
    endloop
  endfacet
  facet normal 0 0 1
    outer loop
      vertex 118.76 3.2 1.8
      vertex 122.2 3.2 1.8
      vertex 118.76 156.8 1.8
    endloop
  endfacet
  facet normal 0 0 0
    outer loop
      vertex 118.76 3.2 1.8
      vertex 154 3.2 1.8
      vertex 122.2 3.2 1.8
    endloop
  endfacet
  facet normal 0 0 0
    outer loop
      vertex 117.96 3.2 1.8
      vertex 154 3.2 1.8
      vertex 118.76 3.2 1.8
    endloop
  endfacet
  facet normal 0 0 1
    outer loop
      vertex 114.52 3.2 1.8
      vertex 117.96 3.2 1.8
      vertex 114.52 156.8 1.8
    endloop
  endfacet
  facet normal 0 0 0
    outer loop
      vertex 114.52 3.2 1.8
      vertex 154 3.2 1.8
      vertex 117.96 3.2 1.8
    endloop
  endfacet
  facet normal 0 0 0
    outer loop
      vertex 103.02 3.2 1.8
      vertex 154 3.2 1.8
      vertex 114.52 3.2 1.8
    endloop
  endfacet
  facet normal 0 0 1
    outer loop
      vertex 99.58 3.2 1.8
      vertex 103.02 3.2 1.8
      vertex 99.58 156.8 1.8
    endloop
  endfacet
  facet normal 0 0 0
    outer loop
      vertex 99.58 3.2 1.8
      vertex 154 3.2 1.8
      vertex 103.02 3.2 1.8
    endloop
  endfacet
  facet normal 0 0 0
    outer loop
      vertex 98.78 3.2 1.8
      vertex 154 3.2 1.8
      vertex 99.58 3.2 1.8
    endloop
  endfacet
  facet normal 0 0 1
    outer loop
      vertex 95.34 3.2 1.8
      vertex 98.78 3.2 1.8
      vertex 95.34 156.8 1.8
    endloop
  endfacet
  facet normal 0 0 0
    outer loop
      vertex 95.34 3.2 1.8
      vertex 154 3.2 1.8
      vertex 98.78 3.2 1.8
    endloop
  endfacet
  facet normal 0 0 0
    outer loop
      vertex 83.84 3.2 1.8
      vertex 154 3.2 1.8
      vertex 95.34 3.2 1.8
    endloop
  endfacet
  facet normal 0 0 1
    outer loop
      vertex 80.4 3.2 1.8
      vertex 83.84 3.2 1.8
      vertex 80.4 156.8 1.8
    endloop
  endfacet
  facet normal 0 0 0
    outer loop
      vertex 80.4 3.2 1.8
      vertex 154 3.2 1.8
      vertex 83.84 3.2 1.8
    endloop
  endfacet
  facet normal 0 0 0
    outer loop
      vertex 79.6 3.2 1.8
      vertex 154 3.2 1.8
      vertex 80.4 3.2 1.8
    endloop
  endfacet
  facet normal 0 0 1
    outer loop
      vertex 76.16 3.2 1.8
      vertex 79.6 3.2 1.8
      vertex 76.16 156.8 1.8
    endloop
  endfacet
  facet normal 0 0 0
    outer loop
      vertex 76.16 3.2 1.8
      vertex 154 3.2 1.8
      vertex 79.6 3.2 1.8
    endloop
  endfacet
  facet normal 0 0 0
    outer loop
      vertex 64.66 3.2 1.8
      vertex 154 3.2 1.8
      vertex 76.16 3.2 1.8
    endloop
  endfacet
  facet normal 0 0 1
    outer loop
      vertex 61.22 3.2 1.8
      vertex 64.66 3.2 1.8
      vertex 61.22 156.8 1.8
    endloop
  endfacet
  facet normal 0 0 0
    outer loop
      vertex 61.22 3.2 1.8
      vertex 154 3.2 1.8
      vertex 64.66 3.2 1.8
    endloop
  endfacet
  facet normal 0 0 0
    outer loop
      vertex 60.42 3.2 1.8
      vertex 154 3.2 1.8
      vertex 61.22 3.2 1.8
    endloop
  endfacet
  facet normal 0 0 1
    outer loop
      vertex 56.98 3.2 1.8
      vertex 60.42 3.2 1.8
      vertex 56.98 156.8 1.8
    endloop
  endfacet
  facet normal 0 0 0
    outer loop
      vertex 56.98 3.2 1.8
      vertex 154 3.2 1.8
      vertex 60.42 3.2 1.8
    endloop
  endfacet
  facet normal 0 0 0
    outer loop
      vertex 45.48 3.2 1.8
      vertex 154 3.2 1.8
      vertex 56.98 3.2 1.8
    endloop
  endfacet
  facet normal 0 0 1
    outer loop
      vertex 42.04 3.2 1.8
      vertex 45.48 3.2 1.8
      vertex 42.04 156.8 1.8
    endloop
  endfacet
  facet normal 0 0 0
    outer loop
      vertex 42.04 3.2 1.8
      vertex 154 3.2 1.8
      vertex 45.48 3.2 1.8
    endloop
  endfacet
  facet normal 0 0 0
    outer loop
      vertex 41.24 3.2 1.8
      vertex 154 3.2 1.8
      vertex 42.04 3.2 1.8
    endloop
  endfacet
  facet normal 0 0 1
    outer loop
      vertex 37.8 3.2 1.8
      vertex 41.24 3.2 1.8
      vertex 37.8 156.8 1.8
    endloop
  endfacet
  facet normal 0 0 0
    outer loop
      vertex 37.8 3.2 1.8
      vertex 154 3.2 1.8
      vertex 41.24 3.2 1.8
    endloop
  endfacet
  facet normal 0 0 0
    outer loop
      vertex 26.3 3.2 1.8
      vertex 154 3.2 1.8
      vertex 37.8 3.2 1.8
    endloop
  endfacet
  facet normal 0 0 1
    outer loop
      vertex 22.86 3.2 1.8
      vertex 26.3 3.2 1.8
      vertex 22.86 156.8 1.8
    endloop
  endfacet
  facet normal 0 0 0
    outer loop
      vertex 22.86 3.2 1.8
      vertex 154 3.2 1.8
      vertex 26.3 3.2 1.8
    endloop
  endfacet
  facet normal 0 0 0
    outer loop
      vertex 22.06 3.2 1.8
      vertex 154 3.2 1.8
      vertex 22.86 3.2 1.8
    endloop
  endfacet
  facet normal 0 0 1
    outer loop
      vertex 18.62 3.2 1.8
      vertex 22.06 3.2 1.8
      vertex 18.62 156.8 1.8
    endloop
  endfacet
  facet normal 0 0 0
    outer loop
      vertex 18.62 3.2 1.8
      vertex 154 3.2 1.8
      vertex 22.06 3.2 1.8
    endloop
  endfacet
  facet normal 0 0 0
    outer loop
      vertex 7.12 3.2 1.8
      vertex 154 3.2 1.8
      vertex 18.62 3.2 1.8
    endloop
  endfacet
  facet normal 0 0 -0
    outer loop
      vertex 7.12 3.2 1.8
      vertex 6 3.2 1.8
      vertex 154 3.2 1.8
    endloop
  endfacet
  facet normal 0 0 1
    outer loop
      vertex 7.12 156.8 1.8
      vertex 3.68 155.564 1.8
      vertex 7.12 3.2 1.8
    endloop
  endfacet
  facet normal 0 0 1
    outer loop
      vertex 3.68 155.564 1.8
      vertex 6 156.8 1.8
      vertex 5.78032 156.791 1.8
    endloop
  endfacet
  facet normal -0 0 1
    outer loop
      vertex 3.68 4.43615 1.8
      vertex 7.12 3.2 1.8
      vertex 3.68 155.564 1.8
    endloop
  endfacet
  facet normal 0 0 1
    outer loop
      vertex 3.68 155.564 1.8
      vertex 5.78032 156.791 1.8
      vertex 5.56198 156.766 1.8
    endloop
  endfacet
  facet normal 0 0 1
    outer loop
      vertex 7.12 3.2 1.8
      vertex 3.68 4.43615 1.8
      vertex 6 3.2 1.8
    endloop
  endfacet
  facet normal 0 0 1
    outer loop
      vertex 3.68 155.564 1.8
      vertex 5.56198 156.766 1.8
      vertex 5.34636 156.723 1.8
    endloop
  endfacet
  facet normal 0 0 1
    outer loop
      vertex 6 3.2 1.8
      vertex 3.68 4.43615 1.8
      vertex 5.78032 3.20863 1.8
    endloop
  endfacet
  facet normal 0 0 1
    outer loop
      vertex 3.68 155.564 1.8
      vertex 5.34636 156.723 1.8
      vertex 5.13475 156.663 1.8
    endloop
  endfacet
  facet normal 0 0 1
    outer loop
      vertex 5.78032 3.20863 1.8
      vertex 3.68 4.43615 1.8
      vertex 5.56198 3.23447 1.8
    endloop
  endfacet
  facet normal 0 0 1
    outer loop
      vertex 3.68 155.564 1.8
      vertex 5.13475 156.663 1.8
      vertex 4.92848 156.587 1.8
    endloop
  endfacet
  facet normal 0 0 1
    outer loop
      vertex 5.56198 3.23447 1.8
      vertex 3.68 4.43615 1.8
      vertex 5.34636 3.27736 1.8
    endloop
  endfacet
  facet normal 0 0 1
    outer loop
      vertex 3.68 155.564 1.8
      vertex 4.92848 156.587 1.8
      vertex 4.72882 156.495 1.8
    endloop
  endfacet
  facet normal 0 0 1
    outer loop
      vertex 5.34636 3.27736 1.8
      vertex 3.68 4.43615 1.8
      vertex 5.13475 3.33704 1.8
    endloop
  endfacet
  facet normal 0 0 1
    outer loop
      vertex 3.68 155.564 1.8
      vertex 4.72882 156.495 1.8
      vertex 4.537 156.387 1.8
    endloop
  endfacet
  facet normal 0 0 1
    outer loop
      vertex 5.13475 3.33704 1.8
      vertex 3.68 4.43615 1.8
      vertex 4.92848 3.41313 1.8
    endloop
  endfacet
  facet normal 0 0 1
    outer loop
      vertex 3.68 155.564 1.8
      vertex 4.537 156.387 1.8
      vertex 4.3542 156.265 1.8
    endloop
  endfacet
  facet normal 0 0 1
    outer loop
      vertex 4.92848 3.41313 1.8
      vertex 3.68 4.43615 1.8
      vertex 4.72882 3.50519 1.8
    endloop
  endfacet
  facet normal 0 0 1
    outer loop
      vertex 3.68 155.564 1.8
      vertex 4.3542 156.265 1.8
      vertex 4.18155 156.129 1.8
    endloop
  endfacet
  facet normal 0 0 1
    outer loop
      vertex 4.72882 3.50519 1.8
      vertex 3.68 4.43615 1.8
      vertex 4.537 3.61261 1.8
    endloop
  endfacet
  facet normal 0 0 1
    outer loop
      vertex 3.68 155.564 1.8
      vertex 4.18155 156.129 1.8
      vertex 4.0201 155.98 1.8
    endloop
  endfacet
  facet normal 0 0 1
    outer loop
      vertex 4.537 3.61261 1.8
      vertex 3.68 4.43615 1.8
      vertex 4.3542 3.73476 1.8
    endloop
  endfacet
  facet normal 0 0 1
    outer loop
      vertex 3.68 155.564 1.8
      vertex 4.0201 155.98 1.8
      vertex 3.87086 155.818 1.8
    endloop
  endfacet
  facet normal 0 0 1
    outer loop
      vertex 4.3542 3.73476 1.8
      vertex 3.68 4.43615 1.8
      vertex 4.18155 3.87086 1.8
    endloop
  endfacet
  facet normal 0 0 1
    outer loop
      vertex 3.68 155.564 1.8
      vertex 3.87086 155.818 1.8
      vertex 3.73476 155.646 1.8
    endloop
  endfacet
  facet normal 0 0 1
    outer loop
      vertex 4.18155 3.87086 1.8
      vertex 3.68 4.43615 1.8
      vertex 4.0201 4.0201 1.8
    endloop
  endfacet
  facet normal 0 0 1
    outer loop
      vertex 4.0201 4.0201 1.8
      vertex 3.68 4.43615 1.8
      vertex 3.87086 4.18155 1.8
    endloop
  endfacet
  facet normal 0 0 1
    outer loop
      vertex 3.87086 4.18155 1.8
      vertex 3.68 4.43615 1.8
      vertex 3.73476 4.3542 1.8
    endloop
  endfacet
  facet normal 0 0 0
    outer loop
      vertex 79.6 156.8 1.8
      vertex 80.4 156.8 1.8
      vertex 83.84 156.8 1.8
    endloop
  endfacet
  facet normal 0 0 0
    outer loop
      vertex 41.24 156.8 1.8
      vertex 42.04 156.8 1.8
      vertex 45.48 156.8 1.8
    endloop
  endfacet
  facet normal 0 0 0
    outer loop
      vertex 26.3 156.8 1.8
      vertex 37.8 156.8 1.8
      vertex 41.24 156.8 1.8
    endloop
  endfacet
  facet normal 0 0 0
    outer loop
      vertex 83.84 156.8 1.8
      vertex 95.34 156.8 1.8
      vertex 98.78 156.8 1.8
    endloop
  endfacet
  facet normal 0 0 0
    outer loop
      vertex 41.24 156.8 1.8
      vertex 45.48 156.8 1.8
      vertex 56.98 156.8 1.8
    endloop
  endfacet
  facet normal 0 0 0
    outer loop
      vertex 99.58 156.8 1.8
      vertex 103.02 156.8 1.8
      vertex 114.52 156.8 1.8
    endloop
  endfacet
  facet normal 0 0 0
    outer loop
      vertex 98.78 156.8 1.8
      vertex 99.58 156.8 1.8
      vertex 114.52 156.8 1.8
    endloop
  endfacet
  facet normal 0 0 0
    outer loop
      vertex 98.78 156.8 1.8
      vertex 114.52 156.8 1.8
      vertex 117.96 156.8 1.8
    endloop
  endfacet
  facet normal 0 0 0
    outer loop
      vertex 118.76 156.8 1.8
      vertex 122.2 156.8 1.8
      vertex 133.7 156.8 1.8
    endloop
  endfacet
  facet normal 0 0 0
    outer loop
      vertex 117.96 156.8 1.8
      vertex 118.76 156.8 1.8
      vertex 133.7 156.8 1.8
    endloop
  endfacet
  facet normal 0 0 0
    outer loop
      vertex 41.24 156.8 1.8
      vertex 56.98 156.8 1.8
      vertex 60.42 156.8 1.8
    endloop
  endfacet
  facet normal 0 -0 0
    outer loop
      vertex 152.88 156.8 1.8
      vertex 154 156.8 1.8
      vertex 6 156.8 1.8
    endloop
  endfacet
  facet normal 0 0 0
    outer loop
      vertex 61.22 156.8 1.8
      vertex 64.66 156.8 1.8
      vertex 76.16 156.8 1.8
    endloop
  endfacet
  facet normal 0 0 0
    outer loop
      vertex 117.96 156.8 1.8
      vertex 133.7 156.8 1.8
      vertex 137.14 156.8 1.8
    endloop
  endfacet
  facet normal 0 0 0
    outer loop
      vertex 137.14 156.8 1.8
      vertex 137.94 156.8 1.8
      vertex 141.38 156.8 1.8
    endloop
  endfacet
  facet normal 0 0 0
    outer loop
      vertex 6 156.8 1.8
      vertex 7.12 156.8 1.8
      vertex 18.62 156.8 1.8
    endloop
  endfacet
  facet normal 0 -0 0
    outer loop
      vertex 141.38 156.8 1.8
      vertex 152.88 156.8 1.8
      vertex 6 156.8 1.8
    endloop
  endfacet
  facet normal 0 0 0
    outer loop
      vertex 60.42 156.8 1.8
      vertex 61.22 156.8 1.8
      vertex 76.16 156.8 1.8
    endloop
  endfacet
  facet normal 0 0 0
    outer loop
      vertex 98.78 156.8 1.8
      vertex 117.96 156.8 1.8
      vertex 137.14 156.8 1.8
    endloop
  endfacet
  facet normal 0 0 0
    outer loop
      vertex 83.84 156.8 1.8
      vertex 98.78 156.8 1.8
      vertex 137.14 156.8 1.8
    endloop
  endfacet
  facet normal 0 0 0
    outer loop
      vertex 76.16 156.8 1.8
      vertex 79.6 156.8 1.8
      vertex 83.84 156.8 1.8
    endloop
  endfacet
  facet normal 0 0 0
    outer loop
      vertex 6 156.8 1.8
      vertex 18.62 156.8 1.8
      vertex 22.06 156.8 1.8
    endloop
  endfacet
  facet normal 0 0 0
    outer loop
      vertex 83.84 156.8 1.8
      vertex 137.14 156.8 1.8
      vertex 141.38 156.8 1.8
    endloop
  endfacet
  facet normal 0 0 0
    outer loop
      vertex 6 156.8 1.8
      vertex 22.06 156.8 1.8
      vertex 22.86 156.8 1.8
    endloop
  endfacet
  facet normal 0 0 0
    outer loop
      vertex 141.38 156.8 1.8
      vertex 6 156.8 1.8
      vertex 22.86 156.8 1.8
    endloop
  endfacet
  facet normal 0 0 0
    outer loop
      vertex 26.3 156.8 1.8
      vertex 41.24 156.8 1.8
      vertex 60.42 156.8 1.8
    endloop
  endfacet
  facet normal 0 0 0
    outer loop
      vertex 26.3 156.8 1.8
      vertex 60.42 156.8 1.8
      vertex 76.16 156.8 1.8
    endloop
  endfacet
  facet normal 0 0 0
    outer loop
      vertex 22.86 156.8 1.8
      vertex 26.3 156.8 1.8
      vertex 76.16 156.8 1.8
    endloop
  endfacet
  facet normal 0 -0 0
    outer loop
      vertex 83.84 156.8 1.8
      vertex 141.38 156.8 1.8
      vertex 22.86 156.8 1.8
    endloop
  endfacet
  facet normal 0 -0 0
    outer loop
      vertex 76.16 156.8 1.8
      vertex 83.84 156.8 1.8
      vertex 22.86 156.8 1.8
    endloop
  endfacet
  facet normal 0 0 0
    outer loop
      vertex 156.8 5.9999 1.8
      vertex 156.8 6 1.8
      vertex 156.8 154 1.8
    endloop
  endfacet
  facet normal 1 -0 0
    outer loop
      vertex 160 6 12.91
      vertex 160 154 0
      vertex 160 154 12.91
    endloop
  endfacet
  facet normal 1 0 0
    outer loop
      vertex 160 154 0
      vertex 160 6 12.91
      vertex 160 6 0
    endloop
  endfacet
  facet normal -1 0 0
    outer loop
      vertex 0 6 0
      vertex 0 154 12.91
      vertex 0 154 0
    endloop
  endfacet
  facet normal -1 -0 0
    outer loop
      vertex 0 154 12.91
      vertex 0 6 0
      vertex 0 6 12.91
    endloop
  endfacet
  facet normal -0.19511 -0.980781 0
    outer loop
      vertex 4.59933 0.165787 0
      vertex 5.06139 0.0738678 12.91
      vertex 4.59933 0.165787 12.91
    endloop
  endfacet
  facet normal -0.19511 -0.980781 -0
    outer loop
      vertex 5.06139 0.0738678 12.91
      vertex 4.59933 0.165787 0
      vertex 5.06139 0.0738678 0
    endloop
  endfacet
  facet normal 0.488658 -0.872475 0
    outer loop
      vertex 156.724 0.653961 0
      vertex 157.135 0.884155 12.91
      vertex 156.724 0.653961 12.91
    endloop
  endfacet
  facet normal 0.488658 -0.872475 0
    outer loop
      vertex 157.135 0.884155 12.91
      vertex 156.724 0.653961 0
      vertex 157.135 0.884155 0
    endloop
  endfacet
  facet normal -0.418245 0.908334 0
    outer loop
      vertex 3.7039 159.543 0
      vertex 3.27606 159.346 12.91
      vertex 3.7039 159.543 12.91
    endloop
  endfacet
  facet normal -0.418245 0.908334 0
    outer loop
      vertex 3.27606 159.346 12.91
      vertex 3.7039 159.543 0
      vertex 3.27606 159.346 0
    endloop
  endfacet
  facet normal 0.938234 0.346 0
    outer loop
      vertex 159.706 155.854 12.91
      vertex 159.543 156.296 0
      vertex 159.543 156.296 12.91
    endloop
  endfacet
  facet normal 0.938234 0.346 0
    outer loop
      vertex 159.543 156.296 0
      vertex 159.706 155.854 12.91
      vertex 159.706 155.854 0
    endloop
  endfacet
  facet normal 0 1 -0
    outer loop
      vertex 154 160 0
      vertex 6 160 12.91
      vertex 154 160 12.91
    endloop
  endfacet
  facet normal 0 1 0
    outer loop
      vertex 6 160 12.91
      vertex 154 160 0
      vertex 6 160 0
    endloop
  endfacet
  facet normal 0.346 0.938234 -0
    outer loop
      vertex 156.296 159.543 0
      vertex 155.854 159.706 12.91
      vertex 156.296 159.543 12.91
    endloop
  endfacet
  facet normal 0.346 0.938234 0
    outer loop
      vertex 155.854 159.706 12.91
      vertex 156.296 159.543 0
      vertex 155.854 159.706 0
    endloop
  endfacet
  facet normal -0.271675 0.962389 0
    outer loop
      vertex 4.59933 159.834 0
      vertex 4.1459 159.706 12.91
      vertex 4.59933 159.834 12.91
    endloop
  endfacet
  facet normal -0.271675 0.962389 0
    outer loop
      vertex 4.1459 159.706 12.91
      vertex 4.59933 159.834 0
      vertex 4.1459 159.706 0
    endloop
  endfacet
  facet normal -0.488613 -0.872501 0
    outer loop
      vertex 2.86501 0.884155 0
      vertex 3.27606 0.653961 12.91
      vertex 2.86501 0.884155 12.91
    endloop
  endfacet
  facet normal -0.488613 -0.872501 -0
    outer loop
      vertex 3.27606 0.653961 12.91
      vertex 2.86501 0.884155 0
      vertex 3.27606 0.653961 0
    endloop
  endfacet
  facet normal 0.872676 -0.488299 0
    outer loop
      vertex 159.116 2.86501 12.91
      vertex 159.346 3.27606 0
      vertex 159.346 3.27606 12.91
    endloop
  endfacet
  facet normal 0.872676 -0.488299 0
    outer loop
      vertex 159.346 3.27606 0
      vertex 159.116 2.86501 12.91
      vertex 159.116 2.86501 0
    endloop
  endfacet
  facet normal 0.831397 0.555679 0
    outer loop
      vertex 159.116 157.135 12.91
      vertex 158.854 157.527 0
      vertex 158.854 157.527 12.91
    endloop
  endfacet
  facet normal 0.831397 0.555679 0
    outer loop
      vertex 158.854 157.527 0
      vertex 159.116 157.135 12.91
      vertex 159.116 157.135 0
    endloop
  endfacet
  facet normal -0.962395 0.271655 0
    outer loop
      vertex 0.165787 155.401 0
      vertex 0.293655 155.854 12.91
      vertex 0.293655 155.854 0
    endloop
  endfacet
  facet normal -0.962395 0.271655 0
    outer loop
      vertex 0.293655 155.854 12.91
      vertex 0.165787 155.401 0
      vertex 0.165787 155.401 12.91
    endloop
  endfacet
  facet normal -0.980776 0.195135 0
    outer loop
      vertex 0.0738678 154.939 0
      vertex 0.165787 155.401 12.91
      vertex 0.165787 155.401 0
    endloop
  endfacet
  facet normal -0.980776 0.195135 0
    outer loop
      vertex 0.165787 155.401 12.91
      vertex 0.0738678 154.939 0
      vertex 0.0738678 154.939 12.91
    endloop
  endfacet
  facet normal 0.962321 0.271914 0
    outer loop
      vertex 159.834 155.401 12.91
      vertex 159.706 155.854 0
      vertex 159.706 155.854 12.91
    endloop
  endfacet
  facet normal 0.962321 0.271914 0
    outer loop
      vertex 159.706 155.854 0
      vertex 159.834 155.401 12.91
      vertex 159.834 155.401 0
    endloop
  endfacet
  facet normal -0.999229 -0.0392553 0
    outer loop
      vertex 0.0184937 5.52925 0
      vertex 0 6 12.91
      vertex 0 6 0
    endloop
  endfacet
  facet normal -0.999229 -0.0392553 0
    outer loop
      vertex 0 6 12.91
      vertex 0.0184937 5.52925 0
      vertex 0.0184937 5.52925 12.91
    endloop
  endfacet
  facet normal -0.908204 0.418527 0
    outer loop
      vertex 0.456726 156.296 0
      vertex 0.653961 156.724 12.91
      vertex 0.653961 156.724 0
    endloop
  endfacet
  facet normal -0.908204 0.418527 0
    outer loop
      vertex 0.653961 156.724 12.91
      vertex 0.456726 156.296 0
      vertex 0.456726 156.296 12.91
    endloop
  endfacet
  facet normal 0.908394 0.418116 0
    outer loop
      vertex 159.543 156.296 12.91
      vertex 159.346 156.724 0
      vertex 159.346 156.724 12.91
    endloop
  endfacet
  facet normal 0.908394 0.418116 0
    outer loop
      vertex 159.346 156.724 0
      vertex 159.543 156.296 12.91
      vertex 159.543 156.296 0
    endloop
  endfacet
  facet normal -0.118846 0.992913 0
    outer loop
      vertex 5.52925 159.982 0
      vertex 5.06139 159.926 12.91
      vertex 5.52925 159.982 12.91
    endloop
  endfacet
  facet normal -0.118846 0.992913 0
    outer loop
      vertex 5.06139 159.926 12.91
      vertex 5.52925 159.982 0
      vertex 5.06139 159.926 0
    endloop
  endfacet
  facet normal 0.619507 0.784991 -0
    outer loop
      vertex 157.897 158.562 0
      vertex 157.527 158.854 12.91
      vertex 157.897 158.562 12.91
    endloop
  endfacet
  facet normal 0.619507 0.784991 0
    outer loop
      vertex 157.527 158.854 12.91
      vertex 157.897 158.562 0
      vertex 157.527 158.854 0
    endloop
  endfacet
  facet normal -0.195275 0.980748 0
    outer loop
      vertex 5.06139 159.926 0
      vertex 4.59933 159.834 12.91
      vertex 5.06139 159.926 12.91
    endloop
  endfacet
  facet normal -0.195275 0.980748 0
    outer loop
      vertex 4.59933 159.834 12.91
      vertex 5.06139 159.926 0
      vertex 4.59933 159.834 0
    endloop
  endfacet
  facet normal 0.677839 0.735211 -0
    outer loop
      vertex 158.243 158.243 0
      vertex 157.897 158.562 12.91
      vertex 158.243 158.243 12.91
    endloop
  endfacet
  facet normal 0.677839 0.735211 0
    outer loop
      vertex 157.897 158.562 12.91
      vertex 158.243 158.243 0
      vertex 157.897 158.562 0
    endloop
  endfacet
  facet normal -0.980781 -0.19511 0
    outer loop
      vertex 0.165787 4.59933 0
      vertex 0.0738678 5.06139 12.91
      vertex 0.0738678 5.06139 0
    endloop
  endfacet
  facet normal -0.980781 -0.19511 0
    outer loop
      vertex 0.0738678 5.06139 12.91
      vertex 0.165787 4.59933 0
      vertex 0.165787 4.59933 12.91
    endloop
  endfacet
  facet normal -0.271416 -0.962462 0
    outer loop
      vertex 4.1459 0.293655 0
      vertex 4.59933 0.165787 12.91
      vertex 4.1459 0.293655 12.91
    endloop
  endfacet
  facet normal -0.271416 -0.962462 -0
    outer loop
      vertex 4.59933 0.165787 12.91
      vertex 4.1459 0.293655 0
      vertex 4.59933 0.165787 0
    endloop
  endfacet
  facet normal -0.785342 0.619062 0
    outer loop
      vertex 1.1459 157.527 0
      vertex 1.43756 157.897 12.91
      vertex 1.43756 157.897 0
    endloop
  endfacet
  facet normal -0.785342 0.619062 0
    outer loop
      vertex 1.43756 157.897 12.91
      vertex 1.1459 157.527 0
      vertex 1.1459 157.527 12.91
    endloop
  endfacet
  facet normal 0.0381887 0.999271 -0
    outer loop
      vertex 154.471 159.982 0
      vertex 154 160 12.91
      vertex 154.471 159.982 12.91
    endloop
  endfacet
  facet normal 0.0381887 0.999271 0
    outer loop
      vertex 154 160 12.91
      vertex 154.471 159.982 0
      vertex 154 160 0
    endloop
  endfacet
  facet normal -0.67787 0.735181 0
    outer loop
      vertex 2.10332 158.562 0
      vertex 1.75735 158.243 12.91
      vertex 2.10332 158.562 12.91
    endloop
  endfacet
  facet normal -0.67787 0.735181 0
    outer loop
      vertex 1.75735 158.243 12.91
      vertex 2.10332 158.562 0
      vertex 1.75735 158.243 0
    endloop
  endfacet
  facet normal -0.117536 -0.993069 0
    outer loop
      vertex 5.06139 0.0738678 0
      vertex 5.52925 0.0184937 12.91
      vertex 5.06139 0.0738678 12.91
    endloop
  endfacet
  facet normal -0.117536 -0.993069 -0
    outer loop
      vertex 5.52925 0.0184937 12.91
      vertex 5.06139 0.0738678 0
      vertex 5.52925 0.0184937 0
    endloop
  endfacet
  facet normal 0.872651 0.488345 0
    outer loop
      vertex 159.346 156.724 12.91
      vertex 159.116 157.135 0
      vertex 159.116 157.135 12.91
    endloop
  endfacet
  facet normal 0.872651 0.488345 0
    outer loop
      vertex 159.116 157.135 0
      vertex 159.346 156.724 12.91
      vertex 159.346 156.724 0
    endloop
  endfacet
  facet normal -0.619103 -0.78531 0
    outer loop
      vertex 2.10332 1.43756 0
      vertex 2.47328 1.1459 12.91
      vertex 2.10332 1.43756 12.91
    endloop
  endfacet
  facet normal -0.619103 -0.78531 -0
    outer loop
      vertex 2.47328 1.1459 12.91
      vertex 2.10332 1.43756 0
      vertex 2.47328 1.1459 0
    endloop
  endfacet
  facet normal -0.83147 -0.555569 0
    outer loop
      vertex 1.1459 2.47328 0
      vertex 0.884155 2.86501 12.91
      vertex 0.884155 2.86501 0
    endloop
  endfacet
  facet normal -0.83147 -0.555569 0
    outer loop
      vertex 0.884155 2.86501 12.91
      vertex 1.1459 2.47328 0
      vertex 1.1459 2.47328 12.91
    endloop
  endfacet
  facet normal 0.992913 -0.118846 0
    outer loop
      vertex 159.926 5.06139 12.91
      vertex 159.982 5.52925 0
      vertex 159.982 5.52925 12.91
    endloop
  endfacet
  facet normal 0.992913 -0.118846 0
    outer loop
      vertex 159.982 5.52925 0
      vertex 159.926 5.06139 12.91
      vertex 159.926 5.06139 0
    endloop
  endfacet
  facet normal -0.872501 -0.488613 0
    outer loop
      vertex 0.884155 2.86501 0
      vertex 0.653961 3.27606 12.91
      vertex 0.653961 3.27606 0
    endloop
  endfacet
  facet normal -0.872501 -0.488613 0
    outer loop
      vertex 0.653961 3.27606 12.91
      vertex 0.884155 2.86501 0
      vertex 0.884155 2.86501 12.91
    endloop
  endfacet
  facet normal 0.980744 0.1953 0
    outer loop
      vertex 159.926 154.939 12.91
      vertex 159.834 155.401 0
      vertex 159.834 155.401 12.91
    endloop
  endfacet
  facet normal 0.980744 0.1953 0
    outer loop
      vertex 159.834 155.401 0
      vertex 159.926 154.939 12.91
      vertex 159.926 154.939 0
    endloop
  endfacet
  facet normal -0.488299 0.872676 0
    outer loop
      vertex 3.27606 159.346 0
      vertex 2.86501 159.116 12.91
      vertex 3.27606 159.346 12.91
    endloop
  endfacet
  facet normal -0.488299 0.872676 0
    outer loop
      vertex 2.86501 159.116 12.91
      vertex 3.27606 159.346 0
      vertex 2.86501 159.116 0
    endloop
  endfacet
  facet normal -0.0392553 -0.999229 0
    outer loop
      vertex 5.52925 0.0184937 0
      vertex 6 0 12.91
      vertex 5.52925 0.0184937 12.91
    endloop
  endfacet
  facet normal -0.0392553 -0.999229 -0
    outer loop
      vertex 6 0 12.91
      vertex 5.52925 0.0184937 0
      vertex 6 0 0
    endloop
  endfacet
  facet normal -0.962462 -0.271416 0
    outer loop
      vertex 0.293655 4.1459 0
      vertex 0.165787 4.59933 12.91
      vertex 0.165787 4.59933 0
    endloop
  endfacet
  facet normal -0.962462 -0.271416 0
    outer loop
      vertex 0.165787 4.59933 12.91
      vertex 0.293655 4.1459 0
      vertex 0.293655 4.1459 12.91
    endloop
  endfacet
  facet normal 0.488345 0.872651 -0
    outer loop
      vertex 157.135 159.116 0
      vertex 156.724 159.346 12.91
      vertex 157.135 159.116 12.91
    endloop
  endfacet
  facet normal 0.488345 0.872651 0
    outer loop
      vertex 156.724 159.346 12.91
      vertex 157.135 159.116 0
      vertex 156.724 159.346 0
    endloop
  endfacet
  facet normal 0.784991 0.619507 0
    outer loop
      vertex 158.854 157.527 12.91
      vertex 158.562 157.897 0
      vertex 158.562 157.897 12.91
    endloop
  endfacet
  facet normal 0.784991 0.619507 0
    outer loop
      vertex 158.562 157.897 0
      vertex 158.854 157.527 12.91
      vertex 158.854 157.527 0
    endloop
  endfacet
  facet normal 0.271655 -0.962395 0
    outer loop
      vertex 155.401 0.165787 0
      vertex 155.854 0.293655 12.91
      vertex 155.401 0.165787 12.91
    endloop
  endfacet
  facet normal 0.271655 -0.962395 0
    outer loop
      vertex 155.854 0.293655 12.91
      vertex 155.401 0.165787 0
      vertex 155.854 0.293655 0
    endloop
  endfacet
  facet normal -0.872475 0.488658 0
    outer loop
      vertex 0.653961 156.724 0
      vertex 0.884155 157.135 12.91
      vertex 0.884155 157.135 0
    endloop
  endfacet
  facet normal -0.872475 0.488658 0
    outer loop
      vertex 0.884155 157.135 12.91
      vertex 0.653961 156.724 0
      vertex 0.653961 156.724 12.91
    endloop
  endfacet
  facet normal -0.993073 0.117501 0
    outer loop
      vertex 0.0184937 154.471 0
      vertex 0.0738678 154.939 12.91
      vertex 0.0738678 154.939 0
    endloop
  endfacet
  facet normal -0.993073 0.117501 0
    outer loop
      vertex 0.0738678 154.939 12.91
      vertex 0.0184937 154.471 0
      vertex 0.0184937 154.471 12.91
    endloop
  endfacet
  facet normal -0.831647 0.555305 0
    outer loop
      vertex 0.884155 157.135 0
      vertex 1.1459 157.527 12.91
      vertex 1.1459 157.527 0
    endloop
  endfacet
  facet normal -0.831647 0.555305 0
    outer loop
      vertex 1.1459 157.527 12.91
      vertex 0.884155 157.135 0
      vertex 0.884155 157.135 12.91
    endloop
  endfacet
  facet normal -0.99923 0.0392345 0
    outer loop
      vertex 0 154 0
      vertex 0.0184937 154.471 12.91
      vertex 0.0184937 154.471 0
    endloop
  endfacet
  facet normal -0.99923 0.0392345 0
    outer loop
      vertex 0.0184937 154.471 12.91
      vertex 0 154 0
      vertex 0 154 12.91
    endloop
  endfacet
  facet normal 0.1953 0.980744 -0
    outer loop
      vertex 155.401 159.834 0
      vertex 154.939 159.926 12.91
      vertex 155.401 159.834 12.91
    endloop
  endfacet
  facet normal 0.1953 0.980744 0
    outer loop
      vertex 154.939 159.926 12.91
      vertex 155.401 159.834 0
      vertex 154.939 159.926 0
    endloop
  endfacet
  facet normal -0.938185 0.346133 0
    outer loop
      vertex 0.293655 155.854 0
      vertex 0.456726 156.296 12.91
      vertex 0.456726 156.296 0
    endloop
  endfacet
  facet normal -0.938185 0.346133 0
    outer loop
      vertex 0.456726 156.296 12.91
      vertex 0.293655 155.854 0
      vertex 0.293655 155.854 12.91
    endloop
  endfacet
  facet normal 0.418116 0.908394 -0
    outer loop
      vertex 156.724 159.346 0
      vertex 156.296 159.543 12.91
      vertex 156.724 159.346 12.91
    endloop
  endfacet
  facet normal 0.418116 0.908394 0
    outer loop
      vertex 156.296 159.543 12.91
      vertex 156.724 159.346 0
      vertex 156.296 159.543 0
    endloop
  endfacet
  facet normal 0.980748 -0.195275 0
    outer loop
      vertex 159.834 4.59933 12.91
      vertex 159.926 5.06139 0
      vertex 159.926 5.06139 12.91
    endloop
  endfacet
  facet normal 0.980748 -0.195275 0
    outer loop
      vertex 159.926 5.06139 0
      vertex 159.834 4.59933 12.91
      vertex 159.834 4.59933 0
    endloop
  endfacet
  facet normal 0.619062 -0.785342 0
    outer loop
      vertex 157.527 1.1459 0
      vertex 157.897 1.43756 12.91
      vertex 157.527 1.1459 12.91
    endloop
  endfacet
  facet normal 0.619062 -0.785342 0
    outer loop
      vertex 157.897 1.43756 12.91
      vertex 157.527 1.1459 0
      vertex 157.897 1.43756 0
    endloop
  endfacet
  facet normal -0.908145 -0.418656 0
    outer loop
      vertex 0.653961 3.27606 0
      vertex 0.456726 3.7039 12.91
      vertex 0.456726 3.7039 0
    endloop
  endfacet
  facet normal -0.908145 -0.418656 0
    outer loop
      vertex 0.456726 3.7039 12.91
      vertex 0.653961 3.27606 0
      vertex 0.653961 3.27606 12.91
    endloop
  endfacet
  facet normal -0.346 0.938234 0
    outer loop
      vertex 4.1459 159.706 0
      vertex 3.7039 159.543 12.91
      vertex 4.1459 159.706 12.91
    endloop
  endfacet
  facet normal -0.346 0.938234 0
    outer loop
      vertex 3.7039 159.543 12.91
      vertex 4.1459 159.706 0
      vertex 3.7039 159.543 0
    endloop
  endfacet
  facet normal 0.418527 -0.908204 0
    outer loop
      vertex 156.296 0.456726 0
      vertex 156.724 0.653961 12.91
      vertex 156.296 0.456726 12.91
    endloop
  endfacet
  facet normal 0.418527 -0.908204 0
    outer loop
      vertex 156.724 0.653961 12.91
      vertex 156.296 0.456726 0
      vertex 156.724 0.653961 0
    endloop
  endfacet
  facet normal 0.992917 0.118811 0
    outer loop
      vertex 159.982 154.471 12.91
      vertex 159.926 154.939 0
      vertex 159.926 154.939 12.91
    endloop
  endfacet
  facet normal 0.992917 0.118811 0
    outer loop
      vertex 159.926 154.939 0
      vertex 159.982 154.471 12.91
      vertex 159.982 154.471 0
    endloop
  endfacet
  facet normal -0.734374 0.678745 0
    outer loop
      vertex 1.43756 157.897 0
      vertex 1.75735 158.243 12.91
      vertex 1.75735 158.243 0
    endloop
  endfacet
  facet normal -0.734374 0.678745 0
    outer loop
      vertex 1.75735 158.243 12.91
      vertex 1.43756 157.897 0
      vertex 1.43756 157.897 12.91
    endloop
  endfacet
  facet normal -0.734345 -0.678776 0
    outer loop
      vertex 1.75735 1.75735 0
      vertex 1.43756 2.10332 12.91
      vertex 1.43756 2.10332 0
    endloop
  endfacet
  facet normal -0.734345 -0.678776 0
    outer loop
      vertex 1.43756 2.10332 12.91
      vertex 1.75735 1.75735 0
      vertex 1.75735 1.75735 12.91
    endloop
  endfacet
  facet normal -0.938185 -0.346133 0
    outer loop
      vertex 0.456726 3.7039 0
      vertex 0.293655 4.1459 12.91
      vertex 0.293655 4.1459 0
    endloop
  endfacet
  facet normal -0.938185 -0.346133 0
    outer loop
      vertex 0.293655 4.1459 12.91
      vertex 0.456726 3.7039 0
      vertex 0.456726 3.7039 12.91
    endloop
  endfacet
  facet normal -0.78531 -0.619103 0
    outer loop
      vertex 1.43756 2.10332 0
      vertex 1.1459 2.47328 12.91
      vertex 1.1459 2.47328 0
    endloop
  endfacet
  facet normal -0.78531 -0.619103 0
    outer loop
      vertex 1.1459 2.47328 12.91
      vertex 1.43756 2.10332 0
      vertex 1.43756 2.10332 12.91
    endloop
  endfacet
  facet normal 0.118811 0.992917 -0
    outer loop
      vertex 154.939 159.926 0
      vertex 154.471 159.982 12.91
      vertex 154.939 159.926 12.91
    endloop
  endfacet
  facet normal 0.118811 0.992917 0
    outer loop
      vertex 154.471 159.982 12.91
      vertex 154.939 159.926 0
      vertex 154.471 159.982 0
    endloop
  endfacet
  facet normal 0.735211 0.677839 0
    outer loop
      vertex 158.562 157.897 12.91
      vertex 158.243 158.243 0
      vertex 158.243 158.243 12.91
    endloop
  endfacet
  facet normal 0.735211 0.677839 0
    outer loop
      vertex 158.243 158.243 0
      vertex 158.562 157.897 12.91
      vertex 158.562 157.897 0
    endloop
  endfacet
  facet normal 0.99927 -0.0382089 0
    outer loop
      vertex 159.982 5.52925 12.91
      vertex 160 6 0
      vertex 160 6 12.91
    endloop
  endfacet
  facet normal 0.99927 -0.0382089 0
    outer loop
      vertex 160 6 0
      vertex 159.982 5.52925 12.91
      vertex 159.982 5.52925 0
    endloop
  endfacet
  facet normal 0.555305 -0.831647 0
    outer loop
      vertex 157.135 0.884155 0
      vertex 157.527 1.1459 12.91
      vertex 157.135 0.884155 12.91
    endloop
  endfacet
  facet normal 0.555305 -0.831647 0
    outer loop
      vertex 157.527 1.1459 12.91
      vertex 157.135 0.884155 0
      vertex 157.527 1.1459 0
    endloop
  endfacet
  facet normal -0.993069 -0.117536 0
    outer loop
      vertex 0.0738678 5.06139 0
      vertex 0.0184937 5.52925 12.91
      vertex 0.0184937 5.52925 0
    endloop
  endfacet
  facet normal -0.993069 -0.117536 0
    outer loop
      vertex 0.0184937 5.52925 12.91
      vertex 0.0738678 5.06139 0
      vertex 0.0738678 5.06139 12.91
    endloop
  endfacet
  facet normal 0.938234 -0.346 0
    outer loop
      vertex 159.543 3.7039 12.91
      vertex 159.706 4.1459 0
      vertex 159.706 4.1459 12.91
    endloop
  endfacet
  facet normal 0.938234 -0.346 0
    outer loop
      vertex 159.706 4.1459 0
      vertex 159.543 3.7039 12.91
      vertex 159.543 3.7039 0
    endloop
  endfacet
  facet normal 0.271914 0.962321 -0
    outer loop
      vertex 155.854 159.706 0
      vertex 155.401 159.834 12.91
      vertex 155.854 159.706 12.91
    endloop
  endfacet
  facet normal 0.271914 0.962321 0
    outer loop
      vertex 155.401 159.834 12.91
      vertex 155.854 159.706 0
      vertex 155.401 159.834 0
    endloop
  endfacet
  facet normal 0.962389 -0.271675 0
    outer loop
      vertex 159.706 4.1459 12.91
      vertex 159.834 4.59933 0
      vertex 159.834 4.59933 12.91
    endloop
  endfacet
  facet normal 0.962389 -0.271675 0
    outer loop
      vertex 159.834 4.59933 0
      vertex 159.706 4.1459 12.91
      vertex 159.706 4.1459 0
    endloop
  endfacet
  facet normal 0.784959 -0.619548 0
    outer loop
      vertex 158.562 2.10332 12.91
      vertex 158.854 2.47328 0
      vertex 158.854 2.47328 12.91
    endloop
  endfacet
  facet normal 0.784959 -0.619548 0
    outer loop
      vertex 158.854 2.47328 0
      vertex 158.562 2.10332 12.91
      vertex 158.562 2.10332 0
    endloop
  endfacet
  facet normal 0.83122 -0.555943 0
    outer loop
      vertex 158.854 2.47328 12.91
      vertex 159.116 2.86501 0
      vertex 159.116 2.86501 12.91
    endloop
  endfacet
  facet normal 0.83122 -0.555943 0
    outer loop
      vertex 159.116 2.86501 0
      vertex 158.854 2.47328 12.91
      vertex 158.854 2.47328 0
    endloop
  endfacet
  facet normal 0 0 -1
    outer loop
      vertex 159.3 6 0
      vertex 160 6 0
      vertex 159.982 5.52925 0
    endloop
  endfacet
  facet normal 0 0 -1
    outer loop
      vertex 160 6 0
      vertex 159.3 6 0
      vertex 160 154 0
    endloop
  endfacet
  facet normal 0 0 -1
    outer loop
      vertex 159.284 5.58417 0
      vertex 159.982 5.52925 0
      vertex 159.926 5.06139 0
    endloop
  endfacet
  facet normal 0 0 -1
    outer loop
      vertex 159.3 154 0
      vertex 160 154 0
      vertex 159.3 6 0
    endloop
  endfacet
  facet normal 0 0 -1
    outer loop
      vertex 159.235 5.1709 0
      vertex 159.926 5.06139 0
      vertex 159.834 4.59933 0
    endloop
  endfacet
  facet normal 0 0 -1
    outer loop
      vertex 160 154 0
      vertex 159.3 154 0
      vertex 159.982 154.471 0
    endloop
  endfacet
  facet normal 0 0 -1
    outer loop
      vertex 159.154 4.76274 0
      vertex 159.834 4.59933 0
      vertex 159.706 4.1459 0
    endloop
  endfacet
  facet normal 0 0 -1
    outer loop
      vertex 159.284 154.416 0
      vertex 159.982 154.471 0
      vertex 159.3 154 0
    endloop
  endfacet
  facet normal 0 0 -1
    outer loop
      vertex 159.041 4.36221 0
      vertex 159.706 4.1459 0
      vertex 159.543 3.7039 0
    endloop
  endfacet
  facet normal -0 0 -1
    outer loop
      vertex 159.982 154.471 0
      vertex 159.284 154.416 0
      vertex 159.926 154.939 0
    endloop
  endfacet
  facet normal 0 0 -1
    outer loop
      vertex 158.897 3.97177 0
      vertex 159.543 3.7039 0
      vertex 159.346 3.27606 0
    endloop
  endfacet
  facet normal 0 0 -1
    outer loop
      vertex 159.235 154.829 0
      vertex 159.926 154.939 0
      vertex 159.284 154.416 0
    endloop
  endfacet
  facet normal -0 0 -1
    outer loop
      vertex 159.926 154.939 0
      vertex 159.235 154.829 0
      vertex 159.834 155.401 0
    endloop
  endfacet
  facet normal 0 0 -1
    outer loop
      vertex 159.982 5.52925 0
      vertex 159.284 5.58417 0
      vertex 159.3 6 0
    endloop
  endfacet
  facet normal 0 0 -1
    outer loop
      vertex 159.926 5.06139 0
      vertex 159.235 5.1709 0
      vertex 159.284 5.58417 0
    endloop
  endfacet
  facet normal 0 0 -1
    outer loop
      vertex 159.834 4.59933 0
      vertex 159.154 4.76274 0
      vertex 159.235 5.1709 0
    endloop
  endfacet
  facet normal 0 0 -1
    outer loop
      vertex 158.722 3.59386 0
      vertex 159.346 3.27606 0
      vertex 159.116 2.86501 0
    endloop
  endfacet
  facet normal 0 0 -1
    outer loop
      vertex 159.706 4.1459 0
      vertex 159.041 4.36221 0
      vertex 159.154 4.76274 0
    endloop
  endfacet
  facet normal 0 0 -1
    outer loop
      vertex 159.543 3.7039 0
      vertex 158.897 3.97177 0
      vertex 159.041 4.36221 0
    endloop
  endfacet
  facet normal 0 0 -1
    outer loop
      vertex 158.519 3.23076 0
      vertex 159.116 2.86501 0
      vertex 158.854 2.47328 0
    endloop
  endfacet
  facet normal 0 0 -1
    outer loop
      vertex 159.346 3.27606 0
      vertex 158.722 3.59386 0
      vertex 158.897 3.97177 0
    endloop
  endfacet
  facet normal 0 0 -1
    outer loop
      vertex 158.288 2.88474 0
      vertex 158.854 2.47328 0
      vertex 158.562 2.10332 0
    endloop
  endfacet
  facet normal 0 0 -1
    outer loop
      vertex 159.116 2.86501 0
      vertex 158.519 3.23076 0
      vertex 158.722 3.59386 0
    endloop
  endfacet
  facet normal 0 0 -1
    outer loop
      vertex 158.854 2.47328 0
      vertex 158.288 2.88474 0
      vertex 158.519 3.23076 0
    endloop
  endfacet
  facet normal 0 0 -1
    outer loop
      vertex 158.03 2.55792 0
      vertex 158.562 2.10332 0
      vertex 158.243 1.75735 0
    endloop
  endfacet
  facet normal 0 0 -1
    outer loop
      vertex 158.562 2.10332 0
      vertex 158.03 2.55792 0
      vertex 158.288 2.88474 0
    endloop
  endfacet
  facet normal 0 0 -1
    outer loop
      vertex 157.748 2.25233 0
      vertex 158.243 1.75735 0
      vertex 157.897 1.43756 0
    endloop
  endfacet
  facet normal 0 0 -1
    outer loop
      vertex 158.243 1.75735 0
      vertex 157.748 2.25233 0
      vertex 158.03 2.55792 0
    endloop
  endfacet
  facet normal 0 0 -1
    outer loop
      vertex 157.442 1.96985 0
      vertex 157.897 1.43756 0
      vertex 157.527 1.1459 0
    endloop
  endfacet
  facet normal 0 0 -1
    outer loop
      vertex 157.897 1.43756 0
      vertex 157.442 1.96985 0
      vertex 157.748 2.25233 0
    endloop
  endfacet
  facet normal 0 0 -1
    outer loop
      vertex 157.115 1.7122 0
      vertex 157.527 1.1459 0
      vertex 157.135 0.884155 0
    endloop
  endfacet
  facet normal 0 0 -1
    outer loop
      vertex 157.527 1.1459 0
      vertex 157.115 1.7122 0
      vertex 157.442 1.96985 0
    endloop
  endfacet
  facet normal 0 0 -1
    outer loop
      vertex 157.135 0.884155 0
      vertex 156.769 1.481 0
      vertex 157.115 1.7122 0
    endloop
  endfacet
  facet normal 0 0 -1
    outer loop
      vertex 156.724 0.653961 0
      vertex 156.769 1.481 0
      vertex 157.135 0.884155 0
    endloop
  endfacet
  facet normal 0 0 -1
    outer loop
      vertex 156.724 0.653961 0
      vertex 156.406 1.27766 0
      vertex 156.769 1.481 0
    endloop
  endfacet
  facet normal 0 0 -1
    outer loop
      vertex 156.296 0.456726 0
      vertex 156.406 1.27766 0
      vertex 156.724 0.653961 0
    endloop
  endfacet
  facet normal 0 0 -1
    outer loop
      vertex 156.296 0.456726 0
      vertex 156.028 1.10344 0
      vertex 156.406 1.27766 0
    endloop
  endfacet
  facet normal 0 0 -1
    outer loop
      vertex 155.854 0.293655 0
      vertex 156.028 1.10344 0
      vertex 156.296 0.456726 0
    endloop
  endfacet
  facet normal 0 0 -1
    outer loop
      vertex 155.854 0.293655 0
      vertex 155.638 0.959396 0
      vertex 156.028 1.10344 0
    endloop
  endfacet
  facet normal 0 0 -1
    outer loop
      vertex 155.401 0.165787 0
      vertex 155.638 0.959396 0
      vertex 155.854 0.293655 0
    endloop
  endfacet
  facet normal 0 0 -1
    outer loop
      vertex 155.401 0.165787 0
      vertex 155.237 0.846436 0
      vertex 155.638 0.959396 0
    endloop
  endfacet
  facet normal 0 0 -1
    outer loop
      vertex 154.939 0.0738678 0
      vertex 155.237 0.846436 0
      vertex 155.401 0.165787 0
    endloop
  endfacet
  facet normal 0 0 -1
    outer loop
      vertex 154.939 0.0738678 0
      vertex 154.829 0.765259 0
      vertex 155.237 0.846436 0
    endloop
  endfacet
  facet normal 0 0 -1
    outer loop
      vertex 154.471 0.0184937 0
      vertex 154.829 0.765259 0
      vertex 154.939 0.0738678 0
    endloop
  endfacet
  facet normal 0 0 -1
    outer loop
      vertex 154.471 0.0184937 0
      vertex 154.416 0.716339 0
      vertex 154.829 0.765259 0
    endloop
  endfacet
  facet normal 0 0 -1
    outer loop
      vertex 154 0 0
      vertex 154.416 0.716339 0
      vertex 154.471 0.0184937 0
    endloop
  endfacet
  facet normal 0 0 -1
    outer loop
      vertex 154 0 0
      vertex 154 0.699997 0
      vertex 154.416 0.716339 0
    endloop
  endfacet
  facet normal 0 0 -1
    outer loop
      vertex 6 0 0
      vertex 154 0.699997 0
      vertex 154 0 0
    endloop
  endfacet
  facet normal 0 0 -1
    outer loop
      vertex 6 0 0
      vertex 6 0.699997 0
      vertex 154 0.699997 0
    endloop
  endfacet
  facet normal 0 0 -1
    outer loop
      vertex 6 0 0
      vertex 5.58417 0.716339 0
      vertex 6 0.699997 0
    endloop
  endfacet
  facet normal 0 0 -1
    outer loop
      vertex 5.52925 0.0184937 0
      vertex 5.58417 0.716339 0
      vertex 6 0 0
    endloop
  endfacet
  facet normal 0 0 -1
    outer loop
      vertex 5.52925 0.0184937 0
      vertex 5.1709 0.765259 0
      vertex 5.58417 0.716339 0
    endloop
  endfacet
  facet normal 0 0 -1
    outer loop
      vertex 5.06139 0.0738678 0
      vertex 5.1709 0.765259 0
      vertex 5.52925 0.0184937 0
    endloop
  endfacet
  facet normal 0 0 -1
    outer loop
      vertex 5.06139 0.0738678 0
      vertex 4.76274 0.846436 0
      vertex 5.1709 0.765259 0
    endloop
  endfacet
  facet normal 0 0 -1
    outer loop
      vertex 4.59933 0.165787 0
      vertex 4.76274 0.846436 0
      vertex 5.06139 0.0738678 0
    endloop
  endfacet
  facet normal 0 0 -1
    outer loop
      vertex 4.59933 0.165787 0
      vertex 4.36221 0.959396 0
      vertex 4.76274 0.846436 0
    endloop
  endfacet
  facet normal 0 0 -1
    outer loop
      vertex 4.1459 0.293655 0
      vertex 4.36221 0.959396 0
      vertex 4.59933 0.165787 0
    endloop
  endfacet
  facet normal 0 0 -1
    outer loop
      vertex 4.1459 0.293655 0
      vertex 3.97177 1.10344 0
      vertex 4.36221 0.959396 0
    endloop
  endfacet
  facet normal 0 0 -1
    outer loop
      vertex 3.7039 0.456726 0
      vertex 3.97177 1.10344 0
      vertex 4.1459 0.293655 0
    endloop
  endfacet
  facet normal 0 0 -1
    outer loop
      vertex 3.7039 0.456726 0
      vertex 3.59386 1.27766 0
      vertex 3.97177 1.10344 0
    endloop
  endfacet
  facet normal 0 0 -1
    outer loop
      vertex 3.27606 0.653961 0
      vertex 3.59386 1.27766 0
      vertex 3.7039 0.456726 0
    endloop
  endfacet
  facet normal 0 0 -1
    outer loop
      vertex 3.27606 0.653961 0
      vertex 3.23076 1.481 0
      vertex 3.59386 1.27766 0
    endloop
  endfacet
  facet normal 0 0 -1
    outer loop
      vertex 2.86501 0.884155 0
      vertex 3.23076 1.481 0
      vertex 3.27606 0.653961 0
    endloop
  endfacet
  facet normal -0 0 -1
    outer loop
      vertex 3.23076 1.481 0
      vertex 2.86501 0.884155 0
      vertex 2.88474 1.7122 0
    endloop
  endfacet
  facet normal 0 0 -1
    outer loop
      vertex 2.47328 1.1459 0
      vertex 2.88474 1.7122 0
      vertex 2.86501 0.884155 0
    endloop
  endfacet
  facet normal -0 0 -1
    outer loop
      vertex 2.88474 1.7122 0
      vertex 2.47328 1.1459 0
      vertex 2.55792 1.96985 0
    endloop
  endfacet
  facet normal 0 0 -1
    outer loop
      vertex 2.10332 1.43756 0
      vertex 2.55792 1.96985 0
      vertex 2.47328 1.1459 0
    endloop
  endfacet
  facet normal -0 0 -1
    outer loop
      vertex 2.55792 1.96985 0
      vertex 2.10332 1.43756 0
      vertex 2.25233 2.25233 0
    endloop
  endfacet
  facet normal 0 0 -1
    outer loop
      vertex 1.75735 1.75735 0
      vertex 2.25233 2.25233 0
      vertex 2.10332 1.43756 0
    endloop
  endfacet
  facet normal -0 0 -1
    outer loop
      vertex 2.25233 2.25233 0
      vertex 1.75735 1.75735 0
      vertex 1.96985 2.55792 0
    endloop
  endfacet
  facet normal 0 0 -1
    outer loop
      vertex 1.43756 2.10332 0
      vertex 1.96985 2.55792 0
      vertex 1.75735 1.75735 0
    endloop
  endfacet
  facet normal -0 0 -1
    outer loop
      vertex 1.96985 2.55792 0
      vertex 1.43756 2.10332 0
      vertex 1.7122 2.88474 0
    endloop
  endfacet
  facet normal 0 0 -1
    outer loop
      vertex 1.1459 2.47328 0
      vertex 1.7122 2.88474 0
      vertex 1.43756 2.10332 0
    endloop
  endfacet
  facet normal -0 0 -1
    outer loop
      vertex 1.7122 2.88474 0
      vertex 1.1459 2.47328 0
      vertex 1.481 3.23076 0
    endloop
  endfacet
  facet normal 0 0 -1
    outer loop
      vertex 0.884155 2.86501 0
      vertex 1.481 3.23076 0
      vertex 1.1459 2.47328 0
    endloop
  endfacet
  facet normal -0 0 -1
    outer loop
      vertex 1.481 3.23076 0
      vertex 0.884155 2.86501 0
      vertex 1.27766 3.59386 0
    endloop
  endfacet
  facet normal 0 0 -1
    outer loop
      vertex 0.653961 3.27606 0
      vertex 1.27766 3.59386 0
      vertex 0.884155 2.86501 0
    endloop
  endfacet
  facet normal -0 0 -1
    outer loop
      vertex 1.27766 3.59386 0
      vertex 0.653961 3.27606 0
      vertex 1.10344 3.97177 0
    endloop
  endfacet
  facet normal 0 0 -1
    outer loop
      vertex 0.456726 3.7039 0
      vertex 1.10344 3.97177 0
      vertex 0.653961 3.27606 0
    endloop
  endfacet
  facet normal -0 0 -1
    outer loop
      vertex 1.10344 3.97177 0
      vertex 0.456726 3.7039 0
      vertex 0.959396 4.36221 0
    endloop
  endfacet
  facet normal 0 0 -1
    outer loop
      vertex 0.293655 4.1459 0
      vertex 0.959396 4.36221 0
      vertex 0.456726 3.7039 0
    endloop
  endfacet
  facet normal -0 0 -1
    outer loop
      vertex 0.846436 4.76274 0
      vertex 0.165787 4.59933 0
      vertex 0.765259 5.1709 0
    endloop
  endfacet
  facet normal 0 0 -1
    outer loop
      vertex 0.165787 4.59933 0
      vertex 0.846436 4.76274 0
      vertex 0.293655 4.1459 0
    endloop
  endfacet
  facet normal -0 0 -1
    outer loop
      vertex 0.959396 4.36221 0
      vertex 0.293655 4.1459 0
      vertex 0.846436 4.76274 0
    endloop
  endfacet
  facet normal 0 0 -1
    outer loop
      vertex 159.154 155.237 0
      vertex 159.834 155.401 0
      vertex 159.235 154.829 0
    endloop
  endfacet
  facet normal -0 0 -1
    outer loop
      vertex 159.834 155.401 0
      vertex 159.154 155.237 0
      vertex 159.706 155.854 0
    endloop
  endfacet
  facet normal 0 0 -1
    outer loop
      vertex 159.041 155.638 0
      vertex 159.706 155.854 0
      vertex 159.154 155.237 0
    endloop
  endfacet
  facet normal -0 0 -1
    outer loop
      vertex 159.706 155.854 0
      vertex 159.041 155.638 0
      vertex 159.543 156.296 0
    endloop
  endfacet
  facet normal 0 0 -1
    outer loop
      vertex 158.897 156.028 0
      vertex 159.543 156.296 0
      vertex 159.041 155.638 0
    endloop
  endfacet
  facet normal -0 0 -1
    outer loop
      vertex 159.543 156.296 0
      vertex 158.897 156.028 0
      vertex 159.346 156.724 0
    endloop
  endfacet
  facet normal 0 0 -1
    outer loop
      vertex 158.722 156.406 0
      vertex 159.346 156.724 0
      vertex 158.897 156.028 0
    endloop
  endfacet
  facet normal -0 0 -1
    outer loop
      vertex 159.346 156.724 0
      vertex 158.722 156.406 0
      vertex 159.116 157.135 0
    endloop
  endfacet
  facet normal 0 0 -1
    outer loop
      vertex 158.519 156.769 0
      vertex 159.116 157.135 0
      vertex 158.722 156.406 0
    endloop
  endfacet
  facet normal -0 0 -1
    outer loop
      vertex 159.116 157.135 0
      vertex 158.519 156.769 0
      vertex 158.854 157.527 0
    endloop
  endfacet
  facet normal 0 0 -1
    outer loop
      vertex 158.288 157.115 0
      vertex 158.854 157.527 0
      vertex 158.519 156.769 0
    endloop
  endfacet
  facet normal -0 0 -1
    outer loop
      vertex 158.854 157.527 0
      vertex 158.288 157.115 0
      vertex 158.562 157.897 0
    endloop
  endfacet
  facet normal 0 0 -1
    outer loop
      vertex 158.03 157.442 0
      vertex 158.562 157.897 0
      vertex 158.288 157.115 0
    endloop
  endfacet
  facet normal -0 0 -1
    outer loop
      vertex 158.562 157.897 0
      vertex 158.03 157.442 0
      vertex 158.243 158.243 0
    endloop
  endfacet
  facet normal 0 0 -1
    outer loop
      vertex 157.748 157.748 0
      vertex 158.243 158.243 0
      vertex 158.03 157.442 0
    endloop
  endfacet
  facet normal -0 0 -1
    outer loop
      vertex 158.243 158.243 0
      vertex 157.748 157.748 0
      vertex 157.897 158.562 0
    endloop
  endfacet
  facet normal 0 0 -1
    outer loop
      vertex 157.442 158.03 0
      vertex 157.897 158.562 0
      vertex 157.748 157.748 0
    endloop
  endfacet
  facet normal -0 0 -1
    outer loop
      vertex 157.897 158.562 0
      vertex 157.442 158.03 0
      vertex 157.527 158.854 0
    endloop
  endfacet
  facet normal 0 0 -1
    outer loop
      vertex 157.115 158.288 0
      vertex 157.527 158.854 0
      vertex 157.442 158.03 0
    endloop
  endfacet
  facet normal -0 0 -1
    outer loop
      vertex 157.527 158.854 0
      vertex 157.115 158.288 0
      vertex 157.135 159.116 0
    endloop
  endfacet
  facet normal 0 0 -1
    outer loop
      vertex 156.769 158.519 0
      vertex 157.135 159.116 0
      vertex 157.115 158.288 0
    endloop
  endfacet
  facet normal 0 0 -1
    outer loop
      vertex 156.769 158.519 0
      vertex 156.724 159.346 0
      vertex 157.135 159.116 0
    endloop
  endfacet
  facet normal 0 0 -1
    outer loop
      vertex 156.406 158.722 0
      vertex 156.724 159.346 0
      vertex 156.769 158.519 0
    endloop
  endfacet
  facet normal 0 0 -1
    outer loop
      vertex 156.406 158.722 0
      vertex 156.296 159.543 0
      vertex 156.724 159.346 0
    endloop
  endfacet
  facet normal 0 0 -1
    outer loop
      vertex 156.028 158.897 0
      vertex 156.296 159.543 0
      vertex 156.406 158.722 0
    endloop
  endfacet
  facet normal 0 0 -1
    outer loop
      vertex 156.028 158.897 0
      vertex 155.854 159.706 0
      vertex 156.296 159.543 0
    endloop
  endfacet
  facet normal 0 0 -1
    outer loop
      vertex 155.638 159.041 0
      vertex 155.854 159.706 0
      vertex 156.028 158.897 0
    endloop
  endfacet
  facet normal 0 0 -1
    outer loop
      vertex 155.638 159.041 0
      vertex 155.401 159.834 0
      vertex 155.854 159.706 0
    endloop
  endfacet
  facet normal 0 0 -1
    outer loop
      vertex 155.237 159.154 0
      vertex 155.401 159.834 0
      vertex 155.638 159.041 0
    endloop
  endfacet
  facet normal 0 0 -1
    outer loop
      vertex 155.237 159.154 0
      vertex 154.939 159.926 0
      vertex 155.401 159.834 0
    endloop
  endfacet
  facet normal 0 0 -1
    outer loop
      vertex 154.829 159.235 0
      vertex 154.939 159.926 0
      vertex 155.237 159.154 0
    endloop
  endfacet
  facet normal 0 0 -1
    outer loop
      vertex 154.829 159.235 0
      vertex 154.471 159.982 0
      vertex 154.939 159.926 0
    endloop
  endfacet
  facet normal 0 0 -1
    outer loop
      vertex 154.416 159.284 0
      vertex 154.471 159.982 0
      vertex 154.829 159.235 0
    endloop
  endfacet
  facet normal 0 0 -1
    outer loop
      vertex 154 159.3 0
      vertex 154.471 159.982 0
      vertex 154.416 159.284 0
    endloop
  endfacet
  facet normal 0 0 -1
    outer loop
      vertex 154 159.3 0
      vertex 154 160 0
      vertex 154.471 159.982 0
    endloop
  endfacet
  facet normal 0 0 -1
    outer loop
      vertex 6 159.3 0
      vertex 154 160 0
      vertex 154 159.3 0
    endloop
  endfacet
  facet normal 0 0 -1
    outer loop
      vertex 6 159.3 0
      vertex 6 160 0
      vertex 154 160 0
    endloop
  endfacet
  facet normal 0 0 -1
    outer loop
      vertex 5.58417 159.284 0
      vertex 6 160 0
      vertex 6 159.3 0
    endloop
  endfacet
  facet normal 0 0 -1
    outer loop
      vertex 5.58417 159.284 0
      vertex 5.52925 159.982 0
      vertex 6 160 0
    endloop
  endfacet
  facet normal 0 0 -1
    outer loop
      vertex 5.1709 159.235 0
      vertex 5.52925 159.982 0
      vertex 5.58417 159.284 0
    endloop
  endfacet
  facet normal 0 0 -1
    outer loop
      vertex 5.1709 159.235 0
      vertex 5.06139 159.926 0
      vertex 5.52925 159.982 0
    endloop
  endfacet
  facet normal 0 0 -1
    outer loop
      vertex 4.76274 159.154 0
      vertex 5.06139 159.926 0
      vertex 5.1709 159.235 0
    endloop
  endfacet
  facet normal 0 0 -1
    outer loop
      vertex 4.76274 159.154 0
      vertex 4.59933 159.834 0
      vertex 5.06139 159.926 0
    endloop
  endfacet
  facet normal 0 0 -1
    outer loop
      vertex 4.36221 159.041 0
      vertex 4.59933 159.834 0
      vertex 4.76274 159.154 0
    endloop
  endfacet
  facet normal 0 0 -1
    outer loop
      vertex 4.36221 159.041 0
      vertex 4.1459 159.706 0
      vertex 4.59933 159.834 0
    endloop
  endfacet
  facet normal 0 0 -1
    outer loop
      vertex 3.97177 158.897 0
      vertex 4.1459 159.706 0
      vertex 4.36221 159.041 0
    endloop
  endfacet
  facet normal 0 0 -1
    outer loop
      vertex 3.97177 158.897 0
      vertex 3.7039 159.543 0
      vertex 4.1459 159.706 0
    endloop
  endfacet
  facet normal 0 0 -1
    outer loop
      vertex 3.59386 158.722 0
      vertex 3.7039 159.543 0
      vertex 3.97177 158.897 0
    endloop
  endfacet
  facet normal 0 0 -1
    outer loop
      vertex 3.59386 158.722 0
      vertex 3.27606 159.346 0
      vertex 3.7039 159.543 0
    endloop
  endfacet
  facet normal 0 0 -1
    outer loop
      vertex 3.23076 158.519 0
      vertex 3.27606 159.346 0
      vertex 3.59386 158.722 0
    endloop
  endfacet
  facet normal 0 0 -1
    outer loop
      vertex 2.86501 159.116 0
      vertex 3.23076 158.519 0
      vertex 2.88474 158.288 0
    endloop
  endfacet
  facet normal 0 0 -1
    outer loop
      vertex 3.23076 158.519 0
      vertex 2.86501 159.116 0
      vertex 3.27606 159.346 0
    endloop
  endfacet
  facet normal 0 0 -1
    outer loop
      vertex 2.47328 158.854 0
      vertex 2.88474 158.288 0
      vertex 2.55792 158.03 0
    endloop
  endfacet
  facet normal 0 0 -1
    outer loop
      vertex 2.88474 158.288 0
      vertex 2.47328 158.854 0
      vertex 2.86501 159.116 0
    endloop
  endfacet
  facet normal 0 0 -1
    outer loop
      vertex 2.10332 158.562 0
      vertex 2.55792 158.03 0
      vertex 2.25233 157.748 0
    endloop
  endfacet
  facet normal 0 0 -1
    outer loop
      vertex 2.55792 158.03 0
      vertex 2.10332 158.562 0
      vertex 2.47328 158.854 0
    endloop
  endfacet
  facet normal 0 0 -1
    outer loop
      vertex 1.75735 158.243 0
      vertex 2.25233 157.748 0
      vertex 1.96985 157.442 0
    endloop
  endfacet
  facet normal 0 0 -1
    outer loop
      vertex 2.25233 157.748 0
      vertex 1.75735 158.243 0
      vertex 2.10332 158.562 0
    endloop
  endfacet
  facet normal 0 0 -1
    outer loop
      vertex 1.43756 157.897 0
      vertex 1.96985 157.442 0
      vertex 1.7122 157.115 0
    endloop
  endfacet
  facet normal 0 0 -1
    outer loop
      vertex 1.1459 157.527 0
      vertex 1.7122 157.115 0
      vertex 1.481 156.769 0
    endloop
  endfacet
  facet normal 0 0 -1
    outer loop
      vertex 1.96985 157.442 0
      vertex 1.43756 157.897 0
      vertex 1.75735 158.243 0
    endloop
  endfacet
  facet normal 0 0 -1
    outer loop
      vertex 0.884155 157.135 0
      vertex 1.481 156.769 0
      vertex 1.27766 156.406 0
    endloop
  endfacet
  facet normal 0 0 -1
    outer loop
      vertex 1.7122 157.115 0
      vertex 1.1459 157.527 0
      vertex 1.43756 157.897 0
    endloop
  endfacet
  facet normal 0 0 -1
    outer loop
      vertex 0.653961 156.724 0
      vertex 1.27766 156.406 0
      vertex 1.10344 156.028 0
    endloop
  endfacet
  facet normal 0 0 -1
    outer loop
      vertex 0.456726 156.296 0
      vertex 1.10344 156.028 0
      vertex 0.959396 155.638 0
    endloop
  endfacet
  facet normal 0 0 -1
    outer loop
      vertex 1.481 156.769 0
      vertex 0.884155 157.135 0
      vertex 1.1459 157.527 0
    endloop
  endfacet
  facet normal 0 0 -1
    outer loop
      vertex 0.293655 155.854 0
      vertex 0.959396 155.638 0
      vertex 0.846436 155.237 0
    endloop
  endfacet
  facet normal 0 0 -1
    outer loop
      vertex 0.165787 155.401 0
      vertex 0.846436 155.237 0
      vertex 0.765259 154.829 0
    endloop
  endfacet
  facet normal 0 0 -1
    outer loop
      vertex 0.0738678 154.939 0
      vertex 0.765259 154.829 0
      vertex 0.716339 154.416 0
    endloop
  endfacet
  facet normal 0 0 -1
    outer loop
      vertex 1.27766 156.406 0
      vertex 0.653961 156.724 0
      vertex 0.884155 157.135 0
    endloop
  endfacet
  facet normal 0 0 -1
    outer loop
      vertex 0.0184937 154.471 0
      vertex 0.716339 154.416 0
      vertex 0.699997 154 0
    endloop
  endfacet
  facet normal 0 0 -1
    outer loop
      vertex 0.699997 6 0
      vertex 0 6 0
      vertex 0.699997 154 0
    endloop
  endfacet
  facet normal 0 0 -1
    outer loop
      vertex 0.0738678 5.06139 0
      vertex 0.765259 5.1709 0
      vertex 0.165787 4.59933 0
    endloop
  endfacet
  facet normal 0 0 -1
    outer loop
      vertex 0 154 0
      vertex 0.699997 154 0
      vertex 0 6 0
    endloop
  endfacet
  facet normal -0 0 -1
    outer loop
      vertex 0.765259 5.1709 0
      vertex 0.0738678 5.06139 0
      vertex 0.716339 5.58417 0
    endloop
  endfacet
  facet normal 0 -0 -1
    outer loop
      vertex 0.0184937 154.471 0
      vertex 0.699997 154 0
      vertex 0 154 0
    endloop
  endfacet
  facet normal 0 0 -1
    outer loop
      vertex 0.0184937 5.52925 0
      vertex 0.716339 5.58417 0
      vertex 0.0738678 5.06139 0
    endloop
  endfacet
  facet normal 0 0 -1
    outer loop
      vertex 1.10344 156.028 0
      vertex 0.456726 156.296 0
      vertex 0.653961 156.724 0
    endloop
  endfacet
  facet normal -0 0 -1
    outer loop
      vertex 0.716339 5.58417 0
      vertex 0.0184937 5.52925 0
      vertex 0.699997 6 0
    endloop
  endfacet
  facet normal 0 0 -1
    outer loop
      vertex 0.959396 155.638 0
      vertex 0.293655 155.854 0
      vertex 0.456726 156.296 0
    endloop
  endfacet
  facet normal -0 0 -1
    outer loop
      vertex 0.699997 6 0
      vertex 0.0184937 5.52925 0
      vertex 0 6 0
    endloop
  endfacet
  facet normal 0 0 -1
    outer loop
      vertex 0.846436 155.237 0
      vertex 0.165787 155.401 0
      vertex 0.293655 155.854 0
    endloop
  endfacet
  facet normal 0 0 -1
    outer loop
      vertex 0.765259 154.829 0
      vertex 0.0738678 154.939 0
      vertex 0.165787 155.401 0
    endloop
  endfacet
  facet normal 0 0 -1
    outer loop
      vertex 0.716339 154.416 0
      vertex 0.0184937 154.471 0
      vertex 0.0738678 154.939 0
    endloop
  endfacet
  facet normal 0 0 -1
    outer loop
      vertex 154 2.5 0
      vertex 157.5 6 0
      vertex 157.489 5.72539 0
    endloop
  endfacet
  facet normal -0 0 -1
    outer loop
      vertex 157.5 6 0
      vertex 154 2.5 0
      vertex 157.5 154 0
    endloop
  endfacet
  facet normal 0 0 -1
    outer loop
      vertex 154 2.5 0
      vertex 157.489 5.72539 0
      vertex 157.457 5.45248 0
    endloop
  endfacet
  facet normal 0 0 -1
    outer loop
      vertex 154 157.5 0
      vertex 157.5 154 0
      vertex 154 2.5 0
    endloop
  endfacet
  facet normal 0 0 -1
    outer loop
      vertex 154 2.5 0
      vertex 157.457 5.45248 0
      vertex 157.403 5.18294 0
    endloop
  endfacet
  facet normal 0 0 -1
    outer loop
      vertex 157.5 154 0
      vertex 154 157.5 0
      vertex 157.489 154.275 0
    endloop
  endfacet
  facet normal 0 0 -1
    outer loop
      vertex 154 2.5 0
      vertex 157.403 5.18294 0
      vertex 157.329 4.91844 0
    endloop
  endfacet
  facet normal 0 0 -1
    outer loop
      vertex 157.489 154.275 0
      vertex 154 157.5 0
      vertex 157.457 154.548 0
    endloop
  endfacet
  facet normal 0 0 -1
    outer loop
      vertex 154 2.5 0
      vertex 157.329 4.91844 0
      vertex 157.234 4.66061 0
    endloop
  endfacet
  facet normal 0 0 -1
    outer loop
      vertex 157.457 154.548 0
      vertex 154 157.5 0
      vertex 157.403 154.817 0
    endloop
  endfacet
  facet normal 0 0 -1
    outer loop
      vertex 154 2.5 0
      vertex 157.234 4.66061 0
      vertex 157.119 4.41103 0
    endloop
  endfacet
  facet normal 0 0 -1
    outer loop
      vertex 157.403 154.817 0
      vertex 154 157.5 0
      vertex 157.329 155.082 0
    endloop
  endfacet
  facet normal 0 0 -1
    outer loop
      vertex 154 2.5 0
      vertex 157.119 4.41103 0
      vertex 156.984 4.17125 0
    endloop
  endfacet
  facet normal 0 0 -1
    outer loop
      vertex 157.329 155.082 0
      vertex 154 157.5 0
      vertex 157.234 155.339 0
    endloop
  endfacet
  facet normal 0 0 -1
    outer loop
      vertex 154 2.5 0
      vertex 156.984 4.17125 0
      vertex 156.832 3.94275 0
    endloop
  endfacet
  facet normal 0 0 -1
    outer loop
      vertex 157.234 155.339 0
      vertex 154 157.5 0
      vertex 157.119 155.589 0
    endloop
  endfacet
  facet normal 0 0 -1
    outer loop
      vertex 154 2.5 0
      vertex 156.832 3.94275 0
      vertex 156.661 3.72693 0
    endloop
  endfacet
  facet normal 0 0 -1
    outer loop
      vertex 157.119 155.589 0
      vertex 154 157.5 0
      vertex 156.984 155.829 0
    endloop
  endfacet
  facet normal 0 0 -1
    outer loop
      vertex 154 2.5 0
      vertex 156.661 3.72693 0
      vertex 156.475 3.52513 0
    endloop
  endfacet
  facet normal 0 0 -1
    outer loop
      vertex 156.984 155.829 0
      vertex 154 157.5 0
      vertex 156.832 156.057 0
    endloop
  endfacet
  facet normal 0 0 -1
    outer loop
      vertex 154 2.5 0
      vertex 156.475 3.52513 0
      vertex 156.273 3.33858 0
    endloop
  endfacet
  facet normal 0 0 -1
    outer loop
      vertex 156.832 156.057 0
      vertex 154 157.5 0
      vertex 156.661 156.273 0
    endloop
  endfacet
  facet normal 0 0 -1
    outer loop
      vertex 154 2.5 0
      vertex 156.273 3.33858 0
      vertex 156.057 3.16844 0
    endloop
  endfacet
  facet normal 0 0 -1
    outer loop
      vertex 156.661 156.273 0
      vertex 154 157.5 0
      vertex 156.475 156.475 0
    endloop
  endfacet
  facet normal 0 0 -1
    outer loop
      vertex 154 2.5 0
      vertex 156.057 3.16844 0
      vertex 155.829 3.01576 0
    endloop
  endfacet
  facet normal 0 0 -1
    outer loop
      vertex 156.475 156.475 0
      vertex 154 157.5 0
      vertex 156.273 156.661 0
    endloop
  endfacet
  facet normal 0 0 -1
    outer loop
      vertex 154 2.5 0
      vertex 155.829 3.01576 0
      vertex 155.589 2.88147 0
    endloop
  endfacet
  facet normal 0 0 -1
    outer loop
      vertex 156.273 156.661 0
      vertex 154 157.5 0
      vertex 156.057 156.832 0
    endloop
  endfacet
  facet normal 0 0 -1
    outer loop
      vertex 154 2.5 0
      vertex 155.589 2.88147 0
      vertex 155.339 2.76642 0
    endloop
  endfacet
  facet normal 0 0 -1
    outer loop
      vertex 156.057 156.832 0
      vertex 154 157.5 0
      vertex 155.829 156.984 0
    endloop
  endfacet
  facet normal 0 0 -1
    outer loop
      vertex 154 2.5 0
      vertex 155.339 2.76642 0
      vertex 155.082 2.6713 0
    endloop
  endfacet
  facet normal 0 0 -1
    outer loop
      vertex 155.829 156.984 0
      vertex 154 157.5 0
      vertex 155.589 157.119 0
    endloop
  endfacet
  facet normal 0 0 -1
    outer loop
      vertex 154 2.5 0
      vertex 155.082 2.6713 0
      vertex 154.817 2.59671 0
    endloop
  endfacet
  facet normal 0 0 -1
    outer loop
      vertex 155.589 157.119 0
      vertex 154 157.5 0
      vertex 155.339 157.234 0
    endloop
  endfacet
  facet normal 0 0 -1
    outer loop
      vertex 154 2.5 0
      vertex 154.817 2.59671 0
      vertex 154.548 2.54309 0
    endloop
  endfacet
  facet normal 0 0 -1
    outer loop
      vertex 155.339 157.234 0
      vertex 154 157.5 0
      vertex 155.082 157.329 0
    endloop
  endfacet
  facet normal 0 0 -1
    outer loop
      vertex 154 2.5 0
      vertex 154.548 2.54309 0
      vertex 154.275 2.51079 0
    endloop
  endfacet
  facet normal 0 0 -1
    outer loop
      vertex 155.082 157.329 0
      vertex 154 157.5 0
      vertex 154.817 157.403 0
    endloop
  endfacet
  facet normal 0 0 -1
    outer loop
      vertex 154.817 157.403 0
      vertex 154 157.5 0
      vertex 154.548 157.457 0
    endloop
  endfacet
  facet normal 0 0 -1
    outer loop
      vertex 154.548 157.457 0
      vertex 154 157.5 0
      vertex 154.275 157.489 0
    endloop
  endfacet
  facet normal 0 0 -1
    outer loop
      vertex 6 2.5 0
      vertex 154 157.5 0
      vertex 154 2.5 0
    endloop
  endfacet
  facet normal 0 0 -1
    outer loop
      vertex 6 2.5 0
      vertex 6 157.5 0
      vertex 154 157.5 0
    endloop
  endfacet
  facet normal 0 0 -1
    outer loop
      vertex 2.5 6 0
      vertex 6 2.5 0
      vertex 5.72539 2.51079 0
    endloop
  endfacet
  facet normal 0 0 -1
    outer loop
      vertex 6 2.5 0
      vertex 2.5 6 0
      vertex 6 157.5 0
    endloop
  endfacet
  facet normal 0 0 -1
    outer loop
      vertex 2.5 6 0
      vertex 5.72539 2.51079 0
      vertex 5.45248 2.54309 0
    endloop
  endfacet
  facet normal 0 0 -1
    outer loop
      vertex 2.5 154 0
      vertex 6 157.5 0
      vertex 2.5 6 0
    endloop
  endfacet
  facet normal 0 0 -1
    outer loop
      vertex 2.5 6 0
      vertex 5.45248 2.54309 0
      vertex 5.18294 2.59671 0
    endloop
  endfacet
  facet normal 0 0 -1
    outer loop
      vertex 6 157.5 0
      vertex 2.5 154 0
      vertex 5.72539 157.489 0
    endloop
  endfacet
  facet normal 0 0 -1
    outer loop
      vertex 2.5 6 0
      vertex 5.18294 2.59671 0
      vertex 4.91844 2.6713 0
    endloop
  endfacet
  facet normal 0 0 -1
    outer loop
      vertex 5.72539 157.489 0
      vertex 2.5 154 0
      vertex 5.45248 157.457 0
    endloop
  endfacet
  facet normal 0 0 -1
    outer loop
      vertex 2.5 6 0
      vertex 4.91844 2.6713 0
      vertex 4.66061 2.76642 0
    endloop
  endfacet
  facet normal 0 0 -1
    outer loop
      vertex 5.45248 157.457 0
      vertex 2.5 154 0
      vertex 5.18294 157.403 0
    endloop
  endfacet
  facet normal 0 0 -1
    outer loop
      vertex 2.5 6 0
      vertex 4.66061 2.76642 0
      vertex 4.41103 2.88147 0
    endloop
  endfacet
  facet normal 0 0 -1
    outer loop
      vertex 5.18294 157.403 0
      vertex 2.5 154 0
      vertex 4.91844 157.329 0
    endloop
  endfacet
  facet normal 0 0 -1
    outer loop
      vertex 2.5 6 0
      vertex 4.41103 2.88147 0
      vertex 4.17125 3.01576 0
    endloop
  endfacet
  facet normal 0 0 -1
    outer loop
      vertex 4.91844 157.329 0
      vertex 2.5 154 0
      vertex 4.66061 157.234 0
    endloop
  endfacet
  facet normal 0 0 -1
    outer loop
      vertex 2.5 6 0
      vertex 4.17125 3.01576 0
      vertex 3.94275 3.16844 0
    endloop
  endfacet
  facet normal 0 0 -1
    outer loop
      vertex 4.66061 157.234 0
      vertex 2.5 154 0
      vertex 4.41103 157.119 0
    endloop
  endfacet
  facet normal 0 0 -1
    outer loop
      vertex 2.5 6 0
      vertex 3.94275 3.16844 0
      vertex 3.72693 3.33858 0
    endloop
  endfacet
  facet normal 0 0 -1
    outer loop
      vertex 4.41103 157.119 0
      vertex 2.5 154 0
      vertex 4.17125 156.984 0
    endloop
  endfacet
  facet normal 0 0 -1
    outer loop
      vertex 2.5 6 0
      vertex 3.72693 3.33858 0
      vertex 3.52513 3.52513 0
    endloop
  endfacet
  facet normal 0 0 -1
    outer loop
      vertex 4.17125 156.984 0
      vertex 2.5 154 0
      vertex 3.94275 156.832 0
    endloop
  endfacet
  facet normal 0 0 -1
    outer loop
      vertex 2.5 6 0
      vertex 3.52513 3.52513 0
      vertex 3.33858 3.72693 0
    endloop
  endfacet
  facet normal 0 0 -1
    outer loop
      vertex 3.94275 156.832 0
      vertex 2.5 154 0
      vertex 3.72693 156.661 0
    endloop
  endfacet
  facet normal 0 0 -1
    outer loop
      vertex 2.5 6 0
      vertex 3.33858 3.72693 0
      vertex 3.16844 3.94275 0
    endloop
  endfacet
  facet normal 0 0 -1
    outer loop
      vertex 3.72693 156.661 0
      vertex 2.5 154 0
      vertex 3.52513 156.475 0
    endloop
  endfacet
  facet normal 0 0 -1
    outer loop
      vertex 2.5 6 0
      vertex 3.16844 3.94275 0
      vertex 3.01576 4.17125 0
    endloop
  endfacet
  facet normal 0 0 -1
    outer loop
      vertex 3.52513 156.475 0
      vertex 2.5 154 0
      vertex 3.33858 156.273 0
    endloop
  endfacet
  facet normal 0 0 -1
    outer loop
      vertex 2.5 6 0
      vertex 3.01576 4.17125 0
      vertex 2.88147 4.41103 0
    endloop
  endfacet
  facet normal 0 0 -1
    outer loop
      vertex 3.33858 156.273 0
      vertex 2.5 154 0
      vertex 3.16844 156.057 0
    endloop
  endfacet
  facet normal 0 0 -1
    outer loop
      vertex 2.5 6 0
      vertex 2.88147 4.41103 0
      vertex 2.76642 4.66061 0
    endloop
  endfacet
  facet normal 0 0 -1
    outer loop
      vertex 3.16844 156.057 0
      vertex 2.5 154 0
      vertex 3.01576 155.829 0
    endloop
  endfacet
  facet normal 0 0 -1
    outer loop
      vertex 2.5 6 0
      vertex 2.76642 4.66061 0
      vertex 2.6713 4.91844 0
    endloop
  endfacet
  facet normal 0 0 -1
    outer loop
      vertex 3.01576 155.829 0
      vertex 2.5 154 0
      vertex 2.88147 155.589 0
    endloop
  endfacet
  facet normal 0 0 -1
    outer loop
      vertex 2.5 6 0
      vertex 2.6713 4.91844 0
      vertex 2.59671 5.18294 0
    endloop
  endfacet
  facet normal 0 0 -1
    outer loop
      vertex 2.88147 155.589 0
      vertex 2.5 154 0
      vertex 2.76642 155.339 0
    endloop
  endfacet
  facet normal 0 0 -1
    outer loop
      vertex 2.5 6 0
      vertex 2.59671 5.18294 0
      vertex 2.54309 5.45248 0
    endloop
  endfacet
  facet normal 0 0 -1
    outer loop
      vertex 2.76642 155.339 0
      vertex 2.5 154 0
      vertex 2.6713 155.082 0
    endloop
  endfacet
  facet normal 0 0 -1
    outer loop
      vertex 2.5 6 0
      vertex 2.54309 5.45248 0
      vertex 2.51079 5.72539 0
    endloop
  endfacet
  facet normal 0 0 -1
    outer loop
      vertex 2.6713 155.082 0
      vertex 2.5 154 0
      vertex 2.59671 154.817 0
    endloop
  endfacet
  facet normal 0 0 -1
    outer loop
      vertex 2.59671 154.817 0
      vertex 2.5 154 0
      vertex 2.54309 154.548 0
    endloop
  endfacet
  facet normal 0 0 -1
    outer loop
      vertex 2.54309 154.548 0
      vertex 2.5 154 0
      vertex 2.51079 154.275 0
    endloop
  endfacet
  facet normal 0.735181 -0.67787 0
    outer loop
      vertex 158.243 1.75735 12.91
      vertex 158.562 2.10332 0
      vertex 158.562 2.10332 12.91
    endloop
  endfacet
  facet normal 0.735181 -0.67787 0
    outer loop
      vertex 158.562 2.10332 0
      vertex 158.243 1.75735 12.91
      vertex 158.243 1.75735 0
    endloop
  endfacet
  facet normal 0.346133 -0.938185 0
    outer loop
      vertex 155.854 0.293655 0
      vertex 156.296 0.456726 12.91
      vertex 155.854 0.293655 12.91
    endloop
  endfacet
  facet normal 0.346133 -0.938185 0
    outer loop
      vertex 156.296 0.456726 12.91
      vertex 155.854 0.293655 0
      vertex 156.296 0.456726 0
    endloop
  endfacet
  facet normal 0.908334 -0.418245 0
    outer loop
      vertex 159.346 3.27606 12.91
      vertex 159.543 3.7039 0
      vertex 159.543 3.7039 12.91
    endloop
  endfacet
  facet normal 0.908334 -0.418245 0
    outer loop
      vertex 159.543 3.7039 0
      vertex 159.346 3.27606 12.91
      vertex 159.346 3.27606 0
    endloop
  endfacet
  facet normal 0 0 1
    outer loop
      vertex 159 154 12.91
      vertex 160 154 12.91
      vertex 159.982 154.471 12.91
    endloop
  endfacet
  facet normal 0 0 1
    outer loop
      vertex 160 154 12.91
      vertex 159 154 12.91
      vertex 160 6 12.91
    endloop
  endfacet
  facet normal 0 0 1
    outer loop
      vertex 158.985 154.392 12.91
      vertex 159.982 154.471 12.91
      vertex 159.926 154.939 12.91
    endloop
  endfacet
  facet normal 0 0 1
    outer loop
      vertex 159 6 12.91
      vertex 160 6 12.91
      vertex 159 154 12.91
    endloop
  endfacet
  facet normal 0 0 1
    outer loop
      vertex 158.938 154.782 12.91
      vertex 159.926 154.939 12.91
      vertex 159.834 155.401 12.91
    endloop
  endfacet
  facet normal 0 0 1
    outer loop
      vertex 160 6 12.91
      vertex 159 6 12.91
      vertex 159.982 5.52925 12.91
    endloop
  endfacet
  facet normal 0 0 1
    outer loop
      vertex 158.862 155.167 12.91
      vertex 159.834 155.401 12.91
      vertex 159.706 155.854 12.91
    endloop
  endfacet
  facet normal -0 0 1
    outer loop
      vertex 158.985 5.60771 12.91
      vertex 159.982 5.52925 12.91
      vertex 159 6 12.91
    endloop
  endfacet
  facet normal 0 0 1
    outer loop
      vertex 158.755 155.545 12.91
      vertex 159.706 155.854 12.91
      vertex 159.543 156.296 12.91
    endloop
  endfacet
  facet normal 0 0 1
    outer loop
      vertex 159.982 5.52925 12.91
      vertex 158.985 5.60771 12.91
      vertex 159.926 5.06139 12.91
    endloop
  endfacet
  facet normal 0 0 1
    outer loop
      vertex 158.619 155.913 12.91
      vertex 159.543 156.296 12.91
      vertex 159.346 156.724 12.91
    endloop
  endfacet
  facet normal -0 0 1
    outer loop
      vertex 158.938 5.21783 12.91
      vertex 159.926 5.06139 12.91
      vertex 158.985 5.60771 12.91
    endloop
  endfacet
  facet normal 0 0 1
    outer loop
      vertex 158.455 156.27 12.91
      vertex 159.346 156.724 12.91
      vertex 159.116 157.135 12.91
    endloop
  endfacet
  facet normal 0 0 1
    outer loop
      vertex 159.926 5.06139 12.91
      vertex 158.938 5.21783 12.91
      vertex 159.834 4.59933 12.91
    endloop
  endfacet
  facet normal -0 0 1
    outer loop
      vertex 158.862 4.83278 12.91
      vertex 159.834 4.59933 12.91
      vertex 158.938 5.21783 12.91
    endloop
  endfacet
  facet normal 0 0 1
    outer loop
      vertex 159.982 154.471 12.91
      vertex 158.985 154.392 12.91
      vertex 159 154 12.91
    endloop
  endfacet
  facet normal 0 0 1
    outer loop
      vertex 159.926 154.939 12.91
      vertex 158.938 154.782 12.91
      vertex 158.985 154.392 12.91
    endloop
  endfacet
  facet normal 0 0 1
    outer loop
      vertex 159.834 155.401 12.91
      vertex 158.862 155.167 12.91
      vertex 158.938 154.782 12.91
    endloop
  endfacet
  facet normal 0 0 1
    outer loop
      vertex 158.263 156.612 12.91
      vertex 159.116 157.135 12.91
      vertex 158.854 157.527 12.91
    endloop
  endfacet
  facet normal 0 0 1
    outer loop
      vertex 159.706 155.854 12.91
      vertex 158.755 155.545 12.91
      vertex 158.862 155.167 12.91
    endloop
  endfacet
  facet normal 0 0 1
    outer loop
      vertex 159.543 156.296 12.91
      vertex 158.619 155.913 12.91
      vertex 158.755 155.545 12.91
    endloop
  endfacet
  facet normal 0 0 1
    outer loop
      vertex 158.045 156.939 12.91
      vertex 158.854 157.527 12.91
      vertex 158.562 157.897 12.91
    endloop
  endfacet
  facet normal 0 0 1
    outer loop
      vertex 159.346 156.724 12.91
      vertex 158.455 156.27 12.91
      vertex 158.619 155.913 12.91
    endloop
  endfacet
  facet normal 0 0 1
    outer loop
      vertex 159.116 157.135 12.91
      vertex 158.263 156.612 12.91
      vertex 158.455 156.27 12.91
    endloop
  endfacet
  facet normal 0 0 1
    outer loop
      vertex 157.802 157.247 12.91
      vertex 158.562 157.897 12.91
      vertex 158.243 158.243 12.91
    endloop
  endfacet
  facet normal 0 0 1
    outer loop
      vertex 158.854 157.527 12.91
      vertex 158.045 156.939 12.91
      vertex 158.263 156.612 12.91
    endloop
  endfacet
  facet normal 0 0 1
    outer loop
      vertex 157.536 157.536 12.91
      vertex 158.243 158.243 12.91
      vertex 157.897 158.562 12.91
    endloop
  endfacet
  facet normal 0 0 1
    outer loop
      vertex 158.562 157.897 12.91
      vertex 157.802 157.247 12.91
      vertex 158.045 156.939 12.91
    endloop
  endfacet
  facet normal 0 0 1
    outer loop
      vertex 158.243 158.243 12.91
      vertex 157.536 157.536 12.91
      vertex 157.802 157.247 12.91
    endloop
  endfacet
  facet normal 0 0 1
    outer loop
      vertex 157.247 157.802 12.91
      vertex 157.897 158.562 12.91
      vertex 157.527 158.854 12.91
    endloop
  endfacet
  facet normal 0 0 1
    outer loop
      vertex 157.897 158.562 12.91
      vertex 157.247 157.802 12.91
      vertex 157.536 157.536 12.91
    endloop
  endfacet
  facet normal 0 0 1
    outer loop
      vertex 156.939 158.045 12.91
      vertex 157.527 158.854 12.91
      vertex 157.135 159.116 12.91
    endloop
  endfacet
  facet normal 0 0 1
    outer loop
      vertex 157.527 158.854 12.91
      vertex 156.939 158.045 12.91
      vertex 157.247 157.802 12.91
    endloop
  endfacet
  facet normal 0 0 1
    outer loop
      vertex 156.612 158.263 12.91
      vertex 157.135 159.116 12.91
      vertex 156.724 159.346 12.91
    endloop
  endfacet
  facet normal 0 0 1
    outer loop
      vertex 157.135 159.116 12.91
      vertex 156.612 158.263 12.91
      vertex 156.939 158.045 12.91
    endloop
  endfacet
  facet normal 0 0 1
    outer loop
      vertex 156.27 158.455 12.91
      vertex 156.724 159.346 12.91
      vertex 156.296 159.543 12.91
    endloop
  endfacet
  facet normal 0 0 1
    outer loop
      vertex 156.724 159.346 12.91
      vertex 156.27 158.455 12.91
      vertex 156.612 158.263 12.91
    endloop
  endfacet
  facet normal 0 0 1
    outer loop
      vertex 156.296 159.543 12.91
      vertex 155.913 158.619 12.91
      vertex 156.27 158.455 12.91
    endloop
  endfacet
  facet normal 0 0 1
    outer loop
      vertex 155.854 159.706 12.91
      vertex 155.913 158.619 12.91
      vertex 156.296 159.543 12.91
    endloop
  endfacet
  facet normal 0 0 1
    outer loop
      vertex 155.854 159.706 12.91
      vertex 155.545 158.755 12.91
      vertex 155.913 158.619 12.91
    endloop
  endfacet
  facet normal 0 0 1
    outer loop
      vertex 155.401 159.834 12.91
      vertex 155.545 158.755 12.91
      vertex 155.854 159.706 12.91
    endloop
  endfacet
  facet normal 0 0 1
    outer loop
      vertex 155.401 159.834 12.91
      vertex 155.167 158.862 12.91
      vertex 155.545 158.755 12.91
    endloop
  endfacet
  facet normal 0 0 1
    outer loop
      vertex 154.939 159.926 12.91
      vertex 155.167 158.862 12.91
      vertex 155.401 159.834 12.91
    endloop
  endfacet
  facet normal 0 0 1
    outer loop
      vertex 154.939 159.926 12.91
      vertex 154.782 158.938 12.91
      vertex 155.167 158.862 12.91
    endloop
  endfacet
  facet normal 0 0 1
    outer loop
      vertex 154.471 159.982 12.91
      vertex 154.782 158.938 12.91
      vertex 154.939 159.926 12.91
    endloop
  endfacet
  facet normal 0 0 1
    outer loop
      vertex 154.471 159.982 12.91
      vertex 154.392 158.985 12.91
      vertex 154.782 158.938 12.91
    endloop
  endfacet
  facet normal 0 0 1
    outer loop
      vertex 154 160 12.91
      vertex 154.392 158.985 12.91
      vertex 154.471 159.982 12.91
    endloop
  endfacet
  facet normal 0 0 1
    outer loop
      vertex 154 160 12.91
      vertex 154 159 12.91
      vertex 154.392 158.985 12.91
    endloop
  endfacet
  facet normal -0 0 1
    outer loop
      vertex 6 160 12.91
      vertex 154 159 12.91
      vertex 154 160 12.91
    endloop
  endfacet
  facet normal 0 0 1
    outer loop
      vertex 6 160 12.91
      vertex 6 159 12.91
      vertex 154 159 12.91
    endloop
  endfacet
  facet normal 0 0 1
    outer loop
      vertex 6 160 12.91
      vertex 5.60771 158.985 12.91
      vertex 6 159 12.91
    endloop
  endfacet
  facet normal -0 0 1
    outer loop
      vertex 5.52925 159.982 12.91
      vertex 5.60771 158.985 12.91
      vertex 6 160 12.91
    endloop
  endfacet
  facet normal 0 0 1
    outer loop
      vertex 5.52925 159.982 12.91
      vertex 5.21783 158.938 12.91
      vertex 5.60771 158.985 12.91
    endloop
  endfacet
  facet normal -0 0 1
    outer loop
      vertex 5.06139 159.926 12.91
      vertex 5.21783 158.938 12.91
      vertex 5.52925 159.982 12.91
    endloop
  endfacet
  facet normal 0 0 1
    outer loop
      vertex 5.06139 159.926 12.91
      vertex 4.83278 158.862 12.91
      vertex 5.21783 158.938 12.91
    endloop
  endfacet
  facet normal -0 0 1
    outer loop
      vertex 4.59933 159.834 12.91
      vertex 4.83278 158.862 12.91
      vertex 5.06139 159.926 12.91
    endloop
  endfacet
  facet normal 0 0 1
    outer loop
      vertex 4.59933 159.834 12.91
      vertex 4.45491 158.755 12.91
      vertex 4.83278 158.862 12.91
    endloop
  endfacet
  facet normal -0 0 1
    outer loop
      vertex 4.1459 159.706 12.91
      vertex 4.45491 158.755 12.91
      vertex 4.59933 159.834 12.91
    endloop
  endfacet
  facet normal 0 0 1
    outer loop
      vertex 4.1459 159.706 12.91
      vertex 4.08658 158.619 12.91
      vertex 4.45491 158.755 12.91
    endloop
  endfacet
  facet normal -0 0 1
    outer loop
      vertex 3.7039 159.543 12.91
      vertex 4.08658 158.619 12.91
      vertex 4.1459 159.706 12.91
    endloop
  endfacet
  facet normal 0 0 1
    outer loop
      vertex 4.08658 158.619 12.91
      vertex 3.7039 159.543 12.91
      vertex 3.73004 158.455 12.91
    endloop
  endfacet
  facet normal -0 0 1
    outer loop
      vertex 3.27606 159.346 12.91
      vertex 3.73004 158.455 12.91
      vertex 3.7039 159.543 12.91
    endloop
  endfacet
  facet normal 0 0 1
    outer loop
      vertex 3.73004 158.455 12.91
      vertex 3.27606 159.346 12.91
      vertex 3.38751 158.263 12.91
    endloop
  endfacet
  facet normal -0 0 1
    outer loop
      vertex 2.86501 159.116 12.91
      vertex 3.38751 158.263 12.91
      vertex 3.27606 159.346 12.91
    endloop
  endfacet
  facet normal 0 0 1
    outer loop
      vertex 3.38751 158.263 12.91
      vertex 2.86501 159.116 12.91
      vertex 3.06108 158.045 12.91
    endloop
  endfacet
  facet normal -0 0 1
    outer loop
      vertex 2.47328 158.854 12.91
      vertex 3.06108 158.045 12.91
      vertex 2.86501 159.116 12.91
    endloop
  endfacet
  facet normal 0 0 1
    outer loop
      vertex 3.06108 158.045 12.91
      vertex 2.47328 158.854 12.91
      vertex 2.75276 157.802 12.91
    endloop
  endfacet
  facet normal -0 0 1
    outer loop
      vertex 2.10332 158.562 12.91
      vertex 2.75276 157.802 12.91
      vertex 2.47328 158.854 12.91
    endloop
  endfacet
  facet normal 0 0 1
    outer loop
      vertex 2.75276 157.802 12.91
      vertex 2.10332 158.562 12.91
      vertex 2.46446 157.536 12.91
    endloop
  endfacet
  facet normal -0 0 1
    outer loop
      vertex 1.75735 158.243 12.91
      vertex 2.46446 157.536 12.91
      vertex 2.10332 158.562 12.91
    endloop
  endfacet
  facet normal 0 0 1
    outer loop
      vertex 2.46446 157.536 12.91
      vertex 1.75735 158.243 12.91
      vertex 2.19797 157.247 12.91
    endloop
  endfacet
  facet normal -0 0 1
    outer loop
      vertex 1.43756 157.897 12.91
      vertex 2.19797 157.247 12.91
      vertex 1.75735 158.243 12.91
    endloop
  endfacet
  facet normal 0 0 1
    outer loop
      vertex 2.19797 157.247 12.91
      vertex 1.43756 157.897 12.91
      vertex 1.95491 156.939 12.91
    endloop
  endfacet
  facet normal -0 0 1
    outer loop
      vertex 1.1459 157.527 12.91
      vertex 1.95491 156.939 12.91
      vertex 1.43756 157.897 12.91
    endloop
  endfacet
  facet normal 0 0 1
    outer loop
      vertex 1.95491 156.939 12.91
      vertex 1.1459 157.527 12.91
      vertex 1.7368 156.612 12.91
    endloop
  endfacet
  facet normal -0 0 1
    outer loop
      vertex 0.884155 157.135 12.91
      vertex 1.7368 156.612 12.91
      vertex 1.1459 157.527 12.91
    endloop
  endfacet
  facet normal 0 0 1
    outer loop
      vertex 1.7368 156.612 12.91
      vertex 0.884155 157.135 12.91
      vertex 1.54497 156.27 12.91
    endloop
  endfacet
  facet normal -0 0 1
    outer loop
      vertex 0.653961 156.724 12.91
      vertex 1.54497 156.27 12.91
      vertex 0.884155 157.135 12.91
    endloop
  endfacet
  facet normal 0 0 1
    outer loop
      vertex 1.54497 156.27 12.91
      vertex 0.653961 156.724 12.91
      vertex 1.3806 155.913 12.91
    endloop
  endfacet
  facet normal -0 0 1
    outer loop
      vertex 0.456726 156.296 12.91
      vertex 1.3806 155.913 12.91
      vertex 0.653961 156.724 12.91
    endloop
  endfacet
  facet normal 0 0 1
    outer loop
      vertex 1.3806 155.913 12.91
      vertex 0.456726 156.296 12.91
      vertex 1.24472 155.545 12.91
    endloop
  endfacet
  facet normal -0 0 1
    outer loop
      vertex 0.165787 155.401 12.91
      vertex 1.13815 155.167 12.91
      vertex 0.293655 155.854 12.91
    endloop
  endfacet
  facet normal 0 0 1
    outer loop
      vertex 1.24472 155.545 12.91
      vertex 0.293655 155.854 12.91
      vertex 1.13815 155.167 12.91
    endloop
  endfacet
  facet normal -0 0 1
    outer loop
      vertex 0.293655 155.854 12.91
      vertex 1.24472 155.545 12.91
      vertex 0.456726 156.296 12.91
    endloop
  endfacet
  facet normal 0 0 1
    outer loop
      vertex 159.834 4.59933 12.91
      vertex 158.862 4.83278 12.91
      vertex 159.706 4.1459 12.91
    endloop
  endfacet
  facet normal -0 0 1
    outer loop
      vertex 158.755 4.45491 12.91
      vertex 159.706 4.1459 12.91
      vertex 158.862 4.83278 12.91
    endloop
  endfacet
  facet normal 0 0 1
    outer loop
      vertex 159.706 4.1459 12.91
      vertex 158.755 4.45491 12.91
      vertex 159.543 3.7039 12.91
    endloop
  endfacet
  facet normal -0 0 1
    outer loop
      vertex 158.619 4.08658 12.91
      vertex 159.543 3.7039 12.91
      vertex 158.755 4.45491 12.91
    endloop
  endfacet
  facet normal 0 0 1
    outer loop
      vertex 159.543 3.7039 12.91
      vertex 158.619 4.08658 12.91
      vertex 159.346 3.27606 12.91
    endloop
  endfacet
  facet normal -0 0 1
    outer loop
      vertex 158.455 3.73004 12.91
      vertex 159.346 3.27606 12.91
      vertex 158.619 4.08658 12.91
    endloop
  endfacet
  facet normal 0 0 1
    outer loop
      vertex 159.346 3.27606 12.91
      vertex 158.455 3.73004 12.91
      vertex 159.116 2.86501 12.91
    endloop
  endfacet
  facet normal -0 0 1
    outer loop
      vertex 158.263 3.38751 12.91
      vertex 159.116 2.86501 12.91
      vertex 158.455 3.73004 12.91
    endloop
  endfacet
  facet normal 0 0 1
    outer loop
      vertex 159.116 2.86501 12.91
      vertex 158.263 3.38751 12.91
      vertex 158.854 2.47328 12.91
    endloop
  endfacet
  facet normal -0 0 1
    outer loop
      vertex 158.045 3.06108 12.91
      vertex 158.854 2.47328 12.91
      vertex 158.263 3.38751 12.91
    endloop
  endfacet
  facet normal 0 0 1
    outer loop
      vertex 158.854 2.47328 12.91
      vertex 158.045 3.06108 12.91
      vertex 158.562 2.10332 12.91
    endloop
  endfacet
  facet normal -0 0 1
    outer loop
      vertex 157.802 2.75276 12.91
      vertex 158.562 2.10332 12.91
      vertex 158.045 3.06108 12.91
    endloop
  endfacet
  facet normal 0 0 1
    outer loop
      vertex 158.562 2.10332 12.91
      vertex 157.802 2.75276 12.91
      vertex 158.243 1.75735 12.91
    endloop
  endfacet
  facet normal -0 0 1
    outer loop
      vertex 157.536 2.46446 12.91
      vertex 158.243 1.75735 12.91
      vertex 157.802 2.75276 12.91
    endloop
  endfacet
  facet normal 0 0 1
    outer loop
      vertex 158.243 1.75735 12.91
      vertex 157.536 2.46446 12.91
      vertex 157.897 1.43756 12.91
    endloop
  endfacet
  facet normal -0 0 1
    outer loop
      vertex 157.247 2.19797 12.91
      vertex 157.897 1.43756 12.91
      vertex 157.536 2.46446 12.91
    endloop
  endfacet
  facet normal 0 0 1
    outer loop
      vertex 157.897 1.43756 12.91
      vertex 157.247 2.19797 12.91
      vertex 157.527 1.1459 12.91
    endloop
  endfacet
  facet normal -0 0 1
    outer loop
      vertex 156.939 1.95491 12.91
      vertex 157.527 1.1459 12.91
      vertex 157.247 2.19797 12.91
    endloop
  endfacet
  facet normal 0 0 1
    outer loop
      vertex 157.527 1.1459 12.91
      vertex 156.939 1.95491 12.91
      vertex 157.135 0.884155 12.91
    endloop
  endfacet
  facet normal -0 0 1
    outer loop
      vertex 156.612 1.7368 12.91
      vertex 157.135 0.884155 12.91
      vertex 156.939 1.95491 12.91
    endloop
  endfacet
  facet normal 0 0 1
    outer loop
      vertex 157.135 0.884155 12.91
      vertex 156.612 1.7368 12.91
      vertex 156.724 0.653961 12.91
    endloop
  endfacet
  facet normal -0 0 1
    outer loop
      vertex 156.27 1.54497 12.91
      vertex 156.724 0.653961 12.91
      vertex 156.612 1.7368 12.91
    endloop
  endfacet
  facet normal 0 0 1
    outer loop
      vertex 156.724 0.653961 12.91
      vertex 156.27 1.54497 12.91
      vertex 156.296 0.456726 12.91
    endloop
  endfacet
  facet normal -0 0 1
    outer loop
      vertex 155.913 1.3806 12.91
      vertex 156.296 0.456726 12.91
      vertex 156.27 1.54497 12.91
    endloop
  endfacet
  facet normal 0 0 1
    outer loop
      vertex 155.913 1.3806 12.91
      vertex 155.854 0.293655 12.91
      vertex 156.296 0.456726 12.91
    endloop
  endfacet
  facet normal -0 0 1
    outer loop
      vertex 155.545 1.24472 12.91
      vertex 155.854 0.293655 12.91
      vertex 155.913 1.3806 12.91
    endloop
  endfacet
  facet normal 0 0 1
    outer loop
      vertex 155.545 1.24472 12.91
      vertex 155.401 0.165787 12.91
      vertex 155.854 0.293655 12.91
    endloop
  endfacet
  facet normal -0 0 1
    outer loop
      vertex 155.167 1.13815 12.91
      vertex 155.401 0.165787 12.91
      vertex 155.545 1.24472 12.91
    endloop
  endfacet
  facet normal 0 0 1
    outer loop
      vertex 155.167 1.13815 12.91
      vertex 154.939 0.0738678 12.91
      vertex 155.401 0.165787 12.91
    endloop
  endfacet
  facet normal -0 0 1
    outer loop
      vertex 154.782 1.06155 12.91
      vertex 154.939 0.0738678 12.91
      vertex 155.167 1.13815 12.91
    endloop
  endfacet
  facet normal 0 0 1
    outer loop
      vertex 154.782 1.06155 12.91
      vertex 154.471 0.0184937 12.91
      vertex 154.939 0.0738678 12.91
    endloop
  endfacet
  facet normal -0 0 1
    outer loop
      vertex 154.392 1.01541 12.91
      vertex 154.471 0.0184937 12.91
      vertex 154.782 1.06155 12.91
    endloop
  endfacet
  facet normal -0 0 1
    outer loop
      vertex 154 1 12.91
      vertex 154.471 0.0184937 12.91
      vertex 154.392 1.01541 12.91
    endloop
  endfacet
  facet normal 0 0 1
    outer loop
      vertex 154 1 12.91
      vertex 154 0 12.91
      vertex 154.471 0.0184937 12.91
    endloop
  endfacet
  facet normal -0 0 1
    outer loop
      vertex 6 1 12.91
      vertex 154 0 12.91
      vertex 154 1 12.91
    endloop
  endfacet
  facet normal 0 0 1
    outer loop
      vertex 6 1 12.91
      vertex 6 0 12.91
      vertex 154 0 12.91
    endloop
  endfacet
  facet normal 0 0 1
    outer loop
      vertex 5.60771 1.01541 12.91
      vertex 6 0 12.91
      vertex 6 1 12.91
    endloop
  endfacet
  facet normal 0 0 1
    outer loop
      vertex 5.60771 1.01541 12.91
      vertex 5.52925 0.0184937 12.91
      vertex 6 0 12.91
    endloop
  endfacet
  facet normal 0 0 1
    outer loop
      vertex 5.21783 1.06155 12.91
      vertex 5.52925 0.0184937 12.91
      vertex 5.60771 1.01541 12.91
    endloop
  endfacet
  facet normal 0 0 1
    outer loop
      vertex 5.21783 1.06155 12.91
      vertex 5.06139 0.0738678 12.91
      vertex 5.52925 0.0184937 12.91
    endloop
  endfacet
  facet normal 0 0 1
    outer loop
      vertex 4.83278 1.13815 12.91
      vertex 5.06139 0.0738678 12.91
      vertex 5.21783 1.06155 12.91
    endloop
  endfacet
  facet normal 0 0 1
    outer loop
      vertex 4.83278 1.13815 12.91
      vertex 4.59933 0.165787 12.91
      vertex 5.06139 0.0738678 12.91
    endloop
  endfacet
  facet normal 0 0 1
    outer loop
      vertex 4.45491 1.24472 12.91
      vertex 4.59933 0.165787 12.91
      vertex 4.83278 1.13815 12.91
    endloop
  endfacet
  facet normal 0 0 1
    outer loop
      vertex 4.45491 1.24472 12.91
      vertex 4.1459 0.293655 12.91
      vertex 4.59933 0.165787 12.91
    endloop
  endfacet
  facet normal 0 0 1
    outer loop
      vertex 4.08658 1.3806 12.91
      vertex 4.1459 0.293655 12.91
      vertex 4.45491 1.24472 12.91
    endloop
  endfacet
  facet normal 0 0 1
    outer loop
      vertex 3.7039 0.456726 12.91
      vertex 4.08658 1.3806 12.91
      vertex 3.73004 1.54497 12.91
    endloop
  endfacet
  facet normal 0 0 1
    outer loop
      vertex 4.08658 1.3806 12.91
      vertex 3.7039 0.456726 12.91
      vertex 4.1459 0.293655 12.91
    endloop
  endfacet
  facet normal 0 0 1
    outer loop
      vertex 3.27606 0.653961 12.91
      vertex 3.73004 1.54497 12.91
      vertex 3.38751 1.7368 12.91
    endloop
  endfacet
  facet normal 0 0 1
    outer loop
      vertex 3.73004 1.54497 12.91
      vertex 3.27606 0.653961 12.91
      vertex 3.7039 0.456726 12.91
    endloop
  endfacet
  facet normal 0 0 1
    outer loop
      vertex 2.86501 0.884155 12.91
      vertex 3.38751 1.7368 12.91
      vertex 3.06108 1.95491 12.91
    endloop
  endfacet
  facet normal 0 0 1
    outer loop
      vertex 3.38751 1.7368 12.91
      vertex 2.86501 0.884155 12.91
      vertex 3.27606 0.653961 12.91
    endloop
  endfacet
  facet normal 0 0 1
    outer loop
      vertex 2.47328 1.1459 12.91
      vertex 3.06108 1.95491 12.91
      vertex 2.75276 2.19797 12.91
    endloop
  endfacet
  facet normal 0 0 1
    outer loop
      vertex 3.06108 1.95491 12.91
      vertex 2.47328 1.1459 12.91
      vertex 2.86501 0.884155 12.91
    endloop
  endfacet
  facet normal 0 0 1
    outer loop
      vertex 2.10332 1.43756 12.91
      vertex 2.75276 2.19797 12.91
      vertex 2.46446 2.46446 12.91
    endloop
  endfacet
  facet normal 0 0 1
    outer loop
      vertex 1.75735 1.75735 12.91
      vertex 2.46446 2.46446 12.91
      vertex 2.19797 2.75276 12.91
    endloop
  endfacet
  facet normal 0 0 1
    outer loop
      vertex 2.75276 2.19797 12.91
      vertex 2.10332 1.43756 12.91
      vertex 2.47328 1.1459 12.91
    endloop
  endfacet
  facet normal 0 0 1
    outer loop
      vertex 1.43756 2.10332 12.91
      vertex 2.19797 2.75276 12.91
      vertex 1.95491 3.06108 12.91
    endloop
  endfacet
  facet normal 0 0 1
    outer loop
      vertex 2.46446 2.46446 12.91
      vertex 1.75735 1.75735 12.91
      vertex 2.10332 1.43756 12.91
    endloop
  endfacet
  facet normal 0 0 1
    outer loop
      vertex 1.1459 2.47328 12.91
      vertex 1.95491 3.06108 12.91
      vertex 1.7368 3.38751 12.91
    endloop
  endfacet
  facet normal 0 0 1
    outer loop
      vertex 0.884155 2.86501 12.91
      vertex 1.7368 3.38751 12.91
      vertex 1.54497 3.73004 12.91
    endloop
  endfacet
  facet normal 0 0 1
    outer loop
      vertex 2.19797 2.75276 12.91
      vertex 1.43756 2.10332 12.91
      vertex 1.75735 1.75735 12.91
    endloop
  endfacet
  facet normal 0 0 1
    outer loop
      vertex 0.653961 3.27606 12.91
      vertex 1.54497 3.73004 12.91
      vertex 1.3806 4.08658 12.91
    endloop
  endfacet
  facet normal 0 0 1
    outer loop
      vertex 0.456726 3.7039 12.91
      vertex 1.3806 4.08658 12.91
      vertex 1.24472 4.45491 12.91
    endloop
  endfacet
  facet normal 0 0 1
    outer loop
      vertex 1.95491 3.06108 12.91
      vertex 1.1459 2.47328 12.91
      vertex 1.43756 2.10332 12.91
    endloop
  endfacet
  facet normal 0 0 1
    outer loop
      vertex 0.293655 4.1459 12.91
      vertex 1.24472 4.45491 12.91
      vertex 1.13815 4.83278 12.91
    endloop
  endfacet
  facet normal 0 0 1
    outer loop
      vertex 0.165787 4.59933 12.91
      vertex 1.13815 4.83278 12.91
      vertex 1.06155 5.21783 12.91
    endloop
  endfacet
  facet normal 0 0 1
    outer loop
      vertex 0.0738678 5.06139 12.91
      vertex 1.06155 5.21783 12.91
      vertex 1.01541 5.60771 12.91
    endloop
  endfacet
  facet normal 0 0 1
    outer loop
      vertex 1.7368 3.38751 12.91
      vertex 0.884155 2.86501 12.91
      vertex 1.1459 2.47328 12.91
    endloop
  endfacet
  facet normal 0 0 1
    outer loop
      vertex 0.0184937 5.52925 12.91
      vertex 1.01541 5.60771 12.91
      vertex 1 6 12.91
    endloop
  endfacet
  facet normal 0 0 1
    outer loop
      vertex 1 154 12.91
      vertex 0 154 12.91
      vertex 1 6 12.91
    endloop
  endfacet
  facet normal 0 0 1
    outer loop
      vertex 1.13815 155.167 12.91
      vertex 0.165787 155.401 12.91
      vertex 1.06155 154.782 12.91
    endloop
  endfacet
  facet normal 0 0 1
    outer loop
      vertex 0 6 12.91
      vertex 1 6 12.91
      vertex 0 154 12.91
    endloop
  endfacet
  facet normal -0 0 1
    outer loop
      vertex 0.0738678 154.939 12.91
      vertex 1.06155 154.782 12.91
      vertex 0.165787 155.401 12.91
    endloop
  endfacet
  facet normal 0 -0 1
    outer loop
      vertex 0.0184937 5.52925 12.91
      vertex 1 6 12.91
      vertex 0 6 12.91
    endloop
  endfacet
  facet normal 0 0 1
    outer loop
      vertex 1.06155 154.782 12.91
      vertex 0.0738678 154.939 12.91
      vertex 1.01541 154.392 12.91
    endloop
  endfacet
  facet normal 0 0 1
    outer loop
      vertex 1.54497 3.73004 12.91
      vertex 0.653961 3.27606 12.91
      vertex 0.884155 2.86501 12.91
    endloop
  endfacet
  facet normal -0 0 1
    outer loop
      vertex 0.0184937 154.471 12.91
      vertex 1.01541 154.392 12.91
      vertex 0.0738678 154.939 12.91
    endloop
  endfacet
  facet normal 0 0 1
    outer loop
      vertex 1.3806 4.08658 12.91
      vertex 0.456726 3.7039 12.91
      vertex 0.653961 3.27606 12.91
    endloop
  endfacet
  facet normal 0 0 1
    outer loop
      vertex 1.01541 154.392 12.91
      vertex 0.0184937 154.471 12.91
      vertex 1 154 12.91
    endloop
  endfacet
  facet normal 0 0 1
    outer loop
      vertex 1.24472 4.45491 12.91
      vertex 0.293655 4.1459 12.91
      vertex 0.456726 3.7039 12.91
    endloop
  endfacet
  facet normal 0 0 1
    outer loop
      vertex 1 154 12.91
      vertex 0.0184937 154.471 12.91
      vertex 0 154 12.91
    endloop
  endfacet
  facet normal 0 0 1
    outer loop
      vertex 1.13815 4.83278 12.91
      vertex 0.165787 4.59933 12.91
      vertex 0.293655 4.1459 12.91
    endloop
  endfacet
  facet normal 0 0 1
    outer loop
      vertex 1.06155 5.21783 12.91
      vertex 0.0738678 5.06139 12.91
      vertex 0.165787 4.59933 12.91
    endloop
  endfacet
  facet normal 0 0 1
    outer loop
      vertex 1.01541 5.60771 12.91
      vertex 0.0184937 5.52925 12.91
      vertex 0.0738678 5.06139 12.91
    endloop
  endfacet
  facet normal 0 0 1
    outer loop
      vertex 156.8 154 12.91
      vertex 157.8 154 12.91
      vertex 157.788 154.298 12.91
    endloop
  endfacet
  facet normal 0 0 1
    outer loop
      vertex 157.8 154 12.91
      vertex 156.8 154 12.91
      vertex 157.8 6 12.91
    endloop
  endfacet
  facet normal 0 0 1
    outer loop
      vertex 156.791 154.22 12.91
      vertex 157.788 154.298 12.91
      vertex 157.753 154.594 12.91
    endloop
  endfacet
  facet normal 0 0 1
    outer loop
      vertex 156.8 6 12.91
      vertex 157.8 6 12.91
      vertex 156.8 154 12.91
    endloop
  endfacet
  facet normal 0 0 1
    outer loop
      vertex 156.766 154.438 12.91
      vertex 157.753 154.594 12.91
      vertex 157.695 154.887 12.91
    endloop
  endfacet
  facet normal 0 0 1
    outer loop
      vertex 157.8 6 12.91
      vertex 156.8 6 12.91
      vertex 157.788 5.70186 12.91
    endloop
  endfacet
  facet normal 0 0 1
    outer loop
      vertex 156.723 154.654 12.91
      vertex 157.695 154.887 12.91
      vertex 157.614 155.174 12.91
    endloop
  endfacet
  facet normal -0 0 1
    outer loop
      vertex 156.791 5.78032 12.91
      vertex 157.788 5.70186 12.91
      vertex 156.8 6 12.91
    endloop
  endfacet
  facet normal 0 0 1
    outer loop
      vertex 156.663 154.865 12.91
      vertex 157.614 155.174 12.91
      vertex 157.511 155.454 12.91
    endloop
  endfacet
  facet normal 0 0 1
    outer loop
      vertex 157.788 5.70186 12.91
      vertex 156.791 5.78032 12.91
      vertex 157.753 5.40555 12.91
    endloop
  endfacet
  facet normal 0 0 1
    outer loop
      vertex 156.587 155.072 12.91
      vertex 157.511 155.454 12.91
      vertex 157.386 155.725 12.91
    endloop
  endfacet
  facet normal -0 0 1
    outer loop
      vertex 156.766 5.56198 12.91
      vertex 157.753 5.40555 12.91
      vertex 156.791 5.78032 12.91
    endloop
  endfacet
  facet normal 0 0 1
    outer loop
      vertex 156.495 155.271 12.91
      vertex 157.386 155.725 12.91
      vertex 157.24 155.985 12.91
    endloop
  endfacet
  facet normal 0 0 1
    outer loop
      vertex 157.753 5.40555 12.91
      vertex 156.766 5.56198 12.91
      vertex 157.695 5.11292 12.91
    endloop
  endfacet
  facet normal 0 0 1
    outer loop
      vertex 156.387 155.463 12.91
      vertex 157.24 155.985 12.91
      vertex 157.074 156.234 12.91
    endloop
  endfacet
  facet normal -0 0 1
    outer loop
      vertex 156.723 5.34636 12.91
      vertex 157.695 5.11292 12.91
      vertex 156.766 5.56198 12.91
    endloop
  endfacet
  facet normal 0 0 1
    outer loop
      vertex 156.265 155.646 12.91
      vertex 157.074 156.234 12.91
      vertex 156.89 156.468 12.91
    endloop
  endfacet
  facet normal 0 0 1
    outer loop
      vertex 157.695 5.11292 12.91
      vertex 156.723 5.34636 12.91
      vertex 157.614 4.82573 12.91
    endloop
  endfacet
  facet normal -0 0 1
    outer loop
      vertex 156.663 5.13475 12.91
      vertex 157.614 4.82573 12.91
      vertex 156.723 5.34636 12.91
    endloop
  endfacet
  facet normal 0 0 1
    outer loop
      vertex 157.788 154.298 12.91
      vertex 156.791 154.22 12.91
      vertex 156.8 154 12.91
    endloop
  endfacet
  facet normal 0 0 1
    outer loop
      vertex 157.753 154.594 12.91
      vertex 156.766 154.438 12.91
      vertex 156.791 154.22 12.91
    endloop
  endfacet
  facet normal 0 0 1
    outer loop
      vertex 157.695 154.887 12.91
      vertex 156.723 154.654 12.91
      vertex 156.766 154.438 12.91
    endloop
  endfacet
  facet normal 0 0 1
    outer loop
      vertex 156.129 155.818 12.91
      vertex 156.89 156.468 12.91
      vertex 156.687 156.687 12.91
    endloop
  endfacet
  facet normal 0 0 1
    outer loop
      vertex 157.614 155.174 12.91
      vertex 156.663 154.865 12.91
      vertex 156.723 154.654 12.91
    endloop
  endfacet
  facet normal 0 0 1
    outer loop
      vertex 157.511 155.454 12.91
      vertex 156.587 155.072 12.91
      vertex 156.663 154.865 12.91
    endloop
  endfacet
  facet normal 0 0 1
    outer loop
      vertex 157.386 155.725 12.91
      vertex 156.495 155.271 12.91
      vertex 156.587 155.072 12.91
    endloop
  endfacet
  facet normal 0 0 1
    outer loop
      vertex 155.98 155.98 12.91
      vertex 156.687 156.687 12.91
      vertex 156.468 156.89 12.91
    endloop
  endfacet
  facet normal 0 0 1
    outer loop
      vertex 157.24 155.985 12.91
      vertex 156.387 155.463 12.91
      vertex 156.495 155.271 12.91
    endloop
  endfacet
  facet normal 0 0 1
    outer loop
      vertex 157.074 156.234 12.91
      vertex 156.265 155.646 12.91
      vertex 156.387 155.463 12.91
    endloop
  endfacet
  facet normal 0 0 1
    outer loop
      vertex 155.818 156.129 12.91
      vertex 156.468 156.89 12.91
      vertex 156.234 157.074 12.91
    endloop
  endfacet
  facet normal 0 0 1
    outer loop
      vertex 156.89 156.468 12.91
      vertex 156.129 155.818 12.91
      vertex 156.265 155.646 12.91
    endloop
  endfacet
  facet normal 0 0 1
    outer loop
      vertex 155.646 156.265 12.91
      vertex 156.234 157.074 12.91
      vertex 155.985 157.24 12.91
    endloop
  endfacet
  facet normal 0 0 1
    outer loop
      vertex 156.687 156.687 12.91
      vertex 155.98 155.98 12.91
      vertex 156.129 155.818 12.91
    endloop
  endfacet
  facet normal 0 0 1
    outer loop
      vertex 156.468 156.89 12.91
      vertex 155.818 156.129 12.91
      vertex 155.98 155.98 12.91
    endloop
  endfacet
  facet normal 0 0 1
    outer loop
      vertex 155.463 156.387 12.91
      vertex 155.985 157.24 12.91
      vertex 155.725 157.386 12.91
    endloop
  endfacet
  facet normal 0 0 1
    outer loop
      vertex 156.234 157.074 12.91
      vertex 155.646 156.265 12.91
      vertex 155.818 156.129 12.91
    endloop
  endfacet
  facet normal 0 0 1
    outer loop
      vertex 155.985 157.24 12.91
      vertex 155.463 156.387 12.91
      vertex 155.646 156.265 12.91
    endloop
  endfacet
  facet normal 0 0 1
    outer loop
      vertex 155.271 156.495 12.91
      vertex 155.725 157.386 12.91
      vertex 155.454 157.511 12.91
    endloop
  endfacet
  facet normal 0 0 1
    outer loop
      vertex 155.725 157.386 12.91
      vertex 155.271 156.495 12.91
      vertex 155.463 156.387 12.91
    endloop
  endfacet
  facet normal 0 0 1
    outer loop
      vertex 155.072 156.587 12.91
      vertex 155.454 157.511 12.91
      vertex 155.174 157.614 12.91
    endloop
  endfacet
  facet normal 0 0 1
    outer loop
      vertex 155.454 157.511 12.91
      vertex 155.072 156.587 12.91
      vertex 155.271 156.495 12.91
    endloop
  endfacet
  facet normal 0 0 1
    outer loop
      vertex 154.865 156.663 12.91
      vertex 155.174 157.614 12.91
      vertex 154.887 157.695 12.91
    endloop
  endfacet
  facet normal 0 0 1
    outer loop
      vertex 155.174 157.614 12.91
      vertex 154.865 156.663 12.91
      vertex 155.072 156.587 12.91
    endloop
  endfacet
  facet normal 0 0 1
    outer loop
      vertex 154.887 157.695 12.91
      vertex 154.654 156.723 12.91
      vertex 154.865 156.663 12.91
    endloop
  endfacet
  facet normal 0 0 1
    outer loop
      vertex 154.594 157.753 12.91
      vertex 154.654 156.723 12.91
      vertex 154.887 157.695 12.91
    endloop
  endfacet
  facet normal 0 0 1
    outer loop
      vertex 154.594 157.753 12.91
      vertex 154.438 156.766 12.91
      vertex 154.654 156.723 12.91
    endloop
  endfacet
  facet normal 0 0 1
    outer loop
      vertex 154.298 157.788 12.91
      vertex 154.438 156.766 12.91
      vertex 154.594 157.753 12.91
    endloop
  endfacet
  facet normal 0 0 1
    outer loop
      vertex 154.298 157.788 12.91
      vertex 154.22 156.791 12.91
      vertex 154.438 156.766 12.91
    endloop
  endfacet
  facet normal 0 0 1
    outer loop
      vertex 154 157.8 12.91
      vertex 154.22 156.791 12.91
      vertex 154.298 157.788 12.91
    endloop
  endfacet
  facet normal 0 0 1
    outer loop
      vertex 154 157.8 12.91
      vertex 154 156.8 12.91
      vertex 154.22 156.791 12.91
    endloop
  endfacet
  facet normal -0 0 1
    outer loop
      vertex 6 157.8 12.91
      vertex 154 156.8 12.91
      vertex 154 157.8 12.91
    endloop
  endfacet
  facet normal 0 0 1
    outer loop
      vertex 6 157.8 12.91
      vertex 6 156.8 12.91
      vertex 154 156.8 12.91
    endloop
  endfacet
  facet normal 0 0 1
    outer loop
      vertex 6 157.8 12.91
      vertex 5.78032 156.791 12.91
      vertex 6 156.8 12.91
    endloop
  endfacet
  facet normal -0 0 1
    outer loop
      vertex 5.70186 157.788 12.91
      vertex 5.78032 156.791 12.91
      vertex 6 157.8 12.91
    endloop
  endfacet
  facet normal 0 0 1
    outer loop
      vertex 5.70186 157.788 12.91
      vertex 5.56198 156.766 12.91
      vertex 5.78032 156.791 12.91
    endloop
  endfacet
  facet normal -0 0 1
    outer loop
      vertex 5.40555 157.753 12.91
      vertex 5.56198 156.766 12.91
      vertex 5.70186 157.788 12.91
    endloop
  endfacet
  facet normal 0 0 1
    outer loop
      vertex 5.40555 157.753 12.91
      vertex 5.34636 156.723 12.91
      vertex 5.56198 156.766 12.91
    endloop
  endfacet
  facet normal -0 0 1
    outer loop
      vertex 5.11292 157.695 12.91
      vertex 5.34636 156.723 12.91
      vertex 5.40555 157.753 12.91
    endloop
  endfacet
  facet normal 0 0 1
    outer loop
      vertex 5.34636 156.723 12.91
      vertex 5.11292 157.695 12.91
      vertex 5.13475 156.663 12.91
    endloop
  endfacet
  facet normal -0 0 1
    outer loop
      vertex 4.82573 157.614 12.91
      vertex 5.13475 156.663 12.91
      vertex 5.11292 157.695 12.91
    endloop
  endfacet
  facet normal 0 0 1
    outer loop
      vertex 5.13475 156.663 12.91
      vertex 4.82573 157.614 12.91
      vertex 4.92848 156.587 12.91
    endloop
  endfacet
  facet normal -0 0 1
    outer loop
      vertex 4.54581 157.511 12.91
      vertex 4.92848 156.587 12.91
      vertex 4.82573 157.614 12.91
    endloop
  endfacet
  facet normal 0 0 1
    outer loop
      vertex 4.92848 156.587 12.91
      vertex 4.54581 157.511 12.91
      vertex 4.72882 156.495 12.91
    endloop
  endfacet
  facet normal -0 0 1
    outer loop
      vertex 4.27484 157.386 12.91
      vertex 4.72882 156.495 12.91
      vertex 4.54581 157.511 12.91
    endloop
  endfacet
  facet normal 0 0 1
    outer loop
      vertex 4.72882 156.495 12.91
      vertex 4.27484 157.386 12.91
      vertex 4.537 156.387 12.91
    endloop
  endfacet
  facet normal -0 0 1
    outer loop
      vertex 4.01451 157.24 12.91
      vertex 4.537 156.387 12.91
      vertex 4.27484 157.386 12.91
    endloop
  endfacet
  facet normal 0 0 1
    outer loop
      vertex 4.537 156.387 12.91
      vertex 4.01451 157.24 12.91
      vertex 4.3542 156.265 12.91
    endloop
  endfacet
  facet normal -0 0 1
    outer loop
      vertex 3.76642 157.074 12.91
      vertex 4.3542 156.265 12.91
      vertex 4.01451 157.24 12.91
    endloop
  endfacet
  facet normal 0 0 1
    outer loop
      vertex 4.3542 156.265 12.91
      vertex 3.76642 157.074 12.91
      vertex 4.18155 156.129 12.91
    endloop
  endfacet
  facet normal -0 0 1
    outer loop
      vertex 3.5321 156.89 12.91
      vertex 4.18155 156.129 12.91
      vertex 3.76642 157.074 12.91
    endloop
  endfacet
  facet normal 0 0 1
    outer loop
      vertex 4.18155 156.129 12.91
      vertex 3.5321 156.89 12.91
      vertex 4.0201 155.98 12.91
    endloop
  endfacet
  facet normal -0 0 1
    outer loop
      vertex 3.31299 156.687 12.91
      vertex 4.0201 155.98 12.91
      vertex 3.5321 156.89 12.91
    endloop
  endfacet
  facet normal 0 0 1
    outer loop
      vertex 4.0201 155.98 12.91
      vertex 3.31299 156.687 12.91
      vertex 3.87086 155.818 12.91
    endloop
  endfacet
  facet normal -0 0 1
    outer loop
      vertex 3.11046 156.468 12.91
      vertex 3.87086 155.818 12.91
      vertex 3.31299 156.687 12.91
    endloop
  endfacet
  facet normal 0 0 1
    outer loop
      vertex 3.87086 155.818 12.91
      vertex 3.11046 156.468 12.91
      vertex 3.73476 155.646 12.91
    endloop
  endfacet
  facet normal -0 0 1
    outer loop
      vertex 2.92574 156.234 12.91
      vertex 3.73476 155.646 12.91
      vertex 3.11046 156.468 12.91
    endloop
  endfacet
  facet normal 0 0 1
    outer loop
      vertex 3.73476 155.646 12.91
      vertex 2.92574 156.234 12.91
      vertex 3.61261 155.463 12.91
    endloop
  endfacet
  facet normal -0 0 1
    outer loop
      vertex 2.75996 155.985 12.91
      vertex 3.61261 155.463 12.91
      vertex 2.92574 156.234 12.91
    endloop
  endfacet
  facet normal 0 0 1
    outer loop
      vertex 3.61261 155.463 12.91
      vertex 2.75996 155.985 12.91
      vertex 3.50519 155.271 12.91
    endloop
  endfacet
  facet normal -0 0 1
    outer loop
      vertex 2.61418 155.725 12.91
      vertex 3.50519 155.271 12.91
      vertex 2.75996 155.985 12.91
    endloop
  endfacet
  facet normal 0 0 1
    outer loop
      vertex 3.50519 155.271 12.91
      vertex 2.61418 155.725 12.91
      vertex 3.41313 155.072 12.91
    endloop
  endfacet
  facet normal -0 0 1
    outer loop
      vertex 2.38599 155.174 12.91
      vertex 3.33704 154.865 12.91
      vertex 2.48926 155.454 12.91
    endloop
  endfacet
  facet normal 0 0 1
    outer loop
      vertex 3.41313 155.072 12.91
      vertex 2.48926 155.454 12.91
      vertex 3.33704 154.865 12.91
    endloop
  endfacet
  facet normal -0 0 1
    outer loop
      vertex 2.48926 155.454 12.91
      vertex 3.41313 155.072 12.91
      vertex 2.61418 155.725 12.91
    endloop
  endfacet
  facet normal 0 0 1
    outer loop
      vertex 157.614 4.82573 12.91
      vertex 156.663 5.13475 12.91
      vertex 157.511 4.54581 12.91
    endloop
  endfacet
  facet normal -0 0 1
    outer loop
      vertex 156.587 4.92848 12.91
      vertex 157.511 4.54581 12.91
      vertex 156.663 5.13475 12.91
    endloop
  endfacet
  facet normal 0 0 1
    outer loop
      vertex 157.511 4.54581 12.91
      vertex 156.587 4.92848 12.91
      vertex 157.386 4.27484 12.91
    endloop
  endfacet
  facet normal -0 0 1
    outer loop
      vertex 156.495 4.72882 12.91
      vertex 157.386 4.27484 12.91
      vertex 156.587 4.92848 12.91
    endloop
  endfacet
  facet normal 0 0 1
    outer loop
      vertex 157.386 4.27484 12.91
      vertex 156.495 4.72882 12.91
      vertex 157.24 4.01451 12.91
    endloop
  endfacet
  facet normal -0 0 1
    outer loop
      vertex 156.387 4.537 12.91
      vertex 157.24 4.01451 12.91
      vertex 156.495 4.72882 12.91
    endloop
  endfacet
  facet normal 0 0 1
    outer loop
      vertex 157.24 4.01451 12.91
      vertex 156.387 4.537 12.91
      vertex 157.074 3.76642 12.91
    endloop
  endfacet
  facet normal -0 0 1
    outer loop
      vertex 156.265 4.3542 12.91
      vertex 157.074 3.76642 12.91
      vertex 156.387 4.537 12.91
    endloop
  endfacet
  facet normal 0 0 1
    outer loop
      vertex 157.074 3.76642 12.91
      vertex 156.265 4.3542 12.91
      vertex 156.89 3.5321 12.91
    endloop
  endfacet
  facet normal -0 0 1
    outer loop
      vertex 156.129 4.18155 12.91
      vertex 156.89 3.5321 12.91
      vertex 156.265 4.3542 12.91
    endloop
  endfacet
  facet normal 0 0 1
    outer loop
      vertex 156.89 3.5321 12.91
      vertex 156.129 4.18155 12.91
      vertex 156.687 3.31299 12.91
    endloop
  endfacet
  facet normal -0 0 1
    outer loop
      vertex 155.98 4.0201 12.91
      vertex 156.687 3.31299 12.91
      vertex 156.129 4.18155 12.91
    endloop
  endfacet
  facet normal 0 0 1
    outer loop
      vertex 156.687 3.31299 12.91
      vertex 155.98 4.0201 12.91
      vertex 156.468 3.11046 12.91
    endloop
  endfacet
  facet normal -0 0 1
    outer loop
      vertex 155.818 3.87086 12.91
      vertex 156.468 3.11046 12.91
      vertex 155.98 4.0201 12.91
    endloop
  endfacet
  facet normal 0 0 1
    outer loop
      vertex 156.468 3.11046 12.91
      vertex 155.818 3.87086 12.91
      vertex 156.234 2.92574 12.91
    endloop
  endfacet
  facet normal -0 0 1
    outer loop
      vertex 155.646 3.73476 12.91
      vertex 156.234 2.92574 12.91
      vertex 155.818 3.87086 12.91
    endloop
  endfacet
  facet normal 0 0 1
    outer loop
      vertex 156.234 2.92574 12.91
      vertex 155.646 3.73476 12.91
      vertex 155.985 2.75996 12.91
    endloop
  endfacet
  facet normal -0 0 1
    outer loop
      vertex 155.463 3.61261 12.91
      vertex 155.985 2.75996 12.91
      vertex 155.646 3.73476 12.91
    endloop
  endfacet
  facet normal 0 0 1
    outer loop
      vertex 155.985 2.75996 12.91
      vertex 155.463 3.61261 12.91
      vertex 155.725 2.61418 12.91
    endloop
  endfacet
  facet normal -0 0 1
    outer loop
      vertex 155.271 3.50519 12.91
      vertex 155.725 2.61418 12.91
      vertex 155.463 3.61261 12.91
    endloop
  endfacet
  facet normal 0 0 1
    outer loop
      vertex 155.725 2.61418 12.91
      vertex 155.271 3.50519 12.91
      vertex 155.454 2.48926 12.91
    endloop
  endfacet
  facet normal -0 0 1
    outer loop
      vertex 155.072 3.41313 12.91
      vertex 155.454 2.48926 12.91
      vertex 155.271 3.50519 12.91
    endloop
  endfacet
  facet normal 0 0 1
    outer loop
      vertex 155.454 2.48926 12.91
      vertex 155.072 3.41313 12.91
      vertex 155.174 2.38599 12.91
    endloop
  endfacet
  facet normal -0 0 1
    outer loop
      vertex 154.865 3.33704 12.91
      vertex 155.174 2.38599 12.91
      vertex 155.072 3.41313 12.91
    endloop
  endfacet
  facet normal 0 0 1
    outer loop
      vertex 155.174 2.38599 12.91
      vertex 154.865 3.33704 12.91
      vertex 154.887 2.30499 12.91
    endloop
  endfacet
  facet normal -0 0 1
    outer loop
      vertex 154.654 3.27736 12.91
      vertex 154.887 2.30499 12.91
      vertex 154.865 3.33704 12.91
    endloop
  endfacet
  facet normal 0 0 1
    outer loop
      vertex 154.654 3.27736 12.91
      vertex 154.594 2.24678 12.91
      vertex 154.887 2.30499 12.91
    endloop
  endfacet
  facet normal -0 0 1
    outer loop
      vertex 154.438 3.23447 12.91
      vertex 154.594 2.24678 12.91
      vertex 154.654 3.27736 12.91
    endloop
  endfacet
  facet normal 0 0 1
    outer loop
      vertex 154.438 3.23447 12.91
      vertex 154.298 2.21172 12.91
      vertex 154.594 2.24678 12.91
    endloop
  endfacet
  facet normal -0 0 1
    outer loop
      vertex 154.22 3.20863 12.91
      vertex 154.298 2.21172 12.91
      vertex 154.438 3.23447 12.91
    endloop
  endfacet
  facet normal -0 0 1
    outer loop
      vertex 154 3.2 12.91
      vertex 154.298 2.21172 12.91
      vertex 154.22 3.20863 12.91
    endloop
  endfacet
  facet normal 0 0 1
    outer loop
      vertex 154 3.2 12.91
      vertex 154 2.2 12.91
      vertex 154.298 2.21172 12.91
    endloop
  endfacet
  facet normal -0 0 1
    outer loop
      vertex 6 3.2 12.91
      vertex 154 2.2 12.91
      vertex 154 3.2 12.91
    endloop
  endfacet
  facet normal 0 0 1
    outer loop
      vertex 6 3.2 12.91
      vertex 6 2.2 12.91
      vertex 154 2.2 12.91
    endloop
  endfacet
  facet normal 0 0 1
    outer loop
      vertex 5.78032 3.20863 12.91
      vertex 6 2.2 12.91
      vertex 6 3.2 12.91
    endloop
  endfacet
  facet normal 0 0 1
    outer loop
      vertex 5.78032 3.20863 12.91
      vertex 5.70186 2.21172 12.91
      vertex 6 2.2 12.91
    endloop
  endfacet
  facet normal 0 0 1
    outer loop
      vertex 5.56198 3.23447 12.91
      vertex 5.70186 2.21172 12.91
      vertex 5.78032 3.20863 12.91
    endloop
  endfacet
  facet normal 0 0 1
    outer loop
      vertex 5.56198 3.23447 12.91
      vertex 5.40555 2.24678 12.91
      vertex 5.70186 2.21172 12.91
    endloop
  endfacet
  facet normal 0 0 1
    outer loop
      vertex 5.34636 3.27736 12.91
      vertex 5.40555 2.24678 12.91
      vertex 5.56198 3.23447 12.91
    endloop
  endfacet
  facet normal 0 0 1
    outer loop
      vertex 5.11292 2.30499 12.91
      vertex 5.34636 3.27736 12.91
      vertex 5.13475 3.33704 12.91
    endloop
  endfacet
  facet normal 0 0 1
    outer loop
      vertex 5.34636 3.27736 12.91
      vertex 5.11292 2.30499 12.91
      vertex 5.40555 2.24678 12.91
    endloop
  endfacet
  facet normal 0 0 1
    outer loop
      vertex 4.82573 2.38599 12.91
      vertex 5.13475 3.33704 12.91
      vertex 4.92848 3.41313 12.91
    endloop
  endfacet
  facet normal 0 0 1
    outer loop
      vertex 5.13475 3.33704 12.91
      vertex 4.82573 2.38599 12.91
      vertex 5.11292 2.30499 12.91
    endloop
  endfacet
  facet normal 0 0 1
    outer loop
      vertex 4.54581 2.48926 12.91
      vertex 4.92848 3.41313 12.91
      vertex 4.72882 3.50519 12.91
    endloop
  endfacet
  facet normal 0 0 1
    outer loop
      vertex 4.92848 3.41313 12.91
      vertex 4.54581 2.48926 12.91
      vertex 4.82573 2.38599 12.91
    endloop
  endfacet
  facet normal 0 0 1
    outer loop
      vertex 4.27484 2.61418 12.91
      vertex 4.72882 3.50519 12.91
      vertex 4.537 3.61261 12.91
    endloop
  endfacet
  facet normal 0 0 1
    outer loop
      vertex 4.01451 2.75996 12.91
      vertex 4.537 3.61261 12.91
      vertex 4.3542 3.73476 12.91
    endloop
  endfacet
  facet normal 0 0 1
    outer loop
      vertex 4.72882 3.50519 12.91
      vertex 4.27484 2.61418 12.91
      vertex 4.54581 2.48926 12.91
    endloop
  endfacet
  facet normal 0 0 1
    outer loop
      vertex 3.76642 2.92574 12.91
      vertex 4.3542 3.73476 12.91
      vertex 4.18155 3.87086 12.91
    endloop
  endfacet
  facet normal 0 0 1
    outer loop
      vertex 3.5321 3.11046 12.91
      vertex 4.18155 3.87086 12.91
      vertex 4.0201 4.0201 12.91
    endloop
  endfacet
  facet normal 0 0 1
    outer loop
      vertex 4.537 3.61261 12.91
      vertex 4.01451 2.75996 12.91
      vertex 4.27484 2.61418 12.91
    endloop
  endfacet
  facet normal 0 0 1
    outer loop
      vertex 3.31299 3.31299 12.91
      vertex 4.0201 4.0201 12.91
      vertex 3.87086 4.18155 12.91
    endloop
  endfacet
  facet normal 0 0 1
    outer loop
      vertex 4.3542 3.73476 12.91
      vertex 3.76642 2.92574 12.91
      vertex 4.01451 2.75996 12.91
    endloop
  endfacet
  facet normal 0 0 1
    outer loop
      vertex 3.11046 3.5321 12.91
      vertex 3.87086 4.18155 12.91
      vertex 3.73476 4.3542 12.91
    endloop
  endfacet
  facet normal 0 0 1
    outer loop
      vertex 2.92574 3.76642 12.91
      vertex 3.73476 4.3542 12.91
      vertex 3.61261 4.537 12.91
    endloop
  endfacet
  facet normal 0 0 1
    outer loop
      vertex 4.18155 3.87086 12.91
      vertex 3.5321 3.11046 12.91
      vertex 3.76642 2.92574 12.91
    endloop
  endfacet
  facet normal 0 0 1
    outer loop
      vertex 2.75996 4.01451 12.91
      vertex 3.61261 4.537 12.91
      vertex 3.50519 4.72882 12.91
    endloop
  endfacet
  facet normal 0 0 1
    outer loop
      vertex 2.61418 4.27484 12.91
      vertex 3.50519 4.72882 12.91
      vertex 3.41313 4.92848 12.91
    endloop
  endfacet
  facet normal 0 0 1
    outer loop
      vertex 2.48926 4.54581 12.91
      vertex 3.41313 4.92848 12.91
      vertex 3.33704 5.13475 12.91
    endloop
  endfacet
  facet normal 0 0 1
    outer loop
      vertex 4.0201 4.0201 12.91
      vertex 3.31299 3.31299 12.91
      vertex 3.5321 3.11046 12.91
    endloop
  endfacet
  facet normal 0 0 1
    outer loop
      vertex 2.38599 4.82573 12.91
      vertex 3.33704 5.13475 12.91
      vertex 3.27736 5.34636 12.91
    endloop
  endfacet
  facet normal 0 0 1
    outer loop
      vertex 2.30499 5.11292 12.91
      vertex 3.27736 5.34636 12.91
      vertex 3.23447 5.56198 12.91
    endloop
  endfacet
  facet normal 0 0 1
    outer loop
      vertex 2.24678 5.40555 12.91
      vertex 3.23447 5.56198 12.91
      vertex 3.20863 5.78032 12.91
    endloop
  endfacet
  facet normal 0 0 1
    outer loop
      vertex 3.87086 4.18155 12.91
      vertex 3.11046 3.5321 12.91
      vertex 3.31299 3.31299 12.91
    endloop
  endfacet
  facet normal 0 0 1
    outer loop
      vertex 2.21172 5.70186 12.91
      vertex 3.20863 5.78032 12.91
      vertex 3.2 6 12.91
    endloop
  endfacet
  facet normal 0 0 1
    outer loop
      vertex 3.2 154 12.91
      vertex 2.2 154 12.91
      vertex 3.2 6 12.91
    endloop
  endfacet
  facet normal 0 0 1
    outer loop
      vertex 3.33704 154.865 12.91
      vertex 2.38599 155.174 12.91
      vertex 3.27736 154.654 12.91
    endloop
  endfacet
  facet normal 0 0 1
    outer loop
      vertex 2.2 6 12.91
      vertex 3.2 6 12.91
      vertex 2.2 154 12.91
    endloop
  endfacet
  facet normal -0 0 1
    outer loop
      vertex 2.30499 154.887 12.91
      vertex 3.27736 154.654 12.91
      vertex 2.38599 155.174 12.91
    endloop
  endfacet
  facet normal 0 -0 1
    outer loop
      vertex 2.21172 5.70186 12.91
      vertex 3.2 6 12.91
      vertex 2.2 6 12.91
    endloop
  endfacet
  facet normal 0 0 1
    outer loop
      vertex 3.27736 154.654 12.91
      vertex 2.30499 154.887 12.91
      vertex 3.23447 154.438 12.91
    endloop
  endfacet
  facet normal 0 0 1
    outer loop
      vertex 3.73476 4.3542 12.91
      vertex 2.92574 3.76642 12.91
      vertex 3.11046 3.5321 12.91
    endloop
  endfacet
  facet normal -0 0 1
    outer loop
      vertex 2.24678 154.594 12.91
      vertex 3.23447 154.438 12.91
      vertex 2.30499 154.887 12.91
    endloop
  endfacet
  facet normal 0 0 1
    outer loop
      vertex 3.61261 4.537 12.91
      vertex 2.75996 4.01451 12.91
      vertex 2.92574 3.76642 12.91
    endloop
  endfacet
  facet normal 0 0 1
    outer loop
      vertex 3.23447 154.438 12.91
      vertex 2.24678 154.594 12.91
      vertex 3.20863 154.22 12.91
    endloop
  endfacet
  facet normal 0 0 1
    outer loop
      vertex 3.50519 4.72882 12.91
      vertex 2.61418 4.27484 12.91
      vertex 2.75996 4.01451 12.91
    endloop
  endfacet
  facet normal -0 0 1
    outer loop
      vertex 2.21172 154.298 12.91
      vertex 3.20863 154.22 12.91
      vertex 2.24678 154.594 12.91
    endloop
  endfacet
  facet normal 0 0 1
    outer loop
      vertex 3.41313 4.92848 12.91
      vertex 2.48926 4.54581 12.91
      vertex 2.61418 4.27484 12.91
    endloop
  endfacet
  facet normal 0 0 1
    outer loop
      vertex 3.20863 154.22 12.91
      vertex 2.21172 154.298 12.91
      vertex 3.2 154 12.91
    endloop
  endfacet
  facet normal 0 0 1
    outer loop
      vertex 3.33704 5.13475 12.91
      vertex 2.38599 4.82573 12.91
      vertex 2.48926 4.54581 12.91
    endloop
  endfacet
  facet normal 0 0 1
    outer loop
      vertex 3.2 154 12.91
      vertex 2.21172 154.298 12.91
      vertex 2.2 154 12.91
    endloop
  endfacet
  facet normal 0 0 1
    outer loop
      vertex 3.27736 5.34636 12.91
      vertex 2.30499 5.11292 12.91
      vertex 2.38599 4.82573 12.91
    endloop
  endfacet
  facet normal 0 0 1
    outer loop
      vertex 3.23447 5.56198 12.91
      vertex 2.24678 5.40555 12.91
      vertex 2.30499 5.11292 12.91
    endloop
  endfacet
  facet normal 0 0 1
    outer loop
      vertex 3.20863 5.78032 12.91
      vertex 2.21172 5.70186 12.91
      vertex 2.24678 5.40555 12.91
    endloop
  endfacet
  facet normal 0.0392541 0.999229 -0
    outer loop
      vertex 6 3.2 1.8
      vertex 5.78032 3.20863 12.91
      vertex 6 3.2 12.91
    endloop
  endfacet
  facet normal 0.0392541 0.999229 0
    outer loop
      vertex 5.78032 3.20863 12.91
      vertex 6 3.2 1.8
      vertex 5.78032 3.20863 1.8
    endloop
  endfacet
  facet normal 0.117527 0.99307 -0
    outer loop
      vertex 5.78032 3.20863 1.8
      vertex 5.56198 3.23447 12.91
      vertex 5.78032 3.20863 12.91
    endloop
  endfacet
  facet normal 0.117527 0.99307 0
    outer loop
      vertex 5.56198 3.23447 12.91
      vertex 5.78032 3.20863 1.8
      vertex 5.56198 3.23447 1.8
    endloop
  endfacet
  facet normal 0.195093 0.980785 -0
    outer loop
      vertex 5.56198 3.23447 1.8
      vertex 5.34636 3.27736 12.91
      vertex 5.56198 3.23447 12.91
    endloop
  endfacet
  facet normal 0.195093 0.980785 0
    outer loop
      vertex 5.34636 3.27736 12.91
      vertex 5.56198 3.23447 1.8
      vertex 5.34636 3.27736 1.8
    endloop
  endfacet
  facet normal 0.27144 0.962455 -0
    outer loop
      vertex 5.34636 3.27736 1.8
      vertex 5.13475 3.33704 12.91
      vertex 5.34636 3.27736 12.91
    endloop
  endfacet
  facet normal 0.27144 0.962455 0
    outer loop
      vertex 5.13475 3.33704 12.91
      vertex 5.34636 3.27736 1.8
      vertex 5.13475 3.33704 1.8
    endloop
  endfacet
  facet normal 0.346089 0.938202 -0
    outer loop
      vertex 5.13475 3.33704 1.8
      vertex 4.92848 3.41313 12.91
      vertex 5.13475 3.33704 12.91
    endloop
  endfacet
  facet normal 0.346089 0.938202 0
    outer loop
      vertex 4.92848 3.41313 12.91
      vertex 5.13475 3.33704 1.8
      vertex 4.92848 3.41313 1.8
    endloop
  endfacet
  facet normal 0.418718 0.908116 -0
    outer loop
      vertex 4.92848 3.41313 1.8
      vertex 4.72882 3.50519 12.91
      vertex 4.92848 3.41313 12.91
    endloop
  endfacet
  facet normal 0.418718 0.908116 0
    outer loop
      vertex 4.72882 3.50519 12.91
      vertex 4.92848 3.41313 1.8
      vertex 4.72882 3.50519 1.8
    endloop
  endfacet
  facet normal 0.488606 0.872504 -0
    outer loop
      vertex 4.72882 3.50519 1.8
      vertex 4.537 3.61261 12.91
      vertex 4.72882 3.50519 12.91
    endloop
  endfacet
  facet normal 0.488606 0.872504 0
    outer loop
      vertex 4.537 3.61261 12.91
      vertex 4.72882 3.50519 1.8
      vertex 4.537 3.61261 1.8
    endloop
  endfacet
  facet normal 0.555592 0.831455 -0
    outer loop
      vertex 4.537 3.61261 1.8
      vertex 4.3542 3.73476 12.91
      vertex 4.537 3.61261 12.91
    endloop
  endfacet
  facet normal 0.555592 0.831455 0
    outer loop
      vertex 4.3542 3.73476 12.91
      vertex 4.537 3.61261 1.8
      vertex 4.3542 3.73476 1.8
    endloop
  endfacet
  facet normal 0.619076 0.785331 -0
    outer loop
      vertex 4.3542 3.73476 1.8
      vertex 4.18155 3.87086 12.91
      vertex 4.3542 3.73476 12.91
    endloop
  endfacet
  facet normal 0.619076 0.785331 0
    outer loop
      vertex 4.18155 3.87086 12.91
      vertex 4.3542 3.73476 1.8
      vertex 4.18155 3.87086 1.8
    endloop
  endfacet
  facet normal 0.678794 0.734329 -0
    outer loop
      vertex 4.18155 3.87086 1.8
      vertex 4.0201 4.0201 12.91
      vertex 4.18155 3.87086 12.91
    endloop
  endfacet
  facet normal 0.678794 0.734329 0
    outer loop
      vertex 4.0201 4.0201 12.91
      vertex 4.18155 3.87086 1.8
      vertex 4.0201 4.0201 1.8
    endloop
  endfacet
  facet normal 0.734329 0.678794 0
    outer loop
      vertex 4.0201 4.0201 12.91
      vertex 3.87086 4.18155 1.8
      vertex 3.87086 4.18155 12.91
    endloop
  endfacet
  facet normal 0.734329 0.678794 0
    outer loop
      vertex 3.87086 4.18155 1.8
      vertex 4.0201 4.0201 12.91
      vertex 4.0201 4.0201 1.8
    endloop
  endfacet
  facet normal 0.785331 0.619076 0
    outer loop
      vertex 3.87086 4.18155 12.91
      vertex 3.73476 4.3542 1.8
      vertex 3.73476 4.3542 12.91
    endloop
  endfacet
  facet normal 0.785331 0.619076 0
    outer loop
      vertex 3.73476 4.3542 1.8
      vertex 3.87086 4.18155 12.91
      vertex 3.87086 4.18155 1.8
    endloop
  endfacet
  facet normal 0.831454 0.555594 0
    outer loop
      vertex 3.61261 4.537 12.91
      vertex 3.68 4.43615 10
      vertex 3.61261 4.537 10
    endloop
  endfacet
  facet normal 0.831455 0.555592 1.00816e-07
    outer loop
      vertex 3.73476 4.3542 12.91
      vertex 3.68 4.43615 10
      vertex 3.61261 4.537 12.91
    endloop
  endfacet
  facet normal 0.831457 0.55559 -0
    outer loop
      vertex 3.73476 4.3542 1.8
      vertex 3.68 4.43615 10
      vertex 3.73476 4.3542 12.91
    endloop
  endfacet
  facet normal 0.831457 0.55559 0
    outer loop
      vertex 3.68 4.43615 10
      vertex 3.73476 4.3542 1.8
      vertex 3.68 4.43615 1.8
    endloop
  endfacet
  facet normal 0.872504 0.488606 0
    outer loop
      vertex 3.61261 4.537 12.91
      vertex 3.50519 4.72882 10
      vertex 3.50519 4.72882 12.91
    endloop
  endfacet
  facet normal 0.872504 0.488606 0
    outer loop
      vertex 3.50519 4.72882 10
      vertex 3.61261 4.537 12.91
      vertex 3.61261 4.537 10
    endloop
  endfacet
  facet normal 0.908116 0.418718 0
    outer loop
      vertex 3.50519 4.72882 12.91
      vertex 3.41313 4.92848 10
      vertex 3.41313 4.92848 12.91
    endloop
  endfacet
  facet normal 0.908116 0.418718 0
    outer loop
      vertex 3.41313 4.92848 10
      vertex 3.50519 4.72882 12.91
      vertex 3.50519 4.72882 10
    endloop
  endfacet
  facet normal 0.938202 0.346089 0
    outer loop
      vertex 3.41313 4.92848 12.91
      vertex 3.33704 5.13475 10
      vertex 3.33704 5.13475 12.91
    endloop
  endfacet
  facet normal 0.938202 0.346089 0
    outer loop
      vertex 3.33704 5.13475 10
      vertex 3.41313 4.92848 12.91
      vertex 3.41313 4.92848 10
    endloop
  endfacet
  facet normal 0.962455 0.27144 0
    outer loop
      vertex 3.33704 5.13475 12.91
      vertex 3.27736 5.34636 10
      vertex 3.27736 5.34636 12.91
    endloop
  endfacet
  facet normal 0.962455 0.27144 0
    outer loop
      vertex 3.27736 5.34636 10
      vertex 3.33704 5.13475 12.91
      vertex 3.33704 5.13475 10
    endloop
  endfacet
  facet normal 0.980785 0.195093 0
    outer loop
      vertex 3.27736 5.34636 12.91
      vertex 3.23447 5.56198 10
      vertex 3.23447 5.56198 12.91
    endloop
  endfacet
  facet normal 0.980785 0.195093 0
    outer loop
      vertex 3.23447 5.56198 10
      vertex 3.27736 5.34636 12.91
      vertex 3.27736 5.34636 10
    endloop
  endfacet
  facet normal 0.99307 0.117527 0
    outer loop
      vertex 3.23447 5.56198 12.91
      vertex 3.20863 5.78032 10
      vertex 3.20863 5.78032 12.91
    endloop
  endfacet
  facet normal 0.99307 0.117527 0
    outer loop
      vertex 3.20863 5.78032 10
      vertex 3.23447 5.56198 12.91
      vertex 3.23447 5.56198 10
    endloop
  endfacet
  facet normal 1 0 0
    outer loop
      vertex 3.2 6 12.91
      vertex 3.2 5.99993 10
      vertex 3.2 6 1.8
    endloop
  endfacet
  facet normal 0.999229 0.0392541 -9.44258e-07
    outer loop
      vertex 3.20863 5.78032 12.91
      vertex 3.2 5.99993 10
      vertex 3.2 6 12.91
    endloop
  endfacet
  facet normal 0.999229 0.0392666 0
    outer loop
      vertex 3.2 5.99993 10
      vertex 3.20863 5.78032 12.91
      vertex 3.20863 5.78032 10
    endloop
  endfacet
  facet normal 1 0 0
    outer loop
      vertex 3.2 6 1.8
      vertex 3.2 5.99993 10
      vertex 3.2 5.99993 1.8
    endloop
  endfacet
  facet normal 1 -0 0
    outer loop
      vertex 3.2 6 12.91
      vertex 3.2 154 1.8
      vertex 3.2 154 12.91
    endloop
  endfacet
  facet normal 1 0 0
    outer loop
      vertex 3.2 154 1.8
      vertex 3.2 6 12.91
      vertex 3.2 6 1.8
    endloop
  endfacet
  facet normal 0.999231 -0.0391971 0
    outer loop
      vertex 3.20863 154.22 12.91
      vertex 3.2 154 10
      vertex 3.20863 154.22 10
    endloop
  endfacet
  facet normal 0.999231 -0.0391971 0
    outer loop
      vertex 3.2 154 12.91
      vertex 3.2 154 10
      vertex 3.20863 154.22 12.91
    endloop
  endfacet
  facet normal 0 0 0
    outer loop
      vertex 3.2 154 1.8
      vertex 3.2 154 10
      vertex 3.2 154 12.91
    endloop
  endfacet
  facet normal 0.993048 -0.117708 0
    outer loop
      vertex 3.20863 154.22 12.91
      vertex 3.23447 154.438 10
      vertex 3.23447 154.438 12.91
    endloop
  endfacet
  facet normal 0.993048 -0.117708 0
    outer loop
      vertex 3.23447 154.438 10
      vertex 3.20863 154.22 12.91
      vertex 3.20863 154.22 10
    endloop
  endfacet
  facet normal 0.98085 -0.194762 0
    outer loop
      vertex 3.23447 154.438 12.91
      vertex 3.27736 154.654 10
      vertex 3.27736 154.654 12.91
    endloop
  endfacet
  facet normal 0.98085 -0.194762 0
    outer loop
      vertex 3.27736 154.654 10
      vertex 3.23447 154.438 12.91
      vertex 3.23447 154.438 10
    endloop
  endfacet
  facet normal 0.96225 -0.272166 0
    outer loop
      vertex 3.27736 154.654 12.91
      vertex 3.33704 154.865 10
      vertex 3.33704 154.865 12.91
    endloop
  endfacet
  facet normal 0.96225 -0.272166 0
    outer loop
      vertex 3.33704 154.865 10
      vertex 3.27736 154.654 12.91
      vertex 3.27736 154.654 10
    endloop
  endfacet
  facet normal 0.938598 -0.345014 0
    outer loop
      vertex 3.33704 154.865 12.91
      vertex 3.41313 155.072 10
      vertex 3.41313 155.072 12.91
    endloop
  endfacet
  facet normal 0.938598 -0.345014 0
    outer loop
      vertex 3.41313 155.072 10
      vertex 3.33704 154.865 12.91
      vertex 3.33704 154.865 10
    endloop
  endfacet
  facet normal 0.907588 -0.419862 0
    outer loop
      vertex 3.41313 155.072 12.91
      vertex 3.50519 155.271 10
      vertex 3.50519 155.271 12.91
    endloop
  endfacet
  facet normal 0.907588 -0.419862 0
    outer loop
      vertex 3.50519 155.271 10
      vertex 3.41313 155.072 12.91
      vertex 3.41313 155.072 10
    endloop
  endfacet
  facet normal 0.8727 -0.488257 0
    outer loop
      vertex 3.50519 155.271 12.91
      vertex 3.61261 155.463 10
      vertex 3.61261 155.463 12.91
    endloop
  endfacet
  facet normal 0.8727 -0.488257 0
    outer loop
      vertex 3.61261 155.463 10
      vertex 3.50519 155.271 12.91
      vertex 3.50519 155.271 10
    endloop
  endfacet
  facet normal 0.831613 -0.555355 0
    outer loop
      vertex 3.73476 155.646 12.91
      vertex 3.68 155.564 10
      vertex 3.73476 155.646 1.8
    endloop
  endfacet
  facet normal 0.831736 -0.555172 -7.46567e-06
    outer loop
      vertex 3.61261 155.463 12.91
      vertex 3.68 155.564 10
      vertex 3.73476 155.646 12.91
    endloop
  endfacet
  facet normal 0.831835 -0.555023 0
    outer loop
      vertex 3.68 155.564 10
      vertex 3.61261 155.463 12.91
      vertex 3.61261 155.463 10
    endloop
  endfacet
  facet normal 0.831613 -0.555355 0
    outer loop
      vertex 3.73476 155.646 1.8
      vertex 3.68 155.564 10
      vertex 3.68 155.564 1.8
    endloop
  endfacet
  facet normal 0.784194 -0.620516 0
    outer loop
      vertex 3.73476 155.646 12.91
      vertex 3.87086 155.818 1.8
      vertex 3.87086 155.818 12.91
    endloop
  endfacet
  facet normal 0.784194 -0.620516 0
    outer loop
      vertex 3.87086 155.818 1.8
      vertex 3.73476 155.646 12.91
      vertex 3.73476 155.646 1.8
    endloop
  endfacet
  facet normal 0.735478 -0.677548 0
    outer loop
      vertex 3.87086 155.818 12.91
      vertex 4.0201 155.98 1.8
      vertex 4.0201 155.98 12.91
    endloop
  endfacet
  facet normal 0.735478 -0.677548 0
    outer loop
      vertex 4.0201 155.98 1.8
      vertex 3.87086 155.818 12.91
      vertex 3.87086 155.818 1.8
    endloop
  endfacet
  facet normal 0.678204 -0.734873 0
    outer loop
      vertex 4.0201 155.98 1.8
      vertex 4.18155 156.129 12.91
      vertex 4.0201 155.98 12.91
    endloop
  endfacet
  facet normal 0.678204 -0.734873 0
    outer loop
      vertex 4.18155 156.129 12.91
      vertex 4.0201 155.98 1.8
      vertex 4.18155 156.129 1.8
    endloop
  endfacet
  facet normal 0.618796 -0.785552 0
    outer loop
      vertex 4.18155 156.129 1.8
      vertex 4.3542 156.265 12.91
      vertex 4.18155 156.129 12.91
    endloop
  endfacet
  facet normal 0.618796 -0.785552 0
    outer loop
      vertex 4.3542 156.265 12.91
      vertex 4.18155 156.129 1.8
      vertex 4.3542 156.265 1.8
    endloop
  endfacet
  facet normal 0.55512 -0.83177 0
    outer loop
      vertex 4.3542 156.265 1.8
      vertex 4.537 156.387 12.91
      vertex 4.3542 156.265 12.91
    endloop
  endfacet
  facet normal 0.55512 -0.83177 0
    outer loop
      vertex 4.537 156.387 12.91
      vertex 4.3542 156.265 1.8
      vertex 4.537 156.387 1.8
    endloop
  endfacet
  facet normal 0.490611 -0.871379 0
    outer loop
      vertex 4.537 156.387 1.8
      vertex 4.72882 156.495 12.91
      vertex 4.537 156.387 12.91
    endloop
  endfacet
  facet normal 0.490611 -0.871379 0
    outer loop
      vertex 4.72882 156.495 12.91
      vertex 4.537 156.387 1.8
      vertex 4.72882 156.495 1.8
    endloop
  endfacet
  facet normal 0.418493 -0.90822 0
    outer loop
      vertex 4.72882 156.495 1.8
      vertex 4.92848 156.587 12.91
      vertex 4.72882 156.495 12.91
    endloop
  endfacet
  facet normal 0.418493 -0.90822 0
    outer loop
      vertex 4.92848 156.587 12.91
      vertex 4.72882 156.495 1.8
      vertex 4.92848 156.587 1.8
    endloop
  endfacet
  facet normal 0.345729 -0.938335 0
    outer loop
      vertex 4.92848 156.587 1.8
      vertex 5.13475 156.663 12.91
      vertex 4.92848 156.587 12.91
    endloop
  endfacet
  facet normal 0.345729 -0.938335 0
    outer loop
      vertex 5.13475 156.663 12.91
      vertex 4.92848 156.587 1.8
      vertex 5.13475 156.663 1.8
    endloop
  endfacet
  facet normal 0.272787 -0.962074 0
    outer loop
      vertex 5.13475 156.663 1.8
      vertex 5.34636 156.723 12.91
      vertex 5.13475 156.663 12.91
    endloop
  endfacet
  facet normal 0.272787 -0.962074 0
    outer loop
      vertex 5.34636 156.723 12.91
      vertex 5.13475 156.663 1.8
      vertex 5.34636 156.723 1.8
    endloop
  endfacet
  facet normal 0.195574 -0.980689 0
    outer loop
      vertex 5.34636 156.723 1.8
      vertex 5.56198 156.766 12.91
      vertex 5.34636 156.723 12.91
    endloop
  endfacet
  facet normal 0.195574 -0.980689 0
    outer loop
      vertex 5.56198 156.766 12.91
      vertex 5.34636 156.723 1.8
      vertex 5.56198 156.766 1.8
    endloop
  endfacet
  facet normal 0.113757 -0.993509 0
    outer loop
      vertex 5.56198 156.766 1.8
      vertex 5.78032 156.791 12.91
      vertex 5.56198 156.766 12.91
    endloop
  endfacet
  facet normal 0.113757 -0.993509 0
    outer loop
      vertex 5.78032 156.791 12.91
      vertex 5.56198 156.766 1.8
      vertex 5.78032 156.791 1.8
    endloop
  endfacet
  facet normal 0.0409343 -0.999162 0
    outer loop
      vertex 5.78032 156.791 1.8
      vertex 6 156.8 12.91
      vertex 5.78032 156.791 12.91
    endloop
  endfacet
  facet normal 0.0409343 -0.999162 0
    outer loop
      vertex 6 156.8 12.91
      vertex 5.78032 156.791 1.8
      vertex 6 156.8 1.8
    endloop
  endfacet
  facet normal 0 -1 0
    outer loop
      vertex 6 156.8 1.8
      vertex 154 156.8 12.91
      vertex 6 156.8 12.91
    endloop
  endfacet
  facet normal 0 -1 -0
    outer loop
      vertex 154 156.8 12.91
      vertex 6 156.8 1.8
      vertex 154 156.8 1.8
    endloop
  endfacet
  facet normal -0.0408749 -0.999164 0
    outer loop
      vertex 154 156.8 1.8
      vertex 154.22 156.791 12.91
      vertex 154 156.8 12.91
    endloop
  endfacet
  facet normal -0.0408749 -0.999164 -0
    outer loop
      vertex 154.22 156.791 12.91
      vertex 154 156.8 1.8
      vertex 154.22 156.791 1.8
    endloop
  endfacet
  facet normal -0.113932 -0.993489 0
    outer loop
      vertex 154.22 156.791 1.8
      vertex 154.438 156.766 12.91
      vertex 154.22 156.791 12.91
    endloop
  endfacet
  facet normal -0.113932 -0.993489 -0
    outer loop
      vertex 154.438 156.766 12.91
      vertex 154.22 156.791 1.8
      vertex 154.438 156.766 1.8
    endloop
  endfacet
  facet normal -0.195243 -0.980755 0
    outer loop
      vertex 154.438 156.766 1.8
      vertex 154.654 156.723 12.91
      vertex 154.438 156.766 12.91
    endloop
  endfacet
  facet normal -0.195243 -0.980755 -0
    outer loop
      vertex 154.654 156.723 12.91
      vertex 154.438 156.766 1.8
      vertex 154.654 156.723 1.8
    endloop
  endfacet
  facet normal -0.273517 -0.961867 0
    outer loop
      vertex 154.654 156.723 1.8
      vertex 154.865 156.663 12.91
      vertex 154.654 156.723 12.91
    endloop
  endfacet
  facet normal -0.273517 -0.961867 -0
    outer loop
      vertex 154.865 156.663 12.91
      vertex 154.654 156.723 1.8
      vertex 154.865 156.663 1.8
    endloop
  endfacet
  facet normal -0.344654 -0.93873 0
    outer loop
      vertex 154.865 156.663 1.8
      vertex 155.072 156.587 12.91
      vertex 154.865 156.663 12.91
    endloop
  endfacet
  facet normal -0.344654 -0.93873 -0
    outer loop
      vertex 155.072 156.587 12.91
      vertex 154.865 156.663 1.8
      vertex 155.072 156.587 1.8
    endloop
  endfacet
  facet normal -0.419637 -0.907692 0
    outer loop
      vertex 155.072 156.587 1.8
      vertex 155.271 156.495 12.91
      vertex 155.072 156.587 12.91
    endloop
  endfacet
  facet normal -0.419637 -0.907692 -0
    outer loop
      vertex 155.271 156.495 12.91
      vertex 155.072 156.587 1.8
      vertex 155.271 156.495 1.8
    endloop
  endfacet
  facet normal -0.490261 -0.871576 0
    outer loop
      vertex 155.271 156.495 1.8
      vertex 155.463 156.387 12.91
      vertex 155.271 156.495 12.91
    endloop
  endfacet
  facet normal -0.490261 -0.871576 -0
    outer loop
      vertex 155.463 156.387 12.91
      vertex 155.271 156.495 1.8
      vertex 155.463 156.387 1.8
    endloop
  endfacet
  facet normal -0.5547 -0.83205 0
    outer loop
      vertex 155.463 156.387 1.8
      vertex 155.646 156.265 12.91
      vertex 155.463 156.387 12.91
    endloop
  endfacet
  facet normal -0.5547 -0.83205 -0
    outer loop
      vertex 155.646 156.265 12.91
      vertex 155.463 156.387 1.8
      vertex 155.646 156.265 1.8
    endloop
  endfacet
  facet normal -0.620236 -0.784416 0
    outer loop
      vertex 155.646 156.265 1.8
      vertex 155.818 156.129 12.91
      vertex 155.646 156.265 12.91
    endloop
  endfacet
  facet normal -0.620236 -0.784416 -0
    outer loop
      vertex 155.818 156.129 12.91
      vertex 155.646 156.265 1.8
      vertex 155.818 156.129 1.8
    endloop
  endfacet
  facet normal -0.676958 -0.736022 0
    outer loop
      vertex 155.818 156.129 1.8
      vertex 155.98 155.98 12.91
      vertex 155.818 156.129 12.91
    endloop
  endfacet
  facet normal -0.676958 -0.736022 -0
    outer loop
      vertex 155.98 155.98 12.91
      vertex 155.818 156.129 1.8
      vertex 155.98 155.98 1.8
    endloop
  endfacet
  facet normal -0.736022 -0.676958 0
    outer loop
      vertex 156.129 155.818 1.8
      vertex 155.98 155.98 12.91
      vertex 155.98 155.98 1.8
    endloop
  endfacet
  facet normal -0.736022 -0.676958 0
    outer loop
      vertex 155.98 155.98 12.91
      vertex 156.129 155.818 1.8
      vertex 156.129 155.818 12.91
    endloop
  endfacet
  facet normal -0.784416 -0.620236 0
    outer loop
      vertex 156.265 155.646 1.8
      vertex 156.129 155.818 12.91
      vertex 156.129 155.818 1.8
    endloop
  endfacet
  facet normal -0.784416 -0.620236 0
    outer loop
      vertex 156.129 155.818 12.91
      vertex 156.265 155.646 1.8
      vertex 156.265 155.646 12.91
    endloop
  endfacet
  facet normal -0.830489 -0.557035 -0
    outer loop
      vertex 156.32 155.564 10
      vertex 156.265 155.646 1.8
      vertex 156.32 155.564 1.8
    endloop
  endfacet
  facet normal -0.830489 -0.557035 0
    outer loop
      vertex 156.265 155.646 1.8
      vertex 156.32 155.564 10
      vertex 156.265 155.646 12.91
    endloop
  endfacet
  facet normal -0.833317 -0.552795 -0
    outer loop
      vertex 156.387 155.463 12.91
      vertex 156.32 155.564 10
      vertex 156.387 155.463 10
    endloop
  endfacet
  facet normal -0.83205 -0.5547 -9.53093e-05
    outer loop
      vertex 156.32 155.564 10
      vertex 156.387 155.463 12.91
      vertex 156.265 155.646 12.91
    endloop
  endfacet
  facet normal -0.871576 -0.490261 0
    outer loop
      vertex 156.495 155.271 10
      vertex 156.387 155.463 12.91
      vertex 156.387 155.463 10
    endloop
  endfacet
  facet normal -0.871576 -0.490261 0
    outer loop
      vertex 156.387 155.463 12.91
      vertex 156.495 155.271 10
      vertex 156.495 155.271 12.91
    endloop
  endfacet
  facet normal -0.907692 -0.419637 0
    outer loop
      vertex 156.587 155.072 10
      vertex 156.495 155.271 12.91
      vertex 156.495 155.271 10
    endloop
  endfacet
  facet normal -0.907692 -0.419637 0
    outer loop
      vertex 156.495 155.271 12.91
      vertex 156.587 155.072 10
      vertex 156.587 155.072 12.91
    endloop
  endfacet
  facet normal -0.93873 -0.344654 0
    outer loop
      vertex 156.663 154.865 10
      vertex 156.587 155.072 12.91
      vertex 156.587 155.072 10
    endloop
  endfacet
  facet normal -0.93873 -0.344654 0
    outer loop
      vertex 156.587 155.072 12.91
      vertex 156.663 154.865 10
      vertex 156.663 154.865 12.91
    endloop
  endfacet
  facet normal -0.961867 -0.273517 0
    outer loop
      vertex 156.723 154.654 10
      vertex 156.663 154.865 12.91
      vertex 156.663 154.865 10
    endloop
  endfacet
  facet normal -0.961867 -0.273517 0
    outer loop
      vertex 156.663 154.865 12.91
      vertex 156.723 154.654 10
      vertex 156.723 154.654 12.91
    endloop
  endfacet
  facet normal -0.980755 -0.195243 0
    outer loop
      vertex 156.766 154.438 10
      vertex 156.723 154.654 12.91
      vertex 156.723 154.654 10
    endloop
  endfacet
  facet normal -0.980755 -0.195243 0
    outer loop
      vertex 156.723 154.654 12.91
      vertex 156.766 154.438 10
      vertex 156.766 154.438 12.91
    endloop
  endfacet
  facet normal -0.993489 -0.113932 0
    outer loop
      vertex 156.791 154.22 10
      vertex 156.766 154.438 12.91
      vertex 156.766 154.438 10
    endloop
  endfacet
  facet normal -0.993489 -0.113932 0
    outer loop
      vertex 156.766 154.438 12.91
      vertex 156.791 154.22 10
      vertex 156.791 154.22 12.91
    endloop
  endfacet
  facet normal -0.999164 -0.0408749 0
    outer loop
      vertex 156.8 154 10
      vertex 156.791 154.22 12.91
      vertex 156.791 154.22 10
    endloop
  endfacet
  facet normal -0.999164 -0.0408749 0
    outer loop
      vertex 156.8 154 10
      vertex 156.8 154 12.91
      vertex 156.791 154.22 12.91
    endloop
  endfacet
  facet normal 0 0 0
    outer loop
      vertex 156.8 154 12.91
      vertex 156.8 154 10
      vertex 156.8 154 1.8
    endloop
  endfacet
  facet normal -1 0 0
    outer loop
      vertex 156.8 6 1.8
      vertex 156.8 154 12.91
      vertex 156.8 154 1.8
    endloop
  endfacet
  facet normal -1 -0 0
    outer loop
      vertex 156.8 154 12.91
      vertex 156.8 6 1.8
      vertex 156.8 6 12.91
    endloop
  endfacet
  facet normal -1 0 0
    outer loop
      vertex 156.8 5.9999 10
      vertex 156.8 6 1.8
      vertex 156.8 5.9999 1.8
    endloop
  endfacet
  facet normal -1 0 0
    outer loop
      vertex 156.8 6 1.8
      vertex 156.8 5.9999 10
      vertex 156.8 6 12.91
    endloop
  endfacet
  facet normal -0.999161 0.040953 -1.40732e-06
    outer loop
      vertex 156.791 5.78032 10
      vertex 156.8 6 12.91
      vertex 156.8 5.9999 10
    endloop
  endfacet
  facet normal -0.999162 0.0409343 0
    outer loop
      vertex 156.8 6 12.91
      vertex 156.791 5.78032 10
      vertex 156.791 5.78032 12.91
    endloop
  endfacet
  facet normal -0.993509 0.113757 0
    outer loop
      vertex 156.766 5.56198 10
      vertex 156.791 5.78032 12.91
      vertex 156.791 5.78032 10
    endloop
  endfacet
  facet normal -0.993509 0.113757 0
    outer loop
      vertex 156.791 5.78032 12.91
      vertex 156.766 5.56198 10
      vertex 156.766 5.56198 12.91
    endloop
  endfacet
  facet normal -0.980689 0.195574 0
    outer loop
      vertex 156.723 5.34636 10
      vertex 156.766 5.56198 12.91
      vertex 156.766 5.56198 10
    endloop
  endfacet
  facet normal -0.980689 0.195574 0
    outer loop
      vertex 156.766 5.56198 12.91
      vertex 156.723 5.34636 10
      vertex 156.723 5.34636 12.91
    endloop
  endfacet
  facet normal -0.962074 0.272787 0
    outer loop
      vertex 156.663 5.13475 10
      vertex 156.723 5.34636 12.91
      vertex 156.723 5.34636 10
    endloop
  endfacet
  facet normal -0.962074 0.272787 0
    outer loop
      vertex 156.723 5.34636 12.91
      vertex 156.663 5.13475 10
      vertex 156.663 5.13475 12.91
    endloop
  endfacet
  facet normal -0.938335 0.345729 0
    outer loop
      vertex 156.587 4.92848 10
      vertex 156.663 5.13475 12.91
      vertex 156.663 5.13475 10
    endloop
  endfacet
  facet normal -0.938335 0.345729 0
    outer loop
      vertex 156.663 5.13475 12.91
      vertex 156.587 4.92848 10
      vertex 156.587 4.92848 12.91
    endloop
  endfacet
  facet normal -0.90822 0.418493 0
    outer loop
      vertex 156.495 4.72882 10
      vertex 156.587 4.92848 12.91
      vertex 156.587 4.92848 10
    endloop
  endfacet
  facet normal -0.90822 0.418493 0
    outer loop
      vertex 156.587 4.92848 12.91
      vertex 156.495 4.72882 10
      vertex 156.495 4.72882 12.91
    endloop
  endfacet
  facet normal -0.871379 0.490611 0
    outer loop
      vertex 156.387 4.537 10
      vertex 156.495 4.72882 12.91
      vertex 156.495 4.72882 10
    endloop
  endfacet
  facet normal -0.871379 0.490611 0
    outer loop
      vertex 156.495 4.72882 12.91
      vertex 156.387 4.537 10
      vertex 156.387 4.537 12.91
    endloop
  endfacet
  facet normal -0.830332 0.55727 0
    outer loop
      vertex 156.32 4.43615 1.8
      vertex 156.265 4.3542 1.8
      vertex 156.32 4.43615 10
    endloop
  endfacet
  facet normal -0.832939 0.553365 0
    outer loop
      vertex 156.32 4.43615 10
      vertex 156.387 4.537 12.91
      vertex 156.387 4.537 10
    endloop
  endfacet
  facet normal -0.83177 0.55512 -8.77197e-05
    outer loop
      vertex 156.32 4.43615 10
      vertex 156.265 4.3542 12.91
      vertex 156.387 4.537 12.91
    endloop
  endfacet
  facet normal -0.830332 0.55727 0
    outer loop
      vertex 156.265 4.3542 12.91
      vertex 156.32 4.43615 10
      vertex 156.265 4.3542 1.8
    endloop
  endfacet
  facet normal -0.785552 0.618796 0
    outer loop
      vertex 156.129 4.18155 1.8
      vertex 156.265 4.3542 12.91
      vertex 156.265 4.3542 1.8
    endloop
  endfacet
  facet normal -0.785552 0.618796 0
    outer loop
      vertex 156.265 4.3542 12.91
      vertex 156.129 4.18155 1.8
      vertex 156.129 4.18155 12.91
    endloop
  endfacet
  facet normal -0.734873 0.678204 0
    outer loop
      vertex 155.98 4.0201 1.8
      vertex 156.129 4.18155 12.91
      vertex 156.129 4.18155 1.8
    endloop
  endfacet
  facet normal -0.734873 0.678204 0
    outer loop
      vertex 156.129 4.18155 12.91
      vertex 155.98 4.0201 1.8
      vertex 155.98 4.0201 12.91
    endloop
  endfacet
  facet normal -0.677548 0.735478 0
    outer loop
      vertex 155.98 4.0201 1.8
      vertex 155.818 3.87086 12.91
      vertex 155.98 4.0201 12.91
    endloop
  endfacet
  facet normal -0.677548 0.735478 0
    outer loop
      vertex 155.818 3.87086 12.91
      vertex 155.98 4.0201 1.8
      vertex 155.818 3.87086 1.8
    endloop
  endfacet
  facet normal -0.620516 0.784194 0
    outer loop
      vertex 155.818 3.87086 1.8
      vertex 155.646 3.73476 12.91
      vertex 155.818 3.87086 12.91
    endloop
  endfacet
  facet normal -0.620516 0.784194 0
    outer loop
      vertex 155.646 3.73476 12.91
      vertex 155.818 3.87086 1.8
      vertex 155.646 3.73476 1.8
    endloop
  endfacet
  facet normal -0.555172 0.831736 0
    outer loop
      vertex 155.646 3.73476 1.8
      vertex 155.463 3.61261 12.91
      vertex 155.646 3.73476 12.91
    endloop
  endfacet
  facet normal -0.555172 0.831736 0
    outer loop
      vertex 155.463 3.61261 12.91
      vertex 155.646 3.73476 1.8
      vertex 155.463 3.61261 1.8
    endloop
  endfacet
  facet normal -0.488257 0.8727 0
    outer loop
      vertex 155.463 3.61261 1.8
      vertex 155.271 3.50519 12.91
      vertex 155.463 3.61261 12.91
    endloop
  endfacet
  facet normal -0.488257 0.8727 0
    outer loop
      vertex 155.271 3.50519 12.91
      vertex 155.463 3.61261 1.8
      vertex 155.271 3.50519 1.8
    endloop
  endfacet
  facet normal -0.419862 0.907588 0
    outer loop
      vertex 155.271 3.50519 1.8
      vertex 155.072 3.41313 12.91
      vertex 155.271 3.50519 12.91
    endloop
  endfacet
  facet normal -0.419862 0.907588 0
    outer loop
      vertex 155.072 3.41313 12.91
      vertex 155.271 3.50519 1.8
      vertex 155.072 3.41313 1.8
    endloop
  endfacet
  facet normal -0.345014 0.938598 0
    outer loop
      vertex 155.072 3.41313 1.8
      vertex 154.865 3.33704 12.91
      vertex 155.072 3.41313 12.91
    endloop
  endfacet
  facet normal -0.345014 0.938598 0
    outer loop
      vertex 154.865 3.33704 12.91
      vertex 155.072 3.41313 1.8
      vertex 154.865 3.33704 1.8
    endloop
  endfacet
  facet normal -0.272166 0.96225 0
    outer loop
      vertex 154.865 3.33704 1.8
      vertex 154.654 3.27736 12.91
      vertex 154.865 3.33704 12.91
    endloop
  endfacet
  facet normal -0.272166 0.96225 0
    outer loop
      vertex 154.654 3.27736 12.91
      vertex 154.865 3.33704 1.8
      vertex 154.654 3.27736 1.8
    endloop
  endfacet
  facet normal -0.194762 0.98085 0
    outer loop
      vertex 154.654 3.27736 1.8
      vertex 154.438 3.23447 12.91
      vertex 154.654 3.27736 12.91
    endloop
  endfacet
  facet normal -0.194762 0.98085 0
    outer loop
      vertex 154.438 3.23447 12.91
      vertex 154.654 3.27736 1.8
      vertex 154.438 3.23447 1.8
    endloop
  endfacet
  facet normal -0.117708 0.993048 0
    outer loop
      vertex 154.438 3.23447 1.8
      vertex 154.22 3.20863 12.91
      vertex 154.438 3.23447 12.91
    endloop
  endfacet
  facet normal -0.117708 0.993048 0
    outer loop
      vertex 154.22 3.20863 12.91
      vertex 154.438 3.23447 1.8
      vertex 154.22 3.20863 1.8
    endloop
  endfacet
  facet normal -0.0391971 0.999231 0
    outer loop
      vertex 154.22 3.20863 1.8
      vertex 154 3.2 12.91
      vertex 154.22 3.20863 12.91
    endloop
  endfacet
  facet normal -0.0391971 0.999231 0
    outer loop
      vertex 154 3.2 12.91
      vertex 154.22 3.20863 1.8
      vertex 154 3.2 1.8
    endloop
  endfacet
  facet normal 0 1 -0
    outer loop
      vertex 154 3.2 1.8
      vertex 6 3.2 12.91
      vertex 154 3.2 12.91
    endloop
  endfacet
  facet normal 0 1 0
    outer loop
      vertex 6 3.2 12.91
      vertex 154 3.2 1.8
      vertex 6 3.2 1.8
    endloop
  endfacet
  facet normal 0 0 1
    outer loop
      vertex 157.8 154 14.1
      vertex 159 154 14.1
      vertex 158.985 154.392 14.1
    endloop
  endfacet
  facet normal 0 0 1
    outer loop
      vertex 159 154 14.1
      vertex 157.8 154 14.1
      vertex 159 6 14.1
    endloop
  endfacet
  facet normal 0 0 1
    outer loop
      vertex 157.788 154.298 14.1
      vertex 158.985 154.392 14.1
      vertex 158.938 154.782 14.1
    endloop
  endfacet
  facet normal 0 0 1
    outer loop
      vertex 157.8 6 14.1
      vertex 159 6 14.1
      vertex 157.8 154 14.1
    endloop
  endfacet
  facet normal 0 0 1
    outer loop
      vertex 157.753 154.594 14.1
      vertex 158.938 154.782 14.1
      vertex 158.862 155.167 14.1
    endloop
  endfacet
  facet normal 0 0 1
    outer loop
      vertex 159 6 14.1
      vertex 157.8 6 14.1
      vertex 158.985 5.60771 14.1
    endloop
  endfacet
  facet normal 0 0 1
    outer loop
      vertex 157.695 154.887 14.1
      vertex 158.862 155.167 14.1
      vertex 158.755 155.545 14.1
    endloop
  endfacet
  facet normal -0 0 1
    outer loop
      vertex 157.788 5.70186 14.1
      vertex 158.985 5.60771 14.1
      vertex 157.8 6 14.1
    endloop
  endfacet
  facet normal 0 0 1
    outer loop
      vertex 157.614 155.174 14.1
      vertex 158.755 155.545 14.1
      vertex 158.619 155.913 14.1
    endloop
  endfacet
  facet normal 0 0 1
    outer loop
      vertex 158.985 5.60771 14.1
      vertex 157.788 5.70186 14.1
      vertex 158.938 5.21783 14.1
    endloop
  endfacet
  facet normal 0 0 1
    outer loop
      vertex 157.511 155.454 14.1
      vertex 158.619 155.913 14.1
      vertex 158.455 156.27 14.1
    endloop
  endfacet
  facet normal -0 0 1
    outer loop
      vertex 157.753 5.40555 14.1
      vertex 158.938 5.21783 14.1
      vertex 157.788 5.70186 14.1
    endloop
  endfacet
  facet normal 0 0 1
    outer loop
      vertex 157.386 155.725 14.1
      vertex 158.455 156.27 14.1
      vertex 158.263 156.612 14.1
    endloop
  endfacet
  facet normal 0 0 1
    outer loop
      vertex 158.938 5.21783 14.1
      vertex 157.753 5.40555 14.1
      vertex 158.862 4.83278 14.1
    endloop
  endfacet
  facet normal 0 0 1
    outer loop
      vertex 157.24 155.985 14.1
      vertex 158.263 156.612 14.1
      vertex 158.045 156.939 14.1
    endloop
  endfacet
  facet normal -0 0 1
    outer loop
      vertex 157.695 5.11292 14.1
      vertex 158.862 4.83278 14.1
      vertex 157.753 5.40555 14.1
    endloop
  endfacet
  facet normal 0 0 1
    outer loop
      vertex 157.074 156.234 14.1
      vertex 158.045 156.939 14.1
      vertex 157.802 157.247 14.1
    endloop
  endfacet
  facet normal 0 0 1
    outer loop
      vertex 158.862 4.83278 14.1
      vertex 157.695 5.11292 14.1
      vertex 158.755 4.45491 14.1
    endloop
  endfacet
  facet normal -0 0 1
    outer loop
      vertex 157.614 4.82573 14.1
      vertex 158.755 4.45491 14.1
      vertex 157.695 5.11292 14.1
    endloop
  endfacet
  facet normal 0 0 1
    outer loop
      vertex 158.985 154.392 14.1
      vertex 157.788 154.298 14.1
      vertex 157.8 154 14.1
    endloop
  endfacet
  facet normal 0 0 1
    outer loop
      vertex 158.938 154.782 14.1
      vertex 157.753 154.594 14.1
      vertex 157.788 154.298 14.1
    endloop
  endfacet
  facet normal 0 0 1
    outer loop
      vertex 158.862 155.167 14.1
      vertex 157.695 154.887 14.1
      vertex 157.753 154.594 14.1
    endloop
  endfacet
  facet normal 0 0 1
    outer loop
      vertex 158.755 155.545 14.1
      vertex 157.614 155.174 14.1
      vertex 157.695 154.887 14.1
    endloop
  endfacet
  facet normal 0 0 1
    outer loop
      vertex 156.89 156.468 14.1
      vertex 157.802 157.247 14.1
      vertex 157.536 157.536 14.1
    endloop
  endfacet
  facet normal 0 0 1
    outer loop
      vertex 158.619 155.913 14.1
      vertex 157.511 155.454 14.1
      vertex 157.614 155.174 14.1
    endloop
  endfacet
  facet normal 0 0 1
    outer loop
      vertex 158.455 156.27 14.1
      vertex 157.386 155.725 14.1
      vertex 157.511 155.454 14.1
    endloop
  endfacet
  facet normal 0 0 1
    outer loop
      vertex 156.687 156.687 14.1
      vertex 157.536 157.536 14.1
      vertex 157.247 157.802 14.1
    endloop
  endfacet
  facet normal 0 0 1
    outer loop
      vertex 158.263 156.612 14.1
      vertex 157.24 155.985 14.1
      vertex 157.386 155.725 14.1
    endloop
  endfacet
  facet normal 0 0 1
    outer loop
      vertex 158.045 156.939 14.1
      vertex 157.074 156.234 14.1
      vertex 157.24 155.985 14.1
    endloop
  endfacet
  facet normal 0 0 1
    outer loop
      vertex 156.468 156.89 14.1
      vertex 157.247 157.802 14.1
      vertex 156.939 158.045 14.1
    endloop
  endfacet
  facet normal 0 0 1
    outer loop
      vertex 157.802 157.247 14.1
      vertex 156.89 156.468 14.1
      vertex 157.074 156.234 14.1
    endloop
  endfacet
  facet normal 0 0 1
    outer loop
      vertex 157.536 157.536 14.1
      vertex 156.687 156.687 14.1
      vertex 156.89 156.468 14.1
    endloop
  endfacet
  facet normal 0 0 1
    outer loop
      vertex 156.234 157.074 14.1
      vertex 156.939 158.045 14.1
      vertex 156.612 158.263 14.1
    endloop
  endfacet
  facet normal 0 0 1
    outer loop
      vertex 157.247 157.802 14.1
      vertex 156.468 156.89 14.1
      vertex 156.687 156.687 14.1
    endloop
  endfacet
  facet normal 0 0 1
    outer loop
      vertex 155.985 157.24 14.1
      vertex 156.612 158.263 14.1
      vertex 156.27 158.455 14.1
    endloop
  endfacet
  facet normal 0 0 1
    outer loop
      vertex 156.939 158.045 14.1
      vertex 156.234 157.074 14.1
      vertex 156.468 156.89 14.1
    endloop
  endfacet
  facet normal 0 0 1
    outer loop
      vertex 156.612 158.263 14.1
      vertex 155.985 157.24 14.1
      vertex 156.234 157.074 14.1
    endloop
  endfacet
  facet normal 0 0 1
    outer loop
      vertex 155.725 157.386 14.1
      vertex 156.27 158.455 14.1
      vertex 155.913 158.619 14.1
    endloop
  endfacet
  facet normal 0 0 1
    outer loop
      vertex 156.27 158.455 14.1
      vertex 155.725 157.386 14.1
      vertex 155.985 157.24 14.1
    endloop
  endfacet
  facet normal 0 0 1
    outer loop
      vertex 155.454 157.511 14.1
      vertex 155.913 158.619 14.1
      vertex 155.545 158.755 14.1
    endloop
  endfacet
  facet normal 0 0 1
    outer loop
      vertex 155.913 158.619 14.1
      vertex 155.454 157.511 14.1
      vertex 155.725 157.386 14.1
    endloop
  endfacet
  facet normal 0 0 1
    outer loop
      vertex 155.545 158.755 14.1
      vertex 155.174 157.614 14.1
      vertex 155.454 157.511 14.1
    endloop
  endfacet
  facet normal 0 0 1
    outer loop
      vertex 155.167 158.862 14.1
      vertex 155.174 157.614 14.1
      vertex 155.545 158.755 14.1
    endloop
  endfacet
  facet normal 0 0 1
    outer loop
      vertex 155.167 158.862 14.1
      vertex 154.887 157.695 14.1
      vertex 155.174 157.614 14.1
    endloop
  endfacet
  facet normal 0 0 1
    outer loop
      vertex 154.782 158.938 14.1
      vertex 154.887 157.695 14.1
      vertex 155.167 158.862 14.1
    endloop
  endfacet
  facet normal 0 0 1
    outer loop
      vertex 154.782 158.938 14.1
      vertex 154.594 157.753 14.1
      vertex 154.887 157.695 14.1
    endloop
  endfacet
  facet normal 0 0 1
    outer loop
      vertex 154.392 158.985 14.1
      vertex 154.594 157.753 14.1
      vertex 154.782 158.938 14.1
    endloop
  endfacet
  facet normal 0 0 1
    outer loop
      vertex 154.392 158.985 14.1
      vertex 154.298 157.788 14.1
      vertex 154.594 157.753 14.1
    endloop
  endfacet
  facet normal 0 0 1
    outer loop
      vertex 154 159 14.1
      vertex 154.298 157.788 14.1
      vertex 154.392 158.985 14.1
    endloop
  endfacet
  facet normal 0 0 1
    outer loop
      vertex 154 159 14.1
      vertex 154 157.8 14.1
      vertex 154.298 157.788 14.1
    endloop
  endfacet
  facet normal -0 0 1
    outer loop
      vertex 6 159 14.1
      vertex 154 157.8 14.1
      vertex 154 159 14.1
    endloop
  endfacet
  facet normal 0 0 1
    outer loop
      vertex 6 159 14.1
      vertex 6 157.8 14.1
      vertex 154 157.8 14.1
    endloop
  endfacet
  facet normal 0 0 1
    outer loop
      vertex 6 159 14.1
      vertex 5.70186 157.788 14.1
      vertex 6 157.8 14.1
    endloop
  endfacet
  facet normal -0 0 1
    outer loop
      vertex 5.60771 158.985 14.1
      vertex 5.70186 157.788 14.1
      vertex 6 159 14.1
    endloop
  endfacet
  facet normal 0 0 1
    outer loop
      vertex 5.60771 158.985 14.1
      vertex 5.40555 157.753 14.1
      vertex 5.70186 157.788 14.1
    endloop
  endfacet
  facet normal -0 0 1
    outer loop
      vertex 5.21783 158.938 14.1
      vertex 5.40555 157.753 14.1
      vertex 5.60771 158.985 14.1
    endloop
  endfacet
  facet normal 0 0 1
    outer loop
      vertex 5.21783 158.938 14.1
      vertex 5.11292 157.695 14.1
      vertex 5.40555 157.753 14.1
    endloop
  endfacet
  facet normal -0 0 1
    outer loop
      vertex 4.83278 158.862 14.1
      vertex 5.11292 157.695 14.1
      vertex 5.21783 158.938 14.1
    endloop
  endfacet
  facet normal 0 0 1
    outer loop
      vertex 4.83278 158.862 14.1
      vertex 4.82573 157.614 14.1
      vertex 5.11292 157.695 14.1
    endloop
  endfacet
  facet normal -0 0 1
    outer loop
      vertex 4.45491 158.755 14.1
      vertex 4.82573 157.614 14.1
      vertex 4.83278 158.862 14.1
    endloop
  endfacet
  facet normal 0 0 1
    outer loop
      vertex 4.82573 157.614 14.1
      vertex 4.45491 158.755 14.1
      vertex 4.54581 157.511 14.1
    endloop
  endfacet
  facet normal -0 0 1
    outer loop
      vertex 4.08658 158.619 14.1
      vertex 4.54581 157.511 14.1
      vertex 4.45491 158.755 14.1
    endloop
  endfacet
  facet normal 0 0 1
    outer loop
      vertex 4.54581 157.511 14.1
      vertex 4.08658 158.619 14.1
      vertex 4.27484 157.386 14.1
    endloop
  endfacet
  facet normal -0 0 1
    outer loop
      vertex 3.73004 158.455 14.1
      vertex 4.27484 157.386 14.1
      vertex 4.08658 158.619 14.1
    endloop
  endfacet
  facet normal 0 0 1
    outer loop
      vertex 4.27484 157.386 14.1
      vertex 3.73004 158.455 14.1
      vertex 4.01451 157.24 14.1
    endloop
  endfacet
  facet normal -0 0 1
    outer loop
      vertex 3.38751 158.263 14.1
      vertex 4.01451 157.24 14.1
      vertex 3.73004 158.455 14.1
    endloop
  endfacet
  facet normal 0 0 1
    outer loop
      vertex 4.01451 157.24 14.1
      vertex 3.38751 158.263 14.1
      vertex 3.76642 157.074 14.1
    endloop
  endfacet
  facet normal -0 0 1
    outer loop
      vertex 3.06108 158.045 14.1
      vertex 3.76642 157.074 14.1
      vertex 3.38751 158.263 14.1
    endloop
  endfacet
  facet normal 0 0 1
    outer loop
      vertex 3.76642 157.074 14.1
      vertex 3.06108 158.045 14.1
      vertex 3.5321 156.89 14.1
    endloop
  endfacet
  facet normal -0 0 1
    outer loop
      vertex 2.75276 157.802 14.1
      vertex 3.5321 156.89 14.1
      vertex 3.06108 158.045 14.1
    endloop
  endfacet
  facet normal 0 0 1
    outer loop
      vertex 3.5321 156.89 14.1
      vertex 2.75276 157.802 14.1
      vertex 3.31299 156.687 14.1
    endloop
  endfacet
  facet normal -0 0 1
    outer loop
      vertex 2.46446 157.536 14.1
      vertex 3.31299 156.687 14.1
      vertex 2.75276 157.802 14.1
    endloop
  endfacet
  facet normal 0 0 1
    outer loop
      vertex 3.31299 156.687 14.1
      vertex 2.46446 157.536 14.1
      vertex 3.11046 156.468 14.1
    endloop
  endfacet
  facet normal -0 0 1
    outer loop
      vertex 2.19797 157.247 14.1
      vertex 3.11046 156.468 14.1
      vertex 2.46446 157.536 14.1
    endloop
  endfacet
  facet normal 0 0 1
    outer loop
      vertex 3.11046 156.468 14.1
      vertex 2.19797 157.247 14.1
      vertex 2.92574 156.234 14.1
    endloop
  endfacet
  facet normal -0 0 1
    outer loop
      vertex 1.95491 156.939 14.1
      vertex 2.92574 156.234 14.1
      vertex 2.19797 157.247 14.1
    endloop
  endfacet
  facet normal 0 0 1
    outer loop
      vertex 2.92574 156.234 14.1
      vertex 1.95491 156.939 14.1
      vertex 2.75996 155.985 14.1
    endloop
  endfacet
  facet normal -0 0 1
    outer loop
      vertex 1.7368 156.612 14.1
      vertex 2.75996 155.985 14.1
      vertex 1.95491 156.939 14.1
    endloop
  endfacet
  facet normal 0 0 1
    outer loop
      vertex 2.75996 155.985 14.1
      vertex 1.7368 156.612 14.1
      vertex 2.61418 155.725 14.1
    endloop
  endfacet
  facet normal -0 0 1
    outer loop
      vertex 1.54497 156.27 14.1
      vertex 2.61418 155.725 14.1
      vertex 1.7368 156.612 14.1
    endloop
  endfacet
  facet normal 0 0 1
    outer loop
      vertex 2.61418 155.725 14.1
      vertex 1.54497 156.27 14.1
      vertex 2.48926 155.454 14.1
    endloop
  endfacet
  facet normal -0 0 1
    outer loop
      vertex 1.24472 155.545 14.1
      vertex 2.38599 155.174 14.1
      vertex 1.3806 155.913 14.1
    endloop
  endfacet
  facet normal 0 0 1
    outer loop
      vertex 2.48926 155.454 14.1
      vertex 1.3806 155.913 14.1
      vertex 2.38599 155.174 14.1
    endloop
  endfacet
  facet normal -0 0 1
    outer loop
      vertex 1.3806 155.913 14.1
      vertex 2.48926 155.454 14.1
      vertex 1.54497 156.27 14.1
    endloop
  endfacet
  facet normal 0 0 1
    outer loop
      vertex 158.755 4.45491 14.1
      vertex 157.614 4.82573 14.1
      vertex 158.619 4.08658 14.1
    endloop
  endfacet
  facet normal -0 0 1
    outer loop
      vertex 157.511 4.54581 14.1
      vertex 158.619 4.08658 14.1
      vertex 157.614 4.82573 14.1
    endloop
  endfacet
  facet normal 0 0 1
    outer loop
      vertex 158.619 4.08658 14.1
      vertex 157.511 4.54581 14.1
      vertex 158.455 3.73004 14.1
    endloop
  endfacet
  facet normal -0 0 1
    outer loop
      vertex 157.386 4.27484 14.1
      vertex 158.455 3.73004 14.1
      vertex 157.511 4.54581 14.1
    endloop
  endfacet
  facet normal 0 0 1
    outer loop
      vertex 158.455 3.73004 14.1
      vertex 157.386 4.27484 14.1
      vertex 158.263 3.38751 14.1
    endloop
  endfacet
  facet normal -0 0 1
    outer loop
      vertex 157.24 4.01451 14.1
      vertex 158.263 3.38751 14.1
      vertex 157.386 4.27484 14.1
    endloop
  endfacet
  facet normal 0 0 1
    outer loop
      vertex 158.263 3.38751 14.1
      vertex 157.24 4.01451 14.1
      vertex 158.045 3.06108 14.1
    endloop
  endfacet
  facet normal -0 0 1
    outer loop
      vertex 157.074 3.76642 14.1
      vertex 158.045 3.06108 14.1
      vertex 157.24 4.01451 14.1
    endloop
  endfacet
  facet normal 0 0 1
    outer loop
      vertex 158.045 3.06108 14.1
      vertex 157.074 3.76642 14.1
      vertex 157.802 2.75276 14.1
    endloop
  endfacet
  facet normal -0 0 1
    outer loop
      vertex 156.89 3.5321 14.1
      vertex 157.802 2.75276 14.1
      vertex 157.074 3.76642 14.1
    endloop
  endfacet
  facet normal 0 0 1
    outer loop
      vertex 157.802 2.75276 14.1
      vertex 156.89 3.5321 14.1
      vertex 157.536 2.46446 14.1
    endloop
  endfacet
  facet normal -0 0 1
    outer loop
      vertex 156.687 3.31299 14.1
      vertex 157.536 2.46446 14.1
      vertex 156.89 3.5321 14.1
    endloop
  endfacet
  facet normal 0 0 1
    outer loop
      vertex 157.536 2.46446 14.1
      vertex 156.687 3.31299 14.1
      vertex 157.247 2.19797 14.1
    endloop
  endfacet
  facet normal -0 0 1
    outer loop
      vertex 156.468 3.11046 14.1
      vertex 157.247 2.19797 14.1
      vertex 156.687 3.31299 14.1
    endloop
  endfacet
  facet normal 0 0 1
    outer loop
      vertex 157.247 2.19797 14.1
      vertex 156.468 3.11046 14.1
      vertex 156.939 1.95491 14.1
    endloop
  endfacet
  facet normal -0 0 1
    outer loop
      vertex 156.234 2.92574 14.1
      vertex 156.939 1.95491 14.1
      vertex 156.468 3.11046 14.1
    endloop
  endfacet
  facet normal 0 0 1
    outer loop
      vertex 156.939 1.95491 14.1
      vertex 156.234 2.92574 14.1
      vertex 156.612 1.7368 14.1
    endloop
  endfacet
  facet normal -0 0 1
    outer loop
      vertex 155.985 2.75996 14.1
      vertex 156.612 1.7368 14.1
      vertex 156.234 2.92574 14.1
    endloop
  endfacet
  facet normal 0 0 1
    outer loop
      vertex 156.612 1.7368 14.1
      vertex 155.985 2.75996 14.1
      vertex 156.27 1.54497 14.1
    endloop
  endfacet
  facet normal -0 0 1
    outer loop
      vertex 155.725 2.61418 14.1
      vertex 156.27 1.54497 14.1
      vertex 155.985 2.75996 14.1
    endloop
  endfacet
  facet normal 0 0 1
    outer loop
      vertex 156.27 1.54497 14.1
      vertex 155.725 2.61418 14.1
      vertex 155.913 1.3806 14.1
    endloop
  endfacet
  facet normal -0 0 1
    outer loop
      vertex 155.454 2.48926 14.1
      vertex 155.913 1.3806 14.1
      vertex 155.725 2.61418 14.1
    endloop
  endfacet
  facet normal 0 0 1
    outer loop
      vertex 155.913 1.3806 14.1
      vertex 155.454 2.48926 14.1
      vertex 155.545 1.24472 14.1
    endloop
  endfacet
  facet normal -0 0 1
    outer loop
      vertex 155.174 2.38599 14.1
      vertex 155.545 1.24472 14.1
      vertex 155.454 2.48926 14.1
    endloop
  endfacet
  facet normal 0 0 1
    outer loop
      vertex 155.174 2.38599 14.1
      vertex 155.167 1.13815 14.1
      vertex 155.545 1.24472 14.1
    endloop
  endfacet
  facet normal -0 0 1
    outer loop
      vertex 154.887 2.30499 14.1
      vertex 155.167 1.13815 14.1
      vertex 155.174 2.38599 14.1
    endloop
  endfacet
  facet normal 0 0 1
    outer loop
      vertex 154.887 2.30499 14.1
      vertex 154.782 1.06155 14.1
      vertex 155.167 1.13815 14.1
    endloop
  endfacet
  facet normal -0 0 1
    outer loop
      vertex 154.594 2.24678 14.1
      vertex 154.782 1.06155 14.1
      vertex 154.887 2.30499 14.1
    endloop
  endfacet
  facet normal 0 0 1
    outer loop
      vertex 154.594 2.24678 14.1
      vertex 154.392 1.01541 14.1
      vertex 154.782 1.06155 14.1
    endloop
  endfacet
  facet normal -0 0 1
    outer loop
      vertex 154.298 2.21172 14.1
      vertex 154.392 1.01541 14.1
      vertex 154.594 2.24678 14.1
    endloop
  endfacet
  facet normal -0 0 1
    outer loop
      vertex 154 2.2 14.1
      vertex 154.392 1.01541 14.1
      vertex 154.298 2.21172 14.1
    endloop
  endfacet
  facet normal 0 0 1
    outer loop
      vertex 154 2.2 14.1
      vertex 154 1 14.1
      vertex 154.392 1.01541 14.1
    endloop
  endfacet
  facet normal -0 0 1
    outer loop
      vertex 6 2.2 14.1
      vertex 154 1 14.1
      vertex 154 2.2 14.1
    endloop
  endfacet
  facet normal 0 0 1
    outer loop
      vertex 6 2.2 14.1
      vertex 6 1 14.1
      vertex 154 1 14.1
    endloop
  endfacet
  facet normal 0 0 1
    outer loop
      vertex 5.70186 2.21172 14.1
      vertex 6 1 14.1
      vertex 6 2.2 14.1
    endloop
  endfacet
  facet normal 0 0 1
    outer loop
      vertex 5.70186 2.21172 14.1
      vertex 5.60771 1.01541 14.1
      vertex 6 1 14.1
    endloop
  endfacet
  facet normal 0 0 1
    outer loop
      vertex 5.40555 2.24678 14.1
      vertex 5.60771 1.01541 14.1
      vertex 5.70186 2.21172 14.1
    endloop
  endfacet
  facet normal 0 0 1
    outer loop
      vertex 5.40555 2.24678 14.1
      vertex 5.21783 1.06155 14.1
      vertex 5.60771 1.01541 14.1
    endloop
  endfacet
  facet normal 0 0 1
    outer loop
      vertex 5.11292 2.30499 14.1
      vertex 5.21783 1.06155 14.1
      vertex 5.40555 2.24678 14.1
    endloop
  endfacet
  facet normal 0 0 1
    outer loop
      vertex 5.11292 2.30499 14.1
      vertex 4.83278 1.13815 14.1
      vertex 5.21783 1.06155 14.1
    endloop
  endfacet
  facet normal 0 0 1
    outer loop
      vertex 4.82573 2.38599 14.1
      vertex 4.83278 1.13815 14.1
      vertex 5.11292 2.30499 14.1
    endloop
  endfacet
  facet normal 0 0 1
    outer loop
      vertex 4.45491 1.24472 14.1
      vertex 4.82573 2.38599 14.1
      vertex 4.54581 2.48926 14.1
    endloop
  endfacet
  facet normal 0 0 1
    outer loop
      vertex 4.82573 2.38599 14.1
      vertex 4.45491 1.24472 14.1
      vertex 4.83278 1.13815 14.1
    endloop
  endfacet
  facet normal 0 0 1
    outer loop
      vertex 4.08658 1.3806 14.1
      vertex 4.54581 2.48926 14.1
      vertex 4.27484 2.61418 14.1
    endloop
  endfacet
  facet normal 0 0 1
    outer loop
      vertex 4.54581 2.48926 14.1
      vertex 4.08658 1.3806 14.1
      vertex 4.45491 1.24472 14.1
    endloop
  endfacet
  facet normal 0 0 1
    outer loop
      vertex 3.73004 1.54497 14.1
      vertex 4.27484 2.61418 14.1
      vertex 4.01451 2.75996 14.1
    endloop
  endfacet
  facet normal 0 0 1
    outer loop
      vertex 3.38751 1.7368 14.1
      vertex 4.01451 2.75996 14.1
      vertex 3.76642 2.92574 14.1
    endloop
  endfacet
  facet normal 0 0 1
    outer loop
      vertex 4.27484 2.61418 14.1
      vertex 3.73004 1.54497 14.1
      vertex 4.08658 1.3806 14.1
    endloop
  endfacet
  facet normal 0 0 1
    outer loop
      vertex 3.06108 1.95491 14.1
      vertex 3.76642 2.92574 14.1
      vertex 3.5321 3.11046 14.1
    endloop
  endfacet
  facet normal 0 0 1
    outer loop
      vertex 4.01451 2.75996 14.1
      vertex 3.38751 1.7368 14.1
      vertex 3.73004 1.54497 14.1
    endloop
  endfacet
  facet normal 0 0 1
    outer loop
      vertex 2.75276 2.19797 14.1
      vertex 3.5321 3.11046 14.1
      vertex 3.31299 3.31299 14.1
    endloop
  endfacet
  facet normal 0 0 1
    outer loop
      vertex 2.46446 2.46446 14.1
      vertex 3.31299 3.31299 14.1
      vertex 3.11046 3.5321 14.1
    endloop
  endfacet
  facet normal 0 0 1
    outer loop
      vertex 3.76642 2.92574 14.1
      vertex 3.06108 1.95491 14.1
      vertex 3.38751 1.7368 14.1
    endloop
  endfacet
  facet normal 0 0 1
    outer loop
      vertex 2.19797 2.75276 14.1
      vertex 3.11046 3.5321 14.1
      vertex 2.92574 3.76642 14.1
    endloop
  endfacet
  facet normal 0 0 1
    outer loop
      vertex 1.95491 3.06108 14.1
      vertex 2.92574 3.76642 14.1
      vertex 2.75996 4.01451 14.1
    endloop
  endfacet
  facet normal 0 0 1
    outer loop
      vertex 3.5321 3.11046 14.1
      vertex 2.75276 2.19797 14.1
      vertex 3.06108 1.95491 14.1
    endloop
  endfacet
  facet normal 0 0 1
    outer loop
      vertex 1.7368 3.38751 14.1
      vertex 2.75996 4.01451 14.1
      vertex 2.61418 4.27484 14.1
    endloop
  endfacet
  facet normal 0 0 1
    outer loop
      vertex 1.54497 3.73004 14.1
      vertex 2.61418 4.27484 14.1
      vertex 2.48926 4.54581 14.1
    endloop
  endfacet
  facet normal 0 0 1
    outer loop
      vertex 3.31299 3.31299 14.1
      vertex 2.46446 2.46446 14.1
      vertex 2.75276 2.19797 14.1
    endloop
  endfacet
  facet normal 0 0 1
    outer loop
      vertex 1.3806 4.08658 14.1
      vertex 2.48926 4.54581 14.1
      vertex 2.38599 4.82573 14.1
    endloop
  endfacet
  facet normal 0 0 1
    outer loop
      vertex 1.24472 4.45491 14.1
      vertex 2.38599 4.82573 14.1
      vertex 2.30499 5.11292 14.1
    endloop
  endfacet
  facet normal 0 0 1
    outer loop
      vertex 1.13815 4.83278 14.1
      vertex 2.30499 5.11292 14.1
      vertex 2.24678 5.40555 14.1
    endloop
  endfacet
  facet normal 0 0 1
    outer loop
      vertex 1.06155 5.21783 14.1
      vertex 2.24678 5.40555 14.1
      vertex 2.21172 5.70186 14.1
    endloop
  endfacet
  facet normal 0 0 1
    outer loop
      vertex 3.11046 3.5321 14.1
      vertex 2.19797 2.75276 14.1
      vertex 2.46446 2.46446 14.1
    endloop
  endfacet
  facet normal 0 0 1
    outer loop
      vertex 1.01541 5.60771 14.1
      vertex 2.21172 5.70186 14.1
      vertex 2.2 6 14.1
    endloop
  endfacet
  facet normal 0 0 1
    outer loop
      vertex 2.2 154 14.1
      vertex 1 154 14.1
      vertex 2.2 6 14.1
    endloop
  endfacet
  facet normal 0 0 1
    outer loop
      vertex 2.38599 155.174 14.1
      vertex 1.24472 155.545 14.1
      vertex 2.30499 154.887 14.1
    endloop
  endfacet
  facet normal 0 0 1
    outer loop
      vertex 1 6 14.1
      vertex 2.2 6 14.1
      vertex 1 154 14.1
    endloop
  endfacet
  facet normal -0 0 1
    outer loop
      vertex 1.13815 155.167 14.1
      vertex 2.30499 154.887 14.1
      vertex 1.24472 155.545 14.1
    endloop
  endfacet
  facet normal 0 -0 1
    outer loop
      vertex 1.01541 5.60771 14.1
      vertex 2.2 6 14.1
      vertex 1 6 14.1
    endloop
  endfacet
  facet normal 0 0 1
    outer loop
      vertex 2.30499 154.887 14.1
      vertex 1.13815 155.167 14.1
      vertex 2.24678 154.594 14.1
    endloop
  endfacet
  facet normal 0 0 1
    outer loop
      vertex 2.92574 3.76642 14.1
      vertex 1.95491 3.06108 14.1
      vertex 2.19797 2.75276 14.1
    endloop
  endfacet
  facet normal -0 0 1
    outer loop
      vertex 1.06155 154.782 14.1
      vertex 2.24678 154.594 14.1
      vertex 1.13815 155.167 14.1
    endloop
  endfacet
  facet normal 0 0 1
    outer loop
      vertex 2.75996 4.01451 14.1
      vertex 1.7368 3.38751 14.1
      vertex 1.95491 3.06108 14.1
    endloop
  endfacet
  facet normal 0 0 1
    outer loop
      vertex 2.24678 154.594 14.1
      vertex 1.06155 154.782 14.1
      vertex 2.21172 154.298 14.1
    endloop
  endfacet
  facet normal 0 0 1
    outer loop
      vertex 2.61418 4.27484 14.1
      vertex 1.54497 3.73004 14.1
      vertex 1.7368 3.38751 14.1
    endloop
  endfacet
  facet normal -0 0 1
    outer loop
      vertex 1.01541 154.392 14.1
      vertex 2.21172 154.298 14.1
      vertex 1.06155 154.782 14.1
    endloop
  endfacet
  facet normal 0 0 1
    outer loop
      vertex 2.48926 4.54581 14.1
      vertex 1.3806 4.08658 14.1
      vertex 1.54497 3.73004 14.1
    endloop
  endfacet
  facet normal 0 0 1
    outer loop
      vertex 2.21172 154.298 14.1
      vertex 1.01541 154.392 14.1
      vertex 2.2 154 14.1
    endloop
  endfacet
  facet normal 0 0 1
    outer loop
      vertex 2.38599 4.82573 14.1
      vertex 1.24472 4.45491 14.1
      vertex 1.3806 4.08658 14.1
    endloop
  endfacet
  facet normal 0 0 1
    outer loop
      vertex 2.2 154 14.1
      vertex 1.01541 154.392 14.1
      vertex 1 154 14.1
    endloop
  endfacet
  facet normal 0 0 1
    outer loop
      vertex 2.30499 5.11292 14.1
      vertex 1.13815 4.83278 14.1
      vertex 1.24472 4.45491 14.1
    endloop
  endfacet
  facet normal 0 0 1
    outer loop
      vertex 2.24678 5.40555 14.1
      vertex 1.06155 5.21783 14.1
      vertex 1.13815 4.83278 14.1
    endloop
  endfacet
  facet normal 0 0 1
    outer loop
      vertex 2.21172 5.70186 14.1
      vertex 1.01541 5.60771 14.1
      vertex 1.06155 5.21783 14.1
    endloop
  endfacet
  facet normal 0.117488 -0.993074 0
    outer loop
      vertex 154.392 1.01541 12.91
      vertex 154.782 1.06155 14.1
      vertex 154.392 1.01541 14.1
    endloop
  endfacet
  facet normal 0.117488 -0.993074 0
    outer loop
      vertex 154.782 1.06155 14.1
      vertex 154.392 1.01541 12.91
      vertex 154.782 1.06155 12.91
    endloop
  endfacet
  facet normal 0.195136 -0.980776 0
    outer loop
      vertex 154.782 1.06155 12.91
      vertex 155.167 1.13815 14.1
      vertex 154.782 1.06155 14.1
    endloop
  endfacet
  facet normal 0.195136 -0.980776 0
    outer loop
      vertex 155.167 1.13815 14.1
      vertex 154.782 1.06155 12.91
      vertex 155.167 1.13815 12.91
    endloop
  endfacet
  facet normal 0.271353 -0.96248 0
    outer loop
      vertex 155.167 1.13815 12.91
      vertex 155.545 1.24472 14.1
      vertex 155.167 1.13815 14.1
    endloop
  endfacet
  facet normal 0.271353 -0.96248 0
    outer loop
      vertex 155.545 1.24472 14.1
      vertex 155.167 1.13815 12.91
      vertex 155.545 1.24472 12.91
    endloop
  endfacet
  facet normal 0.346381 -0.938094 0
    outer loop
      vertex 155.545 1.24472 12.91
      vertex 155.913 1.3806 14.1
      vertex 155.545 1.24472 14.1
    endloop
  endfacet
  facet normal 0.346381 -0.938094 0
    outer loop
      vertex 155.913 1.3806 14.1
      vertex 155.545 1.24472 12.91
      vertex 155.913 1.3806 12.91
    endloop
  endfacet
  facet normal 0.418221 -0.908345 0
    outer loop
      vertex 155.913 1.3806 12.91
      vertex 156.27 1.54497 14.1
      vertex 155.913 1.3806 14.1
    endloop
  endfacet
  facet normal 0.418221 -0.908345 0
    outer loop
      vertex 156.27 1.54497 14.1
      vertex 155.913 1.3806 12.91
      vertex 156.27 1.54497 12.91
    endloop
  endfacet
  facet normal 0.489205 -0.872169 0
    outer loop
      vertex 156.27 1.54497 12.91
      vertex 156.612 1.7368 14.1
      vertex 156.27 1.54497 14.1
    endloop
  endfacet
  facet normal 0.489205 -0.872169 0
    outer loop
      vertex 156.612 1.7368 14.1
      vertex 156.27 1.54497 12.91
      vertex 156.612 1.7368 12.91
    endloop
  endfacet
  facet normal 0.554894 -0.831921 0
    outer loop
      vertex 156.612 1.7368 12.91
      vertex 156.939 1.95491 14.1
      vertex 156.612 1.7368 14.1
    endloop
  endfacet
  facet normal 0.554894 -0.831921 0
    outer loop
      vertex 156.939 1.95491 14.1
      vertex 156.612 1.7368 12.91
      vertex 156.939 1.95491 12.91
    endloop
  endfacet
  facet normal 0.619491 -0.785004 0
    outer loop
      vertex 156.939 1.95491 12.91
      vertex 157.247 2.19797 14.1
      vertex 156.939 1.95491 14.1
    endloop
  endfacet
  facet normal 0.619491 -0.785004 0
    outer loop
      vertex 157.247 2.19797 14.1
      vertex 156.939 1.95491 12.91
      vertex 157.247 2.19797 12.91
    endloop
  endfacet
  facet normal 0.677896 -0.735157 0
    outer loop
      vertex 157.247 2.19797 12.91
      vertex 157.536 2.46446 14.1
      vertex 157.247 2.19797 14.1
    endloop
  endfacet
  facet normal 0.677896 -0.735157 0
    outer loop
      vertex 157.536 2.46446 14.1
      vertex 157.247 2.19797 12.91
      vertex 157.536 2.46446 12.91
    endloop
  endfacet
  facet normal 0.73496 -0.678111 0
    outer loop
      vertex 157.536 2.46446 14.1
      vertex 157.802 2.75276 12.91
      vertex 157.802 2.75276 14.1
    endloop
  endfacet
  facet normal 0.73496 -0.678111 0
    outer loop
      vertex 157.802 2.75276 12.91
      vertex 157.536 2.46446 14.1
      vertex 157.536 2.46446 12.91
    endloop
  endfacet
  facet normal 0.785391 -0.619 0
    outer loop
      vertex 157.802 2.75276 14.1
      vertex 158.045 3.06108 12.91
      vertex 158.045 3.06108 14.1
    endloop
  endfacet
  facet normal 0.785391 -0.619 0
    outer loop
      vertex 158.045 3.06108 12.91
      vertex 157.802 2.75276 14.1
      vertex 157.802 2.75276 12.91
    endloop
  endfacet
  facet normal 0.831603 -0.55537 0
    outer loop
      vertex 158.045 3.06108 14.1
      vertex 158.263 3.38751 12.91
      vertex 158.263 3.38751 14.1
    endloop
  endfacet
  facet normal 0.831603 -0.55537 0
    outer loop
      vertex 158.263 3.38751 12.91
      vertex 158.045 3.06108 14.1
      vertex 158.045 3.06108 12.91
    endloop
  endfacet
  facet normal 0.872307 -0.488958 0
    outer loop
      vertex 158.263 3.38751 14.1
      vertex 158.455 3.73004 12.91
      vertex 158.455 3.73004 14.1
    endloop
  endfacet
  facet normal 0.872307 -0.488958 0
    outer loop
      vertex 158.455 3.73004 12.91
      vertex 158.263 3.38751 14.1
      vertex 158.263 3.38751 12.91
    endloop
  endfacet
  facet normal 0.908499 -0.417888 0
    outer loop
      vertex 158.455 3.73004 14.1
      vertex 158.619 4.08658 12.91
      vertex 158.619 4.08658 14.1
    endloop
  endfacet
  facet normal 0.908499 -0.417888 0
    outer loop
      vertex 158.619 4.08658 12.91
      vertex 158.455 3.73004 14.1
      vertex 158.455 3.73004 12.91
    endloop
  endfacet
  facet normal 0.938095 -0.346377 0
    outer loop
      vertex 158.619 4.08658 14.1
      vertex 158.755 4.45491 12.91
      vertex 158.755 4.45491 14.1
    endloop
  endfacet
  facet normal 0.938095 -0.346377 0
    outer loop
      vertex 158.755 4.45491 12.91
      vertex 158.619 4.08658 14.1
      vertex 158.619 4.08658 12.91
    endloop
  endfacet
  facet normal 0.962169 -0.272454 0
    outer loop
      vertex 158.755 4.45491 14.1
      vertex 158.862 4.83278 12.91
      vertex 158.862 4.83278 14.1
    endloop
  endfacet
  facet normal 0.962169 -0.272454 0
    outer loop
      vertex 158.862 4.83278 12.91
      vertex 158.755 4.45491 14.1
      vertex 158.755 4.45491 12.91
    endloop
  endfacet
  facet normal 0.981072 -0.193641 0
    outer loop
      vertex 158.862 4.83278 14.1
      vertex 158.938 5.21783 12.91
      vertex 158.938 5.21783 14.1
    endloop
  endfacet
  facet normal 0.981072 -0.193641 0
    outer loop
      vertex 158.938 5.21783 12.91
      vertex 158.862 4.83278 14.1
      vertex 158.862 4.83278 12.91
    endloop
  endfacet
  facet normal 0.992812 -0.119683 0
    outer loop
      vertex 158.938 5.21783 14.1
      vertex 158.985 5.60771 12.91
      vertex 158.985 5.60771 14.1
    endloop
  endfacet
  facet normal 0.992812 -0.119683 0
    outer loop
      vertex 158.985 5.60771 12.91
      vertex 158.938 5.21783 14.1
      vertex 158.938 5.21783 12.91
    endloop
  endfacet
  facet normal 0.99927 -0.0382091 0
    outer loop
      vertex 158.985 5.60771 14.1
      vertex 159 6 12.91
      vertex 159 6 14.1
    endloop
  endfacet
  facet normal 0.99927 -0.0382091 0
    outer loop
      vertex 159 6 12.91
      vertex 158.985 5.60771 14.1
      vertex 158.985 5.60771 12.91
    endloop
  endfacet
  facet normal 1 -0 0
    outer loop
      vertex 159 6 14.1
      vertex 159 154 12.91
      vertex 159 154 14.1
    endloop
  endfacet
  facet normal 1 0 0
    outer loop
      vertex 159 154 12.91
      vertex 159 6 14.1
      vertex 159 6 12.91
    endloop
  endfacet
  facet normal 0.999269 0.0382373 0
    outer loop
      vertex 159 154 14.1
      vertex 158.985 154.392 12.91
      vertex 158.985 154.392 14.1
    endloop
  endfacet
  facet normal 0.999269 0.0382373 0
    outer loop
      vertex 158.985 154.392 12.91
      vertex 159 154 14.1
      vertex 159 154 12.91
    endloop
  endfacet
  facet normal 0.992816 0.119647 0
    outer loop
      vertex 158.985 154.392 14.1
      vertex 158.938 154.782 12.91
      vertex 158.938 154.782 14.1
    endloop
  endfacet
  facet normal 0.992816 0.119647 0
    outer loop
      vertex 158.938 154.782 12.91
      vertex 158.985 154.392 14.1
      vertex 158.985 154.392 12.91
    endloop
  endfacet
  facet normal 0.981068 0.193665 0
    outer loop
      vertex 158.938 154.782 14.1
      vertex 158.862 155.167 12.91
      vertex 158.862 155.167 14.1
    endloop
  endfacet
  facet normal 0.981068 0.193665 0
    outer loop
      vertex 158.862 155.167 12.91
      vertex 158.938 154.782 14.1
      vertex 158.938 154.782 12.91
    endloop
  endfacet
  facet normal 0.962193 0.272367 0
    outer loop
      vertex 158.862 155.167 14.1
      vertex 158.755 155.545 12.91
      vertex 158.755 155.545 14.1
    endloop
  endfacet
  facet normal 0.962193 0.272367 0
    outer loop
      vertex 158.755 155.545 12.91
      vertex 158.862 155.167 14.1
      vertex 158.862 155.167 12.91
    endloop
  endfacet
  facet normal 0.937994 0.34665 0
    outer loop
      vertex 158.755 155.545 14.1
      vertex 158.619 155.913 12.91
      vertex 158.619 155.913 14.1
    endloop
  endfacet
  facet normal 0.937994 0.34665 0
    outer loop
      vertex 158.619 155.913 12.91
      vertex 158.755 155.545 14.1
      vertex 158.755 155.545 12.91
    endloop
  endfacet
  facet normal 0.908703 0.417443 0
    outer loop
      vertex 158.619 155.913 14.1
      vertex 158.455 156.27 12.91
      vertex 158.455 156.27 14.1
    endloop
  endfacet
  facet normal 0.908703 0.417443 0
    outer loop
      vertex 158.455 156.27 12.91
      vertex 158.619 155.913 14.1
      vertex 158.619 155.913 12.91
    endloop
  endfacet
  facet normal 0.871984 0.489535 0
    outer loop
      vertex 158.455 156.27 14.1
      vertex 158.263 156.612 12.91
      vertex 158.263 156.612 14.1
    endloop
  endfacet
  facet normal 0.871984 0.489535 0
    outer loop
      vertex 158.263 156.612 12.91
      vertex 158.455 156.27 14.1
      vertex 158.455 156.27 12.91
    endloop
  endfacet
  facet normal 0.83205 0.5547 0
    outer loop
      vertex 158.263 156.612 14.1
      vertex 158.045 156.939 12.91
      vertex 158.045 156.939 14.1
    endloop
  endfacet
  facet normal 0.83205 0.5547 0
    outer loop
      vertex 158.045 156.939 12.91
      vertex 158.263 156.612 14.1
      vertex 158.263 156.612 12.91
    endloop
  endfacet
  facet normal 0.785078 0.619396 0
    outer loop
      vertex 158.045 156.939 14.1
      vertex 157.802 157.247 12.91
      vertex 157.802 157.247 14.1
    endloop
  endfacet
  facet normal 0.785078 0.619396 0
    outer loop
      vertex 157.802 157.247 12.91
      vertex 158.045 156.939 14.1
      vertex 158.045 156.939 12.91
    endloop
  endfacet
  facet normal 0.735779 0.677222 0
    outer loop
      vertex 157.802 157.247 14.1
      vertex 157.536 157.536 12.91
      vertex 157.536 157.536 14.1
    endloop
  endfacet
  facet normal 0.735779 0.677222 0
    outer loop
      vertex 157.536 157.536 12.91
      vertex 157.802 157.247 14.1
      vertex 157.802 157.247 12.91
    endloop
  endfacet
  facet normal 0.677222 0.735779 -0
    outer loop
      vertex 157.536 157.536 12.91
      vertex 157.247 157.802 14.1
      vertex 157.536 157.536 14.1
    endloop
  endfacet
  facet normal 0.677222 0.735779 0
    outer loop
      vertex 157.247 157.802 14.1
      vertex 157.536 157.536 12.91
      vertex 157.247 157.802 12.91
    endloop
  endfacet
  facet normal 0.619396 0.785078 -0
    outer loop
      vertex 157.247 157.802 12.91
      vertex 156.939 158.045 14.1
      vertex 157.247 157.802 14.1
    endloop
  endfacet
  facet normal 0.619396 0.785078 0
    outer loop
      vertex 156.939 158.045 14.1
      vertex 157.247 157.802 12.91
      vertex 156.939 158.045 12.91
    endloop
  endfacet
  facet normal 0.5547 0.83205 -0
    outer loop
      vertex 156.939 158.045 12.91
      vertex 156.612 158.263 14.1
      vertex 156.939 158.045 14.1
    endloop
  endfacet
  facet normal 0.5547 0.83205 0
    outer loop
      vertex 156.612 158.263 14.1
      vertex 156.939 158.045 12.91
      vertex 156.612 158.263 12.91
    endloop
  endfacet
  facet normal 0.489535 0.871984 -0
    outer loop
      vertex 156.612 158.263 12.91
      vertex 156.27 158.455 14.1
      vertex 156.612 158.263 14.1
    endloop
  endfacet
  facet normal 0.489535 0.871984 0
    outer loop
      vertex 156.27 158.455 14.1
      vertex 156.612 158.263 12.91
      vertex 156.27 158.455 12.91
    endloop
  endfacet
  facet normal 0.417443 0.908703 -0
    outer loop
      vertex 156.27 158.455 12.91
      vertex 155.913 158.619 14.1
      vertex 156.27 158.455 14.1
    endloop
  endfacet
  facet normal 0.417443 0.908703 0
    outer loop
      vertex 155.913 158.619 14.1
      vertex 156.27 158.455 12.91
      vertex 155.913 158.619 12.91
    endloop
  endfacet
  facet normal 0.34665 0.937994 -0
    outer loop
      vertex 155.913 158.619 12.91
      vertex 155.545 158.755 14.1
      vertex 155.913 158.619 14.1
    endloop
  endfacet
  facet normal 0.34665 0.937994 0
    outer loop
      vertex 155.545 158.755 14.1
      vertex 155.913 158.619 12.91
      vertex 155.545 158.755 12.91
    endloop
  endfacet
  facet normal 0.272367 0.962193 -0
    outer loop
      vertex 155.545 158.755 12.91
      vertex 155.167 158.862 14.1
      vertex 155.545 158.755 14.1
    endloop
  endfacet
  facet normal 0.272367 0.962193 0
    outer loop
      vertex 155.167 158.862 14.1
      vertex 155.545 158.755 12.91
      vertex 155.167 158.862 12.91
    endloop
  endfacet
  facet normal 0.193665 0.981068 -0
    outer loop
      vertex 155.167 158.862 12.91
      vertex 154.782 158.938 14.1
      vertex 155.167 158.862 14.1
    endloop
  endfacet
  facet normal 0.193665 0.981068 0
    outer loop
      vertex 154.782 158.938 14.1
      vertex 155.167 158.862 12.91
      vertex 154.782 158.938 12.91
    endloop
  endfacet
  facet normal 0.119647 0.992816 -0
    outer loop
      vertex 154.782 158.938 12.91
      vertex 154.392 158.985 14.1
      vertex 154.782 158.938 14.1
    endloop
  endfacet
  facet normal 0.119647 0.992816 0
    outer loop
      vertex 154.392 158.985 14.1
      vertex 154.782 158.938 12.91
      vertex 154.392 158.985 12.91
    endloop
  endfacet
  facet normal 0.0382373 0.999269 -0
    outer loop
      vertex 154.392 158.985 12.91
      vertex 154 159 14.1
      vertex 154.392 158.985 14.1
    endloop
  endfacet
  facet normal 0.0382373 0.999269 0
    outer loop
      vertex 154 159 14.1
      vertex 154.392 158.985 12.91
      vertex 154 159 12.91
    endloop
  endfacet
  facet normal 0 1 -0
    outer loop
      vertex 154 159 12.91
      vertex 6 159 14.1
      vertex 154 159 14.1
    endloop
  endfacet
  facet normal 0 1 0
    outer loop
      vertex 6 159 14.1
      vertex 154 159 12.91
      vertex 6 159 12.91
    endloop
  endfacet
  facet normal -0.0382091 0.99927 0
    outer loop
      vertex 6 159 12.91
      vertex 5.60771 158.985 14.1
      vertex 6 159 14.1
    endloop
  endfacet
  facet normal -0.0382091 0.99927 0
    outer loop
      vertex 5.60771 158.985 14.1
      vertex 6 159 12.91
      vertex 5.60771 158.985 12.91
    endloop
  endfacet
  facet normal -0.119683 0.992812 0
    outer loop
      vertex 5.60771 158.985 12.91
      vertex 5.21783 158.938 14.1
      vertex 5.60771 158.985 14.1
    endloop
  endfacet
  facet normal -0.119683 0.992812 0
    outer loop
      vertex 5.21783 158.938 14.1
      vertex 5.60771 158.985 12.91
      vertex 5.21783 158.938 12.91
    endloop
  endfacet
  facet normal -0.193641 0.981072 0
    outer loop
      vertex 5.21783 158.938 12.91
      vertex 4.83278 158.862 14.1
      vertex 5.21783 158.938 14.1
    endloop
  endfacet
  facet normal -0.193641 0.981072 0
    outer loop
      vertex 4.83278 158.862 14.1
      vertex 5.21783 158.938 12.91
      vertex 4.83278 158.862 12.91
    endloop
  endfacet
  facet normal -0.272454 0.962169 0
    outer loop
      vertex 4.83278 158.862 12.91
      vertex 4.45491 158.755 14.1
      vertex 4.83278 158.862 14.1
    endloop
  endfacet
  facet normal -0.272454 0.962169 0
    outer loop
      vertex 4.45491 158.755 14.1
      vertex 4.83278 158.862 12.91
      vertex 4.45491 158.755 12.91
    endloop
  endfacet
  facet normal -0.346377 0.938095 0
    outer loop
      vertex 4.45491 158.755 12.91
      vertex 4.08658 158.619 14.1
      vertex 4.45491 158.755 14.1
    endloop
  endfacet
  facet normal -0.346377 0.938095 0
    outer loop
      vertex 4.08658 158.619 14.1
      vertex 4.45491 158.755 12.91
      vertex 4.08658 158.619 12.91
    endloop
  endfacet
  facet normal -0.417888 0.908499 0
    outer loop
      vertex 4.08658 158.619 12.91
      vertex 3.73004 158.455 14.1
      vertex 4.08658 158.619 14.1
    endloop
  endfacet
  facet normal -0.417888 0.908499 0
    outer loop
      vertex 3.73004 158.455 14.1
      vertex 4.08658 158.619 12.91
      vertex 3.73004 158.455 12.91
    endloop
  endfacet
  facet normal -0.488958 0.872307 0
    outer loop
      vertex 3.73004 158.455 12.91
      vertex 3.38751 158.263 14.1
      vertex 3.73004 158.455 14.1
    endloop
  endfacet
  facet normal -0.488958 0.872307 0
    outer loop
      vertex 3.38751 158.263 14.1
      vertex 3.73004 158.455 12.91
      vertex 3.38751 158.263 12.91
    endloop
  endfacet
  facet normal -0.55537 0.831603 0
    outer loop
      vertex 3.38751 158.263 12.91
      vertex 3.06108 158.045 14.1
      vertex 3.38751 158.263 14.1
    endloop
  endfacet
  facet normal -0.55537 0.831603 0
    outer loop
      vertex 3.06108 158.045 14.1
      vertex 3.38751 158.263 12.91
      vertex 3.06108 158.045 12.91
    endloop
  endfacet
  facet normal -0.619 0.785391 0
    outer loop
      vertex 3.06108 158.045 12.91
      vertex 2.75276 157.802 14.1
      vertex 3.06108 158.045 14.1
    endloop
  endfacet
  facet normal -0.619 0.785391 0
    outer loop
      vertex 2.75276 157.802 14.1
      vertex 3.06108 158.045 12.91
      vertex 2.75276 157.802 12.91
    endloop
  endfacet
  facet normal -0.678111 0.73496 0
    outer loop
      vertex 2.75276 157.802 12.91
      vertex 2.46446 157.536 14.1
      vertex 2.75276 157.802 14.1
    endloop
  endfacet
  facet normal -0.678111 0.73496 0
    outer loop
      vertex 2.46446 157.536 14.1
      vertex 2.75276 157.802 12.91
      vertex 2.46446 157.536 12.91
    endloop
  endfacet
  facet normal -0.735157 0.677896 0
    outer loop
      vertex 2.19797 157.247 12.91
      vertex 2.46446 157.536 14.1
      vertex 2.46446 157.536 12.91
    endloop
  endfacet
  facet normal -0.735157 0.677896 0
    outer loop
      vertex 2.46446 157.536 14.1
      vertex 2.19797 157.247 12.91
      vertex 2.19797 157.247 14.1
    endloop
  endfacet
  facet normal -0.785004 0.619491 0
    outer loop
      vertex 1.95491 156.939 12.91
      vertex 2.19797 157.247 14.1
      vertex 2.19797 157.247 12.91
    endloop
  endfacet
  facet normal -0.785004 0.619491 0
    outer loop
      vertex 2.19797 157.247 14.1
      vertex 1.95491 156.939 12.91
      vertex 1.95491 156.939 14.1
    endloop
  endfacet
  facet normal -0.831921 0.554894 0
    outer loop
      vertex 1.7368 156.612 12.91
      vertex 1.95491 156.939 14.1
      vertex 1.95491 156.939 12.91
    endloop
  endfacet
  facet normal -0.831921 0.554894 0
    outer loop
      vertex 1.95491 156.939 14.1
      vertex 1.7368 156.612 12.91
      vertex 1.7368 156.612 14.1
    endloop
  endfacet
  facet normal -0.872169 0.489205 0
    outer loop
      vertex 1.54497 156.27 12.91
      vertex 1.7368 156.612 14.1
      vertex 1.7368 156.612 12.91
    endloop
  endfacet
  facet normal -0.872169 0.489205 0
    outer loop
      vertex 1.7368 156.612 14.1
      vertex 1.54497 156.27 12.91
      vertex 1.54497 156.27 14.1
    endloop
  endfacet
  facet normal -0.908345 0.418221 0
    outer loop
      vertex 1.3806 155.913 12.91
      vertex 1.54497 156.27 14.1
      vertex 1.54497 156.27 12.91
    endloop
  endfacet
  facet normal -0.908345 0.418221 0
    outer loop
      vertex 1.54497 156.27 14.1
      vertex 1.3806 155.913 12.91
      vertex 1.3806 155.913 14.1
    endloop
  endfacet
  facet normal -0.938094 0.346381 0
    outer loop
      vertex 1.24472 155.545 12.91
      vertex 1.3806 155.913 14.1
      vertex 1.3806 155.913 12.91
    endloop
  endfacet
  facet normal -0.938094 0.346381 0
    outer loop
      vertex 1.3806 155.913 14.1
      vertex 1.24472 155.545 12.91
      vertex 1.24472 155.545 14.1
    endloop
  endfacet
  facet normal -0.96248 0.271353 0
    outer loop
      vertex 1.13815 155.167 12.91
      vertex 1.24472 155.545 14.1
      vertex 1.24472 155.545 12.91
    endloop
  endfacet
  facet normal -0.96248 0.271353 0
    outer loop
      vertex 1.24472 155.545 14.1
      vertex 1.13815 155.167 12.91
      vertex 1.13815 155.167 14.1
    endloop
  endfacet
  facet normal -0.980776 0.195136 0
    outer loop
      vertex 1.06155 154.782 12.91
      vertex 1.13815 155.167 14.1
      vertex 1.13815 155.167 12.91
    endloop
  endfacet
  facet normal -0.980776 0.195136 0
    outer loop
      vertex 1.13815 155.167 14.1
      vertex 1.06155 154.782 12.91
      vertex 1.06155 154.782 14.1
    endloop
  endfacet
  facet normal -0.993074 0.117488 0
    outer loop
      vertex 1.01541 154.392 12.91
      vertex 1.06155 154.782 14.1
      vertex 1.06155 154.782 12.91
    endloop
  endfacet
  facet normal -0.993074 0.117488 0
    outer loop
      vertex 1.06155 154.782 14.1
      vertex 1.01541 154.392 12.91
      vertex 1.01541 154.392 14.1
    endloop
  endfacet
  facet normal -0.999228 0.0392809 0
    outer loop
      vertex 1 154 12.91
      vertex 1.01541 154.392 14.1
      vertex 1.01541 154.392 12.91
    endloop
  endfacet
  facet normal -0.999228 0.0392809 0
    outer loop
      vertex 1.01541 154.392 14.1
      vertex 1 154 12.91
      vertex 1 154 14.1
    endloop
  endfacet
  facet normal -1 0 0
    outer loop
      vertex 1 6 12.91
      vertex 1 154 14.1
      vertex 1 154 12.91
    endloop
  endfacet
  facet normal -1 -0 0
    outer loop
      vertex 1 154 14.1
      vertex 1 6 12.91
      vertex 1 6 14.1
    endloop
  endfacet
  facet normal -0.999229 -0.0392519 0
    outer loop
      vertex 1.01541 5.60771 12.91
      vertex 1 6 14.1
      vertex 1 6 12.91
    endloop
  endfacet
  facet normal -0.999229 -0.0392519 0
    outer loop
      vertex 1 6 14.1
      vertex 1.01541 5.60771 12.91
      vertex 1.01541 5.60771 14.1
    endloop
  endfacet
  facet normal -0.99307 -0.117524 0
    outer loop
      vertex 1.06155 5.21783 12.91
      vertex 1.01541 5.60771 14.1
      vertex 1.01541 5.60771 12.91
    endloop
  endfacet
  facet normal -0.99307 -0.117524 0
    outer loop
      vertex 1.01541 5.60771 14.1
      vertex 1.06155 5.21783 12.91
      vertex 1.06155 5.21783 14.1
    endloop
  endfacet
  facet normal -0.980781 -0.195112 0
    outer loop
      vertex 1.13815 4.83278 12.91
      vertex 1.06155 5.21783 14.1
      vertex 1.06155 5.21783 12.91
    endloop
  endfacet
  facet normal -0.980781 -0.195112 0
    outer loop
      vertex 1.06155 5.21783 14.1
      vertex 1.13815 4.83278 12.91
      vertex 1.13815 4.83278 14.1
    endloop
  endfacet
  facet normal -0.962455 -0.27144 0
    outer loop
      vertex 1.24472 4.45491 12.91
      vertex 1.13815 4.83278 14.1
      vertex 1.13815 4.83278 12.91
    endloop
  endfacet
  facet normal -0.962455 -0.27144 0
    outer loop
      vertex 1.13815 4.83278 14.1
      vertex 1.24472 4.45491 12.91
      vertex 1.24472 4.45491 14.1
    endloop
  endfacet
  facet normal -0.938195 -0.346108 0
    outer loop
      vertex 1.3806 4.08658 12.91
      vertex 1.24472 4.45491 14.1
      vertex 1.24472 4.45491 12.91
    endloop
  endfacet
  facet normal -0.938195 -0.346108 0
    outer loop
      vertex 1.24472 4.45491 14.1
      vertex 1.3806 4.08658 12.91
      vertex 1.3806 4.08658 14.1
    endloop
  endfacet
  facet normal -0.90814 -0.418666 0
    outer loop
      vertex 1.54497 3.73004 12.91
      vertex 1.3806 4.08658 14.1
      vertex 1.3806 4.08658 12.91
    endloop
  endfacet
  facet normal -0.90814 -0.418666 0
    outer loop
      vertex 1.3806 4.08658 14.1
      vertex 1.54497 3.73004 12.91
      vertex 1.54497 3.73004 14.1
    endloop
  endfacet
  facet normal -0.872492 -0.488629 0
    outer loop
      vertex 1.7368 3.38751 12.91
      vertex 1.54497 3.73004 14.1
      vertex 1.54497 3.73004 12.91
    endloop
  endfacet
  facet normal -0.872492 -0.488629 0
    outer loop
      vertex 1.54497 3.73004 14.1
      vertex 1.7368 3.38751 12.91
      vertex 1.7368 3.38751 14.1
    endloop
  endfacet
  facet normal -0.831474 -0.555564 0
    outer loop
      vertex 1.95491 3.06108 12.91
      vertex 1.7368 3.38751 14.1
      vertex 1.7368 3.38751 12.91
    endloop
  endfacet
  facet normal -0.831474 -0.555564 0
    outer loop
      vertex 1.7368 3.38751 14.1
      vertex 1.95491 3.06108 12.91
      vertex 1.95491 3.06108 14.1
    endloop
  endfacet
  facet normal -0.785317 -0.619094 0
    outer loop
      vertex 2.19797 2.75276 12.91
      vertex 1.95491 3.06108 14.1
      vertex 1.95491 3.06108 12.91
    endloop
  endfacet
  facet normal -0.785317 -0.619094 0
    outer loop
      vertex 1.95491 3.06108 14.1
      vertex 2.19797 2.75276 12.91
      vertex 2.19797 2.75276 14.1
    endloop
  endfacet
  facet normal -0.734337 -0.678785 0
    outer loop
      vertex 2.46446 2.46446 12.91
      vertex 2.19797 2.75276 14.1
      vertex 2.19797 2.75276 12.91
    endloop
  endfacet
  facet normal -0.734337 -0.678785 0
    outer loop
      vertex 2.19797 2.75276 14.1
      vertex 2.46446 2.46446 12.91
      vertex 2.46446 2.46446 14.1
    endloop
  endfacet
  facet normal -0.678785 -0.734337 0
    outer loop
      vertex 2.46446 2.46446 12.91
      vertex 2.75276 2.19797 14.1
      vertex 2.46446 2.46446 14.1
    endloop
  endfacet
  facet normal -0.678785 -0.734337 -0
    outer loop
      vertex 2.75276 2.19797 14.1
      vertex 2.46446 2.46446 12.91
      vertex 2.75276 2.19797 12.91
    endloop
  endfacet
  facet normal -0.619094 -0.785317 0
    outer loop
      vertex 2.75276 2.19797 12.91
      vertex 3.06108 1.95491 14.1
      vertex 2.75276 2.19797 14.1
    endloop
  endfacet
  facet normal -0.619094 -0.785317 -0
    outer loop
      vertex 3.06108 1.95491 14.1
      vertex 2.75276 2.19797 12.91
      vertex 3.06108 1.95491 12.91
    endloop
  endfacet
  facet normal -0.555564 -0.831474 0
    outer loop
      vertex 3.06108 1.95491 12.91
      vertex 3.38751 1.7368 14.1
      vertex 3.06108 1.95491 14.1
    endloop
  endfacet
  facet normal -0.555564 -0.831474 -0
    outer loop
      vertex 3.38751 1.7368 14.1
      vertex 3.06108 1.95491 12.91
      vertex 3.38751 1.7368 12.91
    endloop
  endfacet
  facet normal -0.488629 -0.872492 0
    outer loop
      vertex 3.38751 1.7368 12.91
      vertex 3.73004 1.54497 14.1
      vertex 3.38751 1.7368 14.1
    endloop
  endfacet
  facet normal -0.488629 -0.872492 -0
    outer loop
      vertex 3.73004 1.54497 14.1
      vertex 3.38751 1.7368 12.91
      vertex 3.73004 1.54497 12.91
    endloop
  endfacet
  facet normal -0.418666 -0.90814 0
    outer loop
      vertex 3.73004 1.54497 12.91
      vertex 4.08658 1.3806 14.1
      vertex 3.73004 1.54497 14.1
    endloop
  endfacet
  facet normal -0.418666 -0.90814 -0
    outer loop
      vertex 4.08658 1.3806 14.1
      vertex 3.73004 1.54497 12.91
      vertex 4.08658 1.3806 12.91
    endloop
  endfacet
  facet normal -0.346108 -0.938195 0
    outer loop
      vertex 4.08658 1.3806 12.91
      vertex 4.45491 1.24472 14.1
      vertex 4.08658 1.3806 14.1
    endloop
  endfacet
  facet normal -0.346108 -0.938195 -0
    outer loop
      vertex 4.45491 1.24472 14.1
      vertex 4.08658 1.3806 12.91
      vertex 4.45491 1.24472 12.91
    endloop
  endfacet
  facet normal -0.27144 -0.962455 0
    outer loop
      vertex 4.45491 1.24472 12.91
      vertex 4.83278 1.13815 14.1
      vertex 4.45491 1.24472 14.1
    endloop
  endfacet
  facet normal -0.27144 -0.962455 -0
    outer loop
      vertex 4.83278 1.13815 14.1
      vertex 4.45491 1.24472 12.91
      vertex 4.83278 1.13815 12.91
    endloop
  endfacet
  facet normal -0.195112 -0.980781 0
    outer loop
      vertex 4.83278 1.13815 12.91
      vertex 5.21783 1.06155 14.1
      vertex 4.83278 1.13815 14.1
    endloop
  endfacet
  facet normal -0.195112 -0.980781 -0
    outer loop
      vertex 5.21783 1.06155 14.1
      vertex 4.83278 1.13815 12.91
      vertex 5.21783 1.06155 12.91
    endloop
  endfacet
  facet normal -0.117524 -0.99307 0
    outer loop
      vertex 5.21783 1.06155 12.91
      vertex 5.60771 1.01541 14.1
      vertex 5.21783 1.06155 14.1
    endloop
  endfacet
  facet normal -0.117524 -0.99307 -0
    outer loop
      vertex 5.60771 1.01541 14.1
      vertex 5.21783 1.06155 12.91
      vertex 5.60771 1.01541 12.91
    endloop
  endfacet
  facet normal -0.0392519 -0.999229 0
    outer loop
      vertex 5.60771 1.01541 12.91
      vertex 6 1 14.1
      vertex 5.60771 1.01541 14.1
    endloop
  endfacet
  facet normal -0.0392519 -0.999229 -0
    outer loop
      vertex 6 1 14.1
      vertex 5.60771 1.01541 12.91
      vertex 6 1 12.91
    endloop
  endfacet
  facet normal 0 -1 0
    outer loop
      vertex 6 1 12.91
      vertex 154 1 14.1
      vertex 6 1 14.1
    endloop
  endfacet
  facet normal 0 -1 -0
    outer loop
      vertex 154 1 14.1
      vertex 6 1 12.91
      vertex 154 1 12.91
    endloop
  endfacet
  facet normal 0.0392809 -0.999228 0
    outer loop
      vertex 154 1 12.91
      vertex 154.392 1.01541 14.1
      vertex 154 1 14.1
    endloop
  endfacet
  facet normal 0.0392809 -0.999228 0
    outer loop
      vertex 154.392 1.01541 14.1
      vertex 154 1 12.91
      vertex 154.392 1.01541 12.91
    endloop
  endfacet
  facet normal 0.0392801 0.999228 -0
    outer loop
      vertex 6 2.2 12.91
      vertex 5.70186 2.21172 14.1
      vertex 6 2.2 14.1
    endloop
  endfacet
  facet normal 0.0392801 0.999228 0
    outer loop
      vertex 5.70186 2.21172 14.1
      vertex 6 2.2 12.91
      vertex 5.70186 2.21172 12.91
    endloop
  endfacet
  facet normal 0.117502 0.993073 -0
    outer loop
      vertex 5.70186 2.21172 12.91
      vertex 5.40555 2.24678 14.1
      vertex 5.70186 2.21172 14.1
    endloop
  endfacet
  facet normal 0.117502 0.993073 0
    outer loop
      vertex 5.40555 2.24678 14.1
      vertex 5.70186 2.21172 12.91
      vertex 5.40555 2.24678 12.91
    endloop
  endfacet
  facet normal 0.195098 0.980784 -0
    outer loop
      vertex 5.40555 2.24678 12.91
      vertex 5.11292 2.30499 14.1
      vertex 5.40555 2.24678 14.1
    endloop
  endfacet
  facet normal 0.195098 0.980784 0
    outer loop
      vertex 5.11292 2.30499 14.1
      vertex 5.40555 2.24678 12.91
      vertex 5.11292 2.30499 12.91
    endloop
  endfacet
  facet normal 0.271453 0.962452 -0
    outer loop
      vertex 5.11292 2.30499 12.91
      vertex 4.82573 2.38599 14.1
      vertex 5.11292 2.30499 14.1
    endloop
  endfacet
  facet normal 0.271453 0.962452 0
    outer loop
      vertex 4.82573 2.38599 14.1
      vertex 5.11292 2.30499 12.91
      vertex 4.82573 2.38599 12.91
    endloop
  endfacet
  facet normal 0.346123 0.938189 -0
    outer loop
      vertex 4.82573 2.38599 12.91
      vertex 4.54581 2.48926 14.1
      vertex 4.82573 2.38599 14.1
    endloop
  endfacet
  facet normal 0.346123 0.938189 0
    outer loop
      vertex 4.54581 2.48926 14.1
      vertex 4.82573 2.38599 12.91
      vertex 4.54581 2.48926 12.91
    endloop
  endfacet
  facet normal 0.418663 0.908142 -0
    outer loop
      vertex 4.54581 2.48926 12.91
      vertex 4.27484 2.61418 14.1
      vertex 4.54581 2.48926 14.1
    endloop
  endfacet
  facet normal 0.418663 0.908142 0
    outer loop
      vertex 4.27484 2.61418 14.1
      vertex 4.54581 2.48926 12.91
      vertex 4.27484 2.61418 12.91
    endloop
  endfacet
  facet normal 0.488591 0.872513 -0
    outer loop
      vertex 4.27484 2.61418 12.91
      vertex 4.01451 2.75996 14.1
      vertex 4.27484 2.61418 14.1
    endloop
  endfacet
  facet normal 0.488591 0.872513 0
    outer loop
      vertex 4.01451 2.75996 14.1
      vertex 4.27484 2.61418 12.91
      vertex 4.01451 2.75996 12.91
    endloop
  endfacet
  facet normal 0.555597 0.831452 -0
    outer loop
      vertex 4.01451 2.75996 12.91
      vertex 3.76642 2.92574 14.1
      vertex 4.01451 2.75996 14.1
    endloop
  endfacet
  facet normal 0.555597 0.831452 0
    outer loop
      vertex 3.76642 2.92574 14.1
      vertex 4.01451 2.75996 12.91
      vertex 3.76642 2.92574 12.91
    endloop
  endfacet
  facet normal 0.619088 0.785322 -0
    outer loop
      vertex 3.76642 2.92574 12.91
      vertex 3.5321 3.11046 14.1
      vertex 3.76642 2.92574 14.1
    endloop
  endfacet
  facet normal 0.619088 0.785322 0
    outer loop
      vertex 3.5321 3.11046 14.1
      vertex 3.76642 2.92574 12.91
      vertex 3.5321 3.11046 12.91
    endloop
  endfacet
  facet normal 0.678777 0.734345 -0
    outer loop
      vertex 3.5321 3.11046 12.91
      vertex 3.31299 3.31299 14.1
      vertex 3.5321 3.11046 14.1
    endloop
  endfacet
  facet normal 0.678777 0.734345 0
    outer loop
      vertex 3.31299 3.31299 14.1
      vertex 3.5321 3.11046 12.91
      vertex 3.31299 3.31299 12.91
    endloop
  endfacet
  facet normal 0.734345 0.678777 0
    outer loop
      vertex 3.31299 3.31299 14.1
      vertex 3.11046 3.5321 12.91
      vertex 3.11046 3.5321 14.1
    endloop
  endfacet
  facet normal 0.734345 0.678777 0
    outer loop
      vertex 3.11046 3.5321 12.91
      vertex 3.31299 3.31299 14.1
      vertex 3.31299 3.31299 12.91
    endloop
  endfacet
  facet normal 0.785322 0.619088 0
    outer loop
      vertex 3.11046 3.5321 14.1
      vertex 2.92574 3.76642 12.91
      vertex 2.92574 3.76642 14.1
    endloop
  endfacet
  facet normal 0.785322 0.619088 0
    outer loop
      vertex 2.92574 3.76642 12.91
      vertex 3.11046 3.5321 14.1
      vertex 3.11046 3.5321 12.91
    endloop
  endfacet
  facet normal 0.831452 0.555597 0
    outer loop
      vertex 2.92574 3.76642 14.1
      vertex 2.75996 4.01451 12.91
      vertex 2.75996 4.01451 14.1
    endloop
  endfacet
  facet normal 0.831452 0.555597 0
    outer loop
      vertex 2.75996 4.01451 12.91
      vertex 2.92574 3.76642 14.1
      vertex 2.92574 3.76642 12.91
    endloop
  endfacet
  facet normal 0.872513 0.488591 0
    outer loop
      vertex 2.75996 4.01451 14.1
      vertex 2.61418 4.27484 12.91
      vertex 2.61418 4.27484 14.1
    endloop
  endfacet
  facet normal 0.872513 0.488591 0
    outer loop
      vertex 2.61418 4.27484 12.91
      vertex 2.75996 4.01451 14.1
      vertex 2.75996 4.01451 12.91
    endloop
  endfacet
  facet normal 0.908142 0.418663 0
    outer loop
      vertex 2.61418 4.27484 14.1
      vertex 2.48926 4.54581 12.91
      vertex 2.48926 4.54581 14.1
    endloop
  endfacet
  facet normal 0.908142 0.418663 0
    outer loop
      vertex 2.48926 4.54581 12.91
      vertex 2.61418 4.27484 14.1
      vertex 2.61418 4.27484 12.91
    endloop
  endfacet
  facet normal 0.938189 0.346123 0
    outer loop
      vertex 2.48926 4.54581 14.1
      vertex 2.38599 4.82573 12.91
      vertex 2.38599 4.82573 14.1
    endloop
  endfacet
  facet normal 0.938189 0.346123 0
    outer loop
      vertex 2.38599 4.82573 12.91
      vertex 2.48926 4.54581 14.1
      vertex 2.48926 4.54581 12.91
    endloop
  endfacet
  facet normal 0.962452 0.271453 0
    outer loop
      vertex 2.38599 4.82573 14.1
      vertex 2.30499 5.11292 12.91
      vertex 2.30499 5.11292 14.1
    endloop
  endfacet
  facet normal 0.962452 0.271453 0
    outer loop
      vertex 2.30499 5.11292 12.91
      vertex 2.38599 4.82573 14.1
      vertex 2.38599 4.82573 12.91
    endloop
  endfacet
  facet normal 0.980784 0.195098 0
    outer loop
      vertex 2.30499 5.11292 14.1
      vertex 2.24678 5.40555 12.91
      vertex 2.24678 5.40555 14.1
    endloop
  endfacet
  facet normal 0.980784 0.195098 0
    outer loop
      vertex 2.24678 5.40555 12.91
      vertex 2.30499 5.11292 14.1
      vertex 2.30499 5.11292 12.91
    endloop
  endfacet
  facet normal 0.993073 0.117502 0
    outer loop
      vertex 2.24678 5.40555 14.1
      vertex 2.21172 5.70186 12.91
      vertex 2.21172 5.70186 14.1
    endloop
  endfacet
  facet normal 0.993073 0.117502 0
    outer loop
      vertex 2.21172 5.70186 12.91
      vertex 2.24678 5.40555 14.1
      vertex 2.24678 5.40555 12.91
    endloop
  endfacet
  facet normal 0.999228 0.0392801 0
    outer loop
      vertex 2.21172 5.70186 14.1
      vertex 2.2 6 12.91
      vertex 2.2 6 14.1
    endloop
  endfacet
  facet normal 0.999228 0.0392801 0
    outer loop
      vertex 2.2 6 12.91
      vertex 2.21172 5.70186 14.1
      vertex 2.21172 5.70186 12.91
    endloop
  endfacet
  facet normal 1 -0 0
    outer loop
      vertex 2.2 6 14.1
      vertex 2.2 154 12.91
      vertex 2.2 154 14.1
    endloop
  endfacet
  facet normal 1 0 0
    outer loop
      vertex 2.2 154 12.91
      vertex 2.2 6 14.1
      vertex 2.2 6 12.91
    endloop
  endfacet
  facet normal 0.999228 -0.0392985 0
    outer loop
      vertex 2.2 154 14.1
      vertex 2.21172 154.298 12.91
      vertex 2.21172 154.298 14.1
    endloop
  endfacet
  facet normal 0.999228 -0.0392985 0
    outer loop
      vertex 2.21172 154.298 12.91
      vertex 2.2 154 14.1
      vertex 2.2 154 12.91
    endloop
  endfacet
  facet normal 0.993058 -0.117624 0
    outer loop
      vertex 2.21172 154.298 14.1
      vertex 2.24678 154.594 12.91
      vertex 2.24678 154.594 14.1
    endloop
  endfacet
  facet normal 0.993058 -0.117624 0
    outer loop
      vertex 2.24678 154.594 12.91
      vertex 2.21172 154.298 14.1
      vertex 2.21172 154.298 12.91
    endloop
  endfacet
  facet normal 0.980831 -0.194861 0
    outer loop
      vertex 2.24678 154.594 14.1
      vertex 2.30499 154.887 12.91
      vertex 2.30499 154.887 14.1
    endloop
  endfacet
  facet normal 0.980831 -0.194861 0
    outer loop
      vertex 2.30499 154.887 12.91
      vertex 2.24678 154.594 14.1
      vertex 2.24678 154.594 12.91
    endloop
  endfacet
  facet normal 0.962405 -0.271619 0
    outer loop
      vertex 2.30499 154.887 14.1
      vertex 2.38599 155.174 12.91
      vertex 2.38599 155.174 14.1
    endloop
  endfacet
  facet normal 0.962405 -0.271619 0
    outer loop
      vertex 2.38599 155.174 12.91
      vertex 2.30499 154.887 14.1
      vertex 2.30499 154.887 12.91
    endloop
  endfacet
  facet normal 0.938221 -0.346036 0
    outer loop
      vertex 2.38599 155.174 14.1
      vertex 2.48926 155.454 12.91
      vertex 2.48926 155.454 14.1
    endloop
  endfacet
  facet normal 0.938221 -0.346036 0
    outer loop
      vertex 2.48926 155.454 12.91
      vertex 2.38599 155.174 14.1
      vertex 2.38599 155.174 12.91
    endloop
  endfacet
  facet normal 0.908159 -0.418625 0
    outer loop
      vertex 2.48926 155.454 14.1
      vertex 2.61418 155.725 12.91
      vertex 2.61418 155.725 14.1
    endloop
  endfacet
  facet normal 0.908159 -0.418625 0
    outer loop
      vertex 2.61418 155.725 12.91
      vertex 2.48926 155.454 14.1
      vertex 2.48926 155.454 12.91
    endloop
  endfacet
  facet normal 0.872248 -0.489063 0
    outer loop
      vertex 2.61418 155.725 14.1
      vertex 2.75996 155.985 12.91
      vertex 2.75996 155.985 14.1
    endloop
  endfacet
  facet normal 0.872248 -0.489063 0
    outer loop
      vertex 2.75996 155.985 12.91
      vertex 2.61418 155.725 14.1
      vertex 2.61418 155.725 12.91
    endloop
  endfacet
  facet normal 0.83239 -0.554191 0
    outer loop
      vertex 2.75996 155.985 14.1
      vertex 2.92574 156.234 12.91
      vertex 2.92574 156.234 14.1
    endloop
  endfacet
  facet normal 0.83239 -0.554191 0
    outer loop
      vertex 2.92574 156.234 12.91
      vertex 2.75996 155.985 14.1
      vertex 2.75996 155.985 12.91
    endloop
  endfacet
  facet normal 0.78491 -0.619609 0
    outer loop
      vertex 2.92574 156.234 14.1
      vertex 3.11046 156.468 12.91
      vertex 3.11046 156.468 14.1
    endloop
  endfacet
  facet normal 0.78491 -0.619609 0
    outer loop
      vertex 3.11046 156.468 12.91
      vertex 2.92574 156.234 14.1
      vertex 2.92574 156.234 12.91
    endloop
  endfacet
  facet normal 0.734175 -0.678961 0
    outer loop
      vertex 3.11046 156.468 14.1
      vertex 3.31299 156.687 12.91
      vertex 3.31299 156.687 14.1
    endloop
  endfacet
  facet normal 0.734175 -0.678961 0
    outer loop
      vertex 3.31299 156.687 12.91
      vertex 3.11046 156.468 14.1
      vertex 3.11046 156.468 12.91
    endloop
  endfacet
  facet normal 0.679625 -0.73356 0
    outer loop
      vertex 3.31299 156.687 12.91
      vertex 3.5321 156.89 14.1
      vertex 3.31299 156.687 14.1
    endloop
  endfacet
  facet normal 0.679625 -0.73356 0
    outer loop
      vertex 3.5321 156.89 14.1
      vertex 3.31299 156.687 12.91
      vertex 3.5321 156.89 12.91
    endloop
  endfacet
  facet normal 0.617596 -0.786495 0
    outer loop
      vertex 3.5321 156.89 12.91
      vertex 3.76642 157.074 14.1
      vertex 3.5321 156.89 14.1
    endloop
  endfacet
  facet normal 0.617596 -0.786495 0
    outer loop
      vertex 3.76642 157.074 14.1
      vertex 3.5321 156.89 12.91
      vertex 3.76642 157.074 12.91
    endloop
  endfacet
  facet normal 0.556106 -0.831111 0
    outer loop
      vertex 3.76642 157.074 12.91
      vertex 4.01451 157.24 14.1
      vertex 3.76642 157.074 14.1
    endloop
  endfacet
  facet normal 0.556106 -0.831111 0
    outer loop
      vertex 4.01451 157.24 14.1
      vertex 3.76642 157.074 12.91
      vertex 4.01451 157.24 12.91
    endloop
  endfacet
  facet normal 0.489152 -0.872198 0
    outer loop
      vertex 4.01451 157.24 12.91
      vertex 4.27484 157.386 14.1
      vertex 4.01451 157.24 14.1
    endloop
  endfacet
  facet normal 0.489152 -0.872198 0
    outer loop
      vertex 4.27484 157.386 14.1
      vertex 4.01451 157.24 12.91
      vertex 4.27484 157.386 12.91
    endloop
  endfacet
  facet normal 0.418884 -0.90804 0
    outer loop
      vertex 4.27484 157.386 12.91
      vertex 4.54581 157.511 14.1
      vertex 4.27484 157.386 14.1
    endloop
  endfacet
  facet normal 0.418884 -0.90804 0
    outer loop
      vertex 4.54581 157.511 14.1
      vertex 4.27484 157.386 12.91
      vertex 4.54581 157.511 12.91
    endloop
  endfacet
  facet normal 0.345326 -0.938483 0
    outer loop
      vertex 4.54581 157.511 12.91
      vertex 4.82573 157.614 14.1
      vertex 4.54581 157.511 14.1
    endloop
  endfacet
  facet normal 0.345326 -0.938483 0
    outer loop
      vertex 4.82573 157.614 14.1
      vertex 4.54581 157.511 12.91
      vertex 4.82573 157.614 12.91
    endloop
  endfacet
  facet normal 0.271453 -0.962452 0
    outer loop
      vertex 4.82573 157.614 12.91
      vertex 5.11292 157.695 14.1
      vertex 4.82573 157.614 14.1
    endloop
  endfacet
  facet normal 0.271453 -0.962452 0
    outer loop
      vertex 5.11292 157.695 14.1
      vertex 4.82573 157.614 12.91
      vertex 5.11292 157.695 12.91
    endloop
  endfacet
  facet normal 0.19442 -0.980918 0
    outer loop
      vertex 5.11292 157.695 12.91
      vertex 5.40555 157.753 14.1
      vertex 5.11292 157.695 14.1
    endloop
  endfacet
  facet normal 0.19442 -0.980918 0
    outer loop
      vertex 5.40555 157.753 14.1
      vertex 5.11292 157.695 12.91
      vertex 5.40555 157.753 12.91
    endloop
  endfacet
  facet normal 0.117304 -0.993096 0
    outer loop
      vertex 5.40555 157.753 12.91
      vertex 5.70186 157.788 14.1
      vertex 5.40555 157.753 14.1
    endloop
  endfacet
  facet normal 0.117304 -0.993096 0
    outer loop
      vertex 5.70186 157.788 14.1
      vertex 5.40555 157.753 12.91
      vertex 5.70186 157.788 12.91
    endloop
  endfacet
  facet normal 0.040217 -0.999191 0
    outer loop
      vertex 5.70186 157.788 12.91
      vertex 6 157.8 14.1
      vertex 5.70186 157.788 14.1
    endloop
  endfacet
  facet normal 0.040217 -0.999191 0
    outer loop
      vertex 6 157.8 14.1
      vertex 5.70186 157.788 12.91
      vertex 6 157.8 12.91
    endloop
  endfacet
  facet normal 0 -1 0
    outer loop
      vertex 6 157.8 12.91
      vertex 154 157.8 14.1
      vertex 6 157.8 14.1
    endloop
  endfacet
  facet normal 0 -1 -0
    outer loop
      vertex 154 157.8 14.1
      vertex 6 157.8 12.91
      vertex 154 157.8 12.91
    endloop
  endfacet
  facet normal -0.0402358 -0.99919 0
    outer loop
      vertex 154 157.8 12.91
      vertex 154.298 157.788 14.1
      vertex 154 157.8 14.1
    endloop
  endfacet
  facet normal -0.0402358 -0.99919 -0
    outer loop
      vertex 154.298 157.788 14.1
      vertex 154 157.8 12.91
      vertex 154.298 157.788 12.91
    endloop
  endfacet
  facet normal -0.117425 -0.993082 0
    outer loop
      vertex 154.298 157.788 12.91
      vertex 154.594 157.753 14.1
      vertex 154.298 157.788 14.1
    endloop
  endfacet
  facet normal -0.117425 -0.993082 -0
    outer loop
      vertex 154.594 157.753 14.1
      vertex 154.298 157.788 12.91
      vertex 154.594 157.753 12.91
    endloop
  endfacet
  facet normal -0.194184 -0.980965 0
    outer loop
      vertex 154.594 157.753 12.91
      vertex 154.887 157.695 14.1
      vertex 154.594 157.753 14.1
    endloop
  endfacet
  facet normal -0.194184 -0.980965 -0
    outer loop
      vertex 154.887 157.695 14.1
      vertex 154.594 157.753 12.91
      vertex 154.887 157.695 12.91
    endloop
  endfacet
  facet normal -0.271619 -0.962405 0
    outer loop
      vertex 154.887 157.695 12.91
      vertex 155.174 157.614 14.1
      vertex 154.887 157.695 14.1
    endloop
  endfacet
  facet normal -0.271619 -0.962405 -0
    outer loop
      vertex 155.174 157.614 14.1
      vertex 154.887 157.695 12.91
      vertex 155.174 157.614 12.91
    endloop
  endfacet
  facet normal -0.345239 -0.938515 0
    outer loop
      vertex 155.174 157.614 12.91
      vertex 155.454 157.511 14.1
      vertex 155.174 157.614 14.1
    endloop
  endfacet
  facet normal -0.345239 -0.938515 -0
    outer loop
      vertex 155.454 157.511 14.1
      vertex 155.174 157.614 12.91
      vertex 155.454 157.511 12.91
    endloop
  endfacet
  facet normal -0.418846 -0.908057 0
    outer loop
      vertex 155.454 157.511 12.91
      vertex 155.725 157.386 14.1
      vertex 155.454 157.511 14.1
    endloop
  endfacet
  facet normal -0.418846 -0.908057 -0
    outer loop
      vertex 155.725 157.386 14.1
      vertex 155.454 157.511 12.91
      vertex 155.725 157.386 12.91
    endloop
  endfacet
  facet normal -0.489624 -0.871934 0
    outer loop
      vertex 155.725 157.386 12.91
      vertex 155.985 157.24 14.1
      vertex 155.725 157.386 14.1
    endloop
  endfacet
  facet normal -0.489624 -0.871934 -0
    outer loop
      vertex 155.985 157.24 14.1
      vertex 155.725 157.386 12.91
      vertex 155.985 157.24 12.91
    endloop
  endfacet
  facet normal -0.5547 -0.83205 0
    outer loop
      vertex 155.985 157.24 12.91
      vertex 156.234 157.074 14.1
      vertex 155.985 157.24 14.1
    endloop
  endfacet
  facet normal -0.5547 -0.83205 -0
    outer loop
      vertex 156.234 157.074 14.1
      vertex 155.985 157.24 12.91
      vertex 156.234 157.074 12.91
    endloop
  endfacet
  facet normal -0.618118 -0.786085 0
    outer loop
      vertex 156.234 157.074 12.91
      vertex 156.468 156.89 14.1
      vertex 156.234 157.074 14.1
    endloop
  endfacet
  facet normal -0.618118 -0.786085 -0
    outer loop
      vertex 156.468 156.89 14.1
      vertex 156.234 157.074 12.91
      vertex 156.468 156.89 12.91
    endloop
  endfacet
  facet normal -0.679809 -0.73339 0
    outer loop
      vertex 156.468 156.89 12.91
      vertex 156.687 156.687 14.1
      vertex 156.468 156.89 14.1
    endloop
  endfacet
  facet normal -0.679809 -0.73339 -0
    outer loop
      vertex 156.687 156.687 14.1
      vertex 156.468 156.89 12.91
      vertex 156.687 156.687 12.91
    endloop
  endfacet
  facet normal -0.73339 -0.679809 0
    outer loop
      vertex 156.89 156.468 12.91
      vertex 156.687 156.687 14.1
      vertex 156.687 156.687 12.91
    endloop
  endfacet
  facet normal -0.73339 -0.679809 0
    outer loop
      vertex 156.687 156.687 14.1
      vertex 156.89 156.468 12.91
      vertex 156.89 156.468 14.1
    endloop
  endfacet
  facet normal -0.786085 -0.618118 0
    outer loop
      vertex 157.074 156.234 12.91
      vertex 156.89 156.468 14.1
      vertex 156.89 156.468 12.91
    endloop
  endfacet
  facet normal -0.786085 -0.618118 0
    outer loop
      vertex 156.89 156.468 14.1
      vertex 157.074 156.234 12.91
      vertex 157.074 156.234 14.1
    endloop
  endfacet
  facet normal -0.83205 -0.5547 0
    outer loop
      vertex 157.24 155.985 12.91
      vertex 157.074 156.234 14.1
      vertex 157.074 156.234 12.91
    endloop
  endfacet
  facet normal -0.83205 -0.5547 0
    outer loop
      vertex 157.074 156.234 14.1
      vertex 157.24 155.985 12.91
      vertex 157.24 155.985 14.1
    endloop
  endfacet
  facet normal -0.871934 -0.489624 0
    outer loop
      vertex 157.386 155.725 12.91
      vertex 157.24 155.985 14.1
      vertex 157.24 155.985 12.91
    endloop
  endfacet
  facet normal -0.871934 -0.489624 0
    outer loop
      vertex 157.24 155.985 14.1
      vertex 157.386 155.725 12.91
      vertex 157.386 155.725 14.1
    endloop
  endfacet
  facet normal -0.908057 -0.418846 0
    outer loop
      vertex 157.511 155.454 12.91
      vertex 157.386 155.725 14.1
      vertex 157.386 155.725 12.91
    endloop
  endfacet
  facet normal -0.908057 -0.418846 0
    outer loop
      vertex 157.386 155.725 14.1
      vertex 157.511 155.454 12.91
      vertex 157.511 155.454 14.1
    endloop
  endfacet
  facet normal -0.938515 -0.345239 0
    outer loop
      vertex 157.614 155.174 12.91
      vertex 157.511 155.454 14.1
      vertex 157.511 155.454 12.91
    endloop
  endfacet
  facet normal -0.938515 -0.345239 0
    outer loop
      vertex 157.511 155.454 14.1
      vertex 157.614 155.174 12.91
      vertex 157.614 155.174 14.1
    endloop
  endfacet
  facet normal -0.962405 -0.271619 0
    outer loop
      vertex 157.695 154.887 12.91
      vertex 157.614 155.174 14.1
      vertex 157.614 155.174 12.91
    endloop
  endfacet
  facet normal -0.962405 -0.271619 0
    outer loop
      vertex 157.614 155.174 14.1
      vertex 157.695 154.887 12.91
      vertex 157.695 154.887 14.1
    endloop
  endfacet
  facet normal -0.980965 -0.194184 0
    outer loop
      vertex 157.753 154.594 12.91
      vertex 157.695 154.887 14.1
      vertex 157.695 154.887 12.91
    endloop
  endfacet
  facet normal -0.980965 -0.194184 0
    outer loop
      vertex 157.695 154.887 14.1
      vertex 157.753 154.594 12.91
      vertex 157.753 154.594 14.1
    endloop
  endfacet
  facet normal -0.993082 -0.117425 0
    outer loop
      vertex 157.788 154.298 12.91
      vertex 157.753 154.594 14.1
      vertex 157.753 154.594 12.91
    endloop
  endfacet
  facet normal -0.993082 -0.117425 0
    outer loop
      vertex 157.753 154.594 14.1
      vertex 157.788 154.298 12.91
      vertex 157.788 154.298 14.1
    endloop
  endfacet
  facet normal -0.99919 -0.0402358 0
    outer loop
      vertex 157.8 154 12.91
      vertex 157.788 154.298 14.1
      vertex 157.788 154.298 12.91
    endloop
  endfacet
  facet normal -0.99919 -0.0402358 0
    outer loop
      vertex 157.788 154.298 14.1
      vertex 157.8 154 12.91
      vertex 157.8 154 14.1
    endloop
  endfacet
  facet normal -1 0 0
    outer loop
      vertex 157.8 6 12.91
      vertex 157.8 154 14.1
      vertex 157.8 154 12.91
    endloop
  endfacet
  facet normal -1 -0 0
    outer loop
      vertex 157.8 154 14.1
      vertex 157.8 6 12.91
      vertex 157.8 6 14.1
    endloop
  endfacet
  facet normal -0.999191 0.040217 0
    outer loop
      vertex 157.788 5.70186 12.91
      vertex 157.8 6 14.1
      vertex 157.8 6 12.91
    endloop
  endfacet
  facet normal -0.999191 0.040217 0
    outer loop
      vertex 157.8 6 14.1
      vertex 157.788 5.70186 12.91
      vertex 157.788 5.70186 14.1
    endloop
  endfacet
  facet normal -0.993096 0.117304 0
    outer loop
      vertex 157.753 5.40555 12.91
      vertex 157.788 5.70186 14.1
      vertex 157.788 5.70186 12.91
    endloop
  endfacet
  facet normal -0.993096 0.117304 0
    outer loop
      vertex 157.788 5.70186 14.1
      vertex 157.753 5.40555 12.91
      vertex 157.753 5.40555 14.1
    endloop
  endfacet
  facet normal -0.980918 0.19442 0
    outer loop
      vertex 157.695 5.11292 12.91
      vertex 157.753 5.40555 14.1
      vertex 157.753 5.40555 12.91
    endloop
  endfacet
  facet normal -0.980918 0.19442 0
    outer loop
      vertex 157.753 5.40555 14.1
      vertex 157.695 5.11292 12.91
      vertex 157.695 5.11292 14.1
    endloop
  endfacet
  facet normal -0.962452 0.271453 0
    outer loop
      vertex 157.614 4.82573 12.91
      vertex 157.695 5.11292 14.1
      vertex 157.695 5.11292 12.91
    endloop
  endfacet
  facet normal -0.962452 0.271453 0
    outer loop
      vertex 157.695 5.11292 14.1
      vertex 157.614 4.82573 12.91
      vertex 157.614 4.82573 14.1
    endloop
  endfacet
  facet normal -0.938483 0.345326 0
    outer loop
      vertex 157.511 4.54581 12.91
      vertex 157.614 4.82573 14.1
      vertex 157.614 4.82573 12.91
    endloop
  endfacet
  facet normal -0.938483 0.345326 0
    outer loop
      vertex 157.614 4.82573 14.1
      vertex 157.511 4.54581 12.91
      vertex 157.511 4.54581 14.1
    endloop
  endfacet
  facet normal -0.90804 0.418884 0
    outer loop
      vertex 157.386 4.27484 12.91
      vertex 157.511 4.54581 14.1
      vertex 157.511 4.54581 12.91
    endloop
  endfacet
  facet normal -0.90804 0.418884 0
    outer loop
      vertex 157.511 4.54581 14.1
      vertex 157.386 4.27484 12.91
      vertex 157.386 4.27484 14.1
    endloop
  endfacet
  facet normal -0.872198 0.489152 0
    outer loop
      vertex 157.24 4.01451 12.91
      vertex 157.386 4.27484 14.1
      vertex 157.386 4.27484 12.91
    endloop
  endfacet
  facet normal -0.872198 0.489152 0
    outer loop
      vertex 157.386 4.27484 14.1
      vertex 157.24 4.01451 12.91
      vertex 157.24 4.01451 14.1
    endloop
  endfacet
  facet normal -0.831111 0.556106 0
    outer loop
      vertex 157.074 3.76642 12.91
      vertex 157.24 4.01451 14.1
      vertex 157.24 4.01451 12.91
    endloop
  endfacet
  facet normal -0.831111 0.556106 0
    outer loop
      vertex 157.24 4.01451 14.1
      vertex 157.074 3.76642 12.91
      vertex 157.074 3.76642 14.1
    endloop
  endfacet
  facet normal -0.786495 0.617596 0
    outer loop
      vertex 156.89 3.5321 12.91
      vertex 157.074 3.76642 14.1
      vertex 157.074 3.76642 12.91
    endloop
  endfacet
  facet normal -0.786495 0.617596 0
    outer loop
      vertex 157.074 3.76642 14.1
      vertex 156.89 3.5321 12.91
      vertex 156.89 3.5321 14.1
    endloop
  endfacet
  facet normal -0.73356 0.679625 0
    outer loop
      vertex 156.687 3.31299 12.91
      vertex 156.89 3.5321 14.1
      vertex 156.89 3.5321 12.91
    endloop
  endfacet
  facet normal -0.73356 0.679625 0
    outer loop
      vertex 156.89 3.5321 14.1
      vertex 156.687 3.31299 12.91
      vertex 156.687 3.31299 14.1
    endloop
  endfacet
  facet normal -0.678961 0.734175 0
    outer loop
      vertex 156.687 3.31299 12.91
      vertex 156.468 3.11046 14.1
      vertex 156.687 3.31299 14.1
    endloop
  endfacet
  facet normal -0.678961 0.734175 0
    outer loop
      vertex 156.468 3.11046 14.1
      vertex 156.687 3.31299 12.91
      vertex 156.468 3.11046 12.91
    endloop
  endfacet
  facet normal -0.619609 0.78491 0
    outer loop
      vertex 156.468 3.11046 12.91
      vertex 156.234 2.92574 14.1
      vertex 156.468 3.11046 14.1
    endloop
  endfacet
  facet normal -0.619609 0.78491 0
    outer loop
      vertex 156.234 2.92574 14.1
      vertex 156.468 3.11046 12.91
      vertex 156.234 2.92574 12.91
    endloop
  endfacet
  facet normal -0.554191 0.83239 0
    outer loop
      vertex 156.234 2.92574 12.91
      vertex 155.985 2.75996 14.1
      vertex 156.234 2.92574 14.1
    endloop
  endfacet
  facet normal -0.554191 0.83239 0
    outer loop
      vertex 155.985 2.75996 14.1
      vertex 156.234 2.92574 12.91
      vertex 155.985 2.75996 12.91
    endloop
  endfacet
  facet normal -0.489063 0.872248 0
    outer loop
      vertex 155.985 2.75996 12.91
      vertex 155.725 2.61418 14.1
      vertex 155.985 2.75996 14.1
    endloop
  endfacet
  facet normal -0.489063 0.872248 0
    outer loop
      vertex 155.725 2.61418 14.1
      vertex 155.985 2.75996 12.91
      vertex 155.725 2.61418 12.91
    endloop
  endfacet
  facet normal -0.418625 0.908159 0
    outer loop
      vertex 155.725 2.61418 12.91
      vertex 155.454 2.48926 14.1
      vertex 155.725 2.61418 14.1
    endloop
  endfacet
  facet normal -0.418625 0.908159 0
    outer loop
      vertex 155.454 2.48926 14.1
      vertex 155.725 2.61418 12.91
      vertex 155.454 2.48926 12.91
    endloop
  endfacet
  facet normal -0.346036 0.938221 0
    outer loop
      vertex 155.454 2.48926 12.91
      vertex 155.174 2.38599 14.1
      vertex 155.454 2.48926 14.1
    endloop
  endfacet
  facet normal -0.346036 0.938221 0
    outer loop
      vertex 155.174 2.38599 14.1
      vertex 155.454 2.48926 12.91
      vertex 155.174 2.38599 12.91
    endloop
  endfacet
  facet normal -0.271619 0.962405 0
    outer loop
      vertex 155.174 2.38599 12.91
      vertex 154.887 2.30499 14.1
      vertex 155.174 2.38599 14.1
    endloop
  endfacet
  facet normal -0.271619 0.962405 0
    outer loop
      vertex 154.887 2.30499 14.1
      vertex 155.174 2.38599 12.91
      vertex 154.887 2.30499 12.91
    endloop
  endfacet
  facet normal -0.194861 0.980831 0
    outer loop
      vertex 154.887 2.30499 12.91
      vertex 154.594 2.24678 14.1
      vertex 154.887 2.30499 14.1
    endloop
  endfacet
  facet normal -0.194861 0.980831 0
    outer loop
      vertex 154.594 2.24678 14.1
      vertex 154.887 2.30499 12.91
      vertex 154.594 2.24678 12.91
    endloop
  endfacet
  facet normal -0.117624 0.993058 0
    outer loop
      vertex 154.594 2.24678 12.91
      vertex 154.298 2.21172 14.1
      vertex 154.594 2.24678 14.1
    endloop
  endfacet
  facet normal -0.117624 0.993058 0
    outer loop
      vertex 154.298 2.21172 14.1
      vertex 154.594 2.24678 12.91
      vertex 154.298 2.21172 12.91
    endloop
  endfacet
  facet normal -0.0392985 0.999228 0
    outer loop
      vertex 154.298 2.21172 12.91
      vertex 154 2.2 14.1
      vertex 154.298 2.21172 14.1
    endloop
  endfacet
  facet normal -0.0392985 0.999228 0
    outer loop
      vertex 154 2.2 14.1
      vertex 154.298 2.21172 12.91
      vertex 154 2.2 12.91
    endloop
  endfacet
  facet normal 0 1 -0
    outer loop
      vertex 154 2.2 12.91
      vertex 6 2.2 14.1
      vertex 154 2.2 14.1
    endloop
  endfacet
  facet normal 0 1 0
    outer loop
      vertex 6 2.2 14.1
      vertex 154 2.2 12.91
      vertex 6 2.2 12.91
    endloop
  endfacet
  facet normal 0 0 -1
    outer loop
      vertex 157.5 6 1.4
      vertex 159.3 6 1.4
      vertex 159.284 5.58417 1.4
    endloop
  endfacet
  facet normal 0 0 -1
    outer loop
      vertex 159.3 6 1.4
      vertex 157.5 6 1.4
      vertex 159.3 154 1.4
    endloop
  endfacet
  facet normal 0 0 -1
    outer loop
      vertex 157.489 5.72539 1.4
      vertex 159.284 5.58417 1.4
      vertex 159.235 5.1709 1.4
    endloop
  endfacet
  facet normal 0 0 -1
    outer loop
      vertex 157.5 154 1.4
      vertex 159.3 154 1.4
      vertex 157.5 6 1.4
    endloop
  endfacet
  facet normal 0 0 -1
    outer loop
      vertex 157.457 5.45248 1.4
      vertex 159.235 5.1709 1.4
      vertex 159.154 4.76274 1.4
    endloop
  endfacet
  facet normal 0 0 -1
    outer loop
      vertex 159.3 154 1.4
      vertex 157.5 154 1.4
      vertex 159.284 154.416 1.4
    endloop
  endfacet
  facet normal 0 0 -1
    outer loop
      vertex 157.403 5.18294 1.4
      vertex 159.154 4.76274 1.4
      vertex 159.041 4.36221 1.4
    endloop
  endfacet
  facet normal 0 0 -1
    outer loop
      vertex 157.489 154.275 1.4
      vertex 159.284 154.416 1.4
      vertex 157.5 154 1.4
    endloop
  endfacet
  facet normal 0 0 -1
    outer loop
      vertex 157.329 4.91844 1.4
      vertex 159.041 4.36221 1.4
      vertex 158.897 3.97177 1.4
    endloop
  endfacet
  facet normal -0 0 -1
    outer loop
      vertex 159.284 154.416 1.4
      vertex 157.489 154.275 1.4
      vertex 159.235 154.829 1.4
    endloop
  endfacet
  facet normal 0 0 -1
    outer loop
      vertex 157.234 4.66061 1.4
      vertex 158.897 3.97177 1.4
      vertex 158.722 3.59386 1.4
    endloop
  endfacet
  facet normal 0 0 -1
    outer loop
      vertex 157.457 154.548 1.4
      vertex 159.235 154.829 1.4
      vertex 157.489 154.275 1.4
    endloop
  endfacet
  facet normal 0 0 -1
    outer loop
      vertex 157.119 4.41103 1.4
      vertex 158.722 3.59386 1.4
      vertex 158.519 3.23076 1.4
    endloop
  endfacet
  facet normal -0 0 -1
    outer loop
      vertex 159.235 154.829 1.4
      vertex 157.457 154.548 1.4
      vertex 159.154 155.237 1.4
    endloop
  endfacet
  facet normal 0 0 -1
    outer loop
      vertex 156.984 4.17125 1.4
      vertex 158.519 3.23076 1.4
      vertex 158.288 2.88474 1.4
    endloop
  endfacet
  facet normal 0 0 -1
    outer loop
      vertex 157.403 154.817 1.4
      vertex 159.154 155.237 1.4
      vertex 157.457 154.548 1.4
    endloop
  endfacet
  facet normal 0 0 -1
    outer loop
      vertex 156.832 3.94275 1.4
      vertex 158.288 2.88474 1.4
      vertex 158.03 2.55792 1.4
    endloop
  endfacet
  facet normal -0 0 -1
    outer loop
      vertex 159.154 155.237 1.4
      vertex 157.403 154.817 1.4
      vertex 159.041 155.638 1.4
    endloop
  endfacet
  facet normal 0 0 -1
    outer loop
      vertex 156.661 3.72693 1.4
      vertex 158.03 2.55792 1.4
      vertex 157.748 2.25233 1.4
    endloop
  endfacet
  facet normal 0 0 -1
    outer loop
      vertex 157.329 155.082 1.4
      vertex 159.041 155.638 1.4
      vertex 157.403 154.817 1.4
    endloop
  endfacet
  facet normal -0 0 -1
    outer loop
      vertex 159.041 155.638 1.4
      vertex 157.329 155.082 1.4
      vertex 158.897 156.028 1.4
    endloop
  endfacet
  facet normal 0 0 -1
    outer loop
      vertex 159.284 5.58417 1.4
      vertex 157.489 5.72539 1.4
      vertex 157.5 6 1.4
    endloop
  endfacet
  facet normal 0 0 -1
    outer loop
      vertex 159.235 5.1709 1.4
      vertex 157.457 5.45248 1.4
      vertex 157.489 5.72539 1.4
    endloop
  endfacet
  facet normal 0 0 -1
    outer loop
      vertex 156.475 3.52513 1.4
      vertex 157.748 2.25233 1.4
      vertex 157.442 1.96985 1.4
    endloop
  endfacet
  facet normal 0 0 -1
    outer loop
      vertex 159.154 4.76274 1.4
      vertex 157.403 5.18294 1.4
      vertex 157.457 5.45248 1.4
    endloop
  endfacet
  facet normal 0 0 -1
    outer loop
      vertex 159.041 4.36221 1.4
      vertex 157.329 4.91844 1.4
      vertex 157.403 5.18294 1.4
    endloop
  endfacet
  facet normal 0 0 -1
    outer loop
      vertex 158.897 3.97177 1.4
      vertex 157.234 4.66061 1.4
      vertex 157.329 4.91844 1.4
    endloop
  endfacet
  facet normal 0 0 -1
    outer loop
      vertex 158.722 3.59386 1.4
      vertex 157.119 4.41103 1.4
      vertex 157.234 4.66061 1.4
    endloop
  endfacet
  facet normal 0 0 -1
    outer loop
      vertex 156.273 3.33858 1.4
      vertex 157.442 1.96985 1.4
      vertex 157.115 1.7122 1.4
    endloop
  endfacet
  facet normal 0 0 -1
    outer loop
      vertex 158.519 3.23076 1.4
      vertex 156.984 4.17125 1.4
      vertex 157.119 4.41103 1.4
    endloop
  endfacet
  facet normal 0 0 -1
    outer loop
      vertex 158.288 2.88474 1.4
      vertex 156.832 3.94275 1.4
      vertex 156.984 4.17125 1.4
    endloop
  endfacet
  facet normal 0 0 -1
    outer loop
      vertex 156.057 3.16844 1.4
      vertex 157.115 1.7122 1.4
      vertex 156.769 1.481 1.4
    endloop
  endfacet
  facet normal 0 0 -1
    outer loop
      vertex 158.03 2.55792 1.4
      vertex 156.661 3.72693 1.4
      vertex 156.832 3.94275 1.4
    endloop
  endfacet
  facet normal 0 0 -1
    outer loop
      vertex 157.748 2.25233 1.4
      vertex 156.475 3.52513 1.4
      vertex 156.661 3.72693 1.4
    endloop
  endfacet
  facet normal 0 0 -1
    outer loop
      vertex 155.829 3.01576 1.4
      vertex 156.769 1.481 1.4
      vertex 156.406 1.27766 1.4
    endloop
  endfacet
  facet normal 0 0 -1
    outer loop
      vertex 157.442 1.96985 1.4
      vertex 156.273 3.33858 1.4
      vertex 156.475 3.52513 1.4
    endloop
  endfacet
  facet normal 0 0 -1
    outer loop
      vertex 157.115 1.7122 1.4
      vertex 156.057 3.16844 1.4
      vertex 156.273 3.33858 1.4
    endloop
  endfacet
  facet normal 0 0 -1
    outer loop
      vertex 155.589 2.88147 1.4
      vertex 156.406 1.27766 1.4
      vertex 156.028 1.10344 1.4
    endloop
  endfacet
  facet normal 0 0 -1
    outer loop
      vertex 156.769 1.481 1.4
      vertex 155.829 3.01576 1.4
      vertex 156.057 3.16844 1.4
    endloop
  endfacet
  facet normal 0 0 -1
    outer loop
      vertex 155.339 2.76642 1.4
      vertex 156.028 1.10344 1.4
      vertex 155.638 0.959396 1.4
    endloop
  endfacet
  facet normal 0 0 -1
    outer loop
      vertex 156.406 1.27766 1.4
      vertex 155.589 2.88147 1.4
      vertex 155.829 3.01576 1.4
    endloop
  endfacet
  facet normal 0 0 -1
    outer loop
      vertex 156.028 1.10344 1.4
      vertex 155.339 2.76642 1.4
      vertex 155.589 2.88147 1.4
    endloop
  endfacet
  facet normal 0 0 -1
    outer loop
      vertex 155.082 2.6713 1.4
      vertex 155.638 0.959396 1.4
      vertex 155.237 0.846436 1.4
    endloop
  endfacet
  facet normal 0 0 -1
    outer loop
      vertex 155.638 0.959396 1.4
      vertex 155.082 2.6713 1.4
      vertex 155.339 2.76642 1.4
    endloop
  endfacet
  facet normal 0 0 -1
    outer loop
      vertex 154.817 2.59671 1.4
      vertex 155.237 0.846436 1.4
      vertex 154.829 0.765259 1.4
    endloop
  endfacet
  facet normal 0 0 -1
    outer loop
      vertex 155.237 0.846436 1.4
      vertex 154.817 2.59671 1.4
      vertex 155.082 2.6713 1.4
    endloop
  endfacet
  facet normal 0 0 -1
    outer loop
      vertex 154.829 0.765259 1.4
      vertex 154.548 2.54309 1.4
      vertex 154.817 2.59671 1.4
    endloop
  endfacet
  facet normal 0 0 -1
    outer loop
      vertex 154.416 0.716339 1.4
      vertex 154.548 2.54309 1.4
      vertex 154.829 0.765259 1.4
    endloop
  endfacet
  facet normal 0 0 -1
    outer loop
      vertex 154.416 0.716339 1.4
      vertex 154.275 2.51079 1.4
      vertex 154.548 2.54309 1.4
    endloop
  endfacet
  facet normal 0 0 -1
    outer loop
      vertex 154 0.699997 1.4
      vertex 154.275 2.51079 1.4
      vertex 154.416 0.716339 1.4
    endloop
  endfacet
  facet normal 0 0 -1
    outer loop
      vertex 154 0.699997 1.4
      vertex 154 2.5 1.4
      vertex 154.275 2.51079 1.4
    endloop
  endfacet
  facet normal 0 0 -1
    outer loop
      vertex 6 0.699997 1.4
      vertex 154 2.5 1.4
      vertex 154 0.699997 1.4
    endloop
  endfacet
  facet normal 0 0 -1
    outer loop
      vertex 6 0.699997 1.4
      vertex 6 2.5 1.4
      vertex 154 2.5 1.4
    endloop
  endfacet
  facet normal 0 0 -1
    outer loop
      vertex 6 0.699997 1.4
      vertex 5.72539 2.51079 1.4
      vertex 6 2.5 1.4
    endloop
  endfacet
  facet normal 0 0 -1
    outer loop
      vertex 5.58417 0.716339 1.4
      vertex 5.72539 2.51079 1.4
      vertex 6 0.699997 1.4
    endloop
  endfacet
  facet normal 0 0 -1
    outer loop
      vertex 5.58417 0.716339 1.4
      vertex 5.45248 2.54309 1.4
      vertex 5.72539 2.51079 1.4
    endloop
  endfacet
  facet normal 0 0 -1
    outer loop
      vertex 5.1709 0.765259 1.4
      vertex 5.45248 2.54309 1.4
      vertex 5.58417 0.716339 1.4
    endloop
  endfacet
  facet normal -0 0 -1
    outer loop
      vertex 5.45248 2.54309 1.4
      vertex 5.1709 0.765259 1.4
      vertex 5.18294 2.59671 1.4
    endloop
  endfacet
  facet normal 0 0 -1
    outer loop
      vertex 4.76274 0.846436 1.4
      vertex 5.18294 2.59671 1.4
      vertex 5.1709 0.765259 1.4
    endloop
  endfacet
  facet normal -0 0 -1
    outer loop
      vertex 5.18294 2.59671 1.4
      vertex 4.76274 0.846436 1.4
      vertex 4.91844 2.6713 1.4
    endloop
  endfacet
  facet normal 0 0 -1
    outer loop
      vertex 4.36221 0.959396 1.4
      vertex 4.91844 2.6713 1.4
      vertex 4.76274 0.846436 1.4
    endloop
  endfacet
  facet normal -0 0 -1
    outer loop
      vertex 4.91844 2.6713 1.4
      vertex 4.36221 0.959396 1.4
      vertex 4.66061 2.76642 1.4
    endloop
  endfacet
  facet normal 0 0 -1
    outer loop
      vertex 3.97177 1.10344 1.4
      vertex 4.66061 2.76642 1.4
      vertex 4.36221 0.959396 1.4
    endloop
  endfacet
  facet normal -0 0 -1
    outer loop
      vertex 4.66061 2.76642 1.4
      vertex 3.97177 1.10344 1.4
      vertex 4.41103 2.88147 1.4
    endloop
  endfacet
  facet normal 0 0 -1
    outer loop
      vertex 3.59386 1.27766 1.4
      vertex 4.41103 2.88147 1.4
      vertex 3.97177 1.10344 1.4
    endloop
  endfacet
  facet normal -0 0 -1
    outer loop
      vertex 4.41103 2.88147 1.4
      vertex 3.59386 1.27766 1.4
      vertex 4.17125 3.01576 1.4
    endloop
  endfacet
  facet normal 0 0 -1
    outer loop
      vertex 3.23076 1.481 1.4
      vertex 4.17125 3.01576 1.4
      vertex 3.59386 1.27766 1.4
    endloop
  endfacet
  facet normal -0 0 -1
    outer loop
      vertex 4.17125 3.01576 1.4
      vertex 3.23076 1.481 1.4
      vertex 3.94275 3.16844 1.4
    endloop
  endfacet
  facet normal 0 0 -1
    outer loop
      vertex 2.88474 1.7122 1.4
      vertex 3.94275 3.16844 1.4
      vertex 3.23076 1.481 1.4
    endloop
  endfacet
  facet normal -0 0 -1
    outer loop
      vertex 3.94275 3.16844 1.4
      vertex 2.88474 1.7122 1.4
      vertex 3.72693 3.33858 1.4
    endloop
  endfacet
  facet normal 0 0 -1
    outer loop
      vertex 2.55792 1.96985 1.4
      vertex 3.72693 3.33858 1.4
      vertex 2.88474 1.7122 1.4
    endloop
  endfacet
  facet normal -0 0 -1
    outer loop
      vertex 3.72693 3.33858 1.4
      vertex 2.55792 1.96985 1.4
      vertex 3.52513 3.52513 1.4
    endloop
  endfacet
  facet normal 0 0 -1
    outer loop
      vertex 2.25233 2.25233 1.4
      vertex 3.52513 3.52513 1.4
      vertex 2.55792 1.96985 1.4
    endloop
  endfacet
  facet normal -0 0 -1
    outer loop
      vertex 3.52513 3.52513 1.4
      vertex 2.25233 2.25233 1.4
      vertex 3.33858 3.72693 1.4
    endloop
  endfacet
  facet normal 0 0 -1
    outer loop
      vertex 1.96985 2.55792 1.4
      vertex 3.33858 3.72693 1.4
      vertex 2.25233 2.25233 1.4
    endloop
  endfacet
  facet normal -0 0 -1
    outer loop
      vertex 3.33858 3.72693 1.4
      vertex 1.96985 2.55792 1.4
      vertex 3.16844 3.94275 1.4
    endloop
  endfacet
  facet normal 0 0 -1
    outer loop
      vertex 1.7122 2.88474 1.4
      vertex 3.16844 3.94275 1.4
      vertex 1.96985 2.55792 1.4
    endloop
  endfacet
  facet normal -0 0 -1
    outer loop
      vertex 3.16844 3.94275 1.4
      vertex 1.7122 2.88474 1.4
      vertex 3.01576 4.17125 1.4
    endloop
  endfacet
  facet normal 0 0 -1
    outer loop
      vertex 1.481 3.23076 1.4
      vertex 3.01576 4.17125 1.4
      vertex 1.7122 2.88474 1.4
    endloop
  endfacet
  facet normal -0 0 -1
    outer loop
      vertex 3.01576 4.17125 1.4
      vertex 1.481 3.23076 1.4
      vertex 2.88147 4.41103 1.4
    endloop
  endfacet
  facet normal 0 0 -1
    outer loop
      vertex 1.27766 3.59386 1.4
      vertex 2.88147 4.41103 1.4
      vertex 1.481 3.23076 1.4
    endloop
  endfacet
  facet normal -0 0 -1
    outer loop
      vertex 2.88147 4.41103 1.4
      vertex 1.27766 3.59386 1.4
      vertex 2.76642 4.66061 1.4
    endloop
  endfacet
  facet normal -0 0 -1
    outer loop
      vertex 2.76642 4.66061 1.4
      vertex 1.10344 3.97177 1.4
      vertex 2.6713 4.91844 1.4
    endloop
  endfacet
  facet normal 0 0 -1
    outer loop
      vertex 1.10344 3.97177 1.4
      vertex 2.76642 4.66061 1.4
      vertex 1.27766 3.59386 1.4
    endloop
  endfacet
  facet normal 0 0 -1
    outer loop
      vertex 157.234 155.339 1.4
      vertex 158.897 156.028 1.4
      vertex 157.329 155.082 1.4
    endloop
  endfacet
  facet normal -0 0 -1
    outer loop
      vertex 158.897 156.028 1.4
      vertex 157.234 155.339 1.4
      vertex 158.722 156.406 1.4
    endloop
  endfacet
  facet normal 0 0 -1
    outer loop
      vertex 157.119 155.589 1.4
      vertex 158.722 156.406 1.4
      vertex 157.234 155.339 1.4
    endloop
  endfacet
  facet normal -0 0 -1
    outer loop
      vertex 158.722 156.406 1.4
      vertex 157.119 155.589 1.4
      vertex 158.519 156.769 1.4
    endloop
  endfacet
  facet normal 0 0 -1
    outer loop
      vertex 156.984 155.829 1.4
      vertex 158.519 156.769 1.4
      vertex 157.119 155.589 1.4
    endloop
  endfacet
  facet normal -0 0 -1
    outer loop
      vertex 158.519 156.769 1.4
      vertex 156.984 155.829 1.4
      vertex 158.288 157.115 1.4
    endloop
  endfacet
  facet normal 0 0 -1
    outer loop
      vertex 156.832 156.057 1.4
      vertex 158.288 157.115 1.4
      vertex 156.984 155.829 1.4
    endloop
  endfacet
  facet normal -0 0 -1
    outer loop
      vertex 158.288 157.115 1.4
      vertex 156.832 156.057 1.4
      vertex 158.03 157.442 1.4
    endloop
  endfacet
  facet normal 0 0 -1
    outer loop
      vertex 156.661 156.273 1.4
      vertex 158.03 157.442 1.4
      vertex 156.832 156.057 1.4
    endloop
  endfacet
  facet normal -0 0 -1
    outer loop
      vertex 158.03 157.442 1.4
      vertex 156.661 156.273 1.4
      vertex 157.748 157.748 1.4
    endloop
  endfacet
  facet normal 0 0 -1
    outer loop
      vertex 156.475 156.475 1.4
      vertex 157.748 157.748 1.4
      vertex 156.661 156.273 1.4
    endloop
  endfacet
  facet normal -0 0 -1
    outer loop
      vertex 157.748 157.748 1.4
      vertex 156.475 156.475 1.4
      vertex 157.442 158.03 1.4
    endloop
  endfacet
  facet normal 0 0 -1
    outer loop
      vertex 156.273 156.661 1.4
      vertex 157.442 158.03 1.4
      vertex 156.475 156.475 1.4
    endloop
  endfacet
  facet normal -0 0 -1
    outer loop
      vertex 157.442 158.03 1.4
      vertex 156.273 156.661 1.4
      vertex 157.115 158.288 1.4
    endloop
  endfacet
  facet normal 0 0 -1
    outer loop
      vertex 156.057 156.832 1.4
      vertex 157.115 158.288 1.4
      vertex 156.273 156.661 1.4
    endloop
  endfacet
  facet normal -0 0 -1
    outer loop
      vertex 157.115 158.288 1.4
      vertex 156.057 156.832 1.4
      vertex 156.769 158.519 1.4
    endloop
  endfacet
  facet normal 0 0 -1
    outer loop
      vertex 155.829 156.984 1.4
      vertex 156.769 158.519 1.4
      vertex 156.057 156.832 1.4
    endloop
  endfacet
  facet normal -0 0 -1
    outer loop
      vertex 156.769 158.519 1.4
      vertex 155.829 156.984 1.4
      vertex 156.406 158.722 1.4
    endloop
  endfacet
  facet normal 0 0 -1
    outer loop
      vertex 155.589 157.119 1.4
      vertex 156.406 158.722 1.4
      vertex 155.829 156.984 1.4
    endloop
  endfacet
  facet normal -0 0 -1
    outer loop
      vertex 156.406 158.722 1.4
      vertex 155.589 157.119 1.4
      vertex 156.028 158.897 1.4
    endloop
  endfacet
  facet normal 0 0 -1
    outer loop
      vertex 155.339 157.234 1.4
      vertex 156.028 158.897 1.4
      vertex 155.589 157.119 1.4
    endloop
  endfacet
  facet normal -0 0 -1
    outer loop
      vertex 156.028 158.897 1.4
      vertex 155.339 157.234 1.4
      vertex 155.638 159.041 1.4
    endloop
  endfacet
  facet normal 0 0 -1
    outer loop
      vertex 155.082 157.329 1.4
      vertex 155.638 159.041 1.4
      vertex 155.339 157.234 1.4
    endloop
  endfacet
  facet normal -0 0 -1
    outer loop
      vertex 155.638 159.041 1.4
      vertex 155.082 157.329 1.4
      vertex 155.237 159.154 1.4
    endloop
  endfacet
  facet normal 0 0 -1
    outer loop
      vertex 154.817 157.403 1.4
      vertex 155.237 159.154 1.4
      vertex 155.082 157.329 1.4
    endloop
  endfacet
  facet normal -0 0 -1
    outer loop
      vertex 155.237 159.154 1.4
      vertex 154.817 157.403 1.4
      vertex 154.829 159.235 1.4
    endloop
  endfacet
  facet normal 0 0 -1
    outer loop
      vertex 154.548 157.457 1.4
      vertex 154.829 159.235 1.4
      vertex 154.817 157.403 1.4
    endloop
  endfacet
  facet normal 0 0 -1
    outer loop
      vertex 154.548 157.457 1.4
      vertex 154.416 159.284 1.4
      vertex 154.829 159.235 1.4
    endloop
  endfacet
  facet normal 0 0 -1
    outer loop
      vertex 154.275 157.489 1.4
      vertex 154.416 159.284 1.4
      vertex 154.548 157.457 1.4
    endloop
  endfacet
  facet normal 0 0 -1
    outer loop
      vertex 154 157.5 1.4
      vertex 154.416 159.284 1.4
      vertex 154.275 157.489 1.4
    endloop
  endfacet
  facet normal 0 0 -1
    outer loop
      vertex 154 157.5 1.4
      vertex 154 159.3 1.4
      vertex 154.416 159.284 1.4
    endloop
  endfacet
  facet normal 0 0 -1
    outer loop
      vertex 6 157.5 1.4
      vertex 154 159.3 1.4
      vertex 154 157.5 1.4
    endloop
  endfacet
  facet normal 0 0 -1
    outer loop
      vertex 6 157.5 1.4
      vertex 6 159.3 1.4
      vertex 154 159.3 1.4
    endloop
  endfacet
  facet normal 0 0 -1
    outer loop
      vertex 5.72539 157.489 1.4
      vertex 6 159.3 1.4
      vertex 6 157.5 1.4
    endloop
  endfacet
  facet normal 0 0 -1
    outer loop
      vertex 5.72539 157.489 1.4
      vertex 5.58417 159.284 1.4
      vertex 6 159.3 1.4
    endloop
  endfacet
  facet normal 0 0 -1
    outer loop
      vertex 5.45248 157.457 1.4
      vertex 5.58417 159.284 1.4
      vertex 5.72539 157.489 1.4
    endloop
  endfacet
  facet normal 0 0 -1
    outer loop
      vertex 5.1709 159.235 1.4
      vertex 5.45248 157.457 1.4
      vertex 5.18294 157.403 1.4
    endloop
  endfacet
  facet normal 0 0 -1
    outer loop
      vertex 5.45248 157.457 1.4
      vertex 5.1709 159.235 1.4
      vertex 5.58417 159.284 1.4
    endloop
  endfacet
  facet normal 0 0 -1
    outer loop
      vertex 4.76274 159.154 1.4
      vertex 5.18294 157.403 1.4
      vertex 4.91844 157.329 1.4
    endloop
  endfacet
  facet normal 0 0 -1
    outer loop
      vertex 5.18294 157.403 1.4
      vertex 4.76274 159.154 1.4
      vertex 5.1709 159.235 1.4
    endloop
  endfacet
  facet normal 0 0 -1
    outer loop
      vertex 4.36221 159.041 1.4
      vertex 4.91844 157.329 1.4
      vertex 4.66061 157.234 1.4
    endloop
  endfacet
  facet normal 0 0 -1
    outer loop
      vertex 3.97177 158.897 1.4
      vertex 4.66061 157.234 1.4
      vertex 4.41103 157.119 1.4
    endloop
  endfacet
  facet normal 0 0 -1
    outer loop
      vertex 4.91844 157.329 1.4
      vertex 4.36221 159.041 1.4
      vertex 4.76274 159.154 1.4
    endloop
  endfacet
  facet normal 0 0 -1
    outer loop
      vertex 3.59386 158.722 1.4
      vertex 4.41103 157.119 1.4
      vertex 4.17125 156.984 1.4
    endloop
  endfacet
  facet normal 0 0 -1
    outer loop
      vertex 4.66061 157.234 1.4
      vertex 3.97177 158.897 1.4
      vertex 4.36221 159.041 1.4
    endloop
  endfacet
  facet normal 0 0 -1
    outer loop
      vertex 3.23076 158.519 1.4
      vertex 4.17125 156.984 1.4
      vertex 3.94275 156.832 1.4
    endloop
  endfacet
  facet normal 0 0 -1
    outer loop
      vertex 2.88474 158.288 1.4
      vertex 3.94275 156.832 1.4
      vertex 3.72693 156.661 1.4
    endloop
  endfacet
  facet normal 0 0 -1
    outer loop
      vertex 4.41103 157.119 1.4
      vertex 3.59386 158.722 1.4
      vertex 3.97177 158.897 1.4
    endloop
  endfacet
  facet normal 0 0 -1
    outer loop
      vertex 2.55792 158.03 1.4
      vertex 3.72693 156.661 1.4
      vertex 3.52513 156.475 1.4
    endloop
  endfacet
  facet normal 0 0 -1
    outer loop
      vertex 2.25233 157.748 1.4
      vertex 3.52513 156.475 1.4
      vertex 3.33858 156.273 1.4
    endloop
  endfacet
  facet normal 0 0 -1
    outer loop
      vertex 4.17125 156.984 1.4
      vertex 3.23076 158.519 1.4
      vertex 3.59386 158.722 1.4
    endloop
  endfacet
  facet normal 0 0 -1
    outer loop
      vertex 1.96985 157.442 1.4
      vertex 3.33858 156.273 1.4
      vertex 3.16844 156.057 1.4
    endloop
  endfacet
  facet normal 0 0 -1
    outer loop
      vertex 1.7122 157.115 1.4
      vertex 3.16844 156.057 1.4
      vertex 3.01576 155.829 1.4
    endloop
  endfacet
  facet normal 0 0 -1
    outer loop
      vertex 3.94275 156.832 1.4
      vertex 2.88474 158.288 1.4
      vertex 3.23076 158.519 1.4
    endloop
  endfacet
  facet normal 0 0 -1
    outer loop
      vertex 1.481 156.769 1.4
      vertex 3.01576 155.829 1.4
      vertex 2.88147 155.589 1.4
    endloop
  endfacet
  facet normal 0 0 -1
    outer loop
      vertex 1.27766 156.406 1.4
      vertex 2.88147 155.589 1.4
      vertex 2.76642 155.339 1.4
    endloop
  endfacet
  facet normal 0 0 -1
    outer loop
      vertex 1.10344 156.028 1.4
      vertex 2.76642 155.339 1.4
      vertex 2.6713 155.082 1.4
    endloop
  endfacet
  facet normal 0 0 -1
    outer loop
      vertex 0.959396 155.638 1.4
      vertex 2.6713 155.082 1.4
      vertex 2.59671 154.817 1.4
    endloop
  endfacet
  facet normal 0 0 -1
    outer loop
      vertex 3.72693 156.661 1.4
      vertex 2.55792 158.03 1.4
      vertex 2.88474 158.288 1.4
    endloop
  endfacet
  facet normal 0 0 -1
    outer loop
      vertex 0.846436 155.237 1.4
      vertex 2.59671 154.817 1.4
      vertex 2.54309 154.548 1.4
    endloop
  endfacet
  facet normal 0 0 -1
    outer loop
      vertex 0.765259 154.829 1.4
      vertex 2.54309 154.548 1.4
      vertex 2.51079 154.275 1.4
    endloop
  endfacet
  facet normal 0 0 -1
    outer loop
      vertex 0.716339 154.416 1.4
      vertex 2.51079 154.275 1.4
      vertex 2.5 154 1.4
    endloop
  endfacet
  facet normal 0 0 -1
    outer loop
      vertex 3.52513 156.475 1.4
      vertex 2.25233 157.748 1.4
      vertex 2.55792 158.03 1.4
    endloop
  endfacet
  facet normal 0 0 -1
    outer loop
      vertex 2.5 6 1.4
      vertex 0.699997 6 1.4
      vertex 2.5 154 1.4
    endloop
  endfacet
  facet normal 0 0 -1
    outer loop
      vertex 0.959396 4.36221 1.4
      vertex 2.6713 4.91844 1.4
      vertex 1.10344 3.97177 1.4
    endloop
  endfacet
  facet normal 0 0 -1
    outer loop
      vertex 0.699997 154 1.4
      vertex 2.5 154 1.4
      vertex 0.699997 6 1.4
    endloop
  endfacet
  facet normal -0 0 -1
    outer loop
      vertex 2.6713 4.91844 1.4
      vertex 0.959396 4.36221 1.4
      vertex 2.59671 5.18294 1.4
    endloop
  endfacet
  facet normal 0 -0 -1
    outer loop
      vertex 0.716339 154.416 1.4
      vertex 2.5 154 1.4
      vertex 0.699997 154 1.4
    endloop
  endfacet
  facet normal 0 0 -1
    outer loop
      vertex 0.846436 4.76274 1.4
      vertex 2.59671 5.18294 1.4
      vertex 0.959396 4.36221 1.4
    endloop
  endfacet
  facet normal 0 0 -1
    outer loop
      vertex 3.33858 156.273 1.4
      vertex 1.96985 157.442 1.4
      vertex 2.25233 157.748 1.4
    endloop
  endfacet
  facet normal -0 0 -1
    outer loop
      vertex 2.59671 5.18294 1.4
      vertex 0.846436 4.76274 1.4
      vertex 2.54309 5.45248 1.4
    endloop
  endfacet
  facet normal 0 0 -1
    outer loop
      vertex 3.16844 156.057 1.4
      vertex 1.7122 157.115 1.4
      vertex 1.96985 157.442 1.4
    endloop
  endfacet
  facet normal 0 0 -1
    outer loop
      vertex 0.765259 5.1709 1.4
      vertex 2.54309 5.45248 1.4
      vertex 0.846436 4.76274 1.4
    endloop
  endfacet
  facet normal 0 0 -1
    outer loop
      vertex 3.01576 155.829 1.4
      vertex 1.481 156.769 1.4
      vertex 1.7122 157.115 1.4
    endloop
  endfacet
  facet normal -0 0 -1
    outer loop
      vertex 2.54309 5.45248 1.4
      vertex 0.765259 5.1709 1.4
      vertex 2.51079 5.72539 1.4
    endloop
  endfacet
  facet normal 0 0 -1
    outer loop
      vertex 2.88147 155.589 1.4
      vertex 1.27766 156.406 1.4
      vertex 1.481 156.769 1.4
    endloop
  endfacet
  facet normal 0 0 -1
    outer loop
      vertex 0.716339 5.58417 1.4
      vertex 2.51079 5.72539 1.4
      vertex 0.765259 5.1709 1.4
    endloop
  endfacet
  facet normal 0 0 -1
    outer loop
      vertex 2.76642 155.339 1.4
      vertex 1.10344 156.028 1.4
      vertex 1.27766 156.406 1.4
    endloop
  endfacet
  facet normal -0 0 -1
    outer loop
      vertex 2.51079 5.72539 1.4
      vertex 0.716339 5.58417 1.4
      vertex 2.5 6 1.4
    endloop
  endfacet
  facet normal 0 0 -1
    outer loop
      vertex 2.6713 155.082 1.4
      vertex 0.959396 155.638 1.4
      vertex 1.10344 156.028 1.4
    endloop
  endfacet
  facet normal -0 0 -1
    outer loop
      vertex 2.5 6 1.4
      vertex 0.716339 5.58417 1.4
      vertex 0.699997 6 1.4
    endloop
  endfacet
  facet normal 0 0 -1
    outer loop
      vertex 2.59671 154.817 1.4
      vertex 0.846436 155.237 1.4
      vertex 0.959396 155.638 1.4
    endloop
  endfacet
  facet normal 0 0 -1
    outer loop
      vertex 2.54309 154.548 1.4
      vertex 0.765259 154.829 1.4
      vertex 0.846436 155.237 1.4
    endloop
  endfacet
  facet normal 0 0 -1
    outer loop
      vertex 2.51079 154.275 1.4
      vertex 0.716339 154.416 1.4
      vertex 0.765259 154.829 1.4
    endloop
  endfacet
  facet normal -0.117628 0.993058 0
    outer loop
      vertex 154.829 0.765259 0
      vertex 154.416 0.716339 1.4
      vertex 154.829 0.765259 1.4
    endloop
  endfacet
  facet normal -0.117628 0.993058 0
    outer loop
      vertex 154.416 0.716339 1.4
      vertex 154.829 0.765259 0
      vertex 154.416 0.716339 0
    endloop
  endfacet
  facet normal -0.195138 0.980776 0
    outer loop
      vertex 155.237 0.846436 0
      vertex 154.829 0.765259 1.4
      vertex 155.237 0.846436 1.4
    endloop
  endfacet
  facet normal -0.195138 0.980776 0
    outer loop
      vertex 154.829 0.765259 1.4
      vertex 155.237 0.846436 0
      vertex 154.829 0.765259 0
    endloop
  endfacet
  facet normal -0.271143 0.962539 0
    outer loop
      vertex 155.638 0.959396 0
      vertex 155.237 0.846436 1.4
      vertex 155.638 0.959396 1.4
    endloop
  endfacet
  facet normal -0.271143 0.962539 0
    outer loop
      vertex 155.237 0.846436 1.4
      vertex 155.638 0.959396 0
      vertex 155.237 0.846436 0
    endloop
  endfacet
  facet normal -0.346467 0.938062 0
    outer loop
      vertex 156.028 1.10344 0
      vertex 155.638 0.959396 1.4
      vertex 156.028 1.10344 1.4
    endloop
  endfacet
  facet normal -0.346467 0.938062 0
    outer loop
      vertex 155.638 0.959396 1.4
      vertex 156.028 1.10344 0
      vertex 155.638 0.959396 0
    endloop
  endfacet
  facet normal -0.41858 0.90818 0
    outer loop
      vertex 156.406 1.27766 0
      vertex 156.028 1.10344 1.4
      vertex 156.406 1.27766 1.4
    endloop
  endfacet
  facet normal -0.41858 0.90818 0
    outer loop
      vertex 156.028 1.10344 1.4
      vertex 156.406 1.27766 0
      vertex 156.028 1.10344 0
    endloop
  endfacet
  facet normal -0.488713 0.872445 0
    outer loop
      vertex 156.769 1.481 0
      vertex 156.406 1.27766 1.4
      vertex 156.769 1.481 1.4
    endloop
  endfacet
  facet normal -0.488713 0.872445 0
    outer loop
      vertex 156.406 1.27766 1.4
      vertex 156.769 1.481 0
      vertex 156.406 1.27766 0
    endloop
  endfacet
  facet normal -0.555587 0.831458 0
    outer loop
      vertex 157.115 1.7122 0
      vertex 156.769 1.481 1.4
      vertex 157.115 1.7122 1.4
    endloop
  endfacet
  facet normal -0.555587 0.831458 0
    outer loop
      vertex 156.769 1.481 1.4
      vertex 157.115 1.7122 0
      vertex 156.769 1.481 0
    endloop
  endfacet
  facet normal -0.618892 0.785476 0
    outer loop
      vertex 157.442 1.96985 0
      vertex 157.115 1.7122 1.4
      vertex 157.442 1.96985 1.4
    endloop
  endfacet
  facet normal -0.618892 0.785476 0
    outer loop
      vertex 157.115 1.7122 1.4
      vertex 157.442 1.96985 0
      vertex 157.115 1.7122 0
    endloop
  endfacet
  facet normal -0.678304 0.734781 0
    outer loop
      vertex 157.748 2.25233 0
      vertex 157.442 1.96985 1.4
      vertex 157.748 2.25233 1.4
    endloop
  endfacet
  facet normal -0.678304 0.734781 0
    outer loop
      vertex 157.442 1.96985 1.4
      vertex 157.748 2.25233 0
      vertex 157.442 1.96985 0
    endloop
  endfacet
  facet normal -0.734903 0.678172 0
    outer loop
      vertex 157.748 2.25233 0
      vertex 158.03 2.55792 1.4
      vertex 158.03 2.55792 0
    endloop
  endfacet
  facet normal -0.734903 0.678172 0
    outer loop
      vertex 158.03 2.55792 1.4
      vertex 157.748 2.25233 0
      vertex 157.748 2.25233 1.4
    endloop
  endfacet
  facet normal -0.784901 0.619621 0
    outer loop
      vertex 158.03 2.55792 0
      vertex 158.288 2.88474 1.4
      vertex 158.288 2.88474 0
    endloop
  endfacet
  facet normal -0.784901 0.619621 0
    outer loop
      vertex 158.288 2.88474 1.4
      vertex 158.03 2.55792 0
      vertex 158.03 2.55792 1.4
    endloop
  endfacet
  facet normal -0.831695 0.555233 0
    outer loop
      vertex 158.288 2.88474 0
      vertex 158.519 3.23076 1.4
      vertex 158.519 3.23076 0
    endloop
  endfacet
  facet normal -0.831695 0.555233 0
    outer loop
      vertex 158.519 3.23076 1.4
      vertex 158.288 2.88474 0
      vertex 158.288 2.88474 1.4
    endloop
  endfacet
  facet normal -0.87285 0.487988 0
    outer loop
      vertex 158.519 3.23076 0
      vertex 158.722 3.59386 1.4
      vertex 158.722 3.59386 0
    endloop
  endfacet
  facet normal -0.87285 0.487988 0
    outer loop
      vertex 158.722 3.59386 1.4
      vertex 158.519 3.23076 0
      vertex 158.519 3.23076 1.4
    endloop
  endfacet
  facet normal -0.907429 0.420206 0
    outer loop
      vertex 158.722 3.59386 0
      vertex 158.897 3.97177 1.4
      vertex 158.897 3.97177 0
    endloop
  endfacet
  facet normal -0.907429 0.420206 0
    outer loop
      vertex 158.897 3.97177 1.4
      vertex 158.722 3.59386 0
      vertex 158.722 3.59386 1.4
    endloop
  endfacet
  facet normal -0.938223 0.346031 0
    outer loop
      vertex 158.897 3.97177 0
      vertex 159.041 4.36221 1.4
      vertex 159.041 4.36221 0
    endloop
  endfacet
  facet normal -0.938223 0.346031 0
    outer loop
      vertex 159.041 4.36221 1.4
      vertex 158.897 3.97177 0
      vertex 158.897 3.97177 1.4
    endloop
  endfacet
  facet normal -0.962431 0.271527 0
    outer loop
      vertex 159.041 4.36221 0
      vertex 159.154 4.76274 1.4
      vertex 159.154 4.76274 0
    endloop
  endfacet
  facet normal -0.962431 0.271527 0
    outer loop
      vertex 159.154 4.76274 1.4
      vertex 159.041 4.36221 0
      vertex 159.041 4.36221 1.4
    endloop
  endfacet
  facet normal -0.980872 0.194656 0
    outer loop
      vertex 159.154 4.76274 0
      vertex 159.235 5.1709 1.4
      vertex 159.235 5.1709 0
    endloop
  endfacet
  facet normal -0.980872 0.194656 0
    outer loop
      vertex 159.235 5.1709 1.4
      vertex 159.154 4.76274 0
      vertex 159.154 4.76274 1.4
    endloop
  endfacet
  facet normal -0.993044 0.117742 0
    outer loop
      vertex 159.235 5.1709 0
      vertex 159.284 5.58417 1.4
      vertex 159.284 5.58417 0
    endloop
  endfacet
  facet normal -0.993044 0.117742 0
    outer loop
      vertex 159.284 5.58417 1.4
      vertex 159.235 5.1709 0
      vertex 159.235 5.1709 1.4
    endloop
  endfacet
  facet normal -0.999261 0.0384488 0
    outer loop
      vertex 159.284 5.58417 0
      vertex 159.3 6 1.4
      vertex 159.3 6 0
    endloop
  endfacet
  facet normal -0.999261 0.0384488 0
    outer loop
      vertex 159.3 6 1.4
      vertex 159.284 5.58417 0
      vertex 159.284 5.58417 1.4
    endloop
  endfacet
  facet normal -1 0 0
    outer loop
      vertex 159.3 6 0
      vertex 159.3 154 1.4
      vertex 159.3 154 0
    endloop
  endfacet
  facet normal -1 -0 0
    outer loop
      vertex 159.3 154 1.4
      vertex 159.3 6 0
      vertex 159.3 6 1.4
    endloop
  endfacet
  facet normal -0.999261 -0.0384331 0
    outer loop
      vertex 159.3 154 0
      vertex 159.284 154.416 1.4
      vertex 159.284 154.416 0
    endloop
  endfacet
  facet normal -0.999261 -0.0384331 0
    outer loop
      vertex 159.284 154.416 1.4
      vertex 159.3 154 0
      vertex 159.3 154 1.4
    endloop
  endfacet
  facet normal -0.993035 -0.117818 0
    outer loop
      vertex 159.284 154.416 0
      vertex 159.235 154.829 1.4
      vertex 159.235 154.829 0
    endloop
  endfacet
  facet normal -0.993035 -0.117818 0
    outer loop
      vertex 159.235 154.829 1.4
      vertex 159.284 154.416 0
      vertex 159.284 154.416 1.4
    endloop
  endfacet
  facet normal -0.980857 -0.194729 0
    outer loop
      vertex 159.235 154.829 0
      vertex 159.154 155.237 1.4
      vertex 159.154 155.237 0
    endloop
  endfacet
  facet normal -0.980857 -0.194729 0
    outer loop
      vertex 159.154 155.237 1.4
      vertex 159.235 154.829 0
      vertex 159.235 154.829 1.4
    endloop
  endfacet
  facet normal -0.962514 -0.271232 0
    outer loop
      vertex 159.154 155.237 0
      vertex 159.041 155.638 1.4
      vertex 159.041 155.638 0
    endloop
  endfacet
  facet normal -0.962514 -0.271232 0
    outer loop
      vertex 159.041 155.638 1.4
      vertex 159.154 155.237 0
      vertex 159.154 155.237 1.4
    endloop
  endfacet
  facet normal -0.938096 -0.346374 0
    outer loop
      vertex 159.041 155.638 0
      vertex 158.897 156.028 1.4
      vertex 158.897 156.028 0
    endloop
  endfacet
  facet normal -0.938096 -0.346374 0
    outer loop
      vertex 158.897 156.028 1.4
      vertex 159.041 155.638 0
      vertex 159.041 155.638 1.4
    endloop
  endfacet
  facet normal -0.907467 -0.420124 0
    outer loop
      vertex 158.897 156.028 0
      vertex 158.722 156.406 1.4
      vertex 158.722 156.406 0
    endloop
  endfacet
  facet normal -0.907467 -0.420124 0
    outer loop
      vertex 158.722 156.406 1.4
      vertex 158.897 156.028 0
      vertex 158.897 156.028 1.4
    endloop
  endfacet
  facet normal -0.872793 -0.488091 0
    outer loop
      vertex 158.722 156.406 0
      vertex 158.519 156.769 1.4
      vertex 158.519 156.769 0
    endloop
  endfacet
  facet normal -0.872793 -0.488091 0
    outer loop
      vertex 158.519 156.769 1.4
      vertex 158.722 156.406 0
      vertex 158.722 156.406 1.4
    endloop
  endfacet
  facet normal -0.83168 -0.555255 0
    outer loop
      vertex 158.519 156.769 0
      vertex 158.288 157.115 1.4
      vertex 158.288 157.115 0
    endloop
  endfacet
  facet normal -0.83168 -0.555255 0
    outer loop
      vertex 158.288 157.115 1.4
      vertex 158.519 156.769 0
      vertex 158.519 156.769 1.4
    endloop
  endfacet
  facet normal -0.785067 -0.619411 0
    outer loop
      vertex 158.288 157.115 0
      vertex 158.03 157.442 1.4
      vertex 158.03 157.442 0
    endloop
  endfacet
  facet normal -0.785067 -0.619411 0
    outer loop
      vertex 158.03 157.442 1.4
      vertex 158.288 157.115 0
      vertex 158.288 157.115 1.4
    endloop
  endfacet
  facet normal -0.735356 -0.677681 0
    outer loop
      vertex 158.03 157.442 0
      vertex 157.748 157.748 1.4
      vertex 157.748 157.748 0
    endloop
  endfacet
  facet normal -0.735356 -0.677681 0
    outer loop
      vertex 157.748 157.748 1.4
      vertex 158.03 157.442 0
      vertex 158.03 157.442 1.4
    endloop
  endfacet
  facet normal -0.677681 -0.735356 0
    outer loop
      vertex 157.442 158.03 0
      vertex 157.748 157.748 1.4
      vertex 157.442 158.03 1.4
    endloop
  endfacet
  facet normal -0.677681 -0.735356 -0
    outer loop
      vertex 157.748 157.748 1.4
      vertex 157.442 158.03 0
      vertex 157.748 157.748 0
    endloop
  endfacet
  facet normal -0.619411 -0.785067 0
    outer loop
      vertex 157.115 158.288 0
      vertex 157.442 158.03 1.4
      vertex 157.115 158.288 1.4
    endloop
  endfacet
  facet normal -0.619411 -0.785067 -0
    outer loop
      vertex 157.442 158.03 1.4
      vertex 157.115 158.288 0
      vertex 157.442 158.03 0
    endloop
  endfacet
  facet normal -0.555255 -0.83168 0
    outer loop
      vertex 156.769 158.519 0
      vertex 157.115 158.288 1.4
      vertex 156.769 158.519 1.4
    endloop
  endfacet
  facet normal -0.555255 -0.83168 -0
    outer loop
      vertex 157.115 158.288 1.4
      vertex 156.769 158.519 0
      vertex 157.115 158.288 0
    endloop
  endfacet
  facet normal -0.488091 -0.872793 0
    outer loop
      vertex 156.406 158.722 0
      vertex 156.769 158.519 1.4
      vertex 156.406 158.722 1.4
    endloop
  endfacet
  facet normal -0.488091 -0.872793 -0
    outer loop
      vertex 156.769 158.519 1.4
      vertex 156.406 158.722 0
      vertex 156.769 158.519 0
    endloop
  endfacet
  facet normal -0.420124 -0.907467 0
    outer loop
      vertex 156.028 158.897 0
      vertex 156.406 158.722 1.4
      vertex 156.028 158.897 1.4
    endloop
  endfacet
  facet normal -0.420124 -0.907467 -0
    outer loop
      vertex 156.406 158.722 1.4
      vertex 156.028 158.897 0
      vertex 156.406 158.722 0
    endloop
  endfacet
  facet normal -0.346374 -0.938096 0
    outer loop
      vertex 155.638 159.041 0
      vertex 156.028 158.897 1.4
      vertex 155.638 159.041 1.4
    endloop
  endfacet
  facet normal -0.346374 -0.938096 -0
    outer loop
      vertex 156.028 158.897 1.4
      vertex 155.638 159.041 0
      vertex 156.028 158.897 0
    endloop
  endfacet
  facet normal -0.271232 -0.962514 0
    outer loop
      vertex 155.237 159.154 0
      vertex 155.638 159.041 1.4
      vertex 155.237 159.154 1.4
    endloop
  endfacet
  facet normal -0.271232 -0.962514 -0
    outer loop
      vertex 155.638 159.041 1.4
      vertex 155.237 159.154 0
      vertex 155.638 159.041 0
    endloop
  endfacet
  facet normal -0.194729 -0.980857 0
    outer loop
      vertex 154.829 159.235 0
      vertex 155.237 159.154 1.4
      vertex 154.829 159.235 1.4
    endloop
  endfacet
  facet normal -0.194729 -0.980857 -0
    outer loop
      vertex 155.237 159.154 1.4
      vertex 154.829 159.235 0
      vertex 155.237 159.154 0
    endloop
  endfacet
  facet normal -0.117818 -0.993035 0
    outer loop
      vertex 154.416 159.284 0
      vertex 154.829 159.235 1.4
      vertex 154.416 159.284 1.4
    endloop
  endfacet
  facet normal -0.117818 -0.993035 -0
    outer loop
      vertex 154.829 159.235 1.4
      vertex 154.416 159.284 0
      vertex 154.829 159.235 0
    endloop
  endfacet
  facet normal -0.0384331 -0.999261 0
    outer loop
      vertex 154 159.3 0
      vertex 154.416 159.284 1.4
      vertex 154 159.3 1.4
    endloop
  endfacet
  facet normal -0.0384331 -0.999261 -0
    outer loop
      vertex 154.416 159.284 1.4
      vertex 154 159.3 0
      vertex 154.416 159.284 0
    endloop
  endfacet
  facet normal 0 -1 0
    outer loop
      vertex 6 159.3 0
      vertex 154 159.3 1.4
      vertex 6 159.3 1.4
    endloop
  endfacet
  facet normal 0 -1 -0
    outer loop
      vertex 154 159.3 1.4
      vertex 6 159.3 0
      vertex 154 159.3 0
    endloop
  endfacet
  facet normal 0.0384488 -0.999261 0
    outer loop
      vertex 5.58417 159.284 0
      vertex 6 159.3 1.4
      vertex 5.58417 159.284 1.4
    endloop
  endfacet
  facet normal 0.0384488 -0.999261 0
    outer loop
      vertex 6 159.3 1.4
      vertex 5.58417 159.284 0
      vertex 6 159.3 0
    endloop
  endfacet
  facet normal 0.117742 -0.993044 0
    outer loop
      vertex 5.1709 159.235 0
      vertex 5.58417 159.284 1.4
      vertex 5.1709 159.235 1.4
    endloop
  endfacet
  facet normal 0.117742 -0.993044 0
    outer loop
      vertex 5.58417 159.284 1.4
      vertex 5.1709 159.235 0
      vertex 5.58417 159.284 0
    endloop
  endfacet
  facet normal 0.194656 -0.980872 0
    outer loop
      vertex 4.76274 159.154 0
      vertex 5.1709 159.235 1.4
      vertex 4.76274 159.154 1.4
    endloop
  endfacet
  facet normal 0.194656 -0.980872 0
    outer loop
      vertex 5.1709 159.235 1.4
      vertex 4.76274 159.154 0
      vertex 5.1709 159.235 0
    endloop
  endfacet
  facet normal 0.271527 -0.962431 0
    outer loop
      vertex 4.36221 159.041 0
      vertex 4.76274 159.154 1.4
      vertex 4.36221 159.041 1.4
    endloop
  endfacet
  facet normal 0.271527 -0.962431 0
    outer loop
      vertex 4.76274 159.154 1.4
      vertex 4.36221 159.041 0
      vertex 4.76274 159.154 0
    endloop
  endfacet
  facet normal 0.346031 -0.938223 0
    outer loop
      vertex 3.97177 158.897 0
      vertex 4.36221 159.041 1.4
      vertex 3.97177 158.897 1.4
    endloop
  endfacet
  facet normal 0.346031 -0.938223 0
    outer loop
      vertex 4.36221 159.041 1.4
      vertex 3.97177 158.897 0
      vertex 4.36221 159.041 0
    endloop
  endfacet
  facet normal 0.420206 -0.907429 0
    outer loop
      vertex 3.59386 158.722 0
      vertex 3.97177 158.897 1.4
      vertex 3.59386 158.722 1.4
    endloop
  endfacet
  facet normal 0.420206 -0.907429 0
    outer loop
      vertex 3.97177 158.897 1.4
      vertex 3.59386 158.722 0
      vertex 3.97177 158.897 0
    endloop
  endfacet
  facet normal 0.487988 -0.87285 0
    outer loop
      vertex 3.23076 158.519 0
      vertex 3.59386 158.722 1.4
      vertex 3.23076 158.519 1.4
    endloop
  endfacet
  facet normal 0.487988 -0.87285 0
    outer loop
      vertex 3.59386 158.722 1.4
      vertex 3.23076 158.519 0
      vertex 3.59386 158.722 0
    endloop
  endfacet
  facet normal 0.555233 -0.831695 0
    outer loop
      vertex 2.88474 158.288 0
      vertex 3.23076 158.519 1.4
      vertex 2.88474 158.288 1.4
    endloop
  endfacet
  facet normal 0.555233 -0.831695 0
    outer loop
      vertex 3.23076 158.519 1.4
      vertex 2.88474 158.288 0
      vertex 3.23076 158.519 0
    endloop
  endfacet
  facet normal 0.619621 -0.784901 0
    outer loop
      vertex 2.55792 158.03 0
      vertex 2.88474 158.288 1.4
      vertex 2.55792 158.03 1.4
    endloop
  endfacet
  facet normal 0.619621 -0.784901 0
    outer loop
      vertex 2.88474 158.288 1.4
      vertex 2.55792 158.03 0
      vertex 2.88474 158.288 0
    endloop
  endfacet
  facet normal 0.678172 -0.734903 0
    outer loop
      vertex 2.25233 157.748 0
      vertex 2.55792 158.03 1.4
      vertex 2.25233 157.748 1.4
    endloop
  endfacet
  facet normal 0.678172 -0.734903 0
    outer loop
      vertex 2.55792 158.03 1.4
      vertex 2.25233 157.748 0
      vertex 2.55792 158.03 0
    endloop
  endfacet
  facet normal 0.734781 -0.678304 0
    outer loop
      vertex 1.96985 157.442 1.4
      vertex 2.25233 157.748 0
      vertex 2.25233 157.748 1.4
    endloop
  endfacet
  facet normal 0.734781 -0.678304 0
    outer loop
      vertex 2.25233 157.748 0
      vertex 1.96985 157.442 1.4
      vertex 1.96985 157.442 0
    endloop
  endfacet
  facet normal 0.785476 -0.618892 0
    outer loop
      vertex 1.7122 157.115 1.4
      vertex 1.96985 157.442 0
      vertex 1.96985 157.442 1.4
    endloop
  endfacet
  facet normal 0.785476 -0.618892 0
    outer loop
      vertex 1.96985 157.442 0
      vertex 1.7122 157.115 1.4
      vertex 1.7122 157.115 0
    endloop
  endfacet
  facet normal 0.831458 -0.555587 0
    outer loop
      vertex 1.481 156.769 1.4
      vertex 1.7122 157.115 0
      vertex 1.7122 157.115 1.4
    endloop
  endfacet
  facet normal 0.831458 -0.555587 0
    outer loop
      vertex 1.7122 157.115 0
      vertex 1.481 156.769 1.4
      vertex 1.481 156.769 0
    endloop
  endfacet
  facet normal 0.872445 -0.488713 0
    outer loop
      vertex 1.27766 156.406 1.4
      vertex 1.481 156.769 0
      vertex 1.481 156.769 1.4
    endloop
  endfacet
  facet normal 0.872445 -0.488713 0
    outer loop
      vertex 1.481 156.769 0
      vertex 1.27766 156.406 1.4
      vertex 1.27766 156.406 0
    endloop
  endfacet
  facet normal 0.90818 -0.41858 0
    outer loop
      vertex 1.10344 156.028 1.4
      vertex 1.27766 156.406 0
      vertex 1.27766 156.406 1.4
    endloop
  endfacet
  facet normal 0.90818 -0.41858 0
    outer loop
      vertex 1.27766 156.406 0
      vertex 1.10344 156.028 1.4
      vertex 1.10344 156.028 0
    endloop
  endfacet
  facet normal 0.938062 -0.346467 0
    outer loop
      vertex 0.959396 155.638 1.4
      vertex 1.10344 156.028 0
      vertex 1.10344 156.028 1.4
    endloop
  endfacet
  facet normal 0.938062 -0.346467 0
    outer loop
      vertex 1.10344 156.028 0
      vertex 0.959396 155.638 1.4
      vertex 0.959396 155.638 0
    endloop
  endfacet
  facet normal 0.962539 -0.271143 0
    outer loop
      vertex 0.846436 155.237 1.4
      vertex 0.959396 155.638 0
      vertex 0.959396 155.638 1.4
    endloop
  endfacet
  facet normal 0.962539 -0.271143 0
    outer loop
      vertex 0.959396 155.638 0
      vertex 0.846436 155.237 1.4
      vertex 0.846436 155.237 0
    endloop
  endfacet
  facet normal 0.980776 -0.195138 0
    outer loop
      vertex 0.765259 154.829 1.4
      vertex 0.846436 155.237 0
      vertex 0.846436 155.237 1.4
    endloop
  endfacet
  facet normal 0.980776 -0.195138 0
    outer loop
      vertex 0.846436 155.237 0
      vertex 0.765259 154.829 1.4
      vertex 0.765259 154.829 0
    endloop
  endfacet
  facet normal 0.993058 -0.117628 0
    outer loop
      vertex 0.716339 154.416 1.4
      vertex 0.765259 154.829 0
      vertex 0.765259 154.829 1.4
    endloop
  endfacet
  facet normal 0.993058 -0.117628 0
    outer loop
      vertex 0.765259 154.829 0
      vertex 0.716339 154.416 1.4
      vertex 0.716339 154.416 0
    endloop
  endfacet
  facet normal 0.999229 -0.0392534 0
    outer loop
      vertex 0.699997 154 1.4
      vertex 0.716339 154.416 0
      vertex 0.716339 154.416 1.4
    endloop
  endfacet
  facet normal 0.999229 -0.0392534 0
    outer loop
      vertex 0.716339 154.416 0
      vertex 0.699997 154 1.4
      vertex 0.699997 154 0
    endloop
  endfacet
  facet normal 1 -0 0
    outer loop
      vertex 0.699997 6 1.4
      vertex 0.699997 154 0
      vertex 0.699997 154 1.4
    endloop
  endfacet
  facet normal 1 0 0
    outer loop
      vertex 0.699997 154 0
      vertex 0.699997 6 1.4
      vertex 0.699997 6 0
    endloop
  endfacet
  facet normal 0.999229 0.0392694 0
    outer loop
      vertex 0.716339 5.58417 1.4
      vertex 0.699997 6 0
      vertex 0.699997 6 1.4
    endloop
  endfacet
  facet normal 0.999229 0.0392694 0
    outer loop
      vertex 0.699997 6 0
      vertex 0.716339 5.58417 1.4
      vertex 0.716339 5.58417 0
    endloop
  endfacet
  facet normal 0.993067 0.117552 0
    outer loop
      vertex 0.765259 5.1709 1.4
      vertex 0.716339 5.58417 0
      vertex 0.716339 5.58417 1.4
    endloop
  endfacet
  facet normal 0.993067 0.117552 0
    outer loop
      vertex 0.716339 5.58417 0
      vertex 0.765259 5.1709 1.4
      vertex 0.765259 5.1709 0
    endloop
  endfacet
  facet normal 0.98079 0.195065 0
    outer loop
      vertex 0.846436 4.76274 1.4
      vertex 0.765259 5.1709 0
      vertex 0.765259 5.1709 1.4
    endloop
  endfacet
  facet normal 0.98079 0.195065 0
    outer loop
      vertex 0.765259 5.1709 0
      vertex 0.846436 4.76274 1.4
      vertex 0.846436 4.76274 0
    endloop
  endfacet
  facet normal 0.962456 0.271438 0
    outer loop
      vertex 0.959396 4.36221 1.4
      vertex 0.846436 4.76274 0
      vertex 0.846436 4.76274 1.4
    endloop
  endfacet
  facet normal 0.962456 0.271438 0
    outer loop
      vertex 0.846436 4.76274 0
      vertex 0.959396 4.36221 1.4
      vertex 0.959396 4.36221 0
    endloop
  endfacet
  facet normal 0.938189 0.346124 0
    outer loop
      vertex 1.10344 3.97177 1.4
      vertex 0.959396 4.36221 0
      vertex 0.959396 4.36221 1.4
    endloop
  endfacet
  facet normal 0.938189 0.346124 0
    outer loop
      vertex 0.959396 4.36221 0
      vertex 1.10344 3.97177 1.4
      vertex 1.10344 3.97177 0
    endloop
  endfacet
  facet normal 0.908142 0.418662 0
    outer loop
      vertex 1.27766 3.59386 1.4
      vertex 1.10344 3.97177 0
      vertex 1.10344 3.97177 1.4
    endloop
  endfacet
  facet normal 0.908142 0.418662 0
    outer loop
      vertex 1.10344 3.97177 0
      vertex 1.27766 3.59386 1.4
      vertex 1.27766 3.59386 0
    endloop
  endfacet
  facet normal 0.872502 0.488611 0
    outer loop
      vertex 1.481 3.23076 1.4
      vertex 1.27766 3.59386 0
      vertex 1.27766 3.59386 1.4
    endloop
  endfacet
  facet normal 0.872502 0.488611 0
    outer loop
      vertex 1.27766 3.59386 0
      vertex 1.481 3.23076 1.4
      vertex 1.481 3.23076 0
    endloop
  endfacet
  facet normal 0.831473 0.555565 0
    outer loop
      vertex 1.7122 2.88474 1.4
      vertex 1.481 3.23076 0
      vertex 1.481 3.23076 1.4
    endloop
  endfacet
  facet normal 0.831473 0.555565 0
    outer loop
      vertex 1.481 3.23076 0
      vertex 1.7122 2.88474 1.4
      vertex 1.7122 2.88474 0
    endloop
  endfacet
  facet normal 0.78531 0.619103 0
    outer loop
      vertex 1.96985 2.55792 1.4
      vertex 1.7122 2.88474 0
      vertex 1.7122 2.88474 1.4
    endloop
  endfacet
  facet normal 0.78531 0.619103 0
    outer loop
      vertex 1.7122 2.88474 0
      vertex 1.96985 2.55792 1.4
      vertex 1.96985 2.55792 0
    endloop
  endfacet
  facet normal 0.734328 0.678795 0
    outer loop
      vertex 2.25233 2.25233 1.4
      vertex 1.96985 2.55792 0
      vertex 1.96985 2.55792 1.4
    endloop
  endfacet
  facet normal 0.734328 0.678795 0
    outer loop
      vertex 1.96985 2.55792 0
      vertex 2.25233 2.25233 1.4
      vertex 2.25233 2.25233 0
    endloop
  endfacet
  facet normal 0.678795 0.734328 -0
    outer loop
      vertex 2.55792 1.96985 0
      vertex 2.25233 2.25233 1.4
      vertex 2.55792 1.96985 1.4
    endloop
  endfacet
  facet normal 0.678795 0.734328 0
    outer loop
      vertex 2.25233 2.25233 1.4
      vertex 2.55792 1.96985 0
      vertex 2.25233 2.25233 0
    endloop
  endfacet
  facet normal 0.619103 0.78531 -0
    outer loop
      vertex 2.88474 1.7122 0
      vertex 2.55792 1.96985 1.4
      vertex 2.88474 1.7122 1.4
    endloop
  endfacet
  facet normal 0.619103 0.78531 0
    outer loop
      vertex 2.55792 1.96985 1.4
      vertex 2.88474 1.7122 0
      vertex 2.55792 1.96985 0
    endloop
  endfacet
  facet normal 0.555565 0.831473 -0
    outer loop
      vertex 3.23076 1.481 0
      vertex 2.88474 1.7122 1.4
      vertex 3.23076 1.481 1.4
    endloop
  endfacet
  facet normal 0.555565 0.831473 0
    outer loop
      vertex 2.88474 1.7122 1.4
      vertex 3.23076 1.481 0
      vertex 2.88474 1.7122 0
    endloop
  endfacet
  facet normal 0.488611 0.872502 -0
    outer loop
      vertex 3.59386 1.27766 0
      vertex 3.23076 1.481 1.4
      vertex 3.59386 1.27766 1.4
    endloop
  endfacet
  facet normal 0.488611 0.872502 0
    outer loop
      vertex 3.23076 1.481 1.4
      vertex 3.59386 1.27766 0
      vertex 3.23076 1.481 0
    endloop
  endfacet
  facet normal 0.418662 0.908142 -0
    outer loop
      vertex 3.97177 1.10344 0
      vertex 3.59386 1.27766 1.4
      vertex 3.97177 1.10344 1.4
    endloop
  endfacet
  facet normal 0.418662 0.908142 0
    outer loop
      vertex 3.59386 1.27766 1.4
      vertex 3.97177 1.10344 0
      vertex 3.59386 1.27766 0
    endloop
  endfacet
  facet normal 0.346124 0.938189 -0
    outer loop
      vertex 4.36221 0.959396 0
      vertex 3.97177 1.10344 1.4
      vertex 4.36221 0.959396 1.4
    endloop
  endfacet
  facet normal 0.346124 0.938189 0
    outer loop
      vertex 3.97177 1.10344 1.4
      vertex 4.36221 0.959396 0
      vertex 3.97177 1.10344 0
    endloop
  endfacet
  facet normal 0.271438 0.962456 -0
    outer loop
      vertex 4.76274 0.846436 0
      vertex 4.36221 0.959396 1.4
      vertex 4.76274 0.846436 1.4
    endloop
  endfacet
  facet normal 0.271438 0.962456 0
    outer loop
      vertex 4.36221 0.959396 1.4
      vertex 4.76274 0.846436 0
      vertex 4.36221 0.959396 0
    endloop
  endfacet
  facet normal 0.195065 0.98079 -0
    outer loop
      vertex 5.1709 0.765259 0
      vertex 4.76274 0.846436 1.4
      vertex 5.1709 0.765259 1.4
    endloop
  endfacet
  facet normal 0.195065 0.98079 0
    outer loop
      vertex 4.76274 0.846436 1.4
      vertex 5.1709 0.765259 0
      vertex 4.76274 0.846436 0
    endloop
  endfacet
  facet normal 0.117552 0.993067 -0
    outer loop
      vertex 5.58417 0.716339 0
      vertex 5.1709 0.765259 1.4
      vertex 5.58417 0.716339 1.4
    endloop
  endfacet
  facet normal 0.117552 0.993067 0
    outer loop
      vertex 5.1709 0.765259 1.4
      vertex 5.58417 0.716339 0
      vertex 5.1709 0.765259 0
    endloop
  endfacet
  facet normal 0.0392694 0.999229 -0
    outer loop
      vertex 6 0.699997 0
      vertex 5.58417 0.716339 1.4
      vertex 6 0.699997 1.4
    endloop
  endfacet
  facet normal 0.0392694 0.999229 0
    outer loop
      vertex 5.58417 0.716339 1.4
      vertex 6 0.699997 0
      vertex 5.58417 0.716339 0
    endloop
  endfacet
  facet normal 0 1 -0
    outer loop
      vertex 154 0.699997 0
      vertex 6 0.699997 1.4
      vertex 154 0.699997 1.4
    endloop
  endfacet
  facet normal 0 1 0
    outer loop
      vertex 6 0.699997 1.4
      vertex 154 0.699997 0
      vertex 6 0.699997 0
    endloop
  endfacet
  facet normal -0.0392534 0.999229 0
    outer loop
      vertex 154.416 0.716339 0
      vertex 154 0.699997 1.4
      vertex 154.416 0.716339 1.4
    endloop
  endfacet
  facet normal -0.0392534 0.999229 0
    outer loop
      vertex 154 0.699997 1.4
      vertex 154.416 0.716339 0
      vertex 154 0.699997 0
    endloop
  endfacet
  facet normal -0.0392618 -0.999229 0
    outer loop
      vertex 5.72539 2.51079 0
      vertex 6 2.5 1.4
      vertex 5.72539 2.51079 1.4
    endloop
  endfacet
  facet normal -0.0392618 -0.999229 -0
    outer loop
      vertex 6 2.5 1.4
      vertex 5.72539 2.51079 0
      vertex 6 2.5 0
    endloop
  endfacet
  facet normal -0.117534 -0.993069 0
    outer loop
      vertex 5.45248 2.54309 0
      vertex 5.72539 2.51079 1.4
      vertex 5.45248 2.54309 1.4
    endloop
  endfacet
  facet normal -0.117534 -0.993069 -0
    outer loop
      vertex 5.72539 2.51079 1.4
      vertex 5.45248 2.54309 0
      vertex 5.72539 2.51079 0
    endloop
  endfacet
  facet normal -0.195108 -0.980782 0
    outer loop
      vertex 5.18294 2.59671 0
      vertex 5.45248 2.54309 1.4
      vertex 5.18294 2.59671 1.4
    endloop
  endfacet
  facet normal -0.195108 -0.980782 -0
    outer loop
      vertex 5.45248 2.54309 1.4
      vertex 5.18294 2.59671 0
      vertex 5.45248 2.54309 0
    endloop
  endfacet
  facet normal -0.271418 -0.962462 0
    outer loop
      vertex 4.91844 2.6713 0
      vertex 5.18294 2.59671 1.4
      vertex 4.91844 2.6713 1.4
    endloop
  endfacet
  facet normal -0.271418 -0.962462 -0
    outer loop
      vertex 5.18294 2.59671 1.4
      vertex 4.91844 2.6713 0
      vertex 5.18294 2.59671 0
    endloop
  endfacet
  facet normal -0.346122 -0.93819 0
    outer loop
      vertex 4.66061 2.76642 0
      vertex 4.91844 2.6713 1.4
      vertex 4.66061 2.76642 1.4
    endloop
  endfacet
  facet normal -0.346122 -0.93819 -0
    outer loop
      vertex 4.91844 2.6713 1.4
      vertex 4.66061 2.76642 0
      vertex 4.91844 2.6713 0
    endloop
  endfacet
  facet normal -0.418636 -0.908154 0
    outer loop
      vertex 4.41103 2.88147 0
      vertex 4.66061 2.76642 1.4
      vertex 4.41103 2.88147 1.4
    endloop
  endfacet
  facet normal -0.418636 -0.908154 -0
    outer loop
      vertex 4.66061 2.76642 1.4
      vertex 4.41103 2.88147 0
      vertex 4.66061 2.76642 0
    endloop
  endfacet
  facet normal -0.48864 -0.872486 0
    outer loop
      vertex 4.17125 3.01576 0
      vertex 4.41103 2.88147 1.4
      vertex 4.17125 3.01576 1.4
    endloop
  endfacet
  facet normal -0.48864 -0.872486 -0
    outer loop
      vertex 4.41103 2.88147 1.4
      vertex 4.17125 3.01576 0
      vertex 4.41103 2.88147 0
    endloop
  endfacet
  facet normal -0.555573 -0.831468 0
    outer loop
      vertex 3.94275 3.16844 0
      vertex 4.17125 3.01576 1.4
      vertex 3.94275 3.16844 1.4
    endloop
  endfacet
  facet normal -0.555573 -0.831468 -0
    outer loop
      vertex 4.17125 3.01576 1.4
      vertex 3.94275 3.16844 0
      vertex 4.17125 3.01576 0
    endloop
  endfacet
  facet normal -0.619097 -0.785315 0
    outer loop
      vertex 3.72693 3.33858 0
      vertex 3.94275 3.16844 1.4
      vertex 3.72693 3.33858 1.4
    endloop
  endfacet
  facet normal -0.619097 -0.785315 -0
    outer loop
      vertex 3.94275 3.16844 1.4
      vertex 3.72693 3.33858 0
      vertex 3.94275 3.16844 0
    endloop
  endfacet
  facet normal -0.678816 -0.734308 0
    outer loop
      vertex 3.52513 3.52513 0
      vertex 3.72693 3.33858 1.4
      vertex 3.52513 3.52513 1.4
    endloop
  endfacet
  facet normal -0.678816 -0.734308 -0
    outer loop
      vertex 3.72693 3.33858 1.4
      vertex 3.52513 3.52513 0
      vertex 3.72693 3.33858 0
    endloop
  endfacet
  facet normal -0.734308 -0.678816 0
    outer loop
      vertex 3.52513 3.52513 0
      vertex 3.33858 3.72693 1.4
      vertex 3.33858 3.72693 0
    endloop
  endfacet
  facet normal -0.734308 -0.678816 0
    outer loop
      vertex 3.33858 3.72693 1.4
      vertex 3.52513 3.52513 0
      vertex 3.52513 3.52513 1.4
    endloop
  endfacet
  facet normal -0.785315 -0.619097 0
    outer loop
      vertex 3.33858 3.72693 0
      vertex 3.16844 3.94275 1.4
      vertex 3.16844 3.94275 0
    endloop
  endfacet
  facet normal -0.785315 -0.619097 0
    outer loop
      vertex 3.16844 3.94275 1.4
      vertex 3.33858 3.72693 0
      vertex 3.33858 3.72693 1.4
    endloop
  endfacet
  facet normal -0.831468 -0.555573 0
    outer loop
      vertex 3.16844 3.94275 0
      vertex 3.01576 4.17125 1.4
      vertex 3.01576 4.17125 0
    endloop
  endfacet
  facet normal -0.831468 -0.555573 0
    outer loop
      vertex 3.01576 4.17125 1.4
      vertex 3.16844 3.94275 0
      vertex 3.16844 3.94275 1.4
    endloop
  endfacet
  facet normal -0.872486 -0.48864 0
    outer loop
      vertex 3.01576 4.17125 0
      vertex 2.88147 4.41103 1.4
      vertex 2.88147 4.41103 0
    endloop
  endfacet
  facet normal -0.872486 -0.48864 0
    outer loop
      vertex 2.88147 4.41103 1.4
      vertex 3.01576 4.17125 0
      vertex 3.01576 4.17125 1.4
    endloop
  endfacet
  facet normal -0.908154 -0.418636 0
    outer loop
      vertex 2.88147 4.41103 0
      vertex 2.76642 4.66061 1.4
      vertex 2.76642 4.66061 0
    endloop
  endfacet
  facet normal -0.908154 -0.418636 0
    outer loop
      vertex 2.76642 4.66061 1.4
      vertex 2.88147 4.41103 0
      vertex 2.88147 4.41103 1.4
    endloop
  endfacet
  facet normal -0.93819 -0.346122 0
    outer loop
      vertex 2.76642 4.66061 0
      vertex 2.6713 4.91844 1.4
      vertex 2.6713 4.91844 0
    endloop
  endfacet
  facet normal -0.93819 -0.346122 0
    outer loop
      vertex 2.6713 4.91844 1.4
      vertex 2.76642 4.66061 0
      vertex 2.76642 4.66061 1.4
    endloop
  endfacet
  facet normal -0.962462 -0.271418 0
    outer loop
      vertex 2.6713 4.91844 0
      vertex 2.59671 5.18294 1.4
      vertex 2.59671 5.18294 0
    endloop
  endfacet
  facet normal -0.962462 -0.271418 0
    outer loop
      vertex 2.59671 5.18294 1.4
      vertex 2.6713 4.91844 0
      vertex 2.6713 4.91844 1.4
    endloop
  endfacet
  facet normal -0.980782 -0.195108 0
    outer loop
      vertex 2.59671 5.18294 0
      vertex 2.54309 5.45248 1.4
      vertex 2.54309 5.45248 0
    endloop
  endfacet
  facet normal -0.980782 -0.195108 0
    outer loop
      vertex 2.54309 5.45248 1.4
      vertex 2.59671 5.18294 0
      vertex 2.59671 5.18294 1.4
    endloop
  endfacet
  facet normal -0.993069 -0.117534 0
    outer loop
      vertex 2.54309 5.45248 0
      vertex 2.51079 5.72539 1.4
      vertex 2.51079 5.72539 0
    endloop
  endfacet
  facet normal -0.993069 -0.117534 0
    outer loop
      vertex 2.51079 5.72539 1.4
      vertex 2.54309 5.45248 0
      vertex 2.54309 5.45248 1.4
    endloop
  endfacet
  facet normal -0.999229 -0.0392618 0
    outer loop
      vertex 2.51079 5.72539 0
      vertex 2.5 6 1.4
      vertex 2.5 6 0
    endloop
  endfacet
  facet normal -0.999229 -0.0392618 0
    outer loop
      vertex 2.5 6 1.4
      vertex 2.51079 5.72539 0
      vertex 2.51079 5.72539 1.4
    endloop
  endfacet
  facet normal -1 0 0
    outer loop
      vertex 2.5 6 0
      vertex 2.5 154 1.4
      vertex 2.5 154 0
    endloop
  endfacet
  facet normal -1 -0 0
    outer loop
      vertex 2.5 154 1.4
      vertex 2.5 6 0
      vertex 2.5 6 1.4
    endloop
  endfacet
  facet normal -0.999231 0.0392062 0
    outer loop
      vertex 2.5 154 0
      vertex 2.51079 154.275 1.4
      vertex 2.51079 154.275 0
    endloop
  endfacet
  facet normal -0.999231 0.0392062 0
    outer loop
      vertex 2.51079 154.275 1.4
      vertex 2.5 154 0
      vertex 2.5 154 1.4
    endloop
  endfacet
  facet normal -0.993073 0.117495 0
    outer loop
      vertex 2.51079 154.275 0
      vertex 2.54309 154.548 1.4
      vertex 2.54309 154.548 0
    endloop
  endfacet
  facet normal -0.993073 0.117495 0
    outer loop
      vertex 2.54309 154.548 1.4
      vertex 2.51079 154.275 0
      vertex 2.51079 154.275 1.4
    endloop
  endfacet
  facet normal -0.980707 0.195485 0
    outer loop
      vertex 2.54309 154.548 0
      vertex 2.59671 154.817 1.4
      vertex 2.59671 154.817 0
    endloop
  endfacet
  facet normal -0.980707 0.195485 0
    outer loop
      vertex 2.59671 154.817 1.4
      vertex 2.54309 154.548 0
      vertex 2.54309 154.548 1.4
    endloop
  endfacet
  facet normal -0.962595 0.270943 0
    outer loop
      vertex 2.59671 154.817 0
      vertex 2.6713 155.082 1.4
      vertex 2.6713 155.082 0
    endloop
  endfacet
  facet normal -0.962595 0.270943 0
    outer loop
      vertex 2.6713 155.082 1.4
      vertex 2.59671 154.817 0
      vertex 2.59671 154.817 1.4
    endloop
  endfacet
  facet normal -0.937826 0.347105 0
    outer loop
      vertex 2.6713 155.082 0
      vertex 2.76642 155.339 1.4
      vertex 2.76642 155.339 0
    endloop
  endfacet
  facet normal -0.937826 0.347105 0
    outer loop
      vertex 2.76642 155.339 1.4
      vertex 2.6713 155.082 0
      vertex 2.6713 155.082 1.4
    endloop
  endfacet
  facet normal -0.908421 0.418056 0
    outer loop
      vertex 2.76642 155.339 0
      vertex 2.88147 155.589 1.4
      vertex 2.88147 155.589 0
    endloop
  endfacet
  facet normal -0.908421 0.418056 0
    outer loop
      vertex 2.88147 155.589 1.4
      vertex 2.76642 155.339 0
      vertex 2.76642 155.339 1.4
    endloop
  endfacet
  facet normal -0.872676 0.488299 0
    outer loop
      vertex 2.88147 155.589 0
      vertex 3.01576 155.829 1.4
      vertex 3.01576 155.829 0
    endloop
  endfacet
  facet normal -0.872676 0.488299 0
    outer loop
      vertex 3.01576 155.829 1.4
      vertex 2.88147 155.589 0
      vertex 2.88147 155.589 1.4
    endloop
  endfacet
  facet normal -0.830905 0.556415 0
    outer loop
      vertex 3.01576 155.829 0
      vertex 3.16844 156.057 1.4
      vertex 3.16844 156.057 0
    endloop
  endfacet
  facet normal -0.830905 0.556415 0
    outer loop
      vertex 3.16844 156.057 1.4
      vertex 3.01576 155.829 0
      vertex 3.01576 155.829 1.4
    endloop
  endfacet
  facet normal -0.785566 0.618778 0
    outer loop
      vertex 3.16844 156.057 0
      vertex 3.33858 156.273 1.4
      vertex 3.33858 156.273 0
    endloop
  endfacet
  facet normal -0.785566 0.618778 0
    outer loop
      vertex 3.33858 156.273 1.4
      vertex 3.16844 156.057 0
      vertex 3.16844 156.057 1.4
    endloop
  endfacet
  facet normal -0.734643 0.678454 0
    outer loop
      vertex 3.33858 156.273 0
      vertex 3.52513 156.475 1.4
      vertex 3.52513 156.475 0
    endloop
  endfacet
  facet normal -0.734643 0.678454 0
    outer loop
      vertex 3.52513 156.475 1.4
      vertex 3.33858 156.273 0
      vertex 3.33858 156.273 1.4
    endloop
  endfacet
  facet normal -0.677735 0.735306 0
    outer loop
      vertex 3.72693 156.661 0
      vertex 3.52513 156.475 1.4
      vertex 3.72693 156.661 1.4
    endloop
  endfacet
  facet normal -0.677735 0.735306 0
    outer loop
      vertex 3.52513 156.475 1.4
      vertex 3.72693 156.661 0
      vertex 3.52513 156.475 0
    endloop
  endfacet
  facet normal -0.621021 0.783794 0
    outer loop
      vertex 3.94275 156.832 0
      vertex 3.72693 156.661 1.4
      vertex 3.94275 156.832 1.4
    endloop
  endfacet
  facet normal -0.621021 0.783794 0
    outer loop
      vertex 3.72693 156.661 1.4
      vertex 3.94275 156.832 0
      vertex 3.72693 156.661 0
    endloop
  endfacet
  facet normal -0.553859 0.83261 0
    outer loop
      vertex 4.17125 156.984 0
      vertex 3.94275 156.832 1.4
      vertex 4.17125 156.984 1.4
    endloop
  endfacet
  facet normal -0.553859 0.83261 0
    outer loop
      vertex 3.94275 156.832 1.4
      vertex 4.17125 156.984 0
      vertex 3.94275 156.832 0
    endloop
  endfacet
  facet normal -0.490603 0.871383 0
    outer loop
      vertex 4.41103 157.119 0
      vertex 4.17125 156.984 1.4
      vertex 4.41103 157.119 1.4
    endloop
  endfacet
  facet normal -0.490603 0.871383 0
    outer loop
      vertex 4.17125 156.984 1.4
      vertex 4.41103 157.119 0
      vertex 4.17125 156.984 0
    endloop
  endfacet
  facet normal -0.418486 0.908223 0
    outer loop
      vertex 4.66061 157.234 0
      vertex 4.41103 157.119 1.4
      vertex 4.66061 157.234 1.4
    endloop
  endfacet
  facet normal -0.418486 0.908223 0
    outer loop
      vertex 4.41103 157.119 1.4
      vertex 4.66061 157.234 0
      vertex 4.41103 157.119 0
    endloop
  endfacet
  facet normal -0.345737 0.938331 0
    outer loop
      vertex 4.91844 157.329 0
      vertex 4.66061 157.234 1.4
      vertex 4.91844 157.329 1.4
    endloop
  endfacet
  facet normal -0.345737 0.938331 0
    outer loop
      vertex 4.66061 157.234 1.4
      vertex 4.91844 157.329 0
      vertex 4.66061 157.234 0
    endloop
  endfacet
  facet normal -0.269427 0.963021 0
    outer loop
      vertex 5.18294 157.403 0
      vertex 4.91844 157.329 1.4
      vertex 5.18294 157.403 1.4
    endloop
  endfacet
  facet normal -0.269427 0.963021 0
    outer loop
      vertex 4.91844 157.329 1.4
      vertex 5.18294 157.403 0
      vertex 4.91844 157.329 0
    endloop
  endfacet
  facet normal -0.196438 0.980516 0
    outer loop
      vertex 5.45248 157.457 0
      vertex 5.18294 157.403 1.4
      vertex 5.45248 157.457 1.4
    endloop
  endfacet
  facet normal -0.196438 0.980516 0
    outer loop
      vertex 5.18294 157.403 1.4
      vertex 5.45248 157.457 0
      vertex 5.18294 157.403 0
    endloop
  endfacet
  facet normal -0.116457 0.993196 0
    outer loop
      vertex 5.72539 157.489 0
      vertex 5.45248 157.457 1.4
      vertex 5.72539 157.489 1.4
    endloop
  endfacet
  facet normal -0.116457 0.993196 0
    outer loop
      vertex 5.45248 157.457 1.4
      vertex 5.72539 157.489 0
      vertex 5.45248 157.457 0
    endloop
  endfacet
  facet normal -0.0400247 0.999199 0
    outer loop
      vertex 6 157.5 0
      vertex 5.72539 157.489 1.4
      vertex 6 157.5 1.4
    endloop
  endfacet
  facet normal -0.0400247 0.999199 0
    outer loop
      vertex 5.72539 157.489 1.4
      vertex 6 157.5 0
      vertex 5.72539 157.489 0
    endloop
  endfacet
  facet normal 0 1 -0
    outer loop
      vertex 154 157.5 0
      vertex 6 157.5 1.4
      vertex 154 157.5 1.4
    endloop
  endfacet
  facet normal 0 1 0
    outer loop
      vertex 6 157.5 1.4
      vertex 154 157.5 0
      vertex 6 157.5 0
    endloop
  endfacet
  facet normal 0.039968 0.999201 -0
    outer loop
      vertex 154.275 157.489 0
      vertex 154 157.5 1.4
      vertex 154.275 157.489 1.4
    endloop
  endfacet
  facet normal 0.039968 0.999201 0
    outer loop
      vertex 154 157.5 1.4
      vertex 154.275 157.489 0
      vertex 154 157.5 0
    endloop
  endfacet
  facet normal 0.116419 0.9932 -0
    outer loop
      vertex 154.548 157.457 0
      vertex 154.275 157.489 1.4
      vertex 154.548 157.457 1.4
    endloop
  endfacet
  facet normal 0.116419 0.9932 0
    outer loop
      vertex 154.275 157.489 1.4
      vertex 154.548 157.457 0
      vertex 154.275 157.489 0
    endloop
  endfacet
  facet normal 0.196817 0.98044 -0
    outer loop
      vertex 154.817 157.403 0
      vertex 154.548 157.457 1.4
      vertex 154.817 157.403 1.4
    endloop
  endfacet
  facet normal 0.196817 0.98044 0
    outer loop
      vertex 154.548 157.457 1.4
      vertex 154.817 157.403 0
      vertex 154.548 157.457 0
    endloop
  endfacet
  facet normal 0.268956 0.963153 -0
    outer loop
      vertex 155.082 157.329 0
      vertex 154.817 157.403 1.4
      vertex 155.082 157.329 1.4
    endloop
  endfacet
  facet normal 0.268956 0.963153 0
    outer loop
      vertex 154.817 157.403 1.4
      vertex 155.082 157.329 0
      vertex 154.817 157.403 0
    endloop
  endfacet
  facet normal 0.34672 0.937969 -0
    outer loop
      vertex 155.339 157.234 0
      vertex 155.082 157.329 1.4
      vertex 155.339 157.234 1.4
    endloop
  endfacet
  facet normal 0.34672 0.937969 0
    outer loop
      vertex 155.082 157.329 1.4
      vertex 155.339 157.234 0
      vertex 155.082 157.329 0
    endloop
  endfacet
  facet normal 0.417906 0.90849 -0
    outer loop
      vertex 155.589 157.119 0
      vertex 155.339 157.234 1.4
      vertex 155.589 157.119 1.4
    endloop
  endfacet
  facet normal 0.417906 0.90849 0
    outer loop
      vertex 155.339 157.234 1.4
      vertex 155.589 157.119 0
      vertex 155.339 157.234 0
    endloop
  endfacet
  facet normal 0.490261 0.871576 -0
    outer loop
      vertex 155.829 156.984 0
      vertex 155.589 157.119 1.4
      vertex 155.829 156.984 1.4
    endloop
  endfacet
  facet normal 0.490261 0.871576 0
    outer loop
      vertex 155.589 157.119 1.4
      vertex 155.829 156.984 0
      vertex 155.589 157.119 0
    endloop
  endfacet
  facet normal 0.5547 0.83205 -0
    outer loop
      vertex 156.057 156.832 0
      vertex 155.829 156.984 1.4
      vertex 156.057 156.832 1.4
    endloop
  endfacet
  facet normal 0.5547 0.83205 0
    outer loop
      vertex 155.829 156.984 1.4
      vertex 156.057 156.832 0
      vertex 155.829 156.984 0
    endloop
  endfacet
  facet normal 0.620703 0.784046 -0
    outer loop
      vertex 156.273 156.661 0
      vertex 156.057 156.832 1.4
      vertex 156.273 156.661 1.4
    endloop
  endfacet
  facet normal 0.620703 0.784046 0
    outer loop
      vertex 156.057 156.832 1.4
      vertex 156.273 156.661 0
      vertex 156.057 156.832 0
    endloop
  endfacet
  facet normal 0.677372 0.735641 -0
    outer loop
      vertex 156.475 156.475 0
      vertex 156.273 156.661 1.4
      vertex 156.475 156.475 1.4
    endloop
  endfacet
  facet normal 0.677372 0.735641 0
    outer loop
      vertex 156.273 156.661 1.4
      vertex 156.475 156.475 0
      vertex 156.273 156.661 0
    endloop
  endfacet
  facet normal 0.735641 0.677372 0
    outer loop
      vertex 156.661 156.273 1.4
      vertex 156.475 156.475 0
      vertex 156.475 156.475 1.4
    endloop
  endfacet
  facet normal 0.735641 0.677372 0
    outer loop
      vertex 156.475 156.475 0
      vertex 156.661 156.273 1.4
      vertex 156.661 156.273 0
    endloop
  endfacet
  facet normal 0.784046 0.620703 0
    outer loop
      vertex 156.832 156.057 1.4
      vertex 156.661 156.273 0
      vertex 156.661 156.273 1.4
    endloop
  endfacet
  facet normal 0.784046 0.620703 0
    outer loop
      vertex 156.661 156.273 0
      vertex 156.832 156.057 1.4
      vertex 156.832 156.057 0
    endloop
  endfacet
  facet normal 0.83205 0.5547 0
    outer loop
      vertex 156.984 155.829 1.4
      vertex 156.832 156.057 0
      vertex 156.832 156.057 1.4
    endloop
  endfacet
  facet normal 0.83205 0.5547 0
    outer loop
      vertex 156.832 156.057 0
      vertex 156.984 155.829 1.4
      vertex 156.984 155.829 0
    endloop
  endfacet
  facet normal 0.871576 0.490261 0
    outer loop
      vertex 157.119 155.589 1.4
      vertex 156.984 155.829 0
      vertex 156.984 155.829 1.4
    endloop
  endfacet
  facet normal 0.871576 0.490261 0
    outer loop
      vertex 156.984 155.829 0
      vertex 157.119 155.589 1.4
      vertex 157.119 155.589 0
    endloop
  endfacet
  facet normal 0.90849 0.417906 0
    outer loop
      vertex 157.234 155.339 1.4
      vertex 157.119 155.589 0
      vertex 157.119 155.589 1.4
    endloop
  endfacet
  facet normal 0.90849 0.417906 0
    outer loop
      vertex 157.119 155.589 0
      vertex 157.234 155.339 1.4
      vertex 157.234 155.339 0
    endloop
  endfacet
  facet normal 0.937969 0.34672 0
    outer loop
      vertex 157.329 155.082 1.4
      vertex 157.234 155.339 0
      vertex 157.234 155.339 1.4
    endloop
  endfacet
  facet normal 0.937969 0.34672 0
    outer loop
      vertex 157.234 155.339 0
      vertex 157.329 155.082 1.4
      vertex 157.329 155.082 0
    endloop
  endfacet
  facet normal 0.963153 0.268956 0
    outer loop
      vertex 157.403 154.817 1.4
      vertex 157.329 155.082 0
      vertex 157.329 155.082 1.4
    endloop
  endfacet
  facet normal 0.963153 0.268956 0
    outer loop
      vertex 157.329 155.082 0
      vertex 157.403 154.817 1.4
      vertex 157.403 154.817 0
    endloop
  endfacet
  facet normal 0.98044 0.196817 0
    outer loop
      vertex 157.457 154.548 1.4
      vertex 157.403 154.817 0
      vertex 157.403 154.817 1.4
    endloop
  endfacet
  facet normal 0.98044 0.196817 0
    outer loop
      vertex 157.403 154.817 0
      vertex 157.457 154.548 1.4
      vertex 157.457 154.548 0
    endloop
  endfacet
  facet normal 0.9932 0.116419 0
    outer loop
      vertex 157.489 154.275 1.4
      vertex 157.457 154.548 0
      vertex 157.457 154.548 1.4
    endloop
  endfacet
  facet normal 0.9932 0.116419 0
    outer loop
      vertex 157.457 154.548 0
      vertex 157.489 154.275 1.4
      vertex 157.489 154.275 0
    endloop
  endfacet
  facet normal 0.999201 0.039968 0
    outer loop
      vertex 157.5 154 1.4
      vertex 157.489 154.275 0
      vertex 157.489 154.275 1.4
    endloop
  endfacet
  facet normal 0.999201 0.039968 0
    outer loop
      vertex 157.489 154.275 0
      vertex 157.5 154 1.4
      vertex 157.5 154 0
    endloop
  endfacet
  facet normal 1 -0 0
    outer loop
      vertex 157.5 6 1.4
      vertex 157.5 154 0
      vertex 157.5 154 1.4
    endloop
  endfacet
  facet normal 1 0 0
    outer loop
      vertex 157.5 154 0
      vertex 157.5 6 1.4
      vertex 157.5 6 0
    endloop
  endfacet
  facet normal 0.999199 -0.0400247 0
    outer loop
      vertex 157.489 5.72539 1.4
      vertex 157.5 6 0
      vertex 157.5 6 1.4
    endloop
  endfacet
  facet normal 0.999199 -0.0400247 0
    outer loop
      vertex 157.5 6 0
      vertex 157.489 5.72539 1.4
      vertex 157.489 5.72539 0
    endloop
  endfacet
  facet normal 0.993196 -0.116457 0
    outer loop
      vertex 157.457 5.45248 1.4
      vertex 157.489 5.72539 0
      vertex 157.489 5.72539 1.4
    endloop
  endfacet
  facet normal 0.993196 -0.116457 0
    outer loop
      vertex 157.489 5.72539 0
      vertex 157.457 5.45248 1.4
      vertex 157.457 5.45248 0
    endloop
  endfacet
  facet normal 0.980516 -0.196438 0
    outer loop
      vertex 157.403 5.18294 1.4
      vertex 157.457 5.45248 0
      vertex 157.457 5.45248 1.4
    endloop
  endfacet
  facet normal 0.980516 -0.196438 0
    outer loop
      vertex 157.457 5.45248 0
      vertex 157.403 5.18294 1.4
      vertex 157.403 5.18294 0
    endloop
  endfacet
  facet normal 0.963021 -0.269427 0
    outer loop
      vertex 157.329 4.91844 1.4
      vertex 157.403 5.18294 0
      vertex 157.403 5.18294 1.4
    endloop
  endfacet
  facet normal 0.963021 -0.269427 0
    outer loop
      vertex 157.403 5.18294 0
      vertex 157.329 4.91844 1.4
      vertex 157.329 4.91844 0
    endloop
  endfacet
  facet normal 0.938331 -0.345737 0
    outer loop
      vertex 157.234 4.66061 1.4
      vertex 157.329 4.91844 0
      vertex 157.329 4.91844 1.4
    endloop
  endfacet
  facet normal 0.938331 -0.345737 0
    outer loop
      vertex 157.329 4.91844 0
      vertex 157.234 4.66061 1.4
      vertex 157.234 4.66061 0
    endloop
  endfacet
  facet normal 0.908223 -0.418486 0
    outer loop
      vertex 157.119 4.41103 1.4
      vertex 157.234 4.66061 0
      vertex 157.234 4.66061 1.4
    endloop
  endfacet
  facet normal 0.908223 -0.418486 0
    outer loop
      vertex 157.234 4.66061 0
      vertex 157.119 4.41103 1.4
      vertex 157.119 4.41103 0
    endloop
  endfacet
  facet normal 0.871383 -0.490603 0
    outer loop
      vertex 156.984 4.17125 1.4
      vertex 157.119 4.41103 0
      vertex 157.119 4.41103 1.4
    endloop
  endfacet
  facet normal 0.871383 -0.490603 0
    outer loop
      vertex 157.119 4.41103 0
      vertex 156.984 4.17125 1.4
      vertex 156.984 4.17125 0
    endloop
  endfacet
  facet normal 0.83261 -0.553859 0
    outer loop
      vertex 156.832 3.94275 1.4
      vertex 156.984 4.17125 0
      vertex 156.984 4.17125 1.4
    endloop
  endfacet
  facet normal 0.83261 -0.553859 0
    outer loop
      vertex 156.984 4.17125 0
      vertex 156.832 3.94275 1.4
      vertex 156.832 3.94275 0
    endloop
  endfacet
  facet normal 0.783794 -0.621021 0
    outer loop
      vertex 156.661 3.72693 1.4
      vertex 156.832 3.94275 0
      vertex 156.832 3.94275 1.4
    endloop
  endfacet
  facet normal 0.783794 -0.621021 0
    outer loop
      vertex 156.832 3.94275 0
      vertex 156.661 3.72693 1.4
      vertex 156.661 3.72693 0
    endloop
  endfacet
  facet normal 0.735306 -0.677735 0
    outer loop
      vertex 156.475 3.52513 1.4
      vertex 156.661 3.72693 0
      vertex 156.661 3.72693 1.4
    endloop
  endfacet
  facet normal 0.735306 -0.677735 0
    outer loop
      vertex 156.661 3.72693 0
      vertex 156.475 3.52513 1.4
      vertex 156.475 3.52513 0
    endloop
  endfacet
  facet normal 0.678454 -0.734643 0
    outer loop
      vertex 156.273 3.33858 0
      vertex 156.475 3.52513 1.4
      vertex 156.273 3.33858 1.4
    endloop
  endfacet
  facet normal 0.678454 -0.734643 0
    outer loop
      vertex 156.475 3.52513 1.4
      vertex 156.273 3.33858 0
      vertex 156.475 3.52513 0
    endloop
  endfacet
  facet normal 0.618778 -0.785566 0
    outer loop
      vertex 156.057 3.16844 0
      vertex 156.273 3.33858 1.4
      vertex 156.057 3.16844 1.4
    endloop
  endfacet
  facet normal 0.618778 -0.785566 0
    outer loop
      vertex 156.273 3.33858 1.4
      vertex 156.057 3.16844 0
      vertex 156.273 3.33858 0
    endloop
  endfacet
  facet normal 0.556415 -0.830905 0
    outer loop
      vertex 155.829 3.01576 0
      vertex 156.057 3.16844 1.4
      vertex 155.829 3.01576 1.4
    endloop
  endfacet
  facet normal 0.556415 -0.830905 0
    outer loop
      vertex 156.057 3.16844 1.4
      vertex 155.829 3.01576 0
      vertex 156.057 3.16844 0
    endloop
  endfacet
  facet normal 0.488299 -0.872676 0
    outer loop
      vertex 155.589 2.88147 0
      vertex 155.829 3.01576 1.4
      vertex 155.589 2.88147 1.4
    endloop
  endfacet
  facet normal 0.488299 -0.872676 0
    outer loop
      vertex 155.829 3.01576 1.4
      vertex 155.589 2.88147 0
      vertex 155.829 3.01576 0
    endloop
  endfacet
  facet normal 0.418056 -0.908421 0
    outer loop
      vertex 155.339 2.76642 0
      vertex 155.589 2.88147 1.4
      vertex 155.339 2.76642 1.4
    endloop
  endfacet
  facet normal 0.418056 -0.908421 0
    outer loop
      vertex 155.589 2.88147 1.4
      vertex 155.339 2.76642 0
      vertex 155.589 2.88147 0
    endloop
  endfacet
  facet normal 0.347105 -0.937826 0
    outer loop
      vertex 155.082 2.6713 0
      vertex 155.339 2.76642 1.4
      vertex 155.082 2.6713 1.4
    endloop
  endfacet
  facet normal 0.347105 -0.937826 0
    outer loop
      vertex 155.339 2.76642 1.4
      vertex 155.082 2.6713 0
      vertex 155.339 2.76642 0
    endloop
  endfacet
  facet normal 0.270943 -0.962595 0
    outer loop
      vertex 154.817 2.59671 0
      vertex 155.082 2.6713 1.4
      vertex 154.817 2.59671 1.4
    endloop
  endfacet
  facet normal 0.270943 -0.962595 0
    outer loop
      vertex 155.082 2.6713 1.4
      vertex 154.817 2.59671 0
      vertex 155.082 2.6713 0
    endloop
  endfacet
  facet normal 0.195485 -0.980707 0
    outer loop
      vertex 154.548 2.54309 0
      vertex 154.817 2.59671 1.4
      vertex 154.548 2.54309 1.4
    endloop
  endfacet
  facet normal 0.195485 -0.980707 0
    outer loop
      vertex 154.817 2.59671 1.4
      vertex 154.548 2.54309 0
      vertex 154.817 2.59671 0
    endloop
  endfacet
  facet normal 0.117495 -0.993073 0
    outer loop
      vertex 154.275 2.51079 0
      vertex 154.548 2.54309 1.4
      vertex 154.275 2.51079 1.4
    endloop
  endfacet
  facet normal 0.117495 -0.993073 0
    outer loop
      vertex 154.548 2.54309 1.4
      vertex 154.275 2.51079 0
      vertex 154.548 2.54309 0
    endloop
  endfacet
  facet normal 0.0392062 -0.999231 0
    outer loop
      vertex 154 2.5 0
      vertex 154.275 2.51079 1.4
      vertex 154 2.5 1.4
    endloop
  endfacet
  facet normal 0.0392062 -0.999231 0
    outer loop
      vertex 154.275 2.51079 1.4
      vertex 154 2.5 0
      vertex 154.275 2.51079 0
    endloop
  endfacet
  facet normal 0 -1 0
    outer loop
      vertex 6 2.5 0
      vertex 154 2.5 1.4
      vertex 6 2.5 1.4
    endloop
  endfacet
  facet normal 0 -1 -0
    outer loop
      vertex 154 2.5 1.4
      vertex 6 2.5 0
      vertex 154 2.5 0
    endloop
  endfacet
  facet normal 0 -1 0
    outer loop
      vertex 90.4613 0.61 8.57192
      vertex 90.4694 0.61 9.46706
      vertex 90.343 0.61 9.46451
    endloop
  endfacet
  facet normal 0 -1 0
    outer loop
      vertex 90.3411 0.61 8.56554
      vertex 90.343 0.61 9.46451
      vertex 90.2211 0.61 9.45684
    endloop
  endfacet
  facet normal 0 -1 0
    outer loop
      vertex 90.2852 0.61 8.55754
      vertex 90.2211 0.61 9.45684
      vertex 90.1038 0.61 9.44406
    endloop
  endfacet
  facet normal 0 -1 0
    outer loop
      vertex 90.343 0.61 9.46451
      vertex 90.3998 0.61 8.57033
      vertex 90.4613 0.61 8.57192
    endloop
  endfacet
  facet normal 0 -1 0
    outer loop
      vertex 90.2321 0.61 8.54637
      vertex 90.1038 0.61 9.44406
      vertex 89.9911 0.61 9.42617
    endloop
  endfacet
  facet normal 0 -1 0
    outer loop
      vertex 90.4694 0.61 9.46706
      vertex 90.5192 0.61 8.57035
      vertex 90.6499 0.61 9.46097
    endloop
  endfacet
  facet normal 0 -1 0
    outer loop
      vertex 90.1818 0.61 8.53199
      vertex 89.9911 0.61 9.42617
      vertex 89.883 0.61 9.40317
    endloop
  endfacet
  facet normal 0 -1 0
    outer loop
      vertex 90.1342 0.61 8.51442
      vertex 89.883 0.61 9.40317
      vertex 89.7794 0.61 9.37506
    endloop
  endfacet
  facet normal 0 -1 0
    outer loop
      vertex 90.5192 0.61 8.57035
      vertex 90.4694 0.61 9.46706
      vertex 90.4613 0.61 8.57192
    endloop
  endfacet
  facet normal 0 -1 0
    outer loop
      vertex 90.0895 0.61 8.49366
      vertex 89.7794 0.61 9.37506
      vertex 89.6804 0.61 9.34183
    endloop
  endfacet
  facet normal 0 -1 0
    outer loop
      vertex 90.6273 0.61 8.5577
      vertex 90.6499 0.61 9.46097
      vertex 90.5745 0.61 8.5656
    endloop
  endfacet
  facet normal 0 -1 0
    outer loop
      vertex 90.0475 0.61 8.4697
      vertex 89.6804 0.61 9.34183
      vertex 89.586 0.61 9.3035
    endloop
  endfacet
  facet normal 0 -1 0
    outer loop
      vertex 90.0475 0.61 8.4697
      vertex 89.586 0.61 9.3035
      vertex 89.4961 0.61 9.26004
    endloop
  endfacet
  facet normal 0 -1 0
    outer loop
      vertex 90.5745 0.61 8.5656
      vertex 90.6499 0.61 9.46097
      vertex 90.5192 0.61 8.57035
    endloop
  endfacet
  facet normal 0 -1 0
    outer loop
      vertex 90.0084 0.61 8.44255
      vertex 89.4961 0.61 9.26004
      vertex 89.4109 0.61 9.21149
    endloop
  endfacet
  facet normal 0 -1 0
    outer loop
      vertex 90.6776 0.61 8.54663
      vertex 90.8213 0.61 9.44272
      vertex 90.6273 0.61 8.5577
    endloop
  endfacet
  facet normal 0 -1 0
    outer loop
      vertex 89.972 0.61 8.4122
      vertex 89.4109 0.61 9.21149
      vertex 89.3302 0.61 9.15782
    endloop
  endfacet
  facet normal 0 -1 0
    outer loop
      vertex 89.9384 0.61 8.37866
      vertex 89.3302 0.61 9.15782
      vertex 89.2535 0.61 9.09877
    endloop
  endfacet
  facet normal 0 -1 -0
    outer loop
      vertex 90.6499 0.61 9.46097
      vertex 90.6273 0.61 8.5577
      vertex 90.8213 0.61 9.44272
    endloop
  endfacet
  facet normal 0 -1 0
    outer loop
      vertex 89.9384 0.61 8.37866
      vertex 89.2535 0.61 9.09877
      vertex 89.1805 0.61 9.03408
    endloop
  endfacet
  facet normal 0 -1 0
    outer loop
      vertex 90.7252 0.61 8.53241
      vertex 90.9837 0.61 9.41228
      vertex 90.6776 0.61 8.54663
    endloop
  endfacet
  facet normal 0 -1 0
    outer loop
      vertex 89.9071 0.61 8.34151
      vertex 89.1805 0.61 9.03408
      vertex 89.111 0.61 8.96373
    endloop
  endfacet
  facet normal 0 -1 0
    outer loop
      vertex 89.8774 0.61 8.30031
      vertex 89.111 0.61 8.96373
      vertex 89.045 0.61 8.88773
    endloop
  endfacet
  facet normal 0 -1 -0
    outer loop
      vertex 90.8213 0.61 9.44272
      vertex 90.6776 0.61 8.54663
      vertex 90.9837 0.61 9.41228
    endloop
  endfacet
  facet normal 0 -1 0
    outer loop
      vertex 89.8495 0.61 8.25508
      vertex 89.045 0.61 8.88773
      vertex 88.9826 0.61 8.80608
    endloop
  endfacet
  facet normal 0 -1 -0
    outer loop
      vertex 90.9837 0.61 9.41228
      vertex 90.7704 0.61 8.51503
      vertex 91.1371 0.61 9.36968
    endloop
  endfacet
  facet normal 0 -1 0
    outer loop
      vertex 89.8495 0.61 8.25508
      vertex 88.9826 0.61 8.80608
      vertex 88.9238 0.61 8.71878
    endloop
  endfacet
  facet normal 0 -1 0
    outer loop
      vertex 89.8232 0.61 8.20583
      vertex 88.9238 0.61 8.71878
      vertex 88.8686 0.61 8.62584
    endloop
  endfacet
  facet normal 0 -1 0
    outer loop
      vertex 90.8129 0.61 8.49448
      vertex 91.1371 0.61 9.36968
      vertex 90.7704 0.61 8.51503
    endloop
  endfacet
  facet normal 0 -1 -0
    outer loop
      vertex 91.1371 0.61 9.36968
      vertex 90.8129 0.61 8.49448
      vertex 91.2815 0.61 9.3149
    endloop
  endfacet
  facet normal 0 -1 0
    outer loop
      vertex 90.7704 0.61 8.51503
      vertex 90.9837 0.61 9.41228
      vertex 90.7252 0.61 8.53241
    endloop
  endfacet
  facet normal 0 -1 -0
    outer loop
      vertex 90.343 0.61 9.46451
      vertex 90.3411 0.61 8.56554
      vertex 90.3998 0.61 8.57033
    endloop
  endfacet
  facet normal 0 -1 0
    outer loop
      vertex 90.2211 0.61 9.45684
      vertex 90.2852 0.61 8.55754
      vertex 90.3411 0.61 8.56554
    endloop
  endfacet
  facet normal 0 -1 0
    outer loop
      vertex 90.1038 0.61 9.44406
      vertex 90.2321 0.61 8.54637
      vertex 90.2852 0.61 8.55754
    endloop
  endfacet
  facet normal 0 -1 0
    outer loop
      vertex 89.9911 0.61 9.42617
      vertex 90.1818 0.61 8.53199
      vertex 90.2321 0.61 8.54637
    endloop
  endfacet
  facet normal 0 -1 0
    outer loop
      vertex 89.7985 0.61 8.15253
      vertex 88.8686 0.61 8.62584
      vertex 88.8169 0.61 8.52726
    endloop
  endfacet
  facet normal 0 -1 0
    outer loop
      vertex 89.883 0.61 9.40317
      vertex 90.1342 0.61 8.51442
      vertex 90.1818 0.61 8.53199
    endloop
  endfacet
  facet normal 0 -1 0
    outer loop
      vertex 89.7794 0.61 9.37506
      vertex 90.0895 0.61 8.49366
      vertex 90.1342 0.61 8.51442
    endloop
  endfacet
  facet normal 0 -1 0
    outer loop
      vertex 89.6804 0.61 9.34183
      vertex 90.0475 0.61 8.4697
      vertex 90.0895 0.61 8.49366
    endloop
  endfacet
  facet normal 0 -1 0
    outer loop
      vertex 89.4961 0.61 9.26004
      vertex 90.0084 0.61 8.44255
      vertex 90.0475 0.61 8.4697
    endloop
  endfacet
  facet normal 0 -1 0
    outer loop
      vertex 89.7756 0.61 8.0952
      vertex 88.8169 0.61 8.52726
      vertex 88.7688 0.61 8.42301
    endloop
  endfacet
  facet normal 0 -1 0
    outer loop
      vertex 89.4109 0.61 9.21149
      vertex 89.972 0.61 8.4122
      vertex 90.0084 0.61 8.44255
    endloop
  endfacet
  facet normal 0 -1 0
    outer loop
      vertex 89.3302 0.61 9.15782
      vertex 89.9384 0.61 8.37866
      vertex 89.972 0.61 8.4122
    endloop
  endfacet
  facet normal 0 -1 0
    outer loop
      vertex 89.1805 0.61 9.03408
      vertex 89.9071 0.61 8.34151
      vertex 89.9384 0.61 8.37866
    endloop
  endfacet
  facet normal 0 -1 0
    outer loop
      vertex 89.7543 0.61 8.03383
      vertex 88.7688 0.61 8.42301
      vertex 88.7242 0.61 8.31313
    endloop
  endfacet
  facet normal 0 -1 0
    outer loop
      vertex 89.111 0.61 8.96373
      vertex 89.8774 0.61 8.30031
      vertex 89.9071 0.61 8.34151
    endloop
  endfacet
  facet normal 0 -1 0
    outer loop
      vertex 89.045 0.61 8.88773
      vertex 89.8495 0.61 8.25508
      vertex 89.8774 0.61 8.30031
    endloop
  endfacet
  facet normal 0 -1 0
    outer loop
      vertex 88.9238 0.61 8.71878
      vertex 89.8232 0.61 8.20583
      vertex 89.8495 0.61 8.25508
    endloop
  endfacet
  facet normal 0 -1 0
    outer loop
      vertex 89.7348 0.61 7.96843
      vertex 88.7242 0.61 8.31313
      vertex 88.6832 0.61 8.19759
    endloop
  endfacet
  facet normal 0 -1 0
    outer loop
      vertex 88.8686 0.61 8.62584
      vertex 89.7985 0.61 8.15253
      vertex 89.8232 0.61 8.20583
    endloop
  endfacet
  facet normal 0 -1 0
    outer loop
      vertex 88.8169 0.61 8.52726
      vertex 89.7756 0.61 8.0952
      vertex 89.7985 0.61 8.15253
    endloop
  endfacet
  facet normal 0 -1 0
    outer loop
      vertex 89.7169 0.61 7.89899
      vertex 88.6832 0.61 8.19759
      vertex 88.6458 0.61 8.0761
    endloop
  endfacet
  facet normal 0 -1 0
    outer loop
      vertex 88.7688 0.61 8.42301
      vertex 89.7543 0.61 8.03383
      vertex 89.7756 0.61 8.0952
    endloop
  endfacet
  facet normal 0 -1 0
    outer loop
      vertex 88.7242 0.61 8.31313
      vertex 89.7348 0.61 7.96843
      vertex 89.7543 0.61 8.03383
    endloop
  endfacet
  facet normal 0 -1 0
    outer loop
      vertex 89.6861 0.61 7.748
      vertex 88.6458 0.61 8.0761
      vertex 88.612 0.61 7.94835
    endloop
  endfacet
  facet normal 0 -1 0
    outer loop
      vertex 88.6832 0.61 8.19759
      vertex 89.7169 0.61 7.89899
      vertex 89.7348 0.61 7.96843
    endloop
  endfacet
  facet normal 0 -1 0
    outer loop
      vertex 88.6458 0.61 8.0761
      vertex 89.7007 0.61 7.82552
      vertex 89.7169 0.61 7.89899
    endloop
  endfacet
  facet normal 0 -1 0
    outer loop
      vertex 89.6731 0.61 7.66553
      vertex 88.612 0.61 7.94835
      vertex 88.5816 0.61 7.81435
    endloop
  endfacet
  facet normal 0 -1 0
    outer loop
      vertex 88.6458 0.61 8.0761
      vertex 89.6861 0.61 7.748
      vertex 89.7007 0.61 7.82552
    endloop
  endfacet
  facet normal 0 -1 0
    outer loop
      vertex 89.6613 0.61 7.57718
      vertex 88.5816 0.61 7.81435
      vertex 88.5549 0.61 7.67409
    endloop
  endfacet
  facet normal 0 -1 0
    outer loop
      vertex 88.612 0.61 7.94835
      vertex 89.6731 0.61 7.66553
      vertex 89.6861 0.61 7.748
    endloop
  endfacet
  facet normal 0 -1 0
    outer loop
      vertex 88.5816 0.61 7.81435
      vertex 89.6613 0.61 7.57718
      vertex 89.6731 0.61 7.66553
    endloop
  endfacet
  facet normal 0 -1 0
    outer loop
      vertex 89.6507 0.61 7.48294
      vertex 88.5549 0.61 7.67409
      vertex 88.5318 0.61 7.52759
    endloop
  endfacet
  facet normal 0 -1 0
    outer loop
      vertex 88.5549 0.61 7.67409
      vertex 89.6507 0.61 7.48294
      vertex 89.6613 0.61 7.57718
    endloop
  endfacet
  facet normal 0 -1 0
    outer loop
      vertex 88.5318 0.61 7.52759
      vertex 89.6414 0.61 7.38282
      vertex 89.6507 0.61 7.48294
    endloop
  endfacet
  facet normal 0 -1 0
    outer loop
      vertex 88.5121 0.61 7.37484
      vertex 89.6414 0.61 7.38282
      vertex 88.5318 0.61 7.52759
    endloop
  endfacet
  facet normal 0 -1 0
    outer loop
      vertex 88.5121 0.61 7.37484
      vertex 89.6333 0.61 7.27681
      vertex 89.6414 0.61 7.38282
    endloop
  endfacet
  facet normal 0 -1 0
    outer loop
      vertex 89.6264 0.61 7.16492
      vertex 88.5121 0.61 7.37484
      vertex 88.4961 0.61 7.21582
    endloop
  endfacet
  facet normal 0 -1 0
    outer loop
      vertex 88.5121 0.61 7.37484
      vertex 89.6264 0.61 7.16492
      vertex 89.6333 0.61 7.27681
    endloop
  endfacet
  facet normal 0 -1 0
    outer loop
      vertex 89.6208 0.61 7.04715
      vertex 88.4961 0.61 7.21582
      vertex 88.4836 0.61 7.05056
    endloop
  endfacet
  facet normal 0 -1 0
    outer loop
      vertex 88.4961 0.61 7.21582
      vertex 89.6208 0.61 7.04715
      vertex 89.6264 0.61 7.16492
    endloop
  endfacet
  facet normal 0 -1 0
    outer loop
      vertex 88.4836 0.61 7.05056
      vertex 89.6165 0.61 6.9235
      vertex 89.6208 0.61 7.04715
    endloop
  endfacet
  facet normal 0 -1 0
    outer loop
      vertex 88.4747 0.61 6.87903
      vertex 89.6165 0.61 6.9235
      vertex 88.4836 0.61 7.05056
    endloop
  endfacet
  facet normal 0 -1 0
    outer loop
      vertex 88.4747 0.61 6.87903
      vertex 89.6134 0.61 6.79396
      vertex 89.6165 0.61 6.9235
    endloop
  endfacet
  facet normal 0 -1 0
    outer loop
      vertex 88.4694 0.61 6.70125
      vertex 89.6134 0.61 6.79396
      vertex 88.4747 0.61 6.87903
    endloop
  endfacet
  facet normal 0 -1 0
    outer loop
      vertex 88.4694 0.61 6.70125
      vertex 89.6115 0.61 6.65853
      vertex 89.6134 0.61 6.79396
    endloop
  endfacet
  facet normal 0 -1 0
    outer loop
      vertex 88.4676 0.61 6.51721
      vertex 89.6115 0.61 6.65853
      vertex 88.4694 0.61 6.70125
    endloop
  endfacet
  facet normal 0 -1 0
    outer loop
      vertex 88.4676 0.61 6.51721
      vertex 89.6109 0.61 6.51721
      vertex 89.6115 0.61 6.65853
    endloop
  endfacet
  facet normal 0 -1 0
    outer loop
      vertex 88.4676 0.61 6.51721
      vertex 89.6116 0.61 6.37731
      vertex 89.6109 0.61 6.51721
    endloop
  endfacet
  facet normal 0 -1 0
    outer loop
      vertex 88.4676 0.61 6.51721
      vertex 89.6135 0.61 6.24304
      vertex 89.6116 0.61 6.37731
    endloop
  endfacet
  facet normal 0 -1 0
    outer loop
      vertex 88.4839 0.61 6.00528
      vertex 89.6135 0.61 6.24304
      vertex 88.4676 0.61 6.51721
    endloop
  endfacet
  facet normal 0 -1 -0
    outer loop
      vertex 89.6135 0.61 6.24304
      vertex 88.4839 0.61 6.00528
      vertex 89.6168 0.61 6.11447
    endloop
  endfacet
  facet normal 0 -1 0
    outer loop
      vertex 88.4839 0.61 6.00528
      vertex 89.6214 0.61 5.99158
      vertex 89.6168 0.61 6.11447
    endloop
  endfacet
  facet normal 0 -1 0
    outer loop
      vertex 88.4839 0.61 6.00528
      vertex 89.6273 0.61 5.87438
      vertex 89.6214 0.61 5.99158
    endloop
  endfacet
  facet normal 0 -1 0
    outer loop
      vertex 88.5327 0.61 5.54209
      vertex 89.6273 0.61 5.87438
      vertex 88.4839 0.61 6.00528
    endloop
  endfacet
  facet normal 0 -1 -0
    outer loop
      vertex 89.6273 0.61 5.87438
      vertex 88.5327 0.61 5.54209
      vertex 89.6345 0.61 5.76285
    endloop
  endfacet
  facet normal 0 -1 -0
    outer loop
      vertex 89.6345 0.61 5.76285
      vertex 88.5327 0.61 5.54209
      vertex 89.643 0.61 5.65702
    endloop
  endfacet
  facet normal 0 -1 -0
    outer loop
      vertex 89.643 0.61 5.65702
      vertex 88.5327 0.61 5.54209
      vertex 89.6528 0.61 5.55686
    endloop
  endfacet
  facet normal 0 -1 0
    outer loop
      vertex 88.5327 0.61 5.54209
      vertex 89.664 0.61 5.46237
      vertex 89.6528 0.61 5.55686
    endloop
  endfacet
  facet normal 0 -1 0
    outer loop
      vertex 88.6141 0.61 5.12764
      vertex 89.664 0.61 5.46237
      vertex 88.5327 0.61 5.54209
    endloop
  endfacet
  facet normal 0 -1 -0
    outer loop
      vertex 89.664 0.61 5.46237
      vertex 88.6141 0.61 5.12764
      vertex 89.6765 0.61 5.37358
    endloop
  endfacet
  facet normal 0 -1 -0
    outer loop
      vertex 89.6765 0.61 5.37358
      vertex 88.6141 0.61 5.12764
      vertex 89.6902 0.61 5.29048
    endloop
  endfacet
  facet normal 0 -1 -0
    outer loop
      vertex 89.6902 0.61 5.29048
      vertex 88.6141 0.61 5.12764
      vertex 89.7054 0.61 5.21228
    endloop
  endfacet
  facet normal 0 -1 0
    outer loop
      vertex 88.728 0.61 4.76197
      vertex 89.7054 0.61 5.21228
      vertex 88.6141 0.61 5.12764
    endloop
  endfacet
  facet normal 0 -1 -0
    outer loop
      vertex 89.7054 0.61 5.21228
      vertex 88.728 0.61 4.76197
      vertex 89.7222 0.61 5.13823
    endloop
  endfacet
  facet normal 0 -1 -0
    outer loop
      vertex 89.7222 0.61 5.13823
      vertex 88.728 0.61 4.76197
      vertex 89.7405 0.61 5.0683
    endloop
  endfacet
  facet normal 0 -1 -0
    outer loop
      vertex 89.7405 0.61 5.0683
      vertex 88.728 0.61 4.76197
      vertex 89.7603 0.61 5.00252
    endloop
  endfacet
  facet normal 0 -1 0
    outer loop
      vertex 88.8745 0.61 4.44504
      vertex 89.7603 0.61 5.00252
      vertex 88.728 0.61 4.76197
    endloop
  endfacet
  facet normal 0 -1 -0
    outer loop
      vertex 89.7603 0.61 5.00252
      vertex 88.8745 0.61 4.44504
      vertex 89.7817 0.61 4.94088
    endloop
  endfacet
  facet normal 0 -1 -0
    outer loop
      vertex 89.7817 0.61 4.94088
      vertex 88.8745 0.61 4.44504
      vertex 89.8046 0.61 4.88335
    endloop
  endfacet
  facet normal 0 -1 -0
    outer loop
      vertex 89.8046 0.61 4.88335
      vertex 88.8745 0.61 4.44504
      vertex 89.8291 0.61 4.82996
    endloop
  endfacet
  facet normal 0 -1 0
    outer loop
      vertex 89.0535 0.61 4.17687
      vertex 89.8291 0.61 4.82996
      vertex 88.8745 0.61 4.44504
    endloop
  endfacet
  facet normal 0 -1 -0
    outer loop
      vertex 89.8291 0.61 4.82996
      vertex 89.0535 0.61 4.17687
      vertex 89.8552 0.61 4.78072
    endloop
  endfacet
  facet normal 0 -1 -0
    outer loop
      vertex 89.8552 0.61 4.78072
      vertex 89.0535 0.61 4.17687
      vertex 89.8827 0.61 4.7356
    endloop
  endfacet
  facet normal 0 -1 -0
    outer loop
      vertex 89.8827 0.61 4.7356
      vertex 89.0535 0.61 4.17687
      vertex 89.9118 0.61 4.69463
    endloop
  endfacet
  facet normal 0 -1 0
    outer loop
      vertex 89.2651 0.61 3.95746
      vertex 89.9118 0.61 4.69463
      vertex 89.0535 0.61 4.17687
    endloop
  endfacet
  facet normal 0 -1 -0
    outer loop
      vertex 89.9118 0.61 4.69463
      vertex 89.2651 0.61 3.95746
      vertex 89.9425 0.61 4.65778
    endloop
  endfacet
  facet normal 0 -1 -0
    outer loop
      vertex 89.9425 0.61 4.65778
      vertex 89.2651 0.61 3.95746
      vertex 89.9753 0.61 4.62459
    endloop
  endfacet
  facet normal 0 -1 0
    outer loop
      vertex 89.5092 0.61 3.78681
      vertex 89.9753 0.61 4.62459
      vertex 89.2651 0.61 3.95746
    endloop
  endfacet
  facet normal 0 -1 -0
    outer loop
      vertex 89.9753 0.61 4.62459
      vertex 89.5092 0.61 3.78681
      vertex 90.0106 0.61 4.59456
    endloop
  endfacet
  facet normal 0 -1 -0
    outer loop
      vertex 90.0106 0.61 4.59456
      vertex 89.5092 0.61 3.78681
      vertex 90.0485 0.61 4.56771
    endloop
  endfacet
  facet normal 0 -1 -0
    outer loop
      vertex 90.0485 0.61 4.56771
      vertex 89.5092 0.61 3.78681
      vertex 90.089 0.61 4.54399
    endloop
  endfacet
  facet normal 0 -1 0
    outer loop
      vertex 89.7859 0.61 3.66492
      vertex 90.089 0.61 4.54399
      vertex 89.5092 0.61 3.78681
    endloop
  endfacet
  facet normal 0 -1 -0
    outer loop
      vertex 90.089 0.61 4.54399
      vertex 89.7859 0.61 3.66492
      vertex 90.1321 0.61 4.52346
    endloop
  endfacet
  facet normal 0 -1 -0
    outer loop
      vertex 90.1321 0.61 4.52346
      vertex 89.7859 0.61 3.66492
      vertex 90.1778 0.61 4.50606
    endloop
  endfacet
  facet normal 0 -1 0
    outer loop
      vertex 90.0951 0.61 3.59177
      vertex 90.1778 0.61 4.50606
      vertex 89.7859 0.61 3.66492
    endloop
  endfacet
  facet normal 0 -1 -0
    outer loop
      vertex 90.1778 0.61 4.50606
      vertex 90.0951 0.61 3.59177
      vertex 90.226 0.61 4.49184
    endloop
  endfacet
  facet normal -0 -1 0
    outer loop
      vertex 90.614 0.61 3.57358
      vertex 90.445 0.61 4.46656
      vertex 90.4369 0.61 3.5674
    endloop
  endfacet
  facet normal -0 -1 0
    outer loop
      vertex 90.7829 0.61 3.59215
      vertex 90.445 0.61 4.46656
      vertex 90.614 0.61 3.57358
    endloop
  endfacet
  facet normal 0 -1 -0
    outer loop
      vertex 90.226 0.61 4.49184
      vertex 90.0951 0.61 3.59177
      vertex 90.2769 0.61 4.48078
    endloop
  endfacet
  facet normal 0 -1 0
    outer loop
      vertex 90.445 0.61 4.46656
      vertex 91.9321 0.61 4.31601
      vertex 92.0186 0.61 4.45796
    endloop
  endfacet
  facet normal 0 -1 0
    outer loop
      vertex 90.445 0.61 4.46656
      vertex 91.8374 0.61 4.1861
      vertex 91.9321 0.61 4.31601
    endloop
  endfacet
  facet normal 0 -1 -0
    outer loop
      vertex 90.2769 0.61 4.48078
      vertex 90.0951 0.61 3.59177
      vertex 90.3304 0.61 4.47287
    endloop
  endfacet
  facet normal 0 -1 0
    outer loop
      vertex 90.445 0.61 4.46656
      vertex 91.7344 0.61 4.06855
      vertex 91.8374 0.61 4.1861
    endloop
  endfacet
  facet normal 0 -1 0
    outer loop
      vertex 90.445 0.61 4.46656
      vertex 91.6232 0.61 3.96337
      vertex 91.7344 0.61 4.06855
    endloop
  endfacet
  facet normal 0 -1 0
    outer loop
      vertex 90.4369 0.61 3.5674
      vertex 90.3304 0.61 4.47287
      vertex 90.0951 0.61 3.59177
    endloop
  endfacet
  facet normal 0 -1 0
    outer loop
      vertex 90.445 0.61 4.46656
      vertex 91.5037 0.61 3.87056
      vertex 91.6232 0.61 3.96337
    endloop
  endfacet
  facet normal 0 -1 0
    outer loop
      vertex 90.445 0.61 4.46656
      vertex 91.376 0.61 3.79013
      vertex 91.5037 0.61 3.87056
    endloop
  endfacet
  facet normal 0 -1 0
    outer loop
      vertex 90.3304 0.61 4.47287
      vertex 90.4369 0.61 3.5674
      vertex 90.3864 0.61 4.46814
    endloop
  endfacet
  facet normal 0 -1 0
    outer loop
      vertex 90.445 0.61 4.46656
      vertex 91.2401 0.61 3.72206
      vertex 91.376 0.61 3.79013
    endloop
  endfacet
  facet normal 0 -1 0
    outer loop
      vertex 90.445 0.61 4.46656
      vertex 90.9435 0.61 3.62308
      vertex 91.0959 0.61 3.66638
    endloop
  endfacet
  facet normal 0 -1 0
    outer loop
      vertex 90.3864 0.61 4.46814
      vertex 90.4369 0.61 3.5674
      vertex 90.445 0.61 4.46656
    endloop
  endfacet
  facet normal 0 -1 0
    outer loop
      vertex 90.445 0.61 4.46656
      vertex 91.0959 0.61 3.66638
      vertex 91.2401 0.61 3.72206
    endloop
  endfacet
  facet normal -0 -1 0
    outer loop
      vertex 90.9435 0.61 3.62308
      vertex 90.445 0.61 4.46656
      vertex 90.7829 0.61 3.59215
    endloop
  endfacet
  facet normal 0 -1 0
    outer loop
      vertex 90.853 0.61 8.47078
      vertex 91.2815 0.61 9.3149
      vertex 90.8129 0.61 8.49448
    endloop
  endfacet
  facet normal 0 -1 -0
    outer loop
      vertex 91.2815 0.61 9.3149
      vertex 90.853 0.61 8.47078
      vertex 91.4169 0.61 9.24796
    endloop
  endfacet
  facet normal 0 -1 0
    outer loop
      vertex 90.8904 0.61 8.44391
      vertex 91.4169 0.61 9.24796
      vertex 90.853 0.61 8.47078
    endloop
  endfacet
  facet normal 0 -1 -0
    outer loop
      vertex 91.4169 0.61 9.24796
      vertex 90.8904 0.61 8.44391
      vertex 91.5432 0.61 9.16884
    endloop
  endfacet
  facet normal 0 -1 0
    outer loop
      vertex 90.9253 0.61 8.41388
      vertex 91.5432 0.61 9.16884
      vertex 90.8904 0.61 8.44391
    endloop
  endfacet
  facet normal 0 -1 0
    outer loop
      vertex 90.9577 0.61 8.38071
      vertex 91.5432 0.61 9.16884
      vertex 90.9253 0.61 8.41388
    endloop
  endfacet
  facet normal 0 -1 -0
    outer loop
      vertex 91.5432 0.61 9.16884
      vertex 90.9577 0.61 8.38071
      vertex 91.6606 0.61 9.07753
    endloop
  endfacet
  facet normal 0 -1 0
    outer loop
      vertex 90.988 0.61 8.34389
      vertex 91.6606 0.61 9.07753
      vertex 90.9577 0.61 8.38071
    endloop
  endfacet
  facet normal 0 -1 -0
    outer loop
      vertex 91.6606 0.61 9.07753
      vertex 90.988 0.61 8.34389
      vertex 91.7689 0.61 8.97408
    endloop
  endfacet
  facet normal 0 -1 0
    outer loop
      vertex 91.0167 0.61 8.30297
      vertex 91.7689 0.61 8.97408
      vertex 90.988 0.61 8.34389
    endloop
  endfacet
  facet normal 0 -1 -0
    outer loop
      vertex 91.7689 0.61 8.97408
      vertex 91.0167 0.61 8.30297
      vertex 91.8683 0.61 8.85843
    endloop
  endfacet
  facet normal 0 -1 0
    outer loop
      vertex 91.0439 0.61 8.25794
      vertex 91.8683 0.61 8.85843
      vertex 91.0167 0.61 8.30297
    endloop
  endfacet
  facet normal 0 -1 -0
    outer loop
      vertex 91.8683 0.61 8.85843
      vertex 91.0439 0.61 8.25794
      vertex 91.9586 0.61 8.73062
    endloop
  endfacet
  facet normal 0 -1 0
    outer loop
      vertex 91.0696 0.61 8.2088
      vertex 91.9586 0.61 8.73062
      vertex 91.0439 0.61 8.25794
    endloop
  endfacet
  facet normal 0 -1 -0
    outer loop
      vertex 91.9586 0.61 8.73062
      vertex 91.0696 0.61 8.2088
      vertex 92.0405 0.61 8.59061
    endloop
  endfacet
  facet normal 0 -1 0
    outer loop
      vertex 91.0937 0.61 8.15558
      vertex 92.0405 0.61 8.59061
      vertex 91.0696 0.61 8.2088
    endloop
  endfacet
  facet normal 0 -1 0
    outer loop
      vertex 91.1162 0.61 8.09825
      vertex 92.0405 0.61 8.59061
      vertex 91.0937 0.61 8.15558
    endloop
  endfacet
  facet normal 0 -1 -0
    outer loop
      vertex 92.0405 0.61 8.59061
      vertex 91.1162 0.61 8.09825
      vertex 92.1146 0.61 8.43834
    endloop
  endfacet
  facet normal 0 -1 0
    outer loop
      vertex 91.1372 0.61 8.03681
      vertex 92.1146 0.61 8.43834
      vertex 91.1162 0.61 8.09825
    endloop
  endfacet
  facet normal 0 -1 -0
    outer loop
      vertex 92.1146 0.61 8.43834
      vertex 91.1372 0.61 8.03681
      vertex 92.1809 0.61 8.27385
    endloop
  endfacet
  facet normal 0 -1 0
    outer loop
      vertex 91.1567 0.61 7.97127
      vertex 92.1809 0.61 8.27385
      vertex 91.1372 0.61 8.03681
    endloop
  endfacet
  facet normal 0 -1 0
    outer loop
      vertex 91.1746 0.61 7.90163
      vertex 92.1809 0.61 8.27385
      vertex 91.1567 0.61 7.97127
    endloop
  endfacet
  facet normal 0 -1 -0
    outer loop
      vertex 92.1809 0.61 8.27385
      vertex 91.1746 0.61 7.90163
      vertex 92.2394 0.61 8.09711
    endloop
  endfacet
  facet normal 0 -1 0
    outer loop
      vertex 91.191 0.61 7.82788
      vertex 92.2394 0.61 8.09711
      vertex 91.1746 0.61 7.90163
    endloop
  endfacet
  facet normal 0 -1 0
    outer loop
      vertex 91.2058 0.61 7.75005
      vertex 92.2394 0.61 8.09711
      vertex 91.191 0.61 7.82788
    endloop
  endfacet
  facet normal 0 -1 -0
    outer loop
      vertex 92.2394 0.61 8.09711
      vertex 91.2058 0.61 7.75005
      vertex 92.2901 0.61 7.90813
    endloop
  endfacet
  facet normal 0 -1 0
    outer loop
      vertex 91.2192 0.61 7.66722
      vertex 92.2901 0.61 7.90813
      vertex 91.2058 0.61 7.75005
    endloop
  endfacet
  facet normal 0 -1 -0
    outer loop
      vertex 92.2901 0.61 7.90813
      vertex 91.2192 0.61 7.66722
      vertex 92.333 0.61 7.70691
    endloop
  endfacet
  facet normal 0 -1 0
    outer loop
      vertex 91.2314 0.61 7.57854
      vertex 92.333 0.61 7.70691
      vertex 91.2192 0.61 7.66722
    endloop
  endfacet
  facet normal 0 -1 0
    outer loop
      vertex 91.2422 0.61 7.48403
      vertex 92.333 0.61 7.70691
      vertex 91.2314 0.61 7.57854
    endloop
  endfacet
  facet normal 0 -1 -0
    outer loop
      vertex 92.333 0.61 7.70691
      vertex 91.2422 0.61 7.48403
      vertex 92.3681 0.61 7.49346
    endloop
  endfacet
  facet normal 0 -1 0
    outer loop
      vertex 91.2518 0.61 7.38365
      vertex 92.3681 0.61 7.49346
      vertex 91.2422 0.61 7.48403
    endloop
  endfacet
  facet normal 0 -1 0
    outer loop
      vertex 91.2601 0.61 7.27742
      vertex 92.3681 0.61 7.49346
      vertex 91.2518 0.61 7.38365
    endloop
  endfacet
  facet normal 0 -1 0
    outer loop
      vertex 91.2601 0.61 7.27742
      vertex 92.3954 0.61 7.26776
      vertex 92.3681 0.61 7.49346
    endloop
  endfacet
  facet normal 0 -1 0
    outer loop
      vertex 91.2672 0.61 7.16535
      vertex 92.3954 0.61 7.26776
      vertex 91.2601 0.61 7.27742
    endloop
  endfacet
  facet normal 0 -1 0
    outer loop
      vertex 91.2729 0.61 7.04743
      vertex 92.3954 0.61 7.26776
      vertex 91.2672 0.61 7.16535
    endloop
  endfacet
  facet normal 0 -1 0
    outer loop
      vertex 91.2729 0.61 7.04743
      vertex 92.4149 0.61 7.02982
      vertex 92.3954 0.61 7.26776
    endloop
  endfacet
  facet normal 0 -1 0
    outer loop
      vertex 91.2774 0.61 6.92365
      vertex 92.4149 0.61 7.02982
      vertex 91.2729 0.61 7.04743
    endloop
  endfacet
  facet normal 0 -1 0
    outer loop
      vertex 91.2806 0.61 6.79402
      vertex 92.4149 0.61 7.02982
      vertex 91.2774 0.61 6.92365
    endloop
  endfacet
  facet normal 0 -1 0
    outer loop
      vertex 91.2806 0.61 6.79402
      vertex 92.4266 0.61 6.77964
      vertex 92.4149 0.61 7.02982
    endloop
  endfacet
  facet normal 0 -1 0
    outer loop
      vertex 91.2825 0.61 6.65854
      vertex 92.4266 0.61 6.77964
      vertex 91.2806 0.61 6.79402
    endloop
  endfacet
  facet normal 0 -1 0
    outer loop
      vertex 92.4305 0.61 6.51721
      vertex 91.2825 0.61 6.65854
      vertex 91.2832 0.61 6.51721
    endloop
  endfacet
  facet normal 0 -1 0
    outer loop
      vertex 91.2825 0.61 6.65854
      vertex 92.4305 0.61 6.51721
      vertex 92.4266 0.61 6.77964
    endloop
  endfacet
  facet normal 0 -1 0
    outer loop
      vertex 91.2825 0.61 6.38152
      vertex 92.4305 0.61 6.51721
      vertex 91.2832 0.61 6.51721
    endloop
  endfacet
  facet normal 0 -1 0
    outer loop
      vertex 91.2825 0.61 6.38152
      vertex 92.4264 0.61 6.25896
      vertex 92.4305 0.61 6.51721
    endloop
  endfacet
  facet normal 0 -1 0
    outer loop
      vertex 91.2805 0.61 6.25106
      vertex 92.4264 0.61 6.25896
      vertex 91.2825 0.61 6.38152
    endloop
  endfacet
  facet normal 0 -1 0
    outer loop
      vertex 91.2773 0.61 6.12583
      vertex 92.4264 0.61 6.25896
      vertex 91.2805 0.61 6.25106
    endloop
  endfacet
  facet normal 0 -1 0
    outer loop
      vertex 91.2773 0.61 6.12583
      vertex 92.4141 0.61 6.01232
      vertex 92.4264 0.61 6.25896
    endloop
  endfacet
  facet normal 0 -1 0
    outer loop
      vertex 91.2727 0.61 6.00585
      vertex 92.4141 0.61 6.01232
      vertex 91.2773 0.61 6.12583
    endloop
  endfacet
  facet normal 0 -1 0
    outer loop
      vertex 92.3935 0.61 5.7773
      vertex 91.2727 0.61 6.00585
      vertex 91.2668 0.61 5.89112
    endloop
  endfacet
  facet normal 0 -1 0
    outer loop
      vertex 92.3935 0.61 5.7773
      vertex 91.2668 0.61 5.89112
      vertex 91.2595 0.61 5.78162
    endloop
  endfacet
  facet normal 0 -1 0
    outer loop
      vertex 91.2727 0.61 6.00585
      vertex 92.3935 0.61 5.7773
      vertex 92.4141 0.61 6.01232
    endloop
  endfacet
  facet normal 0 -1 0
    outer loop
      vertex 92.3646 0.61 5.55391
      vertex 91.2595 0.61 5.78162
      vertex 91.251 0.61 5.67739
    endloop
  endfacet
  facet normal 0 -1 0
    outer loop
      vertex 92.3646 0.61 5.55391
      vertex 91.251 0.61 5.67739
      vertex 91.2412 0.61 5.57839
    endloop
  endfacet
  facet normal 0 -1 0
    outer loop
      vertex 91.2595 0.61 5.78162
      vertex 92.3646 0.61 5.55391
      vertex 92.3935 0.61 5.7773
    endloop
  endfacet
  facet normal 0 -1 0
    outer loop
      vertex 92.3276 0.61 5.34217
      vertex 91.2412 0.61 5.57839
      vertex 91.23 0.61 5.48462
    endloop
  endfacet
  facet normal 0 -1 0
    outer loop
      vertex 92.3276 0.61 5.34217
      vertex 91.23 0.61 5.48462
      vertex 91.2176 0.61 5.39612
    endloop
  endfacet
  facet normal 0 -1 0
    outer loop
      vertex 91.2412 0.61 5.57839
      vertex 92.3276 0.61 5.34217
      vertex 92.3646 0.61 5.55391
    endloop
  endfacet
  facet normal 0 -1 0
    outer loop
      vertex 92.2823 0.61 5.14206
      vertex 91.2176 0.61 5.39612
      vertex 91.2038 0.61 5.31285
    endloop
  endfacet
  facet normal 0 -1 0
    outer loop
      vertex 92.2287 0.61 4.95359
      vertex 91.2038 0.61 5.31285
      vertex 91.1886 0.61 5.23423
    endloop
  endfacet
  facet normal 0 -1 0
    outer loop
      vertex 92.2287 0.61 4.95359
      vertex 91.1886 0.61 5.23423
      vertex 91.1717 0.61 5.15959
    endloop
  endfacet
  facet normal 0 -1 0
    outer loop
      vertex 91.2176 0.61 5.39612
      vertex 92.2823 0.61 5.14206
      vertex 92.3276 0.61 5.34217
    endloop
  endfacet
  facet normal 0 -1 0
    outer loop
      vertex 92.1669 0.61 4.77674
      vertex 91.1717 0.61 5.15959
      vertex 91.1532 0.61 5.08898
    endloop
  endfacet
  facet normal 0 -1 0
    outer loop
      vertex 92.1669 0.61 4.77674
      vertex 91.1532 0.61 5.08898
      vertex 91.1332 0.61 5.02234
    endloop
  endfacet
  facet normal 0 -1 0
    outer loop
      vertex 92.0969 0.61 4.61153
      vertex 91.1332 0.61 5.02234
      vertex 91.1115 0.61 4.95972
    endloop
  endfacet
  facet normal 0 -1 0
    outer loop
      vertex 91.2038 0.61 5.31285
      vertex 92.2287 0.61 4.95359
      vertex 92.2823 0.61 5.14206
    endloop
  endfacet
  facet normal 0 -1 0
    outer loop
      vertex 92.0186 0.61 4.45796
      vertex 91.1115 0.61 4.95972
      vertex 91.0882 0.61 4.9011
    endloop
  endfacet
  facet normal 0 -1 0
    outer loop
      vertex 92.0186 0.61 4.45796
      vertex 91.0882 0.61 4.9011
      vertex 91.0633 0.61 4.84647
    endloop
  endfacet
  facet normal 0 -1 0
    outer loop
      vertex 92.0186 0.61 4.45796
      vertex 91.0633 0.61 4.84647
      vertex 91.0367 0.61 4.79584
    endloop
  endfacet
  facet normal 0 -1 0
    outer loop
      vertex 91.1717 0.61 5.15959
      vertex 92.1669 0.61 4.77674
      vertex 92.2287 0.61 4.95359
    endloop
  endfacet
  facet normal 0 -1 0
    outer loop
      vertex 92.0186 0.61 4.45796
      vertex 91.0367 0.61 4.79584
      vertex 91.0086 0.61 4.74922
    endloop
  endfacet
  facet normal 0 -1 0
    outer loop
      vertex 92.0186 0.61 4.45796
      vertex 91.0086 0.61 4.74922
      vertex 90.9788 0.61 4.70661
    endloop
  endfacet
  facet normal 0 -1 0
    outer loop
      vertex 92.0186 0.61 4.45796
      vertex 90.9788 0.61 4.70661
      vertex 90.9475 0.61 4.66797
    endloop
  endfacet
  facet normal 0 -1 0
    outer loop
      vertex 92.0186 0.61 4.45796
      vertex 90.9475 0.61 4.66797
      vertex 90.9141 0.61 4.63301
    endloop
  endfacet
  facet normal 0 -1 0
    outer loop
      vertex 91.1332 0.61 5.02234
      vertex 92.0969 0.61 4.61153
      vertex 92.1669 0.61 4.77674
    endloop
  endfacet
  facet normal 0 -1 0
    outer loop
      vertex 92.0186 0.61 4.45796
      vertex 90.9141 0.61 4.63301
      vertex 90.8782 0.61 4.6014
    endloop
  endfacet
  facet normal 0 -1 0
    outer loop
      vertex 92.0186 0.61 4.45796
      vertex 90.8782 0.61 4.6014
      vertex 90.8399 0.61 4.57309
    endloop
  endfacet
  facet normal 0 -1 0
    outer loop
      vertex 92.0186 0.61 4.45796
      vertex 90.8399 0.61 4.57309
      vertex 90.7991 0.61 4.54813
    endloop
  endfacet
  facet normal 0 -1 0
    outer loop
      vertex 92.0186 0.61 4.45796
      vertex 90.7991 0.61 4.54813
      vertex 90.7559 0.61 4.52648
    endloop
  endfacet
  facet normal 0 -1 0
    outer loop
      vertex 92.0186 0.61 4.45796
      vertex 90.7559 0.61 4.52648
      vertex 90.7102 0.61 4.50817
    endloop
  endfacet
  facet normal 0 -1 0
    outer loop
      vertex 92.0186 0.61 4.45796
      vertex 90.7102 0.61 4.50817
      vertex 90.6621 0.61 4.4932
    endloop
  endfacet
  facet normal 0 -1 0
    outer loop
      vertex 92.0186 0.61 4.45796
      vertex 90.6621 0.61 4.4932
      vertex 90.6115 0.61 4.48154
    endloop
  endfacet
  facet normal 0 -1 0
    outer loop
      vertex 92.0186 0.61 4.45796
      vertex 90.6115 0.61 4.48154
      vertex 90.5585 0.61 4.47321
    endloop
  endfacet
  facet normal 0 -1 0
    outer loop
      vertex 91.1115 0.61 4.95972
      vertex 92.0186 0.61 4.45796
      vertex 92.0969 0.61 4.61153
    endloop
  endfacet
  facet normal 0 -1 0
    outer loop
      vertex 90.503 0.61 4.46822
      vertex 92.0186 0.61 4.45796
      vertex 90.5585 0.61 4.47321
    endloop
  endfacet
  facet normal 0 -1 0
    outer loop
      vertex 92.0186 0.61 4.45796
      vertex 90.503 0.61 4.46822
      vertex 90.445 0.61 4.46656
    endloop
  endfacet
  facet normal 0 -1 0
    outer loop
      vertex 69.0937 0.61 8.45397
      vertex 69.9685 0.61 9.38163
      vertex 67.8934 0.61 9.38163
    endloop
  endfacet
  facet normal 0 -1 0
    outer loop
      vertex 69.9441 0.61 8.45397
      vertex 69.9685 0.61 9.38163
      vertex 69.0937 0.61 8.45397
    endloop
  endfacet
  facet normal 0 -1 0
    outer loop
      vertex 70.1027 0.61 8.44994
      vertex 69.9685 0.61 9.38163
      vertex 69.9441 0.61 8.45397
    endloop
  endfacet
  facet normal 0 -1 0
    outer loop
      vertex 69.9685 0.61 9.38163
      vertex 70.1027 0.61 8.44994
      vertex 70.2265 0.61 9.37558
    endloop
  endfacet
  facet normal 0 -1 0
    outer loop
      vertex 70.2545 0.61 8.43788
      vertex 70.2265 0.61 9.37558
      vertex 70.1027 0.61 8.44994
    endloop
  endfacet
  facet normal 0 -1 0
    outer loop
      vertex 70.3996 0.61 8.41779
      vertex 70.4736 0.61 9.35747
      vertex 70.2545 0.61 8.43788
    endloop
  endfacet
  facet normal 0 -1 -0
    outer loop
      vertex 70.4736 0.61 9.35747
      vertex 70.3996 0.61 8.41779
      vertex 70.7099 0.61 9.3273
    endloop
  endfacet
  facet normal 0 -1 0
    outer loop
      vertex 70.5378 0.61 8.38967
      vertex 70.7099 0.61 9.3273
      vertex 70.3996 0.61 8.41779
    endloop
  endfacet
  facet normal 0 -1 -0
    outer loop
      vertex 70.7099 0.61 9.3273
      vertex 70.5378 0.61 8.38967
      vertex 70.9353 0.61 9.28504
    endloop
  endfacet
  facet normal 0 -1 0
    outer loop
      vertex 70.7939 0.61 8.3093
      vertex 70.9353 0.61 9.28504
      vertex 70.6693 0.61 8.3535
    endloop
  endfacet
  facet normal 0 -1 -0
    outer loop
      vertex 70.9353 0.61 9.28504
      vertex 70.7939 0.61 8.3093
      vertex 71.15 0.61 9.23072
    endloop
  endfacet
  facet normal 0 -1 -0
    outer loop
      vertex 71.15 0.61 9.23072
      vertex 70.9118 0.61 8.25705
      vertex 71.3538 0.61 9.16432
    endloop
  endfacet
  facet normal 0 -1 0
    outer loop
      vertex 70.2265 0.61 9.37558
      vertex 70.2545 0.61 8.43788
      vertex 70.4736 0.61 9.35747
    endloop
  endfacet
  facet normal 0 -1 0
    outer loop
      vertex 67.8934 0.61 9.38163
      vertex 69.0937 0.61 4.57642
      vertex 69.0937 0.61 8.45397
    endloop
  endfacet
  facet normal 0 -1 0
    outer loop
      vertex 70.2126 0.61 3.64876
      vertex 70.1109 0.61 4.57642
      vertex 69.0937 0.61 4.57642
    endloop
  endfacet
  facet normal 0 -1 0
    outer loop
      vertex 70.1109 0.61 4.57642
      vertex 72.28 0.61 4.47301
      vertex 72.3647 0.61 4.57006
    endloop
  endfacet
  facet normal 0 -1 0
    outer loop
      vertex 70.1109 0.61 4.57642
      vertex 72.1905 0.61 4.38109
      vertex 72.28 0.61 4.47301
    endloop
  endfacet
  facet normal 0 -1 0
    outer loop
      vertex 70.1109 0.61 4.57642
      vertex 72.0962 0.61 4.29431
      vertex 72.1905 0.61 4.38109
    endloop
  endfacet
  facet normal 0 -1 0
    outer loop
      vertex 70.1109 0.61 4.57642
      vertex 71.9971 0.61 4.2127
      vertex 72.0962 0.61 4.29431
    endloop
  endfacet
  facet normal 0 -1 0
    outer loop
      vertex 70.1109 0.61 4.57642
      vertex 71.8933 0.61 4.1362
      vertex 71.9971 0.61 4.2127
    endloop
  endfacet
  facet normal 0 -1 0
    outer loop
      vertex 70.1109 0.61 4.57642
      vertex 71.7847 0.61 4.06487
      vertex 71.8933 0.61 4.1362
    endloop
  endfacet
  facet normal 0 -1 0
    outer loop
      vertex 70.1109 0.61 4.57642
      vertex 71.6713 0.61 3.99868
      vertex 71.7847 0.61 4.06487
    endloop
  endfacet
  facet normal 0 -1 0
    outer loop
      vertex 70.1109 0.61 4.57642
      vertex 71.554 0.61 3.93795
      vertex 71.6713 0.61 3.99868
    endloop
  endfacet
  facet normal 0 -1 0
    outer loop
      vertex 70.1109 0.61 4.57642
      vertex 71.4336 0.61 3.883
      vertex 71.554 0.61 3.93795
    endloop
  endfacet
  facet normal 0 -1 0
    outer loop
      vertex 70.1109 0.61 4.57642
      vertex 71.3102 0.61 3.83383
      vertex 71.4336 0.61 3.883
    endloop
  endfacet
  facet normal 0 -1 0
    outer loop
      vertex 70.1109 0.61 4.57642
      vertex 71.1837 0.61 3.79045
      vertex 71.3102 0.61 3.83383
    endloop
  endfacet
  facet normal 0 -1 0
    outer loop
      vertex 70.1109 0.61 4.57642
      vertex 71.0542 0.61 3.75287
      vertex 71.1837 0.61 3.79045
    endloop
  endfacet
  facet normal 0 -1 0
    outer loop
      vertex 70.1109 0.61 4.57642
      vertex 70.9216 0.61 3.72106
      vertex 71.0542 0.61 3.75287
    endloop
  endfacet
  facet normal 0 -1 0
    outer loop
      vertex 70.1109 0.61 4.57642
      vertex 70.7859 0.61 3.69503
      vertex 70.9216 0.61 3.72106
    endloop
  endfacet
  facet normal 0 -1 0
    outer loop
      vertex 70.1109 0.61 4.57642
      vertex 70.6472 0.61 3.67478
      vertex 70.7859 0.61 3.69503
    endloop
  endfacet
  facet normal 0 -1 0
    outer loop
      vertex 70.1109 0.61 4.57642
      vertex 70.5054 0.61 3.66033
      vertex 70.6472 0.61 3.67478
    endloop
  endfacet
  facet normal 0 -1 0
    outer loop
      vertex 70.1109 0.61 4.57642
      vertex 70.3605 0.61 3.65164
      vertex 70.5054 0.61 3.66033
    endloop
  endfacet
  facet normal 0 -1 0
    outer loop
      vertex 67.8934 0.61 3.64876
      vertex 69.0937 0.61 4.57642
      vertex 67.8934 0.61 9.38163
    endloop
  endfacet
  facet normal 0 -1 0
    outer loop
      vertex 70.2126 0.61 3.64876
      vertex 69.0937 0.61 4.57642
      vertex 67.8934 0.61 3.64876
    endloop
  endfacet
  facet normal 0 -1 0
    outer loop
      vertex 70.1109 0.61 4.57642
      vertex 70.2126 0.61 3.64876
      vertex 70.3605 0.61 3.65164
    endloop
  endfacet
  facet normal 0 -1 0
    outer loop
      vertex 70.6693 0.61 8.3535
      vertex 70.9353 0.61 9.28504
      vertex 70.5378 0.61 8.38967
    endloop
  endfacet
  facet normal 0 -1 0
    outer loop
      vertex 70.9118 0.61 8.25705
      vertex 71.15 0.61 9.23072
      vertex 70.7939 0.61 8.3093
    endloop
  endfacet
  facet normal 0 -1 0
    outer loop
      vertex 71.0228 0.61 8.19678
      vertex 71.3538 0.61 9.16432
      vertex 70.9118 0.61 8.25705
    endloop
  endfacet
  facet normal 0 -1 -0
    outer loop
      vertex 71.3538 0.61 9.16432
      vertex 71.0228 0.61 8.19678
      vertex 71.5467 0.61 9.08585
    endloop
  endfacet
  facet normal 0 -1 0
    outer loop
      vertex 71.1271 0.61 8.12847
      vertex 71.5467 0.61 9.08585
      vertex 71.0228 0.61 8.19678
    endloop
  endfacet
  facet normal 0 -1 -0
    outer loop
      vertex 71.5467 0.61 9.08585
      vertex 71.1271 0.61 8.12847
      vertex 71.7289 0.61 8.9953
    endloop
  endfacet
  facet normal 0 -1 0
    outer loop
      vertex 71.2246 0.61 8.05211
      vertex 71.7289 0.61 8.9953
      vertex 71.1271 0.61 8.12847
    endloop
  endfacet
  facet normal 0 -1 -0
    outer loop
      vertex 71.7289 0.61 8.9953
      vertex 71.2246 0.61 8.05211
      vertex 71.9002 0.61 8.89269
    endloop
  endfacet
  facet normal 0 -1 0
    outer loop
      vertex 71.3153 0.61 7.96772
      vertex 71.9002 0.61 8.89269
      vertex 71.2246 0.61 8.05211
    endloop
  endfacet
  facet normal 0 -1 -0
    outer loop
      vertex 71.9002 0.61 8.89269
      vertex 71.3153 0.61 7.96772
      vertex 72.0607 0.61 8.778
    endloop
  endfacet
  facet normal 0 -1 0
    outer loop
      vertex 71.3986 0.61 7.8757
      vertex 72.0607 0.61 8.778
      vertex 71.3153 0.61 7.96772
    endloop
  endfacet
  facet normal 0 -1 -0
    outer loop
      vertex 72.0607 0.61 8.778
      vertex 71.3986 0.61 7.8757
      vertex 72.2104 0.61 8.65125
    endloop
  endfacet
  facet normal 0 -1 -0
    outer loop
      vertex 72.2104 0.61 8.65125
      vertex 71.3986 0.61 7.8757
      vertex 72.3481 0.61 8.51323
    endloop
  endfacet
  facet normal 0 -1 0
    outer loop
      vertex 71.474 0.61 7.77645
      vertex 72.3481 0.61 8.51323
      vertex 71.3986 0.61 7.8757
    endloop
  endfacet
  facet normal 0 -1 -0
    outer loop
      vertex 72.3481 0.61 8.51323
      vertex 71.474 0.61 7.77645
      vertex 72.4727 0.61 8.36475
    endloop
  endfacet
  facet normal 0 -1 0
    outer loop
      vertex 71.5415 0.61 7.66997
      vertex 72.4727 0.61 8.36475
      vertex 71.474 0.61 7.77645
    endloop
  endfacet
  facet normal 0 -1 -0
    outer loop
      vertex 72.4727 0.61 8.36475
      vertex 71.5415 0.61 7.66997
      vertex 72.5841 0.61 8.20583
    endloop
  endfacet
  facet normal 0 -1 0
    outer loop
      vertex 71.601 0.61 7.55626
      vertex 72.5841 0.61 8.20583
      vertex 71.5415 0.61 7.66997
    endloop
  endfacet
  facet normal 0 -1 -0
    outer loop
      vertex 72.5841 0.61 8.20583
      vertex 71.601 0.61 7.55626
      vertex 72.6825 0.61 8.03644
    endloop
  endfacet
  facet normal 0 -1 0
    outer loop
      vertex 71.6526 0.61 7.43532
      vertex 72.6825 0.61 8.03644
      vertex 71.601 0.61 7.55626
    endloop
  endfacet
  facet normal 0 -1 -0
    outer loop
      vertex 72.6825 0.61 8.03644
      vertex 71.6526 0.61 7.43532
      vertex 72.7677 0.61 7.85659
    endloop
  endfacet
  facet normal 0 -1 0
    outer loop
      vertex 71.6962 0.61 7.30716
      vertex 72.7677 0.61 7.85659
      vertex 71.6526 0.61 7.43532
    endloop
  endfacet
  facet normal 0 -1 -0
    outer loop
      vertex 72.7677 0.61 7.85659
      vertex 71.6962 0.61 7.30716
      vertex 72.8399 0.61 7.66629
    endloop
  endfacet
  facet normal 0 -1 -0
    outer loop
      vertex 72.8399 0.61 7.66629
      vertex 71.6962 0.61 7.30716
      vertex 72.8989 0.61 7.46553
    endloop
  endfacet
  facet normal 0 -1 0
    outer loop
      vertex 71.7319 0.61 7.17177
      vertex 72.8989 0.61 7.46553
      vertex 71.6962 0.61 7.30716
    endloop
  endfacet
  facet normal 0 -1 -0
    outer loop
      vertex 72.8989 0.61 7.46553
      vertex 71.7319 0.61 7.17177
      vertex 72.9448 0.61 7.25431
    endloop
  endfacet
  facet normal 0 -1 0
    outer loop
      vertex 71.7597 0.61 7.02915
      vertex 72.9448 0.61 7.25431
      vertex 71.7319 0.61 7.17177
    endloop
  endfacet
  facet normal 0 -1 -0
    outer loop
      vertex 72.9448 0.61 7.25431
      vertex 71.7597 0.61 7.02915
      vertex 72.9776 0.61 7.03263
    endloop
  endfacet
  facet normal 0 -1 0
    outer loop
      vertex 71.7795 0.61 6.87929
      vertex 72.9776 0.61 7.03263
      vertex 71.7597 0.61 7.02915
    endloop
  endfacet
  facet normal 0 -1 0
    outer loop
      vertex 71.7795 0.61 6.87929
      vertex 72.9973 0.61 6.80049
      vertex 72.9776 0.61 7.03263
    endloop
  endfacet
  facet normal 0 -1 0
    outer loop
      vertex 71.7914 0.61 6.72222
      vertex 72.9973 0.61 6.80049
      vertex 71.7795 0.61 6.87929
    endloop
  endfacet
  facet normal 0 -1 0
    outer loop
      vertex 73.0038 0.61 6.55789
      vertex 71.7914 0.61 6.72222
      vertex 71.7954 0.61 6.55789
    endloop
  endfacet
  facet normal 0 -1 0
    outer loop
      vertex 71.7914 0.61 6.72222
      vertex 73.0038 0.61 6.55789
      vertex 72.9973 0.61 6.80049
    endloop
  endfacet
  facet normal 0 -1 0
    outer loop
      vertex 71.7954 0.61 6.55789
      vertex 73.0009 0.61 6.39852
      vertex 73.0038 0.61 6.55789
    endloop
  endfacet
  facet normal 0 -1 0
    outer loop
      vertex 71.7916 0.61 6.39463
      vertex 73.0009 0.61 6.39852
      vertex 71.7954 0.61 6.55789
    endloop
  endfacet
  facet normal 0 -1 0
    outer loop
      vertex 71.7916 0.61 6.39463
      vertex 72.9923 0.61 6.24285
      vertex 73.0009 0.61 6.39852
    endloop
  endfacet
  facet normal 0 -1 0
    outer loop
      vertex 71.7803 0.61 6.23766
      vertex 72.9923 0.61 6.24285
      vertex 71.7916 0.61 6.39463
    endloop
  endfacet
  facet normal 0 -1 0
    outer loop
      vertex 71.7803 0.61 6.23766
      vertex 72.9779 0.61 6.0909
      vertex 72.9923 0.61 6.24285
    endloop
  endfacet
  facet normal 0 -1 0
    outer loop
      vertex 72.9578 0.61 5.94269
      vertex 71.7803 0.61 6.23766
      vertex 71.7615 0.61 6.08701
    endloop
  endfacet
  facet normal 0 -1 0
    outer loop
      vertex 72.9319 0.61 5.79822
      vertex 71.7615 0.61 6.08701
      vertex 71.7351 0.61 5.94269
    endloop
  endfacet
  facet normal 0 -1 0
    outer loop
      vertex 71.7803 0.61 6.23766
      vertex 72.9578 0.61 5.94269
      vertex 72.9779 0.61 6.0909
    endloop
  endfacet
  facet normal 0 -1 0
    outer loop
      vertex 72.8629 0.61 5.52046
      vertex 71.7351 0.61 5.94269
      vertex 71.7012 0.61 5.80468
    endloop
  endfacet
  facet normal 0 -1 0
    outer loop
      vertex 71.7615 0.61 6.08701
      vertex 72.9319 0.61 5.79822
      vertex 72.9578 0.61 5.94269
    endloop
  endfacet
  facet normal 0 -1 0
    outer loop
      vertex 72.8198 0.61 5.38718
      vertex 71.7012 0.61 5.80468
      vertex 71.6598 0.61 5.67299
    endloop
  endfacet
  facet normal 0 -1 0
    outer loop
      vertex 71.7351 0.61 5.94269
      vertex 72.9003 0.61 5.65747
      vertex 72.9319 0.61 5.79822
    endloop
  endfacet
  facet normal 0 -1 0
    outer loop
      vertex 72.7163 0.61 5.13182
      vertex 71.6598 0.61 5.67299
      vertex 71.6109 0.61 5.54764
    endloop
  endfacet
  facet normal 0 -1 0
    outer loop
      vertex 71.7351 0.61 5.94269
      vertex 72.8629 0.61 5.52046
      vertex 72.9003 0.61 5.65747
    endloop
  endfacet
  facet normal 0 -1 0
    outer loop
      vertex 72.6559 0.61 5.00974
      vertex 71.6109 0.61 5.54764
      vertex 71.5544 0.61 5.42859
    endloop
  endfacet
  facet normal 0 -1 0
    outer loop
      vertex 71.7012 0.61 5.80468
      vertex 72.8198 0.61 5.38718
      vertex 72.8629 0.61 5.52046
    endloop
  endfacet
  facet normal 0 -1 0
    outer loop
      vertex 72.5199 0.61 4.7796
      vertex 71.5544 0.61 5.42859
      vertex 71.4903 0.61 5.31588
    endloop
  endfacet
  facet normal 0 -1 0
    outer loop
      vertex 71.6598 0.61 5.67299
      vertex 72.7709 0.61 5.25763
      vertex 72.8198 0.61 5.38718
    endloop
  endfacet
  facet normal 0 -1 0
    outer loop
      vertex 72.3647 0.61 4.57006
      vertex 71.4903 0.61 5.31588
      vertex 71.4188 0.61 5.20948
    endloop
  endfacet
  facet normal 0 -1 0
    outer loop
      vertex 71.6598 0.61 5.67299
      vertex 72.7163 0.61 5.13182
      vertex 72.7709 0.61 5.25763
    endloop
  endfacet
  facet normal 0 -1 0
    outer loop
      vertex 72.3647 0.61 4.57006
      vertex 71.4188 0.61 5.20948
      vertex 71.3397 0.61 5.10939
    endloop
  endfacet
  facet normal 0 -1 0
    outer loop
      vertex 72.3647 0.61 4.57006
      vertex 71.3397 0.61 5.10939
      vertex 71.2542 0.61 5.01689
    endloop
  endfacet
  facet normal 0 -1 0
    outer loop
      vertex 71.6109 0.61 5.54764
      vertex 72.6559 0.61 5.00974
      vertex 72.7163 0.61 5.13182
    endloop
  endfacet
  facet normal 0 -1 0
    outer loop
      vertex 72.3647 0.61 4.57006
      vertex 71.2542 0.61 5.01689
      vertex 71.1635 0.61 4.9332
    endloop
  endfacet
  facet normal 0 -1 0
    outer loop
      vertex 71.5544 0.61 5.42859
      vertex 72.5903 0.61 4.89211
      vertex 72.6559 0.61 5.00974
    endloop
  endfacet
  facet normal 0 -1 0
    outer loop
      vertex 72.3647 0.61 4.57006
      vertex 71.1635 0.61 4.9332
      vertex 71.0675 0.61 4.85833
    endloop
  endfacet
  facet normal 0 -1 0
    outer loop
      vertex 72.3647 0.61 4.57006
      vertex 71.0675 0.61 4.85833
      vertex 70.9663 0.61 4.79225
    endloop
  endfacet
  facet normal 0 -1 0
    outer loop
      vertex 71.5544 0.61 5.42859
      vertex 72.5199 0.61 4.7796
      vertex 72.5903 0.61 4.89211
    endloop
  endfacet
  facet normal 0 -1 0
    outer loop
      vertex 72.3647 0.61 4.57006
      vertex 70.9663 0.61 4.79225
      vertex 70.8598 0.61 4.73499
    endloop
  endfacet
  facet normal 0 -1 0
    outer loop
      vertex 72.3647 0.61 4.57006
      vertex 70.8598 0.61 4.73499
      vertex 70.7481 0.61 4.68654
    endloop
  endfacet
  facet normal 0 -1 0
    outer loop
      vertex 71.4903 0.61 5.31588
      vertex 72.4447 0.61 4.67226
      vertex 72.5199 0.61 4.7796
    endloop
  endfacet
  facet normal 0 -1 0
    outer loop
      vertex 72.3647 0.61 4.57006
      vertex 70.7481 0.61 4.68654
      vertex 70.6312 0.61 4.6469
    endloop
  endfacet
  facet normal 0 -1 0
    outer loop
      vertex 72.3647 0.61 4.57006
      vertex 70.6312 0.61 4.6469
      vertex 70.509 0.61 4.61606
    endloop
  endfacet
  facet normal 0 -1 0
    outer loop
      vertex 72.3647 0.61 4.57006
      vertex 70.509 0.61 4.61606
      vertex 70.3815 0.61 4.59404
    endloop
  endfacet
  facet normal 0 -1 0
    outer loop
      vertex 72.3647 0.61 4.57006
      vertex 70.3815 0.61 4.59404
      vertex 70.2488 0.61 4.58083
    endloop
  endfacet
  facet normal 0 -1 0
    outer loop
      vertex 71.4903 0.61 5.31588
      vertex 72.3647 0.61 4.57006
      vertex 72.4447 0.61 4.67226
    endloop
  endfacet
  facet normal 0 -1 0
    outer loop
      vertex 72.3647 0.61 4.57006
      vertex 70.2488 0.61 4.58083
      vertex 70.1109 0.61 4.57642
    endloop
  endfacet
  facet normal 0 -1 0
    outer loop
      vertex 73.7704 0.61 3.64876
      vertex 74.9707 0.61 9.38163
      vertex 73.7704 0.61 9.38163
    endloop
  endfacet
  facet normal 0 -1 -0
    outer loop
      vertex 74.9707 0.61 9.38163
      vertex 73.7704 0.61 3.64876
      vertex 74.9707 0.61 3.64876
    endloop
  endfacet
  facet normal 0 -1 0
    outer loop
      vertex 81.2275 0.61 5.31285
      vertex 83.3433 0.61 6.30568
      vertex 81.2275 0.61 6.30568
    endloop
  endfacet
  facet normal 0 -1 -0
    outer loop
      vertex 83.3433 0.61 6.30568
      vertex 81.2275 0.61 5.31285
      vertex 83.3433 0.61 5.31285
    endloop
  endfacet
  facet normal 0 -1 0
    outer loop
      vertex 77.2318 0.61 8.44988
      vertex 78.607 0.61 9.38163
      vertex 76.0314 0.61 9.38163
    endloop
  endfacet
  facet normal 0 -1 0
    outer loop
      vertex 78.4727 0.61 8.44988
      vertex 78.607 0.61 9.38163
      vertex 77.2318 0.61 8.44988
    endloop
  endfacet
  facet normal 0 -1 0
    outer loop
      vertex 78.6577 0.61 8.44242
      vertex 78.607 0.61 9.38163
      vertex 78.4727 0.61 8.44988
    endloop
  endfacet
  facet normal 0 -1 0
    outer loop
      vertex 78.607 0.61 9.38163
      vertex 78.6577 0.61 8.44242
      vertex 78.7903 0.61 9.3777
    endloop
  endfacet
  facet normal 0 -1 0
    outer loop
      vertex 78.8251 0.61 8.42002
      vertex 78.7903 0.61 9.3777
      vertex 78.6577 0.61 8.44242
    endloop
  endfacet
  facet normal 0 -1 0
    outer loop
      vertex 78.7903 0.61 9.3777
      vertex 78.8251 0.61 8.42002
      vertex 78.9657 0.61 9.36595
    endloop
  endfacet
  facet normal 0 -1 0
    outer loop
      vertex 78.9749 0.61 8.38269
      vertex 79.1332 0.61 9.34636
      vertex 78.8251 0.61 8.42002
    endloop
  endfacet
  facet normal 0 -1 -0
    outer loop
      vertex 79.1332 0.61 9.34636
      vertex 78.9749 0.61 8.38269
      vertex 79.293 0.61 9.31894
    endloop
  endfacet
  facet normal 0 -1 0
    outer loop
      vertex 79.1071 0.61 8.33043
      vertex 79.293 0.61 9.31894
      vertex 78.9749 0.61 8.38269
    endloop
  endfacet
  facet normal 0 -1 -0
    outer loop
      vertex 79.293 0.61 9.31894
      vertex 79.1071 0.61 8.33043
      vertex 79.4449 0.61 9.28369
    endloop
  endfacet
  facet normal 0 -1 -0
    outer loop
      vertex 79.4449 0.61 9.28369
      vertex 79.1071 0.61 8.33043
      vertex 79.5889 0.61 9.2406
    endloop
  endfacet
  facet normal 0 -1 0
    outer loop
      vertex 79.2216 0.61 8.26325
      vertex 79.5889 0.61 9.2406
      vertex 79.1071 0.61 8.33043
    endloop
  endfacet
  facet normal 0 -1 -0
    outer loop
      vertex 79.5889 0.61 9.2406
      vertex 79.2216 0.61 8.26325
      vertex 79.7252 0.61 9.18967
    endloop
  endfacet
  facet normal 0 -1 0
    outer loop
      vertex 79.3185 0.61 8.18112
      vertex 79.8535 0.61 9.13091
      vertex 79.2216 0.61 8.26325
    endloop
  endfacet
  facet normal 0 -1 -0
    outer loop
      vertex 79.8535 0.61 9.13091
      vertex 79.3185 0.61 8.18112
      vertex 79.9741 0.61 9.06432
    endloop
  endfacet
  facet normal 0 -1 -0
    outer loop
      vertex 78.9657 0.61 9.36595
      vertex 78.8251 0.61 8.42002
      vertex 79.1332 0.61 9.34636
    endloop
  endfacet
  facet normal 0 -1 0
    outer loop
      vertex 76.0314 0.61 9.38163
      vertex 77.2318 0.61 6.59043
      vertex 77.2318 0.61 8.44988
    endloop
  endfacet
  facet normal 0 -1 0
    outer loop
      vertex 77.2318 0.61 5.66686
      vertex 78.5052 0.61 6.59043
      vertex 77.2318 0.61 6.59043
    endloop
  endfacet
  facet normal 0 -1 0
    outer loop
      vertex 78.5052 0.61 6.59043
      vertex 80.4472 0.61 6.50072
      vertex 80.4948 0.61 6.57823
    endloop
  endfacet
  facet normal 0 -1 0
    outer loop
      vertex 78.5052 0.61 6.59043
      vertex 80.3959 0.61 6.42647
      vertex 80.4472 0.61 6.50072
    endloop
  endfacet
  facet normal 0 -1 0
    outer loop
      vertex 78.5052 0.61 6.59043
      vertex 80.3411 0.61 6.35547
      vertex 80.3959 0.61 6.42647
    endloop
  endfacet
  facet normal 0 -1 0
    outer loop
      vertex 78.5052 0.61 6.59043
      vertex 80.2826 0.61 6.28772
      vertex 80.3411 0.61 6.35547
    endloop
  endfacet
  facet normal 0 -1 0
    outer loop
      vertex 78.5052 0.61 6.59043
      vertex 80.2206 0.61 6.22325
      vertex 80.2826 0.61 6.28772
    endloop
  endfacet
  facet normal 0 -1 0
    outer loop
      vertex 78.5052 0.61 6.59043
      vertex 80.1549 0.61 6.16204
      vertex 80.2206 0.61 6.22325
    endloop
  endfacet
  facet normal 0 -1 0
    outer loop
      vertex 78.5052 0.61 6.59043
      vertex 80.0856 0.61 6.10408
      vertex 80.1549 0.61 6.16204
    endloop
  endfacet
  facet normal 0 -1 0
    outer loop
      vertex 78.5052 0.61 6.59043
      vertex 80.0128 0.61 6.04938
      vertex 80.0856 0.61 6.10408
    endloop
  endfacet
  facet normal 0 -1 0
    outer loop
      vertex 78.5052 0.61 6.59043
      vertex 79.9364 0.61 5.99796
      vertex 80.0128 0.61 6.04938
    endloop
  endfacet
  facet normal 0 -1 0
    outer loop
      vertex 78.5052 0.61 6.59043
      vertex 79.8563 0.61 5.94979
      vertex 79.9364 0.61 5.99796
    endloop
  endfacet
  facet normal 0 -1 0
    outer loop
      vertex 78.5052 0.61 6.59043
      vertex 79.7727 0.61 5.90488
      vertex 79.8563 0.61 5.94979
    endloop
  endfacet
  facet normal 0 -1 0
    outer loop
      vertex 78.5052 0.61 6.59043
      vertex 79.6858 0.61 5.86357
      vertex 79.7727 0.61 5.90488
    endloop
  endfacet
  facet normal 0 -1 0
    outer loop
      vertex 78.5052 0.61 6.59043
      vertex 79.596 0.61 5.82619
      vertex 79.6858 0.61 5.86357
    endloop
  endfacet
  facet normal 0 -1 0
    outer loop
      vertex 78.5052 0.61 6.59043
      vertex 79.5032 0.61 5.79276
      vertex 79.596 0.61 5.82619
    endloop
  endfacet
  facet normal 0 -1 0
    outer loop
      vertex 78.5052 0.61 6.59043
      vertex 79.4075 0.61 5.76325
      vertex 79.5032 0.61 5.79276
    endloop
  endfacet
  facet normal 0 -1 0
    outer loop
      vertex 78.5052 0.61 6.59043
      vertex 79.3089 0.61 5.73767
      vertex 79.4075 0.61 5.76325
    endloop
  endfacet
  facet normal 0 -1 0
    outer loop
      vertex 78.5052 0.61 6.59043
      vertex 79.2074 0.61 5.71604
      vertex 79.3089 0.61 5.73767
    endloop
  endfacet
  facet normal 0 -1 0
    outer loop
      vertex 78.5052 0.61 6.59043
      vertex 79.1029 0.61 5.69834
      vertex 79.2074 0.61 5.71604
    endloop
  endfacet
  facet normal 0 -1 0
    outer loop
      vertex 78.5052 0.61 6.59043
      vertex 78.9955 0.61 5.68456
      vertex 79.1029 0.61 5.69834
    endloop
  endfacet
  facet normal 0 -1 0
    outer loop
      vertex 78.5052 0.61 6.59043
      vertex 78.8852 0.61 5.67473
      vertex 78.9955 0.61 5.68456
    endloop
  endfacet
  facet normal 0 -1 0
    outer loop
      vertex 78.5052 0.61 6.59043
      vertex 78.772 0.61 5.66883
      vertex 78.8852 0.61 5.67473
    endloop
  endfacet
  facet normal 0 -1 -0
    outer loop
      vertex 78.5052 0.61 6.59043
      vertex 77.2318 0.61 5.66686
      vertex 78.6558 0.61 5.66686
    endloop
  endfacet
  facet normal 0 -1 0
    outer loop
      vertex 76.0314 0.61 3.64876
      vertex 77.2318 0.61 6.59043
      vertex 76.0314 0.61 9.38163
    endloop
  endfacet
  facet normal 0 -1 -0
    outer loop
      vertex 77.2318 0.61 6.59043
      vertex 76.0314 0.61 3.64876
      vertex 77.2318 0.61 5.66686
    endloop
  endfacet
  facet normal 0 -1 -0
    outer loop
      vertex 77.2318 0.61 5.66686
      vertex 76.0314 0.61 3.64876
      vertex 77.2318 0.61 3.64876
    endloop
  endfacet
  facet normal 0 -1 -0
    outer loop
      vertex 79.7252 0.61 9.18967
      vertex 79.2216 0.61 8.26325
      vertex 79.8535 0.61 9.13091
    endloop
  endfacet
  facet normal 0 -1 -0
    outer loop
      vertex 79.9741 0.61 9.06432
      vertex 79.3185 0.61 8.18112
      vertex 80.0868 0.61 8.98989
    endloop
  endfacet
  facet normal 0 -1 -0
    outer loop
      vertex 80.0868 0.61 8.98989
      vertex 79.3185 0.61 8.18112
      vertex 80.1917 0.61 8.90763
    endloop
  endfacet
  facet normal 0 -1 0
    outer loop
      vertex 79.3978 0.61 8.08408
      vertex 80.1917 0.61 8.90763
      vertex 79.3185 0.61 8.18112
    endloop
  endfacet
  facet normal 0 -1 -0
    outer loop
      vertex 80.1917 0.61 8.90763
      vertex 79.3978 0.61 8.08408
      vertex 80.2881 0.61 8.81819
    endloop
  endfacet
  facet normal 0 -1 -0
    outer loop
      vertex 80.2881 0.61 8.81819
      vertex 79.3978 0.61 8.08408
      vertex 80.3753 0.61 8.72228
    endloop
  endfacet
  facet normal 0 -1 -0
    outer loop
      vertex 80.3753 0.61 8.72228
      vertex 79.3978 0.61 8.08408
      vertex 80.4534 0.61 8.61986
    endloop
  endfacet
  facet normal 0 -1 0
    outer loop
      vertex 79.4595 0.61 7.97211
      vertex 80.4534 0.61 8.61986
      vertex 79.3978 0.61 8.08408
    endloop
  endfacet
  facet normal 0 -1 -0
    outer loop
      vertex 80.4534 0.61 8.61986
      vertex 79.4595 0.61 7.97211
      vertex 80.5222 0.61 8.51097
    endloop
  endfacet
  facet normal 0 -1 -0
    outer loop
      vertex 80.5222 0.61 8.51097
      vertex 79.4595 0.61 7.97211
      vertex 80.5819 0.61 8.39557
    endloop
  endfacet
  facet normal 0 -1 -0
    outer loop
      vertex 80.5819 0.61 8.39557
      vertex 79.4595 0.61 7.97211
      vertex 80.6324 0.61 8.2737
    endloop
  endfacet
  facet normal 0 -1 0
    outer loop
      vertex 79.5035 0.61 7.84519
      vertex 80.6324 0.61 8.2737
      vertex 79.4595 0.61 7.97211
    endloop
  endfacet
  facet normal 0 -1 -0
    outer loop
      vertex 80.6324 0.61 8.2737
      vertex 79.5035 0.61 7.84519
      vertex 80.6737 0.61 8.14533
    endloop
  endfacet
  facet normal 0 -1 -0
    outer loop
      vertex 80.6737 0.61 8.14533
      vertex 79.5035 0.61 7.84519
      vertex 80.7058 0.61 8.01046
    endloop
  endfacet
  facet normal 0 -1 0
    outer loop
      vertex 79.5299 0.61 7.70336
      vertex 80.7058 0.61 8.01046
      vertex 79.5035 0.61 7.84519
    endloop
  endfacet
  facet normal 0 -1 -0
    outer loop
      vertex 80.7058 0.61 8.01046
      vertex 79.5299 0.61 7.70336
      vertex 80.7288 0.61 7.8691
    endloop
  endfacet
  facet normal 0 -1 -0
    outer loop
      vertex 80.7288 0.61 7.8691
      vertex 79.5299 0.61 7.70336
      vertex 80.7425 0.61 7.72126
    endloop
  endfacet
  facet normal 0 -1 0
    outer loop
      vertex 79.5388 0.61 7.54659
      vertex 80.7425 0.61 7.72126
      vertex 79.5299 0.61 7.70336
    endloop
  endfacet
  facet normal 0 -1 -0
    outer loop
      vertex 80.7425 0.61 7.72126
      vertex 79.5388 0.61 7.54659
      vertex 80.7471 0.61 7.56693
    endloop
  endfacet
  facet normal 0 -1 0
    outer loop
      vertex 79.5388 0.61 7.54659
      vertex 80.7451 0.61 7.46729
      vertex 80.7471 0.61 7.56693
    endloop
  endfacet
  facet normal 0 -1 0
    outer loop
      vertex 79.5365 0.61 7.46405
      vertex 80.7451 0.61 7.46729
      vertex 79.5388 0.61 7.54659
    endloop
  endfacet
  facet normal 0 -1 0
    outer loop
      vertex 80.7284 0.61 7.27388
      vertex 79.5365 0.61 7.46405
      vertex 79.5299 0.61 7.38512
    endloop
  endfacet
  facet normal 0 -1 0
    outer loop
      vertex 79.5365 0.61 7.46405
      vertex 80.7388 0.61 7.36962
      vertex 80.7451 0.61 7.46729
    endloop
  endfacet
  facet normal 0 -1 0
    outer loop
      vertex 80.7138 0.61 7.1801
      vertex 79.5299 0.61 7.38512
      vertex 79.5188 0.61 7.30979
    endloop
  endfacet
  facet normal 0 -1 0
    outer loop
      vertex 79.5365 0.61 7.46405
      vertex 80.7284 0.61 7.27388
      vertex 80.7388 0.61 7.36962
    endloop
  endfacet
  facet normal 0 -1 0
    outer loop
      vertex 80.6721 0.61 6.9984
      vertex 79.5188 0.61 7.30979
      vertex 79.5032 0.61 7.23806
    endloop
  endfacet
  facet normal 0 -1 0
    outer loop
      vertex 79.5299 0.61 7.38512
      vertex 80.7138 0.61 7.1801
      vertex 80.7284 0.61 7.27388
    endloop
  endfacet
  facet normal 0 -1 0
    outer loop
      vertex 80.6137 0.61 6.82448
      vertex 79.5032 0.61 7.23806
      vertex 79.4833 0.61 7.16991
    endloop
  endfacet
  facet normal 0 -1 0
    outer loop
      vertex 80.5386 0.61 6.65837
      vertex 79.4833 0.61 7.16991
      vertex 79.4588 0.61 7.10536
    endloop
  endfacet
  facet normal 0 -1 0
    outer loop
      vertex 79.5188 0.61 7.30979
      vertex 80.695 0.61 7.08827
      vertex 80.7138 0.61 7.1801
    endloop
  endfacet
  facet normal 0 -1 0
    outer loop
      vertex 80.4948 0.61 6.57823
      vertex 79.4588 0.61 7.10536
      vertex 79.43 0.61 7.04442
    endloop
  endfacet
  facet normal 0 -1 0
    outer loop
      vertex 79.5188 0.61 7.30979
      vertex 80.6721 0.61 6.9984
      vertex 80.695 0.61 7.08827
    endloop
  endfacet
  facet normal 0 -1 0
    outer loop
      vertex 80.4948 0.61 6.57823
      vertex 79.43 0.61 7.04442
      vertex 79.3967 0.61 6.98706
    endloop
  endfacet
  facet normal 0 -1 0
    outer loop
      vertex 80.4948 0.61 6.57823
      vertex 79.3967 0.61 6.98706
      vertex 79.359 0.61 6.93332
    endloop
  endfacet
  facet normal 0 -1 0
    outer loop
      vertex 79.5032 0.61 7.23806
      vertex 80.645 0.61 6.91046
      vertex 80.6721 0.61 6.9984
    endloop
  endfacet
  facet normal 0 -1 0
    outer loop
      vertex 80.4948 0.61 6.57823
      vertex 79.359 0.61 6.93332
      vertex 79.3168 0.61 6.88317
    endloop
  endfacet
  facet normal 0 -1 0
    outer loop
      vertex 80.4948 0.61 6.57823
      vertex 79.3168 0.61 6.88317
      vertex 79.2702 0.61 6.8366
    endloop
  endfacet
  facet normal 0 -1 0
    outer loop
      vertex 79.5032 0.61 7.23806
      vertex 80.6137 0.61 6.82448
      vertex 80.645 0.61 6.91046
    endloop
  endfacet
  facet normal 0 -1 0
    outer loop
      vertex 80.4948 0.61 6.57823
      vertex 79.2702 0.61 6.8366
      vertex 79.2195 0.61 6.79387
    endloop
  endfacet
  facet normal 0 -1 0
    outer loop
      vertex 80.4948 0.61 6.57823
      vertex 79.2195 0.61 6.79387
      vertex 79.165 0.61 6.75522
    endloop
  endfacet
  facet normal 0 -1 0
    outer loop
      vertex 79.4833 0.61 7.16991
      vertex 80.5782 0.61 6.74045
      vertex 80.6137 0.61 6.82448
    endloop
  endfacet
  facet normal 0 -1 0
    outer loop
      vertex 80.4948 0.61 6.57823
      vertex 79.165 0.61 6.75522
      vertex 79.1068 0.61 6.72063
    endloop
  endfacet
  facet normal 0 -1 0
    outer loop
      vertex 80.4948 0.61 6.57823
      vertex 79.1068 0.61 6.72063
      vertex 79.0448 0.61 6.69011
    endloop
  endfacet
  facet normal 0 -1 0
    outer loop
      vertex 80.4948 0.61 6.57823
      vertex 79.0448 0.61 6.69011
      vertex 78.979 0.61 6.66367
    endloop
  endfacet
  facet normal 0 -1 0
    outer loop
      vertex 79.4833 0.61 7.16991
      vertex 80.5386 0.61 6.65837
      vertex 80.5782 0.61 6.74045
    endloop
  endfacet
  facet normal 0 -1 0
    outer loop
      vertex 80.4948 0.61 6.57823
      vertex 78.979 0.61 6.66367
      vertex 78.9094 0.61 6.64128
    endloop
  endfacet
  facet normal 0 -1 0
    outer loop
      vertex 80.4948 0.61 6.57823
      vertex 78.9094 0.61 6.64128
      vertex 78.8361 0.61 6.62297
    endloop
  endfacet
  facet normal 0 -1 0
    outer loop
      vertex 80.4948 0.61 6.57823
      vertex 78.8361 0.61 6.62297
      vertex 78.7591 0.61 6.60874
    endloop
  endfacet
  facet normal 0 -1 0
    outer loop
      vertex 80.4948 0.61 6.57823
      vertex 78.7591 0.61 6.60874
      vertex 78.6782 0.61 6.59856
    endloop
  endfacet
  facet normal 0 -1 0
    outer loop
      vertex 80.4948 0.61 6.57823
      vertex 78.6782 0.61 6.59856
      vertex 78.5936 0.61 6.59246
    endloop
  endfacet
  facet normal 0 -1 0
    outer loop
      vertex 79.4588 0.61 7.10536
      vertex 80.4948 0.61 6.57823
      vertex 80.5386 0.61 6.65837
    endloop
  endfacet
  facet normal 0 -1 0
    outer loop
      vertex 80.4948 0.61 6.57823
      vertex 78.5936 0.61 6.59246
      vertex 78.5052 0.61 6.59043
    endloop
  endfacet
  facet normal 0 -1 0
    outer loop
      vertex 78.5052 0.61 6.59043
      vertex 78.6558 0.61 5.66686
      vertex 78.772 0.61 5.66883
    endloop
  endfacet
  facet normal 0 -1 0
    outer loop
      vertex 86.3463 0.61 3.64876
      vertex 87.4367 0.61 4.81647
      vertex 86.3463 0.61 4.81647
    endloop
  endfacet
  facet normal 0 -1 -0
    outer loop
      vertex 87.4367 0.61 4.81647
      vertex 86.3463 0.61 3.64876
      vertex 87.4367 0.61 3.64876
    endloop
  endfacet
  facet normal 0 -1 0
    outer loop
      vertex 86.1591 0.61 9.38163
      vertex 86.3829 0.61 8.34812
      vertex 87.4367 0.61 9.38163
    endloop
  endfacet
  facet normal 0 -1 0
    outer loop
      vertex 86.1591 0.61 9.38163
      vertex 86.3622 0.61 8.30503
      vertex 86.3829 0.61 8.34812
    endloop
  endfacet
  facet normal 0 -1 0
    outer loop
      vertex 86.1591 0.61 9.38163
      vertex 86.3387 0.61 8.25855
      vertex 86.3622 0.61 8.30503
    endloop
  endfacet
  facet normal 0 -1 0
    outer loop
      vertex 86.1591 0.61 9.38163
      vertex 86.3125 0.61 8.20873
      vertex 86.3387 0.61 8.25855
    endloop
  endfacet
  facet normal 0 -1 0
    outer loop
      vertex 86.1591 0.61 9.38163
      vertex 86.2833 0.61 8.15554
      vertex 86.3125 0.61 8.20873
    endloop
  endfacet
  facet normal 0 -1 0
    outer loop
      vertex 86.1591 0.61 9.38163
      vertex 86.2514 0.61 8.09897
      vertex 86.2833 0.61 8.15554
    endloop
  endfacet
  facet normal 0 -1 0
    outer loop
      vertex 86.1591 0.61 9.38163
      vertex 86.2166 0.61 8.03905
      vertex 86.2514 0.61 8.09897
    endloop
  endfacet
  facet normal 0 -1 0
    outer loop
      vertex 86.1591 0.61 9.38163
      vertex 86.179 0.61 7.97577
      vertex 86.2166 0.61 8.03905
    endloop
  endfacet
  facet normal 0 -1 -0
    outer loop
      vertex 86.1591 0.61 9.38163
      vertex 86.1386 0.61 7.90914
      vertex 86.179 0.61 7.97577
    endloop
  endfacet
  facet normal 0 -1 0
    outer loop
      vertex 86.1591 0.61 9.38163
      vertex 86.0954 0.61 7.83913
      vertex 86.1386 0.61 7.90914
    endloop
  endfacet
  facet normal 0 -1 0
    outer loop
      vertex 86.1591 0.61 9.38163
      vertex 86.0493 0.61 7.76575
      vertex 86.0954 0.61 7.83913
    endloop
  endfacet
  facet normal 0 -1 0
    outer loop
      vertex 86.1591 0.61 9.38163
      vertex 86.0004 0.61 7.68903
      vertex 86.0493 0.61 7.76575
    endloop
  endfacet
  facet normal 0 -1 0
    outer loop
      vertex 83.7382 0.61 5.67502
      vertex 86.0004 0.61 7.68903
      vertex 86.1591 0.61 9.38163
    endloop
  endfacet
  facet normal 0 -1 0
    outer loop
      vertex 83.7382 0.61 5.67502
      vertex 84.6699 0.61 5.66686
      vertex 86.0004 0.61 7.68903
    endloop
  endfacet
  facet normal 0 -1 0
    outer loop
      vertex 86.3463 0.61 4.81647
      vertex 86.3463 0.61 5.66686
      vertex 84.6699 0.61 5.66686
    endloop
  endfacet
  facet normal 0 -1 0
    outer loop
      vertex 86.3463 0.61 5.66686
      vertex 86.3463 0.61 4.81647
      vertex 87.4367 0.61 5.66686
    endloop
  endfacet
  facet normal 0 -1 0
    outer loop
      vertex 83.7382 0.61 4.81647
      vertex 84.6699 0.61 5.66686
      vertex 83.7382 0.61 5.67502
    endloop
  endfacet
  facet normal 0 -1 0
    outer loop
      vertex 86.3463 0.61 4.81647
      vertex 84.6699 0.61 5.66686
      vertex 83.7382 0.61 4.81647
    endloop
  endfacet
  facet normal 0 -1 0
    outer loop
      vertex 87.4367 0.61 4.81647
      vertex 87.4367 0.61 5.66686
      vertex 86.3463 0.61 4.81647
    endloop
  endfacet
  facet normal 0 -1 0
    outer loop
      vertex 87.4367 0.61 5.66686
      vertex 87.4367 0.61 4.81647
      vertex 88.2016 0.61 5.66686
    endloop
  endfacet
  facet normal 0 -1 -0
    outer loop
      vertex 88.2016 0.61 5.66686
      vertex 87.4367 0.61 4.81647
      vertex 88.2016 0.61 4.81647
    endloop
  endfacet
  facet normal 0 -1 0
    outer loop
      vertex 86.3813 0.61 8.3333
      vertex 87.4367 0.61 9.38163
      vertex 86.3829 0.61 8.34812
    endloop
  endfacet
  facet normal 0 -1 0
    outer loop
      vertex 86.3797 0.61 8.31545
      vertex 87.4367 0.61 9.38163
      vertex 86.3813 0.61 8.3333
    endloop
  endfacet
  facet normal 0 -1 0
    outer loop
      vertex 86.378 0.61 8.29457
      vertex 87.4367 0.61 9.38163
      vertex 86.3797 0.61 8.31545
    endloop
  endfacet
  facet normal 0 -1 0
    outer loop
      vertex 86.3762 0.61 8.27066
      vertex 87.4367 0.61 9.38163
      vertex 86.378 0.61 8.29457
    endloop
  endfacet
  facet normal 0 -1 0
    outer loop
      vertex 86.3742 0.61 8.24373
      vertex 87.4367 0.61 9.38163
      vertex 86.3762 0.61 8.27066
    endloop
  endfacet
  facet normal 0 -1 0
    outer loop
      vertex 86.3722 0.61 8.21376
      vertex 87.4367 0.61 9.38163
      vertex 86.3742 0.61 8.24373
    endloop
  endfacet
  facet normal 0 -1 0
    outer loop
      vertex 86.3701 0.61 8.18077
      vertex 87.4367 0.61 9.38163
      vertex 86.3722 0.61 8.21376
    endloop
  endfacet
  facet normal 0 -1 0
    outer loop
      vertex 86.3678 0.61 8.14476
      vertex 87.4367 0.61 9.38163
      vertex 86.3701 0.61 8.18077
    endloop
  endfacet
  facet normal 0 -1 0
    outer loop
      vertex 86.3655 0.61 8.10572
      vertex 87.4367 0.61 9.38163
      vertex 86.3678 0.61 8.14476
    endloop
  endfacet
  facet normal 0 -1 0
    outer loop
      vertex 86.363 0.61 8.06365
      vertex 87.4367 0.61 9.38163
      vertex 86.3655 0.61 8.10572
    endloop
  endfacet
  facet normal 0 -1 0
    outer loop
      vertex 86.3605 0.61 8.01854
      vertex 87.4367 0.61 9.38163
      vertex 86.363 0.61 8.06365
    endloop
  endfacet
  facet normal 0 -1 0
    outer loop
      vertex 86.358 0.61 7.97225
      vertex 87.4367 0.61 9.38163
      vertex 86.3605 0.61 8.01854
    endloop
  endfacet
  facet normal 0 -1 0
    outer loop
      vertex 86.3558 0.61 7.92655
      vertex 87.4367 0.61 9.38163
      vertex 86.358 0.61 7.97225
    endloop
  endfacet
  facet normal 0 -1 0
    outer loop
      vertex 86.3538 0.61 7.88146
      vertex 87.4367 0.61 9.38163
      vertex 86.3558 0.61 7.92655
    endloop
  endfacet
  facet normal 0 -1 0
    outer loop
      vertex 86.352 0.61 7.83698
      vertex 87.4367 0.61 9.38163
      vertex 86.3538 0.61 7.88146
    endloop
  endfacet
  facet normal 0 -1 0
    outer loop
      vertex 86.3505 0.61 7.79309
      vertex 87.4367 0.61 9.38163
      vertex 86.352 0.61 7.83698
    endloop
  endfacet
  facet normal 0 -1 0
    outer loop
      vertex 86.3492 0.61 7.74984
      vertex 87.4367 0.61 9.38163
      vertex 86.3505 0.61 7.79309
    endloop
  endfacet
  facet normal 0 -1 0
    outer loop
      vertex 86.3481 0.61 7.70716
      vertex 87.4367 0.61 9.38163
      vertex 86.3492 0.61 7.74984
    endloop
  endfacet
  facet normal 0 -1 0
    outer loop
      vertex 86.3473 0.61 7.6651
      vertex 87.4367 0.61 9.38163
      vertex 86.3481 0.61 7.70716
    endloop
  endfacet
  facet normal 0 -1 0
    outer loop
      vertex 86.3467 0.61 7.62364
      vertex 87.4367 0.61 9.38163
      vertex 86.3473 0.61 7.6651
    endloop
  endfacet
  facet normal 0 -1 0
    outer loop
      vertex 86.3464 0.61 7.5828
      vertex 87.4367 0.61 9.38163
      vertex 86.3467 0.61 7.62364
    endloop
  endfacet
  facet normal 0 -1 0
    outer loop
      vertex 86.3463 0.61 7.54256
      vertex 87.4367 0.61 9.38163
      vertex 86.3464 0.61 7.5828
    endloop
  endfacet
  facet normal 0 -1 0
    outer loop
      vertex 87.4367 0.61 5.66686
      vertex 86.3463 0.61 7.54256
      vertex 86.3463 0.61 5.66686
    endloop
  endfacet
  facet normal 0 -1 0
    outer loop
      vertex 86.3463 0.61 7.54256
      vertex 87.4367 0.61 5.66686
      vertex 87.4367 0.61 9.38163
    endloop
  endfacet
  facet normal -0.109288 0 0.99401
    outer loop
      vertex 90.614 0.61 3.57358
      vertex 90.7829 0 3.59215
      vertex 90.7829 0.61 3.59215
    endloop
  endfacet
  facet normal -0.109288 0 0.99401
    outer loop
      vertex 90.7829 0 3.59215
      vertex 90.614 0.61 3.57358
      vertex 90.614 0 3.57358
    endloop
  endfacet
  facet normal -0.189115 0 0.981955
    outer loop
      vertex 90.7829 0.61 3.59215
      vertex 90.9435 0 3.62308
      vertex 90.9435 0.61 3.62308
    endloop
  endfacet
  facet normal -0.189115 0 0.981955
    outer loop
      vertex 90.9435 0 3.62308
      vertex 90.7829 0.61 3.59215
      vertex 90.7829 0 3.59215
    endloop
  endfacet
  facet normal -0.273304 0 0.961928
    outer loop
      vertex 90.9435 0.61 3.62308
      vertex 91.0959 0 3.66638
      vertex 91.0959 0.61 3.66638
    endloop
  endfacet
  facet normal -0.273304 0 0.961928
    outer loop
      vertex 91.0959 0 3.66638
      vertex 90.9435 0.61 3.62308
      vertex 90.9435 0 3.62308
    endloop
  endfacet
  facet normal -0.36021 0 0.932871
    outer loop
      vertex 91.0959 0.61 3.66638
      vertex 91.2401 0 3.72206
      vertex 91.2401 0.61 3.72206
    endloop
  endfacet
  facet normal -0.36021 0 0.932871
    outer loop
      vertex 91.2401 0 3.72206
      vertex 91.0959 0.61 3.66638
      vertex 91.0959 0 3.66638
    endloop
  endfacet
  facet normal -0.447845 0 0.894111
    outer loop
      vertex 91.2401 0.61 3.72206
      vertex 91.376 0 3.79013
      vertex 91.376 0.61 3.79013
    endloop
  endfacet
  facet normal -0.447845 0 0.894111
    outer loop
      vertex 91.376 0 3.79013
      vertex 91.2401 0.61 3.72206
      vertex 91.2401 0 3.72206
    endloop
  endfacet
  facet normal -0.532938 0 0.846154
    outer loop
      vertex 91.376 0.61 3.79013
      vertex 91.5037 0 3.87056
      vertex 91.5037 0.61 3.87056
    endloop
  endfacet
  facet normal -0.532938 0 0.846154
    outer loop
      vertex 91.5037 0 3.87056
      vertex 91.376 0.61 3.79013
      vertex 91.376 0 3.79013
    endloop
  endfacet
  facet normal -0.613387 0 0.789783
    outer loop
      vertex 91.5037 0.61 3.87056
      vertex 91.6232 0 3.96337
      vertex 91.6232 0.61 3.96337
    endloop
  endfacet
  facet normal -0.613387 0 0.789783
    outer loop
      vertex 91.6232 0 3.96337
      vertex 91.5037 0.61 3.87056
      vertex 91.5037 0 3.87056
    endloop
  endfacet
  facet normal -0.687168 0 0.726498
    outer loop
      vertex 91.6232 0.61 3.96337
      vertex 91.7344 0 4.06855
      vertex 91.7344 0.61 4.06855
    endloop
  endfacet
  facet normal -0.687168 0 0.726498
    outer loop
      vertex 91.7344 0 4.06855
      vertex 91.6232 0.61 3.96337
      vertex 91.6232 0 3.96337
    endloop
  endfacet
  facet normal -0.752121 0 0.659025
    outer loop
      vertex 91.7344 0 4.06855
      vertex 91.8374 0.61 4.1861
      vertex 91.7344 0.61 4.06855
    endloop
  endfacet
  facet normal -0.752121 0 0.659025
    outer loop
      vertex 91.8374 0.61 4.1861
      vertex 91.7344 0 4.06855
      vertex 91.8374 0 4.1861
    endloop
  endfacet
  facet normal -0.808085 0 0.589066
    outer loop
      vertex 91.8374 0 4.1861
      vertex 91.9321 0.61 4.31601
      vertex 91.8374 0.61 4.1861
    endloop
  endfacet
  facet normal -0.808085 0 0.589066
    outer loop
      vertex 91.9321 0.61 4.31601
      vertex 91.8374 0 4.1861
      vertex 91.9321 0 4.31601
    endloop
  endfacet
  facet normal -0.853943 0 0.520367
    outer loop
      vertex 91.9321 0 4.31601
      vertex 92.0186 0.61 4.45796
      vertex 91.9321 0.61 4.31601
    endloop
  endfacet
  facet normal -0.853943 0 0.520367
    outer loop
      vertex 92.0186 0.61 4.45796
      vertex 91.9321 0 4.31601
      vertex 92.0186 0 4.45796
    endloop
  endfacet
  facet normal -0.890884 0 0.454231
    outer loop
      vertex 92.0186 0 4.45796
      vertex 92.0969 0.61 4.61153
      vertex 92.0186 0.61 4.45796
    endloop
  endfacet
  facet normal -0.890884 0 0.454231
    outer loop
      vertex 92.0969 0.61 4.61153
      vertex 92.0186 0 4.45796
      vertex 92.0969 0 4.61153
    endloop
  endfacet
  facet normal -0.92076 0 0.390129
    outer loop
      vertex 92.0969 0 4.61153
      vertex 92.1669 0.61 4.77674
      vertex 92.0969 0.61 4.61153
    endloop
  endfacet
  facet normal -0.92076 0 0.390129
    outer loop
      vertex 92.1669 0.61 4.77674
      vertex 92.0969 0 4.61153
      vertex 92.1669 0 4.77674
    endloop
  endfacet
  facet normal -0.944021 0 0.329887
    outer loop
      vertex 92.1669 0 4.77674
      vertex 92.2287 0.61 4.95359
      vertex 92.1669 0.61 4.77674
    endloop
  endfacet
  facet normal -0.944021 0 0.329887
    outer loop
      vertex 92.2287 0.61 4.95359
      vertex 92.1669 0 4.77674
      vertex 92.2287 0 4.95359
    endloop
  endfacet
  facet normal -0.961858 0 0.273548
    outer loop
      vertex 92.2287 0 4.95359
      vertex 92.2823 0.61 5.14206
      vertex 92.2287 0.61 4.95359
    endloop
  endfacet
  facet normal -0.961858 0 0.273548
    outer loop
      vertex 92.2823 0.61 5.14206
      vertex 92.2287 0 4.95359
      vertex 92.2823 0 5.14206
    endloop
  endfacet
  facet normal -0.975322 0 0.220789
    outer loop
      vertex 92.2823 0 5.14206
      vertex 92.3276 0.61 5.34217
      vertex 92.2823 0.61 5.14206
    endloop
  endfacet
  facet normal -0.975322 0 0.220789
    outer loop
      vertex 92.3276 0.61 5.34217
      vertex 92.2823 0 5.14206
      vertex 92.3276 0 5.34217
    endloop
  endfacet
  facet normal -0.985073 0 0.172134
    outer loop
      vertex 92.3276 0 5.34217
      vertex 92.3646 0.61 5.55391
      vertex 92.3276 0.61 5.34217
    endloop
  endfacet
  facet normal -0.985073 0 0.172134
    outer loop
      vertex 92.3646 0.61 5.55391
      vertex 92.3276 0 5.34217
      vertex 92.3646 0 5.55391
    endloop
  endfacet
  facet normal -0.991735 0 0.128301
    outer loop
      vertex 92.3646 0 5.55391
      vertex 92.3935 0.61 5.7773
      vertex 92.3646 0.61 5.55391
    endloop
  endfacet
  facet normal -0.991735 0 0.128301
    outer loop
      vertex 92.3935 0.61 5.7773
      vertex 92.3646 0 5.55391
      vertex 92.3935 0 5.7773
    endloop
  endfacet
  facet normal -0.996181 0 0.0873173
    outer loop
      vertex 92.3935 0 5.7773
      vertex 92.4141 0.61 6.01232
      vertex 92.3935 0.61 5.7773
    endloop
  endfacet
  facet normal -0.996181 0 0.0873173
    outer loop
      vertex 92.4141 0.61 6.01232
      vertex 92.3935 0 5.7773
      vertex 92.4141 0 6.01232
    endloop
  endfacet
  facet normal -0.998759 0 0.0498084
    outer loop
      vertex 92.4141 0 6.01232
      vertex 92.4264 0.61 6.25896
      vertex 92.4141 0.61 6.01232
    endloop
  endfacet
  facet normal -0.998759 0 0.0498084
    outer loop
      vertex 92.4264 0.61 6.25896
      vertex 92.4141 0 6.01232
      vertex 92.4264 0 6.25896
    endloop
  endfacet
  facet normal -0.999874 0 0.0158741
    outer loop
      vertex 92.4264 0 6.25896
      vertex 92.4305 0.61 6.51721
      vertex 92.4264 0.61 6.25896
    endloop
  endfacet
  facet normal -0.999874 0 0.0158741
    outer loop
      vertex 92.4305 0.61 6.51721
      vertex 92.4264 0 6.25896
      vertex 92.4305 0 6.51721
    endloop
  endfacet
  facet normal -0.99989 0 -0.0148595
    outer loop
      vertex 92.4305 0 6.51721
      vertex 92.4266 0.61 6.77964
      vertex 92.4305 0.61 6.51721
    endloop
  endfacet
  facet normal -0.99989 -0 -0.0148595
    outer loop
      vertex 92.4266 0.61 6.77964
      vertex 92.4305 0 6.51721
      vertex 92.4266 0 6.77964
    endloop
  endfacet
  facet normal -0.998908 0 -0.0467153
    outer loop
      vertex 92.4266 0 6.77964
      vertex 92.4149 0.61 7.02982
      vertex 92.4266 0.61 6.77964
    endloop
  endfacet
  facet normal -0.998908 -0 -0.0467153
    outer loop
      vertex 92.4149 0.61 7.02982
      vertex 92.4266 0 6.77964
      vertex 92.4149 0 7.02982
    endloop
  endfacet
  facet normal -0.996659 0 -0.0816796
    outer loop
      vertex 92.4149 0 7.02982
      vertex 92.3954 0.61 7.26776
      vertex 92.4149 0.61 7.02982
    endloop
  endfacet
  facet normal -0.996659 -0 -0.0816796
    outer loop
      vertex 92.3954 0.61 7.26776
      vertex 92.4149 0 7.02982
      vertex 92.3954 0 7.26776
    endloop
  endfacet
  facet normal -0.992764 0 -0.120082
    outer loop
      vertex 92.3954 0 7.26776
      vertex 92.3681 0.61 7.49346
      vertex 92.3954 0.61 7.26776
    endloop
  endfacet
  facet normal -0.992764 -0 -0.120082
    outer loop
      vertex 92.3681 0.61 7.49346
      vertex 92.3954 0 7.26776
      vertex 92.3681 0 7.49346
    endloop
  endfacet
  facet normal -0.986748 0 -0.162262
    outer loop
      vertex 92.3681 0 7.49346
      vertex 92.333 0.61 7.70691
      vertex 92.3681 0.61 7.49346
    endloop
  endfacet
  facet normal -0.986748 -0 -0.162262
    outer loop
      vertex 92.333 0.61 7.70691
      vertex 92.3681 0 7.49346
      vertex 92.333 0 7.70691
    endloop
  endfacet
  facet normal -0.97802 0 -0.208513
    outer loop
      vertex 92.333 0 7.70691
      vertex 92.2901 0.61 7.90813
      vertex 92.333 0.61 7.70691
    endloop
  endfacet
  facet normal -0.97802 -0 -0.208513
    outer loop
      vertex 92.2901 0.61 7.90813
      vertex 92.333 0 7.70691
      vertex 92.2901 0 7.90813
    endloop
  endfacet
  facet normal -0.965845 0 -0.259119
    outer loop
      vertex 92.2901 0 7.90813
      vertex 92.2394 0.61 8.09711
      vertex 92.2901 0.61 7.90813
    endloop
  endfacet
  facet normal -0.965845 -0 -0.259119
    outer loop
      vertex 92.2394 0.61 8.09711
      vertex 92.2901 0 7.90813
      vertex 92.2394 0 8.09711
    endloop
  endfacet
  facet normal -0.949347 0 -0.314229
    outer loop
      vertex 92.2394 0 8.09711
      vertex 92.1809 0.61 8.27385
      vertex 92.2394 0.61 8.09711
    endloop
  endfacet
  facet normal -0.949347 -0 -0.314229
    outer loop
      vertex 92.1809 0.61 8.27385
      vertex 92.2394 0 8.09711
      vertex 92.1809 0 8.27385
    endloop
  endfacet
  facet normal -0.927494 0 -0.373839
    outer loop
      vertex 92.1809 0 8.27385
      vertex 92.1146 0.61 8.43834
      vertex 92.1809 0.61 8.27385
    endloop
  endfacet
  facet normal -0.927494 -0 -0.373839
    outer loop
      vertex 92.1146 0.61 8.43834
      vertex 92.1809 0 8.27385
      vertex 92.1146 0 8.43834
    endloop
  endfacet
  facet normal -0.899182 0 -0.437574
    outer loop
      vertex 92.1146 0 8.43834
      vertex 92.0405 0.61 8.59061
      vertex 92.1146 0.61 8.43834
    endloop
  endfacet
  facet normal -0.899182 -0 -0.437574
    outer loop
      vertex 92.0405 0.61 8.59061
      vertex 92.1146 0 8.43834
      vertex 92.0405 0 8.59061
    endloop
  endfacet
  facet normal -0.863168 0 -0.504917
    outer loop
      vertex 92.0405 0 8.59061
      vertex 91.9586 0.61 8.73062
      vertex 92.0405 0.61 8.59061
    endloop
  endfacet
  facet normal -0.863168 -0 -0.504917
    outer loop
      vertex 91.9586 0.61 8.73062
      vertex 92.0405 0 8.59061
      vertex 91.9586 0 8.73062
    endloop
  endfacet
  facet normal -0.816723 0 -0.577029
    outer loop
      vertex 91.9586 0 8.73062
      vertex 91.8683 0.61 8.85843
      vertex 91.9586 0.61 8.73062
    endloop
  endfacet
  facet normal -0.816723 -0 -0.577029
    outer loop
      vertex 91.8683 0.61 8.85843
      vertex 91.9586 0 8.73062
      vertex 91.8683 0 8.85843
    endloop
  endfacet
  facet normal -0.758376 0 -0.651817
    outer loop
      vertex 91.8683 0 8.85843
      vertex 91.7689 0.61 8.97408
      vertex 91.8683 0.61 8.85843
    endloop
  endfacet
  facet normal -0.758376 -0 -0.651817
    outer loop
      vertex 91.7689 0.61 8.97408
      vertex 91.8683 0 8.85843
      vertex 91.7689 0 8.97408
    endloop
  endfacet
  facet normal -0.69073 0 -0.723113
    outer loop
      vertex 91.6606 0 9.07753
      vertex 91.7689 0.61 8.97408
      vertex 91.7689 0 8.97408
    endloop
  endfacet
  facet normal -0.69073 0 -0.723113
    outer loop
      vertex 91.7689 0.61 8.97408
      vertex 91.6606 0 9.07753
      vertex 91.6606 0.61 9.07753
    endloop
  endfacet
  facet normal -0.613936 0 -0.789356
    outer loop
      vertex 91.5432 0 9.16884
      vertex 91.6606 0.61 9.07753
      vertex 91.6606 0 9.07753
    endloop
  endfacet
  facet normal -0.613936 0 -0.789356
    outer loop
      vertex 91.6606 0.61 9.07753
      vertex 91.5432 0 9.16884
      vertex 91.5432 0.61 9.16884
    endloop
  endfacet
  facet normal -0.530879 0 -0.847447
    outer loop
      vertex 91.4169 0 9.24796
      vertex 91.5432 0.61 9.16884
      vertex 91.5432 0 9.16884
    endloop
  endfacet
  facet normal -0.530879 0 -0.847447
    outer loop
      vertex 91.5432 0.61 9.16884
      vertex 91.4169 0 9.24796
      vertex 91.4169 0.61 9.24796
    endloop
  endfacet
  facet normal -0.443184 0 -0.896431
    outer loop
      vertex 91.2815 0 9.3149
      vertex 91.4169 0.61 9.24796
      vertex 91.4169 0 9.24796
    endloop
  endfacet
  facet normal -0.443184 0 -0.896431
    outer loop
      vertex 91.4169 0.61 9.24796
      vertex 91.2815 0 9.3149
      vertex 91.2815 0.61 9.3149
    endloop
  endfacet
  facet normal -0.354697 0 -0.934981
    outer loop
      vertex 91.1371 0 9.36968
      vertex 91.2815 0.61 9.3149
      vertex 91.2815 0 9.3149
    endloop
  endfacet
  facet normal -0.354697 0 -0.934981
    outer loop
      vertex 91.2815 0.61 9.3149
      vertex 91.1371 0 9.36968
      vertex 91.1371 0.61 9.36968
    endloop
  endfacet
  facet normal -0.267579 0 -0.963536
    outer loop
      vertex 90.9837 0 9.41228
      vertex 91.1371 0.61 9.36968
      vertex 91.1371 0 9.36968
    endloop
  endfacet
  facet normal -0.267579 0 -0.963536
    outer loop
      vertex 91.1371 0.61 9.36968
      vertex 90.9837 0 9.41228
      vertex 90.9837 0.61 9.41228
    endloop
  endfacet
  facet normal -0.18423 0 -0.982883
    outer loop
      vertex 90.8213 0 9.44272
      vertex 90.9837 0.61 9.41228
      vertex 90.9837 0 9.41228
    endloop
  endfacet
  facet normal -0.18423 0 -0.982883
    outer loop
      vertex 90.9837 0.61 9.41228
      vertex 90.8213 0 9.44272
      vertex 90.8213 0.61 9.44272
    endloop
  endfacet
  facet normal -0.105878 0 -0.994379
    outer loop
      vertex 90.6499 0 9.46097
      vertex 90.8213 0.61 9.44272
      vertex 90.8213 0 9.44272
    endloop
  endfacet
  facet normal -0.105878 0 -0.994379
    outer loop
      vertex 90.8213 0.61 9.44272
      vertex 90.6499 0 9.46097
      vertex 90.6499 0.61 9.46097
    endloop
  endfacet
  facet normal -0.0337204 0 -0.999431
    outer loop
      vertex 90.4694 0 9.46706
      vertex 90.6499 0.61 9.46097
      vertex 90.6499 0 9.46097
    endloop
  endfacet
  facet normal -0.0337204 0 -0.999431
    outer loop
      vertex 90.6499 0.61 9.46097
      vertex 90.4694 0 9.46706
      vertex 90.4694 0.61 9.46706
    endloop
  endfacet
  facet normal 0.0201699 0 -0.999797
    outer loop
      vertex 90.343 0 9.46451
      vertex 90.4694 0.61 9.46706
      vertex 90.4694 0 9.46706
    endloop
  endfacet
  facet normal 0.0201699 0 -0.999797
    outer loop
      vertex 90.4694 0.61 9.46706
      vertex 90.343 0 9.46451
      vertex 90.343 0.61 9.46451
    endloop
  endfacet
  facet normal 0.0627962 0 -0.998026
    outer loop
      vertex 90.2211 0 9.45684
      vertex 90.343 0.61 9.46451
      vertex 90.343 0 9.46451
    endloop
  endfacet
  facet normal 0.0627962 0 -0.998026
    outer loop
      vertex 90.343 0.61 9.46451
      vertex 90.2211 0 9.45684
      vertex 90.2211 0.61 9.45684
    endloop
  endfacet
  facet normal 0.10831 0 -0.994117
    outer loop
      vertex 90.1038 0 9.44406
      vertex 90.2211 0.61 9.45684
      vertex 90.2211 0 9.45684
    endloop
  endfacet
  facet normal 0.10831 0 -0.994117
    outer loop
      vertex 90.2211 0.61 9.45684
      vertex 90.1038 0 9.44406
      vertex 90.1038 0.61 9.44406
    endloop
  endfacet
  facet normal 0.156777 0 -0.987634
    outer loop
      vertex 89.9911 0 9.42617
      vertex 90.1038 0.61 9.44406
      vertex 90.1038 0 9.44406
    endloop
  endfacet
  facet normal 0.156777 0 -0.987634
    outer loop
      vertex 90.1038 0.61 9.44406
      vertex 89.9911 0 9.42617
      vertex 89.9911 0.61 9.42617
    endloop
  endfacet
  facet normal 0.208108 0 -0.978106
    outer loop
      vertex 89.883 0 9.40317
      vertex 89.9911 0.61 9.42617
      vertex 89.9911 0 9.42617
    endloop
  endfacet
  facet normal 0.208108 0 -0.978106
    outer loop
      vertex 89.9911 0.61 9.42617
      vertex 89.883 0 9.40317
      vertex 89.883 0.61 9.40317
    endloop
  endfacet
  facet normal 0.261864 0 -0.965105
    outer loop
      vertex 89.7794 0 9.37506
      vertex 89.883 0.61 9.40317
      vertex 89.883 0 9.40317
    endloop
  endfacet
  facet normal 0.261864 0 -0.965105
    outer loop
      vertex 89.883 0.61 9.40317
      vertex 89.7794 0 9.37506
      vertex 89.7794 0.61 9.37506
    endloop
  endfacet
  facet normal 0.318209 0 -0.94802
    outer loop
      vertex 89.6804 0 9.34183
      vertex 89.7794 0.61 9.37506
      vertex 89.7794 0 9.37506
    endloop
  endfacet
  facet normal 0.318209 0 -0.94802
    outer loop
      vertex 89.7794 0.61 9.37506
      vertex 89.6804 0 9.34183
      vertex 89.6804 0.61 9.34183
    endloop
  endfacet
  facet normal 0.376209 0 -0.926535
    outer loop
      vertex 89.586 0 9.3035
      vertex 89.6804 0.61 9.34183
      vertex 89.6804 0 9.34183
    endloop
  endfacet
  facet normal 0.376209 0 -0.926535
    outer loop
      vertex 89.6804 0.61 9.34183
      vertex 89.586 0 9.3035
      vertex 89.586 0.61 9.3035
    endloop
  endfacet
  facet normal 0.435236 0 -0.900316
    outer loop
      vertex 89.4961 0 9.26004
      vertex 89.586 0.61 9.3035
      vertex 89.586 0 9.3035
    endloop
  endfacet
  facet normal 0.435236 0 -0.900316
    outer loop
      vertex 89.586 0.61 9.3035
      vertex 89.4961 0 9.26004
      vertex 89.4961 0.61 9.26004
    endloop
  endfacet
  facet normal 0.495095 0 -0.868839
    outer loop
      vertex 89.4109 0 9.21149
      vertex 89.4961 0.61 9.26004
      vertex 89.4961 0 9.26004
    endloop
  endfacet
  facet normal 0.495095 0 -0.868839
    outer loop
      vertex 89.4961 0.61 9.26004
      vertex 89.4109 0 9.21149
      vertex 89.4109 0.61 9.21149
    endloop
  endfacet
  facet normal 0.553771 0 -0.832669
    outer loop
      vertex 89.3302 0 9.15782
      vertex 89.4109 0.61 9.21149
      vertex 89.4109 0 9.21149
    endloop
  endfacet
  facet normal 0.553771 0 -0.832669
    outer loop
      vertex 89.4109 0.61 9.21149
      vertex 89.3302 0 9.15782
      vertex 89.3302 0.61 9.15782
    endloop
  endfacet
  facet normal 0.610035 0 -0.792374
    outer loop
      vertex 89.2535 0 9.09877
      vertex 89.3302 0.61 9.15782
      vertex 89.3302 0 9.15782
    endloop
  endfacet
  facet normal 0.610035 0 -0.792374
    outer loop
      vertex 89.3302 0.61 9.15782
      vertex 89.2535 0 9.09877
      vertex 89.2535 0.61 9.09877
    endloop
  endfacet
  facet normal 0.663224 0 -0.748421
    outer loop
      vertex 89.1805 0 9.03408
      vertex 89.2535 0.61 9.09877
      vertex 89.2535 0 9.09877
    endloop
  endfacet
  facet normal 0.663224 0 -0.748421
    outer loop
      vertex 89.2535 0.61 9.09877
      vertex 89.1805 0 9.03408
      vertex 89.1805 0.61 9.03408
    endloop
  endfacet
  facet normal 0.711391 0 -0.702796
    outer loop
      vertex 89.1805 0 9.03408
      vertex 89.111 0.61 8.96373
      vertex 89.1805 0.61 9.03408
    endloop
  endfacet
  facet normal 0.711391 0 -0.702796
    outer loop
      vertex 89.111 0.61 8.96373
      vertex 89.1805 0 9.03408
      vertex 89.111 0 8.96373
    endloop
  endfacet
  facet normal 0.755033 0 -0.655687
    outer loop
      vertex 89.111 0 8.96373
      vertex 89.045 0.61 8.88773
      vertex 89.111 0.61 8.96373
    endloop
  endfacet
  facet normal 0.755033 0 -0.655687
    outer loop
      vertex 89.045 0.61 8.88773
      vertex 89.111 0 8.96373
      vertex 89.045 0 8.88773
    endloop
  endfacet
  facet normal 0.794537 0 -0.607215
    outer loop
      vertex 89.045 0 8.88773
      vertex 88.9826 0.61 8.80608
      vertex 89.045 0.61 8.88773
    endloop
  endfacet
  facet normal 0.794537 0 -0.607215
    outer loop
      vertex 88.9826 0.61 8.80608
      vertex 89.045 0 8.88773
      vertex 88.9826 0 8.80608
    endloop
  endfacet
  facet normal 0.82941 0 -0.55864
    outer loop
      vertex 88.9826 0 8.80608
      vertex 88.9238 0.61 8.71878
      vertex 88.9826 0.61 8.80608
    endloop
  endfacet
  facet normal 0.82941 0 -0.55864
    outer loop
      vertex 88.9238 0.61 8.71878
      vertex 88.9826 0 8.80608
      vertex 88.9238 0 8.71878
    endloop
  endfacet
  facet normal 0.859786 0 -0.510654
    outer loop
      vertex 88.9238 0 8.71878
      vertex 88.8686 0.61 8.62584
      vertex 88.9238 0.61 8.71878
    endloop
  endfacet
  facet normal 0.859786 0 -0.510654
    outer loop
      vertex 88.8686 0.61 8.62584
      vertex 88.9238 0 8.71878
      vertex 88.8686 0 8.62584
    endloop
  endfacet
  facet normal 0.885599 0 -0.46445
    outer loop
      vertex 88.8686 0 8.62584
      vertex 88.8169 0.61 8.52726
      vertex 88.8686 0.61 8.62584
    endloop
  endfacet
  facet normal 0.885599 0 -0.46445
    outer loop
      vertex 88.8169 0.61 8.52726
      vertex 88.8686 0 8.62584
      vertex 88.8169 0 8.52726
    endloop
  endfacet
  facet normal 0.90801 0 -0.418948
    outer loop
      vertex 88.8169 0 8.52726
      vertex 88.7688 0.61 8.42301
      vertex 88.8169 0.61 8.52726
    endloop
  endfacet
  facet normal 0.90801 0 -0.418948
    outer loop
      vertex 88.7688 0.61 8.42301
      vertex 88.8169 0 8.52726
      vertex 88.7688 0 8.42301
    endloop
  endfacet
  facet normal 0.92658 0 -0.376097
    outer loop
      vertex 88.7688 0 8.42301
      vertex 88.7242 0.61 8.31313
      vertex 88.7688 0.61 8.42301
    endloop
  endfacet
  facet normal 0.92658 0 -0.376097
    outer loop
      vertex 88.7242 0.61 8.31313
      vertex 88.7688 0 8.42301
      vertex 88.7242 0 8.31313
    endloop
  endfacet
  facet normal 0.942423 0 -0.334424
    outer loop
      vertex 88.7242 0 8.31313
      vertex 88.6832 0.61 8.19759
      vertex 88.7242 0.61 8.31313
    endloop
  endfacet
  facet normal 0.942423 0 -0.334424
    outer loop
      vertex 88.6832 0.61 8.19759
      vertex 88.7242 0 8.31313
      vertex 88.6832 0 8.19759
    endloop
  endfacet
  facet normal 0.955738 0 -0.294219
    outer loop
      vertex 88.6832 0 8.19759
      vertex 88.6458 0.61 8.0761
      vertex 88.6832 0.61 8.19759
    endloop
  endfacet
  facet normal 0.955738 0 -0.294219
    outer loop
      vertex 88.6458 0.61 8.0761
      vertex 88.6832 0 8.19759
      vertex 88.6458 0 8.0761
    endloop
  endfacet
  facet normal 0.966736 0 -0.255778
    outer loop
      vertex 88.6458 0 8.0761
      vertex 88.612 0.61 7.94835
      vertex 88.6458 0.61 8.0761
    endloop
  endfacet
  facet normal 0.966736 0 -0.255778
    outer loop
      vertex 88.612 0.61 7.94835
      vertex 88.6458 0 8.0761
      vertex 88.612 0 7.94835
    endloop
  endfacet
  facet normal 0.975219 0 -0.221244
    outer loop
      vertex 88.612 0 7.94835
      vertex 88.5816 0.61 7.81435
      vertex 88.612 0.61 7.94835
    endloop
  endfacet
  facet normal 0.975219 0 -0.221244
    outer loop
      vertex 88.5816 0.61 7.81435
      vertex 88.612 0 7.94835
      vertex 88.5816 0 7.81435
    endloop
  endfacet
  facet normal 0.982359 0 -0.187003
    outer loop
      vertex 88.5816 0 7.81435
      vertex 88.5549 0.61 7.67409
      vertex 88.5816 0.61 7.81435
    endloop
  endfacet
  facet normal 0.982359 0 -0.187003
    outer loop
      vertex 88.5549 0.61 7.67409
      vertex 88.5816 0 7.81435
      vertex 88.5549 0 7.67409
    endloop
  endfacet
  facet normal 0.987796 0 -0.155755
    outer loop
      vertex 88.5549 0 7.67409
      vertex 88.5318 0.61 7.52759
      vertex 88.5549 0.61 7.67409
    endloop
  endfacet
  facet normal 0.987796 0 -0.155755
    outer loop
      vertex 88.5318 0.61 7.52759
      vertex 88.5549 0 7.67409
      vertex 88.5318 0 7.52759
    endloop
  endfacet
  facet normal 0.991786 0 -0.12791
    outer loop
      vertex 88.5318 0 7.52759
      vertex 88.5121 0.61 7.37484
      vertex 88.5318 0.61 7.52759
    endloop
  endfacet
  facet normal 0.991786 0 -0.12791
    outer loop
      vertex 88.5121 0.61 7.37484
      vertex 88.5318 0 7.52759
      vertex 88.5121 0 7.37484
    endloop
  endfacet
  facet normal 0.994976 0 -0.100111
    outer loop
      vertex 88.5121 0 7.37484
      vertex 88.4961 0.61 7.21582
      vertex 88.5121 0.61 7.37484
    endloop
  endfacet
  facet normal 0.994976 0 -0.100111
    outer loop
      vertex 88.4961 0.61 7.21582
      vertex 88.5121 0 7.37484
      vertex 88.4961 0 7.21582
    endloop
  endfacet
  facet normal 0.997152 0 -0.0754229
    outer loop
      vertex 88.4961 0 7.21582
      vertex 88.4836 0.61 7.05056
      vertex 88.4961 0.61 7.21582
    endloop
  endfacet
  facet normal 0.997152 0 -0.0754229
    outer loop
      vertex 88.4836 0.61 7.05056
      vertex 88.4961 0 7.21582
      vertex 88.4836 0 7.05056
    endloop
  endfacet
  facet normal 0.998657 0 -0.0518163
    outer loop
      vertex 88.4836 0 7.05056
      vertex 88.4747 0.61 6.87903
      vertex 88.4836 0.61 7.05056
    endloop
  endfacet
  facet normal 0.998657 0 -0.0518163
    outer loop
      vertex 88.4747 0.61 6.87903
      vertex 88.4836 0 7.05056
      vertex 88.4747 0 6.87903
    endloop
  endfacet
  facet normal 0.999556 0 -0.0297989
    outer loop
      vertex 88.4747 0 6.87903
      vertex 88.4694 0.61 6.70125
      vertex 88.4747 0.61 6.87903
    endloop
  endfacet
  facet normal 0.999556 0 -0.0297989
    outer loop
      vertex 88.4694 0.61 6.70125
      vertex 88.4747 0 6.87903
      vertex 88.4694 0 6.70125
    endloop
  endfacet
  facet normal 0.999952 0 -0.00978001
    outer loop
      vertex 88.4694 0 6.70125
      vertex 88.4676 0.61 6.51721
      vertex 88.4694 0.61 6.70125
    endloop
  endfacet
  facet normal 0.999952 0 -0.00978001
    outer loop
      vertex 88.4676 0.61 6.51721
      vertex 88.4694 0 6.70125
      vertex 88.4676 0 6.51721
    endloop
  endfacet
  facet normal 0.999493 -0 0.0318242
    outer loop
      vertex 88.4676 0 6.51721
      vertex 88.4839 0.61 6.00528
      vertex 88.4676 0.61 6.51721
    endloop
  endfacet
  facet normal 0.999493 0 0.0318242
    outer loop
      vertex 88.4839 0.61 6.00528
      vertex 88.4676 0 6.51721
      vertex 88.4839 0 6.00528
    endloop
  endfacet
  facet normal 0.994496 -0 0.104776
    outer loop
      vertex 88.4839 0 6.00528
      vertex 88.5327 0.61 5.54209
      vertex 88.4839 0.61 6.00528
    endloop
  endfacet
  facet normal 0.994496 0 0.104776
    outer loop
      vertex 88.5327 0.61 5.54209
      vertex 88.4839 0 6.00528
      vertex 88.5327 0 5.54209
    endloop
  endfacet
  facet normal 0.981253 -0 0.192723
    outer loop
      vertex 88.5327 0 5.54209
      vertex 88.6141 0.61 5.12764
      vertex 88.5327 0.61 5.54209
    endloop
  endfacet
  facet normal 0.981253 0 0.192723
    outer loop
      vertex 88.6141 0.61 5.12764
      vertex 88.5327 0 5.54209
      vertex 88.6141 0 5.12764
    endloop
  endfacet
  facet normal 0.954756 -0 0.29739
    outer loop
      vertex 88.6141 0 5.12764
      vertex 88.728 0.61 4.76197
      vertex 88.6141 0.61 5.12764
    endloop
  endfacet
  facet normal 0.954756 0 0.29739
    outer loop
      vertex 88.728 0.61 4.76197
      vertex 88.6141 0 5.12764
      vertex 88.728 0 4.76197
    endloop
  endfacet
  facet normal 0.907714 -0 0.419588
    outer loop
      vertex 88.728 0 4.76197
      vertex 88.8745 0.61 4.44504
      vertex 88.728 0.61 4.76197
    endloop
  endfacet
  facet normal 0.907714 0 0.419588
    outer loop
      vertex 88.8745 0.61 4.44504
      vertex 88.728 0 4.76197
      vertex 88.8745 0 4.44504
    endloop
  endfacet
  facet normal 0.831735 -0 0.555172
    outer loop
      vertex 88.8745 0 4.44504
      vertex 89.0535 0.61 4.17687
      vertex 88.8745 0.61 4.44504
    endloop
  endfacet
  facet normal 0.831735 0 0.555172
    outer loop
      vertex 89.0535 0.61 4.17687
      vertex 88.8745 0 4.44504
      vertex 89.0535 0 4.17687
    endloop
  endfacet
  facet normal 0.719802 -0 0.69418
    outer loop
      vertex 89.0535 0 4.17687
      vertex 89.2651 0.61 3.95746
      vertex 89.0535 0.61 4.17687
    endloop
  endfacet
  facet normal 0.719802 0 0.69418
    outer loop
      vertex 89.2651 0.61 3.95746
      vertex 89.0535 0 4.17687
      vertex 89.2651 0 3.95746
    endloop
  endfacet
  facet normal 0.572966 0 0.819579
    outer loop
      vertex 89.2651 0.61 3.95746
      vertex 89.5092 0 3.78681
      vertex 89.5092 0.61 3.78681
    endloop
  endfacet
  facet normal 0.572966 0 0.819579
    outer loop
      vertex 89.5092 0 3.78681
      vertex 89.2651 0.61 3.95746
      vertex 89.2651 0 3.95746
    endloop
  endfacet
  facet normal 0.403132 0 0.915142
    outer loop
      vertex 89.5092 0.61 3.78681
      vertex 89.7859 0 3.66492
      vertex 89.7859 0.61 3.66492
    endloop
  endfacet
  facet normal 0.403132 0 0.915142
    outer loop
      vertex 89.7859 0 3.66492
      vertex 89.5092 0.61 3.78681
      vertex 89.5092 0 3.78681
    endloop
  endfacet
  facet normal 0.230223 0 0.973138
    outer loop
      vertex 89.7859 0.61 3.66492
      vertex 90.0951 0 3.59177
      vertex 90.0951 0.61 3.59177
    endloop
  endfacet
  facet normal 0.230223 0 0.973138
    outer loop
      vertex 90.0951 0 3.59177
      vertex 89.7859 0.61 3.66492
      vertex 89.7859 0 3.66492
    endloop
  endfacet
  facet normal 0.0711185 0 0.997468
    outer loop
      vertex 90.0951 0.61 3.59177
      vertex 90.4369 0 3.5674
      vertex 90.4369 0.61 3.5674
    endloop
  endfacet
  facet normal 0.0711185 0 0.997468
    outer loop
      vertex 90.4369 0 3.5674
      vertex 90.0951 0.61 3.59177
      vertex 90.0951 0 3.59177
    endloop
  endfacet
  facet normal -0.0348743 0 0.999392
    outer loop
      vertex 90.4369 0.61 3.5674
      vertex 90.614 0 3.57358
      vertex 90.614 0.61 3.57358
    endloop
  endfacet
  facet normal -0.0348743 0 0.999392
    outer loop
      vertex 90.614 0 3.57358
      vertex 90.4369 0.61 3.5674
      vertex 90.4369 0 3.5674
    endloop
  endfacet
  facet normal -0.0841646 0 -0.996452
    outer loop
      vertex 90.3304 0 4.47287
      vertex 90.3864 0.61 4.46814
      vertex 90.3864 0 4.46814
    endloop
  endfacet
  facet normal -0.0841646 0 -0.996452
    outer loop
      vertex 90.3864 0.61 4.46814
      vertex 90.3304 0 4.47287
      vertex 90.3304 0.61 4.47287
    endloop
  endfacet
  facet normal -0.14626 0 -0.989246
    outer loop
      vertex 90.2769 0 4.48078
      vertex 90.3304 0.61 4.47287
      vertex 90.3304 0 4.47287
    endloop
  endfacet
  facet normal -0.14626 0 -0.989246
    outer loop
      vertex 90.3304 0.61 4.47287
      vertex 90.2769 0 4.48078
      vertex 90.2769 0.61 4.48078
    endloop
  endfacet
  facet normal -0.212334 0 -0.977197
    outer loop
      vertex 90.226 0 4.49184
      vertex 90.2769 0.61 4.48078
      vertex 90.2769 0 4.48078
    endloop
  endfacet
  facet normal -0.212334 0 -0.977197
    outer loop
      vertex 90.2769 0.61 4.48078
      vertex 90.226 0 4.49184
      vertex 90.226 0.61 4.49184
    endloop
  endfacet
  facet normal -0.282963 0 -0.959131
    outer loop
      vertex 90.1778 0 4.50606
      vertex 90.226 0.61 4.49184
      vertex 90.226 0 4.49184
    endloop
  endfacet
  facet normal -0.282963 0 -0.959131
    outer loop
      vertex 90.226 0.61 4.49184
      vertex 90.1778 0 4.50606
      vertex 90.1778 0.61 4.50606
    endloop
  endfacet
  facet normal -0.355825 0 -0.934553
    outer loop
      vertex 90.1321 0 4.52346
      vertex 90.1778 0.61 4.50606
      vertex 90.1778 0 4.50606
    endloop
  endfacet
  facet normal -0.355825 0 -0.934553
    outer loop
      vertex 90.1778 0.61 4.50606
      vertex 90.1321 0 4.52346
      vertex 90.1321 0.61 4.52346
    endloop
  endfacet
  facet normal -0.430039 0 -0.90281
    outer loop
      vertex 90.089 0 4.54399
      vertex 90.1321 0.61 4.52346
      vertex 90.1321 0 4.52346
    endloop
  endfacet
  facet normal -0.430039 0 -0.90281
    outer loop
      vertex 90.1321 0.61 4.52346
      vertex 90.089 0 4.54399
      vertex 90.089 0.61 4.54399
    endloop
  endfacet
  facet normal -0.50538 0 -0.862897
    outer loop
      vertex 90.0485 0 4.56771
      vertex 90.089 0.61 4.54399
      vertex 90.089 0 4.54399
    endloop
  endfacet
  facet normal -0.50538 0 -0.862897
    outer loop
      vertex 90.089 0.61 4.54399
      vertex 90.0485 0 4.56771
      vertex 90.0485 0.61 4.56771
    endloop
  endfacet
  facet normal -0.578077 0 -0.815982
    outer loop
      vertex 90.0106 0 4.59456
      vertex 90.0485 0.61 4.56771
      vertex 90.0485 0 4.56771
    endloop
  endfacet
  facet normal -0.578077 0 -0.815982
    outer loop
      vertex 90.0485 0.61 4.56771
      vertex 90.0106 0 4.59456
      vertex 90.0106 0.61 4.59456
    endloop
  endfacet
  facet normal -0.647962 0 -0.761673
    outer loop
      vertex 89.9753 0 4.62459
      vertex 90.0106 0.61 4.59456
      vertex 90.0106 0 4.59456
    endloop
  endfacet
  facet normal -0.647962 0 -0.761673
    outer loop
      vertex 90.0106 0.61 4.59456
      vertex 89.9753 0 4.62459
      vertex 89.9753 0.61 4.62459
    endloop
  endfacet
  facet normal -0.711273 0 -0.702916
    outer loop
      vertex 89.9753 0 4.62459
      vertex 89.9425 0.61 4.65778
      vertex 89.9753 0.61 4.62459
    endloop
  endfacet
  facet normal -0.711273 -0 -0.702916
    outer loop
      vertex 89.9425 0.61 4.65778
      vertex 89.9753 0 4.62459
      vertex 89.9425 0 4.65778
    endloop
  endfacet
  facet normal -0.768307 0 -0.640082
    outer loop
      vertex 89.9425 0 4.65778
      vertex 89.9118 0.61 4.69463
      vertex 89.9425 0.61 4.65778
    endloop
  endfacet
  facet normal -0.768307 -0 -0.640082
    outer loop
      vertex 89.9118 0.61 4.69463
      vertex 89.9425 0 4.65778
      vertex 89.9118 0 4.69463
    endloop
  endfacet
  facet normal -0.815277 0 -0.579071
    outer loop
      vertex 89.9118 0 4.69463
      vertex 89.8827 0.61 4.7356
      vertex 89.9118 0.61 4.69463
    endloop
  endfacet
  facet normal -0.815277 -0 -0.579071
    outer loop
      vertex 89.8827 0.61 4.7356
      vertex 89.9118 0 4.69463
      vertex 89.8827 0 4.7356
    endloop
  endfacet
  facet normal -0.853899 0 -0.520439
    outer loop
      vertex 89.8827 0 4.7356
      vertex 89.8552 0.61 4.78072
      vertex 89.8827 0.61 4.7356
    endloop
  endfacet
  facet normal -0.853899 -0 -0.520439
    outer loop
      vertex 89.8552 0.61 4.78072
      vertex 89.8827 0 4.7356
      vertex 89.8552 0 4.78072
    endloop
  endfacet
  facet normal -0.883552 0 -0.468333
    outer loop
      vertex 89.8552 0 4.78072
      vertex 89.8291 0.61 4.82996
      vertex 89.8552 0.61 4.78072
    endloop
  endfacet
  facet normal -0.883552 -0 -0.468333
    outer loop
      vertex 89.8291 0.61 4.82996
      vertex 89.8552 0 4.78072
      vertex 89.8291 0 4.82996
    endloop
  endfacet
  facet normal -0.908874 0 -0.417071
    outer loop
      vertex 89.8291 0 4.82996
      vertex 89.8046 0.61 4.88335
      vertex 89.8291 0.61 4.82996
    endloop
  endfacet
  facet normal -0.908874 -0 -0.417071
    outer loop
      vertex 89.8046 0.61 4.88335
      vertex 89.8291 0 4.82996
      vertex 89.8046 0 4.88335
    endloop
  endfacet
  facet normal -0.929099 0 -0.369831
    outer loop
      vertex 89.8046 0 4.88335
      vertex 89.7817 0.61 4.94088
      vertex 89.8046 0.61 4.88335
    endloop
  endfacet
  facet normal -0.929099 -0 -0.369831
    outer loop
      vertex 89.7817 0.61 4.94088
      vertex 89.8046 0 4.88335
      vertex 89.7817 0 4.94088
    endloop
  endfacet
  facet normal -0.944687 0 -0.327974
    outer loop
      vertex 89.7817 0 4.94088
      vertex 89.7603 0.61 5.00252
      vertex 89.7817 0.61 4.94088
    endloop
  endfacet
  facet normal -0.944687 -0 -0.327974
    outer loop
      vertex 89.7603 0.61 5.00252
      vertex 89.7817 0 4.94088
      vertex 89.7603 0 5.00252
    endloop
  endfacet
  facet normal -0.957561 0 -0.288229
    outer loop
      vertex 89.7603 0 5.00252
      vertex 89.7405 0.61 5.0683
      vertex 89.7603 0.61 5.00252
    endloop
  endfacet
  facet normal -0.957561 -0 -0.288229
    outer loop
      vertex 89.7405 0.61 5.0683
      vertex 89.7603 0 5.00252
      vertex 89.7405 0 5.0683
    endloop
  endfacet
  facet normal -0.967423 0 -0.253165
    outer loop
      vertex 89.7405 0 5.0683
      vertex 89.7222 0.61 5.13823
      vertex 89.7405 0.61 5.0683
    endloop
  endfacet
  facet normal -0.967423 -0 -0.253165
    outer loop
      vertex 89.7222 0.61 5.13823
      vertex 89.7405 0 5.0683
      vertex 89.7222 0 5.13823
    endloop
  endfacet
  facet normal -0.975217 0 -0.221251
    outer loop
      vertex 89.7222 0 5.13823
      vertex 89.7054 0.61 5.21228
      vertex 89.7222 0.61 5.13823
    endloop
  endfacet
  facet normal -0.975217 -0 -0.221251
    outer loop
      vertex 89.7054 0.61 5.21228
      vertex 89.7222 0 5.13823
      vertex 89.7054 0 5.21228
    endloop
  endfacet
  facet normal -0.981628 0 -0.190802
    outer loop
      vertex 89.7054 0 5.21228
      vertex 89.6902 0.61 5.29048
      vertex 89.7054 0.61 5.21228
    endloop
  endfacet
  facet normal -0.981628 -0 -0.190802
    outer loop
      vertex 89.6902 0.61 5.29048
      vertex 89.7054 0 5.21228
      vertex 89.6902 0 5.29048
    endloop
  endfacet
  facet normal -0.986681 0 -0.162666
    outer loop
      vertex 89.6902 0 5.29048
      vertex 89.6765 0.61 5.37358
      vertex 89.6902 0.61 5.29048
    endloop
  endfacet
  facet normal -0.986681 -0 -0.162666
    outer loop
      vertex 89.6765 0.61 5.37358
      vertex 89.6902 0 5.29048
      vertex 89.6765 0 5.37358
    endloop
  endfacet
  facet normal -0.990235 0 -0.139407
    outer loop
      vertex 89.6765 0 5.37358
      vertex 89.664 0.61 5.46237
      vertex 89.6765 0.61 5.37358
    endloop
  endfacet
  facet normal -0.990235 -0 -0.139407
    outer loop
      vertex 89.664 0.61 5.46237
      vertex 89.6765 0 5.37358
      vertex 89.664 0 5.46237
    endloop
  endfacet
  facet normal -0.993048 0 -0.117707
    outer loop
      vertex 89.664 0 5.46237
      vertex 89.6528 0.61 5.55686
      vertex 89.664 0.61 5.46237
    endloop
  endfacet
  facet normal -0.993048 -0 -0.117707
    outer loop
      vertex 89.6528 0.61 5.55686
      vertex 89.664 0 5.46237
      vertex 89.6528 0 5.55686
    endloop
  endfacet
  facet normal -0.995247 0 -0.0973784
    outer loop
      vertex 89.6528 0 5.55686
      vertex 89.643 0.61 5.65702
      vertex 89.6528 0.61 5.55686
    endloop
  endfacet
  facet normal -0.995247 -0 -0.0973784
    outer loop
      vertex 89.643 0.61 5.65702
      vertex 89.6528 0 5.55686
      vertex 89.643 0 5.65702
    endloop
  endfacet
  facet normal -0.99679 0 -0.0800597
    outer loop
      vertex 89.643 0 5.65702
      vertex 89.6345 0.61 5.76285
      vertex 89.643 0.61 5.65702
    endloop
  endfacet
  facet normal -0.99679 -0 -0.0800597
    outer loop
      vertex 89.6345 0.61 5.76285
      vertex 89.643 0 5.65702
      vertex 89.6345 0 5.76285
    endloop
  endfacet
  facet normal -0.997923 0 -0.0644225
    outer loop
      vertex 89.6345 0 5.76285
      vertex 89.6273 0.61 5.87438
      vertex 89.6345 0.61 5.76285
    endloop
  endfacet
  facet normal -0.997923 -0 -0.0644225
    outer loop
      vertex 89.6273 0.61 5.87438
      vertex 89.6345 0 5.76285
      vertex 89.6273 0 5.87438
    endloop
  endfacet
  facet normal -0.998735 0 -0.0502776
    outer loop
      vertex 89.6273 0 5.87438
      vertex 89.6214 0.61 5.99158
      vertex 89.6273 0.61 5.87438
    endloop
  endfacet
  facet normal -0.998735 -0 -0.0502776
    outer loop
      vertex 89.6214 0.61 5.99158
      vertex 89.6273 0 5.87438
      vertex 89.6214 0 5.99158
    endloop
  endfacet
  facet normal -0.9993 0 -0.0374057
    outer loop
      vertex 89.6214 0 5.99158
      vertex 89.6168 0.61 6.11447
      vertex 89.6214 0.61 5.99158
    endloop
  endfacet
  facet normal -0.9993 -0 -0.0374057
    outer loop
      vertex 89.6168 0.61 6.11447
      vertex 89.6214 0 5.99158
      vertex 89.6168 0 6.11447
    endloop
  endfacet
  facet normal -0.999671 0 -0.0256585
    outer loop
      vertex 89.6168 0 6.11447
      vertex 89.6135 0.61 6.24304
      vertex 89.6168 0.61 6.11447
    endloop
  endfacet
  facet normal -0.999671 -0 -0.0256585
    outer loop
      vertex 89.6135 0.61 6.24304
      vertex 89.6168 0 6.11447
      vertex 89.6135 0 6.24304
    endloop
  endfacet
  facet normal -0.9999 0 -0.0141492
    outer loop
      vertex 89.6135 0 6.24304
      vertex 89.6116 0.61 6.37731
      vertex 89.6135 0.61 6.24304
    endloop
  endfacet
  facet normal -0.9999 -0 -0.0141492
    outer loop
      vertex 89.6116 0.61 6.37731
      vertex 89.6135 0 6.24304
      vertex 89.6116 0 6.37731
    endloop
  endfacet
  facet normal -0.999987 0 -0.00500351
    outer loop
      vertex 89.6116 0 6.37731
      vertex 89.6109 0.61 6.51721
      vertex 89.6116 0.61 6.37731
    endloop
  endfacet
  facet normal -0.999987 -0 -0.00500351
    outer loop
      vertex 89.6109 0.61 6.51721
      vertex 89.6116 0 6.37731
      vertex 89.6109 0 6.51721
    endloop
  endfacet
  facet normal -0.999991 0 0.00424565
    outer loop
      vertex 89.6109 0 6.51721
      vertex 89.6115 0.61 6.65853
      vertex 89.6109 0.61 6.51721
    endloop
  endfacet
  facet normal -0.999991 0 0.00424565
    outer loop
      vertex 89.6115 0.61 6.65853
      vertex 89.6109 0 6.51721
      vertex 89.6115 0 6.65853
    endloop
  endfacet
  facet normal -0.999902 0 0.014028
    outer loop
      vertex 89.6115 0 6.65853
      vertex 89.6134 0.61 6.79396
      vertex 89.6115 0.61 6.65853
    endloop
  endfacet
  facet normal -0.999902 0 0.014028
    outer loop
      vertex 89.6134 0.61 6.79396
      vertex 89.6115 0 6.65853
      vertex 89.6134 0 6.79396
    endloop
  endfacet
  facet normal -0.999714 0 0.023924
    outer loop
      vertex 89.6134 0 6.79396
      vertex 89.6165 0.61 6.9235
      vertex 89.6134 0.61 6.79396
    endloop
  endfacet
  facet normal -0.999714 0 0.023924
    outer loop
      vertex 89.6165 0.61 6.9235
      vertex 89.6134 0 6.79396
      vertex 89.6165 0 6.9235
    endloop
  endfacet
  facet normal -0.999396 0 0.0347546
    outer loop
      vertex 89.6165 0 6.9235
      vertex 89.6208 0.61 7.04715
      vertex 89.6165 0.61 6.9235
    endloop
  endfacet
  facet normal -0.999396 0 0.0347546
    outer loop
      vertex 89.6208 0.61 7.04715
      vertex 89.6165 0 6.9235
      vertex 89.6208 0 7.04715
    endloop
  endfacet
  facet normal -0.998871 0 0.0474966
    outer loop
      vertex 89.6208 0 7.04715
      vertex 89.6264 0.61 7.16492
      vertex 89.6208 0.61 7.04715
    endloop
  endfacet
  facet normal -0.998871 0 0.0474966
    outer loop
      vertex 89.6264 0.61 7.16492
      vertex 89.6208 0 7.04715
      vertex 89.6264 0 7.16492
    endloop
  endfacet
  facet normal -0.998104 0 0.0615508
    outer loop
      vertex 89.6264 0 7.16492
      vertex 89.6333 0.61 7.27681
      vertex 89.6264 0.61 7.16492
    endloop
  endfacet
  facet normal -0.998104 0 0.0615508
    outer loop
      vertex 89.6333 0.61 7.27681
      vertex 89.6264 0 7.16492
      vertex 89.6333 0 7.27681
    endloop
  endfacet
  facet normal -0.997094 0 0.0761858
    outer loop
      vertex 89.6333 0 7.27681
      vertex 89.6414 0.61 7.38282
      vertex 89.6333 0.61 7.27681
    endloop
  endfacet
  facet normal -0.997094 0 0.0761858
    outer loop
      vertex 89.6414 0.61 7.38282
      vertex 89.6333 0 7.27681
      vertex 89.6414 0 7.38282
    endloop
  endfacet
  facet normal -0.995714 0 0.0924904
    outer loop
      vertex 89.6414 0 7.38282
      vertex 89.6507 0.61 7.48294
      vertex 89.6414 0.61 7.38282
    endloop
  endfacet
  facet normal -0.995714 0 0.0924904
    outer loop
      vertex 89.6507 0.61 7.48294
      vertex 89.6414 0 7.38282
      vertex 89.6507 0 7.48294
    endloop
  endfacet
  facet normal -0.993734 0 0.111774
    outer loop
      vertex 89.6507 0 7.48294
      vertex 89.6613 0.61 7.57718
      vertex 89.6507 0.61 7.48294
    endloop
  endfacet
  facet normal -0.993734 0 0.111774
    outer loop
      vertex 89.6613 0.61 7.57718
      vertex 89.6507 0 7.48294
      vertex 89.6613 0 7.57718
    endloop
  endfacet
  facet normal -0.991198 0 0.132384
    outer loop
      vertex 89.6613 0 7.57718
      vertex 89.6731 0.61 7.66553
      vertex 89.6613 0.61 7.57718
    endloop
  endfacet
  facet normal -0.991198 0 0.132384
    outer loop
      vertex 89.6731 0.61 7.66553
      vertex 89.6613 0 7.57718
      vertex 89.6731 0 7.66553
    endloop
  endfacet
  facet normal -0.987803 0 0.15571
    outer loop
      vertex 89.6731 0 7.66553
      vertex 89.6861 0.61 7.748
      vertex 89.6731 0.61 7.66553
    endloop
  endfacet
  facet normal -0.987803 0 0.15571
    outer loop
      vertex 89.6861 0.61 7.748
      vertex 89.6731 0 7.66553
      vertex 89.6861 0 7.748
    endloop
  endfacet
  facet normal -0.982723 0 0.185084
    outer loop
      vertex 89.6861 0 7.748
      vertex 89.7007 0.61 7.82552
      vertex 89.6861 0.61 7.748
    endloop
  endfacet
  facet normal -0.982723 0 0.185084
    outer loop
      vertex 89.7007 0.61 7.82552
      vertex 89.6861 0 7.748
      vertex 89.7007 0 7.82552
    endloop
  endfacet
  facet normal -0.976542 0 0.215326
    outer loop
      vertex 89.7007 0 7.82552
      vertex 89.7169 0.61 7.89899
      vertex 89.7007 0.61 7.82552
    endloop
  endfacet
  facet normal -0.976542 0 0.215326
    outer loop
      vertex 89.7169 0.61 7.89899
      vertex 89.7007 0 7.82552
      vertex 89.7169 0 7.89899
    endloop
  endfacet
  facet normal -0.968345 0 0.249617
    outer loop
      vertex 89.7169 0 7.89899
      vertex 89.7348 0.61 7.96843
      vertex 89.7169 0.61 7.89899
    endloop
  endfacet
  facet normal -0.968345 0 0.249617
    outer loop
      vertex 89.7348 0.61 7.96843
      vertex 89.7169 0 7.89899
      vertex 89.7348 0 7.96843
    endloop
  endfacet
  facet normal -0.958309 0 0.285734
    outer loop
      vertex 89.7348 0 7.96843
      vertex 89.7543 0.61 8.03383
      vertex 89.7348 0.61 7.96843
    endloop
  endfacet
  facet normal -0.958309 0 0.285734
    outer loop
      vertex 89.7543 0.61 8.03383
      vertex 89.7348 0 7.96843
      vertex 89.7543 0 8.03383
    endloop
  endfacet
  facet normal -0.944717 0 0.327888
    outer loop
      vertex 89.7543 0 8.03383
      vertex 89.7756 0.61 8.0952
      vertex 89.7543 0.61 8.03383
    endloop
  endfacet
  facet normal -0.944717 0 0.327888
    outer loop
      vertex 89.7756 0.61 8.0952
      vertex 89.7543 0 8.03383
      vertex 89.7756 0 8.0952
    endloop
  endfacet
  facet normal -0.928655 0 0.370944
    outer loop
      vertex 89.7756 0 8.0952
      vertex 89.7985 0.61 8.15253
      vertex 89.7756 0.61 8.0952
    endloop
  endfacet
  facet normal -0.928655 0 0.370944
    outer loop
      vertex 89.7985 0.61 8.15253
      vertex 89.7756 0 8.0952
      vertex 89.7985 0 8.15253
    endloop
  endfacet
  facet normal -0.907311 0 0.420461
    outer loop
      vertex 89.7985 0 8.15253
      vertex 89.8232 0.61 8.20583
      vertex 89.7985 0.61 8.15253
    endloop
  endfacet
  facet normal -0.907311 0 0.420461
    outer loop
      vertex 89.8232 0.61 8.20583
      vertex 89.7985 0 8.15253
      vertex 89.8232 0 8.20583
    endloop
  endfacet
  facet normal -0.882105 0 0.471053
    outer loop
      vertex 89.8232 0 8.20583
      vertex 89.8495 0.61 8.25508
      vertex 89.8232 0.61 8.20583
    endloop
  endfacet
  facet normal -0.882105 0 0.471053
    outer loop
      vertex 89.8495 0.61 8.25508
      vertex 89.8232 0 8.20583
      vertex 89.8495 0 8.25508
    endloop
  endfacet
  facet normal -0.851102 0 0.525
    outer loop
      vertex 89.8495 0 8.25508
      vertex 89.8774 0.61 8.30031
      vertex 89.8495 0.61 8.25508
    endloop
  endfacet
  facet normal -0.851102 0 0.525
    outer loop
      vertex 89.8774 0.61 8.30031
      vertex 89.8495 0 8.25508
      vertex 89.8774 0 8.30031
    endloop
  endfacet
  facet normal -0.811198 0 0.584771
    outer loop
      vertex 89.8774 0 8.30031
      vertex 89.9071 0.61 8.34151
      vertex 89.8774 0.61 8.30031
    endloop
  endfacet
  facet normal -0.811198 0 0.584771
    outer loop
      vertex 89.9071 0.61 8.34151
      vertex 89.8774 0 8.30031
      vertex 89.9071 0 8.34151
    endloop
  endfacet
  facet normal -0.764751 0 0.644326
    outer loop
      vertex 89.9071 0 8.34151
      vertex 89.9384 0.61 8.37866
      vertex 89.9071 0.61 8.34151
    endloop
  endfacet
  facet normal -0.764751 0 0.644326
    outer loop
      vertex 89.9384 0.61 8.37866
      vertex 89.9071 0 8.34151
      vertex 89.9384 0 8.37866
    endloop
  endfacet
  facet normal -0.706475 0 0.707738
    outer loop
      vertex 89.9384 0.61 8.37866
      vertex 89.972 0 8.4122
      vertex 89.972 0.61 8.4122
    endloop
  endfacet
  facet normal -0.706475 0 0.707738
    outer loop
      vertex 89.972 0 8.4122
      vertex 89.9384 0.61 8.37866
      vertex 89.9384 0 8.37866
    endloop
  endfacet
  facet normal -0.640392 0 0.768048
    outer loop
      vertex 89.972 0.61 8.4122
      vertex 90.0084 0 8.44255
      vertex 90.0084 0.61 8.44255
    endloop
  endfacet
  facet normal -0.640392 0 0.768048
    outer loop
      vertex 90.0084 0 8.44255
      vertex 89.972 0.61 8.4122
      vertex 89.972 0 8.4122
    endloop
  endfacet
  facet normal -0.570356 0 0.821397
    outer loop
      vertex 90.0084 0.61 8.44255
      vertex 90.0475 0 8.4697
      vertex 90.0475 0.61 8.4697
    endloop
  endfacet
  facet normal -0.570356 0 0.821397
    outer loop
      vertex 90.0475 0 8.4697
      vertex 90.0084 0.61 8.44255
      vertex 90.0084 0 8.44255
    endloop
  endfacet
  facet normal -0.495515 0 0.868599
    outer loop
      vertex 90.0475 0.61 8.4697
      vertex 90.0895 0 8.49366
      vertex 90.0895 0.61 8.49366
    endloop
  endfacet
  facet normal -0.495515 0 0.868599
    outer loop
      vertex 90.0895 0 8.49366
      vertex 90.0475 0.61 8.4697
      vertex 90.0475 0 8.4697
    endloop
  endfacet
  facet normal -0.421219 0 0.906959
    outer loop
      vertex 90.0895 0.61 8.49366
      vertex 90.1342 0 8.51442
      vertex 90.1342 0.61 8.51442
    endloop
  endfacet
  facet normal -0.421219 0 0.906959
    outer loop
      vertex 90.1342 0 8.51442
      vertex 90.0895 0.61 8.49366
      vertex 90.0895 0 8.49366
    endloop
  endfacet
  facet normal -0.346281 0 0.938131
    outer loop
      vertex 90.1342 0.61 8.51442
      vertex 90.1818 0 8.53199
      vertex 90.1818 0.61 8.53199
    endloop
  endfacet
  facet normal -0.346281 0 0.938131
    outer loop
      vertex 90.1818 0 8.53199
      vertex 90.1342 0.61 8.51442
      vertex 90.1342 0 8.51442
    endloop
  endfacet
  facet normal -0.274873 0 0.961481
    outer loop
      vertex 90.1818 0.61 8.53199
      vertex 90.2321 0 8.54637
      vertex 90.2321 0.61 8.54637
    endloop
  endfacet
  facet normal -0.274873 0 0.961481
    outer loop
      vertex 90.2321 0 8.54637
      vertex 90.1818 0.61 8.53199
      vertex 90.1818 0 8.53199
    endloop
  endfacet
  facet normal -0.205853 0 0.978583
    outer loop
      vertex 90.2321 0.61 8.54637
      vertex 90.2852 0 8.55754
      vertex 90.2852 0.61 8.55754
    endloop
  endfacet
  facet normal -0.205853 0 0.978583
    outer loop
      vertex 90.2852 0 8.55754
      vertex 90.2321 0.61 8.54637
      vertex 90.2321 0 8.54637
    endloop
  endfacet
  facet normal -0.141669 0 0.989914
    outer loop
      vertex 90.2852 0.61 8.55754
      vertex 90.3411 0 8.56554
      vertex 90.3411 0.61 8.56554
    endloop
  endfacet
  facet normal -0.141669 0 0.989914
    outer loop
      vertex 90.3411 0 8.56554
      vertex 90.2852 0.61 8.55754
      vertex 90.2852 0 8.55754
    endloop
  endfacet
  facet normal -0.081331 0 0.996687
    outer loop
      vertex 90.3411 0.61 8.56554
      vertex 90.3998 0 8.57033
      vertex 90.3998 0.61 8.57033
    endloop
  endfacet
  facet normal -0.081331 0 0.996687
    outer loop
      vertex 90.3998 0 8.57033
      vertex 90.3411 0.61 8.56554
      vertex 90.3411 0 8.56554
    endloop
  endfacet
  facet normal -0.025845 0 0.999666
    outer loop
      vertex 90.3998 0.61 8.57033
      vertex 90.4613 0 8.57192
      vertex 90.4613 0.61 8.57192
    endloop
  endfacet
  facet normal -0.025845 0 0.999666
    outer loop
      vertex 90.4613 0 8.57192
      vertex 90.3998 0.61 8.57033
      vertex 90.3998 0 8.57033
    endloop
  endfacet
  facet normal 0.0271058 0 0.999633
    outer loop
      vertex 90.4613 0.61 8.57192
      vertex 90.5192 0 8.57035
      vertex 90.5192 0.61 8.57035
    endloop
  endfacet
  facet normal 0.0271058 0 0.999633
    outer loop
      vertex 90.5192 0 8.57035
      vertex 90.4613 0.61 8.57192
      vertex 90.4613 0 8.57192
    endloop
  endfacet
  facet normal 0.08558 0 0.996331
    outer loop
      vertex 90.5192 0.61 8.57035
      vertex 90.5745 0 8.5656
      vertex 90.5745 0.61 8.5656
    endloop
  endfacet
  facet normal 0.08558 0 0.996331
    outer loop
      vertex 90.5745 0 8.5656
      vertex 90.5192 0.61 8.57035
      vertex 90.5192 0 8.57035
    endloop
  endfacet
  facet normal 0.147974 0 0.988991
    outer loop
      vertex 90.5745 0.61 8.5656
      vertex 90.6273 0 8.5577
      vertex 90.6273 0.61 8.5577
    endloop
  endfacet
  facet normal 0.147974 0 0.988991
    outer loop
      vertex 90.6273 0 8.5577
      vertex 90.5745 0.61 8.5656
      vertex 90.5745 0 8.5656
    endloop
  endfacet
  facet normal 0.214936 0 0.976628
    outer loop
      vertex 90.6273 0.61 8.5577
      vertex 90.6776 0 8.54663
      vertex 90.6776 0.61 8.54663
    endloop
  endfacet
  facet normal 0.214936 0 0.976628
    outer loop
      vertex 90.6776 0 8.54663
      vertex 90.6273 0.61 8.5577
      vertex 90.6273 0 8.5577
    endloop
  endfacet
  facet normal 0.28624 0 0.958158
    outer loop
      vertex 90.6776 0.61 8.54663
      vertex 90.7252 0 8.53241
      vertex 90.7252 0.61 8.53241
    endloop
  endfacet
  facet normal 0.28624 0 0.958158
    outer loop
      vertex 90.7252 0 8.53241
      vertex 90.6776 0.61 8.54663
      vertex 90.6776 0 8.54663
    endloop
  endfacet
  facet normal 0.358896 0 0.933378
    outer loop
      vertex 90.7252 0.61 8.53241
      vertex 90.7704 0 8.51503
      vertex 90.7704 0.61 8.51503
    endloop
  endfacet
  facet normal 0.358896 0 0.933378
    outer loop
      vertex 90.7704 0 8.51503
      vertex 90.7252 0.61 8.53241
      vertex 90.7252 0 8.53241
    endloop
  endfacet
  facet normal 0.435312 0 0.90028
    outer loop
      vertex 90.7704 0.61 8.51503
      vertex 90.8129 0 8.49448
      vertex 90.8129 0.61 8.49448
    endloop
  endfacet
  facet normal 0.435312 0 0.90028
    outer loop
      vertex 90.8129 0 8.49448
      vertex 90.7704 0.61 8.51503
      vertex 90.7704 0 8.51503
    endloop
  endfacet
  facet normal 0.508802 0 0.860884
    outer loop
      vertex 90.8129 0.61 8.49448
      vertex 90.853 0 8.47078
      vertex 90.853 0.61 8.47078
    endloop
  endfacet
  facet normal 0.508802 0 0.860884
    outer loop
      vertex 90.853 0 8.47078
      vertex 90.8129 0.61 8.49448
      vertex 90.8129 0 8.49448
    endloop
  endfacet
  facet normal 0.583475 0 0.812131
    outer loop
      vertex 90.853 0.61 8.47078
      vertex 90.8904 0 8.44391
      vertex 90.8904 0.61 8.44391
    endloop
  endfacet
  facet normal 0.583475 0 0.812131
    outer loop
      vertex 90.8904 0 8.44391
      vertex 90.853 0.61 8.47078
      vertex 90.853 0 8.47078
    endloop
  endfacet
  facet normal 0.652239 0 0.758013
    outer loop
      vertex 90.8904 0.61 8.44391
      vertex 90.9253 0 8.41388
      vertex 90.9253 0.61 8.41388
    endloop
  endfacet
  facet normal 0.652239 0 0.758013
    outer loop
      vertex 90.9253 0 8.41388
      vertex 90.8904 0.61 8.44391
      vertex 90.8904 0 8.44391
    endloop
  endfacet
  facet normal 0.715361 -0 0.698755
    outer loop
      vertex 90.9253 0 8.41388
      vertex 90.9577 0.61 8.38071
      vertex 90.9253 0.61 8.41388
    endloop
  endfacet
  facet normal 0.715361 0 0.698755
    outer loop
      vertex 90.9577 0.61 8.38071
      vertex 90.9253 0 8.41388
      vertex 90.9577 0 8.38071
    endloop
  endfacet
  facet normal 0.77216 -0 0.635428
    outer loop
      vertex 90.9577 0 8.38071
      vertex 90.988 0.61 8.34389
      vertex 90.9577 0.61 8.38071
    endloop
  endfacet
  facet normal 0.77216 0 0.635428
    outer loop
      vertex 90.988 0.61 8.34389
      vertex 90.9577 0 8.38071
      vertex 90.988 0 8.34389
    endloop
  endfacet
  facet normal 0.818705 -0 0.574214
    outer loop
      vertex 90.988 0 8.34389
      vertex 91.0167 0.61 8.30297
      vertex 90.988 0.61 8.34389
    endloop
  endfacet
  facet normal 0.818705 0 0.574214
    outer loop
      vertex 91.0167 0.61 8.30297
      vertex 90.988 0 8.34389
      vertex 91.0167 0 8.30297
    endloop
  endfacet
  facet normal 0.855963 -0 0.517037
    outer loop
      vertex 91.0167 0 8.30297
      vertex 91.0439 0.61 8.25794
      vertex 91.0167 0.61 8.30297
    endloop
  endfacet
  facet normal 0.855963 0 0.517037
    outer loop
      vertex 91.0439 0.61 8.25794
      vertex 91.0167 0 8.30297
      vertex 91.0439 0 8.25794
    endloop
  endfacet
  facet normal 0.886128 -0 0.463441
    outer loop
      vertex 91.0439 0 8.25794
      vertex 91.0696 0.61 8.2088
      vertex 91.0439 0.61 8.25794
    endloop
  endfacet
  facet normal 0.886128 0 0.463441
    outer loop
      vertex 91.0696 0.61 8.2088
      vertex 91.0439 0 8.25794
      vertex 91.0696 0 8.2088
    endloop
  endfacet
  facet normal 0.910952 -0 0.412513
    outer loop
      vertex 91.0696 0 8.2088
      vertex 91.0937 0.61 8.15558
      vertex 91.0696 0.61 8.2088
    endloop
  endfacet
  facet normal 0.910952 0 0.412513
    outer loop
      vertex 91.0937 0.61 8.15558
      vertex 91.0696 0 8.2088
      vertex 91.0937 0 8.15558
    endloop
  endfacet
  facet normal 0.930876 -0 0.365336
    outer loop
      vertex 91.0937 0 8.15558
      vertex 91.1162 0.61 8.09825
      vertex 91.0937 0.61 8.15558
    endloop
  endfacet
  facet normal 0.930876 0 0.365336
    outer loop
      vertex 91.1162 0.61 8.09825
      vertex 91.0937 0 8.15558
      vertex 91.1162 0 8.09825
    endloop
  endfacet
  facet normal 0.946253 -0 0.323426
    outer loop
      vertex 91.1162 0 8.09825
      vertex 91.1372 0.61 8.03681
      vertex 91.1162 0.61 8.09825
    endloop
  endfacet
  facet normal 0.946253 0 0.323426
    outer loop
      vertex 91.1372 0.61 8.03681
      vertex 91.1162 0 8.09825
      vertex 91.1372 0 8.03681
    endloop
  endfacet
  facet normal 0.958476 -0 0.285174
    outer loop
      vertex 91.1372 0 8.03681
      vertex 91.1567 0.61 7.97127
      vertex 91.1372 0.61 8.03681
    endloop
  endfacet
  facet normal 0.958476 0 0.285174
    outer loop
      vertex 91.1567 0.61 7.97127
      vertex 91.1372 0 8.03681
      vertex 91.1567 0 7.97127
    endloop
  endfacet
  facet normal 0.968518 -0 0.248944
    outer loop
      vertex 91.1567 0 7.97127
      vertex 91.1746 0.61 7.90163
      vertex 91.1567 0.61 7.97127
    endloop
  endfacet
  facet normal 0.968518 0 0.248944
    outer loop
      vertex 91.1746 0.61 7.90163
      vertex 91.1567 0 7.97127
      vertex 91.1746 0 7.90163
    endloop
  endfacet
  facet normal 0.976156 -0 0.217071
    outer loop
      vertex 91.1746 0 7.90163
      vertex 91.191 0.61 7.82788
      vertex 91.1746 0.61 7.90163
    endloop
  endfacet
  facet normal 0.976156 0 0.217071
    outer loop
      vertex 91.191 0.61 7.82788
      vertex 91.1746 0 7.90163
      vertex 91.191 0 7.82788
    endloop
  endfacet
  facet normal 0.982396 -0 0.18681
    outer loop
      vertex 91.191 0 7.82788
      vertex 91.2058 0.61 7.75005
      vertex 91.191 0.61 7.82788
    endloop
  endfacet
  facet normal 0.982396 0 0.18681
    outer loop
      vertex 91.2058 0.61 7.75005
      vertex 91.191 0 7.82788
      vertex 91.2058 0 7.75005
    endloop
  endfacet
  facet normal 0.987165 -0 0.159701
    outer loop
      vertex 91.2058 0 7.75005
      vertex 91.2192 0.61 7.66722
      vertex 91.2058 0.61 7.75005
    endloop
  endfacet
  facet normal 0.987165 0 0.159701
    outer loop
      vertex 91.2192 0.61 7.66722
      vertex 91.2058 0 7.75005
      vertex 91.2192 0 7.66722
    endloop
  endfacet
  facet normal 0.990669 -0 0.13629
    outer loop
      vertex 91.2192 0 7.66722
      vertex 91.2314 0.61 7.57854
      vertex 91.2192 0.61 7.66722
    endloop
  endfacet
  facet normal 0.990669 0 0.13629
    outer loop
      vertex 91.2314 0.61 7.57854
      vertex 91.2192 0 7.66722
      vertex 91.2314 0 7.57854
    endloop
  endfacet
  facet normal 0.993534 -0 0.113535
    outer loop
      vertex 91.2314 0 7.57854
      vertex 91.2422 0.61 7.48403
      vertex 91.2314 0.61 7.57854
    endloop
  endfacet
  facet normal 0.993534 0 0.113535
    outer loop
      vertex 91.2422 0.61 7.48403
      vertex 91.2314 0 7.57854
      vertex 91.2422 0 7.48403
    endloop
  endfacet
  facet normal 0.995458 -0 0.0952022
    outer loop
      vertex 91.2422 0 7.48403
      vertex 91.2518 0.61 7.38365
      vertex 91.2422 0.61 7.48403
    endloop
  endfacet
  facet normal 0.995458 0 0.0952022
    outer loop
      vertex 91.2518 0.61 7.38365
      vertex 91.2422 0 7.48403
      vertex 91.2518 0 7.38365
    endloop
  endfacet
  facet normal 0.996962 -0 0.077895
    outer loop
      vertex 91.2518 0 7.38365
      vertex 91.2601 0.61 7.27742
      vertex 91.2518 0.61 7.38365
    endloop
  endfacet
  facet normal 0.996962 0 0.077895
    outer loop
      vertex 91.2601 0.61 7.27742
      vertex 91.2518 0 7.38365
      vertex 91.2601 0 7.27742
    endloop
  endfacet
  facet normal 0.997999 -0 0.0632265
    outer loop
      vertex 91.2601 0 7.27742
      vertex 91.2672 0.61 7.16535
      vertex 91.2601 0.61 7.27742
    endloop
  endfacet
  facet normal 0.997999 0 0.0632265
    outer loop
      vertex 91.2672 0.61 7.16535
      vertex 91.2601 0 7.27742
      vertex 91.2672 0 7.16535
    endloop
  endfacet
  facet normal 0.998834 -0 0.0482815
    outer loop
      vertex 91.2672 0 7.16535
      vertex 91.2729 0.61 7.04743
      vertex 91.2672 0.61 7.16535
    endloop
  endfacet
  facet normal 0.998834 0 0.0482815
    outer loop
      vertex 91.2729 0.61 7.04743
      vertex 91.2672 0 7.16535
      vertex 91.2729 0 7.04743
    endloop
  endfacet
  facet normal 0.99934 -0 0.0363308
    outer loop
      vertex 91.2729 0 7.04743
      vertex 91.2774 0.61 6.92365
      vertex 91.2729 0.61 7.04743
    endloop
  endfacet
  facet normal 0.99934 0 0.0363308
    outer loop
      vertex 91.2774 0.61 6.92365
      vertex 91.2729 0 7.04743
      vertex 91.2774 0 6.92365
    endloop
  endfacet
  facet normal 0.999695 -0 0.0246781
    outer loop
      vertex 91.2774 0 6.92365
      vertex 91.2806 0.61 6.79402
      vertex 91.2774 0.61 6.92365
    endloop
  endfacet
  facet normal 0.999695 0 0.0246781
    outer loop
      vertex 91.2806 0.61 6.79402
      vertex 91.2774 0 6.92365
      vertex 91.2806 0 6.79402
    endloop
  endfacet
  facet normal 0.999902 -0 0.0140228
    outer loop
      vertex 91.2806 0 6.79402
      vertex 91.2825 0.61 6.65854
      vertex 91.2806 0.61 6.79402
    endloop
  endfacet
  facet normal 0.999902 0 0.0140228
    outer loop
      vertex 91.2825 0.61 6.65854
      vertex 91.2806 0 6.79402
      vertex 91.2825 0 6.65854
    endloop
  endfacet
  facet normal 0.999988 -0 0.00495289
    outer loop
      vertex 91.2825 0 6.65854
      vertex 91.2832 0.61 6.51721
      vertex 91.2825 0.61 6.65854
    endloop
  endfacet
  facet normal 0.999988 0 0.00495289
    outer loop
      vertex 91.2832 0.61 6.51721
      vertex 91.2825 0 6.65854
      vertex 91.2832 0 6.51721
    endloop
  endfacet
  facet normal 0.999987 0 -0.00515875
    outer loop
      vertex 91.2832 0 6.51721
      vertex 91.2825 0.61 6.38152
      vertex 91.2832 0.61 6.51721
    endloop
  endfacet
  facet normal 0.999987 0 -0.00515875
    outer loop
      vertex 91.2825 0.61 6.38152
      vertex 91.2832 0 6.51721
      vertex 91.2825 0 6.38152
    endloop
  endfacet
  facet normal 0.999883 0 -0.0153286
    outer loop
      vertex 91.2825 0 6.38152
      vertex 91.2805 0.61 6.25106
      vertex 91.2825 0.61 6.38152
    endloop
  endfacet
  facet normal 0.999883 0 -0.0153286
    outer loop
      vertex 91.2805 0.61 6.25106
      vertex 91.2825 0 6.38152
      vertex 91.2805 0 6.25106
    endloop
  endfacet
  facet normal 0.999674 0 -0.0255446
    outer loop
      vertex 91.2805 0 6.25106
      vertex 91.2773 0.61 6.12583
      vertex 91.2805 0.61 6.25106
    endloop
  endfacet
  facet normal 0.999674 0 -0.0255446
    outer loop
      vertex 91.2773 0.61 6.12583
      vertex 91.2805 0 6.25106
      vertex 91.2773 0 6.12583
    endloop
  endfacet
  facet normal 0.999266 0 -0.0383116
    outer loop
      vertex 91.2773 0 6.12583
      vertex 91.2727 0.61 6.00585
      vertex 91.2773 0.61 6.12583
    endloop
  endfacet
  facet normal 0.999266 0 -0.0383116
    outer loop
      vertex 91.2727 0.61 6.00585
      vertex 91.2773 0 6.12583
      vertex 91.2727 0 6.00585
    endloop
  endfacet
  facet normal 0.99868 0 -0.0513572
    outer loop
      vertex 91.2727 0 6.00585
      vertex 91.2668 0.61 5.89112
      vertex 91.2727 0.61 6.00585
    endloop
  endfacet
  facet normal 0.99868 0 -0.0513572
    outer loop
      vertex 91.2668 0.61 5.89112
      vertex 91.2727 0 6.00585
      vertex 91.2668 0 5.89112
    endloop
  endfacet
  facet normal 0.997785 0 -0.066519
    outer loop
      vertex 91.2668 0 5.89112
      vertex 91.2595 0.61 5.78162
      vertex 91.2668 0.61 5.89112
    endloop
  endfacet
  facet normal 0.997785 0 -0.066519
    outer loop
      vertex 91.2595 0.61 5.78162
      vertex 91.2668 0 5.89112
      vertex 91.2595 0 5.78162
    endloop
  endfacet
  facet normal 0.996691 0 -0.0812806
    outer loop
      vertex 91.2595 0 5.78162
      vertex 91.251 0.61 5.67739
      vertex 91.2595 0.61 5.78162
    endloop
  endfacet
  facet normal 0.996691 0 -0.0812806
    outer loop
      vertex 91.251 0.61 5.67739
      vertex 91.2595 0 5.78162
      vertex 91.251 0 5.67739
    endloop
  endfacet
  facet normal 0.995136 0 -0.0985084
    outer loop
      vertex 91.251 0 5.67739
      vertex 91.2412 0.61 5.57839
      vertex 91.251 0.61 5.67739
    endloop
  endfacet
  facet normal 0.995136 0 -0.0985084
    outer loop
      vertex 91.2412 0.61 5.57839
      vertex 91.251 0 5.67739
      vertex 91.2412 0 5.57839
    endloop
  endfacet
  facet normal 0.992942 0 -0.118598
    outer loop
      vertex 91.2412 0 5.57839
      vertex 91.23 0.61 5.48462
      vertex 91.2412 0.61 5.57839
    endloop
  endfacet
  facet normal 0.992942 0 -0.118598
    outer loop
      vertex 91.23 0.61 5.48462
      vertex 91.2412 0 5.57839
      vertex 91.23 0 5.48462
    endloop
  endfacet
  facet normal 0.990326 0 -0.138758
    outer loop
      vertex 91.23 0 5.48462
      vertex 91.2176 0.61 5.39612
      vertex 91.23 0.61 5.48462
    endloop
  endfacet
  facet normal 0.990326 0 -0.138758
    outer loop
      vertex 91.2176 0.61 5.39612
      vertex 91.23 0 5.48462
      vertex 91.2176 0 5.39612
    endloop
  endfacet
  facet normal 0.986544 0 -0.163496
    outer loop
      vertex 91.2176 0 5.39612
      vertex 91.2038 0.61 5.31285
      vertex 91.2176 0.61 5.39612
    endloop
  endfacet
  facet normal 0.986544 0 -0.163496
    outer loop
      vertex 91.2038 0.61 5.31285
      vertex 91.2176 0 5.39612
      vertex 91.2038 0 5.31285
    endloop
  endfacet
  facet normal 0.981819 0 -0.18982
    outer loop
      vertex 91.2038 0 5.31285
      vertex 91.1886 0.61 5.23423
      vertex 91.2038 0.61 5.31285
    endloop
  endfacet
  facet normal 0.981819 0 -0.18982
    outer loop
      vertex 91.1886 0.61 5.23423
      vertex 91.2038 0 5.31285
      vertex 91.1886 0 5.23423
    endloop
  endfacet
  facet normal 0.975312 0 -0.22083
    outer loop
      vertex 91.1886 0 5.23423
      vertex 91.1717 0.61 5.15959
      vertex 91.1886 0.61 5.23423
    endloop
  endfacet
  facet normal 0.975312 0 -0.22083
    outer loop
      vertex 91.1717 0.61 5.15959
      vertex 91.1886 0 5.23423
      vertex 91.1717 0 5.15959
    endloop
  endfacet
  facet normal 0.967349 0 -0.253448
    outer loop
      vertex 91.1717 0 5.15959
      vertex 91.1532 0.61 5.08898
      vertex 91.1717 0.61 5.15959
    endloop
  endfacet
  facet normal 0.967349 0 -0.253448
    outer loop
      vertex 91.1532 0.61 5.08898
      vertex 91.1717 0 5.15959
      vertex 91.1532 0 5.08898
    endloop
  endfacet
  facet normal 0.957795 0 -0.287453
    outer loop
      vertex 91.1532 0 5.08898
      vertex 91.1332 0.61 5.02234
      vertex 91.1532 0.61 5.08898
    endloop
  endfacet
  facet normal 0.957795 0 -0.287453
    outer loop
      vertex 91.1332 0.61 5.02234
      vertex 91.1532 0 5.08898
      vertex 91.1332 0 5.02234
    endloop
  endfacet
  facet normal 0.944875 0 -0.327432
    outer loop
      vertex 91.1332 0 5.02234
      vertex 91.1115 0.61 4.95972
      vertex 91.1332 0.61 5.02234
    endloop
  endfacet
  facet normal 0.944875 0 -0.327432
    outer loop
      vertex 91.1115 0.61 4.95972
      vertex 91.1332 0 5.02234
      vertex 91.1115 0 4.95972
    endloop
  endfacet
  facet normal 0.929284 0 -0.369367
    outer loop
      vertex 91.1115 0 4.95972
      vertex 91.0882 0.61 4.9011
      vertex 91.1115 0.61 4.95972
    endloop
  endfacet
  facet normal 0.929284 0 -0.369367
    outer loop
      vertex 91.0882 0.61 4.9011
      vertex 91.1115 0 4.95972
      vertex 91.0882 0 4.9011
    endloop
  endfacet
  facet normal 0.909938 0 -0.414744
    outer loop
      vertex 91.0882 0 4.9011
      vertex 91.0633 0.61 4.84647
      vertex 91.0882 0.61 4.9011
    endloop
  endfacet
  facet normal 0.909938 0 -0.414744
    outer loop
      vertex 91.0633 0.61 4.84647
      vertex 91.0882 0 4.9011
      vertex 91.0633 0 4.84647
    endloop
  endfacet
  facet normal 0.885259 0 -0.465098
    outer loop
      vertex 91.0633 0 4.84647
      vertex 91.0367 0.61 4.79584
      vertex 91.0633 0.61 4.84647
    endloop
  endfacet
  facet normal 0.885259 0 -0.465098
    outer loop
      vertex 91.0367 0.61 4.79584
      vertex 91.0633 0 4.84647
      vertex 91.0367 0 4.79584
    endloop
  endfacet
  facet normal 0.856454 0 -0.516224
    outer loop
      vertex 91.0367 0 4.79584
      vertex 91.0086 0.61 4.74922
      vertex 91.0367 0.61 4.79584
    endloop
  endfacet
  facet normal 0.856454 0 -0.516224
    outer loop
      vertex 91.0086 0.61 4.74922
      vertex 91.0367 0 4.79584
      vertex 91.0086 0 4.74922
    endloop
  endfacet
  facet normal 0.819476 0 -0.573114
    outer loop
      vertex 91.0086 0 4.74922
      vertex 90.9788 0.61 4.70661
      vertex 91.0086 0.61 4.74922
    endloop
  endfacet
  facet normal 0.819476 0 -0.573114
    outer loop
      vertex 90.9788 0.61 4.70661
      vertex 91.0086 0 4.74922
      vertex 90.9788 0 4.70661
    endloop
  endfacet
  facet normal 0.777048 0 -0.629441
    outer loop
      vertex 90.9788 0 4.70661
      vertex 90.9475 0.61 4.66797
      vertex 90.9788 0.61 4.70661
    endloop
  endfacet
  facet normal 0.777048 0 -0.629441
    outer loop
      vertex 90.9475 0.61 4.66797
      vertex 90.9788 0 4.70661
      vertex 90.9475 0 4.66797
    endloop
  endfacet
  facet normal 0.723055 0 -0.690791
    outer loop
      vertex 90.9475 0 4.66797
      vertex 90.9141 0.61 4.63301
      vertex 90.9475 0.61 4.66797
    endloop
  endfacet
  facet normal 0.723055 0 -0.690791
    outer loop
      vertex 90.9141 0.61 4.63301
      vertex 90.9475 0 4.66797
      vertex 90.9141 0 4.63301
    endloop
  endfacet
  facet normal 0.66084 0 -0.750527
    outer loop
      vertex 90.8782 0 4.6014
      vertex 90.9141 0.61 4.63301
      vertex 90.9141 0 4.63301
    endloop
  endfacet
  facet normal 0.66084 0 -0.750527
    outer loop
      vertex 90.9141 0.61 4.63301
      vertex 90.8782 0 4.6014
      vertex 90.8782 0.61 4.6014
    endloop
  endfacet
  facet normal 0.594409 0 -0.804163
    outer loop
      vertex 90.8399 0 4.57309
      vertex 90.8782 0.61 4.6014
      vertex 90.8782 0 4.6014
    endloop
  endfacet
  facet normal 0.594409 0 -0.804163
    outer loop
      vertex 90.8782 0.61 4.6014
      vertex 90.8399 0 4.57309
      vertex 90.8399 0.61 4.57309
    endloop
  endfacet
  facet normal 0.521856 0 -0.853034
    outer loop
      vertex 90.7991 0 4.54813
      vertex 90.8399 0.61 4.57309
      vertex 90.8399 0 4.57309
    endloop
  endfacet
  facet normal 0.521856 0 -0.853034
    outer loop
      vertex 90.8399 0.61 4.57309
      vertex 90.7991 0 4.54813
      vertex 90.7991 0.61 4.54813
    endloop
  endfacet
  facet normal 0.448041 0 -0.894013
    outer loop
      vertex 90.7559 0 4.52648
      vertex 90.7991 0.61 4.54813
      vertex 90.7991 0 4.54813
    endloop
  endfacet
  facet normal 0.448041 0 -0.894013
    outer loop
      vertex 90.7991 0.61 4.54813
      vertex 90.7559 0 4.52648
      vertex 90.7559 0.61 4.52648
    endloop
  endfacet
  facet normal 0.371916 0 -0.928266
    outer loop
      vertex 90.7102 0 4.50817
      vertex 90.7559 0.61 4.52648
      vertex 90.7559 0 4.52648
    endloop
  endfacet
  facet normal 0.371916 0 -0.928266
    outer loop
      vertex 90.7559 0.61 4.52648
      vertex 90.7102 0 4.50817
      vertex 90.7102 0.61 4.50817
    endloop
  endfacet
  facet normal 0.297167 0 -0.954825
    outer loop
      vertex 90.6621 0 4.4932
      vertex 90.7102 0.61 4.50817
      vertex 90.7102 0 4.50817
    endloop
  endfacet
  facet normal 0.297167 0 -0.954825
    outer loop
      vertex 90.7102 0.61 4.50817
      vertex 90.6621 0 4.4932
      vertex 90.6621 0.61 4.4932
    endloop
  endfacet
  facet normal 0.22455 0 -0.974463
    outer loop
      vertex 90.6115 0 4.48154
      vertex 90.6621 0.61 4.4932
      vertex 90.6621 0 4.4932
    endloop
  endfacet
  facet normal 0.22455 0 -0.974463
    outer loop
      vertex 90.6621 0.61 4.4932
      vertex 90.6115 0 4.48154
      vertex 90.6115 0.61 4.48154
    endloop
  endfacet
  facet normal 0.155264 0 -0.987873
    outer loop
      vertex 90.5585 0 4.47321
      vertex 90.6115 0.61 4.48154
      vertex 90.6115 0 4.48154
    endloop
  endfacet
  facet normal 0.155264 0 -0.987873
    outer loop
      vertex 90.6115 0.61 4.48154
      vertex 90.5585 0 4.47321
      vertex 90.5585 0.61 4.47321
    endloop
  endfacet
  facet normal 0.0895487 0 -0.995982
    outer loop
      vertex 90.503 0 4.46822
      vertex 90.5585 0.61 4.47321
      vertex 90.5585 0 4.47321
    endloop
  endfacet
  facet normal 0.0895487 0 -0.995982
    outer loop
      vertex 90.5585 0.61 4.47321
      vertex 90.503 0 4.46822
      vertex 90.503 0.61 4.46822
    endloop
  endfacet
  facet normal 0.028609 0 -0.999591
    outer loop
      vertex 90.445 0 4.46656
      vertex 90.503 0.61 4.46822
      vertex 90.503 0 4.46822
    endloop
  endfacet
  facet normal 0.028609 0 -0.999591
    outer loop
      vertex 90.503 0.61 4.46822
      vertex 90.445 0 4.46656
      vertex 90.445 0.61 4.46656
    endloop
  endfacet
  facet normal -0.0269527 0 -0.999637
    outer loop
      vertex 90.3864 0 4.46814
      vertex 90.445 0.61 4.46656
      vertex 90.445 0 4.46656
    endloop
  endfacet
  facet normal -0.0269527 0 -0.999637
    outer loop
      vertex 90.445 0.61 4.46656
      vertex 90.3864 0 4.46814
      vertex 90.3864 0.61 4.46814
    endloop
  endfacet
  facet normal -0.0598648 0 0.998206
    outer loop
      vertex 70.3605 0.61 3.65164
      vertex 70.5054 0 3.66033
      vertex 70.5054 0.61 3.66033
    endloop
  endfacet
  facet normal -0.0598648 0 0.998206
    outer loop
      vertex 70.5054 0 3.66033
      vertex 70.3605 0.61 3.65164
      vertex 70.3605 0 3.65164
    endloop
  endfacet
  facet normal -0.101379 0 0.994848
    outer loop
      vertex 70.5054 0.61 3.66033
      vertex 70.6472 0 3.67478
      vertex 70.6472 0.61 3.67478
    endloop
  endfacet
  facet normal -0.101379 0 0.994848
    outer loop
      vertex 70.6472 0 3.67478
      vertex 70.5054 0.61 3.66033
      vertex 70.5054 0 3.66033
    endloop
  endfacet
  facet normal -0.144467 0 0.98951
    outer loop
      vertex 70.6472 0.61 3.67478
      vertex 70.7859 0 3.69503
      vertex 70.7859 0.61 3.69503
    endloop
  endfacet
  facet normal -0.144467 0 0.98951
    outer loop
      vertex 70.7859 0 3.69503
      vertex 70.6472 0.61 3.67478
      vertex 70.6472 0 3.67478
    endloop
  endfacet
  facet normal -0.188386 0 0.982095
    outer loop
      vertex 70.7859 0.61 3.69503
      vertex 70.9216 0 3.72106
      vertex 70.9216 0.61 3.72106
    endloop
  endfacet
  facet normal -0.188386 0 0.982095
    outer loop
      vertex 70.9216 0 3.72106
      vertex 70.7859 0.61 3.69503
      vertex 70.7859 0 3.69503
    endloop
  endfacet
  facet normal -0.233276 0 0.972411
    outer loop
      vertex 70.9216 0.61 3.72106
      vertex 71.0542 0 3.75287
      vertex 71.0542 0.61 3.75287
    endloop
  endfacet
  facet normal -0.233276 0 0.972411
    outer loop
      vertex 71.0542 0 3.75287
      vertex 70.9216 0.61 3.72106
      vertex 70.9216 0 3.72106
    endloop
  endfacet
  facet normal -0.278695 0 0.96038
    outer loop
      vertex 71.0542 0.61 3.75287
      vertex 71.1837 0 3.79045
      vertex 71.1837 0.61 3.79045
    endloop
  endfacet
  facet normal -0.278695 0 0.96038
    outer loop
      vertex 71.1837 0 3.79045
      vertex 71.0542 0.61 3.75287
      vertex 71.0542 0 3.75287
    endloop
  endfacet
  facet normal -0.324382 0 0.945926
    outer loop
      vertex 71.1837 0.61 3.79045
      vertex 71.3102 0 3.83383
      vertex 71.3102 0.61 3.83383
    endloop
  endfacet
  facet normal -0.324382 0 0.945926
    outer loop
      vertex 71.3102 0 3.83383
      vertex 71.1837 0.61 3.79045
      vertex 71.1837 0 3.79045
    endloop
  endfacet
  facet normal -0.370157 0 0.928969
    outer loop
      vertex 71.3102 0.61 3.83383
      vertex 71.4336 0 3.883
      vertex 71.4336 0.61 3.883
    endloop
  endfacet
  facet normal -0.370157 0 0.928969
    outer loop
      vertex 71.4336 0 3.883
      vertex 71.3102 0.61 3.83383
      vertex 71.3102 0 3.83383
    endloop
  endfacet
  facet normal -0.415197 0 0.909731
    outer loop
      vertex 71.4336 0.61 3.883
      vertex 71.554 0 3.93795
      vertex 71.554 0.61 3.93795
    endloop
  endfacet
  facet normal -0.415197 0 0.909731
    outer loop
      vertex 71.554 0 3.93795
      vertex 71.4336 0.61 3.883
      vertex 71.4336 0 3.883
    endloop
  endfacet
  facet normal -0.459767 0 0.88804
    outer loop
      vertex 71.554 0.61 3.93795
      vertex 71.6713 0 3.99868
      vertex 71.6713 0.61 3.99868
    endloop
  endfacet
  facet normal -0.459767 0 0.88804
    outer loop
      vertex 71.6713 0 3.99868
      vertex 71.554 0.61 3.93795
      vertex 71.554 0 3.93795
    endloop
  endfacet
  facet normal -0.504098 0 0.863646
    outer loop
      vertex 71.6713 0.61 3.99868
      vertex 71.7847 0 4.06487
      vertex 71.7847 0.61 4.06487
    endloop
  endfacet
  facet normal -0.504098 0 0.863646
    outer loop
      vertex 71.7847 0 4.06487
      vertex 71.6713 0.61 3.99868
      vertex 71.6713 0 3.99868
    endloop
  endfacet
  facet normal -0.548986 0 0.835832
    outer loop
      vertex 71.7847 0.61 4.06487
      vertex 71.8933 0 4.1362
      vertex 71.8933 0.61 4.1362
    endloop
  endfacet
  facet normal -0.548986 0 0.835832
    outer loop
      vertex 71.8933 0 4.1362
      vertex 71.7847 0.61 4.06487
      vertex 71.7847 0 4.06487
    endloop
  endfacet
  facet normal -0.593278 0 0.804997
    outer loop
      vertex 71.8933 0.61 4.1362
      vertex 71.9971 0 4.2127
      vertex 71.9971 0.61 4.2127
    endloop
  endfacet
  facet normal -0.593278 0 0.804997
    outer loop
      vertex 71.9971 0 4.2127
      vertex 71.8933 0.61 4.1362
      vertex 71.8933 0 4.1362
    endloop
  endfacet
  facet normal -0.635699 0 0.771937
    outer loop
      vertex 71.9971 0.61 4.2127
      vertex 72.0962 0 4.29431
      vertex 72.0962 0.61 4.29431
    endloop
  endfacet
  facet normal -0.635699 0 0.771937
    outer loop
      vertex 72.0962 0 4.29431
      vertex 71.9971 0.61 4.2127
      vertex 71.9971 0 4.2127
    endloop
  endfacet
  facet normal -0.677158 0 0.735838
    outer loop
      vertex 72.0962 0.61 4.29431
      vertex 72.1905 0 4.38109
      vertex 72.1905 0.61 4.38109
    endloop
  endfacet
  facet normal -0.677158 0 0.735838
    outer loop
      vertex 72.1905 0 4.38109
      vertex 72.0962 0.61 4.29431
      vertex 72.0962 0 4.29431
    endloop
  endfacet
  facet normal -0.716475 0 0.697612
    outer loop
      vertex 72.1905 0 4.38109
      vertex 72.28 0.61 4.47301
      vertex 72.1905 0.61 4.38109
    endloop
  endfacet
  facet normal -0.716475 0 0.697612
    outer loop
      vertex 72.28 0.61 4.47301
      vertex 72.1905 0 4.38109
      vertex 72.28 0 4.47301
    endloop
  endfacet
  facet normal -0.753418 0 0.657542
    outer loop
      vertex 72.28 0 4.47301
      vertex 72.3647 0.61 4.57006
      vertex 72.28 0.61 4.47301
    endloop
  endfacet
  facet normal -0.753418 0 0.657542
    outer loop
      vertex 72.3647 0.61 4.57006
      vertex 72.28 0 4.47301
      vertex 72.3647 0 4.57006
    endloop
  endfacet
  facet normal -0.78744 0 0.616391
    outer loop
      vertex 72.3647 0 4.57006
      vertex 72.4447 0.61 4.67226
      vertex 72.3647 0.61 4.57006
    endloop
  endfacet
  facet normal -0.78744 0 0.616391
    outer loop
      vertex 72.4447 0.61 4.67226
      vertex 72.3647 0 4.57006
      vertex 72.4447 0 4.67226
    endloop
  endfacet
  facet normal -0.81901 0 0.57378
    outer loop
      vertex 72.4447 0 4.67226
      vertex 72.5199 0.61 4.7796
      vertex 72.4447 0.61 4.67226
    endloop
  endfacet
  facet normal -0.81901 0 0.57378
    outer loop
      vertex 72.5199 0.61 4.7796
      vertex 72.4447 0 4.67226
      vertex 72.5199 0 4.7796
    endloop
  endfacet
  facet normal -0.847723 0 0.530439
    outer loop
      vertex 72.5199 0 4.7796
      vertex 72.5903 0.61 4.89211
      vertex 72.5199 0.61 4.7796
    endloop
  endfacet
  facet normal -0.847723 0 0.530439
    outer loop
      vertex 72.5903 0.61 4.89211
      vertex 72.5199 0 4.7796
      vertex 72.5903 0 4.89211
    endloop
  endfacet
  facet normal -0.873368 0 0.487061
    outer loop
      vertex 72.5903 0 4.89211
      vertex 72.6559 0.61 5.00974
      vertex 72.5903 0.61 4.89211
    endloop
  endfacet
  facet normal -0.873368 0 0.487061
    outer loop
      vertex 72.6559 0.61 5.00974
      vertex 72.5903 0 4.89211
      vertex 72.6559 0 5.00974
    endloop
  endfacet
  facet normal -0.896299 0 0.443451
    outer loop
      vertex 72.6559 0 5.00974
      vertex 72.7163 0.61 5.13182
      vertex 72.6559 0.61 5.00974
    endloop
  endfacet
  facet normal -0.896299 0 0.443451
    outer loop
      vertex 72.7163 0.61 5.13182
      vertex 72.6559 0 5.00974
      vertex 72.7163 0 5.13182
    endloop
  endfacet
  facet normal -0.917336 0 0.398113
    outer loop
      vertex 72.7163 0 5.13182
      vertex 72.7709 0.61 5.25763
      vertex 72.7163 0.61 5.13182
    endloop
  endfacet
  facet normal -0.917336 0 0.398113
    outer loop
      vertex 72.7709 0.61 5.25763
      vertex 72.7163 0 5.13182
      vertex 72.7709 0 5.25763
    endloop
  endfacet
  facet normal -0.93557 0 0.353141
    outer loop
      vertex 72.7709 0 5.25763
      vertex 72.8198 0.61 5.38718
      vertex 72.7709 0.61 5.25763
    endloop
  endfacet
  facet normal -0.93557 0 0.353141
    outer loop
      vertex 72.8198 0.61 5.38718
      vertex 72.7709 0 5.25763
      vertex 72.8198 0 5.38718
    endloop
  endfacet
  facet normal -0.951486 0 0.307691
    outer loop
      vertex 72.8198 0 5.38718
      vertex 72.8629 0.61 5.52046
      vertex 72.8198 0.61 5.38718
    endloop
  endfacet
  facet normal -0.951486 0 0.307691
    outer loop
      vertex 72.8629 0.61 5.52046
      vertex 72.8198 0 5.38718
      vertex 72.8629 0 5.52046
    endloop
  endfacet
  facet normal -0.964704 0 0.263338
    outer loop
      vertex 72.8629 0 5.52046
      vertex 72.9003 0.61 5.65747
      vertex 72.8629 0.61 5.52046
    endloop
  endfacet
  facet normal -0.964704 0 0.263338
    outer loop
      vertex 72.9003 0.61 5.65747
      vertex 72.8629 0 5.52046
      vertex 72.9003 0 5.65747
    endloop
  endfacet
  facet normal -0.975712 0 0.219059
    outer loop
      vertex 72.9003 0 5.65747
      vertex 72.9319 0.61 5.79822
      vertex 72.9003 0.61 5.65747
    endloop
  endfacet
  facet normal -0.975712 0 0.219059
    outer loop
      vertex 72.9319 0.61 5.79822
      vertex 72.9003 0 5.65747
      vertex 72.9319 0 5.79822
    endloop
  endfacet
  facet normal -0.984307 0 0.176463
    outer loop
      vertex 72.9319 0 5.79822
      vertex 72.9578 0.61 5.94269
      vertex 72.9319 0.61 5.79822
    endloop
  endfacet
  facet normal -0.984307 0 0.176463
    outer loop
      vertex 72.9578 0.61 5.94269
      vertex 72.9319 0 5.79822
      vertex 72.9578 0 5.94269
    endloop
  endfacet
  facet normal -0.990929 0 0.134388
    outer loop
      vertex 72.9578 0 5.94269
      vertex 72.9779 0.61 6.0909
      vertex 72.9578 0.61 5.94269
    endloop
  endfacet
  facet normal -0.990929 0 0.134388
    outer loop
      vertex 72.9779 0.61 6.0909
      vertex 72.9578 0 5.94269
      vertex 72.9779 0 6.0909
    endloop
  endfacet
  facet normal -0.99554 0 0.0943453
    outer loop
      vertex 72.9779 0 6.0909
      vertex 72.9923 0.61 6.24285
      vertex 72.9779 0.61 6.0909
    endloop
  endfacet
  facet normal -0.99554 0 0.0943453
    outer loop
      vertex 72.9923 0.61 6.24285
      vertex 72.9779 0 6.0909
      vertex 72.9923 0 6.24285
    endloop
  endfacet
  facet normal -0.998477 0 0.055161
    outer loop
      vertex 72.9923 0 6.24285
      vertex 73.0009 0.61 6.39852
      vertex 72.9923 0.61 6.24285
    endloop
  endfacet
  facet normal -0.998477 0 0.055161
    outer loop
      vertex 73.0009 0.61 6.39852
      vertex 72.9923 0 6.24285
      vertex 73.0009 0 6.39852
    endloop
  endfacet
  facet normal -0.999834 0 0.0181936
    outer loop
      vertex 73.0009 0 6.39852
      vertex 73.0038 0.61 6.55789
      vertex 73.0009 0.61 6.39852
    endloop
  endfacet
  facet normal -0.999834 0 0.0181936
    outer loop
      vertex 73.0038 0.61 6.55789
      vertex 73.0009 0 6.39852
      vertex 73.0038 0 6.55789
    endloop
  endfacet
  facet normal -0.999641 0 -0.0267835
    outer loop
      vertex 73.0038 0 6.55789
      vertex 72.9973 0.61 6.80049
      vertex 73.0038 0.61 6.55789
    endloop
  endfacet
  facet normal -0.999641 -0 -0.0267835
    outer loop
      vertex 72.9973 0.61 6.80049
      vertex 73.0038 0 6.55789
      vertex 72.9973 0 6.80049
    endloop
  endfacet
  facet normal -0.996419 0 -0.0845586
    outer loop
      vertex 72.9973 0 6.80049
      vertex 72.9776 0.61 7.03263
      vertex 72.9973 0.61 6.80049
    endloop
  endfacet
  facet normal -0.996419 -0 -0.0845586
    outer loop
      vertex 72.9776 0.61 7.03263
      vertex 72.9973 0 6.80049
      vertex 72.9776 0 7.03263
    endloop
  endfacet
  facet normal -0.98923 0 -0.146368
    outer loop
      vertex 72.9776 0 7.03263
      vertex 72.9448 0.61 7.25431
      vertex 72.9776 0.61 7.03263
    endloop
  endfacet
  facet normal -0.98923 -0 -0.146368
    outer loop
      vertex 72.9448 0.61 7.25431
      vertex 72.9776 0 7.03263
      vertex 72.9448 0 7.25431
    endloop
  endfacet
  facet normal -0.977193 0 -0.212353
    outer loop
      vertex 72.9448 0 7.25431
      vertex 72.8989 0.61 7.46553
      vertex 72.9448 0.61 7.25431
    endloop
  endfacet
  facet normal -0.977193 -0 -0.212353
    outer loop
      vertex 72.8989 0.61 7.46553
      vertex 72.9448 0 7.25431
      vertex 72.8989 0 7.46553
    endloop
  endfacet
  facet normal -0.959426 0 -0.281959
    outer loop
      vertex 72.8989 0 7.46553
      vertex 72.8399 0.61 7.66629
      vertex 72.8989 0.61 7.46553
    endloop
  endfacet
  facet normal -0.959426 -0 -0.281959
    outer loop
      vertex 72.8399 0.61 7.66629
      vertex 72.8989 0 7.46553
      vertex 72.8399 0 7.66629
    endloop
  endfacet
  facet normal -0.934969 0 -0.354728
    outer loop
      vertex 72.8399 0 7.66629
      vertex 72.7677 0.61 7.85659
      vertex 72.8399 0.61 7.66629
    endloop
  endfacet
  facet normal -0.934969 -0 -0.354728
    outer loop
      vertex 72.7677 0.61 7.85659
      vertex 72.8399 0 7.66629
      vertex 72.7677 0 7.85659
    endloop
  endfacet
  facet normal -0.903722 0 -0.428119
    outer loop
      vertex 72.7677 0 7.85659
      vertex 72.6825 0.61 8.03644
      vertex 72.7677 0.61 7.85659
    endloop
  endfacet
  facet normal -0.903722 -0 -0.428119
    outer loop
      vertex 72.6825 0.61 8.03644
      vertex 72.7677 0 7.85659
      vertex 72.6825 0 8.03644
    endloop
  endfacet
  facet normal -0.86469 0 -0.502305
    outer loop
      vertex 72.6825 0 8.03644
      vertex 72.5841 0.61 8.20583
      vertex 72.6825 0.61 8.03644
    endloop
  endfacet
  facet normal -0.86469 -0 -0.502305
    outer loop
      vertex 72.5841 0.61 8.20583
      vertex 72.6825 0 8.03644
      vertex 72.5841 0 8.20583
    endloop
  endfacet
  facet normal -0.818854 0 -0.574002
    outer loop
      vertex 72.5841 0 8.20583
      vertex 72.4727 0.61 8.36475
      vertex 72.5841 0.61 8.20583
    endloop
  endfacet
  facet normal -0.818854 -0 -0.574002
    outer loop
      vertex 72.4727 0.61 8.36475
      vertex 72.5841 0 8.20583
      vertex 72.4727 0 8.36475
    endloop
  endfacet
  facet normal -0.766018 0 -0.642819
    outer loop
      vertex 72.4727 0 8.36475
      vertex 72.3481 0.61 8.51323
      vertex 72.4727 0.61 8.36475
    endloop
  endfacet
  facet normal -0.766018 -0 -0.642819
    outer loop
      vertex 72.3481 0.61 8.51323
      vertex 72.4727 0 8.36475
      vertex 72.3481 0 8.51323
    endloop
  endfacet
  facet normal -0.707927 0 -0.706286
    outer loop
      vertex 72.3481 0 8.51323
      vertex 72.2104 0.61 8.65125
      vertex 72.3481 0.61 8.51323
    endloop
  endfacet
  facet normal -0.707927 -0 -0.706286
    outer loop
      vertex 72.2104 0.61 8.65125
      vertex 72.3481 0 8.51323
      vertex 72.2104 0 8.65125
    endloop
  endfacet
  facet normal -0.646182 0 -0.763183
    outer loop
      vertex 72.0607 0 8.778
      vertex 72.2104 0.61 8.65125
      vertex 72.2104 0 8.65125
    endloop
  endfacet
  facet normal -0.646182 0 -0.763183
    outer loop
      vertex 72.2104 0.61 8.65125
      vertex 72.0607 0 8.778
      vertex 72.0607 0.61 8.778
    endloop
  endfacet
  facet normal -0.581396 0 -0.81362
    outer loop
      vertex 71.9002 0 8.89269
      vertex 72.0607 0.61 8.778
      vertex 72.0607 0 8.778
    endloop
  endfacet
  facet normal -0.581396 0 -0.81362
    outer loop
      vertex 72.0607 0.61 8.778
      vertex 71.9002 0 8.89269
      vertex 71.9002 0.61 8.89269
    endloop
  endfacet
  facet normal -0.51387 0 -0.857868
    outer loop
      vertex 71.7289 0 8.9953
      vertex 71.9002 0.61 8.89269
      vertex 71.9002 0 8.89269
    endloop
  endfacet
  facet normal -0.51387 0 -0.857868
    outer loop
      vertex 71.9002 0.61 8.89269
      vertex 71.7289 0 8.9953
      vertex 71.7289 0.61 8.9953
    endloop
  endfacet
  facet normal -0.44505 0 -0.895506
    outer loop
      vertex 71.5467 0 9.08585
      vertex 71.7289 0.61 8.9953
      vertex 71.7289 0 8.9953
    endloop
  endfacet
  facet normal -0.44505 0 -0.895506
    outer loop
      vertex 71.7289 0.61 8.9953
      vertex 71.5467 0 9.08585
      vertex 71.5467 0.61 9.08585
    endloop
  endfacet
  facet normal -0.376807 0 -0.926292
    outer loop
      vertex 71.3538 0 9.16432
      vertex 71.5467 0.61 9.08585
      vertex 71.5467 0 9.08585
    endloop
  endfacet
  facet normal -0.376807 0 -0.926292
    outer loop
      vertex 71.5467 0.61 9.08585
      vertex 71.3538 0 9.16432
      vertex 71.3538 0.61 9.16432
    endloop
  endfacet
  facet normal -0.309782 0 -0.950808
    outer loop
      vertex 71.15 0 9.23072
      vertex 71.3538 0.61 9.16432
      vertex 71.3538 0 9.16432
    endloop
  endfacet
  facet normal -0.309782 0 -0.950808
    outer loop
      vertex 71.3538 0.61 9.16432
      vertex 71.15 0 9.23072
      vertex 71.15 0.61 9.23072
    endloop
  endfacet
  facet normal -0.245276 0 -0.969453
    outer loop
      vertex 70.9353 0 9.28504
      vertex 71.15 0.61 9.23072
      vertex 71.15 0 9.23072
    endloop
  endfacet
  facet normal -0.245276 0 -0.969453
    outer loop
      vertex 71.15 0.61 9.23072
      vertex 70.9353 0 9.28504
      vertex 70.9353 0.61 9.28504
    endloop
  endfacet
  facet normal -0.184278 0 -0.982874
    outer loop
      vertex 70.7099 0 9.3273
      vertex 70.9353 0.61 9.28504
      vertex 70.9353 0 9.28504
    endloop
  endfacet
  facet normal -0.184278 0 -0.982874
    outer loop
      vertex 70.9353 0.61 9.28504
      vertex 70.7099 0 9.3273
      vertex 70.7099 0.61 9.3273
    endloop
  endfacet
  facet normal -0.126649 0 -0.991948
    outer loop
      vertex 70.4736 0 9.35747
      vertex 70.7099 0.61 9.3273
      vertex 70.7099 0 9.3273
    endloop
  endfacet
  facet normal -0.126649 0 -0.991948
    outer loop
      vertex 70.7099 0.61 9.3273
      vertex 70.4736 0 9.35747
      vertex 70.4736 0.61 9.35747
    endloop
  endfacet
  facet normal -0.0730941 0 -0.997325
    outer loop
      vertex 70.2265 0 9.37558
      vertex 70.4736 0.61 9.35747
      vertex 70.4736 0 9.35747
    endloop
  endfacet
  facet normal -0.0730941 0 -0.997325
    outer loop
      vertex 70.4736 0.61 9.35747
      vertex 70.2265 0 9.37558
      vertex 70.2265 0.61 9.37558
    endloop
  endfacet
  facet normal -0.0234432 0 -0.999725
    outer loop
      vertex 69.9685 0 9.38163
      vertex 70.2265 0.61 9.37558
      vertex 70.2265 0 9.37558
    endloop
  endfacet
  facet normal -0.0234432 0 -0.999725
    outer loop
      vertex 70.2265 0.61 9.37558
      vertex 69.9685 0 9.38163
      vertex 69.9685 0.61 9.38163
    endloop
  endfacet
  facet normal 0 0 -1
    outer loop
      vertex 67.8934 0 9.38163
      vertex 69.9685 0.61 9.38163
      vertex 69.9685 0 9.38163
    endloop
  endfacet
  facet normal -0 0 -1
    outer loop
      vertex 69.9685 0.61 9.38163
      vertex 67.8934 0 9.38163
      vertex 67.8934 0.61 9.38163
    endloop
  endfacet
  facet normal 1 -0 0
    outer loop
      vertex 67.8934 0 9.38163
      vertex 67.8934 0.61 3.64876
      vertex 67.8934 0.61 9.38163
    endloop
  endfacet
  facet normal 1 0 0
    outer loop
      vertex 67.8934 0.61 3.64876
      vertex 67.8934 0 9.38163
      vertex 67.8934 0 3.64876
    endloop
  endfacet
  facet normal -0 0 1
    outer loop
      vertex 67.8934 0.61 3.64876
      vertex 70.2126 0 3.64876
      vertex 70.2126 0.61 3.64876
    endloop
  endfacet
  facet normal 0 0 1
    outer loop
      vertex 70.2126 0 3.64876
      vertex 67.8934 0.61 3.64876
      vertex 67.8934 0 3.64876
    endloop
  endfacet
  facet normal -0.0194689 0 0.99981
    outer loop
      vertex 70.2126 0.61 3.64876
      vertex 70.3605 0 3.65164
      vertex 70.3605 0.61 3.65164
    endloop
  endfacet
  facet normal -0.0194689 0 0.99981
    outer loop
      vertex 70.3605 0 3.65164
      vertex 70.2126 0.61 3.64876
      vertex 70.2126 0 3.64876
    endloop
  endfacet
  facet normal -1 0 0
    outer loop
      vertex 69.0937 0 4.57642
      vertex 69.0937 0.61 8.45397
      vertex 69.0937 0.61 4.57642
    endloop
  endfacet
  facet normal -1 -0 0
    outer loop
      vertex 69.0937 0.61 8.45397
      vertex 69.0937 0 4.57642
      vertex 69.0937 0 8.45397
    endloop
  endfacet
  facet normal -0 0 1
    outer loop
      vertex 69.0937 0.61 8.45397
      vertex 69.9441 0 8.45397
      vertex 69.9441 0.61 8.45397
    endloop
  endfacet
  facet normal 0 0 1
    outer loop
      vertex 69.9441 0 8.45397
      vertex 69.0937 0.61 8.45397
      vertex 69.0937 0 8.45397
    endloop
  endfacet
  facet normal 0.0254016 0 0.999677
    outer loop
      vertex 69.9441 0.61 8.45397
      vertex 70.1027 0 8.44994
      vertex 70.1027 0.61 8.44994
    endloop
  endfacet
  facet normal 0.0254016 0 0.999677
    outer loop
      vertex 70.1027 0 8.44994
      vertex 69.9441 0.61 8.45397
      vertex 69.9441 0 8.45397
    endloop
  endfacet
  facet normal 0.0791971 0 0.996859
    outer loop
      vertex 70.1027 0.61 8.44994
      vertex 70.2545 0 8.43788
      vertex 70.2545 0.61 8.43788
    endloop
  endfacet
  facet normal 0.0791971 0 0.996859
    outer loop
      vertex 70.2545 0 8.43788
      vertex 70.1027 0.61 8.44994
      vertex 70.1027 0 8.44994
    endloop
  endfacet
  facet normal 0.137148 0 0.990551
    outer loop
      vertex 70.2545 0.61 8.43788
      vertex 70.3996 0 8.41779
      vertex 70.3996 0.61 8.41779
    endloop
  endfacet
  facet normal 0.137148 0 0.990551
    outer loop
      vertex 70.3996 0 8.41779
      vertex 70.2545 0.61 8.43788
      vertex 70.2545 0 8.43788
    endloop
  endfacet
  facet normal 0.199388 0 0.979921
    outer loop
      vertex 70.3996 0.61 8.41779
      vertex 70.5378 0 8.38967
      vertex 70.5378 0.61 8.38967
    endloop
  endfacet
  facet normal 0.199388 0 0.979921
    outer loop
      vertex 70.5378 0 8.38967
      vertex 70.3996 0.61 8.41779
      vertex 70.3996 0 8.41779
    endloop
  endfacet
  facet normal 0.265208 0 0.964191
    outer loop
      vertex 70.5378 0.61 8.38967
      vertex 70.6693 0 8.3535
      vertex 70.6693 0.61 8.3535
    endloop
  endfacet
  facet normal 0.265208 0 0.964191
    outer loop
      vertex 70.6693 0 8.3535
      vertex 70.5378 0.61 8.38967
      vertex 70.5378 0 8.38967
    endloop
  endfacet
  facet normal 0.334323 0 0.942459
    outer loop
      vertex 70.6693 0.61 8.3535
      vertex 70.7939 0 8.3093
      vertex 70.7939 0.61 8.3093
    endloop
  endfacet
  facet normal 0.334323 0 0.942459
    outer loop
      vertex 70.7939 0 8.3093
      vertex 70.6693 0.61 8.3535
      vertex 70.6693 0 8.3535
    endloop
  endfacet
  facet normal 0.405167 0 0.914243
    outer loop
      vertex 70.7939 0.61 8.3093
      vertex 70.9118 0 8.25705
      vertex 70.9118 0.61 8.25705
    endloop
  endfacet
  facet normal 0.405167 0 0.914243
    outer loop
      vertex 70.9118 0 8.25705
      vertex 70.7939 0.61 8.3093
      vertex 70.7939 0 8.3093
    endloop
  endfacet
  facet normal 0.47717 0 0.878811
    outer loop
      vertex 70.9118 0.61 8.25705
      vertex 71.0228 0 8.19678
      vertex 71.0228 0.61 8.19678
    endloop
  endfacet
  facet normal 0.47717 0 0.878811
    outer loop
      vertex 71.0228 0 8.19678
      vertex 70.9118 0.61 8.25705
      vertex 70.9118 0 8.25705
    endloop
  endfacet
  facet normal 0.547889 0 0.836551
    outer loop
      vertex 71.0228 0.61 8.19678
      vertex 71.1271 0 8.12847
      vertex 71.1271 0.61 8.12847
    endloop
  endfacet
  facet normal 0.547889 0 0.836551
    outer loop
      vertex 71.1271 0 8.12847
      vertex 71.0228 0.61 8.19678
      vertex 71.0228 0 8.19678
    endloop
  endfacet
  facet normal 0.616587 0 0.787287
    outer loop
      vertex 71.1271 0.61 8.12847
      vertex 71.2246 0 8.05211
      vertex 71.2246 0.61 8.05211
    endloop
  endfacet
  facet normal 0.616587 0 0.787287
    outer loop
      vertex 71.2246 0 8.05211
      vertex 71.1271 0.61 8.12847
      vertex 71.1271 0 8.12847
    endloop
  endfacet
  facet normal 0.681181 0 0.732115
    outer loop
      vertex 71.2246 0.61 8.05211
      vertex 71.3153 0 7.96772
      vertex 71.3153 0.61 7.96772
    endloop
  endfacet
  facet normal 0.681181 0 0.732115
    outer loop
      vertex 71.3153 0 7.96772
      vertex 71.2246 0.61 8.05211
      vertex 71.2246 0 8.05211
    endloop
  endfacet
  facet normal 0.74136 -0 0.671107
    outer loop
      vertex 71.3153 0 7.96772
      vertex 71.3986 0.61 7.8757
      vertex 71.3153 0.61 7.96772
    endloop
  endfacet
  facet normal 0.74136 0 0.671107
    outer loop
      vertex 71.3986 0.61 7.8757
      vertex 71.3153 0 7.96772
      vertex 71.3986 0 7.8757
    endloop
  endfacet
  facet normal 0.796278 -0 0.604931
    outer loop
      vertex 71.3986 0 7.8757
      vertex 71.474 0.61 7.77645
      vertex 71.3986 0.61 7.8757
    endloop
  endfacet
  facet normal 0.796278 0 0.604931
    outer loop
      vertex 71.474 0.61 7.77645
      vertex 71.3986 0 7.8757
      vertex 71.474 0 7.77645
    endloop
  endfacet
  facet normal 0.844594 -0 0.535407
    outer loop
      vertex 71.474 0 7.77645
      vertex 71.5415 0.61 7.66997
      vertex 71.474 0.61 7.77645
    endloop
  endfacet
  facet normal 0.844594 0 0.535407
    outer loop
      vertex 71.5415 0.61 7.66997
      vertex 71.474 0 7.77645
      vertex 71.5415 0 7.66997
    endloop
  endfacet
  facet normal 0.886031 -0 0.463626
    outer loop
      vertex 71.5415 0 7.66997
      vertex 71.601 0.61 7.55626
      vertex 71.5415 0.61 7.66997
    endloop
  endfacet
  facet normal 0.886031 0 0.463626
    outer loop
      vertex 71.601 0.61 7.55626
      vertex 71.5415 0 7.66997
      vertex 71.601 0 7.55626
    endloop
  endfacet
  facet normal 0.919781 -0 0.392432
    outer loop
      vertex 71.601 0 7.55626
      vertex 71.6526 0.61 7.43532
      vertex 71.601 0.61 7.55626
    endloop
  endfacet
  facet normal 0.919781 0 0.392432
    outer loop
      vertex 71.6526 0.61 7.43532
      vertex 71.601 0 7.55626
      vertex 71.6526 0 7.43532
    endloop
  endfacet
  facet normal 0.946715 -0 0.322072
    outer loop
      vertex 71.6526 0 7.43532
      vertex 71.6962 0.61 7.30716
      vertex 71.6526 0.61 7.43532
    endloop
  endfacet
  facet normal 0.946715 0 0.322072
    outer loop
      vertex 71.6962 0.61 7.30716
      vertex 71.6526 0 7.43532
      vertex 71.6962 0 7.30716
    endloop
  endfacet
  facet normal 0.96695 -0 0.254968
    outer loop
      vertex 71.6962 0 7.30716
      vertex 71.7319 0.61 7.17177
      vertex 71.6962 0.61 7.30716
    endloop
  endfacet
  facet normal 0.96695 0 0.254968
    outer loop
      vertex 71.7319 0.61 7.17177
      vertex 71.6962 0 7.30716
      vertex 71.7319 0 7.17177
    endloop
  endfacet
  facet normal 0.981527 -0 0.191323
    outer loop
      vertex 71.7319 0 7.17177
      vertex 71.7597 0.61 7.02915
      vertex 71.7319 0.61 7.17177
    endloop
  endfacet
  facet normal 0.981527 0 0.191323
    outer loop
      vertex 71.7597 0.61 7.02915
      vertex 71.7319 0 7.17177
      vertex 71.7597 0 7.02915
    endloop
  endfacet
  facet normal 0.991384 -0 0.130985
    outer loop
      vertex 71.7597 0 7.02915
      vertex 71.7795 0.61 6.87929
      vertex 71.7597 0.61 7.02915
    endloop
  endfacet
  facet normal 0.991384 0 0.130985
    outer loop
      vertex 71.7795 0.61 6.87929
      vertex 71.7597 0 7.02915
      vertex 71.7795 0 6.87929
    endloop
  endfacet
  facet normal 0.997142 -0 0.0755459
    outer loop
      vertex 71.7795 0 6.87929
      vertex 71.7914 0.61 6.72222
      vertex 71.7795 0.61 6.87929
    endloop
  endfacet
  facet normal 0.997142 0 0.0755459
    outer loop
      vertex 71.7914 0.61 6.72222
      vertex 71.7795 0 6.87929
      vertex 71.7914 0 6.72222
    endloop
  endfacet
  facet normal 0.999704 -0 0.0243341
    outer loop
      vertex 71.7914 0 6.72222
      vertex 71.7954 0.61 6.55789
      vertex 71.7914 0.61 6.72222
    endloop
  endfacet
  facet normal 0.999704 0 0.0243341
    outer loop
      vertex 71.7954 0.61 6.55789
      vertex 71.7914 0 6.72222
      vertex 71.7954 0 6.55789
    endloop
  endfacet
  facet normal 0.999729 0 -0.0232695
    outer loop
      vertex 71.7954 0 6.55789
      vertex 71.7916 0.61 6.39463
      vertex 71.7954 0.61 6.55789
    endloop
  endfacet
  facet normal 0.999729 0 -0.0232695
    outer loop
      vertex 71.7916 0.61 6.39463
      vertex 71.7954 0 6.55789
      vertex 71.7916 0 6.39463
    endloop
  endfacet
  facet normal 0.997419 0 -0.0718025
    outer loop
      vertex 71.7916 0 6.39463
      vertex 71.7803 0.61 6.23766
      vertex 71.7916 0.61 6.39463
    endloop
  endfacet
  facet normal 0.997419 0 -0.0718025
    outer loop
      vertex 71.7803 0.61 6.23766
      vertex 71.7916 0 6.39463
      vertex 71.7803 0 6.23766
    endloop
  endfacet
  facet normal 0.992303 0 -0.123832
    outer loop
      vertex 71.7803 0 6.23766
      vertex 71.7615 0.61 6.08701
      vertex 71.7803 0.61 6.23766
    endloop
  endfacet
  facet normal 0.992303 0 -0.123832
    outer loop
      vertex 71.7615 0.61 6.08701
      vertex 71.7803 0 6.23766
      vertex 71.7615 0 6.08701
    endloop
  endfacet
  facet normal 0.983677 0 -0.179941
    outer loop
      vertex 71.7615 0 6.08701
      vertex 71.7351 0.61 5.94269
      vertex 71.7615 0.61 6.08701
    endloop
  endfacet
  facet normal 0.983677 0 -0.179941
    outer loop
      vertex 71.7351 0.61 5.94269
      vertex 71.7615 0 6.08701
      vertex 71.7351 0 5.94269
    endloop
  endfacet
  facet normal 0.971132 0 -0.238543
    outer loop
      vertex 71.7351 0 5.94269
      vertex 71.7012 0.61 5.80468
      vertex 71.7351 0.61 5.94269
    endloop
  endfacet
  facet normal 0.971132 0 -0.238543
    outer loop
      vertex 71.7012 0.61 5.80468
      vertex 71.7351 0 5.94269
      vertex 71.7012 0 5.80468
    endloop
  endfacet
  facet normal 0.953969 0 -0.299904
    outer loop
      vertex 71.7012 0 5.80468
      vertex 71.6598 0.61 5.67299
      vertex 71.7012 0.61 5.80468
    endloop
  endfacet
  facet normal 0.953969 0 -0.299904
    outer loop
      vertex 71.6598 0.61 5.67299
      vertex 71.7012 0 5.80468
      vertex 71.6598 0 5.67299
    endloop
  endfacet
  facet normal 0.931621 0 -0.363432
    outer loop
      vertex 71.6598 0 5.67299
      vertex 71.6109 0.61 5.54764
      vertex 71.6598 0.61 5.67299
    endloop
  endfacet
  facet normal 0.931621 0 -0.363432
    outer loop
      vertex 71.6109 0.61 5.54764
      vertex 71.6598 0 5.67299
      vertex 71.6109 0 5.54764
    endloop
  endfacet
  facet normal 0.903421 0 -0.428755
    outer loop
      vertex 71.6109 0 5.54764
      vertex 71.5544 0.61 5.42859
      vertex 71.6109 0.61 5.54764
    endloop
  endfacet
  facet normal 0.903421 0 -0.428755
    outer loop
      vertex 71.5544 0.61 5.42859
      vertex 71.6109 0 5.54764
      vertex 71.5544 0 5.42859
    endloop
  endfacet
  facet normal 0.869257 0 -0.494361
    outer loop
      vertex 71.5544 0 5.42859
      vertex 71.4903 0.61 5.31588
      vertex 71.5544 0.61 5.42859
    endloop
  endfacet
  facet normal 0.869257 0 -0.494361
    outer loop
      vertex 71.4903 0.61 5.31588
      vertex 71.5544 0 5.42859
      vertex 71.4903 0 5.31588
    endloop
  endfacet
  facet normal 0.830004 0 -0.557757
    outer loop
      vertex 71.4903 0 5.31588
      vertex 71.4188 0.61 5.20948
      vertex 71.4903 0.61 5.31588
    endloop
  endfacet
  facet normal 0.830004 0 -0.557757
    outer loop
      vertex 71.4188 0.61 5.20948
      vertex 71.4903 0 5.31588
      vertex 71.4188 0 5.20948
    endloop
  endfacet
  facet normal 0.784572 0 -0.620038
    outer loop
      vertex 71.4188 0 5.20948
      vertex 71.3397 0.61 5.10939
      vertex 71.4188 0.61 5.20948
    endloop
  endfacet
  facet normal 0.784572 0 -0.620038
    outer loop
      vertex 71.3397 0.61 5.10939
      vertex 71.4188 0 5.20948
      vertex 71.3397 0 5.10939
    endloop
  endfacet
  facet normal 0.734347 0 -0.678775
    outer loop
      vertex 71.3397 0 5.10939
      vertex 71.2542 0.61 5.01689
      vertex 71.3397 0.61 5.10939
    endloop
  endfacet
  facet normal 0.734347 0 -0.678775
    outer loop
      vertex 71.2542 0.61 5.01689
      vertex 71.3397 0 5.10939
      vertex 71.2542 0 5.01689
    endloop
  endfacet
  facet normal 0.678135 0 -0.734937
    outer loop
      vertex 71.1635 0 4.9332
      vertex 71.2542 0.61 5.01689
      vertex 71.2542 0 5.01689
    endloop
  endfacet
  facet normal 0.678135 0 -0.734937
    outer loop
      vertex 71.2542 0.61 5.01689
      vertex 71.1635 0 4.9332
      vertex 71.1635 0.61 4.9332
    endloop
  endfacet
  facet normal 0.614981 0 -0.788542
    outer loop
      vertex 71.0675 0 4.85833
      vertex 71.1635 0.61 4.9332
      vertex 71.1635 0 4.9332
    endloop
  endfacet
  facet normal 0.614981 0 -0.788542
    outer loop
      vertex 71.1635 0.61 4.9332
      vertex 71.0675 0 4.85833
      vertex 71.0675 0.61 4.85833
    endloop
  endfacet
  facet normal 0.546732 0 -0.837308
    outer loop
      vertex 70.9663 0 4.79225
      vertex 71.0675 0.61 4.85833
      vertex 71.0675 0 4.85833
    endloop
  endfacet
  facet normal 0.546732 0 -0.837308
    outer loop
      vertex 71.0675 0.61 4.85833
      vertex 70.9663 0 4.79225
      vertex 70.9663 0.61 4.79225
    endloop
  endfacet
  facet normal 0.473547 0 -0.880768
    outer loop
      vertex 70.8598 0 4.73499
      vertex 70.9663 0.61 4.79225
      vertex 70.9663 0 4.79225
    endloop
  endfacet
  facet normal 0.473547 0 -0.880768
    outer loop
      vertex 70.9663 0.61 4.79225
      vertex 70.8598 0 4.73499
      vertex 70.8598 0.61 4.73499
    endloop
  endfacet
  facet normal 0.39793 0 -0.917416
    outer loop
      vertex 70.7481 0 4.68654
      vertex 70.8598 0.61 4.73499
      vertex 70.8598 0 4.73499
    endloop
  endfacet
  facet normal 0.39793 0 -0.917416
    outer loop
      vertex 70.8598 0.61 4.73499
      vertex 70.7481 0 4.68654
      vertex 70.7481 0.61 4.68654
    endloop
  endfacet
  facet normal 0.321133 0 -0.947034
    outer loop
      vertex 70.6312 0 4.6469
      vertex 70.7481 0.61 4.68654
      vertex 70.7481 0 4.68654
    endloop
  endfacet
  facet normal 0.321133 0 -0.947034
    outer loop
      vertex 70.7481 0.61 4.68654
      vertex 70.6312 0 4.6469
      vertex 70.6312 0.61 4.6469
    endloop
  endfacet
  facet normal 0.244701 0 -0.969599
    outer loop
      vertex 70.509 0 4.61606
      vertex 70.6312 0.61 4.6469
      vertex 70.6312 0 4.6469
    endloop
  endfacet
  facet normal 0.244701 0 -0.969599
    outer loop
      vertex 70.6312 0.61 4.6469
      vertex 70.509 0 4.61606
      vertex 70.509 0.61 4.61606
    endloop
  endfacet
  facet normal 0.170186 0 -0.985412
    outer loop
      vertex 70.3815 0 4.59404
      vertex 70.509 0.61 4.61606
      vertex 70.509 0 4.61606
    endloop
  endfacet
  facet normal 0.170186 0 -0.985412
    outer loop
      vertex 70.509 0.61 4.61606
      vertex 70.3815 0 4.59404
      vertex 70.3815 0.61 4.59404
    endloop
  endfacet
  facet normal 0.0990582 0 -0.995082
    outer loop
      vertex 70.2488 0 4.58083
      vertex 70.3815 0.61 4.59404
      vertex 70.3815 0 4.59404
    endloop
  endfacet
  facet normal 0.0990582 0 -0.995082
    outer loop
      vertex 70.3815 0.61 4.59404
      vertex 70.2488 0 4.58083
      vertex 70.2488 0.61 4.58083
    endloop
  endfacet
  facet normal 0.0319634 0 -0.999489
    outer loop
      vertex 70.1109 0 4.57642
      vertex 70.2488 0.61 4.58083
      vertex 70.2488 0 4.58083
    endloop
  endfacet
  facet normal 0.0319634 0 -0.999489
    outer loop
      vertex 70.2488 0.61 4.58083
      vertex 70.1109 0 4.57642
      vertex 70.1109 0.61 4.57642
    endloop
  endfacet
  facet normal 0 0 -1
    outer loop
      vertex 69.0937 0 4.57642
      vertex 70.1109 0.61 4.57642
      vertex 70.1109 0 4.57642
    endloop
  endfacet
  facet normal -0 0 -1
    outer loop
      vertex 70.1109 0.61 4.57642
      vertex 69.0937 0 4.57642
      vertex 69.0937 0.61 4.57642
    endloop
  endfacet
  facet normal 0 0 -1
    outer loop
      vertex 73.7704 0 9.38163
      vertex 74.9707 0.61 9.38163
      vertex 74.9707 0 9.38163
    endloop
  endfacet
  facet normal -0 0 -1
    outer loop
      vertex 74.9707 0.61 9.38163
      vertex 73.7704 0 9.38163
      vertex 73.7704 0.61 9.38163
    endloop
  endfacet
  facet normal 1 -0 0
    outer loop
      vertex 73.7704 0 9.38163
      vertex 73.7704 0.61 3.64876
      vertex 73.7704 0.61 9.38163
    endloop
  endfacet
  facet normal 1 0 0
    outer loop
      vertex 73.7704 0.61 3.64876
      vertex 73.7704 0 9.38163
      vertex 73.7704 0 3.64876
    endloop
  endfacet
  facet normal -0 0 1
    outer loop
      vertex 73.7704 0.61 3.64876
      vertex 74.9707 0 3.64876
      vertex 74.9707 0.61 3.64876
    endloop
  endfacet
  facet normal 0 0 1
    outer loop
      vertex 74.9707 0 3.64876
      vertex 73.7704 0.61 3.64876
      vertex 73.7704 0 3.64876
    endloop
  endfacet
  facet normal -1 0 0
    outer loop
      vertex 74.9707 0 3.64876
      vertex 74.9707 0.61 9.38163
      vertex 74.9707 0.61 3.64876
    endloop
  endfacet
  facet normal -1 -0 0
    outer loop
      vertex 74.9707 0.61 9.38163
      vertex 74.9707 0 3.64876
      vertex 74.9707 0 9.38163
    endloop
  endfacet
  facet normal -0 0 1
    outer loop
      vertex 77.2318 0.61 5.66686
      vertex 78.6558 0 5.66686
      vertex 78.6558 0.61 5.66686
    endloop
  endfacet
  facet normal 0 0 1
    outer loop
      vertex 78.6558 0 5.66686
      vertex 77.2318 0.61 5.66686
      vertex 77.2318 0 5.66686
    endloop
  endfacet
  facet normal -0.0169511 0 0.999856
    outer loop
      vertex 78.6558 0.61 5.66686
      vertex 78.772 0 5.66883
      vertex 78.772 0.61 5.66883
    endloop
  endfacet
  facet normal -0.0169511 0 0.999856
    outer loop
      vertex 78.772 0 5.66883
      vertex 78.6558 0.61 5.66686
      vertex 78.6558 0 5.66686
    endloop
  endfacet
  facet normal -0.0520495 0 0.998645
    outer loop
      vertex 78.772 0.61 5.66883
      vertex 78.8852 0 5.67473
      vertex 78.8852 0.61 5.67473
    endloop
  endfacet
  facet normal -0.0520495 0 0.998645
    outer loop
      vertex 78.8852 0 5.67473
      vertex 78.772 0.61 5.66883
      vertex 78.772 0 5.66883
    endloop
  endfacet
  facet normal -0.0887688 0 0.996052
    outer loop
      vertex 78.8852 0.61 5.67473
      vertex 78.9955 0 5.68456
      vertex 78.9955 0.61 5.68456
    endloop
  endfacet
  facet normal -0.0887688 0 0.996052
    outer loop
      vertex 78.9955 0 5.68456
      vertex 78.8852 0.61 5.67473
      vertex 78.8852 0 5.67473
    endloop
  endfacet
  facet normal -0.127262 0 0.991869
    outer loop
      vertex 78.9955 0.61 5.68456
      vertex 79.1029 0 5.69834
      vertex 79.1029 0.61 5.69834
    endloop
  endfacet
  facet normal -0.127262 0 0.991869
    outer loop
      vertex 79.1029 0 5.69834
      vertex 78.9955 0.61 5.68456
      vertex 78.9955 0 5.68456
    endloop
  endfacet
  facet normal -0.166999 0 0.985957
    outer loop
      vertex 79.1029 0.61 5.69834
      vertex 79.2074 0 5.71604
      vertex 79.2074 0.61 5.71604
    endloop
  endfacet
  facet normal -0.166999 0 0.985957
    outer loop
      vertex 79.2074 0 5.71604
      vertex 79.1029 0.61 5.69834
      vertex 79.1029 0 5.69834
    endloop
  endfacet
  facet normal -0.208423 0 0.978039
    outer loop
      vertex 79.2074 0.61 5.71604
      vertex 79.3089 0 5.73767
      vertex 79.3089 0.61 5.73767
    endloop
  endfacet
  facet normal -0.208423 0 0.978039
    outer loop
      vertex 79.3089 0 5.73767
      vertex 79.2074 0.61 5.71604
      vertex 79.2074 0 5.71604
    endloop
  endfacet
  facet normal -0.251119 0 0.967956
    outer loop
      vertex 79.3089 0.61 5.73767
      vertex 79.4075 0 5.76325
      vertex 79.4075 0.61 5.76325
    endloop
  endfacet
  facet normal -0.251119 0 0.967956
    outer loop
      vertex 79.4075 0 5.76325
      vertex 79.3089 0.61 5.73767
      vertex 79.3089 0 5.73767
    endloop
  endfacet
  facet normal -0.294668 0 0.9556
    outer loop
      vertex 79.4075 0.61 5.76325
      vertex 79.5032 0 5.79276
      vertex 79.5032 0.61 5.79276
    endloop
  endfacet
  facet normal -0.294668 0 0.9556
    outer loop
      vertex 79.5032 0 5.79276
      vertex 79.4075 0.61 5.76325
      vertex 79.4075 0 5.76325
    endloop
  endfacet
  facet normal -0.338917 0 0.940816
    outer loop
      vertex 79.5032 0.61 5.79276
      vertex 79.596 0 5.82619
      vertex 79.596 0.61 5.82619
    endloop
  endfacet
  facet normal -0.338917 0 0.940816
    outer loop
      vertex 79.596 0 5.82619
      vertex 79.5032 0.61 5.79276
      vertex 79.5032 0 5.79276
    endloop
  endfacet
  facet normal -0.384294 0 0.923211
    outer loop
      vertex 79.596 0.61 5.82619
      vertex 79.6858 0 5.86357
      vertex 79.6858 0.61 5.86357
    endloop
  endfacet
  facet normal -0.384294 0 0.923211
    outer loop
      vertex 79.6858 0 5.86357
      vertex 79.596 0.61 5.82619
      vertex 79.596 0 5.82619
    endloop
  endfacet
  facet normal -0.429332 0 0.903147
    outer loop
      vertex 79.6858 0.61 5.86357
      vertex 79.7727 0 5.90488
      vertex 79.7727 0.61 5.90488
    endloop
  endfacet
  facet normal -0.429332 0 0.903147
    outer loop
      vertex 79.7727 0 5.90488
      vertex 79.6858 0.61 5.86357
      vertex 79.6858 0 5.86357
    endloop
  endfacet
  facet normal -0.473239 0 0.880934
    outer loop
      vertex 79.7727 0.61 5.90488
      vertex 79.8563 0 5.94979
      vertex 79.8563 0.61 5.94979
    endloop
  endfacet
  facet normal -0.473239 0 0.880934
    outer loop
      vertex 79.8563 0 5.94979
      vertex 79.7727 0.61 5.90488
      vertex 79.7727 0 5.90488
    endloop
  endfacet
  facet normal -0.515361 0 0.856973
    outer loop
      vertex 79.8563 0.61 5.94979
      vertex 79.9364 0 5.99796
      vertex 79.9364 0.61 5.99796
    endloop
  endfacet
  facet normal -0.515361 0 0.856973
    outer loop
      vertex 79.9364 0 5.99796
      vertex 79.8563 0.61 5.94979
      vertex 79.8563 0 5.94979
    endloop
  endfacet
  facet normal -0.558353 0 0.829603
    outer loop
      vertex 79.9364 0.61 5.99796
      vertex 80.0128 0 6.04938
      vertex 80.0128 0.61 6.04938
    endloop
  endfacet
  facet normal -0.558353 0 0.829603
    outer loop
      vertex 80.0128 0 6.04938
      vertex 79.9364 0.61 5.99796
      vertex 79.9364 0 5.99796
    endloop
  endfacet
  facet normal -0.600703 0 0.799473
    outer loop
      vertex 80.0128 0.61 6.04938
      vertex 80.0856 0 6.10408
      vertex 80.0856 0.61 6.10408
    endloop
  endfacet
  facet normal -0.600703 0 0.799473
    outer loop
      vertex 80.0856 0 6.10408
      vertex 80.0128 0.61 6.04938
      vertex 80.0128 0 6.04938
    endloop
  endfacet
  facet normal -0.641555 0 0.767077
    outer loop
      vertex 80.0856 0.61 6.10408
      vertex 80.1549 0 6.16204
      vertex 80.1549 0.61 6.16204
    endloop
  endfacet
  facet normal -0.641555 0 0.767077
    outer loop
      vertex 80.1549 0 6.16204
      vertex 80.0856 0.61 6.10408
      vertex 80.0856 0 6.10408
    endloop
  endfacet
  facet normal -0.681663 0 0.731666
    outer loop
      vertex 80.1549 0.61 6.16204
      vertex 80.2206 0 6.22325
      vertex 80.2206 0.61 6.22325
    endloop
  endfacet
  facet normal -0.681663 0 0.731666
    outer loop
      vertex 80.2206 0 6.22325
      vertex 80.1549 0.61 6.16204
      vertex 80.1549 0 6.16204
    endloop
  endfacet
  facet normal -0.720779 0 0.693165
    outer loop
      vertex 80.2206 0 6.22325
      vertex 80.2826 0.61 6.28772
      vertex 80.2206 0.61 6.22325
    endloop
  endfacet
  facet normal -0.720779 0 0.693165
    outer loop
      vertex 80.2826 0.61 6.28772
      vertex 80.2206 0 6.22325
      vertex 80.2826 0 6.28772
    endloop
  endfacet
  facet normal -0.756886 0 0.653547
    outer loop
      vertex 80.2826 0 6.28772
      vertex 80.3411 0.61 6.35547
      vertex 80.2826 0.61 6.28772
    endloop
  endfacet
  facet normal -0.756886 0 0.653547
    outer loop
      vertex 80.3411 0.61 6.35547
      vertex 80.2826 0 6.28772
      vertex 80.3411 0 6.35547
    endloop
  endfacet
  facet normal -0.791628 0 0.611003
    outer loop
      vertex 80.3411 0 6.35547
      vertex 80.3959 0.61 6.42647
      vertex 80.3411 0.61 6.35547
    endloop
  endfacet
  facet normal -0.791628 0 0.611003
    outer loop
      vertex 80.3959 0.61 6.42647
      vertex 80.3411 0 6.35547
      vertex 80.3959 0 6.42647
    endloop
  endfacet
  facet normal -0.82273 0 0.568432
    outer loop
      vertex 80.3959 0 6.42647
      vertex 80.4472 0.61 6.50072
      vertex 80.3959 0.61 6.42647
    endloop
  endfacet
  facet normal -0.82273 0 0.568432
    outer loop
      vertex 80.4472 0.61 6.50072
      vertex 80.3959 0 6.42647
      vertex 80.4472 0 6.50072
    endloop
  endfacet
  facet normal -0.852141 0 0.523312
    outer loop
      vertex 80.4472 0 6.50072
      vertex 80.4948 0.61 6.57823
      vertex 80.4472 0.61 6.50072
    endloop
  endfacet
  facet normal -0.852141 0 0.523312
    outer loop
      vertex 80.4948 0.61 6.57823
      vertex 80.4472 0 6.50072
      vertex 80.4948 0 6.57823
    endloop
  endfacet
  facet normal -0.877494 0 0.479588
    outer loop
      vertex 80.4948 0 6.57823
      vertex 80.5386 0.61 6.65837
      vertex 80.4948 0.61 6.57823
    endloop
  endfacet
  facet normal -0.877494 0 0.479588
    outer loop
      vertex 80.5386 0.61 6.65837
      vertex 80.4948 0 6.57823
      vertex 80.5386 0 6.65837
    endloop
  endfacet
  facet normal -0.900658 0 0.434528
    outer loop
      vertex 80.5386 0 6.65837
      vertex 80.5782 0.61 6.74045
      vertex 80.5386 0.61 6.65837
    endloop
  endfacet
  facet normal -0.900658 0 0.434528
    outer loop
      vertex 80.5782 0.61 6.74045
      vertex 80.5386 0 6.65837
      vertex 80.5782 0 6.74045
    endloop
  endfacet
  facet normal -0.921168 0 0.389164
    outer loop
      vertex 80.5782 0 6.74045
      vertex 80.6137 0.61 6.82448
      vertex 80.5782 0.61 6.74045
    endloop
  endfacet
  facet normal -0.921168 0 0.389164
    outer loop
      vertex 80.6137 0.61 6.82448
      vertex 80.5782 0 6.74045
      vertex 80.6137 0 6.82448
    endloop
  endfacet
  facet normal -0.939672 0 0.342076
    outer loop
      vertex 80.6137 0 6.82448
      vertex 80.645 0.61 6.91046
      vertex 80.6137 0.61 6.82448
    endloop
  endfacet
  facet normal -0.939672 0 0.342076
    outer loop
      vertex 80.645 0.61 6.91046
      vertex 80.6137 0 6.82448
      vertex 80.645 0 6.91046
    endloop
  endfacet
  facet normal -0.955652 0 0.294498
    outer loop
      vertex 80.645 0 6.91046
      vertex 80.6721 0.61 6.9984
      vertex 80.645 0.61 6.91046
    endloop
  endfacet
  facet normal -0.955652 0 0.294498
    outer loop
      vertex 80.6721 0.61 6.9984
      vertex 80.645 0 6.91046
      vertex 80.6721 0 6.9984
    endloop
  endfacet
  facet normal -0.969035 0 0.246922
    outer loop
      vertex 80.6721 0 6.9984
      vertex 80.695 0.61 7.08827
      vertex 80.6721 0.61 6.9984
    endloop
  endfacet
  facet normal -0.969035 0 0.246922
    outer loop
      vertex 80.695 0.61 7.08827
      vertex 80.6721 0 6.9984
      vertex 80.695 0 7.08827
    endloop
  endfacet
  facet normal -0.97968 0 0.200566
    outer loop
      vertex 80.695 0 7.08827
      vertex 80.7138 0.61 7.1801
      vertex 80.695 0.61 7.08827
    endloop
  endfacet
  facet normal -0.97968 0 0.200566
    outer loop
      vertex 80.7138 0.61 7.1801
      vertex 80.695 0 7.08827
      vertex 80.7138 0 7.1801
    endloop
  endfacet
  facet normal -0.988097 0 0.15383
    outer loop
      vertex 80.7138 0 7.1801
      vertex 80.7284 0.61 7.27388
      vertex 80.7138 0.61 7.1801
    endloop
  endfacet
  facet normal -0.988097 0 0.15383
    outer loop
      vertex 80.7284 0.61 7.27388
      vertex 80.7138 0 7.1801
      vertex 80.7284 0 7.27388
    endloop
  endfacet
  facet normal -0.994152 0 0.107992
    outer loop
      vertex 80.7284 0 7.27388
      vertex 80.7388 0.61 7.36962
      vertex 80.7284 0.61 7.27388
    endloop
  endfacet
  facet normal -0.994152 0 0.107992
    outer loop
      vertex 80.7388 0.61 7.36962
      vertex 80.7284 0 7.27388
      vertex 80.7388 0 7.36962
    endloop
  endfacet
  facet normal -0.997926 0 0.0643691
    outer loop
      vertex 80.7388 0 7.36962
      vertex 80.7451 0.61 7.46729
      vertex 80.7388 0.61 7.36962
    endloop
  endfacet
  facet normal -0.997926 0 0.0643691
    outer loop
      vertex 80.7451 0.61 7.46729
      vertex 80.7388 0 7.36962
      vertex 80.7451 0 7.46729
    endloop
  endfacet
  facet normal -0.999799 0 0.0200682
    outer loop
      vertex 80.7451 0 7.46729
      vertex 80.7471 0.61 7.56693
      vertex 80.7451 0.61 7.46729
    endloop
  endfacet
  facet normal -0.999799 0 0.0200682
    outer loop
      vertex 80.7471 0.61 7.56693
      vertex 80.7451 0 7.46729
      vertex 80.7471 0 7.56693
    endloop
  endfacet
  facet normal -0.999556 0 -0.029793
    outer loop
      vertex 80.7471 0 7.56693
      vertex 80.7425 0.61 7.72126
      vertex 80.7471 0.61 7.56693
    endloop
  endfacet
  facet normal -0.999556 -0 -0.029793
    outer loop
      vertex 80.7425 0.61 7.72126
      vertex 80.7471 0 7.56693
      vertex 80.7425 0 7.72126
    endloop
  endfacet
  facet normal -0.995734 0 -0.0922724
    outer loop
      vertex 80.7425 0 7.72126
      vertex 80.7288 0.61 7.8691
      vertex 80.7425 0.61 7.72126
    endloop
  endfacet
  facet normal -0.995734 -0 -0.0922724
    outer loop
      vertex 80.7288 0.61 7.8691
      vertex 80.7425 0 7.72126
      vertex 80.7288 0 7.8691
    endloop
  endfacet
  facet normal -0.987021 0 -0.160593
    outer loop
      vertex 80.7288 0 7.8691
      vertex 80.7058 0.61 8.01046
      vertex 80.7288 0.61 7.8691
    endloop
  endfacet
  facet normal -0.987021 -0 -0.160593
    outer loop
      vertex 80.7058 0.61 8.01046
      vertex 80.7288 0 7.8691
      vertex 80.7058 0 8.01046
    endloop
  endfacet
  facet normal -0.972826 0 -0.231539
    outer loop
      vertex 80.7058 0 8.01046
      vertex 80.6737 0.61 8.14533
      vertex 80.7058 0.61 8.01046
    endloop
  endfacet
  facet normal -0.972826 -0 -0.231539
    outer loop
      vertex 80.6737 0.61 8.14533
      vertex 80.7058 0 8.01046
      vertex 80.6737 0 8.14533
    endloop
  endfacet
  facet normal -0.951946 0 -0.306266
    outer loop
      vertex 80.6737 0 8.14533
      vertex 80.6324 0.61 8.2737
      vertex 80.6737 0.61 8.14533
    endloop
  endfacet
  facet normal -0.951946 -0 -0.306266
    outer loop
      vertex 80.6324 0.61 8.2737
      vertex 80.6737 0 8.14533
      vertex 80.6324 0 8.2737
    endloop
  endfacet
  facet normal -0.923826 0 -0.382811
    outer loop
      vertex 80.6324 0 8.2737
      vertex 80.5819 0.61 8.39557
      vertex 80.6324 0.61 8.2737
    endloop
  endfacet
  facet normal -0.923826 -0 -0.382811
    outer loop
      vertex 80.5819 0.61 8.39557
      vertex 80.6324 0 8.2737
      vertex 80.5819 0 8.39557
    endloop
  endfacet
  facet normal -0.888185 0 -0.459486
    outer loop
      vertex 80.5819 0 8.39557
      vertex 80.5222 0.61 8.51097
      vertex 80.5819 0.61 8.39557
    endloop
  endfacet
  facet normal -0.888185 -0 -0.459486
    outer loop
      vertex 80.5222 0.61 8.51097
      vertex 80.5819 0 8.39557
      vertex 80.5222 0 8.51097
    endloop
  endfacet
  facet normal -0.845393 0 -0.534145
    outer loop
      vertex 80.5222 0 8.51097
      vertex 80.4534 0.61 8.61986
      vertex 80.5222 0.61 8.51097
    endloop
  endfacet
  facet normal -0.845393 -0 -0.534145
    outer loop
      vertex 80.4534 0.61 8.61986
      vertex 80.5222 0 8.51097
      vertex 80.4534 0 8.61986
    endloop
  endfacet
  facet normal -0.795186 0 -0.606366
    outer loop
      vertex 80.4534 0 8.61986
      vertex 80.3753 0.61 8.72228
      vertex 80.4534 0.61 8.61986
    endloop
  endfacet
  facet normal -0.795186 -0 -0.606366
    outer loop
      vertex 80.3753 0.61 8.72228
      vertex 80.4534 0 8.61986
      vertex 80.3753 0 8.72228
    endloop
  endfacet
  facet normal -0.739905 0 -0.672711
    outer loop
      vertex 80.3753 0 8.72228
      vertex 80.2881 0.61 8.81819
      vertex 80.3753 0.61 8.72228
    endloop
  endfacet
  facet normal -0.739905 -0 -0.672711
    outer loop
      vertex 80.2881 0.61 8.81819
      vertex 80.3753 0 8.72228
      vertex 80.2881 0 8.81819
    endloop
  endfacet
  facet normal -0.680148 0 -0.733075
    outer loop
      vertex 80.1917 0 8.90763
      vertex 80.2881 0.61 8.81819
      vertex 80.2881 0 8.81819
    endloop
  endfacet
  facet normal -0.680148 0 -0.733075
    outer loop
      vertex 80.2881 0.61 8.81819
      vertex 80.1917 0 8.90763
      vertex 80.1917 0.61 8.90763
    endloop
  endfacet
  facet normal -0.617073 0 -0.786906
    outer loop
      vertex 80.0868 0 8.98989
      vertex 80.1917 0.61 8.90763
      vertex 80.1917 0 8.90763
    endloop
  endfacet
  facet normal -0.617073 0 -0.786906
    outer loop
      vertex 80.1917 0.61 8.90763
      vertex 80.0868 0 8.98989
      vertex 80.0868 0.61 8.98989
    endloop
  endfacet
  facet normal -0.55109 0 -0.834446
    outer loop
      vertex 79.9741 0 9.06432
      vertex 80.0868 0.61 8.98989
      vertex 80.0868 0 8.98989
    endloop
  endfacet
  facet normal -0.55109 0 -0.834446
    outer loop
      vertex 80.0868 0.61 8.98989
      vertex 79.9741 0 9.06432
      vertex 79.9741 0.61 9.06432
    endloop
  endfacet
  facet normal -0.483367 0 -0.875418
    outer loop
      vertex 79.8535 0 9.13091
      vertex 79.9741 0.61 9.06432
      vertex 79.9741 0 9.06432
    endloop
  endfacet
  facet normal -0.483367 0 -0.875418
    outer loop
      vertex 79.9741 0.61 9.06432
      vertex 79.8535 0 9.13091
      vertex 79.8535 0.61 9.13091
    endloop
  endfacet
  facet normal -0.416396 0 -0.909183
    outer loop
      vertex 79.7252 0 9.18967
      vertex 79.8535 0.61 9.13091
      vertex 79.8535 0 9.13091
    endloop
  endfacet
  facet normal -0.416396 0 -0.909183
    outer loop
      vertex 79.8535 0.61 9.13091
      vertex 79.7252 0 9.18967
      vertex 79.7252 0.61 9.18967
    endloop
  endfacet
  facet normal -0.350024 0 -0.936741
    outer loop
      vertex 79.5889 0 9.2406
      vertex 79.7252 0.61 9.18967
      vertex 79.7252 0 9.18967
    endloop
  endfacet
  facet normal -0.350024 0 -0.936741
    outer loop
      vertex 79.7252 0.61 9.18967
      vertex 79.5889 0 9.2406
      vertex 79.5889 0.61 9.2406
    endloop
  endfacet
  facet normal -0.286676 0 -0.958027
    outer loop
      vertex 79.4449 0 9.28369
      vertex 79.5889 0.61 9.2406
      vertex 79.5889 0 9.2406
    endloop
  endfacet
  facet normal -0.286676 0 -0.958027
    outer loop
      vertex 79.5889 0.61 9.2406
      vertex 79.4449 0 9.28369
      vertex 79.4449 0.61 9.28369
    endloop
  endfacet
  facet normal -0.226054 0 -0.974115
    outer loop
      vertex 79.293 0 9.31894
      vertex 79.4449 0.61 9.28369
      vertex 79.4449 0 9.28369
    endloop
  endfacet
  facet normal -0.226054 0 -0.974115
    outer loop
      vertex 79.4449 0.61 9.28369
      vertex 79.293 0 9.31894
      vertex 79.293 0.61 9.31894
    endloop
  endfacet
  facet normal -0.169118 0 -0.985596
    outer loop
      vertex 79.1332 0 9.34636
      vertex 79.293 0.61 9.31894
      vertex 79.293 0 9.31894
    endloop
  endfacet
  facet normal -0.169118 0 -0.985596
    outer loop
      vertex 79.293 0.61 9.31894
      vertex 79.1332 0 9.34636
      vertex 79.1332 0.61 9.34636
    endloop
  endfacet
  facet normal -0.116163 0 -0.99323
    outer loop
      vertex 78.9657 0 9.36595
      vertex 79.1332 0.61 9.34636
      vertex 79.1332 0 9.34636
    endloop
  endfacet
  facet normal -0.116163 0 -0.99323
    outer loop
      vertex 79.1332 0.61 9.34636
      vertex 78.9657 0 9.36595
      vertex 78.9657 0.61 9.36595
    endloop
  endfacet
  facet normal -0.0668399 0 -0.997764
    outer loop
      vertex 78.7903 0 9.3777
      vertex 78.9657 0.61 9.36595
      vertex 78.9657 0 9.36595
    endloop
  endfacet
  facet normal -0.0668399 0 -0.997764
    outer loop
      vertex 78.9657 0.61 9.36595
      vertex 78.7903 0 9.3777
      vertex 78.7903 0.61 9.3777
    endloop
  endfacet
  facet normal -0.0214353 0 -0.99977
    outer loop
      vertex 78.607 0 9.38163
      vertex 78.7903 0.61 9.3777
      vertex 78.7903 0 9.3777
    endloop
  endfacet
  facet normal -0.0214353 0 -0.99977
    outer loop
      vertex 78.7903 0.61 9.3777
      vertex 78.607 0 9.38163
      vertex 78.607 0.61 9.38163
    endloop
  endfacet
  facet normal 0 0 -1
    outer loop
      vertex 76.0314 0 9.38163
      vertex 78.607 0.61 9.38163
      vertex 78.607 0 9.38163
    endloop
  endfacet
  facet normal -0 0 -1
    outer loop
      vertex 78.607 0.61 9.38163
      vertex 76.0314 0 9.38163
      vertex 76.0314 0.61 9.38163
    endloop
  endfacet
  facet normal 1 -0 0
    outer loop
      vertex 76.0314 0 9.38163
      vertex 76.0314 0.61 3.64876
      vertex 76.0314 0.61 9.38163
    endloop
  endfacet
  facet normal 1 0 0
    outer loop
      vertex 76.0314 0.61 3.64876
      vertex 76.0314 0 9.38163
      vertex 76.0314 0 3.64876
    endloop
  endfacet
  facet normal -0 0 1
    outer loop
      vertex 76.0314 0.61 3.64876
      vertex 77.2318 0 3.64876
      vertex 77.2318 0.61 3.64876
    endloop
  endfacet
  facet normal 0 0 1
    outer loop
      vertex 77.2318 0 3.64876
      vertex 76.0314 0.61 3.64876
      vertex 76.0314 0 3.64876
    endloop
  endfacet
  facet normal -1 0 0
    outer loop
      vertex 77.2318 0 3.64876
      vertex 77.2318 0.61 5.66686
      vertex 77.2318 0.61 3.64876
    endloop
  endfacet
  facet normal -1 -0 0
    outer loop
      vertex 77.2318 0.61 5.66686
      vertex 77.2318 0 3.64876
      vertex 77.2318 0 5.66686
    endloop
  endfacet
  facet normal -1 0 0
    outer loop
      vertex 77.2318 0 6.59043
      vertex 77.2318 0.61 8.44988
      vertex 77.2318 0.61 6.59043
    endloop
  endfacet
  facet normal -1 -0 0
    outer loop
      vertex 77.2318 0.61 8.44988
      vertex 77.2318 0 6.59043
      vertex 77.2318 0 8.44988
    endloop
  endfacet
  facet normal -0 0 1
    outer loop
      vertex 77.2318 0.61 8.44988
      vertex 78.4727 0 8.44988
      vertex 78.4727 0.61 8.44988
    endloop
  endfacet
  facet normal 0 0 1
    outer loop
      vertex 78.4727 0 8.44988
      vertex 77.2318 0.61 8.44988
      vertex 77.2318 0 8.44988
    endloop
  endfacet
  facet normal 0.0402916 0 0.999188
    outer loop
      vertex 78.4727 0.61 8.44988
      vertex 78.6577 0 8.44242
      vertex 78.6577 0.61 8.44242
    endloop
  endfacet
  facet normal 0.0402916 0 0.999188
    outer loop
      vertex 78.6577 0 8.44242
      vertex 78.4727 0.61 8.44988
      vertex 78.4727 0 8.44988
    endloop
  endfacet
  facet normal 0.132629 0 0.991166
    outer loop
      vertex 78.6577 0.61 8.44242
      vertex 78.8251 0 8.42002
      vertex 78.8251 0.61 8.42002
    endloop
  endfacet
  facet normal 0.132629 0 0.991166
    outer loop
      vertex 78.8251 0 8.42002
      vertex 78.6577 0.61 8.44242
      vertex 78.6577 0 8.44242
    endloop
  endfacet
  facet normal 0.241804 0 0.970325
    outer loop
      vertex 78.8251 0.61 8.42002
      vertex 78.9749 0 8.38269
      vertex 78.9749 0.61 8.38269
    endloop
  endfacet
  facet normal 0.241804 0 0.970325
    outer loop
      vertex 78.9749 0 8.38269
      vertex 78.8251 0.61 8.42002
      vertex 78.8251 0 8.42002
    endloop
  endfacet
  facet normal 0.367628 0 0.929973
    outer loop
      vertex 78.9749 0.61 8.38269
      vertex 79.1071 0 8.33043
      vertex 79.1071 0.61 8.33043
    endloop
  endfacet
  facet normal 0.367628 0 0.929973
    outer loop
      vertex 79.1071 0 8.33043
      vertex 78.9749 0.61 8.38269
      vertex 78.9749 0 8.38269
    endloop
  endfacet
  facet normal 0.506052 0 0.862503
    outer loop
      vertex 79.1071 0.61 8.33043
      vertex 79.2216 0 8.26325
      vertex 79.2216 0.61 8.26325
    endloop
  endfacet
  facet normal 0.506052 0 0.862503
    outer loop
      vertex 79.2216 0 8.26325
      vertex 79.1071 0.61 8.33043
      vertex 79.1071 0 8.33043
    endloop
  endfacet
  facet normal 0.646574 0 0.762852
    outer loop
      vertex 79.2216 0.61 8.26325
      vertex 79.3185 0 8.18112
      vertex 79.3185 0.61 8.18112
    endloop
  endfacet
  facet normal 0.646574 0 0.762852
    outer loop
      vertex 79.3185 0 8.18112
      vertex 79.2216 0.61 8.26325
      vertex 79.2216 0 8.26325
    endloop
  endfacet
  facet normal 0.774334 -0 0.632777
    outer loop
      vertex 79.3185 0 8.18112
      vertex 79.3978 0.61 8.08408
      vertex 79.3185 0.61 8.18112
    endloop
  endfacet
  facet normal 0.774334 0 0.632777
    outer loop
      vertex 79.3978 0.61 8.08408
      vertex 79.3185 0 8.18112
      vertex 79.3978 0 8.08408
    endloop
  endfacet
  facet normal 0.875831 -0 0.482618
    outer loop
      vertex 79.3978 0 8.08408
      vertex 79.4595 0.61 7.97211
      vertex 79.3978 0.61 8.08408
    endloop
  endfacet
  facet normal 0.875831 0 0.482618
    outer loop
      vertex 79.4595 0.61 7.97211
      vertex 79.3978 0 8.08408
      vertex 79.4595 0 7.97211
    endloop
  endfacet
  facet normal 0.944834 -0 0.32755
    outer loop
      vertex 79.4595 0 7.97211
      vertex 79.5035 0.61 7.84519
      vertex 79.4595 0.61 7.97211
    endloop
  endfacet
  facet normal 0.944834 0 0.32755
    outer loop
      vertex 79.5035 0.61 7.84519
      vertex 79.4595 0 7.97211
      vertex 79.5035 0 7.84519
    endloop
  endfacet
  facet normal 0.983114 -0 0.182995
    outer loop
      vertex 79.5035 0 7.84519
      vertex 79.5299 0.61 7.70336
      vertex 79.5035 0.61 7.84519
    endloop
  endfacet
  facet normal 0.983114 0 0.182995
    outer loop
      vertex 79.5299 0.61 7.70336
      vertex 79.5035 0 7.84519
      vertex 79.5299 0 7.70336
    endloop
  endfacet
  facet normal 0.998392 -0 0.0566798
    outer loop
      vertex 79.5299 0 7.70336
      vertex 79.5388 0.61 7.54659
      vertex 79.5299 0.61 7.70336
    endloop
  endfacet
  facet normal 0.998392 0 0.0566798
    outer loop
      vertex 79.5388 0.61 7.54659
      vertex 79.5299 0 7.70336
      vertex 79.5388 0 7.54659
    endloop
  endfacet
  facet normal 0.999612 0 -0.0278545
    outer loop
      vertex 79.5388 0 7.54659
      vertex 79.5365 0.61 7.46405
      vertex 79.5388 0.61 7.54659
    endloop
  endfacet
  facet normal 0.999612 0 -0.0278545
    outer loop
      vertex 79.5365 0.61 7.46405
      vertex 79.5388 0 7.54659
      vertex 79.5365 0 7.46405
    endloop
  endfacet
  facet normal 0.996522 0 -0.0833276
    outer loop
      vertex 79.5365 0 7.46405
      vertex 79.5299 0.61 7.38512
      vertex 79.5365 0.61 7.46405
    endloop
  endfacet
  facet normal 0.996522 0 -0.0833276
    outer loop
      vertex 79.5299 0.61 7.38512
      vertex 79.5365 0 7.46405
      vertex 79.5299 0 7.38512
    endloop
  endfacet
  facet normal 0.989317 0 -0.145778
    outer loop
      vertex 79.5299 0 7.38512
      vertex 79.5188 0.61 7.30979
      vertex 79.5299 0.61 7.38512
    endloop
  endfacet
  facet normal 0.989317 0 -0.145778
    outer loop
      vertex 79.5188 0.61 7.30979
      vertex 79.5299 0 7.38512
      vertex 79.5188 0 7.30979
    endloop
  endfacet
  facet normal 0.977158 0 -0.212514
    outer loop
      vertex 79.5188 0 7.30979
      vertex 79.5032 0.61 7.23806
      vertex 79.5188 0.61 7.30979
    endloop
  endfacet
  facet normal 0.977158 0 -0.212514
    outer loop
      vertex 79.5032 0.61 7.23806
      vertex 79.5188 0 7.30979
      vertex 79.5032 0 7.23806
    endloop
  endfacet
  facet normal 0.959913 0 -0.280297
    outer loop
      vertex 79.5032 0 7.23806
      vertex 79.4833 0.61 7.16991
      vertex 79.5032 0.61 7.23806
    endloop
  endfacet
  facet normal 0.959913 0 -0.280297
    outer loop
      vertex 79.4833 0.61 7.16991
      vertex 79.5032 0 7.23806
      vertex 79.4833 0 7.16991
    endloop
  endfacet
  facet normal 0.934923 0 -0.354851
    outer loop
      vertex 79.4833 0 7.16991
      vertex 79.4588 0.61 7.10536
      vertex 79.4833 0.61 7.16991
    endloop
  endfacet
  facet normal 0.934923 0 -0.354851
    outer loop
      vertex 79.4588 0.61 7.10536
      vertex 79.4833 0 7.16991
      vertex 79.4588 0 7.10536
    endloop
  endfacet
  facet normal 0.904118 0 -0.427283
    outer loop
      vertex 79.4588 0 7.10536
      vertex 79.43 0.61 7.04442
      vertex 79.4588 0.61 7.10536
    endloop
  endfacet
  facet normal 0.904118 0 -0.427283
    outer loop
      vertex 79.43 0.61 7.04442
      vertex 79.4588 0 7.10536
      vertex 79.43 0 7.04442
    endloop
  endfacet
  facet normal 0.864827 0 -0.50207
    outer loop
      vertex 79.43 0 7.04442
      vertex 79.3967 0.61 6.98706
      vertex 79.43 0.61 7.04442
    endloop
  endfacet
  facet normal 0.864827 0 -0.50207
    outer loop
      vertex 79.3967 0.61 6.98706
      vertex 79.43 0 7.04442
      vertex 79.3967 0 6.98706
    endloop
  endfacet
  facet normal 0.818645 0 -0.5743
    outer loop
      vertex 79.3967 0 6.98706
      vertex 79.359 0.61 6.93332
      vertex 79.3967 0.61 6.98706
    endloop
  endfacet
  facet normal 0.818645 0 -0.5743
    outer loop
      vertex 79.359 0.61 6.93332
      vertex 79.3967 0 6.98706
      vertex 79.359 0 6.93332
    endloop
  endfacet
  facet normal 0.765149 0 -0.643854
    outer loop
      vertex 79.359 0 6.93332
      vertex 79.3168 0.61 6.88317
      vertex 79.359 0.61 6.93332
    endloop
  endfacet
  facet normal 0.765149 0 -0.643854
    outer loop
      vertex 79.3168 0.61 6.88317
      vertex 79.359 0 6.93332
      vertex 79.3168 0 6.88317
    endloop
  endfacet
  facet normal 0.706879 0 -0.707334
    outer loop
      vertex 79.2702 0 6.8366
      vertex 79.3168 0.61 6.88317
      vertex 79.3168 0 6.88317
    endloop
  endfacet
  facet normal 0.706879 0 -0.707334
    outer loop
      vertex 79.3168 0.61 6.88317
      vertex 79.2702 0 6.8366
      vertex 79.2702 0.61 6.8366
    endloop
  endfacet
  facet normal 0.644447 0 -0.764649
    outer loop
      vertex 79.2195 0 6.79387
      vertex 79.2702 0.61 6.8366
      vertex 79.2702 0 6.8366
    endloop
  endfacet
  facet normal 0.644447 0 -0.764649
    outer loop
      vertex 79.2702 0.61 6.8366
      vertex 79.2195 0 6.79387
      vertex 79.2195 0.61 6.79387
    endloop
  endfacet
  facet normal 0.578474 0 -0.815701
    outer loop
      vertex 79.165 0 6.75522
      vertex 79.2195 0.61 6.79387
      vertex 79.2195 0 6.79387
    endloop
  endfacet
  facet normal 0.578474 0 -0.815701
    outer loop
      vertex 79.2195 0.61 6.79387
      vertex 79.165 0 6.75522
      vertex 79.165 0.61 6.75522
    endloop
  endfacet
  facet normal 0.510907 0 -0.859636
    outer loop
      vertex 79.1068 0 6.72063
      vertex 79.165 0.61 6.75522
      vertex 79.165 0 6.75522
    endloop
  endfacet
  facet normal 0.510907 0 -0.859636
    outer loop
      vertex 79.165 0.61 6.75522
      vertex 79.1068 0 6.72063
      vertex 79.1068 0.61 6.72063
    endloop
  endfacet
  facet normal 0.441648 0 -0.897188
    outer loop
      vertex 79.0448 0 6.69011
      vertex 79.1068 0.61 6.72063
      vertex 79.1068 0 6.72063
    endloop
  endfacet
  facet normal 0.441648 0 -0.897188
    outer loop
      vertex 79.1068 0.61 6.72063
      vertex 79.0448 0 6.69011
      vertex 79.0448 0.61 6.69011
    endloop
  endfacet
  facet normal 0.372849 0 -0.927892
    outer loop
      vertex 78.979 0 6.66367
      vertex 79.0448 0.61 6.69011
      vertex 79.0448 0 6.69011
    endloop
  endfacet
  facet normal 0.372849 0 -0.927892
    outer loop
      vertex 79.0448 0.61 6.69011
      vertex 78.979 0 6.66367
      vertex 78.979 0.61 6.66367
    endloop
  endfacet
  facet normal 0.306239 0 -0.951955
    outer loop
      vertex 78.9094 0 6.64128
      vertex 78.979 0.61 6.66367
      vertex 78.979 0 6.66367
    endloop
  endfacet
  facet normal 0.306239 0 -0.951955
    outer loop
      vertex 78.979 0.61 6.66367
      vertex 78.9094 0 6.64128
      vertex 78.9094 0.61 6.64128
    endloop
  endfacet
  facet normal 0.242349 0 -0.970189
    outer loop
      vertex 78.8361 0 6.62297
      vertex 78.9094 0.61 6.64128
      vertex 78.9094 0 6.64128
    endloop
  endfacet
  facet normal 0.242349 0 -0.970189
    outer loop
      vertex 78.9094 0.61 6.64128
      vertex 78.8361 0 6.62297
      vertex 78.8361 0.61 6.62297
    endloop
  endfacet
  facet normal 0.181728 0 -0.983349
    outer loop
      vertex 78.7591 0 6.60874
      vertex 78.8361 0.61 6.62297
      vertex 78.8361 0 6.62297
    endloop
  endfacet
  facet normal 0.181728 0 -0.983349
    outer loop
      vertex 78.8361 0.61 6.62297
      vertex 78.7591 0 6.60874
      vertex 78.7591 0.61 6.60874
    endloop
  endfacet
  facet normal 0.12485 0 -0.992176
    outer loop
      vertex 78.6782 0 6.59856
      vertex 78.7591 0.61 6.60874
      vertex 78.7591 0 6.60874
    endloop
  endfacet
  facet normal 0.12485 0 -0.992176
    outer loop
      vertex 78.7591 0.61 6.60874
      vertex 78.6782 0 6.59856
      vertex 78.6782 0.61 6.59856
    endloop
  endfacet
  facet normal 0.0719173 0 -0.997411
    outer loop
      vertex 78.5936 0 6.59246
      vertex 78.6782 0.61 6.59856
      vertex 78.6782 0 6.59856
    endloop
  endfacet
  facet normal 0.0719173 0 -0.997411
    outer loop
      vertex 78.6782 0.61 6.59856
      vertex 78.5936 0 6.59246
      vertex 78.5936 0.61 6.59246
    endloop
  endfacet
  facet normal 0.0229577 0 -0.999736
    outer loop
      vertex 78.5052 0 6.59043
      vertex 78.5936 0.61 6.59246
      vertex 78.5936 0 6.59246
    endloop
  endfacet
  facet normal 0.0229577 0 -0.999736
    outer loop
      vertex 78.5936 0.61 6.59246
      vertex 78.5052 0 6.59043
      vertex 78.5052 0.61 6.59043
    endloop
  endfacet
  facet normal 0 0 -1
    outer loop
      vertex 77.2318 0 6.59043
      vertex 78.5052 0.61 6.59043
      vertex 78.5052 0 6.59043
    endloop
  endfacet
  facet normal -0 0 -1
    outer loop
      vertex 78.5052 0.61 6.59043
      vertex 77.2318 0 6.59043
      vertex 77.2318 0.61 6.59043
    endloop
  endfacet
  facet normal -0 0 1
    outer loop
      vertex 87.4367 0.61 4.81647
      vertex 88.2016 0 4.81647
      vertex 88.2016 0.61 4.81647
    endloop
  endfacet
  facet normal 0 0 1
    outer loop
      vertex 88.2016 0 4.81647
      vertex 87.4367 0.61 4.81647
      vertex 87.4367 0 4.81647
    endloop
  endfacet
  facet normal -1 0 0
    outer loop
      vertex 88.2016 0 4.81647
      vertex 88.2016 0.61 5.66686
      vertex 88.2016 0.61 4.81647
    endloop
  endfacet
  facet normal -1 -0 0
    outer loop
      vertex 88.2016 0.61 5.66686
      vertex 88.2016 0 4.81647
      vertex 88.2016 0 5.66686
    endloop
  endfacet
  facet normal 0 0 -1
    outer loop
      vertex 87.4367 0 5.66686
      vertex 88.2016 0.61 5.66686
      vertex 88.2016 0 5.66686
    endloop
  endfacet
  facet normal -0 0 -1
    outer loop
      vertex 88.2016 0.61 5.66686
      vertex 87.4367 0 5.66686
      vertex 87.4367 0.61 5.66686
    endloop
  endfacet
  facet normal -1 0 0
    outer loop
      vertex 87.4367 0 5.66686
      vertex 87.4367 0.61 9.38163
      vertex 87.4367 0.61 5.66686
    endloop
  endfacet
  facet normal -1 -0 0
    outer loop
      vertex 87.4367 0.61 9.38163
      vertex 87.4367 0 5.66686
      vertex 87.4367 0 9.38163
    endloop
  endfacet
  facet normal 0 0 -1
    outer loop
      vertex 86.1591 0 9.38163
      vertex 87.4367 0.61 9.38163
      vertex 87.4367 0 9.38163
    endloop
  endfacet
  facet normal -0 0 -1
    outer loop
      vertex 87.4367 0.61 9.38163
      vertex 86.1591 0 9.38163
      vertex 86.1591 0.61 9.38163
    endloop
  endfacet
  facet normal 0.837244 0 -0.54683
    outer loop
      vertex 86.1591 0 9.38163
      vertex 83.7382 0.61 5.67502
      vertex 86.1591 0.61 9.38163
    endloop
  endfacet
  facet normal 0.837244 0 -0.54683
    outer loop
      vertex 83.7382 0.61 5.67502
      vertex 86.1591 0 9.38163
      vertex 83.7382 0 5.67502
    endloop
  endfacet
  facet normal 1 -0 0
    outer loop
      vertex 83.7382 0 5.67502
      vertex 83.7382 0.61 4.81647
      vertex 83.7382 0.61 5.67502
    endloop
  endfacet
  facet normal 1 0 0
    outer loop
      vertex 83.7382 0.61 4.81647
      vertex 83.7382 0 5.67502
      vertex 83.7382 0 4.81647
    endloop
  endfacet
  facet normal -0 0 1
    outer loop
      vertex 83.7382 0.61 4.81647
      vertex 86.3463 0 4.81647
      vertex 86.3463 0.61 4.81647
    endloop
  endfacet
  facet normal 0 0 1
    outer loop
      vertex 86.3463 0 4.81647
      vertex 83.7382 0.61 4.81647
      vertex 83.7382 0 4.81647
    endloop
  endfacet
  facet normal 1 -0 0
    outer loop
      vertex 86.3463 0 4.81647
      vertex 86.3463 0.61 3.64876
      vertex 86.3463 0.61 4.81647
    endloop
  endfacet
  facet normal 1 0 0
    outer loop
      vertex 86.3463 0.61 3.64876
      vertex 86.3463 0 4.81647
      vertex 86.3463 0 3.64876
    endloop
  endfacet
  facet normal -0 0 1
    outer loop
      vertex 86.3463 0.61 3.64876
      vertex 87.4367 0 3.64876
      vertex 87.4367 0.61 3.64876
    endloop
  endfacet
  facet normal 0 0 1
    outer loop
      vertex 87.4367 0 3.64876
      vertex 86.3463 0.61 3.64876
      vertex 86.3463 0 3.64876
    endloop
  endfacet
  facet normal -1 0 0
    outer loop
      vertex 87.4367 0 3.64876
      vertex 87.4367 0.61 4.81647
      vertex 87.4367 0.61 3.64876
    endloop
  endfacet
  facet normal -1 -0 0
    outer loop
      vertex 87.4367 0.61 4.81647
      vertex 87.4367 0 3.64876
      vertex 87.4367 0 4.81647
    endloop
  endfacet
  facet normal -0.835393 0 0.549653
    outer loop
      vertex 84.6699 0 5.66686
      vertex 86.0004 0.61 7.68903
      vertex 84.6699 0.61 5.66686
    endloop
  endfacet
  facet normal -0.835393 0 0.549653
    outer loop
      vertex 86.0004 0.61 7.68903
      vertex 84.6699 0 5.66686
      vertex 86.0004 0 7.68903
    endloop
  endfacet
  facet normal -0.843272 0 0.537487
    outer loop
      vertex 86.0004 0 7.68903
      vertex 86.0493 0.61 7.76575
      vertex 86.0004 0.61 7.68903
    endloop
  endfacet
  facet normal -0.843272 0 0.537487
    outer loop
      vertex 86.0493 0.61 7.76575
      vertex 86.0004 0 7.68903
      vertex 86.0493 0 7.76575
    endloop
  endfacet
  facet normal -0.846764 0 0.531968
    outer loop
      vertex 86.0493 0 7.76575
      vertex 86.0954 0.61 7.83913
      vertex 86.0493 0.61 7.76575
    endloop
  endfacet
  facet normal -0.846764 0 0.531968
    outer loop
      vertex 86.0954 0.61 7.83913
      vertex 86.0493 0 7.76575
      vertex 86.0954 0 7.83913
    endloop
  endfacet
  facet normal -0.851023 0 0.525128
    outer loop
      vertex 86.0954 0 7.83913
      vertex 86.1386 0.61 7.90914
      vertex 86.0954 0.61 7.83913
    endloop
  endfacet
  facet normal -0.851023 0 0.525128
    outer loop
      vertex 86.1386 0.61 7.90914
      vertex 86.0954 0 7.83913
      vertex 86.1386 0 7.90914
    endloop
  endfacet
  facet normal -0.855094 0 0.518472
    outer loop
      vertex 86.1386 0 7.90914
      vertex 86.179 0.61 7.97577
      vertex 86.1386 0.61 7.90914
    endloop
  endfacet
  facet normal -0.855094 0 0.518472
    outer loop
      vertex 86.179 0.61 7.97577
      vertex 86.1386 0 7.90914
      vertex 86.179 0 7.97577
    endloop
  endfacet
  facet normal -0.859691 0 0.510815
    outer loop
      vertex 86.179 0 7.97577
      vertex 86.2166 0.61 8.03905
      vertex 86.179 0.61 7.97577
    endloop
  endfacet
  facet normal -0.859691 0 0.510815
    outer loop
      vertex 86.2166 0.61 8.03905
      vertex 86.179 0 7.97577
      vertex 86.2166 0 8.03905
    endloop
  endfacet
  facet normal -0.86474 0 0.502219
    outer loop
      vertex 86.2166 0 8.03905
      vertex 86.2514 0.61 8.09897
      vertex 86.2166 0.61 8.03905
    endloop
  endfacet
  facet normal -0.86474 0 0.502219
    outer loop
      vertex 86.2514 0.61 8.09897
      vertex 86.2166 0 8.03905
      vertex 86.2514 0 8.09897
    endloop
  endfacet
  facet normal -0.871053 0 0.491189
    outer loop
      vertex 86.2514 0 8.09897
      vertex 86.2833 0.61 8.15554
      vertex 86.2514 0.61 8.09897
    endloop
  endfacet
  facet normal -0.871053 0 0.491189
    outer loop
      vertex 86.2833 0.61 8.15554
      vertex 86.2514 0 8.09897
      vertex 86.2833 0 8.15554
    endloop
  endfacet
  facet normal -0.876595 0 0.481229
    outer loop
      vertex 86.2833 0 8.15554
      vertex 86.3125 0.61 8.20873
      vertex 86.2833 0.61 8.15554
    endloop
  endfacet
  facet normal -0.876595 0 0.481229
    outer loop
      vertex 86.3125 0.61 8.20873
      vertex 86.2833 0 8.15554
      vertex 86.3125 0 8.20873
    endloop
  endfacet
  facet normal -0.885072 0 0.465454
    outer loop
      vertex 86.3125 0 8.20873
      vertex 86.3387 0.61 8.25855
      vertex 86.3125 0.61 8.20873
    endloop
  endfacet
  facet normal -0.885072 0 0.465454
    outer loop
      vertex 86.3387 0.61 8.25855
      vertex 86.3125 0 8.20873
      vertex 86.3387 0 8.25855
    endloop
  endfacet
  facet normal -0.892421 0 0.451203
    outer loop
      vertex 86.3387 0 8.25855
      vertex 86.3622 0.61 8.30503
      vertex 86.3387 0.61 8.25855
    endloop
  endfacet
  facet normal -0.892421 0 0.451203
    outer loop
      vertex 86.3622 0.61 8.30503
      vertex 86.3387 0 8.25855
      vertex 86.3622 0 8.30503
    endloop
  endfacet
  facet normal -0.901386 0 0.433017
    outer loop
      vertex 86.3622 0 8.30503
      vertex 86.3829 0.61 8.34812
      vertex 86.3622 0.61 8.30503
    endloop
  endfacet
  facet normal -0.901386 0 0.433017
    outer loop
      vertex 86.3829 0.61 8.34812
      vertex 86.3622 0 8.30503
      vertex 86.3829 0 8.34812
    endloop
  endfacet
  facet normal 0.994223 0 -0.107338
    outer loop
      vertex 86.3829 0 8.34812
      vertex 86.3813 0.61 8.3333
      vertex 86.3829 0.61 8.34812
    endloop
  endfacet
  facet normal 0.994223 0 -0.107338
    outer loop
      vertex 86.3813 0.61 8.3333
      vertex 86.3829 0 8.34812
      vertex 86.3813 0 8.3333
    endloop
  endfacet
  facet normal 0.996007 0 -0.0892779
    outer loop
      vertex 86.3813 0 8.3333
      vertex 86.3797 0.61 8.31545
      vertex 86.3813 0.61 8.3333
    endloop
  endfacet
  facet normal 0.996007 0 -0.0892779
    outer loop
      vertex 86.3797 0.61 8.31545
      vertex 86.3813 0 8.3333
      vertex 86.3797 0 8.31545
    endloop
  endfacet
  facet normal 0.996702 0 -0.0811491
    outer loop
      vertex 86.3797 0 8.31545
      vertex 86.378 0.61 8.29457
      vertex 86.3797 0.61 8.31545
    endloop
  endfacet
  facet normal 0.996702 0 -0.0811491
    outer loop
      vertex 86.378 0.61 8.29457
      vertex 86.3797 0 8.31545
      vertex 86.378 0 8.29457
    endloop
  endfacet
  facet normal 0.997178 0 -0.0750699
    outer loop
      vertex 86.378 0 8.29457
      vertex 86.3762 0.61 8.27066
      vertex 86.378 0.61 8.29457
    endloop
  endfacet
  facet normal 0.997178 0 -0.0750699
    outer loop
      vertex 86.3762 0.61 8.27066
      vertex 86.378 0 8.29457
      vertex 86.3762 0 8.27066
    endloop
  endfacet
  facet normal 0.997254 0 -0.0740627
    outer loop
      vertex 86.3762 0 8.27066
      vertex 86.3742 0.61 8.24373
      vertex 86.3762 0.61 8.27066
    endloop
  endfacet
  facet normal 0.997254 0 -0.0740627
    outer loop
      vertex 86.3742 0.61 8.24373
      vertex 86.3762 0 8.27066
      vertex 86.3742 0 8.24373
    endloop
  endfacet
  facet normal 0.997781 0 -0.0665853
    outer loop
      vertex 86.3742 0 8.24373
      vertex 86.3722 0.61 8.21376
      vertex 86.3742 0.61 8.24373
    endloop
  endfacet
  facet normal 0.997781 0 -0.0665853
    outer loop
      vertex 86.3722 0.61 8.21376
      vertex 86.3742 0 8.24373
      vertex 86.3722 0 8.21376
    endloop
  endfacet
  facet normal 0.99798 0 -0.0635271
    outer loop
      vertex 86.3722 0 8.21376
      vertex 86.3701 0.61 8.18077
      vertex 86.3722 0.61 8.21376
    endloop
  endfacet
  facet normal 0.99798 0 -0.0635271
    outer loop
      vertex 86.3701 0.61 8.18077
      vertex 86.3722 0 8.21376
      vertex 86.3701 0 8.18077
    endloop
  endfacet
  facet normal 0.997966 0 -0.0637413
    outer loop
      vertex 86.3701 0 8.18077
      vertex 86.3678 0.61 8.14476
      vertex 86.3701 0.61 8.18077
    endloop
  endfacet
  facet normal 0.997966 0 -0.0637413
    outer loop
      vertex 86.3678 0.61 8.14476
      vertex 86.3701 0 8.18077
      vertex 86.3678 0 8.14476
    endloop
  endfacet
  facet normal 0.998269 0 -0.058812
    outer loop
      vertex 86.3678 0 8.14476
      vertex 86.3655 0.61 8.10572
      vertex 86.3678 0.61 8.14476
    endloop
  endfacet
  facet normal 0.998269 0 -0.058812
    outer loop
      vertex 86.3655 0.61 8.10572
      vertex 86.3678 0 8.14476
      vertex 86.3655 0 8.10572
    endloop
  endfacet
  facet normal 0.998239 0 -0.0593201
    outer loop
      vertex 86.3655 0 8.10572
      vertex 86.363 0.61 8.06365
      vertex 86.3655 0.61 8.10572
    endloop
  endfacet
  facet normal 0.998239 0 -0.0593201
    outer loop
      vertex 86.363 0.61 8.06365
      vertex 86.3655 0 8.10572
      vertex 86.363 0 8.06365
    endloop
  endfacet
  facet normal 0.998468 0 -0.0553352
    outer loop
      vertex 86.363 0 8.06365
      vertex 86.3605 0.61 8.01854
      vertex 86.363 0.61 8.06365
    endloop
  endfacet
  facet normal 0.998468 0 -0.0553352
    outer loop
      vertex 86.3605 0.61 8.01854
      vertex 86.363 0 8.06365
      vertex 86.3605 0 8.01854
    endloop
  endfacet
  facet normal 0.998545 0 -0.0539288
    outer loop
      vertex 86.3605 0 8.01854
      vertex 86.358 0.61 7.97225
      vertex 86.3605 0.61 8.01854
    endloop
  endfacet
  facet normal 0.998545 0 -0.0539288
    outer loop
      vertex 86.358 0.61 7.97225
      vertex 86.3605 0 8.01854
      vertex 86.358 0 7.97225
    endloop
  endfacet
  facet normal 0.998843 0 -0.0480844
    outer loop
      vertex 86.358 0 7.97225
      vertex 86.3558 0.61 7.92655
      vertex 86.358 0.61 7.97225
    endloop
  endfacet
  facet normal 0.998843 0 -0.0480844
    outer loop
      vertex 86.3558 0.61 7.92655
      vertex 86.358 0 7.97225
      vertex 86.3558 0 7.92655
    endloop
  endfacet
  facet normal 0.999018 0 -0.0443122
    outer loop
      vertex 86.3558 0 7.92655
      vertex 86.3538 0.61 7.88146
      vertex 86.3558 0.61 7.92655
    endloop
  endfacet
  facet normal 0.999018 0 -0.0443122
    outer loop
      vertex 86.3538 0.61 7.88146
      vertex 86.3558 0 7.92655
      vertex 86.3538 0 7.88146
    endloop
  endfacet
  facet normal 0.999182 0 -0.0404345
    outer loop
      vertex 86.3538 0 7.88146
      vertex 86.352 0.61 7.83698
      vertex 86.3538 0.61 7.88146
    endloop
  endfacet
  facet normal 0.999182 0 -0.0404345
    outer loop
      vertex 86.352 0.61 7.83698
      vertex 86.3538 0 7.88146
      vertex 86.352 0 7.83698
    endloop
  endfacet
  facet normal 0.999416 0 -0.0341564
    outer loop
      vertex 86.352 0 7.83698
      vertex 86.3505 0.61 7.79309
      vertex 86.352 0.61 7.83698
    endloop
  endfacet
  facet normal 0.999416 0 -0.0341564
    outer loop
      vertex 86.3505 0.61 7.79309
      vertex 86.352 0 7.83698
      vertex 86.3505 0 7.79309
    endloop
  endfacet
  facet normal 0.999549 0 -0.0300442
    outer loop
      vertex 86.3505 0 7.79309
      vertex 86.3492 0.61 7.74984
      vertex 86.3505 0.61 7.79309
    endloop
  endfacet
  facet normal 0.999549 0 -0.0300442
    outer loop
      vertex 86.3492 0.61 7.74984
      vertex 86.3505 0 7.79309
      vertex 86.3492 0 7.74984
    endloop
  endfacet
  facet normal 0.999668 0 -0.0257646
    outer loop
      vertex 86.3492 0 7.74984
      vertex 86.3481 0.61 7.70716
      vertex 86.3492 0.61 7.74984
    endloop
  endfacet
  facet normal 0.999668 0 -0.0257646
    outer loop
      vertex 86.3481 0.61 7.70716
      vertex 86.3492 0 7.74984
      vertex 86.3481 0 7.70716
    endloop
  endfacet
  facet normal 0.999819 0 -0.019017
    outer loop
      vertex 86.3481 0 7.70716
      vertex 86.3473 0.61 7.6651
      vertex 86.3481 0.61 7.70716
    endloop
  endfacet
  facet normal 0.999819 0 -0.019017
    outer loop
      vertex 86.3473 0.61 7.6651
      vertex 86.3481 0 7.70716
      vertex 86.3473 0 7.6651
    endloop
  endfacet
  facet normal 0.999895 0 -0.0144703
    outer loop
      vertex 86.3473 0 7.6651
      vertex 86.3467 0.61 7.62364
      vertex 86.3473 0.61 7.6651
    endloop
  endfacet
  facet normal 0.999895 0 -0.0144703
    outer loop
      vertex 86.3467 0.61 7.62364
      vertex 86.3473 0 7.6651
      vertex 86.3467 0 7.62364
    endloop
  endfacet
  facet normal 0.999973 0 -0.00734554
    outer loop
      vertex 86.3467 0 7.62364
      vertex 86.3464 0.61 7.5828
      vertex 86.3467 0.61 7.62364
    endloop
  endfacet
  facet normal 0.999973 0 -0.00734554
    outer loop
      vertex 86.3464 0.61 7.5828
      vertex 86.3467 0 7.62364
      vertex 86.3464 0 7.5828
    endloop
  endfacet
  facet normal 0.999997 0 -0.00248508
    outer loop
      vertex 86.3464 0 7.5828
      vertex 86.3463 0.61 7.54256
      vertex 86.3464 0.61 7.5828
    endloop
  endfacet
  facet normal 0.999997 0 -0.00248508
    outer loop
      vertex 86.3463 0.61 7.54256
      vertex 86.3464 0 7.5828
      vertex 86.3463 0 7.54256
    endloop
  endfacet
  facet normal 1 -0 0
    outer loop
      vertex 86.3463 0 7.54256
      vertex 86.3463 0.61 5.66686
      vertex 86.3463 0.61 7.54256
    endloop
  endfacet
  facet normal 1 0 0
    outer loop
      vertex 86.3463 0.61 5.66686
      vertex 86.3463 0 7.54256
      vertex 86.3463 0 5.66686
    endloop
  endfacet
  facet normal 0 0 -1
    outer loop
      vertex 84.6699 0 5.66686
      vertex 86.3463 0.61 5.66686
      vertex 86.3463 0 5.66686
    endloop
  endfacet
  facet normal -0 0 -1
    outer loop
      vertex 86.3463 0.61 5.66686
      vertex 84.6699 0 5.66686
      vertex 84.6699 0.61 5.66686
    endloop
  endfacet
  facet normal 0 0 -1
    outer loop
      vertex 81.2275 0 6.30568
      vertex 83.3433 0.61 6.30568
      vertex 83.3433 0 6.30568
    endloop
  endfacet
  facet normal -0 0 -1
    outer loop
      vertex 83.3433 0.61 6.30568
      vertex 81.2275 0 6.30568
      vertex 81.2275 0.61 6.30568
    endloop
  endfacet
  facet normal 1 -0 0
    outer loop
      vertex 81.2275 0 6.30568
      vertex 81.2275 0.61 5.31285
      vertex 81.2275 0.61 6.30568
    endloop
  endfacet
  facet normal 1 0 0
    outer loop
      vertex 81.2275 0.61 5.31285
      vertex 81.2275 0 6.30568
      vertex 81.2275 0 5.31285
    endloop
  endfacet
  facet normal -0 0 1
    outer loop
      vertex 81.2275 0.61 5.31285
      vertex 83.3433 0 5.31285
      vertex 83.3433 0.61 5.31285
    endloop
  endfacet
  facet normal 0 0 1
    outer loop
      vertex 83.3433 0 5.31285
      vertex 81.2275 0.61 5.31285
      vertex 81.2275 0 5.31285
    endloop
  endfacet
  facet normal -1 0 0
    outer loop
      vertex 83.3433 0 5.31285
      vertex 83.3433 0.61 6.30568
      vertex 83.3433 0.61 5.31285
    endloop
  endfacet
  facet normal -1 -0 0
    outer loop
      vertex 83.3433 0.61 6.30568
      vertex 83.3433 0 5.31285
      vertex 83.3433 0 6.30568
    endloop
  endfacet
endsolid OpenSCAD_Model
