solid OpenSCAD_Model
  facet normal 0 1 0
    outer loop
      vertex 78.8592 0.61 6.14598
      vertex 78.7692 0.61 6.03372
      vertex 77.9056 0.61 6.69371
    endloop
  endfacet
  facet normal 0 1 0
    outer loop
      vertex 78.0099 0.61 6.84691
      vertex 78.8592 0.61 6.14598
      vertex 77.9056 0.61 6.69371
    endloop
  endfacet
  facet normal 0 1 0
    outer loop
      vertex 78.7692 0.61 6.03372
      vertex 78.6739 0.61 5.92848
      vertex 77.9056 0.61 6.69371
    endloop
  endfacet
  facet normal 0 1 0
    outer loop
      vertex 78.0099 0.61 6.84691
      vertex 78.9441 0.61 6.26527
      vertex 78.8592 0.61 6.14598
    endloop
  endfacet
  facet normal 0 1 0
    outer loop
      vertex 77.9056 0.61 6.69371
      vertex 78.6739 0.61 5.92848
      vertex 77.7903 0.61 6.55853
    endloop
  endfacet
  facet normal 0 1 -0
    outer loop
      vertex 78.9441 0.61 6.26527
      vertex 78.0099 0.61 6.84691
      vertex 79.0237 0.61 6.39158
    endloop
  endfacet
  facet normal 0 1 0
    outer loop
      vertex 77.7903 0.61 6.55853
      vertex 78.6739 0.61 5.92848
      vertex 78.5734 0.61 5.83029
    endloop
  endfacet
  facet normal 0 1 0
    outer loop
      vertex 78.1033 0.61 7.01814
      vertex 79.0237 0.61 6.39158
      vertex 78.0099 0.61 6.84691
    endloop
  endfacet
  facet normal 0 1 -0
    outer loop
      vertex 78.4677 0.61 5.7391
      vertex 77.7903 0.61 6.55853
      vertex 78.5734 0.61 5.83029
    endloop
  endfacet
  facet normal 0 1 0
    outer loop
      vertex 78.4677 0.61 5.7391
      vertex 78.3568 0.61 5.65497
      vertex 77.7903 0.61 6.55853
    endloop
  endfacet
  facet normal 0 1 0
    outer loop
      vertex 79.0982 0.61 6.52493
      vertex 79.0237 0.61 6.39158
      vertex 78.1033 0.61 7.01814
    endloop
  endfacet
  facet normal 0 1 0
    outer loop
      vertex 77.7903 0.61 6.55853
      vertex 78.3568 0.61 5.65497
      vertex 77.664 0.61 6.44137
    endloop
  endfacet
  facet normal 0 1 0
    outer loop
      vertex 78.1033 0.61 7.01814
      vertex 79.1674 0.61 6.6653
      vertex 79.0982 0.61 6.52493
    endloop
  endfacet
  facet normal 0 1 0
    outer loop
      vertex 77.664 0.61 6.44137
      vertex 78.3568 0.61 5.65497
      vertex 78.2406 0.61 5.57785
    endloop
  endfacet
  facet normal 0 1 0
    outer loop
      vertex 79.1674 0.61 6.6653
      vertex 78.1033 0.61 7.01814
      vertex 78.1857 0.61 7.20738
    endloop
  endfacet
  facet normal 0 1 0
    outer loop
      vertex 81.3021 0.61 6.63774
      vertex 80.5575 0.61 5.82032
      vertex 80.4151 0.61 5.95627
    endloop
  endfacet
  facet normal 0 1 -0
    outer loop
      vertex 78.1198 0.61 5.50758
      vertex 77.664 0.61 6.44137
      vertex 78.2406 0.61 5.57785
    endloop
  endfacet
  facet normal 0 1 0
    outer loop
      vertex 81.2311 0.61 5.40605
      vertex 81.6681 0.61 6.32785
      vertex 81.7755 0.61 6.27189
    endloop
  endfacet
  facet normal 0 1 -0
    outer loop
      vertex 81.6302 0.61 5.27659
      vertex 81.4255 0.61 5.33485
      vertex 81.8892 0.61 6.22455
    endloop
  endfacet
  facet normal 0 1 -0
    outer loop
      vertex 79.1674 0.61 6.6653
      vertex 78.1857 0.61 7.20738
      vertex 79.2314 0.61 6.8127
    endloop
  endfacet
  facet normal 0 1 0
    outer loop
      vertex 82.1357 0.61 6.15568
      vertex 81.8454 0.61 5.23127
      vertex 82.0093 0.61 6.1858
    endloop
  endfacet
  facet normal 0 1 0
    outer loop
      vertex 77.5268 0.61 6.34224
      vertex 77.9946 0.61 5.44401
      vertex 77.8652 0.61 5.38714
    endloop
  endfacet
  facet normal 0 1 0
    outer loop
      vertex 82.2685 0.61 6.13415
      vertex 82.3069 0.61 5.1795
      vertex 82.071 0.61 5.19891
    endloop
  endfacet
  facet normal -0 1 0
    outer loop
      vertex 77.3786 0.61 6.26114
      vertex 77.5268 0.61 6.34224
      vertex 77.8652 0.61 5.38714
    endloop
  endfacet
  facet normal 0 1 0
    outer loop
      vertex 77.2194 0.61 6.19806
      vertex 77.5936 0.61 5.29347
      vertex 77.4514 0.61 5.25667
    endloop
  endfacet
  facet normal 0 1 0
    outer loop
      vertex 77.3049 0.61 5.22656
      vertex 77.1541 0.61 5.20314
      vertex 77.0493 0.61 6.153
    endloop
  endfacet
  facet normal 0 1 0
    outer loop
      vertex 78.1198 0.61 5.50758
      vertex 77.9946 0.61 5.44401
      vertex 77.5268 0.61 6.34224
    endloop
  endfacet
  facet normal 0 1 0
    outer loop
      vertex 78.1198 0.61 5.50758
      vertex 77.5268 0.61 6.34224
      vertex 77.664 0.61 6.44137
    endloop
  endfacet
  facet normal 0 1 -0
    outer loop
      vertex 77.7316 0.61 5.33696
      vertex 77.3786 0.61 6.26114
      vertex 77.8652 0.61 5.38714
    endloop
  endfacet
  facet normal 0 1 0
    outer loop
      vertex 77.3786 0.61 6.26114
      vertex 77.5936 0.61 5.29347
      vertex 77.2194 0.61 6.19806
    endloop
  endfacet
  facet normal 0 1 0
    outer loop
      vertex 77.7316 0.61 5.33696
      vertex 77.5936 0.61 5.29347
      vertex 77.3786 0.61 6.26114
    endloop
  endfacet
  facet normal 0 1 0
    outer loop
      vertex 77.2194 0.61 6.19806
      vertex 77.4514 0.61 5.25667
      vertex 77.3049 0.61 5.22656
    endloop
  endfacet
  facet normal -0 1 0
    outer loop
      vertex 77.0493 0.61 6.153
      vertex 77.2194 0.61 6.19806
      vertex 77.3049 0.61 5.22656
    endloop
  endfacet
  facet normal 0 1 0
    outer loop
      vertex 77.0493 0.61 6.153
      vertex 77.1541 0.61 5.20314
      vertex 76.8683 0.61 6.12596
    endloop
  endfacet
  facet normal 0 1 0
    outer loop
      vertex 76.8683 0.61 6.12596
      vertex 77.1541 0.61 5.20314
      vertex 76.9991 0.61 5.1864
    endloop
  endfacet
  facet normal 0 1 0
    outer loop
      vertex 76.8398 0.61 5.17637
      vertex 76.8683 0.61 6.12596
      vertex 76.9991 0.61 5.1864
    endloop
  endfacet
  facet normal 0 1 -0
    outer loop
      vertex 76.8398 0.61 5.17637
      vertex 76.6762 0.61 6.11694
      vertex 76.8683 0.61 6.12596
    endloop
  endfacet
  facet normal 0 1 0
    outer loop
      vertex 76.8398 0.61 5.17637
      vertex 76.6762 0.61 5.17302
      vertex 76.6762 0.61 6.11694
    endloop
  endfacet
  facet normal 0 1 0
    outer loop
      vertex 76.6762 0.61 6.11694
      vertex 76.6762 0.61 5.17302
      vertex 76.5307 0.61 6.12124
    endloop
  endfacet
  facet normal 0 1 0
    outer loop
      vertex 76.4299 0.61 5.1795
      vertex 76.194 0.61 5.19891
      vertex 76.3915 0.61 6.13415
    endloop
  endfacet
  facet normal 0 1 0
    outer loop
      vertex 75.9684 0.61 5.23127
      vertex 76.1323 0.61 6.1858
      vertex 76.2587 0.61 6.15568
    endloop
  endfacet
  facet normal -0 1 0
    outer loop
      vertex 75.5485 0.61 5.33485
      vertex 76.0122 0.61 6.22455
      vertex 75.7533 0.61 5.27659
    endloop
  endfacet
  facet normal 0 1 0
    outer loop
      vertex 75.7911 0.61 6.32785
      vertex 75.8985 0.61 6.27189
      vertex 75.3541 0.61 5.40605
    endloop
  endfacet
  facet normal 0 1 0
    outer loop
      vertex 75.69 0.61 6.39241
      vertex 75.1701 0.61 5.4902
      vertex 74.9965 0.61 5.58729
    endloop
  endfacet
  facet normal 0 1 0
    outer loop
      vertex 75.5954 0.61 6.46557
      vertex 74.8333 0.61 5.69734
      vertex 75.507 0.61 6.54736
    endloop
  endfacet
  facet normal 0 1 0
    outer loop
      vertex 74.5381 0.61 5.95627
      vertex 75.3499 0.61 6.73629
      vertex 75.4251 0.61 6.63774
    endloop
  endfacet
  facet normal -0 1 0
    outer loop
      vertex 74.2885 0.61 6.26172
      vertex 75.2818 0.61 6.84259
      vertex 74.4071 0.61 6.10383
    endloop
  endfacet
  facet normal 0 1 0
    outer loop
      vertex 75.1673 0.61 7.07838
      vertex 74.1825 0.61 6.42994
      vertex 74.0889 0.61 6.60847
    endloop
  endfacet
  facet normal 0 1 0
    outer loop
      vertex 75.1207 0.61 7.20788
      vertex 74.0079 0.61 6.79733
      vertex 73.9393 0.61 6.99652
    endloop
  endfacet
  facet normal 0 1 0
    outer loop
      vertex 75.0813 0.61 7.34511
      vertex 75.1207 0.61 7.20788
      vertex 73.9393 0.61 6.99652
    endloop
  endfacet
  facet normal 0 1 0
    outer loop
      vertex 75.0491 0.61 7.49008
      vertex 75.0813 0.61 7.34511
      vertex 73.8831 0.61 7.20602
    endloop
  endfacet
  facet normal 0 1 0
    outer loop
      vertex 75.024 0.61 7.64277
      vertex 75.0491 0.61 7.49008
      vertex 73.8394 0.61 7.42585
    endloop
  endfacet
  facet normal 0 1 0
    outer loop
      vertex 75.0061 0.61 7.8032
      vertex 73.8083 0.61 7.656
      vertex 73.7896 0.61 7.89648
    endloop
  endfacet
  facet normal 0 1 0
    outer loop
      vertex 74.9953 0.61 7.97137
      vertex 73.7896 0.61 7.89648
      vertex 73.7833 0.61 8.14727
    endloop
  endfacet
  facet normal 0 1 0
    outer loop
      vertex 73.7833 0.61 8.14727
      vertex 73.7893 0.61 8.39856
      vertex 74.9953 0.61 8.3202
    endloop
  endfacet
  facet normal 0 1 0
    outer loop
      vertex 73.7893 0.61 8.39856
      vertex 73.8074 0.61 8.63902
      vertex 75.0057 0.61 8.48541
    endloop
  endfacet
  facet normal 0 1 0
    outer loop
      vertex 73.8074 0.61 8.63902
      vertex 73.8375 0.61 8.86865
      vertex 75.0231 0.61 8.64288
    endloop
  endfacet
  facet normal -0 1 0
    outer loop
      vertex 73.8375 0.61 8.86865
      vertex 73.8796 0.61 9.08745
      vertex 75.0475 0.61 8.7926
    endloop
  endfacet
  facet normal -0 1 0
    outer loop
      vertex 73.8796 0.61 9.08745
      vertex 73.9338 0.61 9.29542
      vertex 75.0788 0.61 8.9346
    endloop
  endfacet
  facet normal -0 1 0
    outer loop
      vertex 73.9338 0.61 9.29542
      vertex 74 0.61 9.49258
      vertex 75.1171 0.61 9.06886
    endloop
  endfacet
  facet normal 0 1 -0
    outer loop
      vertex 75.1171 0.61 9.06886
      vertex 74 0.61 9.49258
      vertex 75.1623 0.61 9.1954
    endloop
  endfacet
  facet normal 0 1 -0
    outer loop
      vertex 75.1623 0.61 9.1954
      vertex 74.0782 0.61 9.67891
      vertex 75.2145 0.61 9.31419
    endloop
  endfacet
  facet normal 0 1 0
    outer loop
      vertex 75.2145 0.61 9.31419
      vertex 74.1685 0.61 9.8544
      vertex 74.2708 0.61 10.0191
    endloop
  endfacet
  facet normal 0 1 0
    outer loop
      vertex 75.2737 0.61 9.42524
      vertex 75.2145 0.61 9.31419
      vertex 74.2708 0.61 10.0191
    endloop
  endfacet
  facet normal 0 1 0
    outer loop
      vertex 75.3398 0.61 9.52858
      vertex 75.2737 0.61 9.42524
      vertex 74.3852 0.61 10.1729
    endloop
  endfacet
  facet normal 0 1 0
    outer loop
      vertex 75.4129 0.61 9.62417
      vertex 75.3398 0.61 9.52858
      vertex 74.5116 0.61 10.3159
    endloop
  endfacet
  facet normal 0 1 0
    outer loop
      vertex 74.6494 0.61 10.4472
      vertex 75.4129 0.61 9.62417
      vertex 74.5116 0.61 10.3159
    endloop
  endfacet
  facet normal 0 1 0
    outer loop
      vertex 74.7981 0.61 10.5661
      vertex 75.4927 0.61 9.71173
      vertex 74.6494 0.61 10.4472
    endloop
  endfacet
  facet normal 0 1 0
    outer loop
      vertex 74.9576 0.61 10.6724
      vertex 75.579 0.61 9.79095
      vertex 74.7981 0.61 10.5661
    endloop
  endfacet
  facet normal 0 1 0
    outer loop
      vertex 74.9576 0.61 10.6724
      vertex 75.6718 0.61 9.86184
      vertex 75.579 0.61 9.79095
    endloop
  endfacet
  facet normal -0 1 0
    outer loop
      vertex 75.1279 0.61 10.7662
      vertex 75.3091 0.61 10.8475
      vertex 75.6718 0.61 9.86184
    endloop
  endfacet
  facet normal -0 1 0
    outer loop
      vertex 75.3091 0.61 10.8475
      vertex 75.501 0.61 10.9163
      vertex 75.771 0.61 9.92439
    endloop
  endfacet
  facet normal -0 1 0
    outer loop
      vertex 75.501 0.61 10.9163
      vertex 75.7038 0.61 10.9726
      vertex 75.8768 0.61 9.97859
    endloop
  endfacet
  facet normal 0 1 0
    outer loop
      vertex 75.7038 0.61 10.9726
      vertex 76.1078 0.61 10.062
      vertex 75.9891 0.61 10.0245
    endloop
  endfacet
  facet normal 0 1 0
    outer loop
      vertex 76.1419 0.61 11.0477
      vertex 76.2331 0.61 10.0912
      vertex 75.9174 0.61 11.0164
    endloop
  endfacet
  facet normal 0 1 0
    outer loop
      vertex 76.3772 0.61 11.0664
      vertex 76.3648 0.61 10.112
      vertex 76.1419 0.61 11.0477
    endloop
  endfacet
  facet normal 0 1 0
    outer loop
      vertex 76.6477 0.61 10.1287
      vertex 76.503 0.61 10.1245
      vertex 76.6233 0.61 11.0727
    endloop
  endfacet
  facet normal -0 1 0
    outer loop
      vertex 76.7435 0.61 10.1266
      vertex 76.8037 0.61 11.0693
      vertex 76.8369 0.61 10.1203
    endloop
  endfacet
  facet normal 0 1 0
    outer loop
      vertex 76.9779 0.61 11.0593
      vertex 77.1458 0.61 11.0426
      vertex 76.928 0.61 10.1098
    endloop
  endfacet
  facet normal 0 1 0
    outer loop
      vertex 77.1458 0.61 11.0426
      vertex 77.3077 0.61 11.0191
      vertex 77.0168 0.61 10.0951
    endloop
  endfacet
  facet normal 0 1 0
    outer loop
      vertex 77.4633 0.61 10.989
      vertex 77.1874 0.61 10.0531
      vertex 77.3077 0.61 11.0191
    endloop
  endfacet
  facet normal 0 1 -0
    outer loop
      vertex 77.3488 0.61 9.99421
      vertex 77.2693 0.61 10.0257
      vertex 77.6127 0.61 10.9522
    endloop
  endfacet
  facet normal 0 1 -0
    outer loop
      vertex 77.426 0.61 9.95849
      vertex 77.3488 0.61 9.99421
      vertex 77.756 0.61 10.9087
    endloop
  endfacet
  facet normal 0 1 -0
    outer loop
      vertex 77.5008 0.61 9.91856
      vertex 77.426 0.61 9.95849
      vertex 77.893 0.61 10.8585
    endloop
  endfacet
  facet normal 0 1 -0
    outer loop
      vertex 77.5734 0.61 9.87443
      vertex 77.5008 0.61 9.91856
      vertex 78.0239 0.61 10.8016
    endloop
  endfacet
  facet normal 0 1 -0
    outer loop
      vertex 77.6426 0.61 9.82673
      vertex 77.5734 0.61 9.87443
      vertex 78.1486 0.61 10.7381
    endloop
  endfacet
  facet normal 0 1 0
    outer loop
      vertex 78.267 0.61 10.6678
      vertex 77.6426 0.61 9.82673
      vertex 78.1486 0.61 10.7381
    endloop
  endfacet
  facet normal 0 1 0
    outer loop
      vertex 78.3793 0.61 10.5911
      vertex 77.7076 0.61 9.7761
      vertex 78.267 0.61 10.6678
    endloop
  endfacet
  facet normal 0 1 0
    outer loop
      vertex 78.4854 0.61 10.508
      vertex 77.7683 0.61 9.72256
      vertex 78.3793 0.61 10.5911
    endloop
  endfacet
  facet normal 0 1 0
    outer loop
      vertex 78.5851 0.61 10.4187
      vertex 77.8248 0.61 9.66609
      vertex 78.4854 0.61 10.508
    endloop
  endfacet
  facet normal 0 1 0
    outer loop
      vertex 78.5851 0.61 10.4187
      vertex 78.6786 0.61 10.3231
      vertex 77.8248 0.61 9.66609
    endloop
  endfacet
  facet normal -0 1 0
    outer loop
      vertex 77.8248 0.61 9.66609
      vertex 78.6786 0.61 10.3231
      vertex 77.8769 0.61 9.60669
    endloop
  endfacet
  facet normal 0 1 0
    outer loop
      vertex 77.8769 0.61 9.60669
      vertex 78.6786 0.61 10.3231
      vertex 78.7659 0.61 10.2212
    endloop
  endfacet
  facet normal 0 1 -0
    outer loop
      vertex 77.9248 0.61 9.54437
      vertex 77.8769 0.61 9.60669
      vertex 78.7659 0.61 10.2212
    endloop
  endfacet
  facet normal 0 1 0
    outer loop
      vertex 78.8469 0.61 10.113
      vertex 77.9248 0.61 9.54437
      vertex 78.7659 0.61 10.2212
    endloop
  endfacet
  facet normal 0 1 0
    outer loop
      vertex 78.8469 0.61 10.113
      vertex 77.9685 0.61 9.47912
      vertex 77.9248 0.61 9.54437
    endloop
  endfacet
  facet normal 0 1 0
    outer loop
      vertex 78.8469 0.61 10.113
      vertex 78.9217 0.61 9.99852
      vertex 77.9685 0.61 9.47912
    endloop
  endfacet
  facet normal -0 1 0
    outer loop
      vertex 77.9685 0.61 9.47912
      vertex 78.9217 0.61 9.99852
      vertex 78.0078 0.61 9.41095
    endloop
  endfacet
  facet normal 0 1 0
    outer loop
      vertex 78.0078 0.61 9.41095
      vertex 78.9217 0.61 9.99852
      vertex 78.9902 0.61 9.87774
    endloop
  endfacet
  facet normal 0 1 -0
    outer loop
      vertex 78.0429 0.61 9.33984
      vertex 78.0078 0.61 9.41095
      vertex 78.9902 0.61 9.87774
    endloop
  endfacet
  facet normal 0 1 0
    outer loop
      vertex 79.0524 0.61 9.75068
      vertex 78.0429 0.61 9.33984
      vertex 78.9902 0.61 9.87774
    endloop
  endfacet
  facet normal 0 1 0
    outer loop
      vertex 79.0524 0.61 9.75068
      vertex 78.0737 0.61 9.26582
      vertex 78.0429 0.61 9.33984
    endloop
  endfacet
  facet normal -0 1 0
    outer loop
      vertex 78.0737 0.61 9.26582
      vertex 79.1084 0.61 9.61734
      vertex 78.1003 0.61 9.18887
    endloop
  endfacet
  facet normal 0 1 0
    outer loop
      vertex 79.0524 0.61 9.75068
      vertex 79.1084 0.61 9.61734
      vertex 78.0737 0.61 9.26582
    endloop
  endfacet
  facet normal 0 1 0
    outer loop
      vertex 79.1084 0.61 9.61734
      vertex 79.1582 0.61 9.4777
      vertex 78.1003 0.61 9.18887
    endloop
  endfacet
  facet normal 0 1 0
    outer loop
      vertex 78.4854 0.61 10.508
      vertex 77.8248 0.61 9.66609
      vertex 77.7683 0.61 9.72256
    endloop
  endfacet
  facet normal -0 1 0
    outer loop
      vertex 83.6673 0.61 6.55853
      vertex 83.7826 0.61 6.69371
      vertex 84.5509 0.61 5.92848
    endloop
  endfacet
  facet normal 0 1 0
    outer loop
      vertex 78.3793 0.61 10.5911
      vertex 77.7683 0.61 9.72256
      vertex 77.7076 0.61 9.7761
    endloop
  endfacet
  facet normal 0 1 0
    outer loop
      vertex 83.7826 0.61 6.69371
      vertex 84.6462 0.61 6.03372
      vertex 84.5509 0.61 5.92848
    endloop
  endfacet
  facet normal 0 1 0
    outer loop
      vertex 78.267 0.61 10.6678
      vertex 77.7076 0.61 9.7761
      vertex 77.6426 0.61 9.82673
    endloop
  endfacet
  facet normal 0 1 0
    outer loop
      vertex 84.7362 0.61 6.14598
      vertex 84.6462 0.61 6.03372
      vertex 83.7826 0.61 6.69371
    endloop
  endfacet
  facet normal 0 1 0
    outer loop
      vertex 78.1486 0.61 10.7381
      vertex 77.5734 0.61 9.87443
      vertex 78.0239 0.61 10.8016
    endloop
  endfacet
  facet normal 0 1 0
    outer loop
      vertex 84.7362 0.61 6.14598
      vertex 83.7826 0.61 6.69371
      vertex 83.8869 0.61 6.84691
    endloop
  endfacet
  facet normal 0 1 0
    outer loop
      vertex 78.0239 0.61 10.8016
      vertex 77.5008 0.61 9.91856
      vertex 77.893 0.61 10.8585
    endloop
  endfacet
  facet normal 0 1 -0
    outer loop
      vertex 84.7362 0.61 6.14598
      vertex 83.8869 0.61 6.84691
      vertex 84.8211 0.61 6.26527
    endloop
  endfacet
  facet normal 0 1 0
    outer loop
      vertex 77.893 0.61 10.8585
      vertex 77.426 0.61 9.95849
      vertex 77.756 0.61 10.9087
    endloop
  endfacet
  facet normal 0 1 0
    outer loop
      vertex 83.8869 0.61 6.84691
      vertex 84.9007 0.61 6.39158
      vertex 84.8211 0.61 6.26527
    endloop
  endfacet
  facet normal 0 1 0
    outer loop
      vertex 77.756 0.61 10.9087
      vertex 77.3488 0.61 9.99421
      vertex 77.6127 0.61 10.9522
    endloop
  endfacet
  facet normal 0 1 0
    outer loop
      vertex 83.9803 0.61 7.01814
      vertex 84.9751 0.61 6.52493
      vertex 84.9007 0.61 6.39158
    endloop
  endfacet
  facet normal 0 1 0
    outer loop
      vertex 77.6127 0.61 10.9522
      vertex 77.2693 0.61 10.0257
      vertex 77.4633 0.61 10.989
    endloop
  endfacet
  facet normal 0 1 0
    outer loop
      vertex 85.0444 0.61 6.6653
      vertex 83.9803 0.61 7.01814
      vertex 84.0627 0.61 7.20738
    endloop
  endfacet
  facet normal 0 1 0
    outer loop
      vertex 77.4633 0.61 10.989
      vertex 77.2693 0.61 10.0257
      vertex 77.1874 0.61 10.0531
    endloop
  endfacet
  facet normal 0 1 0
    outer loop
      vertex 83.2556 0.61 6.26114
      vertex 83.7422 0.61 5.38714
      vertex 83.6086 0.61 5.33696
    endloop
  endfacet
  facet normal 0 1 0
    outer loop
      vertex 77.3077 0.61 11.0191
      vertex 77.1874 0.61 10.0531
      vertex 77.1033 0.61 10.0762
    endloop
  endfacet
  facet normal -0 1 0
    outer loop
      vertex 79.7145 0.61 8.86865
      vertex 79.7566 0.61 9.08745
      vertex 80.9245 0.61 8.7926
    endloop
  endfacet
  facet normal -0 1 0
    outer loop
      vertex 77.0168 0.61 10.0951
      vertex 77.3077 0.61 11.0191
      vertex 77.1033 0.61 10.0762
    endloop
  endfacet
  facet normal 0 1 0
    outer loop
      vertex 80.5264 0.61 10.4472
      vertex 81.2898 0.61 9.62417
      vertex 80.3886 0.61 10.3159
    endloop
  endfacet
  facet normal -0 1 0
    outer loop
      vertex 76.928 0.61 10.1098
      vertex 77.1458 0.61 11.0426
      vertex 77.0168 0.61 10.0951
    endloop
  endfacet
  facet normal 0 1 0
    outer loop
      vertex 81.1861 0.61 10.8475
      vertex 81.648 0.61 9.92439
      vertex 81.5488 0.61 9.86184
    endloop
  endfacet
  facet normal -0 1 0
    outer loop
      vertex 76.8369 0.61 10.1203
      vertex 76.9779 0.61 11.0593
      vertex 76.928 0.61 10.1098
    endloop
  endfacet
  facet normal 0 1 -0
    outer loop
      vertex 81.7538 0.61 9.97859
      vertex 81.5808 0.61 10.9726
      vertex 81.8661 0.61 10.0245
    endloop
  endfacet
  facet normal 0 1 -0
    outer loop
      vertex 76.8369 0.61 10.1203
      vertex 76.8037 0.61 11.0693
      vertex 76.9779 0.61 11.0593
    endloop
  endfacet
  facet normal -0 1 0
    outer loop
      vertex 81.7944 0.61 11.0164
      vertex 82.0189 0.61 11.0477
      vertex 82.1101 0.61 10.0912
    endloop
  endfacet
  facet normal 0 1 -0
    outer loop
      vertex 76.7435 0.61 10.1266
      vertex 76.6477 0.61 10.1287
      vertex 76.8037 0.61 11.0693
    endloop
  endfacet
  facet normal 0 1 0
    outer loop
      vertex 82.2542 0.61 11.0664
      vertex 82.38 0.61 10.1245
      vertex 82.2418 0.61 10.112
    endloop
  endfacet
  facet normal 0 1 0
    outer loop
      vertex 76.8037 0.61 11.0693
      vertex 76.6477 0.61 10.1287
      vertex 76.6233 0.61 11.0727
    endloop
  endfacet
  facet normal 0 1 0
    outer loop
      vertex 82.6807 0.61 11.0693
      vertex 82.6205 0.61 10.1266
      vertex 82.5247 0.61 10.1287
    endloop
  endfacet
  facet normal 0 1 0
    outer loop
      vertex 76.6233 0.61 11.0727
      vertex 76.503 0.61 10.1245
      vertex 76.3772 0.61 11.0664
    endloop
  endfacet
  facet normal 0 1 -0
    outer loop
      vertex 82.8938 0.61 10.0951
      vertex 82.805 0.61 10.1098
      vertex 83.0228 0.61 11.0426
    endloop
  endfacet
  facet normal 0 1 0
    outer loop
      vertex 76.3772 0.61 11.0664
      vertex 76.503 0.61 10.1245
      vertex 76.3648 0.61 10.112
    endloop
  endfacet
  facet normal 0 1 0
    outer loop
      vertex 83.1463 0.61 10.0257
      vertex 83.3403 0.61 10.989
      vertex 83.4897 0.61 10.9522
    endloop
  endfacet
  facet normal 0 1 0
    outer loop
      vertex 76.1419 0.61 11.0477
      vertex 76.3648 0.61 10.112
      vertex 76.2331 0.61 10.0912
    endloop
  endfacet
  facet normal -0 1 0
    outer loop
      vertex 83.0644 0.61 10.0531
      vertex 83.3403 0.61 10.989
      vertex 83.1463 0.61 10.0257
    endloop
  endfacet
  facet normal 0 1 0
    outer loop
      vertex 75.9174 0.61 11.0164
      vertex 76.2331 0.61 10.0912
      vertex 76.1078 0.61 10.062
    endloop
  endfacet
  facet normal 0 1 0
    outer loop
      vertex 82.5247 0.61 10.1287
      vertex 82.38 0.61 10.1245
      vertex 82.5003 0.61 11.0727
    endloop
  endfacet
  facet normal -0 1 0
    outer loop
      vertex 75.7038 0.61 10.9726
      vertex 75.9174 0.61 11.0164
      vertex 76.1078 0.61 10.062
    endloop
  endfacet
  facet normal 0 1 -0
    outer loop
      vertex 75.8768 0.61 9.97859
      vertex 75.7038 0.61 10.9726
      vertex 75.9891 0.61 10.0245
    endloop
  endfacet
  facet normal 0 1 -0
    outer loop
      vertex 75.771 0.61 9.92439
      vertex 75.501 0.61 10.9163
      vertex 75.8768 0.61 9.97859
    endloop
  endfacet
  facet normal 0 1 -0
    outer loop
      vertex 75.6718 0.61 9.86184
      vertex 75.3091 0.61 10.8475
      vertex 75.771 0.61 9.92439
    endloop
  endfacet
  facet normal -0 1 0
    outer loop
      vertex 74.9576 0.61 10.6724
      vertex 75.1279 0.61 10.7662
      vertex 75.6718 0.61 9.86184
    endloop
  endfacet
  facet normal 0 1 0
    outer loop
      vertex 74.7981 0.61 10.5661
      vertex 75.579 0.61 9.79095
      vertex 75.4927 0.61 9.71173
    endloop
  endfacet
  facet normal 0 1 0
    outer loop
      vertex 74.6494 0.61 10.4472
      vertex 75.4927 0.61 9.71173
      vertex 75.4129 0.61 9.62417
    endloop
  endfacet
  facet normal 0 1 0
    outer loop
      vertex 74.5116 0.61 10.3159
      vertex 75.3398 0.61 9.52858
      vertex 74.3852 0.61 10.1729
    endloop
  endfacet
  facet normal 0 1 0
    outer loop
      vertex 68.1504 0.61 10.0012
      vertex 67.0279 0.61 9.57773
      vertex 68.0907 0.61 10.1166
    endloop
  endfacet
  facet normal 0 1 0
    outer loop
      vertex 74.3852 0.61 10.1729
      vertex 75.2737 0.61 9.42524
      vertex 74.2708 0.61 10.0191
    endloop
  endfacet
  facet normal 0 1 0
    outer loop
      vertex 75.2145 0.61 9.31419
      vertex 74.0782 0.61 9.67891
      vertex 74.1685 0.61 9.8544
    endloop
  endfacet
  facet normal 0 1 0
    outer loop
      vertex 75.1623 0.61 9.1954
      vertex 74 0.61 9.49258
      vertex 74.0782 0.61 9.67891
    endloop
  endfacet
  facet normal 0 1 0
    outer loop
      vertex 67.8511 0.61 7.89335
      vertex 67.789 0.61 7.82887
      vertex 66.9652 0.61 8.59269
    endloop
  endfacet
  facet normal 0 1 -0
    outer loop
      vertex 75.0788 0.61 8.9346
      vertex 73.9338 0.61 9.29542
      vertex 75.1171 0.61 9.06886
    endloop
  endfacet
  facet normal 0 1 0
    outer loop
      vertex 66.9985 0.61 8.65004
      vertex 67.9644 0.61 8.03209
      vertex 67.9095 0.61 7.96109
    endloop
  endfacet
  facet normal 0 1 -0
    outer loop
      vertex 75.0475 0.61 8.7926
      vertex 73.8796 0.61 9.08745
      vertex 75.0788 0.61 8.9346
    endloop
  endfacet
  facet normal 0 1 0
    outer loop
      vertex 68.2822 0.61 8.78573
      vertex 68.2635 0.61 8.69391
      vertex 67.0872 0.61 8.91542
    endloop
  endfacet
  facet normal 0 1 -0
    outer loop
      vertex 75.0231 0.61 8.64288
      vertex 73.8375 0.61 8.86865
      vertex 75.0475 0.61 8.7926
    endloop
  endfacet
  facet normal 0 1 -0
    outer loop
      vertex 68.2405 0.61 8.60402
      vertex 67.0872 0.61 8.91542
      vertex 68.2635 0.61 8.69391
    endloop
  endfacet
  facet normal 0 1 -0
    outer loop
      vertex 75.0057 0.61 8.48541
      vertex 73.8074 0.61 8.63902
      vertex 75.0231 0.61 8.64288
    endloop
  endfacet
  facet normal 0 1 -0
    outer loop
      vertex 74.9953 0.61 8.3202
      vertex 73.7893 0.61 8.39856
      vertex 75.0057 0.61 8.48541
    endloop
  endfacet
  facet normal 0 1 0
    outer loop
      vertex 67.0717 0.61 8.84367
      vertex 68.2134 0.61 8.5161
      vertex 68.1822 0.61 8.43011
    endloop
  endfacet
  facet normal 0 1 -0
    outer loop
      vertex 74.9918 0.61 8.14727
      vertex 73.7833 0.61 8.14727
      vertex 74.9953 0.61 8.3202
    endloop
  endfacet
  facet normal 0 1 0
    outer loop
      vertex 68.1822 0.61 8.43011
      vertex 67.0517 0.61 8.77554
      vertex 67.0717 0.61 8.84367
    endloop
  endfacet
  facet normal 0 1 0
    outer loop
      vertex 74.9918 0.61 8.14727
      vertex 74.9953 0.61 7.97137
      vertex 73.7833 0.61 8.14727
    endloop
  endfacet
  facet normal 0 1 0
    outer loop
      vertex 67.0517 0.61 8.77554
      vertex 68.1822 0.61 8.43011
      vertex 68.1467 0.61 8.34608
    endloop
  endfacet
  facet normal 0 1 0
    outer loop
      vertex 74.9953 0.61 7.97137
      vertex 75.0061 0.61 7.8032
      vertex 73.7896 0.61 7.89648
    endloop
  endfacet
  facet normal 0 1 0
    outer loop
      vertex 67.0517 0.61 8.77554
      vertex 68.1071 0.61 8.264
      vertex 67.0273 0.61 8.711
    endloop
  endfacet
  facet normal 0 1 0
    outer loop
      vertex 75.0061 0.61 7.8032
      vertex 75.024 0.61 7.64277
      vertex 73.8083 0.61 7.656
    endloop
  endfacet
  facet normal 0 1 0
    outer loop
      vertex 68.1071 0.61 8.264
      vertex 68.0633 0.61 8.18387
      vertex 67.0273 0.61 8.711
    endloop
  endfacet
  facet normal 0 1 0
    outer loop
      vertex 73.8083 0.61 7.656
      vertex 75.024 0.61 7.64277
      vertex 73.8394 0.61 7.42585
    endloop
  endfacet
  facet normal 0 1 0
    outer loop
      vertex 67.0983 0.61 8.99075
      vertex 68.2822 0.61 8.78573
      vertex 67.0872 0.61 8.91542
    endloop
  endfacet
  facet normal -0 1 0
    outer loop
      vertex 73.8394 0.61 7.42585
      vertex 75.0491 0.61 7.49008
      vertex 73.8831 0.61 7.20602
    endloop
  endfacet
  facet normal 0 1 0
    outer loop
      vertex 68.2968 0.61 8.87951
      vertex 68.2822 0.61 8.78573
      vertex 67.0983 0.61 8.99075
    endloop
  endfacet
  facet normal -0 1 0
    outer loop
      vertex 73.8831 0.61 7.20602
      vertex 75.0813 0.61 7.34511
      vertex 73.9393 0.61 6.99652
    endloop
  endfacet
  facet normal 0 1 0
    outer loop
      vertex 75.1207 0.61 7.20788
      vertex 75.1673 0.61 7.07838
      vertex 74.0079 0.61 6.79733
    endloop
  endfacet
  facet normal -0 1 0
    outer loop
      vertex 74.0079 0.61 6.79733
      vertex 75.1673 0.61 7.07838
      vertex 74.0889 0.61 6.60847
    endloop
  endfacet
  facet normal 0 1 0
    outer loop
      vertex 75.1673 0.61 7.07838
      vertex 75.221 0.61 6.95662
      vertex 74.1825 0.61 6.42994
    endloop
  endfacet
  facet normal -0 1 0
    outer loop
      vertex 74.1825 0.61 6.42994
      vertex 75.221 0.61 6.95662
      vertex 74.2885 0.61 6.26172
    endloop
  endfacet
  facet normal 0 1 0
    outer loop
      vertex 74.2885 0.61 6.26172
      vertex 75.221 0.61 6.95662
      vertex 75.2818 0.61 6.84259
    endloop
  endfacet
  facet normal 0 1 0
    outer loop
      vertex 74.4071 0.61 6.10383
      vertex 75.2818 0.61 6.84259
      vertex 75.3499 0.61 6.73629
    endloop
  endfacet
  facet normal 0 1 -0
    outer loop
      vertex 74.5381 0.61 5.95627
      vertex 74.4071 0.61 6.10383
      vertex 75.3499 0.61 6.73629
    endloop
  endfacet
  facet normal 0 1 -0
    outer loop
      vertex 74.6805 0.61 5.82032
      vertex 74.5381 0.61 5.95627
      vertex 75.4251 0.61 6.63774
    endloop
  endfacet
  facet normal 0 1 0
    outer loop
      vertex 75.507 0.61 6.54736
      vertex 74.6805 0.61 5.82032
      vertex 75.4251 0.61 6.63774
    endloop
  endfacet
  facet normal 0 1 0
    outer loop
      vertex 75.507 0.61 6.54736
      vertex 74.8333 0.61 5.69734
      vertex 74.6805 0.61 5.82032
    endloop
  endfacet
  facet normal 0 1 0
    outer loop
      vertex 75.5954 0.61 6.46557
      vertex 74.9965 0.61 5.58729
      vertex 74.8333 0.61 5.69734
    endloop
  endfacet
  facet normal 0 1 0
    outer loop
      vertex 75.5954 0.61 6.46557
      vertex 75.69 0.61 6.39241
      vertex 74.9965 0.61 5.58729
    endloop
  endfacet
  facet normal 0 1 0
    outer loop
      vertex 75.69 0.61 6.39241
      vertex 75.7911 0.61 6.32785
      vertex 75.1701 0.61 5.4902
    endloop
  endfacet
  facet normal -0 1 0
    outer loop
      vertex 75.1701 0.61 5.4902
      vertex 75.7911 0.61 6.32785
      vertex 75.3541 0.61 5.40605
    endloop
  endfacet
  facet normal -0 1 0
    outer loop
      vertex 75.3541 0.61 5.40605
      vertex 75.8985 0.61 6.27189
      vertex 75.5485 0.61 5.33485
    endloop
  endfacet
  facet normal 0 1 0
    outer loop
      vertex 75.5485 0.61 5.33485
      vertex 75.8985 0.61 6.27189
      vertex 76.0122 0.61 6.22455
    endloop
  endfacet
  facet normal 0 1 0
    outer loop
      vertex 75.7533 0.61 5.27659
      vertex 76.0122 0.61 6.22455
      vertex 76.1323 0.61 6.1858
    endloop
  endfacet
  facet normal 0 1 -0
    outer loop
      vertex 75.9684 0.61 5.23127
      vertex 75.7533 0.61 5.27659
      vertex 76.1323 0.61 6.1858
    endloop
  endfacet
  facet normal 0 1 -0
    outer loop
      vertex 76.194 0.61 5.19891
      vertex 75.9684 0.61 5.23127
      vertex 76.2587 0.61 6.15568
    endloop
  endfacet
  facet normal 0 1 0
    outer loop
      vertex 76.3915 0.61 6.13415
      vertex 76.194 0.61 5.19891
      vertex 76.2587 0.61 6.15568
    endloop
  endfacet
  facet normal 0 1 0
    outer loop
      vertex 76.5307 0.61 6.12124
      vertex 76.4299 0.61 5.1795
      vertex 76.3915 0.61 6.13415
    endloop
  endfacet
  facet normal 0 1 0
    outer loop
      vertex 76.5307 0.61 6.12124
      vertex 76.6762 0.61 5.17302
      vertex 76.4299 0.61 5.1795
    endloop
  endfacet
  facet normal 0 1 0
    outer loop
      vertex 82.4077 0.61 6.12124
      vertex 82.5532 0.61 5.17302
      vertex 82.3069 0.61 5.1795
    endloop
  endfacet
  facet normal 0 1 0
    outer loop
      vertex 84.5509 0.61 5.92848
      vertex 84.4504 0.61 5.83029
      vertex 83.6673 0.61 6.55853
    endloop
  endfacet
  facet normal 0 1 0
    outer loop
      vertex 84.9007 0.61 6.39158
      vertex 83.8869 0.61 6.84691
      vertex 83.9803 0.61 7.01814
    endloop
  endfacet
  facet normal 0 1 0
    outer loop
      vertex 83.6673 0.61 6.55853
      vertex 84.4504 0.61 5.83029
      vertex 84.3447 0.61 5.7391
    endloop
  endfacet
  facet normal 0 1 0
    outer loop
      vertex 90.2003 0.61 6.0885
      vertex 90.2044 0.61 5.16078
      vertex 90.0396 0.61 5.1643
    endloop
  endfacet
  facet normal 0 1 -0
    outer loop
      vertex 84.2338 0.61 5.65497
      vertex 83.6673 0.61 6.55853
      vertex 84.3447 0.61 5.7391
    endloop
  endfacet
  facet normal 0 1 0
    outer loop
      vertex 90.0554 0.61 6.09533
      vertex 89.8811 0.61 5.17483
      vertex 89.9223 0.61 6.11581
    endloop
  endfacet
  facet normal -0 1 0
    outer loop
      vertex 83.541 0.61 6.44137
      vertex 83.6673 0.61 6.55853
      vertex 84.2338 0.61 5.65497
    endloop
  endfacet
  facet normal 0 1 0
    outer loop
      vertex 89.9223 0.61 6.11581
      vertex 89.5827 0.61 5.21701
      vertex 89.8012 0.61 6.14995
    endloop
  endfacet
  facet normal 0 1 -0
    outer loop
      vertex 84.9751 0.61 6.52493
      vertex 83.9803 0.61 7.01814
      vertex 85.0444 0.61 6.6653
    endloop
  endfacet
  facet normal 0 1 -0
    outer loop
      vertex 89.5827 0.61 5.21701
      vertex 89.443 0.61 5.24862
      vertex 89.8012 0.61 6.14995
    endloop
  endfacet
  facet normal 0 1 -0
    outer loop
      vertex 84.1176 0.61 5.57785
      vertex 83.541 0.61 6.44137
      vertex 84.2338 0.61 5.65497
    endloop
  endfacet
  facet normal 0 1 -0
    outer loop
      vertex 89.3094 0.61 5.28727
      vertex 89.1822 0.61 5.33296
      vertex 89.6919 0.61 6.19772
    endloop
  endfacet
  facet normal 0 1 -0
    outer loop
      vertex 83.9968 0.61 5.50758
      vertex 83.541 0.61 6.44137
      vertex 84.1176 0.61 5.57785
    endloop
  endfacet
  facet normal 0 1 0
    outer loop
      vertex 89.1822 0.61 5.33296
      vertex 89.5946 0.61 6.25915
      vertex 89.6919 0.61 6.19772
    endloop
  endfacet
  facet normal -0 1 0
    outer loop
      vertex 88.9464 0.61 5.4454
      vertex 89.5946 0.61 6.25915
      vertex 89.0612 0.61 5.38566
    endloop
  endfacet
  facet normal 0 1 -0
    outer loop
      vertex 85.0444 0.61 6.6653
      vertex 84.0627 0.61 7.20738
      vertex 85.1084 0.61 6.8127
    endloop
  endfacet
  facet normal 0 1 0
    outer loop
      vertex 89.5092 0.61 6.33424
      vertex 89.5946 0.61 6.25915
      vertex 88.9464 0.61 5.4454
    endloop
  endfacet
  facet normal 0 1 0
    outer loop
      vertex 83.4038 0.61 6.34224
      vertex 83.8716 0.61 5.44401
      vertex 83.7422 0.61 5.38714
    endloop
  endfacet
  facet normal 0 1 0
    outer loop
      vertex 89.4356 0.61 6.42299
      vertex 89.5092 0.61 6.33424
      vertex 88.7356 0.61 5.58595
    endloop
  endfacet
  facet normal 0 1 -0
    outer loop
      vertex 83.4706 0.61 5.29347
      vertex 83.2556 0.61 6.26114
      vertex 83.6086 0.61 5.33696
    endloop
  endfacet
  facet normal 0 1 0
    outer loop
      vertex 89.4356 0.61 6.42299
      vertex 88.7356 0.61 5.58595
      vertex 88.6402 0.61 5.66636
    endloop
  endfacet
  facet normal -0 1 0
    outer loop
      vertex 79.966 0.61 6.60847
      vertex 81.0443 0.61 7.07838
      vertex 80.0595 0.61 6.42994
    endloop
  endfacet
  facet normal 0 1 0
    outer loop
      vertex 89.4356 0.61 6.42299
      vertex 88.6402 0.61 5.66636
      vertex 88.5523 0.61 5.753
    endloop
  endfacet
  facet normal 0 1 0
    outer loop
      vertex 80.8723 0.61 7.97137
      vertex 79.6666 0.61 7.89648
      vertex 79.6603 0.61 8.14727
    endloop
  endfacet
  facet normal 0 1 0
    outer loop
      vertex 89.374 0.61 6.52537
      vertex 88.4718 0.61 5.84587
      vertex 88.3988 0.61 5.94496
    endloop
  endfacet
  facet normal 0 1 0
    outer loop
      vertex 79.6663 0.61 8.39856
      vertex 79.6844 0.61 8.63902
      vertex 80.8827 0.61 8.48541
    endloop
  endfacet
  facet normal 0 1 0
    outer loop
      vertex 89.374 0.61 6.52537
      vertex 88.3988 0.61 5.94496
      vertex 88.3333 0.61 6.05026
    endloop
  endfacet
  facet normal -0 1 0
    outer loop
      vertex 79.7566 0.61 9.08745
      vertex 79.8108 0.61 9.29542
      vertex 80.9558 0.61 8.9346
    endloop
  endfacet
  facet normal 0 1 0
    outer loop
      vertex 89.374 0.61 6.52537
      vertex 88.3333 0.61 6.05026
      vertex 89.3242 0.61 6.64142
    endloop
  endfacet
  facet normal 0 1 -0
    outer loop
      vertex 80.994 0.61 9.06886
      vertex 79.877 0.61 9.49258
      vertex 81.0393 0.61 9.1954
    endloop
  endfacet
  facet normal 0 1 -0
    outer loop
      vertex 88.3333 0.61 6.05026
      vertex 88.2752 0.61 6.16179
      vertex 89.3242 0.61 6.64142
    endloop
  endfacet
  facet normal 0 1 -0
    outer loop
      vertex 81.0915 0.61 9.31419
      vertex 80.1478 0.61 10.0191
      vertex 81.1507 0.61 9.42524
    endloop
  endfacet
  facet normal -0 1 0
    outer loop
      vertex 80.5264 0.61 10.4472
      vertex 80.6751 0.61 10.5661
      vertex 81.3697 0.61 9.71173
    endloop
  endfacet
  facet normal 0 1 0
    outer loop
      vertex 89.4356 0.61 6.42299
      vertex 88.4718 0.61 5.84587
      vertex 89.374 0.61 6.52537
    endloop
  endfacet
  facet normal 0 1 -0
    outer loop
      vertex 81.456 0.61 9.79095
      vertex 80.8346 0.61 10.6724
      vertex 81.5488 0.61 9.86184
    endloop
  endfacet
  facet normal 0 1 0
    outer loop
      vertex 89.5092 0.61 6.33424
      vertex 88.9464 0.61 5.4454
      vertex 88.8379 0.61 5.51216
    endloop
  endfacet
  facet normal 0 1 0
    outer loop
      vertex 81.1861 0.61 10.8475
      vertex 81.5488 0.61 9.86184
      vertex 81.0049 0.61 10.7662
    endloop
  endfacet
  facet normal -0 1 0
    outer loop
      vertex 89.3094 0.61 5.28727
      vertex 89.6919 0.61 6.19772
      vertex 89.443 0.61 5.24862
    endloop
  endfacet
  facet normal -0 1 0
    outer loop
      vertex 81.1861 0.61 10.8475
      vertex 81.378 0.61 10.9163
      vertex 81.648 0.61 9.92439
    endloop
  endfacet
  facet normal 0 1 -0
    outer loop
      vertex 89.7288 0.61 5.19241
      vertex 89.5827 0.61 5.21701
      vertex 89.9223 0.61 6.11581
    endloop
  endfacet
  facet normal 0 1 -0
    outer loop
      vertex 81.648 0.61 9.92439
      vertex 81.378 0.61 10.9163
      vertex 81.7538 0.61 9.97859
    endloop
  endfacet
  facet normal 0 1 0
    outer loop
      vertex 83.4706 0.61 5.29347
      vertex 83.3284 0.61 5.25667
      vertex 83.0964 0.61 6.19806
    endloop
  endfacet
  facet normal -0 1 0
    outer loop
      vertex 80.6751 0.61 10.5661
      vertex 80.8346 0.61 10.6724
      vertex 81.456 0.61 9.79095
    endloop
  endfacet
  facet normal 0 1 0
    outer loop
      vertex 83.9968 0.61 5.50758
      vertex 83.8716 0.61 5.44401
      vertex 83.4038 0.61 6.34224
    endloop
  endfacet
  facet normal 0 1 0
    outer loop
      vertex 83.9968 0.61 5.50758
      vertex 83.4038 0.61 6.34224
      vertex 83.541 0.61 6.44137
    endloop
  endfacet
  facet normal 0 1 0
    outer loop
      vertex 83.4038 0.61 6.34224
      vertex 83.7422 0.61 5.38714
      vertex 83.2556 0.61 6.26114
    endloop
  endfacet
  facet normal 0 1 0
    outer loop
      vertex 83.4706 0.61 5.29347
      vertex 83.0964 0.61 6.19806
      vertex 83.2556 0.61 6.26114
    endloop
  endfacet
  facet normal 0 1 0
    outer loop
      vertex 83.3284 0.61 5.25667
      vertex 83.1819 0.61 5.22656
      vertex 83.0964 0.61 6.19806
    endloop
  endfacet
  facet normal 0 1 0
    outer loop
      vertex 83.0964 0.61 6.19806
      vertex 83.1819 0.61 5.22656
      vertex 82.9263 0.61 6.153
    endloop
  endfacet
  facet normal 0 1 0
    outer loop
      vertex 82.9263 0.61 6.153
      vertex 83.1819 0.61 5.22656
      vertex 83.0311 0.61 5.20314
    endloop
  endfacet
  facet normal -0 1 0
    outer loop
      vertex 82.7452 0.61 6.12596
      vertex 82.9263 0.61 6.153
      vertex 83.0311 0.61 5.20314
    endloop
  endfacet
  facet normal 0 1 -0
    outer loop
      vertex 82.8761 0.61 5.1864
      vertex 82.7452 0.61 6.12596
      vertex 83.0311 0.61 5.20314
    endloop
  endfacet
  facet normal 0 1 0
    outer loop
      vertex 82.8761 0.61 5.1864
      vertex 82.7168 0.61 5.17637
      vertex 82.7452 0.61 6.12596
    endloop
  endfacet
  facet normal 0 1 0
    outer loop
      vertex 82.7452 0.61 6.12596
      vertex 82.7168 0.61 5.17637
      vertex 82.5532 0.61 6.11694
    endloop
  endfacet
  facet normal 0 1 0
    outer loop
      vertex 82.5532 0.61 6.11694
      vertex 82.7168 0.61 5.17637
      vertex 82.5532 0.61 5.17302
    endloop
  endfacet
  facet normal 0 1 0
    outer loop
      vertex 82.4077 0.61 6.12124
      vertex 82.5532 0.61 6.11694
      vertex 82.5532 0.61 5.17302
    endloop
  endfacet
  facet normal 0 1 0
    outer loop
      vertex 81.4724 0.61 6.46557
      vertex 80.7103 0.61 5.69734
      vertex 81.384 0.61 6.54736
    endloop
  endfacet
  facet normal 0 1 0
    outer loop
      vertex 81.567 0.61 6.39241
      vertex 81.0471 0.61 5.4902
      vertex 80.8735 0.61 5.58729
    endloop
  endfacet
  facet normal 0 1 0
    outer loop
      vertex 81.2269 0.61 6.73629
      vertex 81.3021 0.61 6.63774
      vertex 80.4151 0.61 5.95627
    endloop
  endfacet
  facet normal 0 1 -0
    outer loop
      vertex 80.4151 0.61 5.95627
      vertex 80.2841 0.61 6.10383
      vertex 81.2269 0.61 6.73629
    endloop
  endfacet
  facet normal 0 1 0
    outer loop
      vertex 81.1588 0.61 6.84259
      vertex 80.2841 0.61 6.10383
      vertex 80.1655 0.61 6.26172
    endloop
  endfacet
  facet normal -0 1 0
    outer loop
      vertex 80.0595 0.61 6.42994
      vertex 81.098 0.61 6.95662
      vertex 80.1655 0.61 6.26172
    endloop
  endfacet
  facet normal 0 1 0
    outer loop
      vertex 81.098 0.61 6.95662
      vertex 80.0595 0.61 6.42994
      vertex 81.0443 0.61 7.07838
    endloop
  endfacet
  facet normal -0 1 0
    outer loop
      vertex 79.8849 0.61 6.79733
      vertex 81.0443 0.61 7.07838
      vertex 79.966 0.61 6.60847
    endloop
  endfacet
  facet normal 0 1 0
    outer loop
      vertex 79.8849 0.61 6.79733
      vertex 80.9977 0.61 7.20788
      vertex 81.0443 0.61 7.07838
    endloop
  endfacet
  facet normal 0 1 0
    outer loop
      vertex 79.8163 0.61 6.99652
      vertex 80.9583 0.61 7.34511
      vertex 80.9977 0.61 7.20788
    endloop
  endfacet
  facet normal 0 1 -0
    outer loop
      vertex 79.8163 0.61 6.99652
      vertex 79.7601 0.61 7.20602
      vertex 80.9583 0.61 7.34511
    endloop
  endfacet
  facet normal 0 1 -0
    outer loop
      vertex 79.7601 0.61 7.20602
      vertex 79.7165 0.61 7.42585
      vertex 80.9261 0.61 7.49008
    endloop
  endfacet
  facet normal 0 1 -0
    outer loop
      vertex 79.7165 0.61 7.42585
      vertex 79.6853 0.61 7.656
      vertex 80.901 0.61 7.64277
    endloop
  endfacet
  facet normal 0 1 -0
    outer loop
      vertex 79.6853 0.61 7.656
      vertex 79.6666 0.61 7.89648
      vertex 80.8831 0.61 7.8032
    endloop
  endfacet
  facet normal 0 1 0
    outer loop
      vertex 80.8723 0.61 8.3202
      vertex 79.6603 0.61 8.14727
      vertex 79.6663 0.61 8.39856
    endloop
  endfacet
  facet normal 0 1 -0
    outer loop
      vertex 80.8827 0.61 8.48541
      vertex 79.6844 0.61 8.63902
      vertex 80.9001 0.61 8.64288
    endloop
  endfacet
  facet normal 0 1 -0
    outer loop
      vertex 80.9001 0.61 8.64288
      vertex 79.7145 0.61 8.86865
      vertex 80.9245 0.61 8.7926
    endloop
  endfacet
  facet normal 0 1 0
    outer loop
      vertex 79.877 0.61 9.49258
      vertex 80.994 0.61 9.06886
      vertex 79.8108 0.61 9.29542
    endloop
  endfacet
  facet normal 0 1 0
    outer loop
      vertex 81.0915 0.61 9.31419
      vertex 79.9552 0.61 9.67891
      vertex 80.0455 0.61 9.8544
    endloop
  endfacet
  facet normal 0 1 -0
    outer loop
      vertex 81.1507 0.61 9.42524
      vertex 80.2622 0.61 10.1729
      vertex 81.2168 0.61 9.52858
    endloop
  endfacet
  facet normal 0 1 0
    outer loop
      vertex 80.3886 0.61 10.3159
      vertex 81.2898 0.61 9.62417
      vertex 81.2168 0.61 9.52858
    endloop
  endfacet
  facet normal 0 1 0
    outer loop
      vertex 80.5264 0.61 10.4472
      vertex 81.3697 0.61 9.71173
      vertex 81.2898 0.61 9.62417
    endloop
  endfacet
  facet normal -0 1 0
    outer loop
      vertex 80.8346 0.61 10.6724
      vertex 81.0049 0.61 10.7662
      vertex 81.5488 0.61 9.86184
    endloop
  endfacet
  facet normal 0 1 0
    outer loop
      vertex 81.7538 0.61 9.97859
      vertex 81.378 0.61 10.9163
      vertex 81.5808 0.61 10.9726
    endloop
  endfacet
  facet normal -0 1 0
    outer loop
      vertex 81.5808 0.61 10.9726
      vertex 81.7944 0.61 11.0164
      vertex 81.9848 0.61 10.062
    endloop
  endfacet
  facet normal 0 1 -0
    outer loop
      vertex 81.9848 0.61 10.062
      vertex 81.7944 0.61 11.0164
      vertex 82.1101 0.61 10.0912
    endloop
  endfacet
  facet normal 0 1 -0
    outer loop
      vertex 82.1101 0.61 10.0912
      vertex 82.0189 0.61 11.0477
      vertex 82.2418 0.61 10.112
    endloop
  endfacet
  facet normal -0 1 0
    outer loop
      vertex 82.2542 0.61 11.0664
      vertex 82.5003 0.61 11.0727
      vertex 82.38 0.61 10.1245
    endloop
  endfacet
  facet normal 0 1 0
    outer loop
      vertex 82.5003 0.61 11.0727
      vertex 82.6807 0.61 11.0693
      vertex 82.5247 0.61 10.1287
    endloop
  endfacet
  facet normal 0 1 -0
    outer loop
      vertex 82.805 0.61 10.1098
      vertex 82.7139 0.61 10.1203
      vertex 82.8548 0.61 11.0593
    endloop
  endfacet
  facet normal 0 1 0
    outer loop
      vertex 82.8548 0.61 11.0593
      vertex 82.7139 0.61 10.1203
      vertex 82.6807 0.61 11.0693
    endloop
  endfacet
  facet normal 0 1 0
    outer loop
      vertex 83.1847 0.61 11.0191
      vertex 82.8938 0.61 10.0951
      vertex 83.0228 0.61 11.0426
    endloop
  endfacet
  facet normal 0 1 0
    outer loop
      vertex 83.0644 0.61 10.0531
      vertex 83.1847 0.61 11.0191
      vertex 83.3403 0.61 10.989
    endloop
  endfacet
  facet normal 0 1 -0
    outer loop
      vertex 83.0644 0.61 10.0531
      vertex 82.9803 0.61 10.0762
      vertex 83.1847 0.61 11.0191
    endloop
  endfacet
  facet normal 0 1 -0
    outer loop
      vertex 83.2258 0.61 9.99421
      vertex 83.1463 0.61 10.0257
      vertex 83.4897 0.61 10.9522
    endloop
  endfacet
  facet normal 0 1 0
    outer loop
      vertex 83.303 0.61 9.95849
      vertex 83.6329 0.61 10.9087
      vertex 83.77 0.61 10.8585
    endloop
  endfacet
  facet normal 0 1 -0
    outer loop
      vertex 83.303 0.61 9.95849
      vertex 83.2258 0.61 9.99421
      vertex 83.6329 0.61 10.9087
    endloop
  endfacet
  facet normal 0 1 0
    outer loop
      vertex 83.9009 0.61 10.8016
      vertex 83.3778 0.61 9.91856
      vertex 83.77 0.61 10.8585
    endloop
  endfacet
  facet normal 0 1 0
    outer loop
      vertex 83.77 0.61 10.8585
      vertex 83.3778 0.61 9.91856
      vertex 83.303 0.61 9.95849
    endloop
  endfacet
  facet normal 0 1 0
    outer loop
      vertex 83.9009 0.61 10.8016
      vertex 84.0256 0.61 10.7381
      vertex 83.4504 0.61 9.87443
    endloop
  endfacet
  facet normal -0 1 0
    outer loop
      vertex 83.4504 0.61 9.87443
      vertex 84.0256 0.61 10.7381
      vertex 83.5196 0.61 9.82673
    endloop
  endfacet
  facet normal -0 1 0
    outer loop
      vertex 83.3778 0.61 9.91856
      vertex 83.9009 0.61 10.8016
      vertex 83.4504 0.61 9.87443
    endloop
  endfacet
  facet normal 0 1 0
    outer loop
      vertex 84.144 0.61 10.6678
      vertex 83.5196 0.61 9.82673
      vertex 84.0256 0.61 10.7381
    endloop
  endfacet
  facet normal 0 1 0
    outer loop
      vertex 84.2563 0.61 10.5911
      vertex 83.5846 0.61 9.7761
      vertex 84.144 0.61 10.6678
    endloop
  endfacet
  facet normal 0 1 0
    outer loop
      vertex 84.3624 0.61 10.508
      vertex 83.6453 0.61 9.72256
      vertex 84.2563 0.61 10.5911
    endloop
  endfacet
  facet normal 0 1 0
    outer loop
      vertex 84.4621 0.61 10.4187
      vertex 83.7018 0.61 9.66609
      vertex 84.3624 0.61 10.508
    endloop
  endfacet
  facet normal 0 1 0
    outer loop
      vertex 84.4621 0.61 10.4187
      vertex 84.5556 0.61 10.3231
      vertex 83.7018 0.61 9.66609
    endloop
  endfacet
  facet normal -0 1 0
    outer loop
      vertex 83.7018 0.61 9.66609
      vertex 84.5556 0.61 10.3231
      vertex 83.7539 0.61 9.60669
    endloop
  endfacet
  facet normal 0 1 0
    outer loop
      vertex 83.7539 0.61 9.60669
      vertex 84.5556 0.61 10.3231
      vertex 84.6429 0.61 10.2212
    endloop
  endfacet
  facet normal 0 1 -0
    outer loop
      vertex 83.8018 0.61 9.54437
      vertex 83.7539 0.61 9.60669
      vertex 84.6429 0.61 10.2212
    endloop
  endfacet
  facet normal 0 1 0
    outer loop
      vertex 84.7239 0.61 10.113
      vertex 83.8018 0.61 9.54437
      vertex 84.6429 0.61 10.2212
    endloop
  endfacet
  facet normal 0 1 0
    outer loop
      vertex 84.7239 0.61 10.113
      vertex 83.8455 0.61 9.47912
      vertex 83.8018 0.61 9.54437
    endloop
  endfacet
  facet normal 0 1 0
    outer loop
      vertex 84.7239 0.61 10.113
      vertex 84.7987 0.61 9.99852
      vertex 83.8455 0.61 9.47912
    endloop
  endfacet
  facet normal -0 1 0
    outer loop
      vertex 83.8455 0.61 9.47912
      vertex 84.7987 0.61 9.99852
      vertex 83.8848 0.61 9.41095
    endloop
  endfacet
  facet normal 0 1 0
    outer loop
      vertex 83.8848 0.61 9.41095
      vertex 84.7987 0.61 9.99852
      vertex 84.8672 0.61 9.87774
    endloop
  endfacet
  facet normal 0 1 -0
    outer loop
      vertex 83.9199 0.61 9.33984
      vertex 83.8848 0.61 9.41095
      vertex 84.8672 0.61 9.87774
    endloop
  endfacet
  facet normal 0 1 0
    outer loop
      vertex 84.9294 0.61 9.75068
      vertex 83.9199 0.61 9.33984
      vertex 84.8672 0.61 9.87774
    endloop
  endfacet
  facet normal 0 1 0
    outer loop
      vertex 84.9294 0.61 9.75068
      vertex 83.9507 0.61 9.26582
      vertex 83.9199 0.61 9.33984
    endloop
  endfacet
  facet normal -0 1 0
    outer loop
      vertex 83.9507 0.61 9.26582
      vertex 84.9854 0.61 9.61734
      vertex 83.9772 0.61 9.18887
    endloop
  endfacet
  facet normal 0 1 0
    outer loop
      vertex 84.9294 0.61 9.75068
      vertex 84.9854 0.61 9.61734
      vertex 83.9507 0.61 9.26582
    endloop
  endfacet
  facet normal 0 1 0
    outer loop
      vertex 83.9772 0.61 9.18887
      vertex 84.9854 0.61 9.61734
      vertex 85.0352 0.61 9.4777
    endloop
  endfacet
  facet normal 0 1 0
    outer loop
      vertex 90.2003 0.61 6.0885
      vertex 90.0396 0.61 5.1643
      vertex 90.0554 0.61 6.09533
    endloop
  endfacet
  facet normal 0 1 0
    outer loop
      vertex 84.3624 0.61 10.508
      vertex 83.7018 0.61 9.66609
      vertex 83.6453 0.61 9.72256
    endloop
  endfacet
  facet normal 0 1 0
    outer loop
      vertex 84.2563 0.61 10.5911
      vertex 83.6453 0.61 9.72256
      vertex 83.5846 0.61 9.7761
    endloop
  endfacet
  facet normal 0 1 -0
    outer loop
      vertex 91.067 0.61 6.91446
      vertex 91.0647 0.61 6.98251
      vertex 92.227 0.61 7.03996
    endloop
  endfacet
  facet normal 0 1 0
    outer loop
      vertex 84.144 0.61 10.6678
      vertex 83.5846 0.61 9.7761
      vertex 83.5196 0.61 9.82673
    endloop
  endfacet
  facet normal 0 1 -0
    outer loop
      vertex 92.2344 0.61 6.70183
      vertex 91.0651 0.61 6.84004
      vertex 92.2388 0.61 6.84529
    endloop
  endfacet
  facet normal 0 1 0
    outer loop
      vertex 83.6329 0.61 10.9087
      vertex 83.2258 0.61 9.99421
      vertex 83.4897 0.61 10.9522
    endloop
  endfacet
  facet normal 0 1 0
    outer loop
      vertex 91.0647 0.61 6.98251
      vertex 92.2123 0.61 7.13241
      vertex 92.227 0.61 7.03996
    endloop
  endfacet
  facet normal -0 1 0
    outer loop
      vertex 82.8938 0.61 10.0951
      vertex 83.1847 0.61 11.0191
      vertex 82.9803 0.61 10.0762
    endloop
  endfacet
  facet normal 0 1 0
    outer loop
      vertex 91.0594 0.61 6.76919
      vertex 92.2344 0.61 6.70183
      vertex 92.2213 0.61 6.56444
    endloop
  endfacet
  facet normal 0 1 0
    outer loop
      vertex 82.8548 0.61 11.0593
      vertex 83.0228 0.61 11.0426
      vertex 82.805 0.61 10.1098
    endloop
  endfacet
  facet normal 0 1 0
    outer loop
      vertex 82.6807 0.61 11.0693
      vertex 82.7139 0.61 10.1203
      vertex 82.6205 0.61 10.1266
    endloop
  endfacet
  facet normal 0 1 -0
    outer loop
      vertex 82.2418 0.61 10.112
      vertex 82.0189 0.61 11.0477
      vertex 82.2542 0.61 11.0664
    endloop
  endfacet
  facet normal 0 1 0
    outer loop
      vertex 81.5808 0.61 10.9726
      vertex 81.9848 0.61 10.062
      vertex 81.8661 0.61 10.0245
    endloop
  endfacet
  facet normal 0 1 0
    outer loop
      vertex 90.2698 0.61 8.65402
      vertex 90.8677 0.61 8.18795
      vertex 90.3295 0.61 7.67686
    endloop
  endfacet
  facet normal 0 1 0
    outer loop
      vertex 81.456 0.61 9.79095
      vertex 81.3697 0.61 9.71173
      vertex 80.6751 0.61 10.5661
    endloop
  endfacet
  facet normal 0 1 0
    outer loop
      vertex 91.4965 0.61 8.02067
      vertex 90.9549 0.61 7.3287
      vertex 90.9206 0.61 7.37603
    endloop
  endfacet
  facet normal 0 1 0
    outer loop
      vertex 90.985 0.61 8.17158
      vertex 91.0973 0.61 8.15062
      vertex 90.7903 0.61 7.5003
    endloop
  endfacet
  facet normal 0 1 0
    outer loop
      vertex 91.0368 0.61 6.63818
      vertex 92.1688 0.61 6.3078
      vertex 91.0199 0.61 6.57802
    endloop
  endfacet
  facet normal 0 1 -0
    outer loop
      vertex 92.0272 0.61 9.09816
      vertex 90.9307 0.61 9.33787
      vertex 92.0506 0.61 9.18158
    endloop
  endfacet
  facet normal -0 1 0
    outer loop
      vertex 90.8007 0.61 9.88159
      vertex 91.6737 0.61 10.5916
      vertex 90.8284 0.61 9.83865
    endloop
  endfacet
  facet normal 0 1 0
    outer loop
      vertex 89.8829 0.61 11.0588
      vertex 90.0354 0.61 10.1548
      vertex 89.9767 0.61 10.1468
    endloop
  endfacet
  facet normal 0 1 0
    outer loop
      vertex 89.3524 0.61 10.948
      vertex 89.7643 0.61 10.0822
      vertex 89.7169 0.61 10.058
    endloop
  endfacet
  facet normal -0 1 0
    outer loop
      vertex 80.2622 0.61 10.1729
      vertex 80.3886 0.61 10.3159
      vertex 81.2168 0.61 9.52858
    endloop
  endfacet
  facet normal -0 1 0
    outer loop
      vertex 80.1478 0.61 10.0191
      vertex 80.2622 0.61 10.1729
      vertex 81.1507 0.61 9.42524
    endloop
  endfacet
  facet normal -0 1 0
    outer loop
      vertex 80.0455 0.61 9.8544
      vertex 80.1478 0.61 10.0191
      vertex 81.0915 0.61 9.31419
    endloop
  endfacet
  facet normal 0 1 0
    outer loop
      vertex 79.9552 0.61 9.67891
      vertex 81.0915 0.61 9.31419
      vertex 81.0393 0.61 9.1954
    endloop
  endfacet
  facet normal -0 1 0
    outer loop
      vertex 79.877 0.61 9.49258
      vertex 79.9552 0.61 9.67891
      vertex 81.0393 0.61 9.1954
    endloop
  endfacet
  facet normal 0 1 0
    outer loop
      vertex 79.8108 0.61 9.29542
      vertex 80.994 0.61 9.06886
      vertex 80.9558 0.61 8.9346
    endloop
  endfacet
  facet normal 0 1 0
    outer loop
      vertex 79.7566 0.61 9.08745
      vertex 80.9558 0.61 8.9346
      vertex 80.9245 0.61 8.7926
    endloop
  endfacet
  facet normal 0 1 0
    outer loop
      vertex 79.7145 0.61 8.86865
      vertex 80.9001 0.61 8.64288
      vertex 79.6844 0.61 8.63902
    endloop
  endfacet
  facet normal 0 1 0
    outer loop
      vertex 80.8827 0.61 8.48541
      vertex 80.8723 0.61 8.3202
      vertex 79.6663 0.61 8.39856
    endloop
  endfacet
  facet normal 0 1 0
    outer loop
      vertex 80.8723 0.61 8.3202
      vertex 80.8688 0.61 8.14727
      vertex 79.6603 0.61 8.14727
    endloop
  endfacet
  facet normal -0 1 0
    outer loop
      vertex 79.6603 0.61 8.14727
      vertex 80.8688 0.61 8.14727
      vertex 80.8723 0.61 7.97137
    endloop
  endfacet
  facet normal -0 1 0
    outer loop
      vertex 79.6666 0.61 7.89648
      vertex 80.8723 0.61 7.97137
      vertex 80.8831 0.61 7.8032
    endloop
  endfacet
  facet normal -0 1 0
    outer loop
      vertex 79.6853 0.61 7.656
      vertex 80.8831 0.61 7.8032
      vertex 80.901 0.61 7.64277
    endloop
  endfacet
  facet normal 0 1 0
    outer loop
      vertex 79.7165 0.61 7.42585
      vertex 80.901 0.61 7.64277
      vertex 80.9261 0.61 7.49008
    endloop
  endfacet
  facet normal 0 1 0
    outer loop
      vertex 79.7601 0.61 7.20602
      vertex 80.9261 0.61 7.49008
      vertex 80.9583 0.61 7.34511
    endloop
  endfacet
  facet normal -0 1 0
    outer loop
      vertex 79.8163 0.61 6.99652
      vertex 80.9977 0.61 7.20788
      vertex 79.8849 0.61 6.79733
    endloop
  endfacet
  facet normal 0 1 0
    outer loop
      vertex 80.1655 0.61 6.26172
      vertex 81.098 0.61 6.95662
      vertex 81.1588 0.61 6.84259
    endloop
  endfacet
  facet normal 0 1 0
    outer loop
      vertex 81.2269 0.61 6.73629
      vertex 80.2841 0.61 6.10383
      vertex 81.1588 0.61 6.84259
    endloop
  endfacet
  facet normal 0 1 0
    outer loop
      vertex 81.3021 0.61 6.63774
      vertex 81.384 0.61 6.54736
      vertex 80.5575 0.61 5.82032
    endloop
  endfacet
  facet normal -0 1 0
    outer loop
      vertex 80.5575 0.61 5.82032
      vertex 81.384 0.61 6.54736
      vertex 80.7103 0.61 5.69734
    endloop
  endfacet
  facet normal -0 1 0
    outer loop
      vertex 80.7103 0.61 5.69734
      vertex 81.4724 0.61 6.46557
      vertex 80.8735 0.61 5.58729
    endloop
  endfacet
  facet normal 0 1 0
    outer loop
      vertex 80.8735 0.61 5.58729
      vertex 81.4724 0.61 6.46557
      vertex 81.567 0.61 6.39241
    endloop
  endfacet
  facet normal 0 1 0
    outer loop
      vertex 81.0471 0.61 5.4902
      vertex 81.567 0.61 6.39241
      vertex 81.6681 0.61 6.32785
    endloop
  endfacet
  facet normal 0 1 -0
    outer loop
      vertex 81.2311 0.61 5.40605
      vertex 81.0471 0.61 5.4902
      vertex 81.6681 0.61 6.32785
    endloop
  endfacet
  facet normal 0 1 -0
    outer loop
      vertex 81.4255 0.61 5.33485
      vertex 81.2311 0.61 5.40605
      vertex 81.7755 0.61 6.27189
    endloop
  endfacet
  facet normal 0 1 0
    outer loop
      vertex 81.8892 0.61 6.22455
      vertex 81.4255 0.61 5.33485
      vertex 81.7755 0.61 6.27189
    endloop
  endfacet
  facet normal 0 1 0
    outer loop
      vertex 82.0093 0.61 6.1858
      vertex 81.6302 0.61 5.27659
      vertex 81.8892 0.61 6.22455
    endloop
  endfacet
  facet normal 0 1 0
    outer loop
      vertex 82.0093 0.61 6.1858
      vertex 81.8454 0.61 5.23127
      vertex 81.6302 0.61 5.27659
    endloop
  endfacet
  facet normal 0 1 0
    outer loop
      vertex 82.1357 0.61 6.15568
      vertex 82.071 0.61 5.19891
      vertex 81.8454 0.61 5.23127
    endloop
  endfacet
  facet normal 0 1 0
    outer loop
      vertex 82.1357 0.61 6.15568
      vertex 82.2685 0.61 6.13415
      vertex 82.071 0.61 5.19891
    endloop
  endfacet
  facet normal 0 1 0
    outer loop
      vertex 82.2685 0.61 6.13415
      vertex 82.4077 0.61 6.12124
      vertex 82.3069 0.61 5.1795
    endloop
  endfacet
  facet normal 0 1 0
    outer loop
      vertex 92.2388 0.61 6.84529
      vertex 91.067 0.61 6.91446
      vertex 92.2358 0.61 6.94426
    endloop
  endfacet
  facet normal 0 1 0
    outer loop
      vertex 90.8677 0.61 8.18795
      vertex 90.4086 0.61 7.66173
      vertex 90.3295 0.61 7.67686
    endloop
  endfacet
  facet normal 0 1 0
    outer loop
      vertex 90.985 0.61 8.17158
      vertex 90.7378 0.61 7.53561
      vertex 90.8677 0.61 8.18795
    endloop
  endfacet
  facet normal -0 1 0
    outer loop
      vertex 90.7903 0.61 7.5003
      vertex 91.0973 0.61 8.15062
      vertex 90.8383 0.61 7.46183
    endloop
  endfacet
  facet normal 0 1 0
    outer loop
      vertex 91.4042 0.61 8.06006
      vertex 90.8818 0.61 7.42042
      vertex 91.3069 0.61 8.09485
    endloop
  endfacet
  facet normal 0 1 0
    outer loop
      vertex 94.0712 0.61 6.19429
      vertex 96.7322 0.61 5.25438
      vertex 92.7204 0.61 5.25438
    endloop
  endfacet
  facet normal 0 1 0
    outer loop
      vertex 91.3069 0.61 8.09485
      vertex 90.8818 0.61 7.42042
      vertex 91.2046 0.61 8.12503
    endloop
  endfacet
  facet normal 0 1 0
    outer loop
      vertex 91.4042 0.61 8.06006
      vertex 90.9206 0.61 7.37603
      vertex 90.8818 0.61 7.42042
    endloop
  endfacet
  facet normal -0 1 0
    outer loop
      vertex 90.8383 0.61 7.46183
      vertex 91.2046 0.61 8.12503
      vertex 90.8818 0.61 7.42042
    endloop
  endfacet
  facet normal 0 1 0
    outer loop
      vertex 91.0973 0.61 8.15062
      vertex 91.2046 0.61 8.12503
      vertex 90.8383 0.61 7.46183
    endloop
  endfacet
  facet normal 0 1 0
    outer loop
      vertex 94.0712 0.61 6.19429
      vertex 92.7204 0.61 5.25438
      vertex 92.7204 0.61 6.04776
    endloop
  endfacet
  facet normal -0 1 0
    outer loop
      vertex 90.7378 0.61 7.53561
      vertex 90.985 0.61 8.17158
      vertex 90.7903 0.61 7.5003
    endloop
  endfacet
  facet normal -0 1 0
    outer loop
      vertex 90.6194 0.61 7.59614
      vertex 90.8677 0.61 8.18795
      vertex 90.6808 0.61 7.56756
    endloop
  endfacet
  facet normal 0 1 0
    outer loop
      vertex 91.8155 0.61 7.81701
      vertex 91.0098 0.61 7.22514
      vertex 91.7433 0.61 7.87484
    endloop
  endfacet
  facet normal 0 1 0
    outer loop
      vertex 90.8677 0.61 8.18795
      vertex 90.6194 0.61 7.59614
      vertex 90.5536 0.61 7.62137
    endloop
  endfacet
  facet normal -0 1 0
    outer loop
      vertex 90.4086 0.61 7.66173
      vertex 90.8677 0.61 8.18795
      vertex 90.4833 0.61 7.64323
    endloop
  endfacet
  facet normal 0 1 0
    outer loop
      vertex 90.3295 0.61 7.67686
      vertex 90.2458 0.61 7.68863
      vertex 90.2698 0.61 8.65402
    endloop
  endfacet
  facet normal 0 1 0
    outer loop
      vertex 92.0505 0.61 7.54573
      vertex 92.0946 0.61 7.46959
      vertex 91.0464 0.61 7.10975
    endloop
  endfacet
  facet normal -0 1 0
    outer loop
      vertex 90.1944 0.61 8.64236
      vertex 90.2698 0.61 8.65402
      vertex 90.2458 0.61 7.68863
    endloop
  endfacet
  facet normal 0 1 0
    outer loop
      vertex 96.7322 0.61 6.19429
      vertex 96.7322 0.61 5.25438
      vertex 94.0712 0.61 6.19429
    endloop
  endfacet
  facet normal 0 1 0
    outer loop
      vertex 91.0199 0.61 6.57802
      vertex 92.1688 0.61 6.3078
      vertex 92.1295 0.61 6.18857
    endloop
  endfacet
  facet normal 0 1 0
    outer loop
      vertex 90.2458 0.61 7.68863
      vertex 90.1578 0.61 7.69703
      vertex 90.1944 0.61 8.64236
    endloop
  endfacet
  facet normal 0 1 0
    outer loop
      vertex 90.9747 0.61 6.46838
      vertex 92.0246 0.61 5.96824
      vertex 91.959 0.61 5.86715
    endloop
  endfacet
  facet normal 0 1 -0
    outer loop
      vertex 91.8847 0.61 5.77212
      vertex 90.9747 0.61 6.46838
      vertex 91.959 0.61 5.86715
    endloop
  endfacet
  facet normal 0 1 0
    outer loop
      vertex 91.5027 0.61 5.45495
      vertex 91.388 0.61 5.39322
      vertex 90.8391 0.61 6.2919
    endloop
  endfacet
  facet normal -0 1 0
    outer loop
      vertex 90.4663 0.61 10.1197
      vertex 90.782 0.61 11.0191
      vertex 90.5186 0.61 10.1014
    endloop
  endfacet
  facet normal 0 1 0
    outer loop
      vertex 92.0272 0.61 9.09816
      vertex 91.9985 0.61 9.0179
      vertex 90.9245 0.61 9.27411
    endloop
  endfacet
  facet normal 0 1 0
    outer loop
      vertex 92.0881 0.61 9.67451
      vertex 90.9181 0.61 9.58622
      vertex 92.0756 0.61 9.79699
    endloop
  endfacet
  facet normal 0 1 0
    outer loop
      vertex 92.0923 0.61 9.54689
      vertex 92.0897 0.61 9.45082
      vertex 90.9311 0.61 9.4676
    endloop
  endfacet
  facet normal 0 1 0
    outer loop
      vertex 90.9311 0.61 9.4676
      vertex 92.0897 0.61 9.45082
      vertex 92.0819 0.61 9.35791
    endloop
  endfacet
  facet normal 0 1 0
    outer loop
      vertex 90.892 0.61 9.69476
      vertex 91.9877 0.61 10.1336
      vertex 92.0253 0.61 10.0265
    endloop
  endfacet
  facet normal 0 1 0
    outer loop
      vertex 91.9877 0.61 10.1336
      vertex 90.892 0.61 9.69476
      vertex 90.874 0.61 9.74525
    endloop
  endfacet
  facet normal 0 1 0
    outer loop
      vertex 92.0881 0.61 9.67451
      vertex 92.0923 0.61 9.54689
      vertex 90.9262 0.61 9.52816
    endloop
  endfacet
  facet normal 0 1 -0
    outer loop
      vertex 89.4284 0.61 9.7548
      vertex 88.5549 0.61 10.4011
      vertex 89.4542 0.61 9.80243
    endloop
  endfacet
  facet normal 0 1 0
    outer loop
      vertex 90.8391 0.61 6.2919
      vertex 91.388 0.61 5.39322
      vertex 90.7962 0.61 6.2566
    endloop
  endfacet
  facet normal -0 1 0
    outer loop
      vertex 88.2144 0.61 9.626
      vertex 88.2414 0.61 9.75268
      vertex 89.3452 0.61 9.47636
    endloop
  endfacet
  facet normal -0 1 0
    outer loop
      vertex 88.4847 0.61 10.3063
      vertex 88.5549 0.61 10.4011
      vertex 89.4284 0.61 9.7548
    endloop
  endfacet
  facet normal 0 1 0
    outer loop
      vertex 90.9067 0.61 9.64175
      vertex 92.0253 0.61 10.0265
      vertex 92.0546 0.61 9.91433
    endloop
  endfacet
  facet normal 0 1 0
    outer loop
      vertex 90.9245 0.61 9.27411
      vertex 91.9646 0.61 8.94079
      vertex 91.9255 0.61 8.86685
    endloop
  endfacet
  facet normal -0 1 0
    outer loop
      vertex 90.8284 0.61 9.83865
      vertex 91.8244 0.61 10.4238
      vertex 90.8528 0.61 9.79321
    endloop
  endfacet
  facet normal -0 1 0
    outer loop
      vertex 90.9143 0.61 9.21318
      vertex 90.9245 0.61 9.27411
      vertex 91.9255 0.61 8.86685
    endloop
  endfacet
  facet normal 0 1 0
    outer loop
      vertex 90.8284 0.61 9.83865
      vertex 91.6737 0.61 10.5916
      vertex 91.7532 0.61 10.5103
    endloop
  endfacet
  facet normal -0 1 0
    outer loop
      vertex 90.2913 0.61 10.1546
      vertex 90.3402 0.61 11.0693
      vertex 90.3526 0.61 10.1463
    endloop
  endfacet
  facet normal 0 1 0
    outer loop
      vertex 91.0441 0.61 10.9522
      vertex 90.6577 0.61 10.0265
      vertex 90.6143 0.61 10.0547
    endloop
  endfacet
  facet normal 0 1 0
    outer loop
      vertex 93.5983 0.61 7.26626
      vertex 94.338 0.61 6.60525
      vertex 94.3004 0.61 6.56175
    endloop
  endfacet
  facet normal 0 1 0
    outer loop
      vertex 90.782 0.61 11.0191
      vertex 90.4663 0.61 10.1197
      vertex 90.6413 0.61 11.0426
    endloop
  endfacet
  facet normal 0 1 0
    outer loop
      vertex 93.5983 0.61 7.26626
      vertex 94.3004 0.61 6.56175
      vertex 93.5144 0.61 7.1795
    endloop
  endfacet
  facet normal 0 1 0
    outer loop
      vertex 91.2802 0.61 10.8585
      vertex 90.7354 0.61 9.95987
      vertex 90.698 0.61 9.99482
    endloop
  endfacet
  facet normal -0 1 0
    outer loop
      vertex 90.4109 0.61 10.1347
      vertex 90.6413 0.61 11.0426
      vertex 90.4663 0.61 10.1197
    endloop
  endfacet
  facet normal 0 1 -0
    outer loop
      vertex 94.2312 0.61 6.47311
      vertex 93.5144 0.61 7.1795
      vertex 94.2648 0.61 6.5177
    endloop
  endfacet
  facet normal -0 1 0
    outer loop
      vertex 90.3526 0.61 10.1463
      vertex 90.494 0.61 11.0593
      vertex 90.4109 0.61 10.1347
    endloop
  endfacet
  facet normal -0 1 0
    outer loop
      vertex 90.7697 0.61 9.92198
      vertex 91.5857 0.61 10.6678
      vertex 90.8007 0.61 9.88159
    endloop
  endfacet
  facet normal 0 1 0
    outer loop
      vertex 94.1996 0.61 6.42799
      vertex 93.3572 0.61 7.00801
      vertex 93.434 0.61 7.09341
    endloop
  endfacet
  facet normal 0 1 -0
    outer loop
      vertex 90.227 0.61 10.1596
      vertex 90.18 0.61 11.0727
      vertex 90.3402 0.61 11.0693
    endloop
  endfacet
  facet normal 0 1 0
    outer loop
      vertex 93.7767 0.61 7.4418
      vertex 94.5059 0.61 6.77485
      vertex 94.4621 0.61 6.73279
    endloop
  endfacet
  facet normal 0 1 0
    outer loop
      vertex 91.7173 0.61 8.60302
      vertex 90.8815 0.61 9.09993
      vertex 90.8999 0.61 9.15513
    endloop
  endfacet
  facet normal 0 1 0
    outer loop
      vertex 93.6857 0.61 7.3537
      vertex 94.3775 0.61 6.64824
      vertex 94.338 0.61 6.60525
    endloop
  endfacet
  facet normal 0 1 0
    outer loop
      vertex 90.18 0.61 11.0727
      vertex 90.1597 0.61 10.1613
      vertex 90.0964 0.61 10.1597
    endloop
  endfacet
  facet normal 0 1 0
    outer loop
      vertex 94.2312 0.61 6.47311
      vertex 94.1996 0.61 6.42799
      vertex 93.434 0.61 7.09341
    endloop
  endfacet
  facet normal 0 1 0
    outer loop
      vertex 90.0288 0.61 11.0692
      vertex 90.0964 0.61 10.1597
      vertex 90.0354 0.61 10.1548
    endloop
  endfacet
  facet normal -0 1 0
    outer loop
      vertex 93.6857 0.61 7.3537
      vertex 93.7767 0.61 7.4418
      vertex 94.4191 0.61 6.69066
    endloop
  endfacet
  facet normal 0 1 0
    outer loop
      vertex 89.7423 0.61 11.0415
      vertex 89.9767 0.61 10.1468
      vertex 89.9202 0.61 10.1355
    endloop
  endfacet
  facet normal 0 1 -0
    outer loop
      vertex 94.5059 0.61 6.77485
      vertex 93.8712 0.61 7.53056
      vertex 94.5505 0.61 6.81685
    endloop
  endfacet
  facet normal -0 1 0
    outer loop
      vertex 89.607 0.61 11.0173
      vertex 89.7423 0.61 11.0415
      vertex 89.866 0.61 10.1209
    endloop
  endfacet
  facet normal 0 1 0
    outer loop
      vertex 93.8712 0.61 7.53056
      vertex 94.596 0.61 6.85878
      vertex 94.5505 0.61 6.81685
    endloop
  endfacet
  facet normal -0 1 0
    outer loop
      vertex 89.4771 0.61 10.9861
      vertex 89.607 0.61 11.0173
      vertex 89.814 0.61 10.1032
    endloop
  endfacet
  facet normal 0 1 0
    outer loop
      vertex 93.3572 0.61 7.00801
      vertex 94.1996 0.61 6.42799
      vertex 94.17 0.61 6.38232
    endloop
  endfacet
  facet normal -0 1 0
    outer loop
      vertex 89.3524 0.61 10.948
      vertex 89.4771 0.61 10.9861
      vertex 89.7643 0.61 10.0822
    endloop
  endfacet
  facet normal 0 1 0
    outer loop
      vertex 89.233 0.61 10.903
      vertex 89.7169 0.61 10.058
      vertex 89.6716 0.61 10.0305
    endloop
  endfacet
  facet normal 0 1 0
    outer loop
      vertex 89.119 0.61 10.851
      vertex 89.6716 0.61 10.0305
      vertex 89.6287 0.61 9.99988
    endloop
  endfacet
  facet normal 0 1 0
    outer loop
      vertex 95.042 0.61 7.23365
      vertex 94.3967 0.61 7.98451
      vertex 94.5032 0.61 8.07185
    endloop
  endfacet
  facet normal 0 1 0
    outer loop
      vertex 89.0103 0.61 10.7921
      vertex 89.588 0.61 9.96599
      vertex 88.9069 0.61 10.7263
    endloop
  endfacet
  facet normal 0 1 0
    outer loop
      vertex 94.9465 0.61 8.46631
      vertex 95.6871 0.61 7.75183
      vertex 95.6342 0.61 7.70675
    endloop
  endfacet
  facet normal 0 1 0
    outer loop
      vertex 88.9069 0.61 10.7263
      vertex 89.5499 0.61 9.92914
      vertex 88.8088 0.61 10.6536
    endloop
  endfacet
  facet normal -0 1 0
    outer loop
      vertex 95.241 0.61 8.79011
      vertex 95.283 0.61 8.8477
      vertex 96.0771 0.61 8.13299
    endloop
  endfacet
  facet normal 0 1 -0
    outer loop
      vertex 89.4542 0.61 9.80243
      vertex 88.6324 0.61 10.4906
      vertex 89.483 0.61 9.84735
    endloop
  endfacet
  facet normal 0 1 0
    outer loop
      vertex 92.7903 0.61 9.5789
      vertex 93.9322 0.61 9.44206
      vertex 93.9207 0.61 9.37193
    endloop
  endfacet
  facet normal 0 1 0
    outer loop
      vertex 96.3908 0.61 8.5594
      vertex 95.385 0.61 9.01928
      vertex 95.411 0.61 9.07608
    endloop
  endfacet
  facet normal 0 1 0
    outer loop
      vertex 95.4331 0.61 9.13267
      vertex 96.484 0.61 8.73317
      vertex 96.4544 0.61 8.67441
    endloop
  endfacet
  facet normal 0 1 -0
    outer loop
      vertex 96.5784 0.61 8.98011
      vertex 95.4651 0.61 9.24525
      vertex 96.5955 0.61 9.04504
    endloop
  endfacet
  facet normal 0 1 0
    outer loop
      vertex 96.6263 0.61 9.72831
      vertex 95.4582 0.61 9.66011
      vertex 96.6058 0.61 9.85327
    endloop
  endfacet
  facet normal 0 1 0
    outer loop
      vertex 95.6059 0.61 10.9468
      vertex 95.7283 0.61 10.9013
      vertex 95.1783 0.61 10.0623
    endloop
  endfacet
  facet normal -0 1 0
    outer loop
      vertex 95.4831 0.61 9.41261
      vertex 96.6427 0.61 9.46145
      vertex 96.6414 0.61 9.38885
    endloop
  endfacet
  facet normal 0 1 -0
    outer loop
      vertex 95.0849 0.61 10.1056
      vertex 94.9792 0.61 10.1365
      vertex 95.1962 0.61 11.0412
    endloop
  endfacet
  facet normal 0 1 -0
    outer loop
      vertex 94.4869 0.61 10.1352
      vertex 94.4219 0.61 11.0588
      vertex 94.5435 0.61 10.1466
    endloop
  endfacet
  facet normal 0 1 0
    outer loop
      vertex 95.385 0.61 9.01928
      vertex 96.3213 0.61 8.44775
      vertex 95.355 0.61 8.96229
    endloop
  endfacet
  facet normal 0 1 -0
    outer loop
      vertex 93.9801 0.61 9.63287
      vertex 92.9408 0.61 10.0838
      vertex 94.0006 0.61 9.68995
    endloop
  endfacet
  facet normal 0 1 0
    outer loop
      vertex 93.9459 0.61 9.50892
      vertex 92.818 0.61 9.71452
      vertex 92.8523 0.61 9.84388
    endloop
  endfacet
  facet normal 0 1 0
    outer loop
      vertex 94.1369 0.61 9.92643
      vertex 94.1052 0.61 9.88566
      vertex 93.3653 0.61 10.6536
    endloop
  endfacet
  facet normal 0 1 0
    outer loop
      vertex 89.4542 0.61 9.80243
      vertex 88.5549 0.61 10.4011
      vertex 88.6324 0.61 10.4906
    endloop
  endfacet
  facet normal -0 1 0
    outer loop
      vertex 88.4216 0.61 10.2062
      vertex 88.4847 0.61 10.3063
      vertex 89.4284 0.61 9.7548
    endloop
  endfacet
  facet normal 0 1 -0
    outer loop
      vertex 89.4056 0.61 9.7045
      vertex 88.4216 0.61 10.2062
      vertex 89.4284 0.61 9.7548
    endloop
  endfacet
  facet normal 0 1 0
    outer loop
      vertex 88.2757 0.61 9.87404
      vertex 89.3557 0.61 9.53744
      vertex 88.2414 0.61 9.75268
    endloop
  endfacet
  facet normal 0 1 -0
    outer loop
      vertex 89.3693 0.61 9.59582
      vertex 88.3171 0.61 9.99008
      vertex 89.3859 0.61 9.6515
    endloop
  endfacet
  facet normal 0 1 0
    outer loop
      vertex 89.3693 0.61 9.59582
      vertex 88.2757 0.61 9.87404
      vertex 88.3171 0.61 9.99008
    endloop
  endfacet
  facet normal 0 1 0
    outer loop
      vertex 89.3242 0.61 6.64142
      vertex 88.2246 0.61 6.27952
      vertex 88.1814 0.61 6.40349
    endloop
  endfacet
  facet normal 0 1 0
    outer loop
      vertex 89.3693 0.61 9.59582
      vertex 89.3557 0.61 9.53744
      vertex 88.2757 0.61 9.87404
    endloop
  endfacet
  facet normal 0 1 0
    outer loop
      vertex 89.3859 0.61 9.6515
      vertex 88.3171 0.61 9.99008
      vertex 88.3658 0.61 10.1008
    endloop
  endfacet
  facet normal 0 1 -0
    outer loop
      vertex 89.3859 0.61 9.6515
      vertex 88.3658 0.61 10.1008
      vertex 89.4056 0.61 9.7045
    endloop
  endfacet
  facet normal 0 1 0
    outer loop
      vertex 89.4056 0.61 9.7045
      vertex 88.3658 0.61 10.1008
      vertex 88.4216 0.61 10.2062
    endloop
  endfacet
  facet normal 0 1 -0
    outer loop
      vertex 89.3378 0.61 9.41261
      vertex 88.2144 0.61 9.626
      vertex 89.3452 0.61 9.47636
    endloop
  endfacet
  facet normal 0 1 0
    outer loop
      vertex 89.3378 0.61 9.41261
      vertex 88.1945 0.61 9.49403
      vertex 88.2144 0.61 9.626
    endloop
  endfacet
  facet normal 0 1 -0
    outer loop
      vertex 90.8677 0.61 8.18795
      vertex 90.2698 0.61 8.65402
      vertex 90.8677 0.61 8.20421
    endloop
  endfacet
  facet normal 0 1 0
    outer loop
      vertex 90.9734 0.61 8.22683
      vertex 90.8677 0.61 8.20421
      vertex 90.6374 0.61 8.79381
    endloop
  endfacet
  facet normal 0 1 0
    outer loop
      vertex 90.4084 0.61 8.6873
      vertex 90.8677 0.61 8.20421
      vertex 90.3411 0.61 8.66899
    endloop
  endfacet
  facet normal 0 1 -0
    outer loop
      vertex 89.3452 0.61 9.47636
      vertex 88.2414 0.61 9.75268
      vertex 89.3557 0.61 9.53744
    endloop
  endfacet
  facet normal 0 1 0
    outer loop
      vertex 91.5842 0.61 8.4926
      vertex 91.5108 0.61 8.44313
      vertex 90.8589 0.61 9.04759
    endloop
  endfacet
  facet normal 0 1 -0
    outer loop
      vertex 89.483 0.61 9.84735
      vertex 88.717 0.61 10.5747
      vertex 89.515 0.61 9.88958
    endloop
  endfacet
  facet normal -0 1 0
    outer loop
      vertex 88.6324 0.61 10.4906
      vertex 88.717 0.61 10.5747
      vertex 89.483 0.61 9.84735
    endloop
  endfacet
  facet normal 0 1 0
    outer loop
      vertex 89.515 0.61 9.88958
      vertex 88.717 0.61 10.5747
      vertex 88.8088 0.61 10.6536
    endloop
  endfacet
  facet normal 0 1 0
    outer loop
      vertex 89.5499 0.61 9.92914
      vertex 89.515 0.61 9.88958
      vertex 88.8088 0.61 10.6536
    endloop
  endfacet
  facet normal 0 1 0
    outer loop
      vertex 89.588 0.61 9.96599
      vertex 89.5499 0.61 9.92914
      vertex 88.9069 0.61 10.7263
    endloop
  endfacet
  facet normal 0 1 0
    outer loop
      vertex 89.6287 0.61 9.99988
      vertex 89.588 0.61 9.96599
      vertex 89.0103 0.61 10.7921
    endloop
  endfacet
  facet normal 0 1 0
    outer loop
      vertex 89.119 0.61 10.851
      vertex 89.6287 0.61 9.99988
      vertex 89.0103 0.61 10.7921
    endloop
  endfacet
  facet normal 0 1 0
    outer loop
      vertex 89.233 0.61 10.903
      vertex 89.6716 0.61 10.0305
      vertex 89.119 0.61 10.851
    endloop
  endfacet
  facet normal 0 1 0
    outer loop
      vertex 89.3524 0.61 10.948
      vertex 89.7169 0.61 10.058
      vertex 89.233 0.61 10.903
    endloop
  endfacet
  facet normal 0 1 -0
    outer loop
      vertex 89.7643 0.61 10.0822
      vertex 89.4771 0.61 10.9861
      vertex 89.814 0.61 10.1032
    endloop
  endfacet
  facet normal 0 1 -0
    outer loop
      vertex 89.814 0.61 10.1032
      vertex 89.607 0.61 11.0173
      vertex 89.866 0.61 10.1209
    endloop
  endfacet
  facet normal 0 1 -0
    outer loop
      vertex 89.866 0.61 10.1209
      vertex 89.7423 0.61 11.0415
      vertex 89.9202 0.61 10.1355
    endloop
  endfacet
  facet normal -0 1 0
    outer loop
      vertex 89.7423 0.61 11.0415
      vertex 89.8829 0.61 11.0588
      vertex 89.9767 0.61 10.1468
    endloop
  endfacet
  facet normal -0 1 0
    outer loop
      vertex 89.8829 0.61 11.0588
      vertex 90.0288 0.61 11.0692
      vertex 90.0354 0.61 10.1548
    endloop
  endfacet
  facet normal -0 1 0
    outer loop
      vertex 90.0288 0.61 11.0692
      vertex 90.18 0.61 11.0727
      vertex 90.0964 0.61 10.1597
    endloop
  endfacet
  facet normal -0 1 0
    outer loop
      vertex 90.1597 0.61 10.1613
      vertex 90.18 0.61 11.0727
      vertex 90.227 0.61 10.1596
    endloop
  endfacet
  facet normal -0 1 0
    outer loop
      vertex 90.227 0.61 10.1596
      vertex 90.3402 0.61 11.0693
      vertex 90.2913 0.61 10.1546
    endloop
  endfacet
  facet normal 0 1 0
    outer loop
      vertex 90.3402 0.61 11.0693
      vertex 90.494 0.61 11.0593
      vertex 90.3526 0.61 10.1463
    endloop
  endfacet
  facet normal 0 1 0
    outer loop
      vertex 90.494 0.61 11.0593
      vertex 90.6413 0.61 11.0426
      vertex 90.4109 0.61 10.1347
    endloop
  endfacet
  facet normal -0 1 0
    outer loop
      vertex 90.5186 0.61 10.1014
      vertex 90.782 0.61 11.0191
      vertex 90.5679 0.61 10.0797
    endloop
  endfacet
  facet normal 0 1 -0
    outer loop
      vertex 90.6143 0.61 10.0547
      vertex 90.5679 0.61 10.0797
      vertex 90.9163 0.61 10.989
    endloop
  endfacet
  facet normal 0 1 0
    outer loop
      vertex 90.5679 0.61 10.0797
      vertex 90.782 0.61 11.0191
      vertex 90.9163 0.61 10.989
    endloop
  endfacet
  facet normal 0 1 0
    outer loop
      vertex 91.0441 0.61 10.9522
      vertex 90.6143 0.61 10.0547
      vertex 90.9163 0.61 10.989
    endloop
  endfacet
  facet normal 0 1 -0
    outer loop
      vertex 90.698 0.61 9.99482
      vertex 90.6577 0.61 10.0265
      vertex 91.1654 0.61 10.9087
    endloop
  endfacet
  facet normal 0 1 0
    outer loop
      vertex 90.6577 0.61 10.0265
      vertex 91.0441 0.61 10.9522
      vertex 91.1654 0.61 10.9087
    endloop
  endfacet
  facet normal 0 1 0
    outer loop
      vertex 91.2802 0.61 10.8585
      vertex 90.698 0.61 9.99482
      vertex 91.1654 0.61 10.9087
    endloop
  endfacet
  facet normal 0 1 0
    outer loop
      vertex 90.7354 0.61 9.95987
      vertex 91.2802 0.61 10.8585
      vertex 91.3886 0.61 10.8016
    endloop
  endfacet
  facet normal 0 1 0
    outer loop
      vertex 91.4904 0.61 10.7381
      vertex 90.7697 0.61 9.92198
      vertex 90.7354 0.61 9.95987
    endloop
  endfacet
  facet normal 0 1 0
    outer loop
      vertex 91.4904 0.61 10.7381
      vertex 90.7354 0.61 9.95987
      vertex 91.3886 0.61 10.8016
    endloop
  endfacet
  facet normal 0 1 0
    outer loop
      vertex 91.4904 0.61 10.7381
      vertex 91.5857 0.61 10.6678
      vertex 90.7697 0.61 9.92198
    endloop
  endfacet
  facet normal 0 1 0
    outer loop
      vertex 91.5857 0.61 10.6678
      vertex 91.6737 0.61 10.5916
      vertex 90.8007 0.61 9.88159
    endloop
  endfacet
  facet normal 0 1 0
    outer loop
      vertex 91.8244 0.61 10.4238
      vertex 90.8284 0.61 9.83865
      vertex 91.7532 0.61 10.5103
    endloop
  endfacet
  facet normal 0 1 0
    outer loop
      vertex 91.8872 0.61 10.3322
      vertex 90.874 0.61 9.74525
      vertex 90.8528 0.61 9.79321
    endloop
  endfacet
  facet normal 0 1 0
    outer loop
      vertex 91.8872 0.61 10.3322
      vertex 90.8528 0.61 9.79321
      vertex 91.8244 0.61 10.4238
    endloop
  endfacet
  facet normal 0 1 0
    outer loop
      vertex 91.9416 0.61 10.2355
      vertex 91.9877 0.61 10.1336
      vertex 90.874 0.61 9.74525
    endloop
  endfacet
  facet normal 0 1 0
    outer loop
      vertex 91.9416 0.61 10.2355
      vertex 90.874 0.61 9.74525
      vertex 91.8872 0.61 10.3322
    endloop
  endfacet
  facet normal 0 1 -0
    outer loop
      vertex 90.9067 0.61 9.64175
      vertex 90.892 0.61 9.69476
      vertex 92.0253 0.61 10.0265
    endloop
  endfacet
  facet normal 0 1 0
    outer loop
      vertex 92.0756 0.61 9.79699
      vertex 90.9181 0.61 9.58622
      vertex 90.9067 0.61 9.64175
    endloop
  endfacet
  facet normal 0 1 0
    outer loop
      vertex 92.0756 0.61 9.79699
      vertex 90.9067 0.61 9.64175
      vertex 92.0546 0.61 9.91433
    endloop
  endfacet
  facet normal 0 1 0
    outer loop
      vertex 92.0881 0.61 9.67451
      vertex 90.9262 0.61 9.52816
      vertex 90.9181 0.61 9.58622
    endloop
  endfacet
  facet normal 0 1 0
    outer loop
      vertex 92.0923 0.61 9.54689
      vertex 90.9311 0.61 9.4676
      vertex 90.9262 0.61 9.52816
    endloop
  endfacet
  facet normal 0 1 -0
    outer loop
      vertex 92.0689 0.61 9.26817
      vertex 90.9328 0.61 9.40451
      vertex 92.0819 0.61 9.35791
    endloop
  endfacet
  facet normal -0 1 -0
    outer loop
      vertex 90.9328 0.61 9.40451
      vertex 90.9311 0.61 9.4676
      vertex 92.0819 0.61 9.35791
    endloop
  endfacet
  facet normal 0 1 -0
    outer loop
      vertex 92.0506 0.61 9.18158
      vertex 90.9307 0.61 9.33787
      vertex 92.0689 0.61 9.26817
    endloop
  endfacet
  facet normal -0 1 0
    outer loop
      vertex 90.9307 0.61 9.33787
      vertex 90.9328 0.61 9.40451
      vertex 92.0689 0.61 9.26817
    endloop
  endfacet
  facet normal 0 1 0
    outer loop
      vertex 92.0272 0.61 9.09816
      vertex 90.9245 0.61 9.27411
      vertex 90.9307 0.61 9.33787
    endloop
  endfacet
  facet normal 0 1 0
    outer loop
      vertex 91.9985 0.61 9.0179
      vertex 91.9646 0.61 8.94079
      vertex 90.9245 0.61 9.27411
    endloop
  endfacet
  facet normal 0 1 -0
    outer loop
      vertex 91.8812 0.61 8.79606
      vertex 90.9143 0.61 9.21318
      vertex 91.9255 0.61 8.86685
    endloop
  endfacet
  facet normal 0 1 0
    outer loop
      vertex 90.9143 0.61 9.21318
      vertex 91.8317 0.61 8.72845
      vertex 90.8999 0.61 9.15513
    endloop
  endfacet
  facet normal 0 1 0
    outer loop
      vertex 91.8812 0.61 8.79606
      vertex 91.8317 0.61 8.72845
      vertex 90.9143 0.61 9.21318
    endloop
  endfacet
  facet normal 0 1 0
    outer loop
      vertex 90.8999 0.61 9.15513
      vertex 91.777 0.61 8.66398
      vertex 91.7173 0.61 8.60302
    endloop
  endfacet
  facet normal 0 1 0
    outer loop
      vertex 91.8317 0.61 8.72845
      vertex 91.777 0.61 8.66398
      vertex 90.8999 0.61 9.15513
    endloop
  endfacet
  facet normal 0 1 0
    outer loop
      vertex 91.7173 0.61 8.60302
      vertex 91.6531 0.61 8.5459
      vertex 90.8815 0.61 9.09993
    endloop
  endfacet
  facet normal -0 1 0
    outer loop
      vertex 90.8589 0.61 9.04759
      vertex 90.8815 0.61 9.09993
      vertex 91.5842 0.61 8.4926
    endloop
  endfacet
  facet normal 0 1 0
    outer loop
      vertex 90.8815 0.61 9.09993
      vertex 91.6531 0.61 8.5459
      vertex 91.5842 0.61 8.4926
    endloop
  endfacet
  facet normal 0 1 0
    outer loop
      vertex 90.8589 0.61 9.04759
      vertex 91.5108 0.61 8.44313
      vertex 91.4327 0.61 8.3975
    endloop
  endfacet
  facet normal -0 1 0
    outer loop
      vertex 90.8322 0.61 8.99811
      vertex 90.8589 0.61 9.04759
      vertex 91.4327 0.61 8.3975
    endloop
  endfacet
  facet normal 0 1 0
    outer loop
      vertex 91.4327 0.61 8.3975
      vertex 91.3501 0.61 8.35571
      vertex 90.8322 0.61 8.99811
    endloop
  endfacet
  facet normal 0 1 0
    outer loop
      vertex 90.8322 0.61 8.99811
      vertex 91.3501 0.61 8.35571
      vertex 90.8015 0.61 8.95147
    endloop
  endfacet
  facet normal 0 1 0
    outer loop
      vertex 90.8015 0.61 8.95147
      vertex 91.3501 0.61 8.35571
      vertex 91.2628 0.61 8.31773
    endloop
  endfacet
  facet normal -0 1 0
    outer loop
      vertex 90.7666 0.61 8.90771
      vertex 90.8015 0.61 8.95147
      vertex 91.2628 0.61 8.31773
    endloop
  endfacet
  facet normal 0 1 -0
    outer loop
      vertex 91.1709 0.61 8.28361
      vertex 90.7666 0.61 8.90771
      vertex 91.2628 0.61 8.31773
    endloop
  endfacet
  facet normal 0 1 0
    outer loop
      vertex 91.1709 0.61 8.28361
      vertex 90.7276 0.61 8.8668
      vertex 90.7666 0.61 8.90771
    endloop
  endfacet
  facet normal 0 1 0
    outer loop
      vertex 91.1709 0.61 8.28361
      vertex 91.0744 0.61 8.25331
      vertex 90.7276 0.61 8.8668
    endloop
  endfacet
  facet normal 0 1 0
    outer loop
      vertex 90.7276 0.61 8.8668
      vertex 91.0744 0.61 8.25331
      vertex 90.6845 0.61 8.82875
    endloop
  endfacet
  facet normal 0 1 0
    outer loop
      vertex 90.6845 0.61 8.82875
      vertex 91.0744 0.61 8.25331
      vertex 90.9734 0.61 8.22683
    endloop
  endfacet
  facet normal -0 1 0
    outer loop
      vertex 90.6374 0.61 8.79381
      vertex 90.6845 0.61 8.82875
      vertex 90.9734 0.61 8.22683
    endloop
  endfacet
  facet normal -0 1 0
    outer loop
      vertex 90.5862 0.61 8.76219
      vertex 90.6374 0.61 8.79381
      vertex 90.8677 0.61 8.20421
    endloop
  endfacet
  facet normal -0 1 0
    outer loop
      vertex 90.531 0.61 8.7339
      vertex 90.5862 0.61 8.76219
      vertex 90.8677 0.61 8.20421
    endloop
  endfacet
  facet normal -0 1 0
    outer loop
      vertex 90.4717 0.61 8.70894
      vertex 90.531 0.61 8.7339
      vertex 90.8677 0.61 8.20421
    endloop
  endfacet
  facet normal -0 1 0
    outer loop
      vertex 90.4084 0.61 8.6873
      vertex 90.4717 0.61 8.70894
      vertex 90.8677 0.61 8.20421
    endloop
  endfacet
  facet normal 0 1 0
    outer loop
      vertex 90.3411 0.61 8.66899
      vertex 90.8677 0.61 8.20421
      vertex 90.2698 0.61 8.65402
    endloop
  endfacet
  facet normal 0 1 0
    outer loop
      vertex 90.115 0.61 8.63405
      vertex 90.1578 0.61 7.69703
      vertex 90.0654 0.61 7.70208
    endloop
  endfacet
  facet normal -0 1 0
    outer loop
      vertex 90.0315 0.61 8.62906
      vertex 90.115 0.61 8.63405
      vertex 90.0654 0.61 7.70208
    endloop
  endfacet
  facet normal -0 1 0
    outer loop
      vertex 89.944 0.61 8.62739
      vertex 90.0315 0.61 8.62906
      vertex 89.9684 0.61 7.70376
    endloop
  endfacet
  facet normal 0 1 0
    outer loop
      vertex 89.5697 0.61 7.70376
      vertex 89.944 0.61 8.62739
      vertex 89.9684 0.61 7.70376
    endloop
  endfacet
  facet normal 0 1 0
    outer loop
      vertex 89.5697 0.61 7.70376
      vertex 89.5697 0.61 8.62739
      vertex 89.944 0.61 8.62739
    endloop
  endfacet
  facet normal -0 1 0
    outer loop
      vertex 89.9684 0.61 7.70376
      vertex 90.0315 0.61 8.62906
      vertex 90.0654 0.61 7.70208
    endloop
  endfacet
  facet normal -0 1 0
    outer loop
      vertex 90.115 0.61 8.63405
      vertex 90.1944 0.61 8.64236
      vertex 90.1578 0.61 7.69703
    endloop
  endfacet
  facet normal 0 1 0
    outer loop
      vertex 90.7012 0.61 6.19609
      vertex 91.1365 0.61 5.29153
      vertex 90.9997 0.61 5.25157
    endloop
  endfacet
  facet normal 0 1 0
    outer loop
      vertex 91.0304 0.61 7.16893
      vertex 91.8827 0.61 7.75459
      vertex 91.9445 0.61 7.68823
    endloop
  endfacet
  facet normal 0 1 -0
    outer loop
      vertex 90.5536 0.61 7.62137
      vertex 90.4833 0.61 7.64323
      vertex 90.8677 0.61 8.18795
    endloop
  endfacet
  facet normal -0 1 0
    outer loop
      vertex 90.6808 0.61 7.56756
      vertex 90.8677 0.61 8.18795
      vertex 90.7378 0.61 7.53561
    endloop
  endfacet
  facet normal 0 1 0
    outer loop
      vertex 91.5838 0.61 7.97667
      vertex 90.9847 0.61 7.27841
      vertex 90.9549 0.61 7.3287
    endloop
  endfacet
  facet normal 0 1 0
    outer loop
      vertex 91.4042 0.61 8.06006
      vertex 91.4965 0.61 8.02067
      vertex 90.9206 0.61 7.37603
    endloop
  endfacet
  facet normal 0 1 0
    outer loop
      vertex 91.4965 0.61 8.02067
      vertex 91.5838 0.61 7.97667
      vertex 90.9549 0.61 7.3287
    endloop
  endfacet
  facet normal 0 1 0
    outer loop
      vertex 90.9847 0.61 7.27841
      vertex 91.666 0.61 7.92805
      vertex 91.7433 0.61 7.87484
    endloop
  endfacet
  facet normal 0 1 0
    outer loop
      vertex 91.5838 0.61 7.97667
      vertex 91.666 0.61 7.92805
      vertex 90.9847 0.61 7.27841
    endloop
  endfacet
  facet normal 0 1 -0
    outer loop
      vertex 91.0098 0.61 7.22514
      vertex 90.9847 0.61 7.27841
      vertex 91.7433 0.61 7.87484
    endloop
  endfacet
  facet normal 0 1 -0
    outer loop
      vertex 91.0304 0.61 7.16893
      vertex 91.0098 0.61 7.22514
      vertex 91.8827 0.61 7.75459
    endloop
  endfacet
  facet normal 0 1 0
    outer loop
      vertex 91.0098 0.61 7.22514
      vertex 91.8155 0.61 7.81701
      vertex 91.8827 0.61 7.75459
    endloop
  endfacet
  facet normal 0 1 -0
    outer loop
      vertex 91.0464 0.61 7.10975
      vertex 91.0304 0.61 7.16893
      vertex 92.0004 0.61 7.61862
    endloop
  endfacet
  facet normal 0 1 0
    outer loop
      vertex 91.0304 0.61 7.16893
      vertex 91.9445 0.61 7.68823
      vertex 92.0004 0.61 7.61862
    endloop
  endfacet
  facet normal 0 1 0
    outer loop
      vertex 92.0505 0.61 7.54573
      vertex 91.0464 0.61 7.10975
      vertex 92.0004 0.61 7.61862
    endloop
  endfacet
  facet normal 0 1 0
    outer loop
      vertex 92.1328 0.61 7.39019
      vertex 91.0578 0.61 7.04762
      vertex 91.0464 0.61 7.10975
    endloop
  endfacet
  facet normal 0 1 0
    outer loop
      vertex 92.1328 0.61 7.39019
      vertex 91.0464 0.61 7.10975
      vertex 92.0946 0.61 7.46959
    endloop
  endfacet
  facet normal 0 1 0
    outer loop
      vertex 92.1652 0.61 7.30752
      vertex 92.1917 0.61 7.2216
      vertex 91.0578 0.61 7.04762
    endloop
  endfacet
  facet normal 0 1 0
    outer loop
      vertex 92.1652 0.61 7.30752
      vertex 91.0578 0.61 7.04762
      vertex 92.1328 0.61 7.39019
    endloop
  endfacet
  facet normal 0 1 0
    outer loop
      vertex 92.1917 0.61 7.2216
      vertex 92.2123 0.61 7.13241
      vertex 91.0647 0.61 6.98251
    endloop
  endfacet
  facet normal 0 1 0
    outer loop
      vertex 92.1917 0.61 7.2216
      vertex 91.0647 0.61 6.98251
      vertex 91.0578 0.61 7.04762
    endloop
  endfacet
  facet normal 0 1 0
    outer loop
      vertex 92.2358 0.61 6.94426
      vertex 91.067 0.61 6.91446
      vertex 92.227 0.61 7.03996
    endloop
  endfacet
  facet normal 0 1 0
    outer loop
      vertex 92.2388 0.61 6.84529
      vertex 91.0651 0.61 6.84004
      vertex 91.067 0.61 6.91446
    endloop
  endfacet
  facet normal 0 1 0
    outer loop
      vertex 91.0651 0.61 6.84004
      vertex 92.2344 0.61 6.70183
      vertex 91.0594 0.61 6.76919
    endloop
  endfacet
  facet normal 0 1 0
    outer loop
      vertex 92.2213 0.61 6.56444
      vertex 92.1994 0.61 6.43309
      vertex 91.05 0.61 6.7019
    endloop
  endfacet
  facet normal 0 1 0
    outer loop
      vertex 92.2213 0.61 6.56444
      vertex 91.05 0.61 6.7019
      vertex 91.0594 0.61 6.76919
    endloop
  endfacet
  facet normal 0 1 0
    outer loop
      vertex 92.1994 0.61 6.43309
      vertex 92.1688 0.61 6.3078
      vertex 91.0368 0.61 6.63818
    endloop
  endfacet
  facet normal 0 1 0
    outer loop
      vertex 92.1994 0.61 6.43309
      vertex 91.0368 0.61 6.63818
      vertex 91.05 0.61 6.7019
    endloop
  endfacet
  facet normal 0 1 -0
    outer loop
      vertex 92.0814 0.61 6.07538
      vertex 91.0199 0.61 6.57802
      vertex 92.1295 0.61 6.18857
    endloop
  endfacet
  facet normal 0 1 0
    outer loop
      vertex 92.0814 0.61 6.07538
      vertex 92.0246 0.61 5.96824
      vertex 90.9992 0.61 6.52142
    endloop
  endfacet
  facet normal 0 1 0
    outer loop
      vertex 92.0814 0.61 6.07538
      vertex 90.9992 0.61 6.52142
      vertex 91.0199 0.61 6.57802
    endloop
  endfacet
  facet normal 0 1 0
    outer loop
      vertex 90.9992 0.61 6.52142
      vertex 92.0246 0.61 5.96824
      vertex 90.9747 0.61 6.46838
    endloop
  endfacet
  facet normal 0 1 0
    outer loop
      vertex 91.8847 0.61 5.77212
      vertex 90.9464 0.61 6.41893
      vertex 90.9747 0.61 6.46838
    endloop
  endfacet
  facet normal 0 1 0
    outer loop
      vertex 91.8847 0.61 5.77212
      vertex 91.8016 0.61 5.68315
      vertex 90.9464 0.61 6.41893
    endloop
  endfacet
  facet normal 0 1 0
    outer loop
      vertex 90.9144 0.61 6.37301
      vertex 91.8016 0.61 5.68315
      vertex 91.7098 0.61 5.60022
    endloop
  endfacet
  facet normal 0 1 0
    outer loop
      vertex 90.9464 0.61 6.41893
      vertex 91.8016 0.61 5.68315
      vertex 90.9144 0.61 6.37301
    endloop
  endfacet
  facet normal 0 1 0
    outer loop
      vertex 90.9144 0.61 6.37301
      vertex 91.7098 0.61 5.60022
      vertex 91.61 0.61 5.52395
    endloop
  endfacet
  facet normal 0 1 -0
    outer loop
      vertex 91.5027 0.61 5.45495
      vertex 90.8786 0.61 6.33067
      vertex 91.61 0.61 5.52395
    endloop
  endfacet
  facet normal -0 1 0
    outer loop
      vertex 90.8786 0.61 6.33067
      vertex 90.9144 0.61 6.37301
      vertex 91.61 0.61 5.52395
    endloop
  endfacet
  facet normal 0 1 0
    outer loop
      vertex 91.5027 0.61 5.45495
      vertex 90.8391 0.61 6.2919
      vertex 90.8786 0.61 6.33067
    endloop
  endfacet
  facet normal 0 1 0
    outer loop
      vertex 90.7962 0.61 6.2566
      vertex 91.388 0.61 5.39322
      vertex 91.266 0.61 5.33874
    endloop
  endfacet
  facet normal -0 1 0
    outer loop
      vertex 90.7502 0.61 6.22467
      vertex 90.7962 0.61 6.2566
      vertex 91.266 0.61 5.33874
    endloop
  endfacet
  facet normal 0 1 0
    outer loop
      vertex 91.1365 0.61 5.29153
      vertex 90.7012 0.61 6.19609
      vertex 90.7502 0.61 6.22467
    endloop
  endfacet
  facet normal 0 1 -0
    outer loop
      vertex 91.1365 0.61 5.29153
      vertex 90.7502 0.61 6.22467
      vertex 91.266 0.61 5.33874
    endloop
  endfacet
  facet normal -0 1 0
    outer loop
      vertex 90.6492 0.61 6.17087
      vertex 90.7012 0.61 6.19609
      vertex 90.9997 0.61 5.25157
    endloop
  endfacet
  facet normal 0 1 -0
    outer loop
      vertex 90.8554 0.61 5.21888
      vertex 90.6492 0.61 6.17087
      vertex 90.9997 0.61 5.25157
    endloop
  endfacet
  facet normal 0 1 0
    outer loop
      vertex 90.8554 0.61 5.21888
      vertex 90.5942 0.61 6.14901
      vertex 90.6492 0.61 6.17087
    endloop
  endfacet
  facet normal 0 1 0
    outer loop
      vertex 90.8554 0.61 5.21888
      vertex 90.5361 0.61 6.13052
      vertex 90.5942 0.61 6.14901
    endloop
  endfacet
  facet normal 0 1 0
    outer loop
      vertex 90.8554 0.61 5.21888
      vertex 90.7038 0.61 5.19346
      vertex 90.5361 0.61 6.13052
    endloop
  endfacet
  facet normal 0 1 0
    outer loop
      vertex 90.5361 0.61 6.13052
      vertex 90.7038 0.61 5.19346
      vertex 90.475 0.61 6.1154
    endloop
  endfacet
  facet normal 0 1 0
    outer loop
      vertex 90.475 0.61 6.1154
      vertex 90.7038 0.61 5.19346
      vertex 90.5447 0.61 5.17531
    endloop
  endfacet
  facet normal -0 1 0
    outer loop
      vertex 90.4109 0.61 6.10363
      vertex 90.475 0.61 6.1154
      vertex 90.5447 0.61 5.17531
    endloop
  endfacet
  facet normal -0 1 0
    outer loop
      vertex 90.3437 0.61 6.09523
      vertex 90.4109 0.61 6.10363
      vertex 90.5447 0.61 5.17531
    endloop
  endfacet
  facet normal 0 1 -0
    outer loop
      vertex 90.3783 0.61 5.16441
      vertex 90.3437 0.61 6.09523
      vertex 90.5447 0.61 5.17531
    endloop
  endfacet
  facet normal 0 1 0
    outer loop
      vertex 90.3783 0.61 5.16441
      vertex 90.2735 0.61 6.09018
      vertex 90.3437 0.61 6.09523
    endloop
  endfacet
  facet normal 0 1 0
    outer loop
      vertex 90.3783 0.61 5.16441
      vertex 90.2044 0.61 5.16078
      vertex 90.2735 0.61 6.09018
    endloop
  endfacet
  facet normal 0 1 0
    outer loop
      vertex 89.2864 0.61 6.77112
      vertex 89.3242 0.61 6.64142
      vertex 88.1814 0.61 6.40349
    endloop
  endfacet
  facet normal 0 1 -0
    outer loop
      vertex 90.2044 0.61 5.16078
      vertex 90.2003 0.61 6.0885
      vertex 90.2735 0.61 6.09018
    endloop
  endfacet
  facet normal -0 1 0
    outer loop
      vertex 88.2246 0.61 6.27952
      vertex 89.3242 0.61 6.64142
      vertex 88.2752 0.61 6.16179
    endloop
  endfacet
  facet normal 0 1 0
    outer loop
      vertex 89.2864 0.61 6.77112
      vertex 88.1814 0.61 6.40349
      vertex 88.1458 0.61 6.53367
    endloop
  endfacet
  facet normal 0 1 0
    outer loop
      vertex 89.2864 0.61 6.77112
      vertex 88.1458 0.61 6.53367
      vertex 88.1176 0.61 6.67007
    endloop
  endfacet
  facet normal 0 1 0
    outer loop
      vertex 88.1176 0.61 6.67007
      vertex 89.2605 0.61 6.91446
      vertex 89.2864 0.61 6.77112
    endloop
  endfacet
  facet normal -0 1 0
    outer loop
      vertex 88.0968 0.61 6.8127
      vertex 89.2605 0.61 6.91446
      vertex 88.1176 0.61 6.67007
    endloop
  endfacet
  facet normal 0 1 0
    outer loop
      vertex 89.4356 0.61 6.42299
      vertex 88.5523 0.61 5.753
      vertex 88.4718 0.61 5.84587
    endloop
  endfacet
  facet normal -0 1 0
    outer loop
      vertex 88.7356 0.61 5.58595
      vertex 89.5092 0.61 6.33424
      vertex 88.8379 0.61 5.51216
    endloop
  endfacet
  facet normal -0 1 0
    outer loop
      vertex 89.0612 0.61 5.38566
      vertex 89.5946 0.61 6.25915
      vertex 89.1822 0.61 5.33296
    endloop
  endfacet
  facet normal 0 1 0
    outer loop
      vertex 89.443 0.61 5.24862
      vertex 89.6919 0.61 6.19772
      vertex 89.8012 0.61 6.14995
    endloop
  endfacet
  facet normal 0 1 -0
    outer loop
      vertex 89.8811 0.61 5.17483
      vertex 89.7288 0.61 5.19241
      vertex 89.9223 0.61 6.11581
    endloop
  endfacet
  facet normal 0 1 0
    outer loop
      vertex 90.0554 0.61 6.09533
      vertex 90.0396 0.61 5.1643
      vertex 89.8811 0.61 5.17483
    endloop
  endfacet
  facet normal 0 1 0
    outer loop
      vertex 94.0006 0.61 9.68995
      vertex 92.9408 0.61 10.0838
      vertex 92.995 0.61 10.1944
    endloop
  endfacet
  facet normal 0 1 -0
    outer loop
      vertex 96.484 0.61 8.73317
      vertex 95.4511 0.61 9.18907
      vertex 96.5115 0.61 8.79298
    endloop
  endfacet
  facet normal 0 1 -0
    outer loop
      vertex 96.5955 0.61 9.04504
      vertex 95.4751 0.61 9.30124
      vertex 96.6099 0.61 9.11125
    endloop
  endfacet
  facet normal 0 1 0
    outer loop
      vertex 93.9693 0.61 7.62001
      vertex 94.596 0.61 6.85878
      vertex 93.8712 0.61 7.53056
    endloop
  endfacet
  facet normal 0 1 0
    outer loop
      vertex 94.6895 0.61 6.94243
      vertex 94.6423 0.61 6.90063
      vertex 93.9693 0.61 7.62001
    endloop
  endfacet
  facet normal 0 1 0
    outer loop
      vertex 94.7375 0.61 6.98416
      vertex 94.6895 0.61 6.94243
      vertex 94.0708 0.61 7.71013
    endloop
  endfacet
  facet normal 0 1 0
    outer loop
      vertex 94.7863 0.61 7.02582
      vertex 94.0708 0.61 7.71013
      vertex 94.1759 0.61 7.80092
    endloop
  endfacet
  facet normal 0 1 0
    outer loop
      vertex 94.836 0.61 7.06741
      vertex 94.1759 0.61 7.80092
      vertex 94.2846 0.61 7.89238
    endloop
  endfacet
  facet normal 0 1 -0
    outer loop
      vertex 94.8865 0.61 7.10893
      vertex 94.2846 0.61 7.89238
      vertex 94.9379 0.61 7.15039
    endloop
  endfacet
  facet normal 0 1 0
    outer loop
      vertex 94.9379 0.61 7.15039
      vertex 94.2846 0.61 7.89238
      vertex 94.3967 0.61 7.98451
    endloop
  endfacet
  facet normal -0 1 0
    outer loop
      vertex 94.6038 0.61 8.1564
      vertex 94.6984 0.61 8.23811
      vertex 95.254 0.61 7.4026
    endloop
  endfacet
  facet normal -0 1 0
    outer loop
      vertex 94.6984 0.61 8.23811
      vertex 94.7871 0.61 8.317
      vertex 95.3618 0.61 7.48829
    endloop
  endfacet
  facet normal -0 1 0
    outer loop
      vertex 94.7871 0.61 8.317
      vertex 94.8698 0.61 8.39306
      vertex 95.4708 0.61 7.57478
    endloop
  endfacet
  facet normal 0 1 0
    outer loop
      vertex 95.5805 0.61 7.66226
      vertex 95.5258 0.61 7.61833
      vertex 94.8698 0.61 8.39306
    endloop
  endfacet
  facet normal 0 1 0
    outer loop
      vertex 95.8401 0.61 7.89048
      vertex 95.0822 0.61 8.60429
      vertex 95.1411 0.61 8.66906
    endloop
  endfacet
  facet normal 0 1 -0
    outer loop
      vertex 96.0316 0.61 8.08334
      vertex 95.241 0.61 8.79011
      vertex 96.0771 0.61 8.13299
    endloop
  endfacet
  facet normal 0 1 0
    outer loop
      vertex 95.283 0.61 8.8477
      vertex 96.1644 0.61 8.23456
      vertex 96.1215 0.61 8.18335
    endloop
  endfacet
  facet normal 0 1 0
    outer loop
      vertex 96.2458 0.61 8.33947
      vertex 95.321 0.61 8.9051
      vertex 95.355 0.61 8.96229
    endloop
  endfacet
  facet normal 0 1 -0
    outer loop
      vertex 96.2843 0.61 8.3932
      vertex 95.355 0.61 8.96229
      vertex 96.3213 0.61 8.44775
    endloop
  endfacet
  facet normal 0 1 0
    outer loop
      vertex 93.0558 0.61 10.2988
      vertex 94.0484 0.61 9.79434
      vertex 94.0234 0.61 9.74377
    endloop
  endfacet
  facet normal 0 1 -0
    outer loop
      vertex 93.9459 0.61 9.50892
      vertex 92.8523 0.61 9.84388
      vertex 93.9619 0.61 9.57252
    endloop
  endfacet
  facet normal 0 1 0
    outer loop
      vertex 94.0484 0.61 9.79434
      vertex 93.0558 0.61 10.2988
      vertex 93.1233 0.61 10.3969
    endloop
  endfacet
  facet normal 0 1 0
    outer loop
      vertex 93.9459 0.61 9.50892
      vertex 93.9322 0.61 9.44206
      vertex 92.818 0.61 9.71452
    endloop
  endfacet
  facet normal 0 1 0
    outer loop
      vertex 93.664 0.61 10.851
      vertex 94.2075 0.61 9.9982
      vertex 93.5585 0.61 10.7921
    endloop
  endfacet
  facet normal -0 1 0
    outer loop
      vertex 95.411 0.61 9.07608
      vertex 95.4331 0.61 9.13267
      vertex 96.4233 0.61 8.61648
    endloop
  endfacet
  facet normal 0 1 0
    outer loop
      vertex 95.4511 0.61 9.18907
      vertex 96.484 0.61 8.73317
      vertex 95.4331 0.61 9.13267
    endloop
  endfacet
  facet normal 0 1 -0
    outer loop
      vertex 96.5365 0.61 8.85409
      vertex 95.4511 0.61 9.18907
      vertex 96.5588 0.61 8.91646
    endloop
  endfacet
  facet normal 0 1 0
    outer loop
      vertex 95.3835 0.61 9.85811
      vertex 96.3104 0.61 10.4843
      vertex 96.3801 0.61 10.3933
    endloop
  endfacet
  facet normal -0 1 0
    outer loop
      vertex 95.2591 0.61 10.0066
      vertex 95.9516 0.61 10.7894
      vertex 95.3276 0.61 9.93853
    endloop
  endfacet
  facet normal 0 1 0
    outer loop
      vertex 95.4765 0.61 10.9853
      vertex 95.1783 0.61 10.0623
      vertex 95.0849 0.61 10.1056
    endloop
  endfacet
  facet normal 0 1 0
    outer loop
      vertex 96.1463 0.61 10.6495
      vertex 95.3276 0.61 9.93853
      vertex 96.0525 0.61 10.723
    endloop
  endfacet
  facet normal 0 1 0
    outer loop
      vertex 95.0453 0.61 11.0587
      vertex 94.861 0.61 10.1551
      vertex 94.8873 0.61 11.0692
    endloop
  endfacet
  facet normal 0 1 0
    outer loop
      vertex 94.7222 0.61 11.0727
      vertex 94.7304 0.61 10.1613
      vertex 94.6652 0.61 10.1596
    endloop
  endfacet
  facet normal 0 1 0
    outer loop
      vertex 95.4271 0.61 9.76529
      vertex 96.495 0.61 10.1942
      vertex 96.5401 0.61 10.0862
    endloop
  endfacet
  facet normal 0 1 0
    outer loop
      vertex 96.6309 0.61 9.24749
      vertex 96.6217 0.61 9.17874
      vertex 95.4811 0.61 9.35702
    endloop
  endfacet
  facet normal 0 1 0
    outer loop
      vertex 95.4769 0.61 9.54254
      vertex 96.6263 0.61 9.72831
      vertex 96.6386 0.61 9.5977
    endloop
  endfacet
  facet normal -0 1 0
    outer loop
      vertex 95.4811 0.61 9.35702
      vertex 95.4831 0.61 9.41261
      vertex 96.6375 0.61 9.31753
    endloop
  endfacet
  facet normal 0 1 -0
    outer loop
      vertex 96.6309 0.61 9.24749
      vertex 95.4811 0.61 9.35702
      vertex 96.6375 0.61 9.31753
    endloop
  endfacet
  facet normal 0 1 -0
    outer loop
      vertex 96.6375 0.61 9.31753
      vertex 95.4831 0.61 9.41261
      vertex 96.6414 0.61 9.38885
    endloop
  endfacet
  facet normal -0 1 0
    outer loop
      vertex 95.4769 0.61 9.54254
      vertex 96.6386 0.61 9.5977
      vertex 96.6427 0.61 9.46145
    endloop
  endfacet
  facet normal -0 1 0
    outer loop
      vertex 95.4582 0.61 9.66011
      vertex 96.6263 0.61 9.72831
      vertex 95.4769 0.61 9.54254
    endloop
  endfacet
  facet normal 0 1 -0
    outer loop
      vertex 95.4271 0.61 9.76529
      vertex 95.3835 0.61 9.85811
      vertex 96.3801 0.61 10.3933
    endloop
  endfacet
  facet normal 0 1 0
    outer loop
      vertex 95.8435 0.61 10.8489
      vertex 95.9516 0.61 10.7894
      vertex 95.2591 0.61 10.0066
    endloop
  endfacet
  facet normal 0 1 0
    outer loop
      vertex 95.3399 0.61 11.0167
      vertex 95.0849 0.61 10.1056
      vertex 95.1962 0.61 11.0412
    endloop
  endfacet
  facet normal 0 1 -0
    outer loop
      vertex 94.9792 0.61 10.1365
      vertex 94.861 0.61 10.1551
      vertex 95.0453 0.61 11.0587
    endloop
  endfacet
  facet normal -0 1 0
    outer loop
      vertex 95.3276 0.61 9.93853
      vertex 96.1463 0.61 10.6495
      vertex 95.3835 0.61 9.85811
    endloop
  endfacet
  facet normal 0 1 0
    outer loop
      vertex 94.6029 0.61 10.1548
      vertex 94.4219 0.61 11.0588
      vertex 94.5691 0.61 11.0692
    endloop
  endfacet
  facet normal 0 1 0
    outer loop
      vertex 96.5401 0.61 10.0862
      vertex 95.4582 0.61 9.66011
      vertex 95.4271 0.61 9.76529
    endloop
  endfacet
  facet normal 0 1 0
    outer loop
      vertex 95.4582 0.61 9.66011
      vertex 96.5771 0.61 9.97256
      vertex 96.6058 0.61 9.85327
    endloop
  endfacet
  facet normal 0 1 0
    outer loop
      vertex 96.6217 0.61 9.17874
      vertex 96.6099 0.61 9.11125
      vertex 95.4751 0.61 9.30124
    endloop
  endfacet
  facet normal 0 1 -0
    outer loop
      vertex 94.4332 0.61 10.1205
      vertex 94.2807 0.61 11.0415
      vertex 94.4869 0.61 10.1352
    endloop
  endfacet
  facet normal 0 1 0
    outer loop
      vertex 95.4751 0.61 9.30124
      vertex 96.5955 0.61 9.04504
      vertex 95.4651 0.61 9.24525
    endloop
  endfacet
  facet normal 0 1 0
    outer loop
      vertex 95.4511 0.61 9.18907
      vertex 96.5365 0.61 8.85409
      vertex 96.5115 0.61 8.79298
    endloop
  endfacet
  facet normal -0 1 0
    outer loop
      vertex 94.0162 0.61 10.9861
      vertex 94.1455 0.61 11.0173
      vertex 94.3824 0.61 10.1026
    endloop
  endfacet
  facet normal 0 1 0
    outer loop
      vertex 93.8928 0.61 10.948
      vertex 94.3344 0.61 10.0814
      vertex 94.2892 0.61 10.0569
    endloop
  endfacet
  facet normal 0 1 0
    outer loop
      vertex 95.411 0.61 9.07608
      vertex 96.4233 0.61 8.61648
      vertex 96.3908 0.61 8.5594
    endloop
  endfacet
  facet normal 0 1 0
    outer loop
      vertex 93.664 0.61 10.851
      vertex 94.2469 0.61 10.0292
      vertex 94.2075 0.61 9.9982
    endloop
  endfacet
  facet normal -0 1 0
    outer loop
      vertex 92.7903 0.61 9.5789
      vertex 92.818 0.61 9.71452
      vertex 93.9322 0.61 9.44206
    endloop
  endfacet
  facet normal 0 1 0
    outer loop
      vertex 94.0234 0.61 9.74377
      vertex 92.995 0.61 10.1944
      vertex 93.0558 0.61 10.2988
    endloop
  endfacet
  facet normal 0 1 0
    outer loop
      vertex 93.9619 0.61 9.57252
      vertex 92.8523 0.61 9.84388
      vertex 92.8932 0.61 9.96699
    endloop
  endfacet
  facet normal 0 1 0
    outer loop
      vertex 93.9801 0.61 9.63287
      vertex 92.8932 0.61 9.96699
      vertex 92.9408 0.61 10.0838
    endloop
  endfacet
  facet normal 0 1 0
    outer loop
      vertex 93.9801 0.61 9.63287
      vertex 93.9619 0.61 9.57252
      vertex 92.8932 0.61 9.96699
    endloop
  endfacet
  facet normal 0 1 -0
    outer loop
      vertex 94.0006 0.61 9.68995
      vertex 92.995 0.61 10.1944
      vertex 94.0234 0.61 9.74377
    endloop
  endfacet
  facet normal 0 1 0
    outer loop
      vertex 93.1233 0.61 10.3969
      vertex 94.0757 0.61 9.84163
      vertex 94.0484 0.61 9.79434
    endloop
  endfacet
  facet normal 0 1 0
    outer loop
      vertex 93.1973 0.61 10.4887
      vertex 94.0757 0.61 9.84163
      vertex 93.1233 0.61 10.3969
    endloop
  endfacet
  facet normal 0 1 0
    outer loop
      vertex 93.278 0.61 10.5743
      vertex 94.0757 0.61 9.84163
      vertex 93.1973 0.61 10.4887
    endloop
  endfacet
  facet normal -0 1 0
    outer loop
      vertex 92.7692 0.61 9.43702
      vertex 92.7903 0.61 9.5789
      vertex 93.9207 0.61 9.37193
    endloop
  endfacet
  facet normal 0 1 0
    outer loop
      vertex 95.355 0.61 8.96229
      vertex 96.2843 0.61 8.3932
      vertex 96.2458 0.61 8.33947
    endloop
  endfacet
  facet normal 0 1 -0
    outer loop
      vertex 96.1644 0.61 8.23456
      vertex 95.321 0.61 8.9051
      vertex 96.2059 0.61 8.28659
    endloop
  endfacet
  facet normal 0 1 0
    outer loop
      vertex 96.1644 0.61 8.23456
      vertex 95.283 0.61 8.8477
      vertex 95.321 0.61 8.9051
    endloop
  endfacet
  facet normal 0 1 0
    outer loop
      vertex 95.9851 0.61 8.03428
      vertex 95.9377 0.61 7.98578
      vertex 95.194 0.61 8.731
    endloop
  endfacet
  facet normal 0 1 0
    outer loop
      vertex 95.79 0.61 7.8437
      vertex 95.739 0.61 7.79748
      vertex 95.0173 0.61 8.53671
    endloop
  endfacet
  facet normal 0 1 -0
    outer loop
      vertex 95.1474 0.61 7.31773
      vertex 94.6038 0.61 8.1564
      vertex 95.254 0.61 7.4026
    endloop
  endfacet
  facet normal 0 1 0
    outer loop
      vertex 95.1474 0.61 7.31773
      vertex 95.042 0.61 7.23365
      vertex 94.5032 0.61 8.07185
    endloop
  endfacet
  facet normal 0 1 -0
    outer loop
      vertex 94.0757 0.61 9.84163
      vertex 93.278 0.61 10.5743
      vertex 94.1052 0.61 9.88566
    endloop
  endfacet
  facet normal -0 1 0
    outer loop
      vertex 95.194 0.61 8.731
      vertex 95.241 0.61 8.79011
      vertex 96.0316 0.61 8.08334
    endloop
  endfacet
  facet normal 0 1 0
    outer loop
      vertex 94.1052 0.61 9.88566
      vertex 93.278 0.61 10.5743
      vertex 93.3653 0.61 10.6536
    endloop
  endfacet
  facet normal -0 1 0
    outer loop
      vertex 93.3653 0.61 10.6536
      vertex 93.4589 0.61 10.7263
      vertex 94.1369 0.61 9.92643
    endloop
  endfacet
  facet normal 0 1 0
    outer loop
      vertex 94.1709 0.61 9.96394
      vertex 93.4589 0.61 10.7263
      vertex 93.5585 0.61 10.7921
    endloop
  endfacet
  facet normal 0 1 -0
    outer loop
      vertex 94.1369 0.61 9.92643
      vertex 93.4589 0.61 10.7263
      vertex 94.1709 0.61 9.96394
    endloop
  endfacet
  facet normal 0 1 0
    outer loop
      vertex 94.2075 0.61 9.9982
      vertex 94.1709 0.61 9.96394
      vertex 93.5585 0.61 10.7921
    endloop
  endfacet
  facet normal -0 1 0
    outer loop
      vertex 93.664 0.61 10.851
      vertex 93.7754 0.61 10.903
      vertex 94.2469 0.61 10.0292
    endloop
  endfacet
  facet normal 0 1 -0
    outer loop
      vertex 94.2469 0.61 10.0292
      vertex 93.7754 0.61 10.903
      vertex 94.2892 0.61 10.0569
    endloop
  endfacet
  facet normal 0 1 0
    outer loop
      vertex 93.8928 0.61 10.948
      vertex 94.2892 0.61 10.0569
      vertex 93.7754 0.61 10.903
    endloop
  endfacet
  facet normal 0 1 0
    outer loop
      vertex 94.0162 0.61 10.9861
      vertex 94.3344 0.61 10.0814
      vertex 93.8928 0.61 10.948
    endloop
  endfacet
  facet normal 0 1 0
    outer loop
      vertex 94.0162 0.61 10.9861
      vertex 94.3824 0.61 10.1026
      vertex 94.3344 0.61 10.0814
    endloop
  endfacet
  facet normal 0 1 0
    outer loop
      vertex 94.2807 0.61 11.0415
      vertex 94.4332 0.61 10.1205
      vertex 94.1455 0.61 11.0173
    endloop
  endfacet
  facet normal 0 1 0
    outer loop
      vertex 94.4332 0.61 10.1205
      vertex 94.3824 0.61 10.1026
      vertex 94.1455 0.61 11.0173
    endloop
  endfacet
  facet normal 0 1 0
    outer loop
      vertex 94.4869 0.61 10.1352
      vertex 94.2807 0.61 11.0415
      vertex 94.4219 0.61 11.0588
    endloop
  endfacet
  facet normal 0 1 -0
    outer loop
      vertex 94.5435 0.61 10.1466
      vertex 94.4219 0.61 11.0588
      vertex 94.6029 0.61 10.1548
    endloop
  endfacet
  facet normal 0 1 -0
    outer loop
      vertex 94.6652 0.61 10.1596
      vertex 94.5691 0.61 11.0692
      vertex 94.7222 0.61 11.0727
    endloop
  endfacet
  facet normal 0 1 -0
    outer loop
      vertex 94.6029 0.61 10.1548
      vertex 94.5691 0.61 11.0692
      vertex 94.6652 0.61 10.1596
    endloop
  endfacet
  facet normal 0 1 0
    outer loop
      vertex 94.7222 0.61 11.0727
      vertex 94.8873 0.61 11.0692
      vertex 94.7304 0.61 10.1613
    endloop
  endfacet
  facet normal 0 1 -0
    outer loop
      vertex 94.861 0.61 10.1551
      vertex 94.7304 0.61 10.1613
      vertex 94.8873 0.61 11.0692
    endloop
  endfacet
  facet normal 0 1 0
    outer loop
      vertex 94.9792 0.61 10.1365
      vertex 95.0453 0.61 11.0587
      vertex 95.1962 0.61 11.0412
    endloop
  endfacet
  facet normal 0 1 0
    outer loop
      vertex 95.3399 0.61 11.0167
      vertex 95.4765 0.61 10.9853
      vertex 95.0849 0.61 10.1056
    endloop
  endfacet
  facet normal 0 1 0
    outer loop
      vertex 95.4765 0.61 10.9853
      vertex 95.6059 0.61 10.9468
      vertex 95.1783 0.61 10.0623
    endloop
  endfacet
  facet normal -0 1 0
    outer loop
      vertex 95.1783 0.61 10.0623
      vertex 95.7283 0.61 10.9013
      vertex 95.2591 0.61 10.0066
    endloop
  endfacet
  facet normal 0 1 0
    outer loop
      vertex 95.8435 0.61 10.8489
      vertex 95.2591 0.61 10.0066
      vertex 95.7283 0.61 10.9013
    endloop
  endfacet
  facet normal 0 1 0
    outer loop
      vertex 95.3276 0.61 9.93853
      vertex 95.9516 0.61 10.7894
      vertex 96.0525 0.61 10.723
    endloop
  endfacet
  facet normal 0 1 0
    outer loop
      vertex 95.3835 0.61 9.85811
      vertex 96.1463 0.61 10.6495
      vertex 96.2325 0.61 10.5697
    endloop
  endfacet
  facet normal 0 1 0
    outer loop
      vertex 96.2325 0.61 10.5697
      vertex 96.3104 0.61 10.4843
      vertex 95.3835 0.61 9.85811
    endloop
  endfacet
  facet normal 0 1 0
    outer loop
      vertex 96.4417 0.61 10.2966
      vertex 96.495 0.61 10.1942
      vertex 95.4271 0.61 9.76529
    endloop
  endfacet
  facet normal 0 1 0
    outer loop
      vertex 96.4417 0.61 10.2966
      vertex 95.4271 0.61 9.76529
      vertex 96.3801 0.61 10.3933
    endloop
  endfacet
  facet normal 0 1 0
    outer loop
      vertex 96.5401 0.61 10.0862
      vertex 96.5771 0.61 9.97256
      vertex 95.4582 0.61 9.66011
    endloop
  endfacet
  facet normal 0 1 -0
    outer loop
      vertex 95.4831 0.61 9.41261
      vertex 95.4769 0.61 9.54254
      vertex 96.6427 0.61 9.46145
    endloop
  endfacet
  facet normal 0 1 0
    outer loop
      vertex 95.4811 0.61 9.35702
      vertex 96.6217 0.61 9.17874
      vertex 95.4751 0.61 9.30124
    endloop
  endfacet
  facet normal 0 1 0
    outer loop
      vertex 95.4651 0.61 9.24525
      vertex 96.5588 0.61 8.91646
      vertex 95.4511 0.61 9.18907
    endloop
  endfacet
  facet normal 0 1 0
    outer loop
      vertex 96.5784 0.61 8.98011
      vertex 96.5588 0.61 8.91646
      vertex 95.4651 0.61 9.24525
    endloop
  endfacet
  facet normal 0 1 -0
    outer loop
      vertex 96.4233 0.61 8.61648
      vertex 95.4331 0.61 9.13267
      vertex 96.4544 0.61 8.67441
    endloop
  endfacet
  facet normal 0 1 -0
    outer loop
      vertex 96.3213 0.61 8.44775
      vertex 95.385 0.61 9.01928
      vertex 96.3568 0.61 8.50316
    endloop
  endfacet
  facet normal 0 1 0
    outer loop
      vertex 95.385 0.61 9.01928
      vertex 96.3908 0.61 8.5594
      vertex 96.3568 0.61 8.50316
    endloop
  endfacet
  facet normal 0 1 0
    outer loop
      vertex 96.2458 0.61 8.33947
      vertex 96.2059 0.61 8.28659
      vertex 95.321 0.61 8.9051
    endloop
  endfacet
  facet normal 0 1 0
    outer loop
      vertex 95.283 0.61 8.8477
      vertex 96.1215 0.61 8.18335
      vertex 96.0771 0.61 8.13299
    endloop
  endfacet
  facet normal 0 1 -0
    outer loop
      vertex 95.9851 0.61 8.03428
      vertex 95.194 0.61 8.731
      vertex 96.0316 0.61 8.08334
    endloop
  endfacet
  facet normal 0 1 0
    outer loop
      vertex 95.9377 0.61 7.98578
      vertex 95.1411 0.61 8.66906
      vertex 95.194 0.61 8.731
    endloop
  endfacet
  facet normal 0 1 0
    outer loop
      vertex 95.9377 0.61 7.98578
      vertex 95.8894 0.61 7.93785
      vertex 95.1411 0.61 8.66906
    endloop
  endfacet
  facet normal 0 1 0
    outer loop
      vertex 95.1411 0.61 8.66906
      vertex 95.8894 0.61 7.93785
      vertex 95.8401 0.61 7.89048
    endloop
  endfacet
  facet normal 0 1 0
    outer loop
      vertex 95.0822 0.61 8.60429
      vertex 95.8401 0.61 7.89048
      vertex 95.79 0.61 7.8437
    endloop
  endfacet
  facet normal -0 1 0
    outer loop
      vertex 95.0173 0.61 8.53671
      vertex 95.0822 0.61 8.60429
      vertex 95.79 0.61 7.8437
    endloop
  endfacet
  facet normal 0 1 -0
    outer loop
      vertex 95.6871 0.61 7.75183
      vertex 95.0173 0.61 8.53671
      vertex 95.739 0.61 7.79748
    endloop
  endfacet
  facet normal 0 1 0
    outer loop
      vertex 95.6871 0.61 7.75183
      vertex 94.9465 0.61 8.46631
      vertex 95.0173 0.61 8.53671
    endloop
  endfacet
  facet normal 0 1 0
    outer loop
      vertex 95.6342 0.61 7.70675
      vertex 95.5805 0.61 7.66226
      vertex 94.9465 0.61 8.46631
    endloop
  endfacet
  facet normal 0 1 0
    outer loop
      vertex 94.9465 0.61 8.46631
      vertex 95.5805 0.61 7.66226
      vertex 94.8698 0.61 8.39306
    endloop
  endfacet
  facet normal 0 1 0
    outer loop
      vertex 94.8698 0.61 8.39306
      vertex 95.5258 0.61 7.61833
      vertex 95.4708 0.61 7.57478
    endloop
  endfacet
  facet normal 0 1 0
    outer loop
      vertex 94.7871 0.61 8.317
      vertex 95.4708 0.61 7.57478
      vertex 95.3618 0.61 7.48829
    endloop
  endfacet
  facet normal 0 1 0
    outer loop
      vertex 94.6984 0.61 8.23811
      vertex 95.3618 0.61 7.48829
      vertex 95.254 0.61 7.4026
    endloop
  endfacet
  facet normal 0 1 0
    outer loop
      vertex 94.6038 0.61 8.1564
      vertex 95.1474 0.61 7.31773
      vertex 94.5032 0.61 8.07185
    endloop
  endfacet
  facet normal 0 1 0
    outer loop
      vertex 95.042 0.61 7.23365
      vertex 94.9379 0.61 7.15039
      vertex 94.3967 0.61 7.98451
    endloop
  endfacet
  facet normal 0 1 0
    outer loop
      vertex 94.8865 0.61 7.10893
      vertex 94.836 0.61 7.06741
      vertex 94.2846 0.61 7.89238
    endloop
  endfacet
  facet normal 0 1 -0
    outer loop
      vertex 94.7863 0.61 7.02582
      vertex 94.1759 0.61 7.80092
      vertex 94.836 0.61 7.06741
    endloop
  endfacet
  facet normal 0 1 -0
    outer loop
      vertex 94.7375 0.61 6.98416
      vertex 94.0708 0.61 7.71013
      vertex 94.7863 0.61 7.02582
    endloop
  endfacet
  facet normal 0 1 0
    outer loop
      vertex 94.6895 0.61 6.94243
      vertex 93.9693 0.61 7.62001
      vertex 94.0708 0.61 7.71013
    endloop
  endfacet
  facet normal 0 1 0
    outer loop
      vertex 94.6423 0.61 6.90063
      vertex 94.596 0.61 6.85878
      vertex 93.9693 0.61 7.62001
    endloop
  endfacet
  facet normal -0 1 0
    outer loop
      vertex 93.7767 0.61 7.4418
      vertex 93.8712 0.61 7.53056
      vertex 94.5059 0.61 6.77485
    endloop
  endfacet
  facet normal 0 1 0
    outer loop
      vertex 93.7767 0.61 7.4418
      vertex 94.4621 0.61 6.73279
      vertex 94.4191 0.61 6.69066
    endloop
  endfacet
  facet normal 0 1 0
    outer loop
      vertex 93.6857 0.61 7.3537
      vertex 94.4191 0.61 6.69066
      vertex 94.3775 0.61 6.64824
    endloop
  endfacet
  facet normal 0 1 0
    outer loop
      vertex 93.6857 0.61 7.3537
      vertex 94.338 0.61 6.60525
      vertex 93.5983 0.61 7.26626
    endloop
  endfacet
  facet normal 0 1 0
    outer loop
      vertex 93.5144 0.61 7.1795
      vertex 94.3004 0.61 6.56175
      vertex 94.2648 0.61 6.5177
    endloop
  endfacet
  facet normal -0 1 0
    outer loop
      vertex 93.434 0.61 7.09341
      vertex 93.5144 0.61 7.1795
      vertex 94.2312 0.61 6.47311
    endloop
  endfacet
  facet normal -0 1 0
    outer loop
      vertex 93.2836 0.61 6.92273
      vertex 93.3572 0.61 7.00801
      vertex 94.17 0.61 6.38232
    endloop
  endfacet
  facet normal 0 1 -0
    outer loop
      vertex 94.1423 0.61 6.33612
      vertex 93.2836 0.61 6.92273
      vertex 94.17 0.61 6.38232
    endloop
  endfacet
  facet normal 0 1 0
    outer loop
      vertex 94.1423 0.61 6.33612
      vertex 94.1166 0.61 6.28938
      vertex 93.2836 0.61 6.92273
    endloop
  endfacet
  facet normal 0 1 0
    outer loop
      vertex 93.2836 0.61 6.92273
      vertex 94.1166 0.61 6.28938
      vertex 93.2132 0.61 6.83705
    endloop
  endfacet
  facet normal 0 1 0
    outer loop
      vertex 93.2132 0.61 6.83705
      vertex 94.1166 0.61 6.28938
      vertex 94.0929 0.61 6.24211
    endloop
  endfacet
  facet normal -0 1 0
    outer loop
      vertex 93.146 0.61 6.75097
      vertex 93.2132 0.61 6.83705
      vertex 94.0929 0.61 6.24211
    endloop
  endfacet
  facet normal 0 1 -0
    outer loop
      vertex 94.0712 0.61 6.19429
      vertex 93.146 0.61 6.75097
      vertex 94.0929 0.61 6.24211
    endloop
  endfacet
  facet normal 0 1 0
    outer loop
      vertex 94.0712 0.61 6.19429
      vertex 93.0818 0.61 6.66449
      vertex 93.146 0.61 6.75097
    endloop
  endfacet
  facet normal 0 1 0
    outer loop
      vertex 94.0712 0.61 6.19429
      vertex 93.0208 0.61 6.5776
      vertex 93.0818 0.61 6.66449
    endloop
  endfacet
  facet normal 0 1 0
    outer loop
      vertex 94.0712 0.61 6.19429
      vertex 92.9629 0.61 6.49031
      vertex 93.0208 0.61 6.5776
    endloop
  endfacet
  facet normal 0 1 0
    outer loop
      vertex 94.0712 0.61 6.19429
      vertex 92.9082 0.61 6.4026
      vertex 92.9629 0.61 6.49031
    endloop
  endfacet
  facet normal 0 1 0
    outer loop
      vertex 94.0712 0.61 6.19429
      vertex 92.8566 0.61 6.3145
      vertex 92.9082 0.61 6.4026
    endloop
  endfacet
  facet normal 0 1 0
    outer loop
      vertex 94.0712 0.61 6.19429
      vertex 92.808 0.61 6.226
      vertex 92.8566 0.61 6.3145
    endloop
  endfacet
  facet normal 0 1 0
    outer loop
      vertex 94.0712 0.61 6.19429
      vertex 92.7627 0.61 6.13708
      vertex 92.808 0.61 6.226
    endloop
  endfacet
  facet normal 0 1 0
    outer loop
      vertex 94.0712 0.61 6.19429
      vertex 92.7204 0.61 6.04776
      vertex 92.7627 0.61 6.13708
    endloop
  endfacet
  facet normal 0 1 0
    outer loop
      vertex 67.6541 0.61 7.7097
      vertex 67.5813 0.61 7.65501
      vertex 66.8853 0.61 8.48878
    endloop
  endfacet
  facet normal 0 1 -0
    outer loop
      vertex 64.8002 0.61 7.27249
      vertex 63.5999 0.61 5.25438
      vertex 64.8002 0.61 8.19604
    endloop
  endfacet
  facet normal 0 1 0
    outer loop
      vertex 73.3042 0.61 6.18205
      vertex 73.3042 0.61 5.25438
      vertex 70.2282 0.61 6.18205
    endloop
  endfacet
  facet normal 0 1 0
    outer loop
      vertex 68.0156 0.61 8.10634
      vertex 66.9985 0.61 8.65004
      vertex 67.0273 0.61 8.711
    endloop
  endfacet
  facet normal 0 1 0
    outer loop
      vertex 67.105 0.61 9.06968
      vertex 68.3073 0.61 8.97525
      vertex 68.2968 0.61 8.87951
    endloop
  endfacet
  facet normal -0 1 0
    outer loop
      vertex 67.105 0.61 9.06968
      vertex 68.3135 0.61 9.07292
      vertex 68.3073 0.61 8.97525
    endloop
  endfacet
  facet normal 0 1 0
    outer loop
      vertex 68.3135 0.61 9.07292
      vertex 67.105 0.61 9.06968
      vertex 67.1072 0.61 9.1522
    endloop
  endfacet
  facet normal -0 1 0
    outer loop
      vertex 66.9652 0.61 8.59269
      vertex 66.9985 0.61 8.65004
      vertex 67.9095 0.61 7.96109
    endloop
  endfacet
  facet normal -0 1 0
    outer loop
      vertex 67.0984 0.61 9.30897
      vertex 68.311 0.61 9.32689
      vertex 67.1072 0.61 9.1522
    endloop
  endfacet
  facet normal 0 1 0
    outer loop
      vertex 68.311 0.61 9.32689
      vertex 67.0984 0.61 9.30897
      vertex 68.2972 0.61 9.47473
    endloop
  endfacet
  facet normal 0 1 0
    outer loop
      vertex 66.9274 0.61 8.53894
      vertex 67.789 0.61 7.82887
      vertex 67.7234 0.61 7.76765
    endloop
  endfacet
  facet normal 0 1 0
    outer loop
      vertex 68.2743 0.61 9.61609
      vertex 68.2972 0.61 9.47473
      vertex 67.0984 0.61 9.30897
    endloop
  endfacet
  facet normal 0 1 0
    outer loop
      vertex 66.3936 0.61 10.0256
      vertex 66.5341 0.61 10.9716
      vertex 66.7017 0.61 10.952
    endloop
  endfacet
  facet normal 0 1 0
    outer loop
      vertex 66.7017 0.61 10.952
      vertex 66.8614 0.61 10.9246
      vertex 66.5434 0.61 9.98832
    endloop
  endfacet
  facet normal 0 1 0
    outer loop
      vertex 68.0218 0.61 10.2255
      vertex 66.9662 0.61 9.68971
      vertex 67.9438 0.61 10.3279
    endloop
  endfacet
  facet normal 0 1 0
    outer loop
      vertex 66.9662 0.61 9.68971
      vertex 67.7602 0.61 10.5132
      vertex 67.8566 0.61 10.4238
    endloop
  endfacet
  facet normal 0 1 0
    outer loop
      vertex 67.0133 0.61 10.8893
      vertex 67.1574 0.61 10.8462
      vertex 66.6755 0.61 9.93606
    endloop
  endfacet
  facet normal 0 1 0
    outer loop
      vertex 66.887 0.61 9.78676
      vertex 67.5426 0.61 10.6699
      vertex 67.6553 0.61 10.5955
    endloop
  endfacet
  facet normal 0 1 0
    outer loop
      vertex 67.2936 0.61 10.7953
      vertex 66.79 0.61 9.86888
      vertex 67.1574 0.61 10.8462
    endloop
  endfacet
  facet normal 0 1 -0
    outer loop
      vertex 66.887 0.61 9.78676
      vertex 66.79 0.61 9.86888
      vertex 67.422 0.61 10.7365
    endloop
  endfacet
  facet normal 0 1 0
    outer loop
      vertex 85.5211 0.61 7.9113
      vertex 87.6368 0.61 6.91848
      vertex 85.5211 0.61 6.91848
    endloop
  endfacet
  facet normal 0 1 0
    outer loop
      vertex 67.422 0.61 10.7365
      vertex 66.79 0.61 9.86888
      vertex 67.2936 0.61 10.7953
    endloop
  endfacet
  facet normal 0 1 0
    outer loop
      vertex 67.5426 0.61 10.6699
      vertex 66.887 0.61 9.78676
      vertex 67.422 0.61 10.7365
    endloop
  endfacet
  facet normal 0 1 0
    outer loop
      vertex 67.1574 0.61 10.8462
      vertex 66.79 0.61 9.86888
      vertex 66.6755 0.61 9.93606
    endloop
  endfacet
  facet normal 0 1 -0
    outer loop
      vertex 87.6368 0.61 6.91848
      vertex 85.5211 0.61 7.9113
      vertex 87.6368 0.61 7.9113
    endloop
  endfacet
  facet normal 0 1 0
    outer loop
      vertex 66.8614 0.61 10.9246
      vertex 67.0133 0.61 10.8893
      vertex 66.6755 0.61 9.93606
    endloop
  endfacet
  facet normal -0 1 0
    outer loop
      vertex 66.5434 0.61 9.98832
      vertex 66.8614 0.61 10.9246
      vertex 66.6755 0.61 9.93606
    endloop
  endfacet
  facet normal 0 1 -0
    outer loop
      vertex 67.0279 0.61 9.57773
      vertex 66.9662 0.61 9.68971
      vertex 68.0218 0.61 10.2255
    endloop
  endfacet
  facet normal 0 1 -0
    outer loop
      vertex 66.5434 0.61 9.98832
      vertex 66.3936 0.61 10.0256
      vertex 66.7017 0.61 10.952
    endloop
  endfacet
  facet normal 0 1 -0
    outer loop
      vertex 67.072 0.61 9.45082
      vertex 67.0279 0.61 9.57773
      vertex 68.1504 0.61 10.0012
    endloop
  endfacet
  facet normal 0 1 0
    outer loop
      vertex 68.2009 0.61 9.87932
      vertex 68.2422 0.61 9.75094
      vertex 67.072 0.61 9.45082
    endloop
  endfacet
  facet normal 0 1 -0
    outer loop
      vertex 67.0984 0.61 9.30897
      vertex 67.072 0.61 9.45082
      vertex 68.2743 0.61 9.61609
    endloop
  endfacet
  facet normal 0 1 -0
    outer loop
      vertex 66.3936 0.61 10.0256
      vertex 66.3587 0.61 10.9833
      vertex 66.5341 0.61 10.9716
    endloop
  endfacet
  facet normal 0 1 0
    outer loop
      vertex 66.8387 0.61 8.44223
      vertex 67.5813 0.61 7.65501
      vertex 67.5048 0.61 7.60357
    endloop
  endfacet
  facet normal 0 1 0
    outer loop
      vertex 67.4248 0.61 7.55542
      vertex 67.3411 0.61 7.51051
      vertex 66.7879 0.61 8.3995
    endloop
  endfacet
  facet normal 0 1 -0
    outer loop
      vertex 67.1644 0.61 7.43182
      vertex 66.7335 0.61 8.36085
      vertex 67.2542 0.61 7.46919
    endloop
  endfacet
  facet normal 0 1 0
    outer loop
      vertex 66.3936 0.61 10.0256
      vertex 66.2262 0.61 10.048
      vertex 66.3587 0.61 10.9833
    endloop
  endfacet
  facet normal 0 1 0
    outer loop
      vertex 66.6752 0.61 8.32626
      vertex 67.0717 0.61 7.39837
      vertex 66.976 0.61 7.36888
    endloop
  endfacet
  facet normal 0 1 0
    outer loop
      vertex 66.8774 0.61 7.3433
      vertex 66.5474 0.61 8.26928
      vertex 66.6132 0.61 8.29574
    endloop
  endfacet
  facet normal 0 1 -0
    outer loop
      vertex 66.2262 0.61 10.048
      vertex 66.1755 0.61 10.9872
      vertex 66.3587 0.61 10.9833
    endloop
  endfacet
  facet normal 0 1 0
    outer loop
      vertex 66.4779 0.61 8.24691
      vertex 66.7758 0.61 7.32167
      vertex 66.6714 0.61 7.30395
    endloop
  endfacet
  facet normal 0 1 0
    outer loop
      vertex 66.564 0.61 7.29019
      vertex 66.4537 0.61 7.28035
      vertex 66.4046 0.61 8.2286
    endloop
  endfacet
  facet normal -0 1 0
    outer loop
      vertex 66.0412 0.61 10.0555
      vertex 66.1755 0.61 10.9872
      vertex 66.2262 0.61 10.048
    endloop
  endfacet
  facet normal 0 1 0
    outer loop
      vertex 66.2242 0.61 7.27249
      vertex 64.8002 0.61 7.27249
      vertex 66.0737 0.61 8.19604
    endloop
  endfacet
  facet normal 0 1 0
    outer loop
      vertex 66.0737 0.61 8.19604
      vertex 64.8002 0.61 7.27249
      vertex 64.8002 0.61 8.19604
    endloop
  endfacet
  facet normal 0 1 0
    outer loop
      vertex 64.8002 0.61 7.27249
      vertex 64.8002 0.61 5.25438
      vertex 63.5999 0.61 5.25438
    endloop
  endfacet
  facet normal -0 1 0
    outer loop
      vertex 66.2467 0.61 8.20419
      vertex 66.3275 0.61 8.21435
      vertex 66.3404 0.61 7.27446
    endloop
  endfacet
  facet normal 0 1 -0
    outer loop
      vertex 64.8002 0.61 8.19604
      vertex 63.5999 0.61 10.9872
      vertex 64.8002 0.61 10.0555
    endloop
  endfacet
  facet normal 0 1 0
    outer loop
      vertex 64.8002 0.61 8.19604
      vertex 63.5999 0.61 5.25438
      vertex 63.5999 0.61 10.9872
    endloop
  endfacet
  facet normal 0 1 -0
    outer loop
      vertex 64.8002 0.61 10.0555
      vertex 63.5999 0.61 10.9872
      vertex 66.1755 0.61 10.9872
    endloop
  endfacet
  facet normal 0 1 -0
    outer loop
      vertex 66.0412 0.61 10.0555
      vertex 64.8002 0.61 10.0555
      vertex 66.1755 0.61 10.9872
    endloop
  endfacet
  facet normal 0 1 0
    outer loop
      vertex 67.7602 0.61 10.5132
      vertex 66.9662 0.61 9.68971
      vertex 66.887 0.61 9.78676
    endloop
  endfacet
  facet normal 0 1 0
    outer loop
      vertex 67.7602 0.61 10.5132
      vertex 66.887 0.61 9.78676
      vertex 67.6553 0.61 10.5955
    endloop
  endfacet
  facet normal 0 1 0
    outer loop
      vertex 67.9438 0.61 10.3279
      vertex 66.9662 0.61 9.68971
      vertex 67.8566 0.61 10.4238
    endloop
  endfacet
  facet normal 0 1 0
    outer loop
      vertex 68.0907 0.61 10.1166
      vertex 67.0279 0.61 9.57773
      vertex 68.0218 0.61 10.2255
    endloop
  endfacet
  facet normal 0 1 0
    outer loop
      vertex 68.2009 0.61 9.87932
      vertex 67.072 0.61 9.45082
      vertex 68.1504 0.61 10.0012
    endloop
  endfacet
  facet normal 0 1 0
    outer loop
      vertex 67.072 0.61 9.45082
      vertex 68.2422 0.61 9.75094
      vertex 68.2743 0.61 9.61609
    endloop
  endfacet
  facet normal 0 1 0
    outer loop
      vertex 68.3156 0.61 9.17254
      vertex 68.3135 0.61 9.07292
      vertex 67.1072 0.61 9.1522
    endloop
  endfacet
  facet normal 0 1 0
    outer loop
      vertex 68.3156 0.61 9.17254
      vertex 67.1072 0.61 9.1522
      vertex 68.311 0.61 9.32689
    endloop
  endfacet
  facet normal 0 1 0
    outer loop
      vertex 68.2968 0.61 8.87951
      vertex 67.0983 0.61 8.99075
      vertex 67.105 0.61 9.06968
    endloop
  endfacet
  facet normal 0 1 0
    outer loop
      vertex 67.0717 0.61 8.84367
      vertex 68.2405 0.61 8.60402
      vertex 68.2134 0.61 8.5161
    endloop
  endfacet
  facet normal 0 1 0
    outer loop
      vertex 67.0872 0.61 8.91542
      vertex 68.2405 0.61 8.60402
      vertex 67.0717 0.61 8.84367
    endloop
  endfacet
  facet normal 0 1 0
    outer loop
      vertex 68.1467 0.61 8.34608
      vertex 68.1071 0.61 8.264
      vertex 67.0517 0.61 8.77554
    endloop
  endfacet
  facet normal 0 1 0
    outer loop
      vertex 68.0633 0.61 8.18387
      vertex 68.0156 0.61 8.10634
      vertex 67.0273 0.61 8.711
    endloop
  endfacet
  facet normal 0 1 0
    outer loop
      vertex 68.0156 0.61 8.10634
      vertex 67.9644 0.61 8.03209
      vertex 66.9985 0.61 8.65004
    endloop
  endfacet
  facet normal 0 1 0
    outer loop
      vertex 67.9095 0.61 7.96109
      vertex 67.8511 0.61 7.89335
      vertex 66.9652 0.61 8.59269
    endloop
  endfacet
  facet normal 0 1 0
    outer loop
      vertex 66.9652 0.61 8.59269
      vertex 67.789 0.61 7.82887
      vertex 66.9274 0.61 8.53894
    endloop
  endfacet
  facet normal 0 1 0
    outer loop
      vertex 66.9274 0.61 8.53894
      vertex 67.7234 0.61 7.76765
      vertex 67.6541 0.61 7.7097
    endloop
  endfacet
  facet normal -0 1 0
    outer loop
      vertex 66.8853 0.61 8.48878
      vertex 66.9274 0.61 8.53894
      vertex 67.6541 0.61 7.7097
    endloop
  endfacet
  facet normal -0 1 0
    outer loop
      vertex 66.8387 0.61 8.44223
      vertex 66.8853 0.61 8.48878
      vertex 67.5813 0.61 7.65501
    endloop
  endfacet
  facet normal 0 1 -0
    outer loop
      vertex 67.4248 0.61 7.55542
      vertex 66.8387 0.61 8.44223
      vertex 67.5048 0.61 7.60357
    endloop
  endfacet
  facet normal 0 1 0
    outer loop
      vertex 67.4248 0.61 7.55542
      vertex 66.7879 0.61 8.3995
      vertex 66.8387 0.61 8.44223
    endloop
  endfacet
  facet normal 0 1 0
    outer loop
      vertex 67.3411 0.61 7.51051
      vertex 67.2542 0.61 7.46919
      vertex 66.7879 0.61 8.3995
    endloop
  endfacet
  facet normal 0 1 0
    outer loop
      vertex 66.7879 0.61 8.3995
      vertex 67.2542 0.61 7.46919
      vertex 66.7335 0.61 8.36085
    endloop
  endfacet
  facet normal 0 1 0
    outer loop
      vertex 66.7335 0.61 8.36085
      vertex 67.1644 0.61 7.43182
      vertex 66.6752 0.61 8.32626
    endloop
  endfacet
  facet normal 0 1 0
    outer loop
      vertex 66.6752 0.61 8.32626
      vertex 67.1644 0.61 7.43182
      vertex 67.0717 0.61 7.39837
    endloop
  endfacet
  facet normal -0 1 0
    outer loop
      vertex 66.6132 0.61 8.29574
      vertex 66.6752 0.61 8.32626
      vertex 66.976 0.61 7.36888
    endloop
  endfacet
  facet normal 0 1 -0
    outer loop
      vertex 66.8774 0.61 7.3433
      vertex 66.6132 0.61 8.29574
      vertex 66.976 0.61 7.36888
    endloop
  endfacet
  facet normal 0 1 -0
    outer loop
      vertex 66.7758 0.61 7.32167
      vertex 66.5474 0.61 8.26928
      vertex 66.8774 0.61 7.3433
    endloop
  endfacet
  facet normal 0 1 0
    outer loop
      vertex 66.7758 0.61 7.32167
      vertex 66.4779 0.61 8.24691
      vertex 66.5474 0.61 8.26928
    endloop
  endfacet
  facet normal 0 1 0
    outer loop
      vertex 66.6714 0.61 7.30395
      vertex 66.4046 0.61 8.2286
      vertex 66.4779 0.61 8.24691
    endloop
  endfacet
  facet normal 0 1 0
    outer loop
      vertex 66.6714 0.61 7.30395
      vertex 66.564 0.61 7.29019
      vertex 66.4046 0.61 8.2286
    endloop
  endfacet
  facet normal 0 1 0
    outer loop
      vertex 66.4046 0.61 8.2286
      vertex 66.4537 0.61 7.28035
      vertex 66.3275 0.61 8.21435
    endloop
  endfacet
  facet normal 0 1 0
    outer loop
      vertex 66.3275 0.61 8.21435
      vertex 66.4537 0.61 7.28035
      vertex 66.3404 0.61 7.27446
    endloop
  endfacet
  facet normal 0 1 0
    outer loop
      vertex 66.2467 0.61 8.20419
      vertex 66.3404 0.61 7.27446
      vertex 66.2242 0.61 7.27249
    endloop
  endfacet
  facet normal -0 1 0
    outer loop
      vertex 66.0737 0.61 8.19604
      vertex 66.1621 0.61 8.19809
      vertex 66.2242 0.61 7.27249
    endloop
  endfacet
  facet normal -0 1 0
    outer loop
      vertex 66.1621 0.61 8.19809
      vertex 66.2467 0.61 8.20419
      vertex 66.2242 0.61 7.27249
    endloop
  endfacet
  facet normal 0 1 0
    outer loop
      vertex 70.2282 0.61 6.18205
      vertex 73.3042 0.61 5.25438
      vertex 69.0279 0.61 5.25438
    endloop
  endfacet
  facet normal 0 1 0
    outer loop
      vertex 70.2282 0.61 10.9872
      vertex 70.2282 0.61 6.18205
      vertex 69.0279 0.61 10.9872
    endloop
  endfacet
  facet normal 0 1 0
    outer loop
      vertex 70.2282 0.61 6.18205
      vertex 69.0279 0.61 5.25438
      vertex 69.0279 0.61 10.9872
    endloop
  endfacet
  facet normal 0 -1 0
    outer loop
      vertex 77.9056 -0.01 6.69371
      vertex 78.7692 -0.01 6.03372
      vertex 78.8592 -0.01 6.14598
    endloop
  endfacet
  facet normal 0 -1 0
    outer loop
      vertex 77.9056 -0.01 6.69371
      vertex 78.8592 -0.01 6.14598
      vertex 78.0099 -0.01 6.84691
    endloop
  endfacet
  facet normal 0 -1 0
    outer loop
      vertex 77.9056 -0.01 6.69371
      vertex 78.6739 -0.01 5.92848
      vertex 78.7692 -0.01 6.03372
    endloop
  endfacet
  facet normal 0 -1 0
    outer loop
      vertex 78.8592 -0.01 6.14598
      vertex 78.9441 -0.01 6.26527
      vertex 78.0099 -0.01 6.84691
    endloop
  endfacet
  facet normal 0 -1 0
    outer loop
      vertex 77.7903 -0.01 6.55853
      vertex 78.6739 -0.01 5.92848
      vertex 77.9056 -0.01 6.69371
    endloop
  endfacet
  facet normal -0 -1 0
    outer loop
      vertex 79.0237 -0.01 6.39158
      vertex 78.0099 -0.01 6.84691
      vertex 78.9441 -0.01 6.26527
    endloop
  endfacet
  facet normal 0 -1 0
    outer loop
      vertex 78.5734 -0.01 5.83029
      vertex 78.6739 -0.01 5.92848
      vertex 77.7903 -0.01 6.55853
    endloop
  endfacet
  facet normal 0 -1 0
    outer loop
      vertex 78.0099 -0.01 6.84691
      vertex 79.0237 -0.01 6.39158
      vertex 78.1033 -0.01 7.01814
    endloop
  endfacet
  facet normal -0 -1 0
    outer loop
      vertex 78.5734 -0.01 5.83029
      vertex 77.7903 -0.01 6.55853
      vertex 78.4677 -0.01 5.7391
    endloop
  endfacet
  facet normal 0 -1 0
    outer loop
      vertex 77.7903 -0.01 6.55853
      vertex 78.3568 -0.01 5.65497
      vertex 78.4677 -0.01 5.7391
    endloop
  endfacet
  facet normal 0 -1 0
    outer loop
      vertex 78.1033 -0.01 7.01814
      vertex 79.0237 -0.01 6.39158
      vertex 79.0982 -0.01 6.52493
    endloop
  endfacet
  facet normal 0 -1 0
    outer loop
      vertex 77.664 -0.01 6.44137
      vertex 78.3568 -0.01 5.65497
      vertex 77.7903 -0.01 6.55853
    endloop
  endfacet
  facet normal 0 -1 0
    outer loop
      vertex 79.0982 -0.01 6.52493
      vertex 79.1674 -0.01 6.6653
      vertex 78.1033 -0.01 7.01814
    endloop
  endfacet
  facet normal 0 -1 0
    outer loop
      vertex 78.2406 -0.01 5.57785
      vertex 78.3568 -0.01 5.65497
      vertex 77.664 -0.01 6.44137
    endloop
  endfacet
  facet normal 0 -1 -0
    outer loop
      vertex 78.1857 -0.01 7.20738
      vertex 78.1033 -0.01 7.01814
      vertex 79.1674 -0.01 6.6653
    endloop
  endfacet
  facet normal 0 -1 0
    outer loop
      vertex 80.4151 -0.01 5.95627
      vertex 80.5575 -0.01 5.82032
      vertex 81.3021 -0.01 6.63774
    endloop
  endfacet
  facet normal -0 -1 0
    outer loop
      vertex 78.2406 -0.01 5.57785
      vertex 77.664 -0.01 6.44137
      vertex 78.1198 -0.01 5.50758
    endloop
  endfacet
  facet normal -0 -1 0
    outer loop
      vertex 81.7755 -0.01 6.27189
      vertex 81.6681 -0.01 6.32785
      vertex 81.2311 -0.01 5.40605
    endloop
  endfacet
  facet normal 0 -1 0
    outer loop
      vertex 81.8892 -0.01 6.22455
      vertex 81.4255 -0.01 5.33485
      vertex 81.6302 -0.01 5.27659
    endloop
  endfacet
  facet normal -0 -1 0
    outer loop
      vertex 79.2314 -0.01 6.8127
      vertex 78.1857 -0.01 7.20738
      vertex 79.1674 -0.01 6.6653
    endloop
  endfacet
  facet normal 0 -1 -0
    outer loop
      vertex 82.0093 -0.01 6.1858
      vertex 81.8454 -0.01 5.23127
      vertex 82.1357 -0.01 6.15568
    endloop
  endfacet
  facet normal 0 -1 0
    outer loop
      vertex 77.8652 -0.01 5.38714
      vertex 77.9946 -0.01 5.44401
      vertex 77.5268 -0.01 6.34224
    endloop
  endfacet
  facet normal 0 -1 0
    outer loop
      vertex 82.071 -0.01 5.19891
      vertex 82.3069 -0.01 5.1795
      vertex 82.2685 -0.01 6.13415
    endloop
  endfacet
  facet normal 0 -1 0
    outer loop
      vertex 77.8652 -0.01 5.38714
      vertex 77.5268 -0.01 6.34224
      vertex 77.3786 -0.01 6.26114
    endloop
  endfacet
  facet normal 0 -1 0
    outer loop
      vertex 77.4514 -0.01 5.25667
      vertex 77.5936 -0.01 5.29347
      vertex 77.2194 -0.01 6.19806
    endloop
  endfacet
  facet normal 0 -1 0
    outer loop
      vertex 77.0493 -0.01 6.153
      vertex 77.1541 -0.01 5.20314
      vertex 77.3049 -0.01 5.22656
    endloop
  endfacet
  facet normal 0 -1 0
    outer loop
      vertex 77.5268 -0.01 6.34224
      vertex 77.9946 -0.01 5.44401
      vertex 78.1198 -0.01 5.50758
    endloop
  endfacet
  facet normal 0 -1 -0
    outer loop
      vertex 77.664 -0.01 6.44137
      vertex 77.5268 -0.01 6.34224
      vertex 78.1198 -0.01 5.50758
    endloop
  endfacet
  facet normal -0 -1 0
    outer loop
      vertex 77.8652 -0.01 5.38714
      vertex 77.3786 -0.01 6.26114
      vertex 77.7316 -0.01 5.33696
    endloop
  endfacet
  facet normal 0 -1 0
    outer loop
      vertex 77.2194 -0.01 6.19806
      vertex 77.5936 -0.01 5.29347
      vertex 77.3786 -0.01 6.26114
    endloop
  endfacet
  facet normal 0 -1 0
    outer loop
      vertex 77.3786 -0.01 6.26114
      vertex 77.5936 -0.01 5.29347
      vertex 77.7316 -0.01 5.33696
    endloop
  endfacet
  facet normal 0 -1 0
    outer loop
      vertex 77.3049 -0.01 5.22656
      vertex 77.4514 -0.01 5.25667
      vertex 77.2194 -0.01 6.19806
    endloop
  endfacet
  facet normal 0 -1 0
    outer loop
      vertex 77.3049 -0.01 5.22656
      vertex 77.2194 -0.01 6.19806
      vertex 77.0493 -0.01 6.153
    endloop
  endfacet
  facet normal 0 -1 0
    outer loop
      vertex 76.8683 -0.01 6.12596
      vertex 77.1541 -0.01 5.20314
      vertex 77.0493 -0.01 6.153
    endloop
  endfacet
  facet normal 0 -1 0
    outer loop
      vertex 76.9991 -0.01 5.1864
      vertex 77.1541 -0.01 5.20314
      vertex 76.8683 -0.01 6.12596
    endloop
  endfacet
  facet normal -0 -1 0
    outer loop
      vertex 76.9991 -0.01 5.1864
      vertex 76.8683 -0.01 6.12596
      vertex 76.8398 -0.01 5.17637
    endloop
  endfacet
  facet normal 0 -1 0
    outer loop
      vertex 76.8683 -0.01 6.12596
      vertex 76.6762 -0.01 6.11694
      vertex 76.8398 -0.01 5.17637
    endloop
  endfacet
  facet normal 0 -1 0
    outer loop
      vertex 76.6762 -0.01 6.11694
      vertex 76.6762 -0.01 5.17302
      vertex 76.8398 -0.01 5.17637
    endloop
  endfacet
  facet normal 0 -1 0
    outer loop
      vertex 76.5307 -0.01 6.12124
      vertex 76.6762 -0.01 5.17302
      vertex 76.6762 -0.01 6.11694
    endloop
  endfacet
  facet normal 0 -1 -0
    outer loop
      vertex 76.3915 -0.01 6.13415
      vertex 76.194 -0.01 5.19891
      vertex 76.4299 -0.01 5.1795
    endloop
  endfacet
  facet normal -0 -1 0
    outer loop
      vertex 76.2587 -0.01 6.15568
      vertex 76.1323 -0.01 6.1858
      vertex 75.9684 -0.01 5.23127
    endloop
  endfacet
  facet normal 0 -1 0
    outer loop
      vertex 75.7533 -0.01 5.27659
      vertex 76.0122 -0.01 6.22455
      vertex 75.5485 -0.01 5.33485
    endloop
  endfacet
  facet normal 0 -1 0
    outer loop
      vertex 75.3541 -0.01 5.40605
      vertex 75.8985 -0.01 6.27189
      vertex 75.7911 -0.01 6.32785
    endloop
  endfacet
  facet normal 0 -1 0
    outer loop
      vertex 74.9965 -0.01 5.58729
      vertex 75.1701 -0.01 5.4902
      vertex 75.69 -0.01 6.39241
    endloop
  endfacet
  facet normal 0 -1 -0
    outer loop
      vertex 75.507 -0.01 6.54736
      vertex 74.8333 -0.01 5.69734
      vertex 75.5954 -0.01 6.46557
    endloop
  endfacet
  facet normal -0 -1 0
    outer loop
      vertex 75.4251 -0.01 6.63774
      vertex 75.3499 -0.01 6.73629
      vertex 74.5381 -0.01 5.95627
    endloop
  endfacet
  facet normal 0 -1 0
    outer loop
      vertex 74.4071 -0.01 6.10383
      vertex 75.2818 -0.01 6.84259
      vertex 74.2885 -0.01 6.26172
    endloop
  endfacet
  facet normal 0 -1 0
    outer loop
      vertex 74.0889 -0.01 6.60847
      vertex 74.1825 -0.01 6.42994
      vertex 75.1673 -0.01 7.07838
    endloop
  endfacet
  facet normal 0 -1 0
    outer loop
      vertex 73.9393 -0.01 6.99652
      vertex 74.0079 -0.01 6.79733
      vertex 75.1207 -0.01 7.20788
    endloop
  endfacet
  facet normal 0 -1 0
    outer loop
      vertex 73.9393 -0.01 6.99652
      vertex 75.1207 -0.01 7.20788
      vertex 75.0813 -0.01 7.34511
    endloop
  endfacet
  facet normal 0 -1 0
    outer loop
      vertex 73.8831 -0.01 7.20602
      vertex 75.0813 -0.01 7.34511
      vertex 75.0491 -0.01 7.49008
    endloop
  endfacet
  facet normal 0 -1 0
    outer loop
      vertex 73.8394 -0.01 7.42585
      vertex 75.0491 -0.01 7.49008
      vertex 75.024 -0.01 7.64277
    endloop
  endfacet
  facet normal 0 -1 0
    outer loop
      vertex 73.7896 -0.01 7.89648
      vertex 73.8083 -0.01 7.656
      vertex 75.0061 -0.01 7.8032
    endloop
  endfacet
  facet normal 0 -1 0
    outer loop
      vertex 73.7833 -0.01 8.14727
      vertex 73.7896 -0.01 7.89648
      vertex 74.9953 -0.01 7.97137
    endloop
  endfacet
  facet normal -0 -1 0
    outer loop
      vertex 74.9953 -0.01 8.3202
      vertex 73.7893 -0.01 8.39856
      vertex 73.7833 -0.01 8.14727
    endloop
  endfacet
  facet normal -0 -1 0
    outer loop
      vertex 75.0057 -0.01 8.48541
      vertex 73.8074 -0.01 8.63902
      vertex 73.7893 -0.01 8.39856
    endloop
  endfacet
  facet normal -0 -1 0
    outer loop
      vertex 75.0231 -0.01 8.64288
      vertex 73.8375 -0.01 8.86865
      vertex 73.8074 -0.01 8.63902
    endloop
  endfacet
  facet normal 0 -1 0
    outer loop
      vertex 75.0475 -0.01 8.7926
      vertex 73.8796 -0.01 9.08745
      vertex 73.8375 -0.01 8.86865
    endloop
  endfacet
  facet normal 0 -1 0
    outer loop
      vertex 75.0788 -0.01 8.9346
      vertex 73.9338 -0.01 9.29542
      vertex 73.8796 -0.01 9.08745
    endloop
  endfacet
  facet normal 0 -1 0
    outer loop
      vertex 75.1171 -0.01 9.06886
      vertex 74 -0.01 9.49258
      vertex 73.9338 -0.01 9.29542
    endloop
  endfacet
  facet normal -0 -1 0
    outer loop
      vertex 75.1623 -0.01 9.1954
      vertex 74 -0.01 9.49258
      vertex 75.1171 -0.01 9.06886
    endloop
  endfacet
  facet normal -0 -1 0
    outer loop
      vertex 75.2145 -0.01 9.31419
      vertex 74.0782 -0.01 9.67891
      vertex 75.1623 -0.01 9.1954
    endloop
  endfacet
  facet normal 0 -1 -0
    outer loop
      vertex 74.2708 -0.01 10.0191
      vertex 74.1685 -0.01 9.8544
      vertex 75.2145 -0.01 9.31419
    endloop
  endfacet
  facet normal 0 -1 0
    outer loop
      vertex 74.2708 -0.01 10.0191
      vertex 75.2145 -0.01 9.31419
      vertex 75.2737 -0.01 9.42524
    endloop
  endfacet
  facet normal 0 -1 0
    outer loop
      vertex 74.3852 -0.01 10.1729
      vertex 75.2737 -0.01 9.42524
      vertex 75.3398 -0.01 9.52858
    endloop
  endfacet
  facet normal 0 -1 0
    outer loop
      vertex 74.5116 -0.01 10.3159
      vertex 75.3398 -0.01 9.52858
      vertex 75.4129 -0.01 9.62417
    endloop
  endfacet
  facet normal 0 -1 0
    outer loop
      vertex 74.5116 -0.01 10.3159
      vertex 75.4129 -0.01 9.62417
      vertex 74.6494 -0.01 10.4472
    endloop
  endfacet
  facet normal 0 -1 0
    outer loop
      vertex 74.6494 -0.01 10.4472
      vertex 75.4927 -0.01 9.71173
      vertex 74.7981 -0.01 10.5661
    endloop
  endfacet
  facet normal 0 -1 0
    outer loop
      vertex 74.7981 -0.01 10.5661
      vertex 75.579 -0.01 9.79095
      vertex 74.9576 -0.01 10.6724
    endloop
  endfacet
  facet normal 0 -1 0
    outer loop
      vertex 75.579 -0.01 9.79095
      vertex 75.6718 -0.01 9.86184
      vertex 74.9576 -0.01 10.6724
    endloop
  endfacet
  facet normal 0 -1 0
    outer loop
      vertex 75.6718 -0.01 9.86184
      vertex 75.3091 -0.01 10.8475
      vertex 75.1279 -0.01 10.7662
    endloop
  endfacet
  facet normal 0 -1 0
    outer loop
      vertex 75.771 -0.01 9.92439
      vertex 75.501 -0.01 10.9163
      vertex 75.3091 -0.01 10.8475
    endloop
  endfacet
  facet normal 0 -1 0
    outer loop
      vertex 75.8768 -0.01 9.97859
      vertex 75.7038 -0.01 10.9726
      vertex 75.501 -0.01 10.9163
    endloop
  endfacet
  facet normal 0 -1 0
    outer loop
      vertex 75.9891 -0.01 10.0245
      vertex 76.1078 -0.01 10.062
      vertex 75.7038 -0.01 10.9726
    endloop
  endfacet
  facet normal 0 -1 0
    outer loop
      vertex 75.9174 -0.01 11.0164
      vertex 76.2331 -0.01 10.0912
      vertex 76.1419 -0.01 11.0477
    endloop
  endfacet
  facet normal 0 -1 0
    outer loop
      vertex 76.1419 -0.01 11.0477
      vertex 76.3648 -0.01 10.112
      vertex 76.3772 -0.01 11.0664
    endloop
  endfacet
  facet normal 0 -1 -0
    outer loop
      vertex 76.6233 -0.01 11.0727
      vertex 76.503 -0.01 10.1245
      vertex 76.6477 -0.01 10.1287
    endloop
  endfacet
  facet normal 0 -1 0
    outer loop
      vertex 76.8369 -0.01 10.1203
      vertex 76.8037 -0.01 11.0693
      vertex 76.7435 -0.01 10.1266
    endloop
  endfacet
  facet normal 0 -1 0
    outer loop
      vertex 76.928 -0.01 10.1098
      vertex 77.1458 -0.01 11.0426
      vertex 76.9779 -0.01 11.0593
    endloop
  endfacet
  facet normal 0 -1 0
    outer loop
      vertex 77.0168 -0.01 10.0951
      vertex 77.3077 -0.01 11.0191
      vertex 77.1458 -0.01 11.0426
    endloop
  endfacet
  facet normal 0 -1 -0
    outer loop
      vertex 77.3077 -0.01 11.0191
      vertex 77.1874 -0.01 10.0531
      vertex 77.4633 -0.01 10.989
    endloop
  endfacet
  facet normal 0 -1 0
    outer loop
      vertex 77.6127 -0.01 10.9522
      vertex 77.2693 -0.01 10.0257
      vertex 77.3488 -0.01 9.99421
    endloop
  endfacet
  facet normal 0 -1 0
    outer loop
      vertex 77.756 -0.01 10.9087
      vertex 77.3488 -0.01 9.99421
      vertex 77.426 -0.01 9.95849
    endloop
  endfacet
  facet normal 0 -1 0
    outer loop
      vertex 77.893 -0.01 10.8585
      vertex 77.426 -0.01 9.95849
      vertex 77.5008 -0.01 9.91856
    endloop
  endfacet
  facet normal 0 -1 0
    outer loop
      vertex 78.0239 -0.01 10.8016
      vertex 77.5008 -0.01 9.91856
      vertex 77.5734 -0.01 9.87443
    endloop
  endfacet
  facet normal 0 -1 0
    outer loop
      vertex 78.1486 -0.01 10.7381
      vertex 77.5734 -0.01 9.87443
      vertex 77.6426 -0.01 9.82673
    endloop
  endfacet
  facet normal 0 -1 -0
    outer loop
      vertex 78.1486 -0.01 10.7381
      vertex 77.6426 -0.01 9.82673
      vertex 78.267 -0.01 10.6678
    endloop
  endfacet
  facet normal 0 -1 -0
    outer loop
      vertex 78.267 -0.01 10.6678
      vertex 77.7076 -0.01 9.7761
      vertex 78.3793 -0.01 10.5911
    endloop
  endfacet
  facet normal 0 -1 -0
    outer loop
      vertex 78.3793 -0.01 10.5911
      vertex 77.7683 -0.01 9.72256
      vertex 78.4854 -0.01 10.508
    endloop
  endfacet
  facet normal 0 -1 -0
    outer loop
      vertex 78.4854 -0.01 10.508
      vertex 77.8248 -0.01 9.66609
      vertex 78.5851 -0.01 10.4187
    endloop
  endfacet
  facet normal 0 -1 0
    outer loop
      vertex 77.8248 -0.01 9.66609
      vertex 78.6786 -0.01 10.3231
      vertex 78.5851 -0.01 10.4187
    endloop
  endfacet
  facet normal 0 -1 0
    outer loop
      vertex 77.8769 -0.01 9.60669
      vertex 78.6786 -0.01 10.3231
      vertex 77.8248 -0.01 9.66609
    endloop
  endfacet
  facet normal -0 -1 0
    outer loop
      vertex 78.7659 -0.01 10.2212
      vertex 78.6786 -0.01 10.3231
      vertex 77.8769 -0.01 9.60669
    endloop
  endfacet
  facet normal 0 -1 0
    outer loop
      vertex 78.7659 -0.01 10.2212
      vertex 77.8769 -0.01 9.60669
      vertex 77.9248 -0.01 9.54437
    endloop
  endfacet
  facet normal 0 -1 -0
    outer loop
      vertex 78.7659 -0.01 10.2212
      vertex 77.9248 -0.01 9.54437
      vertex 78.8469 -0.01 10.113
    endloop
  endfacet
  facet normal 0 -1 0
    outer loop
      vertex 77.9248 -0.01 9.54437
      vertex 77.9685 -0.01 9.47912
      vertex 78.8469 -0.01 10.113
    endloop
  endfacet
  facet normal 0 -1 0
    outer loop
      vertex 77.9685 -0.01 9.47912
      vertex 78.9217 -0.01 9.99852
      vertex 78.8469 -0.01 10.113
    endloop
  endfacet
  facet normal 0 -1 0
    outer loop
      vertex 78.0078 -0.01 9.41095
      vertex 78.9217 -0.01 9.99852
      vertex 77.9685 -0.01 9.47912
    endloop
  endfacet
  facet normal -0 -1 0
    outer loop
      vertex 78.9902 -0.01 9.87774
      vertex 78.9217 -0.01 9.99852
      vertex 78.0078 -0.01 9.41095
    endloop
  endfacet
  facet normal 0 -1 0
    outer loop
      vertex 78.9902 -0.01 9.87774
      vertex 78.0078 -0.01 9.41095
      vertex 78.0429 -0.01 9.33984
    endloop
  endfacet
  facet normal 0 -1 -0
    outer loop
      vertex 78.9902 -0.01 9.87774
      vertex 78.0429 -0.01 9.33984
      vertex 79.0524 -0.01 9.75068
    endloop
  endfacet
  facet normal 0 -1 0
    outer loop
      vertex 78.0429 -0.01 9.33984
      vertex 78.0737 -0.01 9.26582
      vertex 79.0524 -0.01 9.75068
    endloop
  endfacet
  facet normal 0 -1 0
    outer loop
      vertex 78.1003 -0.01 9.18887
      vertex 79.1084 -0.01 9.61734
      vertex 78.0737 -0.01 9.26582
    endloop
  endfacet
  facet normal 0 -1 0
    outer loop
      vertex 78.0737 -0.01 9.26582
      vertex 79.1084 -0.01 9.61734
      vertex 79.0524 -0.01 9.75068
    endloop
  endfacet
  facet normal 0 -1 0
    outer loop
      vertex 78.1003 -0.01 9.18887
      vertex 79.1582 -0.01 9.4777
      vertex 79.1084 -0.01 9.61734
    endloop
  endfacet
  facet normal 0 -1 0
    outer loop
      vertex 77.7683 -0.01 9.72256
      vertex 77.8248 -0.01 9.66609
      vertex 78.4854 -0.01 10.508
    endloop
  endfacet
  facet normal 0 -1 0
    outer loop
      vertex 84.5509 -0.01 5.92848
      vertex 83.7826 -0.01 6.69371
      vertex 83.6673 -0.01 6.55853
    endloop
  endfacet
  facet normal 0 -1 0
    outer loop
      vertex 77.7076 -0.01 9.7761
      vertex 77.7683 -0.01 9.72256
      vertex 78.3793 -0.01 10.5911
    endloop
  endfacet
  facet normal 0 -1 0
    outer loop
      vertex 84.5509 -0.01 5.92848
      vertex 84.6462 -0.01 6.03372
      vertex 83.7826 -0.01 6.69371
    endloop
  endfacet
  facet normal 0 -1 0
    outer loop
      vertex 77.6426 -0.01 9.82673
      vertex 77.7076 -0.01 9.7761
      vertex 78.267 -0.01 10.6678
    endloop
  endfacet
  facet normal 0 -1 0
    outer loop
      vertex 83.7826 -0.01 6.69371
      vertex 84.6462 -0.01 6.03372
      vertex 84.7362 -0.01 6.14598
    endloop
  endfacet
  facet normal 0 -1 -0
    outer loop
      vertex 78.0239 -0.01 10.8016
      vertex 77.5734 -0.01 9.87443
      vertex 78.1486 -0.01 10.7381
    endloop
  endfacet
  facet normal 0 -1 -0
    outer loop
      vertex 83.8869 -0.01 6.84691
      vertex 83.7826 -0.01 6.69371
      vertex 84.7362 -0.01 6.14598
    endloop
  endfacet
  facet normal 0 -1 -0
    outer loop
      vertex 77.893 -0.01 10.8585
      vertex 77.5008 -0.01 9.91856
      vertex 78.0239 -0.01 10.8016
    endloop
  endfacet
  facet normal -0 -1 0
    outer loop
      vertex 84.8211 -0.01 6.26527
      vertex 83.8869 -0.01 6.84691
      vertex 84.7362 -0.01 6.14598
    endloop
  endfacet
  facet normal 0 -1 -0
    outer loop
      vertex 77.756 -0.01 10.9087
      vertex 77.426 -0.01 9.95849
      vertex 77.893 -0.01 10.8585
    endloop
  endfacet
  facet normal 0 -1 0
    outer loop
      vertex 84.8211 -0.01 6.26527
      vertex 84.9007 -0.01 6.39158
      vertex 83.8869 -0.01 6.84691
    endloop
  endfacet
  facet normal 0 -1 -0
    outer loop
      vertex 77.6127 -0.01 10.9522
      vertex 77.3488 -0.01 9.99421
      vertex 77.756 -0.01 10.9087
    endloop
  endfacet
  facet normal 0 -1 0
    outer loop
      vertex 84.9007 -0.01 6.39158
      vertex 84.9751 -0.01 6.52493
      vertex 83.9803 -0.01 7.01814
    endloop
  endfacet
  facet normal 0 -1 -0
    outer loop
      vertex 77.4633 -0.01 10.989
      vertex 77.2693 -0.01 10.0257
      vertex 77.6127 -0.01 10.9522
    endloop
  endfacet
  facet normal 0 -1 -0
    outer loop
      vertex 84.0627 -0.01 7.20738
      vertex 83.9803 -0.01 7.01814
      vertex 85.0444 -0.01 6.6653
    endloop
  endfacet
  facet normal 0 -1 0
    outer loop
      vertex 77.1874 -0.01 10.0531
      vertex 77.2693 -0.01 10.0257
      vertex 77.4633 -0.01 10.989
    endloop
  endfacet
  facet normal 0 -1 0
    outer loop
      vertex 83.6086 -0.01 5.33696
      vertex 83.7422 -0.01 5.38714
      vertex 83.2556 -0.01 6.26114
    endloop
  endfacet
  facet normal 0 -1 0
    outer loop
      vertex 77.1033 -0.01 10.0762
      vertex 77.1874 -0.01 10.0531
      vertex 77.3077 -0.01 11.0191
    endloop
  endfacet
  facet normal 0 -1 0
    outer loop
      vertex 80.9245 -0.01 8.7926
      vertex 79.7566 -0.01 9.08745
      vertex 79.7145 -0.01 8.86865
    endloop
  endfacet
  facet normal 0 -1 0
    outer loop
      vertex 77.1033 -0.01 10.0762
      vertex 77.3077 -0.01 11.0191
      vertex 77.0168 -0.01 10.0951
    endloop
  endfacet
  facet normal 0 -1 0
    outer loop
      vertex 80.3886 -0.01 10.3159
      vertex 81.2898 -0.01 9.62417
      vertex 80.5264 -0.01 10.4472
    endloop
  endfacet
  facet normal 0 -1 0
    outer loop
      vertex 77.0168 -0.01 10.0951
      vertex 77.1458 -0.01 11.0426
      vertex 76.928 -0.01 10.1098
    endloop
  endfacet
  facet normal 0 -1 0
    outer loop
      vertex 81.5488 -0.01 9.86184
      vertex 81.648 -0.01 9.92439
      vertex 81.1861 -0.01 10.8475
    endloop
  endfacet
  facet normal 0 -1 0
    outer loop
      vertex 76.928 -0.01 10.1098
      vertex 76.9779 -0.01 11.0593
      vertex 76.8369 -0.01 10.1203
    endloop
  endfacet
  facet normal -0 -1 0
    outer loop
      vertex 81.8661 -0.01 10.0245
      vertex 81.5808 -0.01 10.9726
      vertex 81.7538 -0.01 9.97859
    endloop
  endfacet
  facet normal -0 -1 0
    outer loop
      vertex 76.9779 -0.01 11.0593
      vertex 76.8037 -0.01 11.0693
      vertex 76.8369 -0.01 10.1203
    endloop
  endfacet
  facet normal 0 -1 0
    outer loop
      vertex 82.1101 -0.01 10.0912
      vertex 82.0189 -0.01 11.0477
      vertex 81.7944 -0.01 11.0164
    endloop
  endfacet
  facet normal 0 -1 0
    outer loop
      vertex 76.8037 -0.01 11.0693
      vertex 76.6477 -0.01 10.1287
      vertex 76.7435 -0.01 10.1266
    endloop
  endfacet
  facet normal 0 -1 0
    outer loop
      vertex 82.2418 -0.01 10.112
      vertex 82.38 -0.01 10.1245
      vertex 82.2542 -0.01 11.0664
    endloop
  endfacet
  facet normal 0 -1 0
    outer loop
      vertex 76.6233 -0.01 11.0727
      vertex 76.6477 -0.01 10.1287
      vertex 76.8037 -0.01 11.0693
    endloop
  endfacet
  facet normal 0 -1 0
    outer loop
      vertex 82.5247 -0.01 10.1287
      vertex 82.6205 -0.01 10.1266
      vertex 82.6807 -0.01 11.0693
    endloop
  endfacet
  facet normal 0 -1 0
    outer loop
      vertex 76.3772 -0.01 11.0664
      vertex 76.503 -0.01 10.1245
      vertex 76.6233 -0.01 11.0727
    endloop
  endfacet
  facet normal 0 -1 0
    outer loop
      vertex 83.0228 -0.01 11.0426
      vertex 82.805 -0.01 10.1098
      vertex 82.8938 -0.01 10.0951
    endloop
  endfacet
  facet normal 0 -1 0
    outer loop
      vertex 76.3648 -0.01 10.112
      vertex 76.503 -0.01 10.1245
      vertex 76.3772 -0.01 11.0664
    endloop
  endfacet
  facet normal -0 -1 0
    outer loop
      vertex 83.4897 -0.01 10.9522
      vertex 83.3403 -0.01 10.989
      vertex 83.1463 -0.01 10.0257
    endloop
  endfacet
  facet normal 0 -1 0
    outer loop
      vertex 76.2331 -0.01 10.0912
      vertex 76.3648 -0.01 10.112
      vertex 76.1419 -0.01 11.0477
    endloop
  endfacet
  facet normal 0 -1 0
    outer loop
      vertex 83.1463 -0.01 10.0257
      vertex 83.3403 -0.01 10.989
      vertex 83.0644 -0.01 10.0531
    endloop
  endfacet
  facet normal 0 -1 0
    outer loop
      vertex 76.1078 -0.01 10.062
      vertex 76.2331 -0.01 10.0912
      vertex 75.9174 -0.01 11.0164
    endloop
  endfacet
  facet normal 0 -1 -0
    outer loop
      vertex 82.5003 -0.01 11.0727
      vertex 82.38 -0.01 10.1245
      vertex 82.5247 -0.01 10.1287
    endloop
  endfacet
  facet normal 0 -1 0
    outer loop
      vertex 76.1078 -0.01 10.062
      vertex 75.9174 -0.01 11.0164
      vertex 75.7038 -0.01 10.9726
    endloop
  endfacet
  facet normal -0 -1 0
    outer loop
      vertex 75.9891 -0.01 10.0245
      vertex 75.7038 -0.01 10.9726
      vertex 75.8768 -0.01 9.97859
    endloop
  endfacet
  facet normal -0 -1 0
    outer loop
      vertex 75.8768 -0.01 9.97859
      vertex 75.501 -0.01 10.9163
      vertex 75.771 -0.01 9.92439
    endloop
  endfacet
  facet normal -0 -1 0
    outer loop
      vertex 75.771 -0.01 9.92439
      vertex 75.3091 -0.01 10.8475
      vertex 75.6718 -0.01 9.86184
    endloop
  endfacet
  facet normal 0 -1 0
    outer loop
      vertex 75.6718 -0.01 9.86184
      vertex 75.1279 -0.01 10.7662
      vertex 74.9576 -0.01 10.6724
    endloop
  endfacet
  facet normal 0 -1 0
    outer loop
      vertex 75.4927 -0.01 9.71173
      vertex 75.579 -0.01 9.79095
      vertex 74.7981 -0.01 10.5661
    endloop
  endfacet
  facet normal 0 -1 0
    outer loop
      vertex 75.4129 -0.01 9.62417
      vertex 75.4927 -0.01 9.71173
      vertex 74.6494 -0.01 10.4472
    endloop
  endfacet
  facet normal 0 -1 0
    outer loop
      vertex 74.3852 -0.01 10.1729
      vertex 75.3398 -0.01 9.52858
      vertex 74.5116 -0.01 10.3159
    endloop
  endfacet
  facet normal 0 -1 -0
    outer loop
      vertex 68.0907 -0.01 10.1166
      vertex 67.0279 -0.01 9.57773
      vertex 68.1504 -0.01 10.0012
    endloop
  endfacet
  facet normal 0 -1 0
    outer loop
      vertex 74.2708 -0.01 10.0191
      vertex 75.2737 -0.01 9.42524
      vertex 74.3852 -0.01 10.1729
    endloop
  endfacet
  facet normal 0 -1 -0
    outer loop
      vertex 74.1685 -0.01 9.8544
      vertex 74.0782 -0.01 9.67891
      vertex 75.2145 -0.01 9.31419
    endloop
  endfacet
  facet normal 0 -1 -0
    outer loop
      vertex 74.0782 -0.01 9.67891
      vertex 74 -0.01 9.49258
      vertex 75.1623 -0.01 9.1954
    endloop
  endfacet
  facet normal 0 -1 0
    outer loop
      vertex 66.9652 -0.01 8.59269
      vertex 67.789 -0.01 7.82887
      vertex 67.8511 -0.01 7.89335
    endloop
  endfacet
  facet normal -0 -1 0
    outer loop
      vertex 75.1171 -0.01 9.06886
      vertex 73.9338 -0.01 9.29542
      vertex 75.0788 -0.01 8.9346
    endloop
  endfacet
  facet normal 0 -1 0
    outer loop
      vertex 67.9095 -0.01 7.96109
      vertex 67.9644 -0.01 8.03209
      vertex 66.9985 -0.01 8.65004
    endloop
  endfacet
  facet normal -0 -1 0
    outer loop
      vertex 75.0788 -0.01 8.9346
      vertex 73.8796 -0.01 9.08745
      vertex 75.0475 -0.01 8.7926
    endloop
  endfacet
  facet normal 0 -1 0
    outer loop
      vertex 67.0872 -0.01 8.91542
      vertex 68.2635 -0.01 8.69391
      vertex 68.2822 -0.01 8.78573
    endloop
  endfacet
  facet normal -0 -1 0
    outer loop
      vertex 75.0475 -0.01 8.7926
      vertex 73.8375 -0.01 8.86865
      vertex 75.0231 -0.01 8.64288
    endloop
  endfacet
  facet normal -0 -1 0
    outer loop
      vertex 68.2635 -0.01 8.69391
      vertex 67.0872 -0.01 8.91542
      vertex 68.2405 -0.01 8.60402
    endloop
  endfacet
  facet normal 0 -1 0
    outer loop
      vertex 75.0231 -0.01 8.64288
      vertex 73.8074 -0.01 8.63902
      vertex 75.0057 -0.01 8.48541
    endloop
  endfacet
  facet normal 0 -1 0
    outer loop
      vertex 75.0057 -0.01 8.48541
      vertex 73.7893 -0.01 8.39856
      vertex 74.9953 -0.01 8.3202
    endloop
  endfacet
  facet normal 0 -1 0
    outer loop
      vertex 68.1822 -0.01 8.43011
      vertex 68.2134 -0.01 8.5161
      vertex 67.0717 -0.01 8.84367
    endloop
  endfacet
  facet normal 0 -1 0
    outer loop
      vertex 74.9953 -0.01 8.3202
      vertex 73.7833 -0.01 8.14727
      vertex 74.9918 -0.01 8.14727
    endloop
  endfacet
  facet normal 0 -1 -0
    outer loop
      vertex 67.0717 -0.01 8.84367
      vertex 67.0517 -0.01 8.77554
      vertex 68.1822 -0.01 8.43011
    endloop
  endfacet
  facet normal 0 -1 0
    outer loop
      vertex 73.7833 -0.01 8.14727
      vertex 74.9953 -0.01 7.97137
      vertex 74.9918 -0.01 8.14727
    endloop
  endfacet
  facet normal 0 -1 0
    outer loop
      vertex 68.1467 -0.01 8.34608
      vertex 68.1822 -0.01 8.43011
      vertex 67.0517 -0.01 8.77554
    endloop
  endfacet
  facet normal 0 -1 0
    outer loop
      vertex 73.7896 -0.01 7.89648
      vertex 75.0061 -0.01 7.8032
      vertex 74.9953 -0.01 7.97137
    endloop
  endfacet
  facet normal 0 -1 0
    outer loop
      vertex 67.0273 -0.01 8.711
      vertex 68.1071 -0.01 8.264
      vertex 67.0517 -0.01 8.77554
    endloop
  endfacet
  facet normal 0 -1 0
    outer loop
      vertex 73.8083 -0.01 7.656
      vertex 75.024 -0.01 7.64277
      vertex 75.0061 -0.01 7.8032
    endloop
  endfacet
  facet normal 0 -1 0
    outer loop
      vertex 67.0273 -0.01 8.711
      vertex 68.0633 -0.01 8.18387
      vertex 68.1071 -0.01 8.264
    endloop
  endfacet
  facet normal 0 -1 0
    outer loop
      vertex 73.8394 -0.01 7.42585
      vertex 75.024 -0.01 7.64277
      vertex 73.8083 -0.01 7.656
    endloop
  endfacet
  facet normal 0 -1 0
    outer loop
      vertex 67.0872 -0.01 8.91542
      vertex 68.2822 -0.01 8.78573
      vertex 67.0983 -0.01 8.99075
    endloop
  endfacet
  facet normal 0 -1 0
    outer loop
      vertex 73.8831 -0.01 7.20602
      vertex 75.0491 -0.01 7.49008
      vertex 73.8394 -0.01 7.42585
    endloop
  endfacet
  facet normal 0 -1 0
    outer loop
      vertex 67.0983 -0.01 8.99075
      vertex 68.2822 -0.01 8.78573
      vertex 68.2968 -0.01 8.87951
    endloop
  endfacet
  facet normal 0 -1 0
    outer loop
      vertex 73.9393 -0.01 6.99652
      vertex 75.0813 -0.01 7.34511
      vertex 73.8831 -0.01 7.20602
    endloop
  endfacet
  facet normal 0 -1 0
    outer loop
      vertex 74.0079 -0.01 6.79733
      vertex 75.1673 -0.01 7.07838
      vertex 75.1207 -0.01 7.20788
    endloop
  endfacet
  facet normal 0 -1 0
    outer loop
      vertex 74.0889 -0.01 6.60847
      vertex 75.1673 -0.01 7.07838
      vertex 74.0079 -0.01 6.79733
    endloop
  endfacet
  facet normal 0 -1 0
    outer loop
      vertex 74.1825 -0.01 6.42994
      vertex 75.221 -0.01 6.95662
      vertex 75.1673 -0.01 7.07838
    endloop
  endfacet
  facet normal 0 -1 0
    outer loop
      vertex 74.2885 -0.01 6.26172
      vertex 75.221 -0.01 6.95662
      vertex 74.1825 -0.01 6.42994
    endloop
  endfacet
  facet normal -0 -1 0
    outer loop
      vertex 75.2818 -0.01 6.84259
      vertex 75.221 -0.01 6.95662
      vertex 74.2885 -0.01 6.26172
    endloop
  endfacet
  facet normal -0 -1 0
    outer loop
      vertex 75.3499 -0.01 6.73629
      vertex 75.2818 -0.01 6.84259
      vertex 74.4071 -0.01 6.10383
    endloop
  endfacet
  facet normal 0 -1 0
    outer loop
      vertex 75.3499 -0.01 6.73629
      vertex 74.4071 -0.01 6.10383
      vertex 74.5381 -0.01 5.95627
    endloop
  endfacet
  facet normal 0 -1 0
    outer loop
      vertex 75.4251 -0.01 6.63774
      vertex 74.5381 -0.01 5.95627
      vertex 74.6805 -0.01 5.82032
    endloop
  endfacet
  facet normal 0 -1 -0
    outer loop
      vertex 75.4251 -0.01 6.63774
      vertex 74.6805 -0.01 5.82032
      vertex 75.507 -0.01 6.54736
    endloop
  endfacet
  facet normal 0 -1 0
    outer loop
      vertex 74.6805 -0.01 5.82032
      vertex 74.8333 -0.01 5.69734
      vertex 75.507 -0.01 6.54736
    endloop
  endfacet
  facet normal 0 -1 0
    outer loop
      vertex 74.8333 -0.01 5.69734
      vertex 74.9965 -0.01 5.58729
      vertex 75.5954 -0.01 6.46557
    endloop
  endfacet
  facet normal 0 -1 0
    outer loop
      vertex 74.9965 -0.01 5.58729
      vertex 75.69 -0.01 6.39241
      vertex 75.5954 -0.01 6.46557
    endloop
  endfacet
  facet normal 0 -1 0
    outer loop
      vertex 75.1701 -0.01 5.4902
      vertex 75.7911 -0.01 6.32785
      vertex 75.69 -0.01 6.39241
    endloop
  endfacet
  facet normal 0 -1 0
    outer loop
      vertex 75.3541 -0.01 5.40605
      vertex 75.7911 -0.01 6.32785
      vertex 75.1701 -0.01 5.4902
    endloop
  endfacet
  facet normal 0 -1 0
    outer loop
      vertex 75.5485 -0.01 5.33485
      vertex 75.8985 -0.01 6.27189
      vertex 75.3541 -0.01 5.40605
    endloop
  endfacet
  facet normal -0 -1 0
    outer loop
      vertex 76.0122 -0.01 6.22455
      vertex 75.8985 -0.01 6.27189
      vertex 75.5485 -0.01 5.33485
    endloop
  endfacet
  facet normal -0 -1 0
    outer loop
      vertex 76.1323 -0.01 6.1858
      vertex 76.0122 -0.01 6.22455
      vertex 75.7533 -0.01 5.27659
    endloop
  endfacet
  facet normal 0 -1 0
    outer loop
      vertex 76.1323 -0.01 6.1858
      vertex 75.7533 -0.01 5.27659
      vertex 75.9684 -0.01 5.23127
    endloop
  endfacet
  facet normal 0 -1 0
    outer loop
      vertex 76.2587 -0.01 6.15568
      vertex 75.9684 -0.01 5.23127
      vertex 76.194 -0.01 5.19891
    endloop
  endfacet
  facet normal 0 -1 -0
    outer loop
      vertex 76.2587 -0.01 6.15568
      vertex 76.194 -0.01 5.19891
      vertex 76.3915 -0.01 6.13415
    endloop
  endfacet
  facet normal 0 -1 0
    outer loop
      vertex 76.3915 -0.01 6.13415
      vertex 76.4299 -0.01 5.1795
      vertex 76.5307 -0.01 6.12124
    endloop
  endfacet
  facet normal 0 -1 0
    outer loop
      vertex 76.4299 -0.01 5.1795
      vertex 76.6762 -0.01 5.17302
      vertex 76.5307 -0.01 6.12124
    endloop
  endfacet
  facet normal 0 -1 0
    outer loop
      vertex 82.3069 -0.01 5.1795
      vertex 82.5532 -0.01 5.17302
      vertex 82.4077 -0.01 6.12124
    endloop
  endfacet
  facet normal 0 -1 0
    outer loop
      vertex 83.6673 -0.01 6.55853
      vertex 84.4504 -0.01 5.83029
      vertex 84.5509 -0.01 5.92848
    endloop
  endfacet
  facet normal 0 -1 -0
    outer loop
      vertex 83.9803 -0.01 7.01814
      vertex 83.8869 -0.01 6.84691
      vertex 84.9007 -0.01 6.39158
    endloop
  endfacet
  facet normal 0 -1 0
    outer loop
      vertex 84.3447 -0.01 5.7391
      vertex 84.4504 -0.01 5.83029
      vertex 83.6673 -0.01 6.55853
    endloop
  endfacet
  facet normal 0 -1 0
    outer loop
      vertex 90.0396 -0.01 5.1643
      vertex 90.2044 -0.01 5.16078
      vertex 90.2003 -0.01 6.0885
    endloop
  endfacet
  facet normal -0 -1 0
    outer loop
      vertex 84.3447 -0.01 5.7391
      vertex 83.6673 -0.01 6.55853
      vertex 84.2338 -0.01 5.65497
    endloop
  endfacet
  facet normal 0 -1 -0
    outer loop
      vertex 89.9223 -0.01 6.11581
      vertex 89.8811 -0.01 5.17483
      vertex 90.0554 -0.01 6.09533
    endloop
  endfacet
  facet normal 0 -1 0
    outer loop
      vertex 84.2338 -0.01 5.65497
      vertex 83.6673 -0.01 6.55853
      vertex 83.541 -0.01 6.44137
    endloop
  endfacet
  facet normal 0 -1 -0
    outer loop
      vertex 89.8012 -0.01 6.14995
      vertex 89.5827 -0.01 5.21701
      vertex 89.9223 -0.01 6.11581
    endloop
  endfacet
  facet normal -0 -1 0
    outer loop
      vertex 85.0444 -0.01 6.6653
      vertex 83.9803 -0.01 7.01814
      vertex 84.9751 -0.01 6.52493
    endloop
  endfacet
  facet normal 0 -1 0
    outer loop
      vertex 89.8012 -0.01 6.14995
      vertex 89.443 -0.01 5.24862
      vertex 89.5827 -0.01 5.21701
    endloop
  endfacet
  facet normal -0 -1 0
    outer loop
      vertex 84.2338 -0.01 5.65497
      vertex 83.541 -0.01 6.44137
      vertex 84.1176 -0.01 5.57785
    endloop
  endfacet
  facet normal 0 -1 0
    outer loop
      vertex 89.6919 -0.01 6.19772
      vertex 89.1822 -0.01 5.33296
      vertex 89.3094 -0.01 5.28727
    endloop
  endfacet
  facet normal -0 -1 0
    outer loop
      vertex 84.1176 -0.01 5.57785
      vertex 83.541 -0.01 6.44137
      vertex 83.9968 -0.01 5.50758
    endloop
  endfacet
  facet normal -0 -1 0
    outer loop
      vertex 89.6919 -0.01 6.19772
      vertex 89.5946 -0.01 6.25915
      vertex 89.1822 -0.01 5.33296
    endloop
  endfacet
  facet normal 0 -1 0
    outer loop
      vertex 89.0612 -0.01 5.38566
      vertex 89.5946 -0.01 6.25915
      vertex 88.9464 -0.01 5.4454
    endloop
  endfacet
  facet normal -0 -1 0
    outer loop
      vertex 85.1084 -0.01 6.8127
      vertex 84.0627 -0.01 7.20738
      vertex 85.0444 -0.01 6.6653
    endloop
  endfacet
  facet normal 0 -1 0
    outer loop
      vertex 88.9464 -0.01 5.4454
      vertex 89.5946 -0.01 6.25915
      vertex 89.5092 -0.01 6.33424
    endloop
  endfacet
  facet normal 0 -1 0
    outer loop
      vertex 83.7422 -0.01 5.38714
      vertex 83.8716 -0.01 5.44401
      vertex 83.4038 -0.01 6.34224
    endloop
  endfacet
  facet normal 0 -1 0
    outer loop
      vertex 88.7356 -0.01 5.58595
      vertex 89.5092 -0.01 6.33424
      vertex 89.4356 -0.01 6.42299
    endloop
  endfacet
  facet normal -0 -1 0
    outer loop
      vertex 83.6086 -0.01 5.33696
      vertex 83.2556 -0.01 6.26114
      vertex 83.4706 -0.01 5.29347
    endloop
  endfacet
  facet normal 0 -1 0
    outer loop
      vertex 88.6402 -0.01 5.66636
      vertex 88.7356 -0.01 5.58595
      vertex 89.4356 -0.01 6.42299
    endloop
  endfacet
  facet normal 0 -1 0
    outer loop
      vertex 80.0595 -0.01 6.42994
      vertex 81.0443 -0.01 7.07838
      vertex 79.966 -0.01 6.60847
    endloop
  endfacet
  facet normal 0 -1 0
    outer loop
      vertex 88.5523 -0.01 5.753
      vertex 88.6402 -0.01 5.66636
      vertex 89.4356 -0.01 6.42299
    endloop
  endfacet
  facet normal 0 -1 0
    outer loop
      vertex 79.6603 -0.01 8.14727
      vertex 79.6666 -0.01 7.89648
      vertex 80.8723 -0.01 7.97137
    endloop
  endfacet
  facet normal 0 -1 0
    outer loop
      vertex 88.3988 -0.01 5.94496
      vertex 88.4718 -0.01 5.84587
      vertex 89.374 -0.01 6.52537
    endloop
  endfacet
  facet normal -0 -1 0
    outer loop
      vertex 80.8827 -0.01 8.48541
      vertex 79.6844 -0.01 8.63902
      vertex 79.6663 -0.01 8.39856
    endloop
  endfacet
  facet normal 0 -1 0
    outer loop
      vertex 88.3333 -0.01 6.05026
      vertex 88.3988 -0.01 5.94496
      vertex 89.374 -0.01 6.52537
    endloop
  endfacet
  facet normal 0 -1 0
    outer loop
      vertex 80.9558 -0.01 8.9346
      vertex 79.8108 -0.01 9.29542
      vertex 79.7566 -0.01 9.08745
    endloop
  endfacet
  facet normal 0 -1 -0
    outer loop
      vertex 89.3242 -0.01 6.64142
      vertex 88.3333 -0.01 6.05026
      vertex 89.374 -0.01 6.52537
    endloop
  endfacet
  facet normal -0 -1 0
    outer loop
      vertex 81.0393 -0.01 9.1954
      vertex 79.877 -0.01 9.49258
      vertex 80.994 -0.01 9.06886
    endloop
  endfacet
  facet normal 0 -1 0
    outer loop
      vertex 89.3242 -0.01 6.64142
      vertex 88.2752 -0.01 6.16179
      vertex 88.3333 -0.01 6.05026
    endloop
  endfacet
  facet normal -0 -1 0
    outer loop
      vertex 81.1507 -0.01 9.42524
      vertex 80.1478 -0.01 10.0191
      vertex 81.0915 -0.01 9.31419
    endloop
  endfacet
  facet normal 0 -1 0
    outer loop
      vertex 81.3697 -0.01 9.71173
      vertex 80.6751 -0.01 10.5661
      vertex 80.5264 -0.01 10.4472
    endloop
  endfacet
  facet normal 0 -1 -0
    outer loop
      vertex 89.374 -0.01 6.52537
      vertex 88.4718 -0.01 5.84587
      vertex 89.4356 -0.01 6.42299
    endloop
  endfacet
  facet normal -0 -1 0
    outer loop
      vertex 81.5488 -0.01 9.86184
      vertex 80.8346 -0.01 10.6724
      vertex 81.456 -0.01 9.79095
    endloop
  endfacet
  facet normal 0 -1 0
    outer loop
      vertex 88.8379 -0.01 5.51216
      vertex 88.9464 -0.01 5.4454
      vertex 89.5092 -0.01 6.33424
    endloop
  endfacet
  facet normal 0 -1 0
    outer loop
      vertex 81.0049 -0.01 10.7662
      vertex 81.5488 -0.01 9.86184
      vertex 81.1861 -0.01 10.8475
    endloop
  endfacet
  facet normal 0 -1 0
    outer loop
      vertex 89.443 -0.01 5.24862
      vertex 89.6919 -0.01 6.19772
      vertex 89.3094 -0.01 5.28727
    endloop
  endfacet
  facet normal 0 -1 0
    outer loop
      vertex 81.648 -0.01 9.92439
      vertex 81.378 -0.01 10.9163
      vertex 81.1861 -0.01 10.8475
    endloop
  endfacet
  facet normal 0 -1 0
    outer loop
      vertex 89.9223 -0.01 6.11581
      vertex 89.5827 -0.01 5.21701
      vertex 89.7288 -0.01 5.19241
    endloop
  endfacet
  facet normal -0 -1 0
    outer loop
      vertex 81.7538 -0.01 9.97859
      vertex 81.378 -0.01 10.9163
      vertex 81.648 -0.01 9.92439
    endloop
  endfacet
  facet normal 0 -1 0
    outer loop
      vertex 83.0964 -0.01 6.19806
      vertex 83.3284 -0.01 5.25667
      vertex 83.4706 -0.01 5.29347
    endloop
  endfacet
  facet normal 0 -1 0
    outer loop
      vertex 81.456 -0.01 9.79095
      vertex 80.8346 -0.01 10.6724
      vertex 80.6751 -0.01 10.5661
    endloop
  endfacet
  facet normal 0 -1 0
    outer loop
      vertex 83.4038 -0.01 6.34224
      vertex 83.8716 -0.01 5.44401
      vertex 83.9968 -0.01 5.50758
    endloop
  endfacet
  facet normal 0 -1 -0
    outer loop
      vertex 83.541 -0.01 6.44137
      vertex 83.4038 -0.01 6.34224
      vertex 83.9968 -0.01 5.50758
    endloop
  endfacet
  facet normal 0 -1 0
    outer loop
      vertex 83.2556 -0.01 6.26114
      vertex 83.7422 -0.01 5.38714
      vertex 83.4038 -0.01 6.34224
    endloop
  endfacet
  facet normal 0 -1 -0
    outer loop
      vertex 83.2556 -0.01 6.26114
      vertex 83.0964 -0.01 6.19806
      vertex 83.4706 -0.01 5.29347
    endloop
  endfacet
  facet normal 0 -1 0
    outer loop
      vertex 83.0964 -0.01 6.19806
      vertex 83.1819 -0.01 5.22656
      vertex 83.3284 -0.01 5.25667
    endloop
  endfacet
  facet normal 0 -1 0
    outer loop
      vertex 82.9263 -0.01 6.153
      vertex 83.1819 -0.01 5.22656
      vertex 83.0964 -0.01 6.19806
    endloop
  endfacet
  facet normal 0 -1 0
    outer loop
      vertex 83.0311 -0.01 5.20314
      vertex 83.1819 -0.01 5.22656
      vertex 82.9263 -0.01 6.153
    endloop
  endfacet
  facet normal 0 -1 0
    outer loop
      vertex 83.0311 -0.01 5.20314
      vertex 82.9263 -0.01 6.153
      vertex 82.7452 -0.01 6.12596
    endloop
  endfacet
  facet normal -0 -1 0
    outer loop
      vertex 83.0311 -0.01 5.20314
      vertex 82.7452 -0.01 6.12596
      vertex 82.8761 -0.01 5.1864
    endloop
  endfacet
  facet normal 0 -1 -0
    outer loop
      vertex 82.7452 -0.01 6.12596
      vertex 82.7168 -0.01 5.17637
      vertex 82.8761 -0.01 5.1864
    endloop
  endfacet
  facet normal 0 -1 0
    outer loop
      vertex 82.5532 -0.01 6.11694
      vertex 82.7168 -0.01 5.17637
      vertex 82.7452 -0.01 6.12596
    endloop
  endfacet
  facet normal 0 -1 0
    outer loop
      vertex 82.5532 -0.01 5.17302
      vertex 82.7168 -0.01 5.17637
      vertex 82.5532 -0.01 6.11694
    endloop
  endfacet
  facet normal 0 -1 0
    outer loop
      vertex 82.5532 -0.01 5.17302
      vertex 82.5532 -0.01 6.11694
      vertex 82.4077 -0.01 6.12124
    endloop
  endfacet
  facet normal 0 -1 -0
    outer loop
      vertex 81.384 -0.01 6.54736
      vertex 80.7103 -0.01 5.69734
      vertex 81.4724 -0.01 6.46557
    endloop
  endfacet
  facet normal 0 -1 0
    outer loop
      vertex 80.8735 -0.01 5.58729
      vertex 81.0471 -0.01 5.4902
      vertex 81.567 -0.01 6.39241
    endloop
  endfacet
  facet normal 0 -1 0
    outer loop
      vertex 80.4151 -0.01 5.95627
      vertex 81.3021 -0.01 6.63774
      vertex 81.2269 -0.01 6.73629
    endloop
  endfacet
  facet normal 0 -1 0
    outer loop
      vertex 81.2269 -0.01 6.73629
      vertex 80.2841 -0.01 6.10383
      vertex 80.4151 -0.01 5.95627
    endloop
  endfacet
  facet normal 0 -1 0
    outer loop
      vertex 80.1655 -0.01 6.26172
      vertex 80.2841 -0.01 6.10383
      vertex 81.1588 -0.01 6.84259
    endloop
  endfacet
  facet normal 0 -1 0
    outer loop
      vertex 80.1655 -0.01 6.26172
      vertex 81.098 -0.01 6.95662
      vertex 80.0595 -0.01 6.42994
    endloop
  endfacet
  facet normal 0 -1 -0
    outer loop
      vertex 81.0443 -0.01 7.07838
      vertex 80.0595 -0.01 6.42994
      vertex 81.098 -0.01 6.95662
    endloop
  endfacet
  facet normal 0 -1 0
    outer loop
      vertex 79.966 -0.01 6.60847
      vertex 81.0443 -0.01 7.07838
      vertex 79.8849 -0.01 6.79733
    endloop
  endfacet
  facet normal -0 -1 0
    outer loop
      vertex 81.0443 -0.01 7.07838
      vertex 80.9977 -0.01 7.20788
      vertex 79.8849 -0.01 6.79733
    endloop
  endfacet
  facet normal -0 -1 0
    outer loop
      vertex 80.9977 -0.01 7.20788
      vertex 80.9583 -0.01 7.34511
      vertex 79.8163 -0.01 6.99652
    endloop
  endfacet
  facet normal 0 -1 0
    outer loop
      vertex 80.9583 -0.01 7.34511
      vertex 79.7601 -0.01 7.20602
      vertex 79.8163 -0.01 6.99652
    endloop
  endfacet
  facet normal 0 -1 0
    outer loop
      vertex 80.9261 -0.01 7.49008
      vertex 79.7165 -0.01 7.42585
      vertex 79.7601 -0.01 7.20602
    endloop
  endfacet
  facet normal -0 -1 0
    outer loop
      vertex 80.901 -0.01 7.64277
      vertex 79.6853 -0.01 7.656
      vertex 79.7165 -0.01 7.42585
    endloop
  endfacet
  facet normal -0 -1 0
    outer loop
      vertex 80.8831 -0.01 7.8032
      vertex 79.6666 -0.01 7.89648
      vertex 79.6853 -0.01 7.656
    endloop
  endfacet
  facet normal 0 -1 -0
    outer loop
      vertex 79.6663 -0.01 8.39856
      vertex 79.6603 -0.01 8.14727
      vertex 80.8723 -0.01 8.3202
    endloop
  endfacet
  facet normal 0 -1 0
    outer loop
      vertex 80.9001 -0.01 8.64288
      vertex 79.6844 -0.01 8.63902
      vertex 80.8827 -0.01 8.48541
    endloop
  endfacet
  facet normal -0 -1 0
    outer loop
      vertex 80.9245 -0.01 8.7926
      vertex 79.7145 -0.01 8.86865
      vertex 80.9001 -0.01 8.64288
    endloop
  endfacet
  facet normal 0 -1 0
    outer loop
      vertex 79.8108 -0.01 9.29542
      vertex 80.994 -0.01 9.06886
      vertex 79.877 -0.01 9.49258
    endloop
  endfacet
  facet normal 0 -1 -0
    outer loop
      vertex 80.0455 -0.01 9.8544
      vertex 79.9552 -0.01 9.67891
      vertex 81.0915 -0.01 9.31419
    endloop
  endfacet
  facet normal -0 -1 0
    outer loop
      vertex 81.2168 -0.01 9.52858
      vertex 80.2622 -0.01 10.1729
      vertex 81.1507 -0.01 9.42524
    endloop
  endfacet
  facet normal 0 -1 0
    outer loop
      vertex 81.2168 -0.01 9.52858
      vertex 81.2898 -0.01 9.62417
      vertex 80.3886 -0.01 10.3159
    endloop
  endfacet
  facet normal 0 -1 0
    outer loop
      vertex 81.2898 -0.01 9.62417
      vertex 81.3697 -0.01 9.71173
      vertex 80.5264 -0.01 10.4472
    endloop
  endfacet
  facet normal 0 -1 0
    outer loop
      vertex 81.5488 -0.01 9.86184
      vertex 81.0049 -0.01 10.7662
      vertex 80.8346 -0.01 10.6724
    endloop
  endfacet
  facet normal 0 -1 -0
    outer loop
      vertex 81.5808 -0.01 10.9726
      vertex 81.378 -0.01 10.9163
      vertex 81.7538 -0.01 9.97859
    endloop
  endfacet
  facet normal 0 -1 0
    outer loop
      vertex 81.9848 -0.01 10.062
      vertex 81.7944 -0.01 11.0164
      vertex 81.5808 -0.01 10.9726
    endloop
  endfacet
  facet normal -0 -1 0
    outer loop
      vertex 82.1101 -0.01 10.0912
      vertex 81.7944 -0.01 11.0164
      vertex 81.9848 -0.01 10.062
    endloop
  endfacet
  facet normal -0 -1 0
    outer loop
      vertex 82.2418 -0.01 10.112
      vertex 82.0189 -0.01 11.0477
      vertex 82.1101 -0.01 10.0912
    endloop
  endfacet
  facet normal 0 -1 0
    outer loop
      vertex 82.38 -0.01 10.1245
      vertex 82.5003 -0.01 11.0727
      vertex 82.2542 -0.01 11.0664
    endloop
  endfacet
  facet normal 0 -1 0
    outer loop
      vertex 82.5247 -0.01 10.1287
      vertex 82.6807 -0.01 11.0693
      vertex 82.5003 -0.01 11.0727
    endloop
  endfacet
  facet normal 0 -1 0
    outer loop
      vertex 82.8548 -0.01 11.0593
      vertex 82.7139 -0.01 10.1203
      vertex 82.805 -0.01 10.1098
    endloop
  endfacet
  facet normal 0 -1 0
    outer loop
      vertex 82.6807 -0.01 11.0693
      vertex 82.7139 -0.01 10.1203
      vertex 82.8548 -0.01 11.0593
    endloop
  endfacet
  facet normal 0 -1 -0
    outer loop
      vertex 83.0228 -0.01 11.0426
      vertex 82.8938 -0.01 10.0951
      vertex 83.1847 -0.01 11.0191
    endloop
  endfacet
  facet normal -0 -1 0
    outer loop
      vertex 83.3403 -0.01 10.989
      vertex 83.1847 -0.01 11.0191
      vertex 83.0644 -0.01 10.0531
    endloop
  endfacet
  facet normal 0 -1 0
    outer loop
      vertex 83.1847 -0.01 11.0191
      vertex 82.9803 -0.01 10.0762
      vertex 83.0644 -0.01 10.0531
    endloop
  endfacet
  facet normal 0 -1 0
    outer loop
      vertex 83.4897 -0.01 10.9522
      vertex 83.1463 -0.01 10.0257
      vertex 83.2258 -0.01 9.99421
    endloop
  endfacet
  facet normal -0 -1 0
    outer loop
      vertex 83.77 -0.01 10.8585
      vertex 83.6329 -0.01 10.9087
      vertex 83.303 -0.01 9.95849
    endloop
  endfacet
  facet normal 0 -1 0
    outer loop
      vertex 83.6329 -0.01 10.9087
      vertex 83.2258 -0.01 9.99421
      vertex 83.303 -0.01 9.95849
    endloop
  endfacet
  facet normal 0 -1 -0
    outer loop
      vertex 83.77 -0.01 10.8585
      vertex 83.3778 -0.01 9.91856
      vertex 83.9009 -0.01 10.8016
    endloop
  endfacet
  facet normal 0 -1 0
    outer loop
      vertex 83.303 -0.01 9.95849
      vertex 83.3778 -0.01 9.91856
      vertex 83.77 -0.01 10.8585
    endloop
  endfacet
  facet normal 0 -1 0
    outer loop
      vertex 83.4504 -0.01 9.87443
      vertex 84.0256 -0.01 10.7381
      vertex 83.9009 -0.01 10.8016
    endloop
  endfacet
  facet normal 0 -1 0
    outer loop
      vertex 83.5196 -0.01 9.82673
      vertex 84.0256 -0.01 10.7381
      vertex 83.4504 -0.01 9.87443
    endloop
  endfacet
  facet normal 0 -1 0
    outer loop
      vertex 83.4504 -0.01 9.87443
      vertex 83.9009 -0.01 10.8016
      vertex 83.3778 -0.01 9.91856
    endloop
  endfacet
  facet normal 0 -1 -0
    outer loop
      vertex 84.0256 -0.01 10.7381
      vertex 83.5196 -0.01 9.82673
      vertex 84.144 -0.01 10.6678
    endloop
  endfacet
  facet normal 0 -1 -0
    outer loop
      vertex 84.144 -0.01 10.6678
      vertex 83.5846 -0.01 9.7761
      vertex 84.2563 -0.01 10.5911
    endloop
  endfacet
  facet normal 0 -1 -0
    outer loop
      vertex 84.2563 -0.01 10.5911
      vertex 83.6453 -0.01 9.72256
      vertex 84.3624 -0.01 10.508
    endloop
  endfacet
  facet normal 0 -1 -0
    outer loop
      vertex 84.3624 -0.01 10.508
      vertex 83.7018 -0.01 9.66609
      vertex 84.4621 -0.01 10.4187
    endloop
  endfacet
  facet normal 0 -1 0
    outer loop
      vertex 83.7018 -0.01 9.66609
      vertex 84.5556 -0.01 10.3231
      vertex 84.4621 -0.01 10.4187
    endloop
  endfacet
  facet normal 0 -1 0
    outer loop
      vertex 83.7539 -0.01 9.60669
      vertex 84.5556 -0.01 10.3231
      vertex 83.7018 -0.01 9.66609
    endloop
  endfacet
  facet normal -0 -1 0
    outer loop
      vertex 84.6429 -0.01 10.2212
      vertex 84.5556 -0.01 10.3231
      vertex 83.7539 -0.01 9.60669
    endloop
  endfacet
  facet normal 0 -1 0
    outer loop
      vertex 84.6429 -0.01 10.2212
      vertex 83.7539 -0.01 9.60669
      vertex 83.8018 -0.01 9.54437
    endloop
  endfacet
  facet normal 0 -1 -0
    outer loop
      vertex 84.6429 -0.01 10.2212
      vertex 83.8018 -0.01 9.54437
      vertex 84.7239 -0.01 10.113
    endloop
  endfacet
  facet normal 0 -1 0
    outer loop
      vertex 83.8018 -0.01 9.54437
      vertex 83.8455 -0.01 9.47912
      vertex 84.7239 -0.01 10.113
    endloop
  endfacet
  facet normal 0 -1 0
    outer loop
      vertex 83.8455 -0.01 9.47912
      vertex 84.7987 -0.01 9.99852
      vertex 84.7239 -0.01 10.113
    endloop
  endfacet
  facet normal 0 -1 0
    outer loop
      vertex 83.8848 -0.01 9.41095
      vertex 84.7987 -0.01 9.99852
      vertex 83.8455 -0.01 9.47912
    endloop
  endfacet
  facet normal -0 -1 0
    outer loop
      vertex 84.8672 -0.01 9.87774
      vertex 84.7987 -0.01 9.99852
      vertex 83.8848 -0.01 9.41095
    endloop
  endfacet
  facet normal 0 -1 0
    outer loop
      vertex 84.8672 -0.01 9.87774
      vertex 83.8848 -0.01 9.41095
      vertex 83.9199 -0.01 9.33984
    endloop
  endfacet
  facet normal 0 -1 -0
    outer loop
      vertex 84.8672 -0.01 9.87774
      vertex 83.9199 -0.01 9.33984
      vertex 84.9294 -0.01 9.75068
    endloop
  endfacet
  facet normal 0 -1 0
    outer loop
      vertex 83.9199 -0.01 9.33984
      vertex 83.9507 -0.01 9.26582
      vertex 84.9294 -0.01 9.75068
    endloop
  endfacet
  facet normal 0 -1 0
    outer loop
      vertex 83.9772 -0.01 9.18887
      vertex 84.9854 -0.01 9.61734
      vertex 83.9507 -0.01 9.26582
    endloop
  endfacet
  facet normal 0 -1 0
    outer loop
      vertex 83.9507 -0.01 9.26582
      vertex 84.9854 -0.01 9.61734
      vertex 84.9294 -0.01 9.75068
    endloop
  endfacet
  facet normal -0 -1 0
    outer loop
      vertex 85.0352 -0.01 9.4777
      vertex 84.9854 -0.01 9.61734
      vertex 83.9772 -0.01 9.18887
    endloop
  endfacet
  facet normal 0 -1 -0
    outer loop
      vertex 90.0554 -0.01 6.09533
      vertex 90.0396 -0.01 5.1643
      vertex 90.2003 -0.01 6.0885
    endloop
  endfacet
  facet normal 0 -1 0
    outer loop
      vertex 83.6453 -0.01 9.72256
      vertex 83.7018 -0.01 9.66609
      vertex 84.3624 -0.01 10.508
    endloop
  endfacet
  facet normal 0 -1 0
    outer loop
      vertex 83.5846 -0.01 9.7761
      vertex 83.6453 -0.01 9.72256
      vertex 84.2563 -0.01 10.5911
    endloop
  endfacet
  facet normal 0 -1 0
    outer loop
      vertex 92.227 -0.01 7.03996
      vertex 91.0647 -0.01 6.98251
      vertex 91.067 -0.01 6.91446
    endloop
  endfacet
  facet normal 0 -1 0
    outer loop
      vertex 83.5196 -0.01 9.82673
      vertex 83.5846 -0.01 9.7761
      vertex 84.144 -0.01 10.6678
    endloop
  endfacet
  facet normal 0 -1 0
    outer loop
      vertex 92.2388 -0.01 6.84529
      vertex 91.0651 -0.01 6.84004
      vertex 92.2344 -0.01 6.70183
    endloop
  endfacet
  facet normal 0 -1 -0
    outer loop
      vertex 83.4897 -0.01 10.9522
      vertex 83.2258 -0.01 9.99421
      vertex 83.6329 -0.01 10.9087
    endloop
  endfacet
  facet normal -0 -1 0
    outer loop
      vertex 92.227 -0.01 7.03996
      vertex 92.2123 -0.01 7.13241
      vertex 91.0647 -0.01 6.98251
    endloop
  endfacet
  facet normal 0 -1 0
    outer loop
      vertex 82.9803 -0.01 10.0762
      vertex 83.1847 -0.01 11.0191
      vertex 82.8938 -0.01 10.0951
    endloop
  endfacet
  facet normal 0 -1 0
    outer loop
      vertex 92.2213 -0.01 6.56444
      vertex 92.2344 -0.01 6.70183
      vertex 91.0594 -0.01 6.76919
    endloop
  endfacet
  facet normal 0 -1 0
    outer loop
      vertex 82.805 -0.01 10.1098
      vertex 83.0228 -0.01 11.0426
      vertex 82.8548 -0.01 11.0593
    endloop
  endfacet
  facet normal 0 -1 0
    outer loop
      vertex 82.6205 -0.01 10.1266
      vertex 82.7139 -0.01 10.1203
      vertex 82.6807 -0.01 11.0693
    endloop
  endfacet
  facet normal 0 -1 0
    outer loop
      vertex 82.2542 -0.01 11.0664
      vertex 82.0189 -0.01 11.0477
      vertex 82.2418 -0.01 10.112
    endloop
  endfacet
  facet normal 0 -1 0
    outer loop
      vertex 81.8661 -0.01 10.0245
      vertex 81.9848 -0.01 10.062
      vertex 81.5808 -0.01 10.9726
    endloop
  endfacet
  facet normal 0 -1 0
    outer loop
      vertex 90.3295 -0.01 7.67686
      vertex 90.8677 -0.01 8.18795
      vertex 90.2698 -0.01 8.65402
    endloop
  endfacet
  facet normal 0 -1 0
    outer loop
      vertex 80.6751 -0.01 10.5661
      vertex 81.3697 -0.01 9.71173
      vertex 81.456 -0.01 9.79095
    endloop
  endfacet
  facet normal 0 -1 0
    outer loop
      vertex 90.9206 -0.01 7.37603
      vertex 90.9549 -0.01 7.3287
      vertex 91.4965 -0.01 8.02067
    endloop
  endfacet
  facet normal 0 -1 0
    outer loop
      vertex 90.7903 -0.01 7.5003
      vertex 91.0973 -0.01 8.15062
      vertex 90.985 -0.01 8.17158
    endloop
  endfacet
  facet normal 0 -1 0
    outer loop
      vertex 91.0199 -0.01 6.57802
      vertex 92.1688 -0.01 6.3078
      vertex 91.0368 -0.01 6.63818
    endloop
  endfacet
  facet normal -0 -1 0
    outer loop
      vertex 92.0506 -0.01 9.18158
      vertex 90.9307 -0.01 9.33787
      vertex 92.0272 -0.01 9.09816
    endloop
  endfacet
  facet normal 0 -1 0
    outer loop
      vertex 90.8284 -0.01 9.83865
      vertex 91.6737 -0.01 10.5916
      vertex 90.8007 -0.01 9.88159
    endloop
  endfacet
  facet normal 0 -1 0
    outer loop
      vertex 89.9767 -0.01 10.1468
      vertex 90.0354 -0.01 10.1548
      vertex 89.8829 -0.01 11.0588
    endloop
  endfacet
  facet normal 0 -1 0
    outer loop
      vertex 89.7169 -0.01 10.058
      vertex 89.7643 -0.01 10.0822
      vertex 89.3524 -0.01 10.948
    endloop
  endfacet
  facet normal 0 -1 0
    outer loop
      vertex 81.2168 -0.01 9.52858
      vertex 80.3886 -0.01 10.3159
      vertex 80.2622 -0.01 10.1729
    endloop
  endfacet
  facet normal 0 -1 0
    outer loop
      vertex 81.1507 -0.01 9.42524
      vertex 80.2622 -0.01 10.1729
      vertex 80.1478 -0.01 10.0191
    endloop
  endfacet
  facet normal 0 -1 0
    outer loop
      vertex 81.0915 -0.01 9.31419
      vertex 80.1478 -0.01 10.0191
      vertex 80.0455 -0.01 9.8544
    endloop
  endfacet
  facet normal 0 -1 0
    outer loop
      vertex 81.0393 -0.01 9.1954
      vertex 81.0915 -0.01 9.31419
      vertex 79.9552 -0.01 9.67891
    endloop
  endfacet
  facet normal 0 -1 0
    outer loop
      vertex 81.0393 -0.01 9.1954
      vertex 79.9552 -0.01 9.67891
      vertex 79.877 -0.01 9.49258
    endloop
  endfacet
  facet normal 0 -1 0
    outer loop
      vertex 80.9558 -0.01 8.9346
      vertex 80.994 -0.01 9.06886
      vertex 79.8108 -0.01 9.29542
    endloop
  endfacet
  facet normal 0 -1 0
    outer loop
      vertex 80.9245 -0.01 8.7926
      vertex 80.9558 -0.01 8.9346
      vertex 79.7566 -0.01 9.08745
    endloop
  endfacet
  facet normal 0 -1 0
    outer loop
      vertex 79.6844 -0.01 8.63902
      vertex 80.9001 -0.01 8.64288
      vertex 79.7145 -0.01 8.86865
    endloop
  endfacet
  facet normal 0 -1 0
    outer loop
      vertex 79.6663 -0.01 8.39856
      vertex 80.8723 -0.01 8.3202
      vertex 80.8827 -0.01 8.48541
    endloop
  endfacet
  facet normal 0 -1 0
    outer loop
      vertex 79.6603 -0.01 8.14727
      vertex 80.8688 -0.01 8.14727
      vertex 80.8723 -0.01 8.3202
    endloop
  endfacet
  facet normal 0 -1 0
    outer loop
      vertex 80.8723 -0.01 7.97137
      vertex 80.8688 -0.01 8.14727
      vertex 79.6603 -0.01 8.14727
    endloop
  endfacet
  facet normal 0 -1 0
    outer loop
      vertex 80.8831 -0.01 7.8032
      vertex 80.8723 -0.01 7.97137
      vertex 79.6666 -0.01 7.89648
    endloop
  endfacet
  facet normal 0 -1 0
    outer loop
      vertex 80.901 -0.01 7.64277
      vertex 80.8831 -0.01 7.8032
      vertex 79.6853 -0.01 7.656
    endloop
  endfacet
  facet normal -0 -1 0
    outer loop
      vertex 80.9261 -0.01 7.49008
      vertex 80.901 -0.01 7.64277
      vertex 79.7165 -0.01 7.42585
    endloop
  endfacet
  facet normal -0 -1 0
    outer loop
      vertex 80.9583 -0.01 7.34511
      vertex 80.9261 -0.01 7.49008
      vertex 79.7601 -0.01 7.20602
    endloop
  endfacet
  facet normal 0 -1 0
    outer loop
      vertex 79.8849 -0.01 6.79733
      vertex 80.9977 -0.01 7.20788
      vertex 79.8163 -0.01 6.99652
    endloop
  endfacet
  facet normal -0 -1 0
    outer loop
      vertex 81.1588 -0.01 6.84259
      vertex 81.098 -0.01 6.95662
      vertex 80.1655 -0.01 6.26172
    endloop
  endfacet
  facet normal 0 -1 -0
    outer loop
      vertex 81.1588 -0.01 6.84259
      vertex 80.2841 -0.01 6.10383
      vertex 81.2269 -0.01 6.73629
    endloop
  endfacet
  facet normal 0 -1 0
    outer loop
      vertex 80.5575 -0.01 5.82032
      vertex 81.384 -0.01 6.54736
      vertex 81.3021 -0.01 6.63774
    endloop
  endfacet
  facet normal 0 -1 0
    outer loop
      vertex 80.7103 -0.01 5.69734
      vertex 81.384 -0.01 6.54736
      vertex 80.5575 -0.01 5.82032
    endloop
  endfacet
  facet normal 0 -1 0
    outer loop
      vertex 80.8735 -0.01 5.58729
      vertex 81.4724 -0.01 6.46557
      vertex 80.7103 -0.01 5.69734
    endloop
  endfacet
  facet normal -0 -1 0
    outer loop
      vertex 81.567 -0.01 6.39241
      vertex 81.4724 -0.01 6.46557
      vertex 80.8735 -0.01 5.58729
    endloop
  endfacet
  facet normal -0 -1 0
    outer loop
      vertex 81.6681 -0.01 6.32785
      vertex 81.567 -0.01 6.39241
      vertex 81.0471 -0.01 5.4902
    endloop
  endfacet
  facet normal 0 -1 0
    outer loop
      vertex 81.6681 -0.01 6.32785
      vertex 81.0471 -0.01 5.4902
      vertex 81.2311 -0.01 5.40605
    endloop
  endfacet
  facet normal 0 -1 0
    outer loop
      vertex 81.7755 -0.01 6.27189
      vertex 81.2311 -0.01 5.40605
      vertex 81.4255 -0.01 5.33485
    endloop
  endfacet
  facet normal 0 -1 -0
    outer loop
      vertex 81.7755 -0.01 6.27189
      vertex 81.4255 -0.01 5.33485
      vertex 81.8892 -0.01 6.22455
    endloop
  endfacet
  facet normal 0 -1 -0
    outer loop
      vertex 81.8892 -0.01 6.22455
      vertex 81.6302 -0.01 5.27659
      vertex 82.0093 -0.01 6.1858
    endloop
  endfacet
  facet normal 0 -1 0
    outer loop
      vertex 81.6302 -0.01 5.27659
      vertex 81.8454 -0.01 5.23127
      vertex 82.0093 -0.01 6.1858
    endloop
  endfacet
  facet normal 0 -1 0
    outer loop
      vertex 81.8454 -0.01 5.23127
      vertex 82.071 -0.01 5.19891
      vertex 82.1357 -0.01 6.15568
    endloop
  endfacet
  facet normal 0 -1 0
    outer loop
      vertex 82.071 -0.01 5.19891
      vertex 82.2685 -0.01 6.13415
      vertex 82.1357 -0.01 6.15568
    endloop
  endfacet
  facet normal 0 -1 0
    outer loop
      vertex 82.3069 -0.01 5.1795
      vertex 82.4077 -0.01 6.12124
      vertex 82.2685 -0.01 6.13415
    endloop
  endfacet
  facet normal 0 -1 -0
    outer loop
      vertex 92.2358 -0.01 6.94426
      vertex 91.067 -0.01 6.91446
      vertex 92.2388 -0.01 6.84529
    endloop
  endfacet
  facet normal 0 -1 0
    outer loop
      vertex 90.3295 -0.01 7.67686
      vertex 90.4086 -0.01 7.66173
      vertex 90.8677 -0.01 8.18795
    endloop
  endfacet
  facet normal 0 -1 -0
    outer loop
      vertex 90.8677 -0.01 8.18795
      vertex 90.7378 -0.01 7.53561
      vertex 90.985 -0.01 8.17158
    endloop
  endfacet
  facet normal 0 -1 0
    outer loop
      vertex 90.8383 -0.01 7.46183
      vertex 91.0973 -0.01 8.15062
      vertex 90.7903 -0.01 7.5003
    endloop
  endfacet
  facet normal 0 -1 -0
    outer loop
      vertex 91.3069 -0.01 8.09485
      vertex 90.8818 -0.01 7.42042
      vertex 91.4042 -0.01 8.06006
    endloop
  endfacet
  facet normal 0 -1 0
    outer loop
      vertex 92.7204 -0.01 5.25438
      vertex 96.7322 -0.01 5.25438
      vertex 94.0712 -0.01 6.19429
    endloop
  endfacet
  facet normal 0 -1 -0
    outer loop
      vertex 91.2046 -0.01 8.12503
      vertex 90.8818 -0.01 7.42042
      vertex 91.3069 -0.01 8.09485
    endloop
  endfacet
  facet normal 0 -1 0
    outer loop
      vertex 90.8818 -0.01 7.42042
      vertex 90.9206 -0.01 7.37603
      vertex 91.4042 -0.01 8.06006
    endloop
  endfacet
  facet normal 0 -1 0
    outer loop
      vertex 90.8818 -0.01 7.42042
      vertex 91.2046 -0.01 8.12503
      vertex 90.8383 -0.01 7.46183
    endloop
  endfacet
  facet normal 0 -1 0
    outer loop
      vertex 90.8383 -0.01 7.46183
      vertex 91.2046 -0.01 8.12503
      vertex 91.0973 -0.01 8.15062
    endloop
  endfacet
  facet normal 0 -1 0
    outer loop
      vertex 92.7204 -0.01 6.04776
      vertex 92.7204 -0.01 5.25438
      vertex 94.0712 -0.01 6.19429
    endloop
  endfacet
  facet normal 0 -1 0
    outer loop
      vertex 90.7903 -0.01 7.5003
      vertex 90.985 -0.01 8.17158
      vertex 90.7378 -0.01 7.53561
    endloop
  endfacet
  facet normal 0 -1 0
    outer loop
      vertex 90.6808 -0.01 7.56756
      vertex 90.8677 -0.01 8.18795
      vertex 90.6194 -0.01 7.59614
    endloop
  endfacet
  facet normal 0 -1 -0
    outer loop
      vertex 91.7433 -0.01 7.87484
      vertex 91.0098 -0.01 7.22514
      vertex 91.8155 -0.01 7.81701
    endloop
  endfacet
  facet normal 0 -1 0
    outer loop
      vertex 90.5536 -0.01 7.62137
      vertex 90.6194 -0.01 7.59614
      vertex 90.8677 -0.01 8.18795
    endloop
  endfacet
  facet normal 0 -1 0
    outer loop
      vertex 90.4833 -0.01 7.64323
      vertex 90.8677 -0.01 8.18795
      vertex 90.4086 -0.01 7.66173
    endloop
  endfacet
  facet normal 0 -1 -0
    outer loop
      vertex 90.2698 -0.01 8.65402
      vertex 90.2458 -0.01 7.68863
      vertex 90.3295 -0.01 7.67686
    endloop
  endfacet
  facet normal 0 -1 0
    outer loop
      vertex 91.0464 -0.01 7.10975
      vertex 92.0946 -0.01 7.46959
      vertex 92.0505 -0.01 7.54573
    endloop
  endfacet
  facet normal 0 -1 0
    outer loop
      vertex 90.2458 -0.01 7.68863
      vertex 90.2698 -0.01 8.65402
      vertex 90.1944 -0.01 8.64236
    endloop
  endfacet
  facet normal 0 -1 0
    outer loop
      vertex 94.0712 -0.01 6.19429
      vertex 96.7322 -0.01 5.25438
      vertex 96.7322 -0.01 6.19429
    endloop
  endfacet
  facet normal 0 -1 0
    outer loop
      vertex 92.1295 -0.01 6.18857
      vertex 92.1688 -0.01 6.3078
      vertex 91.0199 -0.01 6.57802
    endloop
  endfacet
  facet normal 0 -1 -0
    outer loop
      vertex 90.1944 -0.01 8.64236
      vertex 90.1578 -0.01 7.69703
      vertex 90.2458 -0.01 7.68863
    endloop
  endfacet
  facet normal 0 -1 0
    outer loop
      vertex 91.959 -0.01 5.86715
      vertex 92.0246 -0.01 5.96824
      vertex 90.9747 -0.01 6.46838
    endloop
  endfacet
  facet normal -0 -1 0
    outer loop
      vertex 91.959 -0.01 5.86715
      vertex 90.9747 -0.01 6.46838
      vertex 91.8847 -0.01 5.77212
    endloop
  endfacet
  facet normal 0 -1 0
    outer loop
      vertex 90.8391 -0.01 6.2919
      vertex 91.388 -0.01 5.39322
      vertex 91.5027 -0.01 5.45495
    endloop
  endfacet
  facet normal 0 -1 0
    outer loop
      vertex 90.5186 -0.01 10.1014
      vertex 90.782 -0.01 11.0191
      vertex 90.4663 -0.01 10.1197
    endloop
  endfacet
  facet normal 0 -1 0
    outer loop
      vertex 90.9245 -0.01 9.27411
      vertex 91.9985 -0.01 9.0179
      vertex 92.0272 -0.01 9.09816
    endloop
  endfacet
  facet normal 0 -1 -0
    outer loop
      vertex 92.0756 -0.01 9.79699
      vertex 90.9181 -0.01 9.58622
      vertex 92.0881 -0.01 9.67451
    endloop
  endfacet
  facet normal 0 -1 0
    outer loop
      vertex 90.9311 -0.01 9.4676
      vertex 92.0897 -0.01 9.45082
      vertex 92.0923 -0.01 9.54689
    endloop
  endfacet
  facet normal 0 -1 0
    outer loop
      vertex 92.0819 -0.01 9.35791
      vertex 92.0897 -0.01 9.45082
      vertex 90.9311 -0.01 9.4676
    endloop
  endfacet
  facet normal -0 -1 0
    outer loop
      vertex 92.0253 -0.01 10.0265
      vertex 91.9877 -0.01 10.1336
      vertex 90.892 -0.01 9.69476
    endloop
  endfacet
  facet normal 0 -1 0
    outer loop
      vertex 90.874 -0.01 9.74525
      vertex 90.892 -0.01 9.69476
      vertex 91.9877 -0.01 10.1336
    endloop
  endfacet
  facet normal 0 -1 0
    outer loop
      vertex 90.9262 -0.01 9.52816
      vertex 92.0923 -0.01 9.54689
      vertex 92.0881 -0.01 9.67451
    endloop
  endfacet
  facet normal -0 -1 0
    outer loop
      vertex 89.4542 -0.01 9.80243
      vertex 88.5549 -0.01 10.4011
      vertex 89.4284 -0.01 9.7548
    endloop
  endfacet
  facet normal 0 -1 0
    outer loop
      vertex 90.7962 -0.01 6.2566
      vertex 91.388 -0.01 5.39322
      vertex 90.8391 -0.01 6.2919
    endloop
  endfacet
  facet normal 0 -1 0
    outer loop
      vertex 89.3452 -0.01 9.47636
      vertex 88.2414 -0.01 9.75268
      vertex 88.2144 -0.01 9.626
    endloop
  endfacet
  facet normal 0 -1 0
    outer loop
      vertex 89.4284 -0.01 9.7548
      vertex 88.5549 -0.01 10.4011
      vertex 88.4847 -0.01 10.3063
    endloop
  endfacet
  facet normal -0 -1 0
    outer loop
      vertex 92.0546 -0.01 9.91433
      vertex 92.0253 -0.01 10.0265
      vertex 90.9067 -0.01 9.64175
    endloop
  endfacet
  facet normal 0 -1 0
    outer loop
      vertex 91.9255 -0.01 8.86685
      vertex 91.9646 -0.01 8.94079
      vertex 90.9245 -0.01 9.27411
    endloop
  endfacet
  facet normal 0 -1 0
    outer loop
      vertex 90.8528 -0.01 9.79321
      vertex 91.8244 -0.01 10.4238
      vertex 90.8284 -0.01 9.83865
    endloop
  endfacet
  facet normal 0 -1 0
    outer loop
      vertex 91.9255 -0.01 8.86685
      vertex 90.9245 -0.01 9.27411
      vertex 90.9143 -0.01 9.21318
    endloop
  endfacet
  facet normal -0 -1 0
    outer loop
      vertex 91.7532 -0.01 10.5103
      vertex 91.6737 -0.01 10.5916
      vertex 90.8284 -0.01 9.83865
    endloop
  endfacet
  facet normal 0 -1 0
    outer loop
      vertex 90.3526 -0.01 10.1463
      vertex 90.3402 -0.01 11.0693
      vertex 90.2913 -0.01 10.1546
    endloop
  endfacet
  facet normal 0 -1 0
    outer loop
      vertex 90.6143 -0.01 10.0547
      vertex 90.6577 -0.01 10.0265
      vertex 91.0441 -0.01 10.9522
    endloop
  endfacet
  facet normal 0 -1 0
    outer loop
      vertex 94.3004 -0.01 6.56175
      vertex 94.338 -0.01 6.60525
      vertex 93.5983 -0.01 7.26626
    endloop
  endfacet
  facet normal 0 -1 -0
    outer loop
      vertex 90.6413 -0.01 11.0426
      vertex 90.4663 -0.01 10.1197
      vertex 90.782 -0.01 11.0191
    endloop
  endfacet
  facet normal 0 -1 0
    outer loop
      vertex 93.5144 -0.01 7.1795
      vertex 94.3004 -0.01 6.56175
      vertex 93.5983 -0.01 7.26626
    endloop
  endfacet
  facet normal 0 -1 0
    outer loop
      vertex 90.698 -0.01 9.99482
      vertex 90.7354 -0.01 9.95987
      vertex 91.2802 -0.01 10.8585
    endloop
  endfacet
  facet normal 0 -1 0
    outer loop
      vertex 90.4663 -0.01 10.1197
      vertex 90.6413 -0.01 11.0426
      vertex 90.4109 -0.01 10.1347
    endloop
  endfacet
  facet normal -0 -1 0
    outer loop
      vertex 94.2648 -0.01 6.5177
      vertex 93.5144 -0.01 7.1795
      vertex 94.2312 -0.01 6.47311
    endloop
  endfacet
  facet normal 0 -1 0
    outer loop
      vertex 90.4109 -0.01 10.1347
      vertex 90.494 -0.01 11.0593
      vertex 90.3526 -0.01 10.1463
    endloop
  endfacet
  facet normal 0 -1 0
    outer loop
      vertex 90.8007 -0.01 9.88159
      vertex 91.5857 -0.01 10.6678
      vertex 90.7697 -0.01 9.92198
    endloop
  endfacet
  facet normal 0 -1 -0
    outer loop
      vertex 93.434 -0.01 7.09341
      vertex 93.3572 -0.01 7.00801
      vertex 94.1996 -0.01 6.42799
    endloop
  endfacet
  facet normal -0 -1 0
    outer loop
      vertex 90.3402 -0.01 11.0693
      vertex 90.18 -0.01 11.0727
      vertex 90.227 -0.01 10.1596
    endloop
  endfacet
  facet normal 0 -1 0
    outer loop
      vertex 94.4621 -0.01 6.73279
      vertex 94.5059 -0.01 6.77485
      vertex 93.7767 -0.01 7.4418
    endloop
  endfacet
  facet normal 0 -1 -0
    outer loop
      vertex 90.8999 -0.01 9.15513
      vertex 90.8815 -0.01 9.09993
      vertex 91.7173 -0.01 8.60302
    endloop
  endfacet
  facet normal 0 -1 0
    outer loop
      vertex 94.338 -0.01 6.60525
      vertex 94.3775 -0.01 6.64824
      vertex 93.6857 -0.01 7.3537
    endloop
  endfacet
  facet normal 0 -1 0
    outer loop
      vertex 90.0964 -0.01 10.1597
      vertex 90.1597 -0.01 10.1613
      vertex 90.18 -0.01 11.0727
    endloop
  endfacet
  facet normal 0 -1 0
    outer loop
      vertex 93.434 -0.01 7.09341
      vertex 94.1996 -0.01 6.42799
      vertex 94.2312 -0.01 6.47311
    endloop
  endfacet
  facet normal 0 -1 0
    outer loop
      vertex 90.0354 -0.01 10.1548
      vertex 90.0964 -0.01 10.1597
      vertex 90.0288 -0.01 11.0692
    endloop
  endfacet
  facet normal 0 -1 0
    outer loop
      vertex 94.4191 -0.01 6.69066
      vertex 93.7767 -0.01 7.4418
      vertex 93.6857 -0.01 7.3537
    endloop
  endfacet
  facet normal 0 -1 0
    outer loop
      vertex 89.9202 -0.01 10.1355
      vertex 89.9767 -0.01 10.1468
      vertex 89.7423 -0.01 11.0415
    endloop
  endfacet
  facet normal -0 -1 0
    outer loop
      vertex 94.5505 -0.01 6.81685
      vertex 93.8712 -0.01 7.53056
      vertex 94.5059 -0.01 6.77485
    endloop
  endfacet
  facet normal 0 -1 0
    outer loop
      vertex 89.866 -0.01 10.1209
      vertex 89.7423 -0.01 11.0415
      vertex 89.607 -0.01 11.0173
    endloop
  endfacet
  facet normal 0 -1 0
    outer loop
      vertex 94.5505 -0.01 6.81685
      vertex 94.596 -0.01 6.85878
      vertex 93.8712 -0.01 7.53056
    endloop
  endfacet
  facet normal 0 -1 0
    outer loop
      vertex 89.814 -0.01 10.1032
      vertex 89.607 -0.01 11.0173
      vertex 89.4771 -0.01 10.9861
    endloop
  endfacet
  facet normal 0 -1 0
    outer loop
      vertex 94.17 -0.01 6.38232
      vertex 94.1996 -0.01 6.42799
      vertex 93.3572 -0.01 7.00801
    endloop
  endfacet
  facet normal 0 -1 0
    outer loop
      vertex 89.7643 -0.01 10.0822
      vertex 89.4771 -0.01 10.9861
      vertex 89.3524 -0.01 10.948
    endloop
  endfacet
  facet normal 0 -1 0
    outer loop
      vertex 89.6716 -0.01 10.0305
      vertex 89.7169 -0.01 10.058
      vertex 89.233 -0.01 10.903
    endloop
  endfacet
  facet normal 0 -1 0
    outer loop
      vertex 89.6287 -0.01 9.99988
      vertex 89.6716 -0.01 10.0305
      vertex 89.119 -0.01 10.851
    endloop
  endfacet
  facet normal 0 -1 -0
    outer loop
      vertex 94.5032 -0.01 8.07185
      vertex 94.3967 -0.01 7.98451
      vertex 95.042 -0.01 7.23365
    endloop
  endfacet
  facet normal 0 -1 0
    outer loop
      vertex 88.9069 -0.01 10.7263
      vertex 89.588 -0.01 9.96599
      vertex 89.0103 -0.01 10.7921
    endloop
  endfacet
  facet normal 0 -1 0
    outer loop
      vertex 95.6342 -0.01 7.70675
      vertex 95.6871 -0.01 7.75183
      vertex 94.9465 -0.01 8.46631
    endloop
  endfacet
  facet normal 0 -1 0
    outer loop
      vertex 88.8088 -0.01 10.6536
      vertex 89.5499 -0.01 9.92914
      vertex 88.9069 -0.01 10.7263
    endloop
  endfacet
  facet normal 0 -1 0
    outer loop
      vertex 96.0771 -0.01 8.13299
      vertex 95.283 -0.01 8.8477
      vertex 95.241 -0.01 8.79011
    endloop
  endfacet
  facet normal -0 -1 0
    outer loop
      vertex 89.483 -0.01 9.84735
      vertex 88.6324 -0.01 10.4906
      vertex 89.4542 -0.01 9.80243
    endloop
  endfacet
  facet normal 0 -1 0
    outer loop
      vertex 93.9207 -0.01 9.37193
      vertex 93.9322 -0.01 9.44206
      vertex 92.7903 -0.01 9.5789
    endloop
  endfacet
  facet normal 0 -1 -0
    outer loop
      vertex 95.411 -0.01 9.07608
      vertex 95.385 -0.01 9.01928
      vertex 96.3908 -0.01 8.5594
    endloop
  endfacet
  facet normal 0 -1 0
    outer loop
      vertex 96.4544 -0.01 8.67441
      vertex 96.484 -0.01 8.73317
      vertex 95.4331 -0.01 9.13267
    endloop
  endfacet
  facet normal -0 -1 0
    outer loop
      vertex 96.5955 -0.01 9.04504
      vertex 95.4651 -0.01 9.24525
      vertex 96.5784 -0.01 8.98011
    endloop
  endfacet
  facet normal 0 -1 -0
    outer loop
      vertex 96.6058 -0.01 9.85327
      vertex 95.4582 -0.01 9.66011
      vertex 96.6263 -0.01 9.72831
    endloop
  endfacet
  facet normal 0 -1 0
    outer loop
      vertex 95.1783 -0.01 10.0623
      vertex 95.7283 -0.01 10.9013
      vertex 95.6059 -0.01 10.9468
    endloop
  endfacet
  facet normal 0 -1 0
    outer loop
      vertex 96.6414 -0.01 9.38885
      vertex 96.6427 -0.01 9.46145
      vertex 95.4831 -0.01 9.41261
    endloop
  endfacet
  facet normal 0 -1 0
    outer loop
      vertex 95.1962 -0.01 11.0412
      vertex 94.9792 -0.01 10.1365
      vertex 95.0849 -0.01 10.1056
    endloop
  endfacet
  facet normal -0 -1 0
    outer loop
      vertex 94.5435 -0.01 10.1466
      vertex 94.4219 -0.01 11.0588
      vertex 94.4869 -0.01 10.1352
    endloop
  endfacet
  facet normal 0 -1 0
    outer loop
      vertex 95.355 -0.01 8.96229
      vertex 96.3213 -0.01 8.44775
      vertex 95.385 -0.01 9.01928
    endloop
  endfacet
  facet normal -0 -1 0
    outer loop
      vertex 94.0006 -0.01 9.68995
      vertex 92.9408 -0.01 10.0838
      vertex 93.9801 -0.01 9.63287
    endloop
  endfacet
  facet normal 0 -1 -0
    outer loop
      vertex 92.8523 -0.01 9.84388
      vertex 92.818 -0.01 9.71452
      vertex 93.9459 -0.01 9.50892
    endloop
  endfacet
  facet normal 0 -1 0
    outer loop
      vertex 93.3653 -0.01 10.6536
      vertex 94.1052 -0.01 9.88566
      vertex 94.1369 -0.01 9.92643
    endloop
  endfacet
  facet normal 0 -1 -0
    outer loop
      vertex 88.6324 -0.01 10.4906
      vertex 88.5549 -0.01 10.4011
      vertex 89.4542 -0.01 9.80243
    endloop
  endfacet
  facet normal 0 -1 0
    outer loop
      vertex 89.4284 -0.01 9.7548
      vertex 88.4847 -0.01 10.3063
      vertex 88.4216 -0.01 10.2062
    endloop
  endfacet
  facet normal -0 -1 0
    outer loop
      vertex 89.4284 -0.01 9.7548
      vertex 88.4216 -0.01 10.2062
      vertex 89.4056 -0.01 9.7045
    endloop
  endfacet
  facet normal 0 -1 0
    outer loop
      vertex 88.2414 -0.01 9.75268
      vertex 89.3557 -0.01 9.53744
      vertex 88.2757 -0.01 9.87404
    endloop
  endfacet
  facet normal -0 -1 0
    outer loop
      vertex 89.3859 -0.01 9.6515
      vertex 88.3171 -0.01 9.99008
      vertex 89.3693 -0.01 9.59582
    endloop
  endfacet
  facet normal 0 -1 -0
    outer loop
      vertex 88.3171 -0.01 9.99008
      vertex 88.2757 -0.01 9.87404
      vertex 89.3693 -0.01 9.59582
    endloop
  endfacet
  facet normal 0 -1 0
    outer loop
      vertex 88.1814 -0.01 6.40349
      vertex 88.2246 -0.01 6.27952
      vertex 89.3242 -0.01 6.64142
    endloop
  endfacet
  facet normal 0 -1 0
    outer loop
      vertex 88.2757 -0.01 9.87404
      vertex 89.3557 -0.01 9.53744
      vertex 89.3693 -0.01 9.59582
    endloop
  endfacet
  facet normal 0 -1 -0
    outer loop
      vertex 88.3658 -0.01 10.1008
      vertex 88.3171 -0.01 9.99008
      vertex 89.3859 -0.01 9.6515
    endloop
  endfacet
  facet normal -0 -1 0
    outer loop
      vertex 89.4056 -0.01 9.7045
      vertex 88.3658 -0.01 10.1008
      vertex 89.3859 -0.01 9.6515
    endloop
  endfacet
  facet normal 0 -1 -0
    outer loop
      vertex 88.4216 -0.01 10.2062
      vertex 88.3658 -0.01 10.1008
      vertex 89.4056 -0.01 9.7045
    endloop
  endfacet
  facet normal -0 -1 0
    outer loop
      vertex 89.3452 -0.01 9.47636
      vertex 88.2144 -0.01 9.626
      vertex 89.3378 -0.01 9.41261
    endloop
  endfacet
  facet normal 0 -1 -0
    outer loop
      vertex 88.2144 -0.01 9.626
      vertex 88.1945 -0.01 9.49403
      vertex 89.3378 -0.01 9.41261
    endloop
  endfacet
  facet normal -0 -1 -0
    outer loop
      vertex 90.8677 -0.01 8.20421
      vertex 90.2698 -0.01 8.65402
      vertex 90.8677 -0.01 8.18795
    endloop
  endfacet
  facet normal 0 -1 0
    outer loop
      vertex 90.6374 -0.01 8.79381
      vertex 90.8677 -0.01 8.20421
      vertex 90.9734 -0.01 8.22683
    endloop
  endfacet
  facet normal 0 -1 0
    outer loop
      vertex 90.3411 -0.01 8.66899
      vertex 90.8677 -0.01 8.20421
      vertex 90.4084 -0.01 8.6873
    endloop
  endfacet
  facet normal -0 -1 0
    outer loop
      vertex 89.3557 -0.01 9.53744
      vertex 88.2414 -0.01 9.75268
      vertex 89.3452 -0.01 9.47636
    endloop
  endfacet
  facet normal 0 -1 0
    outer loop
      vertex 90.8589 -0.01 9.04759
      vertex 91.5108 -0.01 8.44313
      vertex 91.5842 -0.01 8.4926
    endloop
  endfacet
  facet normal -0 -1 0
    outer loop
      vertex 89.515 -0.01 9.88958
      vertex 88.717 -0.01 10.5747
      vertex 89.483 -0.01 9.84735
    endloop
  endfacet
  facet normal 0 -1 0
    outer loop
      vertex 89.483 -0.01 9.84735
      vertex 88.717 -0.01 10.5747
      vertex 88.6324 -0.01 10.4906
    endloop
  endfacet
  facet normal 0 -1 -0
    outer loop
      vertex 88.8088 -0.01 10.6536
      vertex 88.717 -0.01 10.5747
      vertex 89.515 -0.01 9.88958
    endloop
  endfacet
  facet normal 0 -1 0
    outer loop
      vertex 88.8088 -0.01 10.6536
      vertex 89.515 -0.01 9.88958
      vertex 89.5499 -0.01 9.92914
    endloop
  endfacet
  facet normal 0 -1 0
    outer loop
      vertex 88.9069 -0.01 10.7263
      vertex 89.5499 -0.01 9.92914
      vertex 89.588 -0.01 9.96599
    endloop
  endfacet
  facet normal 0 -1 0
    outer loop
      vertex 89.0103 -0.01 10.7921
      vertex 89.588 -0.01 9.96599
      vertex 89.6287 -0.01 9.99988
    endloop
  endfacet
  facet normal 0 -1 0
    outer loop
      vertex 89.0103 -0.01 10.7921
      vertex 89.6287 -0.01 9.99988
      vertex 89.119 -0.01 10.851
    endloop
  endfacet
  facet normal 0 -1 0
    outer loop
      vertex 89.119 -0.01 10.851
      vertex 89.6716 -0.01 10.0305
      vertex 89.233 -0.01 10.903
    endloop
  endfacet
  facet normal 0 -1 0
    outer loop
      vertex 89.233 -0.01 10.903
      vertex 89.7169 -0.01 10.058
      vertex 89.3524 -0.01 10.948
    endloop
  endfacet
  facet normal -0 -1 0
    outer loop
      vertex 89.814 -0.01 10.1032
      vertex 89.4771 -0.01 10.9861
      vertex 89.7643 -0.01 10.0822
    endloop
  endfacet
  facet normal -0 -1 0
    outer loop
      vertex 89.866 -0.01 10.1209
      vertex 89.607 -0.01 11.0173
      vertex 89.814 -0.01 10.1032
    endloop
  endfacet
  facet normal -0 -1 0
    outer loop
      vertex 89.9202 -0.01 10.1355
      vertex 89.7423 -0.01 11.0415
      vertex 89.866 -0.01 10.1209
    endloop
  endfacet
  facet normal 0 -1 0
    outer loop
      vertex 89.9767 -0.01 10.1468
      vertex 89.8829 -0.01 11.0588
      vertex 89.7423 -0.01 11.0415
    endloop
  endfacet
  facet normal 0 -1 0
    outer loop
      vertex 90.0354 -0.01 10.1548
      vertex 90.0288 -0.01 11.0692
      vertex 89.8829 -0.01 11.0588
    endloop
  endfacet
  facet normal 0 -1 0
    outer loop
      vertex 90.0964 -0.01 10.1597
      vertex 90.18 -0.01 11.0727
      vertex 90.0288 -0.01 11.0692
    endloop
  endfacet
  facet normal 0 -1 0
    outer loop
      vertex 90.227 -0.01 10.1596
      vertex 90.18 -0.01 11.0727
      vertex 90.1597 -0.01 10.1613
    endloop
  endfacet
  facet normal 0 -1 0
    outer loop
      vertex 90.2913 -0.01 10.1546
      vertex 90.3402 -0.01 11.0693
      vertex 90.227 -0.01 10.1596
    endloop
  endfacet
  facet normal 0 -1 0
    outer loop
      vertex 90.3526 -0.01 10.1463
      vertex 90.494 -0.01 11.0593
      vertex 90.3402 -0.01 11.0693
    endloop
  endfacet
  facet normal 0 -1 0
    outer loop
      vertex 90.4109 -0.01 10.1347
      vertex 90.6413 -0.01 11.0426
      vertex 90.494 -0.01 11.0593
    endloop
  endfacet
  facet normal 0 -1 0
    outer loop
      vertex 90.5679 -0.01 10.0797
      vertex 90.782 -0.01 11.0191
      vertex 90.5186 -0.01 10.1014
    endloop
  endfacet
  facet normal 0 -1 0
    outer loop
      vertex 90.9163 -0.01 10.989
      vertex 90.5679 -0.01 10.0797
      vertex 90.6143 -0.01 10.0547
    endloop
  endfacet
  facet normal -0 -1 0
    outer loop
      vertex 90.9163 -0.01 10.989
      vertex 90.782 -0.01 11.0191
      vertex 90.5679 -0.01 10.0797
    endloop
  endfacet
  facet normal 0 -1 -0
    outer loop
      vertex 90.9163 -0.01 10.989
      vertex 90.6143 -0.01 10.0547
      vertex 91.0441 -0.01 10.9522
    endloop
  endfacet
  facet normal 0 -1 0
    outer loop
      vertex 91.1654 -0.01 10.9087
      vertex 90.6577 -0.01 10.0265
      vertex 90.698 -0.01 9.99482
    endloop
  endfacet
  facet normal -0 -1 0
    outer loop
      vertex 91.1654 -0.01 10.9087
      vertex 91.0441 -0.01 10.9522
      vertex 90.6577 -0.01 10.0265
    endloop
  endfacet
  facet normal 0 -1 -0
    outer loop
      vertex 91.1654 -0.01 10.9087
      vertex 90.698 -0.01 9.99482
      vertex 91.2802 -0.01 10.8585
    endloop
  endfacet
  facet normal -0 -1 0
    outer loop
      vertex 91.3886 -0.01 10.8016
      vertex 91.2802 -0.01 10.8585
      vertex 90.7354 -0.01 9.95987
    endloop
  endfacet
  facet normal 0 -1 0
    outer loop
      vertex 90.7354 -0.01 9.95987
      vertex 90.7697 -0.01 9.92198
      vertex 91.4904 -0.01 10.7381
    endloop
  endfacet
  facet normal 0 -1 -0
    outer loop
      vertex 91.3886 -0.01 10.8016
      vertex 90.7354 -0.01 9.95987
      vertex 91.4904 -0.01 10.7381
    endloop
  endfacet
  facet normal 0 -1 0
    outer loop
      vertex 90.7697 -0.01 9.92198
      vertex 91.5857 -0.01 10.6678
      vertex 91.4904 -0.01 10.7381
    endloop
  endfacet
  facet normal 0 -1 0
    outer loop
      vertex 90.8007 -0.01 9.88159
      vertex 91.6737 -0.01 10.5916
      vertex 91.5857 -0.01 10.6678
    endloop
  endfacet
  facet normal 0 -1 -0
    outer loop
      vertex 91.7532 -0.01 10.5103
      vertex 90.8284 -0.01 9.83865
      vertex 91.8244 -0.01 10.4238
    endloop
  endfacet
  facet normal 0 -1 0
    outer loop
      vertex 90.8528 -0.01 9.79321
      vertex 90.874 -0.01 9.74525
      vertex 91.8872 -0.01 10.3322
    endloop
  endfacet
  facet normal 0 -1 -0
    outer loop
      vertex 91.8244 -0.01 10.4238
      vertex 90.8528 -0.01 9.79321
      vertex 91.8872 -0.01 10.3322
    endloop
  endfacet
  facet normal 0 -1 0
    outer loop
      vertex 90.874 -0.01 9.74525
      vertex 91.9877 -0.01 10.1336
      vertex 91.9416 -0.01 10.2355
    endloop
  endfacet
  facet normal 0 -1 -0
    outer loop
      vertex 91.8872 -0.01 10.3322
      vertex 90.874 -0.01 9.74525
      vertex 91.9416 -0.01 10.2355
    endloop
  endfacet
  facet normal 0 -1 0
    outer loop
      vertex 92.0253 -0.01 10.0265
      vertex 90.892 -0.01 9.69476
      vertex 90.9067 -0.01 9.64175
    endloop
  endfacet
  facet normal 0 -1 0
    outer loop
      vertex 90.9067 -0.01 9.64175
      vertex 90.9181 -0.01 9.58622
      vertex 92.0756 -0.01 9.79699
    endloop
  endfacet
  facet normal 0 -1 -0
    outer loop
      vertex 92.0546 -0.01 9.91433
      vertex 90.9067 -0.01 9.64175
      vertex 92.0756 -0.01 9.79699
    endloop
  endfacet
  facet normal 0 -1 0
    outer loop
      vertex 90.9181 -0.01 9.58622
      vertex 90.9262 -0.01 9.52816
      vertex 92.0881 -0.01 9.67451
    endloop
  endfacet
  facet normal 0 -1 0
    outer loop
      vertex 90.9262 -0.01 9.52816
      vertex 90.9311 -0.01 9.4676
      vertex 92.0923 -0.01 9.54689
    endloop
  endfacet
  facet normal -0 -1 0
    outer loop
      vertex 92.0819 -0.01 9.35791
      vertex 90.9328 -0.01 9.40451
      vertex 92.0689 -0.01 9.26817
    endloop
  endfacet
  facet normal 0 -1 0
    outer loop
      vertex 92.0819 -0.01 9.35791
      vertex 90.9311 -0.01 9.4676
      vertex 90.9328 -0.01 9.40451
    endloop
  endfacet
  facet normal -0 -1 0
    outer loop
      vertex 92.0689 -0.01 9.26817
      vertex 90.9307 -0.01 9.33787
      vertex 92.0506 -0.01 9.18158
    endloop
  endfacet
  facet normal 0 -1 0
    outer loop
      vertex 92.0689 -0.01 9.26817
      vertex 90.9328 -0.01 9.40451
      vertex 90.9307 -0.01 9.33787
    endloop
  endfacet
  facet normal 0 -1 -0
    outer loop
      vertex 90.9307 -0.01 9.33787
      vertex 90.9245 -0.01 9.27411
      vertex 92.0272 -0.01 9.09816
    endloop
  endfacet
  facet normal 0 -1 0
    outer loop
      vertex 90.9245 -0.01 9.27411
      vertex 91.9646 -0.01 8.94079
      vertex 91.9985 -0.01 9.0179
    endloop
  endfacet
  facet normal -0 -1 0
    outer loop
      vertex 91.9255 -0.01 8.86685
      vertex 90.9143 -0.01 9.21318
      vertex 91.8812 -0.01 8.79606
    endloop
  endfacet
  facet normal 0 -1 0
    outer loop
      vertex 90.8999 -0.01 9.15513
      vertex 91.8317 -0.01 8.72845
      vertex 90.9143 -0.01 9.21318
    endloop
  endfacet
  facet normal 0 -1 0
    outer loop
      vertex 90.9143 -0.01 9.21318
      vertex 91.8317 -0.01 8.72845
      vertex 91.8812 -0.01 8.79606
    endloop
  endfacet
  facet normal 0 -1 0
    outer loop
      vertex 91.7173 -0.01 8.60302
      vertex 91.777 -0.01 8.66398
      vertex 90.8999 -0.01 9.15513
    endloop
  endfacet
  facet normal 0 -1 0
    outer loop
      vertex 90.8999 -0.01 9.15513
      vertex 91.777 -0.01 8.66398
      vertex 91.8317 -0.01 8.72845
    endloop
  endfacet
  facet normal 0 -1 0
    outer loop
      vertex 90.8815 -0.01 9.09993
      vertex 91.6531 -0.01 8.5459
      vertex 91.7173 -0.01 8.60302
    endloop
  endfacet
  facet normal 0 -1 0
    outer loop
      vertex 91.5842 -0.01 8.4926
      vertex 90.8815 -0.01 9.09993
      vertex 90.8589 -0.01 9.04759
    endloop
  endfacet
  facet normal 0 -1 0
    outer loop
      vertex 91.5842 -0.01 8.4926
      vertex 91.6531 -0.01 8.5459
      vertex 90.8815 -0.01 9.09993
    endloop
  endfacet
  facet normal 0 -1 0
    outer loop
      vertex 91.4327 -0.01 8.3975
      vertex 91.5108 -0.01 8.44313
      vertex 90.8589 -0.01 9.04759
    endloop
  endfacet
  facet normal 0 -1 0
    outer loop
      vertex 91.4327 -0.01 8.3975
      vertex 90.8589 -0.01 9.04759
      vertex 90.8322 -0.01 8.99811
    endloop
  endfacet
  facet normal 0 -1 0
    outer loop
      vertex 90.8322 -0.01 8.99811
      vertex 91.3501 -0.01 8.35571
      vertex 91.4327 -0.01 8.3975
    endloop
  endfacet
  facet normal 0 -1 0
    outer loop
      vertex 90.8015 -0.01 8.95147
      vertex 91.3501 -0.01 8.35571
      vertex 90.8322 -0.01 8.99811
    endloop
  endfacet
  facet normal 0 -1 0
    outer loop
      vertex 91.2628 -0.01 8.31773
      vertex 91.3501 -0.01 8.35571
      vertex 90.8015 -0.01 8.95147
    endloop
  endfacet
  facet normal 0 -1 0
    outer loop
      vertex 91.2628 -0.01 8.31773
      vertex 90.8015 -0.01 8.95147
      vertex 90.7666 -0.01 8.90771
    endloop
  endfacet
  facet normal -0 -1 0
    outer loop
      vertex 91.2628 -0.01 8.31773
      vertex 90.7666 -0.01 8.90771
      vertex 91.1709 -0.01 8.28361
    endloop
  endfacet
  facet normal 0 -1 -0
    outer loop
      vertex 90.7666 -0.01 8.90771
      vertex 90.7276 -0.01 8.8668
      vertex 91.1709 -0.01 8.28361
    endloop
  endfacet
  facet normal 0 -1 0
    outer loop
      vertex 90.7276 -0.01 8.8668
      vertex 91.0744 -0.01 8.25331
      vertex 91.1709 -0.01 8.28361
    endloop
  endfacet
  facet normal 0 -1 0
    outer loop
      vertex 90.6845 -0.01 8.82875
      vertex 91.0744 -0.01 8.25331
      vertex 90.7276 -0.01 8.8668
    endloop
  endfacet
  facet normal 0 -1 0
    outer loop
      vertex 90.9734 -0.01 8.22683
      vertex 91.0744 -0.01 8.25331
      vertex 90.6845 -0.01 8.82875
    endloop
  endfacet
  facet normal 0 -1 0
    outer loop
      vertex 90.9734 -0.01 8.22683
      vertex 90.6845 -0.01 8.82875
      vertex 90.6374 -0.01 8.79381
    endloop
  endfacet
  facet normal 0 -1 0
    outer loop
      vertex 90.8677 -0.01 8.20421
      vertex 90.6374 -0.01 8.79381
      vertex 90.5862 -0.01 8.76219
    endloop
  endfacet
  facet normal 0 -1 0
    outer loop
      vertex 90.8677 -0.01 8.20421
      vertex 90.5862 -0.01 8.76219
      vertex 90.531 -0.01 8.7339
    endloop
  endfacet
  facet normal 0 -1 0
    outer loop
      vertex 90.8677 -0.01 8.20421
      vertex 90.531 -0.01 8.7339
      vertex 90.4717 -0.01 8.70894
    endloop
  endfacet
  facet normal 0 -1 0
    outer loop
      vertex 90.8677 -0.01 8.20421
      vertex 90.4717 -0.01 8.70894
      vertex 90.4084 -0.01 8.6873
    endloop
  endfacet
  facet normal 0 -1 0
    outer loop
      vertex 90.2698 -0.01 8.65402
      vertex 90.8677 -0.01 8.20421
      vertex 90.3411 -0.01 8.66899
    endloop
  endfacet
  facet normal 0 -1 0
    outer loop
      vertex 90.0654 -0.01 7.70208
      vertex 90.1578 -0.01 7.69703
      vertex 90.115 -0.01 8.63405
    endloop
  endfacet
  facet normal 0 -1 0
    outer loop
      vertex 90.0654 -0.01 7.70208
      vertex 90.115 -0.01 8.63405
      vertex 90.0315 -0.01 8.62906
    endloop
  endfacet
  facet normal 0 -1 0
    outer loop
      vertex 89.9684 -0.01 7.70376
      vertex 90.0315 -0.01 8.62906
      vertex 89.944 -0.01 8.62739
    endloop
  endfacet
  facet normal 0 -1 0
    outer loop
      vertex 89.9684 -0.01 7.70376
      vertex 89.944 -0.01 8.62739
      vertex 89.5697 -0.01 7.70376
    endloop
  endfacet
  facet normal -0 -1 0
    outer loop
      vertex 89.944 -0.01 8.62739
      vertex 89.5697 -0.01 8.62739
      vertex 89.5697 -0.01 7.70376
    endloop
  endfacet
  facet normal 0 -1 0
    outer loop
      vertex 90.0654 -0.01 7.70208
      vertex 90.0315 -0.01 8.62906
      vertex 89.9684 -0.01 7.70376
    endloop
  endfacet
  facet normal 0 -1 0
    outer loop
      vertex 90.1578 -0.01 7.69703
      vertex 90.1944 -0.01 8.64236
      vertex 90.115 -0.01 8.63405
    endloop
  endfacet
  facet normal 0 -1 0
    outer loop
      vertex 90.9997 -0.01 5.25157
      vertex 91.1365 -0.01 5.29153
      vertex 90.7012 -0.01 6.19609
    endloop
  endfacet
  facet normal -0 -1 0
    outer loop
      vertex 91.9445 -0.01 7.68823
      vertex 91.8827 -0.01 7.75459
      vertex 91.0304 -0.01 7.16893
    endloop
  endfacet
  facet normal 0 -1 0
    outer loop
      vertex 90.8677 -0.01 8.18795
      vertex 90.4833 -0.01 7.64323
      vertex 90.5536 -0.01 7.62137
    endloop
  endfacet
  facet normal 0 -1 0
    outer loop
      vertex 90.7378 -0.01 7.53561
      vertex 90.8677 -0.01 8.18795
      vertex 90.6808 -0.01 7.56756
    endloop
  endfacet
  facet normal 0 -1 0
    outer loop
      vertex 90.9549 -0.01 7.3287
      vertex 90.9847 -0.01 7.27841
      vertex 91.5838 -0.01 7.97667
    endloop
  endfacet
  facet normal 0 -1 0
    outer loop
      vertex 90.9206 -0.01 7.37603
      vertex 91.4965 -0.01 8.02067
      vertex 91.4042 -0.01 8.06006
    endloop
  endfacet
  facet normal 0 -1 0
    outer loop
      vertex 90.9549 -0.01 7.3287
      vertex 91.5838 -0.01 7.97667
      vertex 91.4965 -0.01 8.02067
    endloop
  endfacet
  facet normal -0 -1 0
    outer loop
      vertex 91.7433 -0.01 7.87484
      vertex 91.666 -0.01 7.92805
      vertex 90.9847 -0.01 7.27841
    endloop
  endfacet
  facet normal 0 -1 0
    outer loop
      vertex 90.9847 -0.01 7.27841
      vertex 91.666 -0.01 7.92805
      vertex 91.5838 -0.01 7.97667
    endloop
  endfacet
  facet normal 0 -1 0
    outer loop
      vertex 91.7433 -0.01 7.87484
      vertex 90.9847 -0.01 7.27841
      vertex 91.0098 -0.01 7.22514
    endloop
  endfacet
  facet normal 0 -1 0
    outer loop
      vertex 91.8827 -0.01 7.75459
      vertex 91.0098 -0.01 7.22514
      vertex 91.0304 -0.01 7.16893
    endloop
  endfacet
  facet normal -0 -1 0
    outer loop
      vertex 91.8827 -0.01 7.75459
      vertex 91.8155 -0.01 7.81701
      vertex 91.0098 -0.01 7.22514
    endloop
  endfacet
  facet normal 0 -1 0
    outer loop
      vertex 92.0004 -0.01 7.61862
      vertex 91.0304 -0.01 7.16893
      vertex 91.0464 -0.01 7.10975
    endloop
  endfacet
  facet normal -0 -1 0
    outer loop
      vertex 92.0004 -0.01 7.61862
      vertex 91.9445 -0.01 7.68823
      vertex 91.0304 -0.01 7.16893
    endloop
  endfacet
  facet normal 0 -1 -0
    outer loop
      vertex 92.0004 -0.01 7.61862
      vertex 91.0464 -0.01 7.10975
      vertex 92.0505 -0.01 7.54573
    endloop
  endfacet
  facet normal 0 -1 0
    outer loop
      vertex 91.0464 -0.01 7.10975
      vertex 91.0578 -0.01 7.04762
      vertex 92.1328 -0.01 7.39019
    endloop
  endfacet
  facet normal 0 -1 -0
    outer loop
      vertex 92.0946 -0.01 7.46959
      vertex 91.0464 -0.01 7.10975
      vertex 92.1328 -0.01 7.39019
    endloop
  endfacet
  facet normal 0 -1 0
    outer loop
      vertex 91.0578 -0.01 7.04762
      vertex 92.1917 -0.01 7.2216
      vertex 92.1652 -0.01 7.30752
    endloop
  endfacet
  facet normal 0 -1 -0
    outer loop
      vertex 92.1328 -0.01 7.39019
      vertex 91.0578 -0.01 7.04762
      vertex 92.1652 -0.01 7.30752
    endloop
  endfacet
  facet normal 0 -1 0
    outer loop
      vertex 91.0647 -0.01 6.98251
      vertex 92.2123 -0.01 7.13241
      vertex 92.1917 -0.01 7.2216
    endloop
  endfacet
  facet normal 0 -1 0
    outer loop
      vertex 91.0578 -0.01 7.04762
      vertex 91.0647 -0.01 6.98251
      vertex 92.1917 -0.01 7.2216
    endloop
  endfacet
  facet normal 0 -1 -0
    outer loop
      vertex 92.227 -0.01 7.03996
      vertex 91.067 -0.01 6.91446
      vertex 92.2358 -0.01 6.94426
    endloop
  endfacet
  facet normal 0 -1 -0
    outer loop
      vertex 91.067 -0.01 6.91446
      vertex 91.0651 -0.01 6.84004
      vertex 92.2388 -0.01 6.84529
    endloop
  endfacet
  facet normal 0 -1 0
    outer loop
      vertex 91.0594 -0.01 6.76919
      vertex 92.2344 -0.01 6.70183
      vertex 91.0651 -0.01 6.84004
    endloop
  endfacet
  facet normal 0 -1 0
    outer loop
      vertex 91.05 -0.01 6.7019
      vertex 92.1994 -0.01 6.43309
      vertex 92.2213 -0.01 6.56444
    endloop
  endfacet
  facet normal 0 -1 -0
    outer loop
      vertex 91.0594 -0.01 6.76919
      vertex 91.05 -0.01 6.7019
      vertex 92.2213 -0.01 6.56444
    endloop
  endfacet
  facet normal 0 -1 0
    outer loop
      vertex 91.0368 -0.01 6.63818
      vertex 92.1688 -0.01 6.3078
      vertex 92.1994 -0.01 6.43309
    endloop
  endfacet
  facet normal 0 -1 -0
    outer loop
      vertex 91.05 -0.01 6.7019
      vertex 91.0368 -0.01 6.63818
      vertex 92.1994 -0.01 6.43309
    endloop
  endfacet
  facet normal -0 -1 0
    outer loop
      vertex 92.1295 -0.01 6.18857
      vertex 91.0199 -0.01 6.57802
      vertex 92.0814 -0.01 6.07538
    endloop
  endfacet
  facet normal 0 -1 0
    outer loop
      vertex 90.9992 -0.01 6.52142
      vertex 92.0246 -0.01 5.96824
      vertex 92.0814 -0.01 6.07538
    endloop
  endfacet
  facet normal 0 -1 -0
    outer loop
      vertex 91.0199 -0.01 6.57802
      vertex 90.9992 -0.01 6.52142
      vertex 92.0814 -0.01 6.07538
    endloop
  endfacet
  facet normal 0 -1 0
    outer loop
      vertex 90.9747 -0.01 6.46838
      vertex 92.0246 -0.01 5.96824
      vertex 90.9992 -0.01 6.52142
    endloop
  endfacet
  facet normal 0 -1 -0
    outer loop
      vertex 90.9747 -0.01 6.46838
      vertex 90.9464 -0.01 6.41893
      vertex 91.8847 -0.01 5.77212
    endloop
  endfacet
  facet normal 0 -1 0
    outer loop
      vertex 90.9464 -0.01 6.41893
      vertex 91.8016 -0.01 5.68315
      vertex 91.8847 -0.01 5.77212
    endloop
  endfacet
  facet normal 0 -1 0
    outer loop
      vertex 91.7098 -0.01 5.60022
      vertex 91.8016 -0.01 5.68315
      vertex 90.9144 -0.01 6.37301
    endloop
  endfacet
  facet normal 0 -1 0
    outer loop
      vertex 90.9144 -0.01 6.37301
      vertex 91.8016 -0.01 5.68315
      vertex 90.9464 -0.01 6.41893
    endloop
  endfacet
  facet normal 0 -1 0
    outer loop
      vertex 91.61 -0.01 5.52395
      vertex 91.7098 -0.01 5.60022
      vertex 90.9144 -0.01 6.37301
    endloop
  endfacet
  facet normal -0 -1 0
    outer loop
      vertex 91.61 -0.01 5.52395
      vertex 90.8786 -0.01 6.33067
      vertex 91.5027 -0.01 5.45495
    endloop
  endfacet
  facet normal 0 -1 0
    outer loop
      vertex 91.61 -0.01 5.52395
      vertex 90.9144 -0.01 6.37301
      vertex 90.8786 -0.01 6.33067
    endloop
  endfacet
  facet normal 0 -1 -0
    outer loop
      vertex 90.8786 -0.01 6.33067
      vertex 90.8391 -0.01 6.2919
      vertex 91.5027 -0.01 5.45495
    endloop
  endfacet
  facet normal 0 -1 0
    outer loop
      vertex 91.266 -0.01 5.33874
      vertex 91.388 -0.01 5.39322
      vertex 90.7962 -0.01 6.2566
    endloop
  endfacet
  facet normal 0 -1 0
    outer loop
      vertex 91.266 -0.01 5.33874
      vertex 90.7962 -0.01 6.2566
      vertex 90.7502 -0.01 6.22467
    endloop
  endfacet
  facet normal 0 -1 -0
    outer loop
      vertex 90.7502 -0.01 6.22467
      vertex 90.7012 -0.01 6.19609
      vertex 91.1365 -0.01 5.29153
    endloop
  endfacet
  facet normal -0 -1 0
    outer loop
      vertex 91.266 -0.01 5.33874
      vertex 90.7502 -0.01 6.22467
      vertex 91.1365 -0.01 5.29153
    endloop
  endfacet
  facet normal 0 -1 0
    outer loop
      vertex 90.9997 -0.01 5.25157
      vertex 90.7012 -0.01 6.19609
      vertex 90.6492 -0.01 6.17087
    endloop
  endfacet
  facet normal -0 -1 0
    outer loop
      vertex 90.9997 -0.01 5.25157
      vertex 90.6492 -0.01 6.17087
      vertex 90.8554 -0.01 5.21888
    endloop
  endfacet
  facet normal 0 -1 -0
    outer loop
      vertex 90.6492 -0.01 6.17087
      vertex 90.5942 -0.01 6.14901
      vertex 90.8554 -0.01 5.21888
    endloop
  endfacet
  facet normal 0 -1 -0
    outer loop
      vertex 90.5942 -0.01 6.14901
      vertex 90.5361 -0.01 6.13052
      vertex 90.8554 -0.01 5.21888
    endloop
  endfacet
  facet normal 0 -1 0
    outer loop
      vertex 90.5361 -0.01 6.13052
      vertex 90.7038 -0.01 5.19346
      vertex 90.8554 -0.01 5.21888
    endloop
  endfacet
  facet normal 0 -1 0
    outer loop
      vertex 90.475 -0.01 6.1154
      vertex 90.7038 -0.01 5.19346
      vertex 90.5361 -0.01 6.13052
    endloop
  endfacet
  facet normal 0 -1 0
    outer loop
      vertex 90.5447 -0.01 5.17531
      vertex 90.7038 -0.01 5.19346
      vertex 90.475 -0.01 6.1154
    endloop
  endfacet
  facet normal 0 -1 0
    outer loop
      vertex 90.5447 -0.01 5.17531
      vertex 90.475 -0.01 6.1154
      vertex 90.4109 -0.01 6.10363
    endloop
  endfacet
  facet normal 0 -1 0
    outer loop
      vertex 90.5447 -0.01 5.17531
      vertex 90.4109 -0.01 6.10363
      vertex 90.3437 -0.01 6.09523
    endloop
  endfacet
  facet normal -0 -1 0
    outer loop
      vertex 90.5447 -0.01 5.17531
      vertex 90.3437 -0.01 6.09523
      vertex 90.3783 -0.01 5.16441
    endloop
  endfacet
  facet normal 0 -1 -0
    outer loop
      vertex 90.3437 -0.01 6.09523
      vertex 90.2735 -0.01 6.09018
      vertex 90.3783 -0.01 5.16441
    endloop
  endfacet
  facet normal 0 -1 -0
    outer loop
      vertex 90.2735 -0.01 6.09018
      vertex 90.2044 -0.01 5.16078
      vertex 90.3783 -0.01 5.16441
    endloop
  endfacet
  facet normal 0 -1 0
    outer loop
      vertex 88.1814 -0.01 6.40349
      vertex 89.3242 -0.01 6.64142
      vertex 89.2864 -0.01 6.77112
    endloop
  endfacet
  facet normal 0 -1 0
    outer loop
      vertex 90.2735 -0.01 6.09018
      vertex 90.2003 -0.01 6.0885
      vertex 90.2044 -0.01 5.16078
    endloop
  endfacet
  facet normal 0 -1 0
    outer loop
      vertex 88.2752 -0.01 6.16179
      vertex 89.3242 -0.01 6.64142
      vertex 88.2246 -0.01 6.27952
    endloop
  endfacet
  facet normal 0 -1 0
    outer loop
      vertex 88.1458 -0.01 6.53367
      vertex 88.1814 -0.01 6.40349
      vertex 89.2864 -0.01 6.77112
    endloop
  endfacet
  facet normal 0 -1 0
    outer loop
      vertex 88.1176 -0.01 6.67007
      vertex 88.1458 -0.01 6.53367
      vertex 89.2864 -0.01 6.77112
    endloop
  endfacet
  facet normal -0 -1 0
    outer loop
      vertex 89.2864 -0.01 6.77112
      vertex 89.2605 -0.01 6.91446
      vertex 88.1176 -0.01 6.67007
    endloop
  endfacet
  facet normal 0 -1 0
    outer loop
      vertex 88.1176 -0.01 6.67007
      vertex 89.2605 -0.01 6.91446
      vertex 88.0968 -0.01 6.8127
    endloop
  endfacet
  facet normal 0 -1 0
    outer loop
      vertex 88.4718 -0.01 5.84587
      vertex 88.5523 -0.01 5.753
      vertex 89.4356 -0.01 6.42299
    endloop
  endfacet
  facet normal 0 -1 0
    outer loop
      vertex 88.8379 -0.01 5.51216
      vertex 89.5092 -0.01 6.33424
      vertex 88.7356 -0.01 5.58595
    endloop
  endfacet
  facet normal 0 -1 0
    outer loop
      vertex 89.1822 -0.01 5.33296
      vertex 89.5946 -0.01 6.25915
      vertex 89.0612 -0.01 5.38566
    endloop
  endfacet
  facet normal -0 -1 0
    outer loop
      vertex 89.8012 -0.01 6.14995
      vertex 89.6919 -0.01 6.19772
      vertex 89.443 -0.01 5.24862
    endloop
  endfacet
  facet normal 0 -1 0
    outer loop
      vertex 89.9223 -0.01 6.11581
      vertex 89.7288 -0.01 5.19241
      vertex 89.8811 -0.01 5.17483
    endloop
  endfacet
  facet normal 0 -1 0
    outer loop
      vertex 89.8811 -0.01 5.17483
      vertex 90.0396 -0.01 5.1643
      vertex 90.0554 -0.01 6.09533
    endloop
  endfacet
  facet normal 0 -1 -0
    outer loop
      vertex 92.995 -0.01 10.1944
      vertex 92.9408 -0.01 10.0838
      vertex 94.0006 -0.01 9.68995
    endloop
  endfacet
  facet normal -0 -1 0
    outer loop
      vertex 96.5115 -0.01 8.79298
      vertex 95.4511 -0.01 9.18907
      vertex 96.484 -0.01 8.73317
    endloop
  endfacet
  facet normal -0 -1 0
    outer loop
      vertex 96.6099 -0.01 9.11125
      vertex 95.4751 -0.01 9.30124
      vertex 96.5955 -0.01 9.04504
    endloop
  endfacet
  facet normal 0 -1 0
    outer loop
      vertex 93.8712 -0.01 7.53056
      vertex 94.596 -0.01 6.85878
      vertex 93.9693 -0.01 7.62001
    endloop
  endfacet
  facet normal 0 -1 0
    outer loop
      vertex 93.9693 -0.01 7.62001
      vertex 94.6423 -0.01 6.90063
      vertex 94.6895 -0.01 6.94243
    endloop
  endfacet
  facet normal 0 -1 0
    outer loop
      vertex 94.0708 -0.01 7.71013
      vertex 94.6895 -0.01 6.94243
      vertex 94.7375 -0.01 6.98416
    endloop
  endfacet
  facet normal 0 -1 -0
    outer loop
      vertex 94.1759 -0.01 7.80092
      vertex 94.0708 -0.01 7.71013
      vertex 94.7863 -0.01 7.02582
    endloop
  endfacet
  facet normal 0 -1 -0
    outer loop
      vertex 94.2846 -0.01 7.89238
      vertex 94.1759 -0.01 7.80092
      vertex 94.836 -0.01 7.06741
    endloop
  endfacet
  facet normal -0 -1 0
    outer loop
      vertex 94.9379 -0.01 7.15039
      vertex 94.2846 -0.01 7.89238
      vertex 94.8865 -0.01 7.10893
    endloop
  endfacet
  facet normal 0 -1 -0
    outer loop
      vertex 94.3967 -0.01 7.98451
      vertex 94.2846 -0.01 7.89238
      vertex 94.9379 -0.01 7.15039
    endloop
  endfacet
  facet normal 0 -1 0
    outer loop
      vertex 95.254 -0.01 7.4026
      vertex 94.6984 -0.01 8.23811
      vertex 94.6038 -0.01 8.1564
    endloop
  endfacet
  facet normal 0 -1 0
    outer loop
      vertex 95.3618 -0.01 7.48829
      vertex 94.7871 -0.01 8.317
      vertex 94.6984 -0.01 8.23811
    endloop
  endfacet
  facet normal 0 -1 0
    outer loop
      vertex 95.4708 -0.01 7.57478
      vertex 94.8698 -0.01 8.39306
      vertex 94.7871 -0.01 8.317
    endloop
  endfacet
  facet normal 0 -1 0
    outer loop
      vertex 94.8698 -0.01 8.39306
      vertex 95.5258 -0.01 7.61833
      vertex 95.5805 -0.01 7.66226
    endloop
  endfacet
  facet normal 0 -1 -0
    outer loop
      vertex 95.1411 -0.01 8.66906
      vertex 95.0822 -0.01 8.60429
      vertex 95.8401 -0.01 7.89048
    endloop
  endfacet
  facet normal -0 -1 0
    outer loop
      vertex 96.0771 -0.01 8.13299
      vertex 95.241 -0.01 8.79011
      vertex 96.0316 -0.01 8.08334
    endloop
  endfacet
  facet normal 0 -1 0
    outer loop
      vertex 96.1215 -0.01 8.18335
      vertex 96.1644 -0.01 8.23456
      vertex 95.283 -0.01 8.8477
    endloop
  endfacet
  facet normal 0 -1 -0
    outer loop
      vertex 95.355 -0.01 8.96229
      vertex 95.321 -0.01 8.9051
      vertex 96.2458 -0.01 8.33947
    endloop
  endfacet
  facet normal -0 -1 0
    outer loop
      vertex 96.3213 -0.01 8.44775
      vertex 95.355 -0.01 8.96229
      vertex 96.2843 -0.01 8.3932
    endloop
  endfacet
  facet normal 0 -1 0
    outer loop
      vertex 94.0234 -0.01 9.74377
      vertex 94.0484 -0.01 9.79434
      vertex 93.0558 -0.01 10.2988
    endloop
  endfacet
  facet normal -0 -1 0
    outer loop
      vertex 93.9619 -0.01 9.57252
      vertex 92.8523 -0.01 9.84388
      vertex 93.9459 -0.01 9.50892
    endloop
  endfacet
  facet normal 0 -1 -0
    outer loop
      vertex 93.1233 -0.01 10.3969
      vertex 93.0558 -0.01 10.2988
      vertex 94.0484 -0.01 9.79434
    endloop
  endfacet
  facet normal 0 -1 0
    outer loop
      vertex 92.818 -0.01 9.71452
      vertex 93.9322 -0.01 9.44206
      vertex 93.9459 -0.01 9.50892
    endloop
  endfacet
  facet normal 0 -1 0
    outer loop
      vertex 93.5585 -0.01 10.7921
      vertex 94.2075 -0.01 9.9982
      vertex 93.664 -0.01 10.851
    endloop
  endfacet
  facet normal 0 -1 0
    outer loop
      vertex 96.4233 -0.01 8.61648
      vertex 95.4331 -0.01 9.13267
      vertex 95.411 -0.01 9.07608
    endloop
  endfacet
  facet normal 0 -1 0
    outer loop
      vertex 95.4331 -0.01 9.13267
      vertex 96.484 -0.01 8.73317
      vertex 95.4511 -0.01 9.18907
    endloop
  endfacet
  facet normal -0 -1 0
    outer loop
      vertex 96.5588 -0.01 8.91646
      vertex 95.4511 -0.01 9.18907
      vertex 96.5365 -0.01 8.85409
    endloop
  endfacet
  facet normal -0 -1 0
    outer loop
      vertex 96.3801 -0.01 10.3933
      vertex 96.3104 -0.01 10.4843
      vertex 95.3835 -0.01 9.85811
    endloop
  endfacet
  facet normal 0 -1 0
    outer loop
      vertex 95.3276 -0.01 9.93853
      vertex 95.9516 -0.01 10.7894
      vertex 95.2591 -0.01 10.0066
    endloop
  endfacet
  facet normal 0 -1 0
    outer loop
      vertex 95.0849 -0.01 10.1056
      vertex 95.1783 -0.01 10.0623
      vertex 95.4765 -0.01 10.9853
    endloop
  endfacet
  facet normal 0 -1 -0
    outer loop
      vertex 96.0525 -0.01 10.723
      vertex 95.3276 -0.01 9.93853
      vertex 96.1463 -0.01 10.6495
    endloop
  endfacet
  facet normal 0 -1 -0
    outer loop
      vertex 94.8873 -0.01 11.0692
      vertex 94.861 -0.01 10.1551
      vertex 95.0453 -0.01 11.0587
    endloop
  endfacet
  facet normal 0 -1 0
    outer loop
      vertex 94.6652 -0.01 10.1596
      vertex 94.7304 -0.01 10.1613
      vertex 94.7222 -0.01 11.0727
    endloop
  endfacet
  facet normal -0 -1 0
    outer loop
      vertex 96.5401 -0.01 10.0862
      vertex 96.495 -0.01 10.1942
      vertex 95.4271 -0.01 9.76529
    endloop
  endfacet
  facet normal 0 -1 0
    outer loop
      vertex 95.4811 -0.01 9.35702
      vertex 96.6217 -0.01 9.17874
      vertex 96.6309 -0.01 9.24749
    endloop
  endfacet
  facet normal -0 -1 0
    outer loop
      vertex 96.6386 -0.01 9.5977
      vertex 96.6263 -0.01 9.72831
      vertex 95.4769 -0.01 9.54254
    endloop
  endfacet
  facet normal 0 -1 0
    outer loop
      vertex 96.6375 -0.01 9.31753
      vertex 95.4831 -0.01 9.41261
      vertex 95.4811 -0.01 9.35702
    endloop
  endfacet
  facet normal -0 -1 0
    outer loop
      vertex 96.6375 -0.01 9.31753
      vertex 95.4811 -0.01 9.35702
      vertex 96.6309 -0.01 9.24749
    endloop
  endfacet
  facet normal -0 -1 0
    outer loop
      vertex 96.6414 -0.01 9.38885
      vertex 95.4831 -0.01 9.41261
      vertex 96.6375 -0.01 9.31753
    endloop
  endfacet
  facet normal 0 -1 0
    outer loop
      vertex 96.6427 -0.01 9.46145
      vertex 96.6386 -0.01 9.5977
      vertex 95.4769 -0.01 9.54254
    endloop
  endfacet
  facet normal 0 -1 0
    outer loop
      vertex 95.4769 -0.01 9.54254
      vertex 96.6263 -0.01 9.72831
      vertex 95.4582 -0.01 9.66011
    endloop
  endfacet
  facet normal 0 -1 0
    outer loop
      vertex 96.3801 -0.01 10.3933
      vertex 95.3835 -0.01 9.85811
      vertex 95.4271 -0.01 9.76529
    endloop
  endfacet
  facet normal 0 -1 0
    outer loop
      vertex 95.2591 -0.01 10.0066
      vertex 95.9516 -0.01 10.7894
      vertex 95.8435 -0.01 10.8489
    endloop
  endfacet
  facet normal 0 -1 -0
    outer loop
      vertex 95.1962 -0.01 11.0412
      vertex 95.0849 -0.01 10.1056
      vertex 95.3399 -0.01 11.0167
    endloop
  endfacet
  facet normal 0 -1 0
    outer loop
      vertex 95.0453 -0.01 11.0587
      vertex 94.861 -0.01 10.1551
      vertex 94.9792 -0.01 10.1365
    endloop
  endfacet
  facet normal 0 -1 0
    outer loop
      vertex 95.3835 -0.01 9.85811
      vertex 96.1463 -0.01 10.6495
      vertex 95.3276 -0.01 9.93853
    endloop
  endfacet
  facet normal 0 -1 -0
    outer loop
      vertex 94.5691 -0.01 11.0692
      vertex 94.4219 -0.01 11.0588
      vertex 94.6029 -0.01 10.1548
    endloop
  endfacet
  facet normal 0 -1 0
    outer loop
      vertex 95.4271 -0.01 9.76529
      vertex 95.4582 -0.01 9.66011
      vertex 96.5401 -0.01 10.0862
    endloop
  endfacet
  facet normal -0 -1 0
    outer loop
      vertex 96.6058 -0.01 9.85327
      vertex 96.5771 -0.01 9.97256
      vertex 95.4582 -0.01 9.66011
    endloop
  endfacet
  facet normal 0 -1 0
    outer loop
      vertex 95.4751 -0.01 9.30124
      vertex 96.6099 -0.01 9.11125
      vertex 96.6217 -0.01 9.17874
    endloop
  endfacet
  facet normal -0 -1 0
    outer loop
      vertex 94.4869 -0.01 10.1352
      vertex 94.2807 -0.01 11.0415
      vertex 94.4332 -0.01 10.1205
    endloop
  endfacet
  facet normal 0 -1 0
    outer loop
      vertex 95.4651 -0.01 9.24525
      vertex 96.5955 -0.01 9.04504
      vertex 95.4751 -0.01 9.30124
    endloop
  endfacet
  facet normal 0 -1 0
    outer loop
      vertex 96.5115 -0.01 8.79298
      vertex 96.5365 -0.01 8.85409
      vertex 95.4511 -0.01 9.18907
    endloop
  endfacet
  facet normal 0 -1 0
    outer loop
      vertex 94.3824 -0.01 10.1026
      vertex 94.1455 -0.01 11.0173
      vertex 94.0162 -0.01 10.9861
    endloop
  endfacet
  facet normal 0 -1 0
    outer loop
      vertex 94.2892 -0.01 10.0569
      vertex 94.3344 -0.01 10.0814
      vertex 93.8928 -0.01 10.948
    endloop
  endfacet
  facet normal 0 -1 0
    outer loop
      vertex 96.3908 -0.01 8.5594
      vertex 96.4233 -0.01 8.61648
      vertex 95.411 -0.01 9.07608
    endloop
  endfacet
  facet normal 0 -1 0
    outer loop
      vertex 94.2075 -0.01 9.9982
      vertex 94.2469 -0.01 10.0292
      vertex 93.664 -0.01 10.851
    endloop
  endfacet
  facet normal 0 -1 0
    outer loop
      vertex 93.9322 -0.01 9.44206
      vertex 92.818 -0.01 9.71452
      vertex 92.7903 -0.01 9.5789
    endloop
  endfacet
  facet normal 0 -1 -0
    outer loop
      vertex 93.0558 -0.01 10.2988
      vertex 92.995 -0.01 10.1944
      vertex 94.0234 -0.01 9.74377
    endloop
  endfacet
  facet normal 0 -1 -0
    outer loop
      vertex 92.8932 -0.01 9.96699
      vertex 92.8523 -0.01 9.84388
      vertex 93.9619 -0.01 9.57252
    endloop
  endfacet
  facet normal 0 -1 -0
    outer loop
      vertex 92.9408 -0.01 10.0838
      vertex 92.8932 -0.01 9.96699
      vertex 93.9801 -0.01 9.63287
    endloop
  endfacet
  facet normal 0 -1 0
    outer loop
      vertex 92.8932 -0.01 9.96699
      vertex 93.9619 -0.01 9.57252
      vertex 93.9801 -0.01 9.63287
    endloop
  endfacet
  facet normal -0 -1 0
    outer loop
      vertex 94.0234 -0.01 9.74377
      vertex 92.995 -0.01 10.1944
      vertex 94.0006 -0.01 9.68995
    endloop
  endfacet
  facet normal 0 -1 0
    outer loop
      vertex 94.0484 -0.01 9.79434
      vertex 94.0757 -0.01 9.84163
      vertex 93.1233 -0.01 10.3969
    endloop
  endfacet
  facet normal 0 -1 0
    outer loop
      vertex 93.1233 -0.01 10.3969
      vertex 94.0757 -0.01 9.84163
      vertex 93.1973 -0.01 10.4887
    endloop
  endfacet
  facet normal 0 -1 0
    outer loop
      vertex 93.1973 -0.01 10.4887
      vertex 94.0757 -0.01 9.84163
      vertex 93.278 -0.01 10.5743
    endloop
  endfacet
  facet normal 0 -1 0
    outer loop
      vertex 93.9207 -0.01 9.37193
      vertex 92.7903 -0.01 9.5789
      vertex 92.7692 -0.01 9.43702
    endloop
  endfacet
  facet normal 0 -1 0
    outer loop
      vertex 96.2458 -0.01 8.33947
      vertex 96.2843 -0.01 8.3932
      vertex 95.355 -0.01 8.96229
    endloop
  endfacet
  facet normal -0 -1 0
    outer loop
      vertex 96.2059 -0.01 8.28659
      vertex 95.321 -0.01 8.9051
      vertex 96.1644 -0.01 8.23456
    endloop
  endfacet
  facet normal 0 -1 -0
    outer loop
      vertex 95.321 -0.01 8.9051
      vertex 95.283 -0.01 8.8477
      vertex 96.1644 -0.01 8.23456
    endloop
  endfacet
  facet normal 0 -1 0
    outer loop
      vertex 95.194 -0.01 8.731
      vertex 95.9377 -0.01 7.98578
      vertex 95.9851 -0.01 8.03428
    endloop
  endfacet
  facet normal 0 -1 0
    outer loop
      vertex 95.0173 -0.01 8.53671
      vertex 95.739 -0.01 7.79748
      vertex 95.79 -0.01 7.8437
    endloop
  endfacet
  facet normal -0 -1 0
    outer loop
      vertex 95.254 -0.01 7.4026
      vertex 94.6038 -0.01 8.1564
      vertex 95.1474 -0.01 7.31773
    endloop
  endfacet
  facet normal 0 -1 0
    outer loop
      vertex 94.5032 -0.01 8.07185
      vertex 95.042 -0.01 7.23365
      vertex 95.1474 -0.01 7.31773
    endloop
  endfacet
  facet normal -0 -1 0
    outer loop
      vertex 94.1052 -0.01 9.88566
      vertex 93.278 -0.01 10.5743
      vertex 94.0757 -0.01 9.84163
    endloop
  endfacet
  facet normal 0 -1 0
    outer loop
      vertex 96.0316 -0.01 8.08334
      vertex 95.241 -0.01 8.79011
      vertex 95.194 -0.01 8.731
    endloop
  endfacet
  facet normal 0 -1 -0
    outer loop
      vertex 93.3653 -0.01 10.6536
      vertex 93.278 -0.01 10.5743
      vertex 94.1052 -0.01 9.88566
    endloop
  endfacet
  facet normal 0 -1 0
    outer loop
      vertex 94.1369 -0.01 9.92643
      vertex 93.4589 -0.01 10.7263
      vertex 93.3653 -0.01 10.6536
    endloop
  endfacet
  facet normal 0 -1 -0
    outer loop
      vertex 93.5585 -0.01 10.7921
      vertex 93.4589 -0.01 10.7263
      vertex 94.1709 -0.01 9.96394
    endloop
  endfacet
  facet normal -0 -1 0
    outer loop
      vertex 94.1709 -0.01 9.96394
      vertex 93.4589 -0.01 10.7263
      vertex 94.1369 -0.01 9.92643
    endloop
  endfacet
  facet normal 0 -1 0
    outer loop
      vertex 93.5585 -0.01 10.7921
      vertex 94.1709 -0.01 9.96394
      vertex 94.2075 -0.01 9.9982
    endloop
  endfacet
  facet normal 0 -1 0
    outer loop
      vertex 94.2469 -0.01 10.0292
      vertex 93.7754 -0.01 10.903
      vertex 93.664 -0.01 10.851
    endloop
  endfacet
  facet normal -0 -1 0
    outer loop
      vertex 94.2892 -0.01 10.0569
      vertex 93.7754 -0.01 10.903
      vertex 94.2469 -0.01 10.0292
    endloop
  endfacet
  facet normal 0 -1 0
    outer loop
      vertex 93.7754 -0.01 10.903
      vertex 94.2892 -0.01 10.0569
      vertex 93.8928 -0.01 10.948
    endloop
  endfacet
  facet normal 0 -1 0
    outer loop
      vertex 93.8928 -0.01 10.948
      vertex 94.3344 -0.01 10.0814
      vertex 94.0162 -0.01 10.9861
    endloop
  endfacet
  facet normal 0 -1 0
    outer loop
      vertex 94.3344 -0.01 10.0814
      vertex 94.3824 -0.01 10.1026
      vertex 94.0162 -0.01 10.9861
    endloop
  endfacet
  facet normal 0 -1 0
    outer loop
      vertex 94.1455 -0.01 11.0173
      vertex 94.4332 -0.01 10.1205
      vertex 94.2807 -0.01 11.0415
    endloop
  endfacet
  facet normal 0 -1 0
    outer loop
      vertex 94.1455 -0.01 11.0173
      vertex 94.3824 -0.01 10.1026
      vertex 94.4332 -0.01 10.1205
    endloop
  endfacet
  facet normal 0 -1 -0
    outer loop
      vertex 94.4219 -0.01 11.0588
      vertex 94.2807 -0.01 11.0415
      vertex 94.4869 -0.01 10.1352
    endloop
  endfacet
  facet normal -0 -1 0
    outer loop
      vertex 94.6029 -0.01 10.1548
      vertex 94.4219 -0.01 11.0588
      vertex 94.5435 -0.01 10.1466
    endloop
  endfacet
  facet normal 0 -1 0
    outer loop
      vertex 94.7222 -0.01 11.0727
      vertex 94.5691 -0.01 11.0692
      vertex 94.6652 -0.01 10.1596
    endloop
  endfacet
  facet normal -0 -1 0
    outer loop
      vertex 94.6652 -0.01 10.1596
      vertex 94.5691 -0.01 11.0692
      vertex 94.6029 -0.01 10.1548
    endloop
  endfacet
  facet normal 0 -1 0
    outer loop
      vertex 94.7304 -0.01 10.1613
      vertex 94.8873 -0.01 11.0692
      vertex 94.7222 -0.01 11.0727
    endloop
  endfacet
  facet normal 0 -1 0
    outer loop
      vertex 94.8873 -0.01 11.0692
      vertex 94.7304 -0.01 10.1613
      vertex 94.861 -0.01 10.1551
    endloop
  endfacet
  facet normal -0 -1 0
    outer loop
      vertex 95.1962 -0.01 11.0412
      vertex 95.0453 -0.01 11.0587
      vertex 94.9792 -0.01 10.1365
    endloop
  endfacet
  facet normal 0 -1 0
    outer loop
      vertex 95.0849 -0.01 10.1056
      vertex 95.4765 -0.01 10.9853
      vertex 95.3399 -0.01 11.0167
    endloop
  endfacet
  facet normal 0 -1 0
    outer loop
      vertex 95.1783 -0.01 10.0623
      vertex 95.6059 -0.01 10.9468
      vertex 95.4765 -0.01 10.9853
    endloop
  endfacet
  facet normal 0 -1 0
    outer loop
      vertex 95.2591 -0.01 10.0066
      vertex 95.7283 -0.01 10.9013
      vertex 95.1783 -0.01 10.0623
    endloop
  endfacet
  facet normal 0 -1 -0
    outer loop
      vertex 95.7283 -0.01 10.9013
      vertex 95.2591 -0.01 10.0066
      vertex 95.8435 -0.01 10.8489
    endloop
  endfacet
  facet normal -0 -1 0
    outer loop
      vertex 96.0525 -0.01 10.723
      vertex 95.9516 -0.01 10.7894
      vertex 95.3276 -0.01 9.93853
    endloop
  endfacet
  facet normal -0 -1 0
    outer loop
      vertex 96.2325 -0.01 10.5697
      vertex 96.1463 -0.01 10.6495
      vertex 95.3835 -0.01 9.85811
    endloop
  endfacet
  facet normal 0 -1 0
    outer loop
      vertex 95.3835 -0.01 9.85811
      vertex 96.3104 -0.01 10.4843
      vertex 96.2325 -0.01 10.5697
    endloop
  endfacet
  facet normal 0 -1 0
    outer loop
      vertex 95.4271 -0.01 9.76529
      vertex 96.495 -0.01 10.1942
      vertex 96.4417 -0.01 10.2966
    endloop
  endfacet
  facet normal 0 -1 -0
    outer loop
      vertex 96.3801 -0.01 10.3933
      vertex 95.4271 -0.01 9.76529
      vertex 96.4417 -0.01 10.2966
    endloop
  endfacet
  facet normal 0 -1 0
    outer loop
      vertex 95.4582 -0.01 9.66011
      vertex 96.5771 -0.01 9.97256
      vertex 96.5401 -0.01 10.0862
    endloop
  endfacet
  facet normal -0 -1 0
    outer loop
      vertex 96.6427 -0.01 9.46145
      vertex 95.4769 -0.01 9.54254
      vertex 95.4831 -0.01 9.41261
    endloop
  endfacet
  facet normal 0 -1 0
    outer loop
      vertex 95.4751 -0.01 9.30124
      vertex 96.6217 -0.01 9.17874
      vertex 95.4811 -0.01 9.35702
    endloop
  endfacet
  facet normal 0 -1 0
    outer loop
      vertex 95.4511 -0.01 9.18907
      vertex 96.5588 -0.01 8.91646
      vertex 95.4651 -0.01 9.24525
    endloop
  endfacet
  facet normal 0 -1 0
    outer loop
      vertex 95.4651 -0.01 9.24525
      vertex 96.5588 -0.01 8.91646
      vertex 96.5784 -0.01 8.98011
    endloop
  endfacet
  facet normal -0 -1 0
    outer loop
      vertex 96.4544 -0.01 8.67441
      vertex 95.4331 -0.01 9.13267
      vertex 96.4233 -0.01 8.61648
    endloop
  endfacet
  facet normal -0 -1 0
    outer loop
      vertex 96.3568 -0.01 8.50316
      vertex 95.385 -0.01 9.01928
      vertex 96.3213 -0.01 8.44775
    endloop
  endfacet
  facet normal 0 -1 0
    outer loop
      vertex 96.3568 -0.01 8.50316
      vertex 96.3908 -0.01 8.5594
      vertex 95.385 -0.01 9.01928
    endloop
  endfacet
  facet normal 0 -1 0
    outer loop
      vertex 95.321 -0.01 8.9051
      vertex 96.2059 -0.01 8.28659
      vertex 96.2458 -0.01 8.33947
    endloop
  endfacet
  facet normal 0 -1 0
    outer loop
      vertex 96.0771 -0.01 8.13299
      vertex 96.1215 -0.01 8.18335
      vertex 95.283 -0.01 8.8477
    endloop
  endfacet
  facet normal -0 -1 0
    outer loop
      vertex 96.0316 -0.01 8.08334
      vertex 95.194 -0.01 8.731
      vertex 95.9851 -0.01 8.03428
    endloop
  endfacet
  facet normal 0 -1 -0
    outer loop
      vertex 95.194 -0.01 8.731
      vertex 95.1411 -0.01 8.66906
      vertex 95.9377 -0.01 7.98578
    endloop
  endfacet
  facet normal 0 -1 0
    outer loop
      vertex 95.1411 -0.01 8.66906
      vertex 95.8894 -0.01 7.93785
      vertex 95.9377 -0.01 7.98578
    endloop
  endfacet
  facet normal 0 -1 0
    outer loop
      vertex 95.8401 -0.01 7.89048
      vertex 95.8894 -0.01 7.93785
      vertex 95.1411 -0.01 8.66906
    endloop
  endfacet
  facet normal 0 -1 0
    outer loop
      vertex 95.79 -0.01 7.8437
      vertex 95.8401 -0.01 7.89048
      vertex 95.0822 -0.01 8.60429
    endloop
  endfacet
  facet normal 0 -1 0
    outer loop
      vertex 95.79 -0.01 7.8437
      vertex 95.0822 -0.01 8.60429
      vertex 95.0173 -0.01 8.53671
    endloop
  endfacet
  facet normal -0 -1 0
    outer loop
      vertex 95.739 -0.01 7.79748
      vertex 95.0173 -0.01 8.53671
      vertex 95.6871 -0.01 7.75183
    endloop
  endfacet
  facet normal 0 -1 -0
    outer loop
      vertex 95.0173 -0.01 8.53671
      vertex 94.9465 -0.01 8.46631
      vertex 95.6871 -0.01 7.75183
    endloop
  endfacet
  facet normal 0 -1 0
    outer loop
      vertex 94.9465 -0.01 8.46631
      vertex 95.5805 -0.01 7.66226
      vertex 95.6342 -0.01 7.70675
    endloop
  endfacet
  facet normal 0 -1 0
    outer loop
      vertex 94.8698 -0.01 8.39306
      vertex 95.5805 -0.01 7.66226
      vertex 94.9465 -0.01 8.46631
    endloop
  endfacet
  facet normal 0 -1 0
    outer loop
      vertex 95.4708 -0.01 7.57478
      vertex 95.5258 -0.01 7.61833
      vertex 94.8698 -0.01 8.39306
    endloop
  endfacet
  facet normal 0 -1 0
    outer loop
      vertex 95.3618 -0.01 7.48829
      vertex 95.4708 -0.01 7.57478
      vertex 94.7871 -0.01 8.317
    endloop
  endfacet
  facet normal 0 -1 0
    outer loop
      vertex 95.254 -0.01 7.4026
      vertex 95.3618 -0.01 7.48829
      vertex 94.6984 -0.01 8.23811
    endloop
  endfacet
  facet normal 0 -1 0
    outer loop
      vertex 94.5032 -0.01 8.07185
      vertex 95.1474 -0.01 7.31773
      vertex 94.6038 -0.01 8.1564
    endloop
  endfacet
  facet normal 0 -1 0
    outer loop
      vertex 94.3967 -0.01 7.98451
      vertex 94.9379 -0.01 7.15039
      vertex 95.042 -0.01 7.23365
    endloop
  endfacet
  facet normal 0 -1 0
    outer loop
      vertex 94.2846 -0.01 7.89238
      vertex 94.836 -0.01 7.06741
      vertex 94.8865 -0.01 7.10893
    endloop
  endfacet
  facet normal -0 -1 0
    outer loop
      vertex 94.836 -0.01 7.06741
      vertex 94.1759 -0.01 7.80092
      vertex 94.7863 -0.01 7.02582
    endloop
  endfacet
  facet normal -0 -1 0
    outer loop
      vertex 94.7863 -0.01 7.02582
      vertex 94.0708 -0.01 7.71013
      vertex 94.7375 -0.01 6.98416
    endloop
  endfacet
  facet normal 0 -1 -0
    outer loop
      vertex 94.0708 -0.01 7.71013
      vertex 93.9693 -0.01 7.62001
      vertex 94.6895 -0.01 6.94243
    endloop
  endfacet
  facet normal 0 -1 0
    outer loop
      vertex 93.9693 -0.01 7.62001
      vertex 94.596 -0.01 6.85878
      vertex 94.6423 -0.01 6.90063
    endloop
  endfacet
  facet normal 0 -1 0
    outer loop
      vertex 94.5059 -0.01 6.77485
      vertex 93.8712 -0.01 7.53056
      vertex 93.7767 -0.01 7.4418
    endloop
  endfacet
  facet normal 0 -1 0
    outer loop
      vertex 94.4191 -0.01 6.69066
      vertex 94.4621 -0.01 6.73279
      vertex 93.7767 -0.01 7.4418
    endloop
  endfacet
  facet normal 0 -1 0
    outer loop
      vertex 94.3775 -0.01 6.64824
      vertex 94.4191 -0.01 6.69066
      vertex 93.6857 -0.01 7.3537
    endloop
  endfacet
  facet normal 0 -1 0
    outer loop
      vertex 93.5983 -0.01 7.26626
      vertex 94.338 -0.01 6.60525
      vertex 93.6857 -0.01 7.3537
    endloop
  endfacet
  facet normal 0 -1 0
    outer loop
      vertex 94.2648 -0.01 6.5177
      vertex 94.3004 -0.01 6.56175
      vertex 93.5144 -0.01 7.1795
    endloop
  endfacet
  facet normal 0 -1 0
    outer loop
      vertex 94.2312 -0.01 6.47311
      vertex 93.5144 -0.01 7.1795
      vertex 93.434 -0.01 7.09341
    endloop
  endfacet
  facet normal 0 -1 0
    outer loop
      vertex 94.17 -0.01 6.38232
      vertex 93.3572 -0.01 7.00801
      vertex 93.2836 -0.01 6.92273
    endloop
  endfacet
  facet normal -0 -1 0
    outer loop
      vertex 94.17 -0.01 6.38232
      vertex 93.2836 -0.01 6.92273
      vertex 94.1423 -0.01 6.33612
    endloop
  endfacet
  facet normal 0 -1 0
    outer loop
      vertex 93.2836 -0.01 6.92273
      vertex 94.1166 -0.01 6.28938
      vertex 94.1423 -0.01 6.33612
    endloop
  endfacet
  facet normal 0 -1 0
    outer loop
      vertex 93.2132 -0.01 6.83705
      vertex 94.1166 -0.01 6.28938
      vertex 93.2836 -0.01 6.92273
    endloop
  endfacet
  facet normal 0 -1 0
    outer loop
      vertex 94.0929 -0.01 6.24211
      vertex 94.1166 -0.01 6.28938
      vertex 93.2132 -0.01 6.83705
    endloop
  endfacet
  facet normal 0 -1 0
    outer loop
      vertex 94.0929 -0.01 6.24211
      vertex 93.2132 -0.01 6.83705
      vertex 93.146 -0.01 6.75097
    endloop
  endfacet
  facet normal -0 -1 0
    outer loop
      vertex 94.0929 -0.01 6.24211
      vertex 93.146 -0.01 6.75097
      vertex 94.0712 -0.01 6.19429
    endloop
  endfacet
  facet normal 0 -1 -0
    outer loop
      vertex 93.146 -0.01 6.75097
      vertex 93.0818 -0.01 6.66449
      vertex 94.0712 -0.01 6.19429
    endloop
  endfacet
  facet normal 0 -1 -0
    outer loop
      vertex 93.0818 -0.01 6.66449
      vertex 93.0208 -0.01 6.5776
      vertex 94.0712 -0.01 6.19429
    endloop
  endfacet
  facet normal 0 -1 -0
    outer loop
      vertex 93.0208 -0.01 6.5776
      vertex 92.9629 -0.01 6.49031
      vertex 94.0712 -0.01 6.19429
    endloop
  endfacet
  facet normal 0 -1 -0
    outer loop
      vertex 92.9629 -0.01 6.49031
      vertex 92.9082 -0.01 6.4026
      vertex 94.0712 -0.01 6.19429
    endloop
  endfacet
  facet normal 0 -1 -0
    outer loop
      vertex 92.9082 -0.01 6.4026
      vertex 92.8566 -0.01 6.3145
      vertex 94.0712 -0.01 6.19429
    endloop
  endfacet
  facet normal 0 -1 -0
    outer loop
      vertex 92.8566 -0.01 6.3145
      vertex 92.808 -0.01 6.226
      vertex 94.0712 -0.01 6.19429
    endloop
  endfacet
  facet normal 0 -1 -0
    outer loop
      vertex 92.808 -0.01 6.226
      vertex 92.7627 -0.01 6.13708
      vertex 94.0712 -0.01 6.19429
    endloop
  endfacet
  facet normal 0 -1 -0
    outer loop
      vertex 92.7627 -0.01 6.13708
      vertex 92.7204 -0.01 6.04776
      vertex 94.0712 -0.01 6.19429
    endloop
  endfacet
  facet normal 0 -1 0
    outer loop
      vertex 66.8853 -0.01 8.48878
      vertex 67.5813 -0.01 7.65501
      vertex 67.6541 -0.01 7.7097
    endloop
  endfacet
  facet normal 0 -1 -0
    outer loop
      vertex 64.8002 -0.01 8.19604
      vertex 63.5999 -0.01 5.25438
      vertex 64.8002 -0.01 7.27249
    endloop
  endfacet
  facet normal 0 -1 0
    outer loop
      vertex 70.2282 -0.01 6.18205
      vertex 73.3042 -0.01 5.25438
      vertex 73.3042 -0.01 6.18205
    endloop
  endfacet
  facet normal 0 -1 -0
    outer loop
      vertex 67.0273 -0.01 8.711
      vertex 66.9985 -0.01 8.65004
      vertex 68.0156 -0.01 8.10634
    endloop
  endfacet
  facet normal 0 -1 0
    outer loop
      vertex 68.2968 -0.01 8.87951
      vertex 68.3073 -0.01 8.97525
      vertex 67.105 -0.01 9.06968
    endloop
  endfacet
  facet normal 0 -1 0
    outer loop
      vertex 68.3073 -0.01 8.97525
      vertex 68.3135 -0.01 9.07292
      vertex 67.105 -0.01 9.06968
    endloop
  endfacet
  facet normal 0 -1 -0
    outer loop
      vertex 67.1072 -0.01 9.1522
      vertex 67.105 -0.01 9.06968
      vertex 68.3135 -0.01 9.07292
    endloop
  endfacet
  facet normal 0 -1 0
    outer loop
      vertex 67.9095 -0.01 7.96109
      vertex 66.9985 -0.01 8.65004
      vertex 66.9652 -0.01 8.59269
    endloop
  endfacet
  facet normal 0 -1 0
    outer loop
      vertex 67.1072 -0.01 9.1522
      vertex 68.311 -0.01 9.32689
      vertex 67.0984 -0.01 9.30897
    endloop
  endfacet
  facet normal 0 -1 -0
    outer loop
      vertex 68.2972 -0.01 9.47473
      vertex 67.0984 -0.01 9.30897
      vertex 68.311 -0.01 9.32689
    endloop
  endfacet
  facet normal 0 -1 0
    outer loop
      vertex 67.7234 -0.01 7.76765
      vertex 67.789 -0.01 7.82887
      vertex 66.9274 -0.01 8.53894
    endloop
  endfacet
  facet normal 0 -1 0
    outer loop
      vertex 67.0984 -0.01 9.30897
      vertex 68.2972 -0.01 9.47473
      vertex 68.2743 -0.01 9.61609
    endloop
  endfacet
  facet normal -0 -1 0
    outer loop
      vertex 66.7017 -0.01 10.952
      vertex 66.5341 -0.01 10.9716
      vertex 66.3936 -0.01 10.0256
    endloop
  endfacet
  facet normal 0 -1 0
    outer loop
      vertex 66.5434 -0.01 9.98832
      vertex 66.8614 -0.01 10.9246
      vertex 66.7017 -0.01 10.952
    endloop
  endfacet
  facet normal 0 -1 -0
    outer loop
      vertex 67.9438 -0.01 10.3279
      vertex 66.9662 -0.01 9.68971
      vertex 68.0218 -0.01 10.2255
    endloop
  endfacet
  facet normal -0 -1 0
    outer loop
      vertex 67.8566 -0.01 10.4238
      vertex 67.7602 -0.01 10.5132
      vertex 66.9662 -0.01 9.68971
    endloop
  endfacet
  facet normal 0 -1 0
    outer loop
      vertex 66.6755 -0.01 9.93606
      vertex 67.1574 -0.01 10.8462
      vertex 67.0133 -0.01 10.8893
    endloop
  endfacet
  facet normal -0 -1 0
    outer loop
      vertex 67.6553 -0.01 10.5955
      vertex 67.5426 -0.01 10.6699
      vertex 66.887 -0.01 9.78676
    endloop
  endfacet
  facet normal 0 -1 -0
    outer loop
      vertex 67.1574 -0.01 10.8462
      vertex 66.79 -0.01 9.86888
      vertex 67.2936 -0.01 10.7953
    endloop
  endfacet
  facet normal 0 -1 0
    outer loop
      vertex 67.422 -0.01 10.7365
      vertex 66.79 -0.01 9.86888
      vertex 66.887 -0.01 9.78676
    endloop
  endfacet
  facet normal 0 -1 0
    outer loop
      vertex 85.5211 -0.01 6.91848
      vertex 87.6368 -0.01 6.91848
      vertex 85.5211 -0.01 7.9113
    endloop
  endfacet
  facet normal 0 -1 -0
    outer loop
      vertex 67.2936 -0.01 10.7953
      vertex 66.79 -0.01 9.86888
      vertex 67.422 -0.01 10.7365
    endloop
  endfacet
  facet normal 0 -1 -0
    outer loop
      vertex 67.422 -0.01 10.7365
      vertex 66.887 -0.01 9.78676
      vertex 67.5426 -0.01 10.6699
    endloop
  endfacet
  facet normal 0 -1 0
    outer loop
      vertex 66.6755 -0.01 9.93606
      vertex 66.79 -0.01 9.86888
      vertex 67.1574 -0.01 10.8462
    endloop
  endfacet
  facet normal -0 -1 -0
    outer loop
      vertex 87.6368 -0.01 7.9113
      vertex 85.5211 -0.01 7.9113
      vertex 87.6368 -0.01 6.91848
    endloop
  endfacet
  facet normal 0 -1 0
    outer loop
      vertex 66.6755 -0.01 9.93606
      vertex 67.0133 -0.01 10.8893
      vertex 66.8614 -0.01 10.9246
    endloop
  endfacet
  facet normal 0 -1 0
    outer loop
      vertex 66.6755 -0.01 9.93606
      vertex 66.8614 -0.01 10.9246
      vertex 66.5434 -0.01 9.98832
    endloop
  endfacet
  facet normal 0 -1 0
    outer loop
      vertex 68.0218 -0.01 10.2255
      vertex 66.9662 -0.01 9.68971
      vertex 67.0279 -0.01 9.57773
    endloop
  endfacet
  facet normal 0 -1 0
    outer loop
      vertex 66.7017 -0.01 10.952
      vertex 66.3936 -0.01 10.0256
      vertex 66.5434 -0.01 9.98832
    endloop
  endfacet
  facet normal 0 -1 0
    outer loop
      vertex 68.1504 -0.01 10.0012
      vertex 67.0279 -0.01 9.57773
      vertex 67.072 -0.01 9.45082
    endloop
  endfacet
  facet normal 0 -1 0
    outer loop
      vertex 67.072 -0.01 9.45082
      vertex 68.2422 -0.01 9.75094
      vertex 68.2009 -0.01 9.87932
    endloop
  endfacet
  facet normal 0 -1 0
    outer loop
      vertex 68.2743 -0.01 9.61609
      vertex 67.072 -0.01 9.45082
      vertex 67.0984 -0.01 9.30897
    endloop
  endfacet
  facet normal -0 -1 0
    outer loop
      vertex 66.5341 -0.01 10.9716
      vertex 66.3587 -0.01 10.9833
      vertex 66.3936 -0.01 10.0256
    endloop
  endfacet
  facet normal 0 -1 0
    outer loop
      vertex 67.5048 -0.01 7.60357
      vertex 67.5813 -0.01 7.65501
      vertex 66.8387 -0.01 8.44223
    endloop
  endfacet
  facet normal 0 -1 0
    outer loop
      vertex 66.7879 -0.01 8.3995
      vertex 67.3411 -0.01 7.51051
      vertex 67.4248 -0.01 7.55542
    endloop
  endfacet
  facet normal -0 -1 0
    outer loop
      vertex 67.2542 -0.01 7.46919
      vertex 66.7335 -0.01 8.36085
      vertex 67.1644 -0.01 7.43182
    endloop
  endfacet
  facet normal 0 -1 -0
    outer loop
      vertex 66.3587 -0.01 10.9833
      vertex 66.2262 -0.01 10.048
      vertex 66.3936 -0.01 10.0256
    endloop
  endfacet
  facet normal 0 -1 0
    outer loop
      vertex 66.976 -0.01 7.36888
      vertex 67.0717 -0.01 7.39837
      vertex 66.6752 -0.01 8.32626
    endloop
  endfacet
  facet normal 0 -1 -0
    outer loop
      vertex 66.6132 -0.01 8.29574
      vertex 66.5474 -0.01 8.26928
      vertex 66.8774 -0.01 7.3433
    endloop
  endfacet
  facet normal -0 -1 0
    outer loop
      vertex 66.3587 -0.01 10.9833
      vertex 66.1755 -0.01 10.9872
      vertex 66.2262 -0.01 10.048
    endloop
  endfacet
  facet normal 0 -1 0
    outer loop
      vertex 66.6714 -0.01 7.30395
      vertex 66.7758 -0.01 7.32167
      vertex 66.4779 -0.01 8.24691
    endloop
  endfacet
  facet normal 0 -1 0
    outer loop
      vertex 66.4046 -0.01 8.2286
      vertex 66.4537 -0.01 7.28035
      vertex 66.564 -0.01 7.29019
    endloop
  endfacet
  facet normal 0 -1 0
    outer loop
      vertex 66.2262 -0.01 10.048
      vertex 66.1755 -0.01 10.9872
      vertex 66.0412 -0.01 10.0555
    endloop
  endfacet
  facet normal 0 -1 -0
    outer loop
      vertex 66.0737 -0.01 8.19604
      vertex 64.8002 -0.01 7.27249
      vertex 66.2242 -0.01 7.27249
    endloop
  endfacet
  facet normal 0 -1 0
    outer loop
      vertex 64.8002 -0.01 8.19604
      vertex 64.8002 -0.01 7.27249
      vertex 66.0737 -0.01 8.19604
    endloop
  endfacet
  facet normal 0 -1 0
    outer loop
      vertex 63.5999 -0.01 5.25438
      vertex 64.8002 -0.01 5.25438
      vertex 64.8002 -0.01 7.27249
    endloop
  endfacet
  facet normal 0 -1 0
    outer loop
      vertex 66.3404 -0.01 7.27446
      vertex 66.3275 -0.01 8.21435
      vertex 66.2467 -0.01 8.20419
    endloop
  endfacet
  facet normal -0 -1 -0
    outer loop
      vertex 64.8002 -0.01 10.0555
      vertex 63.5999 -0.01 10.9872
      vertex 64.8002 -0.01 8.19604
    endloop
  endfacet
  facet normal 0 -1 0
    outer loop
      vertex 63.5999 -0.01 10.9872
      vertex 63.5999 -0.01 5.25438
      vertex 64.8002 -0.01 8.19604
    endloop
  endfacet
  facet normal -0 -1 0
    outer loop
      vertex 66.1755 -0.01 10.9872
      vertex 63.5999 -0.01 10.9872
      vertex 64.8002 -0.01 10.0555
    endloop
  endfacet
  facet normal 0 -1 0
    outer loop
      vertex 66.1755 -0.01 10.9872
      vertex 64.8002 -0.01 10.0555
      vertex 66.0412 -0.01 10.0555
    endloop
  endfacet
  facet normal 0 -1 0
    outer loop
      vertex 66.887 -0.01 9.78676
      vertex 66.9662 -0.01 9.68971
      vertex 67.7602 -0.01 10.5132
    endloop
  endfacet
  facet normal 0 -1 -0
    outer loop
      vertex 67.6553 -0.01 10.5955
      vertex 66.887 -0.01 9.78676
      vertex 67.7602 -0.01 10.5132
    endloop
  endfacet
  facet normal 0 -1 -0
    outer loop
      vertex 67.8566 -0.01 10.4238
      vertex 66.9662 -0.01 9.68971
      vertex 67.9438 -0.01 10.3279
    endloop
  endfacet
  facet normal 0 -1 -0
    outer loop
      vertex 68.0218 -0.01 10.2255
      vertex 67.0279 -0.01 9.57773
      vertex 68.0907 -0.01 10.1166
    endloop
  endfacet
  facet normal 0 -1 -0
    outer loop
      vertex 68.1504 -0.01 10.0012
      vertex 67.072 -0.01 9.45082
      vertex 68.2009 -0.01 9.87932
    endloop
  endfacet
  facet normal -0 -1 0
    outer loop
      vertex 68.2743 -0.01 9.61609
      vertex 68.2422 -0.01 9.75094
      vertex 67.072 -0.01 9.45082
    endloop
  endfacet
  facet normal 0 -1 0
    outer loop
      vertex 67.1072 -0.01 9.1522
      vertex 68.3135 -0.01 9.07292
      vertex 68.3156 -0.01 9.17254
    endloop
  endfacet
  facet normal 0 -1 -0
    outer loop
      vertex 68.311 -0.01 9.32689
      vertex 67.1072 -0.01 9.1522
      vertex 68.3156 -0.01 9.17254
    endloop
  endfacet
  facet normal 0 -1 -0
    outer loop
      vertex 67.105 -0.01 9.06968
      vertex 67.0983 -0.01 8.99075
      vertex 68.2968 -0.01 8.87951
    endloop
  endfacet
  facet normal 0 -1 0
    outer loop
      vertex 68.2134 -0.01 8.5161
      vertex 68.2405 -0.01 8.60402
      vertex 67.0717 -0.01 8.84367
    endloop
  endfacet
  facet normal 0 -1 0
    outer loop
      vertex 67.0717 -0.01 8.84367
      vertex 68.2405 -0.01 8.60402
      vertex 67.0872 -0.01 8.91542
    endloop
  endfacet
  facet normal 0 -1 0
    outer loop
      vertex 67.0517 -0.01 8.77554
      vertex 68.1071 -0.01 8.264
      vertex 68.1467 -0.01 8.34608
    endloop
  endfacet
  facet normal 0 -1 0
    outer loop
      vertex 67.0273 -0.01 8.711
      vertex 68.0156 -0.01 8.10634
      vertex 68.0633 -0.01 8.18387
    endloop
  endfacet
  facet normal 0 -1 0
    outer loop
      vertex 66.9985 -0.01 8.65004
      vertex 67.9644 -0.01 8.03209
      vertex 68.0156 -0.01 8.10634
    endloop
  endfacet
  facet normal 0 -1 0
    outer loop
      vertex 66.9652 -0.01 8.59269
      vertex 67.8511 -0.01 7.89335
      vertex 67.9095 -0.01 7.96109
    endloop
  endfacet
  facet normal 0 -1 0
    outer loop
      vertex 66.9274 -0.01 8.53894
      vertex 67.789 -0.01 7.82887
      vertex 66.9652 -0.01 8.59269
    endloop
  endfacet
  facet normal 0 -1 0
    outer loop
      vertex 67.6541 -0.01 7.7097
      vertex 67.7234 -0.01 7.76765
      vertex 66.9274 -0.01 8.53894
    endloop
  endfacet
  facet normal 0 -1 0
    outer loop
      vertex 67.6541 -0.01 7.7097
      vertex 66.9274 -0.01 8.53894
      vertex 66.8853 -0.01 8.48878
    endloop
  endfacet
  facet normal 0 -1 0
    outer loop
      vertex 67.5813 -0.01 7.65501
      vertex 66.8853 -0.01 8.48878
      vertex 66.8387 -0.01 8.44223
    endloop
  endfacet
  facet normal -0 -1 0
    outer loop
      vertex 67.5048 -0.01 7.60357
      vertex 66.8387 -0.01 8.44223
      vertex 67.4248 -0.01 7.55542
    endloop
  endfacet
  facet normal 0 -1 -0
    outer loop
      vertex 66.8387 -0.01 8.44223
      vertex 66.7879 -0.01 8.3995
      vertex 67.4248 -0.01 7.55542
    endloop
  endfacet
  facet normal 0 -1 0
    outer loop
      vertex 66.7879 -0.01 8.3995
      vertex 67.2542 -0.01 7.46919
      vertex 67.3411 -0.01 7.51051
    endloop
  endfacet
  facet normal 0 -1 0
    outer loop
      vertex 66.7335 -0.01 8.36085
      vertex 67.2542 -0.01 7.46919
      vertex 66.7879 -0.01 8.3995
    endloop
  endfacet
  facet normal 0 -1 0
    outer loop
      vertex 66.6752 -0.01 8.32626
      vertex 67.1644 -0.01 7.43182
      vertex 66.7335 -0.01 8.36085
    endloop
  endfacet
  facet normal 0 -1 0
    outer loop
      vertex 67.0717 -0.01 7.39837
      vertex 67.1644 -0.01 7.43182
      vertex 66.6752 -0.01 8.32626
    endloop
  endfacet
  facet normal 0 -1 0
    outer loop
      vertex 66.976 -0.01 7.36888
      vertex 66.6752 -0.01 8.32626
      vertex 66.6132 -0.01 8.29574
    endloop
  endfacet
  facet normal -0 -1 0
    outer loop
      vertex 66.976 -0.01 7.36888
      vertex 66.6132 -0.01 8.29574
      vertex 66.8774 -0.01 7.3433
    endloop
  endfacet
  facet normal -0 -1 0
    outer loop
      vertex 66.8774 -0.01 7.3433
      vertex 66.5474 -0.01 8.26928
      vertex 66.7758 -0.01 7.32167
    endloop
  endfacet
  facet normal 0 -1 -0
    outer loop
      vertex 66.5474 -0.01 8.26928
      vertex 66.4779 -0.01 8.24691
      vertex 66.7758 -0.01 7.32167
    endloop
  endfacet
  facet normal 0 -1 -0
    outer loop
      vertex 66.4779 -0.01 8.24691
      vertex 66.4046 -0.01 8.2286
      vertex 66.6714 -0.01 7.30395
    endloop
  endfacet
  facet normal 0 -1 0
    outer loop
      vertex 66.4046 -0.01 8.2286
      vertex 66.564 -0.01 7.29019
      vertex 66.6714 -0.01 7.30395
    endloop
  endfacet
  facet normal 0 -1 0
    outer loop
      vertex 66.3275 -0.01 8.21435
      vertex 66.4537 -0.01 7.28035
      vertex 66.4046 -0.01 8.2286
    endloop
  endfacet
  facet normal 0 -1 0
    outer loop
      vertex 66.3404 -0.01 7.27446
      vertex 66.4537 -0.01 7.28035
      vertex 66.3275 -0.01 8.21435
    endloop
  endfacet
  facet normal 0 -1 0
    outer loop
      vertex 66.2242 -0.01 7.27249
      vertex 66.3404 -0.01 7.27446
      vertex 66.2467 -0.01 8.20419
    endloop
  endfacet
  facet normal 0 -1 0
    outer loop
      vertex 66.2242 -0.01 7.27249
      vertex 66.1621 -0.01 8.19809
      vertex 66.0737 -0.01 8.19604
    endloop
  endfacet
  facet normal 0 -1 0
    outer loop
      vertex 66.2242 -0.01 7.27249
      vertex 66.2467 -0.01 8.20419
      vertex 66.1621 -0.01 8.19809
    endloop
  endfacet
  facet normal 0 -1 0
    outer loop
      vertex 69.0279 -0.01 5.25438
      vertex 73.3042 -0.01 5.25438
      vertex 70.2282 -0.01 6.18205
    endloop
  endfacet
  facet normal 0 -1 0
    outer loop
      vertex 69.0279 -0.01 10.9872
      vertex 70.2282 -0.01 6.18205
      vertex 70.2282 -0.01 10.9872
    endloop
  endfacet
  facet normal 0 -1 0
    outer loop
      vertex 69.0279 -0.01 10.9872
      vertex 69.0279 -0.01 5.25438
      vertex 70.2282 -0.01 6.18205
    endloop
  endfacet
  facet normal 0.0628385 0 -0.998024
    outer loop
      vertex 76.9991 0.61 5.1864
      vertex 76.8398 -0.01 5.17637
      vertex 76.8398 0.61 5.17637
    endloop
  endfacet
  facet normal 0.0628385 0 -0.998024
    outer loop
      vertex 76.9991 0.61 5.1864
      vertex 76.9991 -0.01 5.1864
      vertex 76.8398 -0.01 5.17637
    endloop
  endfacet
  facet normal 0.107376 0 -0.994219
    outer loop
      vertex 77.1541 0.61 5.20314
      vertex 76.9991 -0.01 5.1864
      vertex 76.9991 0.61 5.1864
    endloop
  endfacet
  facet normal 0.107376 0 -0.994219
    outer loop
      vertex 77.1541 0.61 5.20314
      vertex 77.1541 -0.01 5.20314
      vertex 76.9991 -0.01 5.1864
    endloop
  endfacet
  facet normal 0.153465 0 -0.988154
    outer loop
      vertex 77.3049 0.61 5.22656
      vertex 77.1541 -0.01 5.20314
      vertex 77.1541 0.61 5.20314
    endloop
  endfacet
  facet normal 0.153465 0 -0.988154
    outer loop
      vertex 77.3049 0.61 5.22656
      vertex 77.3049 -0.01 5.22656
      vertex 77.1541 -0.01 5.20314
    endloop
  endfacet
  facet normal 0.201321 0 -0.979525
    outer loop
      vertex 77.4514 0.61 5.25667
      vertex 77.3049 -0.01 5.22656
      vertex 77.3049 0.61 5.22656
    endloop
  endfacet
  facet normal 0.201321 0 -0.979525
    outer loop
      vertex 77.4514 0.61 5.25667
      vertex 77.4514 -0.01 5.25667
      vertex 77.3049 -0.01 5.22656
    endloop
  endfacet
  facet normal 0.250537 0 -0.968107
    outer loop
      vertex 77.5936 0.61 5.29347
      vertex 77.4514 -0.01 5.25667
      vertex 77.4514 0.61 5.25667
    endloop
  endfacet
  facet normal 0.250537 0 -0.968107
    outer loop
      vertex 77.5936 0.61 5.29347
      vertex 77.5936 -0.01 5.29347
      vertex 77.4514 -0.01 5.25667
    endloop
  endfacet
  facet normal 0.300572 0 -0.953759
    outer loop
      vertex 77.7316 0.61 5.33696
      vertex 77.5936 -0.01 5.29347
      vertex 77.5936 0.61 5.29347
    endloop
  endfacet
  facet normal 0.300572 0 -0.953759
    outer loop
      vertex 77.7316 0.61 5.33696
      vertex 77.7316 -0.01 5.33696
      vertex 77.5936 -0.01 5.29347
    endloop
  endfacet
  facet normal 0.351615 0 -0.936145
    outer loop
      vertex 77.8652 0.61 5.38714
      vertex 77.7316 -0.01 5.33696
      vertex 77.7316 0.61 5.33696
    endloop
  endfacet
  facet normal 0.351615 0 -0.936145
    outer loop
      vertex 77.8652 0.61 5.38714
      vertex 77.8652 -0.01 5.38714
      vertex 77.7316 -0.01 5.33696
    endloop
  endfacet
  facet normal 0.402347 0 -0.915487
    outer loop
      vertex 77.9946 0.61 5.44401
      vertex 77.8652 -0.01 5.38714
      vertex 77.8652 0.61 5.38714
    endloop
  endfacet
  facet normal 0.402347 0 -0.915487
    outer loop
      vertex 77.9946 0.61 5.44401
      vertex 77.9946 -0.01 5.44401
      vertex 77.8652 -0.01 5.38714
    endloop
  endfacet
  facet normal 0.452732 0 -0.891647
    outer loop
      vertex 78.1198 0.61 5.50758
      vertex 77.9946 -0.01 5.44401
      vertex 77.9946 0.61 5.44401
    endloop
  endfacet
  facet normal 0.452732 0 -0.891647
    outer loop
      vertex 78.1198 0.61 5.50758
      vertex 78.1198 -0.01 5.50758
      vertex 77.9946 -0.01 5.44401
    endloop
  endfacet
  facet normal 0.502821 0 -0.864391
    outer loop
      vertex 78.2406 0.61 5.57785
      vertex 78.1198 -0.01 5.50758
      vertex 78.1198 0.61 5.50758
    endloop
  endfacet
  facet normal 0.502821 0 -0.864391
    outer loop
      vertex 78.2406 0.61 5.57785
      vertex 78.2406 -0.01 5.57785
      vertex 78.1198 -0.01 5.50758
    endloop
  endfacet
  facet normal 0.552978 0 -0.833196
    outer loop
      vertex 78.3568 0.61 5.65497
      vertex 78.2406 -0.01 5.57785
      vertex 78.2406 0.61 5.57785
    endloop
  endfacet
  facet normal 0.552978 0 -0.833196
    outer loop
      vertex 78.3568 0.61 5.65497
      vertex 78.3568 -0.01 5.65497
      vertex 78.2406 -0.01 5.57785
    endloop
  endfacet
  facet normal 0.604382 0 -0.796695
    outer loop
      vertex 78.4677 0.61 5.7391
      vertex 78.3568 -0.01 5.65497
      vertex 78.3568 0.61 5.65497
    endloop
  endfacet
  facet normal 0.604382 0 -0.796695
    outer loop
      vertex 78.4677 0.61 5.7391
      vertex 78.4677 -0.01 5.7391
      vertex 78.3568 -0.01 5.65497
    endloop
  endfacet
  facet normal 0.653224 0 -0.757164
    outer loop
      vertex 78.5734 0.61 5.83029
      vertex 78.4677 -0.01 5.7391
      vertex 78.4677 0.61 5.7391
    endloop
  endfacet
  facet normal 0.653224 0 -0.757164
    outer loop
      vertex 78.5734 0.61 5.83029
      vertex 78.5734 -0.01 5.83029
      vertex 78.4677 -0.01 5.7391
    endloop
  endfacet
  facet normal 0.698839 0 -0.715279
    outer loop
      vertex 78.6739 0.61 5.92848
      vertex 78.5734 -0.01 5.83029
      vertex 78.5734 0.61 5.83029
    endloop
  endfacet
  facet normal 0.698839 0 -0.715279
    outer loop
      vertex 78.6739 0.61 5.92848
      vertex 78.6739 -0.01 5.92848
      vertex 78.5734 -0.01 5.83029
    endloop
  endfacet
  facet normal 0.741245 0 -0.671234
    outer loop
      vertex 78.7692 0.61 6.03372
      vertex 78.6739 -0.01 5.92848
      vertex 78.6739 0.61 5.92848
    endloop
  endfacet
  facet normal 0.741245 0 -0.671234
    outer loop
      vertex 78.7692 0.61 6.03372
      vertex 78.7692 -0.01 6.03372
      vertex 78.6739 -0.01 5.92848
    endloop
  endfacet
  facet normal 0.780217 0 -0.625508
    outer loop
      vertex 78.8592 0.61 6.14598
      vertex 78.7692 -0.01 6.03372
      vertex 78.7692 0.61 6.03372
    endloop
  endfacet
  facet normal 0.780217 0 -0.625508
    outer loop
      vertex 78.8592 0.61 6.14598
      vertex 78.8592 -0.01 6.14598
      vertex 78.7692 -0.01 6.03372
    endloop
  endfacet
  facet normal 0.814724 0 -0.579848
    outer loop
      vertex 78.9441 0.61 6.26527
      vertex 78.8592 -0.01 6.14598
      vertex 78.8592 0.61 6.14598
    endloop
  endfacet
  facet normal 0.814724 0 -0.579848
    outer loop
      vertex 78.9441 0.61 6.26527
      vertex 78.9441 -0.01 6.26527
      vertex 78.8592 -0.01 6.14598
    endloop
  endfacet
  facet normal 0.846017 0 -0.533156
    outer loop
      vertex 79.0237 0.61 6.39158
      vertex 78.9441 -0.01 6.26527
      vertex 78.9441 0.61 6.26527
    endloop
  endfacet
  facet normal 0.846017 0 -0.533156
    outer loop
      vertex 79.0237 0.61 6.39158
      vertex 79.0237 -0.01 6.39158
      vertex 78.9441 -0.01 6.26527
    endloop
  endfacet
  facet normal 0.872997 0 -0.487726
    outer loop
      vertex 79.0982 0.61 6.52493
      vertex 79.0237 -0.01 6.39158
      vertex 79.0237 0.61 6.39158
    endloop
  endfacet
  facet normal 0.872997 0 -0.487726
    outer loop
      vertex 79.0982 0.61 6.52493
      vertex 79.0982 -0.01 6.52493
      vertex 79.0237 -0.01 6.39158
    endloop
  endfacet
  facet normal 0.896931 0 -0.442171
    outer loop
      vertex 79.1674 0.61 6.6653
      vertex 79.0982 -0.01 6.52493
      vertex 79.0982 0.61 6.52493
    endloop
  endfacet
  facet normal 0.896931 0 -0.442171
    outer loop
      vertex 79.1674 0.61 6.6653
      vertex 79.1674 -0.01 6.6653
      vertex 79.0982 -0.01 6.52493
    endloop
  endfacet
  facet normal 0.917268 0 -0.398271
    outer loop
      vertex 79.2314 0.61 6.8127
      vertex 79.1674 -0.01 6.6653
      vertex 79.1674 0.61 6.6653
    endloop
  endfacet
  facet normal 0.917268 0 -0.398271
    outer loop
      vertex 79.2314 0.61 6.8127
      vertex 79.2314 -0.01 6.8127
      vertex 79.1674 -0.01 6.6653
    endloop
  endfacet
  facet normal 0.353117 0 0.935579
    outer loop
      vertex 78.1857 0.61 7.20738
      vertex 79.2314 -0.01 6.8127
      vertex 79.2314 0.61 6.8127
    endloop
  endfacet
  facet normal 0.353117 0 0.935579
    outer loop
      vertex 78.1857 0.61 7.20738
      vertex 78.1857 -0.01 7.20738
      vertex 79.2314 -0.01 6.8127
    endloop
  endfacet
  facet normal -0.916854 0 0.399222
    outer loop
      vertex 78.1033 0.61 7.01814
      vertex 78.1857 -0.01 7.20738
      vertex 78.1857 0.61 7.20738
    endloop
  endfacet
  facet normal -0.916854 0 0.399222
    outer loop
      vertex 78.1033 0.61 7.01814
      vertex 78.1033 -0.01 7.01814
      vertex 78.1857 -0.01 7.20738
    endloop
  endfacet
  facet normal -0.877892 0 0.478859
    outer loop
      vertex 78.0099 0.61 6.84691
      vertex 78.1033 -0.01 7.01814
      vertex 78.1033 0.61 7.01814
    endloop
  endfacet
  facet normal -0.877892 0 0.478859
    outer loop
      vertex 78.0099 0.61 6.84691
      vertex 78.0099 -0.01 6.84691
      vertex 78.1033 -0.01 7.01814
    endloop
  endfacet
  facet normal -0.826615 0 0.562767
    outer loop
      vertex 77.9056 0.61 6.69371
      vertex 78.0099 -0.01 6.84691
      vertex 78.0099 0.61 6.84691
    endloop
  endfacet
  facet normal -0.826615 0 0.562767
    outer loop
      vertex 77.9056 0.61 6.69371
      vertex 77.9056 -0.01 6.69371
      vertex 78.0099 -0.01 6.84691
    endloop
  endfacet
  facet normal -0.760836 0 0.648945
    outer loop
      vertex 77.7903 0.61 6.55853
      vertex 77.9056 -0.01 6.69371
      vertex 77.9056 0.61 6.69371
    endloop
  endfacet
  facet normal -0.760836 0 0.648945
    outer loop
      vertex 77.7903 0.61 6.55853
      vertex 77.7903 -0.01 6.55853
      vertex 77.9056 -0.01 6.69371
    endloop
  endfacet
  facet normal -0.680081 0 0.733137
    outer loop
      vertex 77.664 0.61 6.44137
      vertex 77.7903 -0.01 6.55853
      vertex 77.7903 0.61 6.55853
    endloop
  endfacet
  facet normal -0.680081 0 0.733137
    outer loop
      vertex 77.664 0.61 6.44137
      vertex 77.664 -0.01 6.44137
      vertex 77.7903 -0.01 6.55853
    endloop
  endfacet
  facet normal -0.58565 0 0.810564
    outer loop
      vertex 77.5268 0.61 6.34224
      vertex 77.664 -0.01 6.44137
      vertex 77.664 0.61 6.44137
    endloop
  endfacet
  facet normal -0.58565 0 0.810564
    outer loop
      vertex 77.5268 0.61 6.34224
      vertex 77.5268 -0.01 6.34224
      vertex 77.664 -0.01 6.44137
    endloop
  endfacet
  facet normal -0.480054 0 0.877239
    outer loop
      vertex 77.3786 0.61 6.26114
      vertex 77.5268 -0.01 6.34224
      vertex 77.5268 0.61 6.34224
    endloop
  endfacet
  facet normal -0.480054 0 0.877239
    outer loop
      vertex 77.3786 0.61 6.26114
      vertex 77.3786 -0.01 6.26114
      vertex 77.5268 -0.01 6.34224
    endloop
  endfacet
  facet normal -0.368368 0 0.92968
    outer loop
      vertex 77.2194 0.61 6.19806
      vertex 77.3786 -0.01 6.26114
      vertex 77.3786 0.61 6.26114
    endloop
  endfacet
  facet normal -0.368368 0 0.92968
    outer loop
      vertex 77.2194 0.61 6.19806
      vertex 77.2194 -0.01 6.19806
      vertex 77.3786 -0.01 6.26114
    endloop
  endfacet
  facet normal -0.256071 0 0.966658
    outer loop
      vertex 77.0493 0.61 6.153
      vertex 77.2194 -0.01 6.19806
      vertex 77.2194 0.61 6.19806
    endloop
  endfacet
  facet normal -0.256071 0 0.966658
    outer loop
      vertex 77.0493 0.61 6.153
      vertex 77.0493 -0.01 6.153
      vertex 77.2194 -0.01 6.19806
    endloop
  endfacet
  facet normal -0.147753 0 0.989024
    outer loop
      vertex 76.8683 0.61 6.12596
      vertex 77.0493 -0.01 6.153
      vertex 77.0493 0.61 6.153
    endloop
  endfacet
  facet normal -0.147753 0 0.989024
    outer loop
      vertex 76.8683 0.61 6.12596
      vertex 76.8683 -0.01 6.12596
      vertex 77.0493 -0.01 6.153
    endloop
  endfacet
  facet normal -0.046903 0 0.998899
    outer loop
      vertex 76.6762 0.61 6.11694
      vertex 76.8683 -0.01 6.12596
      vertex 76.8683 0.61 6.12596
    endloop
  endfacet
  facet normal -0.046903 0 0.998899
    outer loop
      vertex 76.6762 0.61 6.11694
      vertex 76.6762 -0.01 6.11694
      vertex 76.8683 -0.01 6.12596
    endloop
  endfacet
  facet normal 0.0295404 0 0.999564
    outer loop
      vertex 76.5307 0.61 6.12124
      vertex 76.6762 -0.01 6.11694
      vertex 76.6762 0.61 6.11694
    endloop
  endfacet
  facet normal 0.0295404 0 0.999564
    outer loop
      vertex 76.5307 0.61 6.12124
      vertex 76.5307 -0.01 6.12124
      vertex 76.6762 -0.01 6.11694
    endloop
  endfacet
  facet normal 0.0923479 0 0.995727
    outer loop
      vertex 76.3915 0.61 6.13415
      vertex 76.5307 -0.01 6.12124
      vertex 76.5307 0.61 6.12124
    endloop
  endfacet
  facet normal 0.0923479 0 0.995727
    outer loop
      vertex 76.3915 0.61 6.13415
      vertex 76.3915 -0.01 6.13415
      vertex 76.5307 -0.01 6.12124
    endloop
  endfacet
  facet normal 0.160034 0 0.987112
    outer loop
      vertex 76.2587 0.61 6.15568
      vertex 76.3915 -0.01 6.13415
      vertex 76.3915 0.61 6.13415
    endloop
  endfacet
  facet normal 0.160034 0 0.987112
    outer loop
      vertex 76.2587 0.61 6.15568
      vertex 76.2587 -0.01 6.15568
      vertex 76.3915 -0.01 6.13415
    endloop
  endfacet
  facet normal 0.231801 0 0.972763
    outer loop
      vertex 76.1323 0.61 6.1858
      vertex 76.2587 -0.01 6.15568
      vertex 76.2587 0.61 6.15568
    endloop
  endfacet
  facet normal 0.231801 0 0.972763
    outer loop
      vertex 76.1323 0.61 6.1858
      vertex 76.1323 -0.01 6.1858
      vertex 76.2587 -0.01 6.15568
    endloop
  endfacet
  facet normal 0.307061 0 0.95169
    outer loop
      vertex 76.0122 0.61 6.22455
      vertex 76.1323 -0.01 6.1858
      vertex 76.1323 0.61 6.1858
    endloop
  endfacet
  facet normal 0.307061 0 0.95169
    outer loop
      vertex 76.0122 0.61 6.22455
      vertex 76.0122 -0.01 6.22455
      vertex 76.1323 -0.01 6.1858
    endloop
  endfacet
  facet normal 0.384373 0 0.923178
    outer loop
      vertex 75.8985 0.61 6.27189
      vertex 76.0122 -0.01 6.22455
      vertex 76.0122 0.61 6.22455
    endloop
  endfacet
  facet normal 0.384373 0 0.923178
    outer loop
      vertex 75.8985 0.61 6.27189
      vertex 75.8985 -0.01 6.27189
      vertex 76.0122 -0.01 6.22455
    endloop
  endfacet
  facet normal 0.462081 0 0.886838
    outer loop
      vertex 75.7911 0.61 6.32785
      vertex 75.8985 -0.01 6.27189
      vertex 75.8985 0.61 6.27189
    endloop
  endfacet
  facet normal 0.462081 0 0.886838
    outer loop
      vertex 75.7911 0.61 6.32785
      vertex 75.7911 -0.01 6.32785
      vertex 75.8985 -0.01 6.27189
    endloop
  endfacet
  facet normal 0.538202 0 0.842816
    outer loop
      vertex 75.69 0.61 6.39241
      vertex 75.7911 -0.01 6.32785
      vertex 75.7911 0.61 6.32785
    endloop
  endfacet
  facet normal 0.538202 0 0.842816
    outer loop
      vertex 75.69 0.61 6.39241
      vertex 75.69 -0.01 6.39241
      vertex 75.7911 -0.01 6.32785
    endloop
  endfacet
  facet normal 0.611762 0 0.791042
    outer loop
      vertex 75.5954 0.61 6.46557
      vertex 75.69 -0.01 6.39241
      vertex 75.69 0.61 6.39241
    endloop
  endfacet
  facet normal 0.611762 0 0.791042
    outer loop
      vertex 75.5954 0.61 6.46557
      vertex 75.5954 -0.01 6.46557
      vertex 75.69 -0.01 6.39241
    endloop
  endfacet
  facet normal 0.679131 0 0.734017
    outer loop
      vertex 75.507 0.61 6.54736
      vertex 75.5954 -0.01 6.46557
      vertex 75.5954 0.61 6.46557
    endloop
  endfacet
  facet normal 0.679131 0 0.734017
    outer loop
      vertex 75.507 0.61 6.54736
      vertex 75.507 -0.01 6.54736
      vertex 75.5954 -0.01 6.46557
    endloop
  endfacet
  facet normal 0.741015 0 0.671488
    outer loop
      vertex 75.4251 0.61 6.63774
      vertex 75.507 -0.01 6.54736
      vertex 75.507 0.61 6.54736
    endloop
  endfacet
  facet normal 0.741015 0 0.671488
    outer loop
      vertex 75.4251 0.61 6.63774
      vertex 75.4251 -0.01 6.63774
      vertex 75.507 -0.01 6.54736
    endloop
  endfacet
  facet normal 0.794987 0 0.606626
    outer loop
      vertex 75.3499 0.61 6.73629
      vertex 75.4251 -0.01 6.63774
      vertex 75.4251 0.61 6.63774
    endloop
  endfacet
  facet normal 0.794987 0 0.606626
    outer loop
      vertex 75.3499 0.61 6.73629
      vertex 75.3499 -0.01 6.73629
      vertex 75.4251 -0.01 6.63774
    endloop
  endfacet
  facet normal 0.842027 0 0.539436
    outer loop
      vertex 75.2818 0.61 6.84259
      vertex 75.3499 -0.01 6.73629
      vertex 75.3499 0.61 6.73629
    endloop
  endfacet
  facet normal 0.842027 0 0.539436
    outer loop
      vertex 75.2818 0.61 6.84259
      vertex 75.2818 -0.01 6.84259
      vertex 75.3499 -0.01 6.73629
    endloop
  endfacet
  facet normal 0.882404 0 0.470492
    outer loop
      vertex 75.221 0.61 6.95662
      vertex 75.2818 -0.01 6.84259
      vertex 75.2818 0.61 6.84259
    endloop
  endfacet
  facet normal 0.882404 0 0.470492
    outer loop
      vertex 75.221 0.61 6.95662
      vertex 75.221 -0.01 6.95662
      vertex 75.2818 -0.01 6.84259
    endloop
  endfacet
  facet normal 0.914967 0 0.403529
    outer loop
      vertex 75.1673 0.61 7.07838
      vertex 75.221 -0.01 6.95662
      vertex 75.221 0.61 6.95662
    endloop
  endfacet
  facet normal 0.914967 0 0.403529
    outer loop
      vertex 75.1673 0.61 7.07838
      vertex 75.1673 -0.01 7.07838
      vertex 75.221 -0.01 6.95662
    endloop
  endfacet
  facet normal 0.940934 0 0.338591
    outer loop
      vertex 75.1207 0.61 7.20788
      vertex 75.1673 -0.01 7.07838
      vertex 75.1673 0.61 7.07838
    endloop
  endfacet
  facet normal 0.940934 0 0.338591
    outer loop
      vertex 75.1207 0.61 7.20788
      vertex 75.1207 -0.01 7.20788
      vertex 75.1673 -0.01 7.07838
    endloop
  endfacet
  facet normal 0.961169 0 0.27596
    outer loop
      vertex 75.0813 0.61 7.34511
      vertex 75.1207 -0.01 7.20788
      vertex 75.1207 0.61 7.20788
    endloop
  endfacet
  facet normal 0.961169 0 0.27596
    outer loop
      vertex 75.0813 0.61 7.34511
      vertex 75.0813 -0.01 7.34511
      vertex 75.1207 -0.01 7.20788
    endloop
  endfacet
  facet normal 0.976209 0 0.216831
    outer loop
      vertex 75.0491 0.61 7.49008
      vertex 75.0813 -0.01 7.34511
      vertex 75.0813 0.61 7.34511
    endloop
  endfacet
  facet normal 0.976209 0 0.216831
    outer loop
      vertex 75.0491 0.61 7.49008
      vertex 75.0491 -0.01 7.49008
      vertex 75.0813 -0.01 7.34511
    endloop
  endfacet
  facet normal 0.986757 0 0.162208
    outer loop
      vertex 75.024 0.61 7.64277
      vertex 75.0491 -0.01 7.49008
      vertex 75.0491 0.61 7.49008
    endloop
  endfacet
  facet normal 0.986757 0 0.162208
    outer loop
      vertex 75.024 0.61 7.64277
      vertex 75.024 -0.01 7.64277
      vertex 75.0491 -0.01 7.49008
    endloop
  endfacet
  facet normal 0.993833 0 0.110887
    outer loop
      vertex 75.0061 0.61 7.8032
      vertex 75.024 -0.01 7.64277
      vertex 75.024 0.61 7.64277
    endloop
  endfacet
  facet normal 0.993833 0 0.110887
    outer loop
      vertex 75.0061 0.61 7.8032
      vertex 75.0061 -0.01 7.8032
      vertex 75.024 -0.01 7.64277
    endloop
  endfacet
  facet normal 0.997944 0 0.0640887
    outer loop
      vertex 74.9953 0.61 7.97137
      vertex 75.0061 -0.01 7.8032
      vertex 75.0061 0.61 7.8032
    endloop
  endfacet
  facet normal 0.997944 0 0.0640887
    outer loop
      vertex 74.9953 0.61 7.97137
      vertex 74.9953 -0.01 7.97137
      vertex 75.0061 -0.01 7.8032
    endloop
  endfacet
  facet normal 0.999802 0 0.0198937
    outer loop
      vertex 74.9918 0.61 8.14727
      vertex 74.9953 -0.01 7.97137
      vertex 74.9953 0.61 7.97137
    endloop
  endfacet
  facet normal 0.999802 0 0.0198937
    outer loop
      vertex 74.9918 0.61 8.14727
      vertex 74.9918 -0.01 8.14727
      vertex 74.9953 -0.01 7.97137
    endloop
  endfacet
  facet normal 0.999795 0 -0.0202353
    outer loop
      vertex 74.9953 0.61 8.3202
      vertex 74.9918 -0.01 8.14727
      vertex 74.9918 0.61 8.14727
    endloop
  endfacet
  facet normal 0.999795 0 -0.0202353
    outer loop
      vertex 74.9953 0.61 8.3202
      vertex 74.9953 -0.01 8.3202
      vertex 74.9918 -0.01 8.14727
    endloop
  endfacet
  facet normal 0.998025 0 -0.0628258
    outer loop
      vertex 75.0057 0.61 8.48541
      vertex 74.9953 -0.01 8.3202
      vertex 74.9953 0.61 8.3202
    endloop
  endfacet
  facet normal 0.998025 0 -0.0628258
    outer loop
      vertex 75.0057 0.61 8.48541
      vertex 75.0057 -0.01 8.48541
      vertex 74.9953 -0.01 8.3202
    endloop
  endfacet
  facet normal 0.993951 0 -0.109829
    outer loop
      vertex 75.0231 0.61 8.64288
      vertex 75.0057 -0.01 8.48541
      vertex 75.0057 0.61 8.48541
    endloop
  endfacet
  facet normal 0.993951 0 -0.109829
    outer loop
      vertex 75.0231 0.61 8.64288
      vertex 75.0231 -0.01 8.64288
      vertex 75.0057 -0.01 8.48541
    endloop
  endfacet
  facet normal 0.986979 0 -0.160849
    outer loop
      vertex 75.0475 0.61 8.7926
      vertex 75.0231 -0.01 8.64288
      vertex 75.0231 0.61 8.64288
    endloop
  endfacet
  facet normal 0.986979 0 -0.160849
    outer loop
      vertex 75.0475 0.61 8.7926
      vertex 75.0475 -0.01 8.7926
      vertex 75.0231 -0.01 8.64288
    endloop
  endfacet
  facet normal 0.976558 0 -0.215255
    outer loop
      vertex 75.0788 0.61 8.9346
      vertex 75.0475 -0.01 8.7926
      vertex 75.0475 0.61 8.7926
    endloop
  endfacet
  facet normal 0.976558 0 -0.215255
    outer loop
      vertex 75.0788 0.61 8.9346
      vertex 75.0788 -0.01 8.9346
      vertex 75.0475 -0.01 8.7926
    endloop
  endfacet
  facet normal 0.961637 0 -0.274324
    outer loop
      vertex 75.1171 0.61 9.06886
      vertex 75.0788 -0.01 8.9346
      vertex 75.0788 0.61 8.9346
    endloop
  endfacet
  facet normal 0.961637 0 -0.274324
    outer loop
      vertex 75.1171 0.61 9.06886
      vertex 75.1171 -0.01 9.06886
      vertex 75.0788 -0.01 8.9346
    endloop
  endfacet
  facet normal 0.941725 0 -0.336384
    outer loop
      vertex 75.1623 0.61 9.1954
      vertex 75.1171 -0.01 9.06886
      vertex 75.1171 0.61 9.06886
    endloop
  endfacet
  facet normal 0.941725 0 -0.336384
    outer loop
      vertex 75.1623 0.61 9.1954
      vertex 75.1623 -0.01 9.1954
      vertex 75.1171 -0.01 9.06886
    endloop
  endfacet
  facet normal 0.915507 0 -0.402302
    outer loop
      vertex 75.2145 0.61 9.31419
      vertex 75.1623 -0.01 9.1954
      vertex 75.1623 0.61 9.1954
    endloop
  endfacet
  facet normal 0.915507 0 -0.402302
    outer loop
      vertex 75.2145 0.61 9.31419
      vertex 75.2145 -0.01 9.31419
      vertex 75.1623 -0.01 9.1954
    endloop
  endfacet
  facet normal 0.882441 0 -0.470423
    outer loop
      vertex 75.2737 0.61 9.42524
      vertex 75.2145 -0.01 9.31419
      vertex 75.2145 0.61 9.31419
    endloop
  endfacet
  facet normal 0.882441 0 -0.470423
    outer loop
      vertex 75.2737 0.61 9.42524
      vertex 75.2737 -0.01 9.42524
      vertex 75.2145 -0.01 9.31419
    endloop
  endfacet
  facet normal 0.842411 0 -0.538836
    outer loop
      vertex 75.3398 0.61 9.52858
      vertex 75.2737 -0.01 9.42524
      vertex 75.2737 0.61 9.42524
    endloop
  endfacet
  facet normal 0.842411 0 -0.538836
    outer loop
      vertex 75.3398 0.61 9.52858
      vertex 75.3398 -0.01 9.52858
      vertex 75.2737 -0.01 9.42524
    endloop
  endfacet
  facet normal 0.794351 0 -0.607459
    outer loop
      vertex 75.4129 0.61 9.62417
      vertex 75.3398 -0.01 9.52858
      vertex 75.3398 0.61 9.52858
    endloop
  endfacet
  facet normal 0.794351 0 -0.607459
    outer loop
      vertex 75.4129 0.61 9.62417
      vertex 75.4129 -0.01 9.62417
      vertex 75.3398 -0.01 9.52858
    endloop
  endfacet
  facet normal 0.739099 0 -0.673597
    outer loop
      vertex 75.4927 0.61 9.71173
      vertex 75.4129 -0.01 9.62417
      vertex 75.4129 0.61 9.62417
    endloop
  endfacet
  facet normal 0.739099 0 -0.673597
    outer loop
      vertex 75.4927 0.61 9.71173
      vertex 75.4927 -0.01 9.71173
      vertex 75.4129 -0.01 9.62417
    endloop
  endfacet
  facet normal 0.676242 0 -0.736679
    outer loop
      vertex 75.579 0.61 9.79095
      vertex 75.4927 -0.01 9.71173
      vertex 75.4927 0.61 9.71173
    endloop
  endfacet
  facet normal 0.676242 0 -0.736679
    outer loop
      vertex 75.579 0.61 9.79095
      vertex 75.579 -0.01 9.79095
      vertex 75.4927 -0.01 9.71173
    endloop
  endfacet
  facet normal 0.607046 0 -0.794666
    outer loop
      vertex 75.6718 0.61 9.86184
      vertex 75.579 -0.01 9.79095
      vertex 75.579 0.61 9.79095
    endloop
  endfacet
  facet normal 0.607046 0 -0.794666
    outer loop
      vertex 75.6718 0.61 9.86184
      vertex 75.6718 -0.01 9.86184
      vertex 75.579 -0.01 9.79095
    endloop
  endfacet
  facet normal 0.533367 0 -0.845884
    outer loop
      vertex 75.771 0.61 9.92439
      vertex 75.6718 -0.01 9.86184
      vertex 75.6718 0.61 9.86184
    endloop
  endfacet
  facet normal 0.533367 0 -0.845884
    outer loop
      vertex 75.771 0.61 9.92439
      vertex 75.771 -0.01 9.92439
      vertex 75.6718 -0.01 9.86184
    endloop
  endfacet
  facet normal 0.455941 0 -0.89001
    outer loop
      vertex 75.8768 0.61 9.97859
      vertex 75.771 -0.01 9.92439
      vertex 75.771 0.61 9.92439
    endloop
  endfacet
  facet normal 0.455941 0 -0.89001
    outer loop
      vertex 75.8768 0.61 9.97859
      vertex 75.8768 -0.01 9.97859
      vertex 75.771 -0.01 9.92439
    endloop
  endfacet
  facet normal 0.378415 0 -0.925636
    outer loop
      vertex 75.9891 0.61 10.0245
      vertex 75.8768 -0.01 9.97859
      vertex 75.8768 0.61 9.97859
    endloop
  endfacet
  facet normal 0.378415 0 -0.925636
    outer loop
      vertex 75.9891 0.61 10.0245
      vertex 75.9891 -0.01 10.0245
      vertex 75.8768 -0.01 9.97859
    endloop
  endfacet
  facet normal 0.301247 0 -0.953546
    outer loop
      vertex 76.1078 0.61 10.062
      vertex 75.9891 -0.01 10.0245
      vertex 75.9891 0.61 10.0245
    endloop
  endfacet
  facet normal 0.301247 0 -0.953546
    outer loop
      vertex 76.1078 0.61 10.062
      vertex 76.1078 -0.01 10.062
      vertex 75.9891 -0.01 10.0245
    endloop
  endfacet
  facet normal 0.226959 0 -0.973904
    outer loop
      vertex 76.2331 0.61 10.0912
      vertex 76.1078 -0.01 10.062
      vertex 76.1078 0.61 10.062
    endloop
  endfacet
  facet normal 0.226959 0 -0.973904
    outer loop
      vertex 76.2331 0.61 10.0912
      vertex 76.2331 -0.01 10.0912
      vertex 76.1078 -0.01 10.062
    endloop
  endfacet
  facet normal 0.156001 0 -0.987757
    outer loop
      vertex 76.3648 0.61 10.112
      vertex 76.2331 -0.01 10.0912
      vertex 76.2331 0.61 10.0912
    endloop
  endfacet
  facet normal 0.156001 0 -0.987757
    outer loop
      vertex 76.3648 0.61 10.112
      vertex 76.3648 -0.01 10.112
      vertex 76.2331 -0.01 10.0912
    endloop
  endfacet
  facet normal 0.0900809 0 -0.995934
    outer loop
      vertex 76.503 0.61 10.1245
      vertex 76.3648 -0.01 10.112
      vertex 76.3648 0.61 10.112
    endloop
  endfacet
  facet normal 0.0900809 0 -0.995934
    outer loop
      vertex 76.503 0.61 10.1245
      vertex 76.503 -0.01 10.1245
      vertex 76.3648 -0.01 10.112
    endloop
  endfacet
  facet normal 0.0290134 0 -0.999579
    outer loop
      vertex 76.6477 0.61 10.1287
      vertex 76.503 -0.01 10.1245
      vertex 76.503 0.61 10.1245
    endloop
  endfacet
  facet normal 0.0290134 0 -0.999579
    outer loop
      vertex 76.6477 0.61 10.1287
      vertex 76.6477 -0.01 10.1287
      vertex 76.503 -0.01 10.1245
    endloop
  endfacet
  facet normal -0.0219154 0 -0.99976
    outer loop
      vertex 76.7435 0.61 10.1266
      vertex 76.6477 -0.01 10.1287
      vertex 76.6477 0.61 10.1287
    endloop
  endfacet
  facet normal -0.0219154 -0 -0.99976
    outer loop
      vertex 76.7435 0.61 10.1266
      vertex 76.7435 -0.01 10.1266
      vertex 76.6477 -0.01 10.1287
    endloop
  endfacet
  facet normal -0.0672989 0 -0.997733
    outer loop
      vertex 76.8369 0.61 10.1203
      vertex 76.7435 -0.01 10.1266
      vertex 76.7435 0.61 10.1266
    endloop
  endfacet
  facet normal -0.0672989 -0 -0.997733
    outer loop
      vertex 76.8369 0.61 10.1203
      vertex 76.8369 -0.01 10.1203
      vertex 76.7435 -0.01 10.1266
    endloop
  endfacet
  facet normal -0.1145 0 -0.993423
    outer loop
      vertex 76.928 0.61 10.1098
      vertex 76.8369 -0.01 10.1203
      vertex 76.8369 0.61 10.1203
    endloop
  endfacet
  facet normal -0.1145 -0 -0.993423
    outer loop
      vertex 76.928 0.61 10.1098
      vertex 76.928 -0.01 10.1098
      vertex 76.8369 -0.01 10.1203
    endloop
  endfacet
  facet normal -0.163318 0 -0.986573
    outer loop
      vertex 77.0168 0.61 10.0951
      vertex 76.928 -0.01 10.1098
      vertex 76.928 0.61 10.1098
    endloop
  endfacet
  facet normal -0.163318 -0 -0.986573
    outer loop
      vertex 77.0168 0.61 10.0951
      vertex 77.0168 -0.01 10.0951
      vertex 76.928 -0.01 10.1098
    endloop
  endfacet
  facet normal -0.213461 0 -0.976952
    outer loop
      vertex 77.1033 0.61 10.0762
      vertex 77.0168 -0.01 10.0951
      vertex 77.0168 0.61 10.0951
    endloop
  endfacet
  facet normal -0.213461 -0 -0.976952
    outer loop
      vertex 77.1033 0.61 10.0762
      vertex 77.1033 -0.01 10.0762
      vertex 77.0168 -0.01 10.0951
    endloop
  endfacet
  facet normal -0.264863 0 -0.964286
    outer loop
      vertex 77.1874 0.61 10.0531
      vertex 77.1033 -0.01 10.0762
      vertex 77.1033 0.61 10.0762
    endloop
  endfacet
  facet normal -0.264863 -0 -0.964286
    outer loop
      vertex 77.1874 0.61 10.0531
      vertex 77.1874 -0.01 10.0531
      vertex 77.1033 -0.01 10.0762
    endloop
  endfacet
  facet normal -0.31727 0 -0.948335
    outer loop
      vertex 77.2693 0.61 10.0257
      vertex 77.1874 -0.01 10.0531
      vertex 77.1874 0.61 10.0531
    endloop
  endfacet
  facet normal -0.31727 -0 -0.948335
    outer loop
      vertex 77.2693 0.61 10.0257
      vertex 77.2693 -0.01 10.0257
      vertex 77.1874 -0.01 10.0531
    endloop
  endfacet
  facet normal -0.368263 0 -0.929722
    outer loop
      vertex 77.3488 0.61 9.99421
      vertex 77.2693 -0.01 10.0257
      vertex 77.2693 0.61 10.0257
    endloop
  endfacet
  facet normal -0.368263 -0 -0.929722
    outer loop
      vertex 77.3488 0.61 9.99421
      vertex 77.3488 -0.01 9.99421
      vertex 77.2693 -0.01 10.0257
    endloop
  endfacet
  facet normal -0.419923 0 -0.90756
    outer loop
      vertex 77.426 0.61 9.95849
      vertex 77.3488 -0.01 9.99421
      vertex 77.3488 0.61 9.99421
    endloop
  endfacet
  facet normal -0.419923 -0 -0.90756
    outer loop
      vertex 77.426 0.61 9.95849
      vertex 77.426 -0.01 9.95849
      vertex 77.3488 -0.01 9.99421
    endloop
  endfacet
  facet normal -0.470925 0 -0.882173
    outer loop
      vertex 77.5008 0.61 9.91856
      vertex 77.426 -0.01 9.95849
      vertex 77.426 0.61 9.95849
    endloop
  endfacet
  facet normal -0.470925 -0 -0.882173
    outer loop
      vertex 77.5008 0.61 9.91856
      vertex 77.5008 -0.01 9.91856
      vertex 77.426 -0.01 9.95849
    endloop
  endfacet
  facet normal -0.51942 0 -0.854519
    outer loop
      vertex 77.5734 0.61 9.87443
      vertex 77.5008 -0.01 9.91856
      vertex 77.5008 0.61 9.91856
    endloop
  endfacet
  facet normal -0.51942 -0 -0.854519
    outer loop
      vertex 77.5734 0.61 9.87443
      vertex 77.5734 -0.01 9.87443
      vertex 77.5008 -0.01 9.91856
    endloop
  endfacet
  facet normal -0.567538 0 -0.823347
    outer loop
      vertex 77.6426 0.61 9.82673
      vertex 77.5734 -0.01 9.87443
      vertex 77.5734 0.61 9.87443
    endloop
  endfacet
  facet normal -0.567538 -0 -0.823347
    outer loop
      vertex 77.6426 0.61 9.82673
      vertex 77.6426 -0.01 9.82673
      vertex 77.5734 -0.01 9.87443
    endloop
  endfacet
  facet normal -0.614503 0 -0.788914
    outer loop
      vertex 77.7076 0.61 9.7761
      vertex 77.6426 -0.01 9.82673
      vertex 77.6426 0.61 9.82673
    endloop
  endfacet
  facet normal -0.614503 -0 -0.788914
    outer loop
      vertex 77.7076 0.61 9.7761
      vertex 77.7076 -0.01 9.7761
      vertex 77.6426 -0.01 9.82673
    endloop
  endfacet
  facet normal -0.661491 0 -0.749953
    outer loop
      vertex 77.7683 0.61 9.72256
      vertex 77.7076 -0.01 9.7761
      vertex 77.7076 0.61 9.7761
    endloop
  endfacet
  facet normal -0.661491 -0 -0.749953
    outer loop
      vertex 77.7683 0.61 9.72256
      vertex 77.7683 -0.01 9.72256
      vertex 77.7076 -0.01 9.7761
    endloop
  endfacet
  facet normal -0.706919 0 -0.707295
    outer loop
      vertex 77.8248 0.61 9.66609
      vertex 77.7683 -0.01 9.72256
      vertex 77.7683 0.61 9.72256
    endloop
  endfacet
  facet normal -0.706919 -0 -0.707295
    outer loop
      vertex 77.8248 0.61 9.66609
      vertex 77.8248 -0.01 9.66609
      vertex 77.7683 -0.01 9.72256
    endloop
  endfacet
  facet normal -0.751792 0 -0.6594
    outer loop
      vertex 77.8769 0.61 9.60669
      vertex 77.8248 -0.01 9.66609
      vertex 77.8248 0.61 9.66609
    endloop
  endfacet
  facet normal -0.751792 -0 -0.6594
    outer loop
      vertex 77.8769 0.61 9.60669
      vertex 77.8769 -0.01 9.60669
      vertex 77.8248 -0.01 9.66609
    endloop
  endfacet
  facet normal -0.79286 0 -0.609403
    outer loop
      vertex 77.9248 0.61 9.54437
      vertex 77.8769 -0.01 9.60669
      vertex 77.8769 0.61 9.60669
    endloop
  endfacet
  facet normal -0.79286 -0 -0.609403
    outer loop
      vertex 77.9248 0.61 9.54437
      vertex 77.9248 -0.01 9.54437
      vertex 77.8769 -0.01 9.60669
    endloop
  endfacet
  facet normal -0.830873 0 -0.556462
    outer loop
      vertex 77.9685 0.61 9.47912
      vertex 77.9248 -0.01 9.54437
      vertex 77.9248 0.61 9.54437
    endloop
  endfacet
  facet normal -0.830873 -0 -0.556462
    outer loop
      vertex 77.9685 0.61 9.47912
      vertex 77.9685 -0.01 9.47912
      vertex 77.9248 -0.01 9.54437
    endloop
  endfacet
  facet normal -0.866344 0 -0.499447
    outer loop
      vertex 78.0078 0.61 9.41095
      vertex 77.9685 -0.01 9.47912
      vertex 77.9685 0.61 9.47912
    endloop
  endfacet
  facet normal -0.866344 -0 -0.499447
    outer loop
      vertex 78.0078 0.61 9.41095
      vertex 78.0078 -0.01 9.41095
      vertex 77.9685 -0.01 9.47912
    endloop
  endfacet
  facet normal -0.89671 0 -0.442618
    outer loop
      vertex 78.0429 0.61 9.33984
      vertex 78.0078 -0.01 9.41095
      vertex 78.0078 0.61 9.41095
    endloop
  endfacet
  facet normal -0.89671 -0 -0.442618
    outer loop
      vertex 78.0429 0.61 9.33984
      vertex 78.0429 -0.01 9.33984
      vertex 78.0078 -0.01 9.41095
    endloop
  endfacet
  facet normal -0.923261 0 -0.384173
    outer loop
      vertex 78.0737 0.61 9.26582
      vertex 78.0429 -0.01 9.33984
      vertex 78.0429 0.61 9.33984
    endloop
  endfacet
  facet normal -0.923261 -0 -0.384173
    outer loop
      vertex 78.0737 0.61 9.26582
      vertex 78.0737 -0.01 9.26582
      vertex 78.0429 -0.01 9.33984
    endloop
  endfacet
  facet normal -0.945125 0 -0.32671
    outer loop
      vertex 78.1003 0.61 9.18887
      vertex 78.0737 -0.01 9.26582
      vertex 78.0737 0.61 9.26582
    endloop
  endfacet
  facet normal -0.945125 -0 -0.32671
    outer loop
      vertex 78.1003 0.61 9.18887
      vertex 78.1003 -0.01 9.18887
      vertex 78.0737 -0.01 9.26582
    endloop
  endfacet
  facet normal 0.263382 0 -0.964692
    outer loop
      vertex 79.1582 0.61 9.4777
      vertex 78.1003 -0.01 9.18887
      vertex 78.1003 0.61 9.18887
    endloop
  endfacet
  facet normal 0.263382 0 -0.964692
    outer loop
      vertex 79.1582 0.61 9.4777
      vertex 79.1582 -0.01 9.4777
      vertex 78.1003 -0.01 9.18887
    endloop
  endfacet
  facet normal 0.941894 0 0.335909
    outer loop
      vertex 79.1084 0.61 9.61734
      vertex 79.1582 -0.01 9.4777
      vertex 79.1582 0.61 9.4777
    endloop
  endfacet
  facet normal 0.941894 0 0.335909
    outer loop
      vertex 79.1084 0.61 9.61734
      vertex 79.1084 -0.01 9.61734
      vertex 79.1582 -0.01 9.4777
    endloop
  endfacet
  facet normal 0.921989 0 0.387216
    outer loop
      vertex 79.0524 0.61 9.75068
      vertex 79.1084 -0.01 9.61734
      vertex 79.1084 0.61 9.61734
    endloop
  endfacet
  facet normal 0.921989 0 0.387216
    outer loop
      vertex 79.0524 0.61 9.75068
      vertex 79.0524 -0.01 9.75068
      vertex 79.1084 -0.01 9.61734
    endloop
  endfacet
  facet normal 0.898156 0 0.439677
    outer loop
      vertex 78.9902 0.61 9.87774
      vertex 79.0524 -0.01 9.75068
      vertex 79.0524 0.61 9.75068
    endloop
  endfacet
  facet normal 0.898156 0 0.439677
    outer loop
      vertex 78.9902 0.61 9.87774
      vertex 78.9902 -0.01 9.87774
      vertex 79.0524 -0.01 9.75068
    endloop
  endfacet
  facet normal 0.869843 0 0.493329
    outer loop
      vertex 78.9217 0.61 9.99852
      vertex 78.9902 -0.01 9.87774
      vertex 78.9902 0.61 9.87774
    endloop
  endfacet
  facet normal 0.869843 0 0.493329
    outer loop
      vertex 78.9217 0.61 9.99852
      vertex 78.9217 -0.01 9.99852
      vertex 78.9902 -0.01 9.87774
    endloop
  endfacet
  facet normal 0.837145 0 0.546981
    outer loop
      vertex 78.8469 0.61 10.113
      vertex 78.9217 -0.01 9.99852
      vertex 78.9217 0.61 9.99852
    endloop
  endfacet
  facet normal 0.837145 0 0.546981
    outer loop
      vertex 78.8469 0.61 10.113
      vertex 78.8469 -0.01 10.113
      vertex 78.9217 -0.01 9.99852
    endloop
  endfacet
  facet normal 0.800532 0 0.599289
    outer loop
      vertex 78.7659 0.61 10.2212
      vertex 78.8469 -0.01 10.113
      vertex 78.8469 0.61 10.113
    endloop
  endfacet
  facet normal 0.800532 0 0.599289
    outer loop
      vertex 78.7659 0.61 10.2212
      vertex 78.7659 -0.01 10.2212
      vertex 78.8469 -0.01 10.113
    endloop
  endfacet
  facet normal 0.759414 0 0.650607
    outer loop
      vertex 78.6786 0.61 10.3231
      vertex 78.7659 -0.01 10.2212
      vertex 78.7659 0.61 10.2212
    endloop
  endfacet
  facet normal 0.759414 0 0.650607
    outer loop
      vertex 78.6786 0.61 10.3231
      vertex 78.6786 -0.01 10.3231
      vertex 78.7659 -0.01 10.2212
    endloop
  endfacet
  facet normal 0.714915 0 0.699211
    outer loop
      vertex 78.5851 0.61 10.4187
      vertex 78.6786 -0.01 10.3231
      vertex 78.6786 0.61 10.3231
    endloop
  endfacet
  facet normal 0.714915 0 0.699211
    outer loop
      vertex 78.5851 0.61 10.4187
      vertex 78.5851 -0.01 10.4187
      vertex 78.6786 -0.01 10.3231
    endloop
  endfacet
  facet normal 0.667188 0 0.744889
    outer loop
      vertex 78.4854 0.61 10.508
      vertex 78.5851 -0.01 10.4187
      vertex 78.5851 0.61 10.4187
    endloop
  endfacet
  facet normal 0.667188 0 0.744889
    outer loop
      vertex 78.4854 0.61 10.508
      vertex 78.4854 -0.01 10.508
      vertex 78.5851 -0.01 10.4187
    endloop
  endfacet
  facet normal 0.616608 0 0.78727
    outer loop
      vertex 78.3793 0.61 10.5911
      vertex 78.4854 -0.01 10.508
      vertex 78.4854 0.61 10.508
    endloop
  endfacet
  facet normal 0.616608 0 0.78727
    outer loop
      vertex 78.3793 0.61 10.5911
      vertex 78.3793 -0.01 10.5911
      vertex 78.4854 -0.01 10.508
    endloop
  endfacet
  facet normal 0.563998 0 0.825776
    outer loop
      vertex 78.267 0.61 10.6678
      vertex 78.3793 -0.01 10.5911
      vertex 78.3793 0.61 10.5911
    endloop
  endfacet
  facet normal 0.563998 0 0.825776
    outer loop
      vertex 78.267 0.61 10.6678
      vertex 78.267 -0.01 10.6678
      vertex 78.3793 -0.01 10.5911
    endloop
  endfacet
  facet normal 0.510539 0 0.859855
    outer loop
      vertex 78.1486 0.61 10.7381
      vertex 78.267 -0.01 10.6678
      vertex 78.267 0.61 10.6678
    endloop
  endfacet
  facet normal 0.510539 0 0.859855
    outer loop
      vertex 78.1486 0.61 10.7381
      vertex 78.1486 -0.01 10.7381
      vertex 78.267 -0.01 10.6678
    endloop
  endfacet
  facet normal 0.453776 0 0.891116
    outer loop
      vertex 78.0239 0.61 10.8016
      vertex 78.1486 -0.01 10.7381
      vertex 78.1486 0.61 10.7381
    endloop
  endfacet
  facet normal 0.453776 0 0.891116
    outer loop
      vertex 78.0239 0.61 10.8016
      vertex 78.0239 -0.01 10.8016
      vertex 78.1486 -0.01 10.7381
    endloop
  endfacet
  facet normal 0.398649 0 0.917103
    outer loop
      vertex 77.893 0.61 10.8585
      vertex 78.0239 -0.01 10.8016
      vertex 78.0239 0.61 10.8016
    endloop
  endfacet
  facet normal 0.398649 0 0.917103
    outer loop
      vertex 77.893 0.61 10.8585
      vertex 77.893 -0.01 10.8585
      vertex 78.0239 -0.01 10.8016
    endloop
  endfacet
  facet normal 0.344053 0 0.93895
    outer loop
      vertex 77.756 0.61 10.9087
      vertex 77.893 -0.01 10.8585
      vertex 77.893 0.61 10.8585
    endloop
  endfacet
  facet normal 0.344053 0 0.93895
    outer loop
      vertex 77.756 0.61 10.9087
      vertex 77.756 -0.01 10.9087
      vertex 77.893 -0.01 10.8585
    endloop
  endfacet
  facet normal 0.290471 0 0.956884
    outer loop
      vertex 77.6127 0.61 10.9522
      vertex 77.756 -0.01 10.9087
      vertex 77.756 0.61 10.9087
    endloop
  endfacet
  facet normal 0.290471 0 0.956884
    outer loop
      vertex 77.6127 0.61 10.9522
      vertex 77.6127 -0.01 10.9522
      vertex 77.756 -0.01 10.9087
    endloop
  endfacet
  facet normal 0.23917 0 0.970978
    outer loop
      vertex 77.4633 0.61 10.989
      vertex 77.6127 -0.01 10.9522
      vertex 77.6127 0.61 10.9522
    endloop
  endfacet
  facet normal 0.23917 0 0.970978
    outer loop
      vertex 77.4633 0.61 10.989
      vertex 77.4633 -0.01 10.989
      vertex 77.6127 -0.01 10.9522
    endloop
  endfacet
  facet normal 0.189924 0 0.981799
    outer loop
      vertex 77.3077 0.61 11.0191
      vertex 77.4633 -0.01 10.989
      vertex 77.4633 0.61 10.989
    endloop
  endfacet
  facet normal 0.189924 0 0.981799
    outer loop
      vertex 77.3077 0.61 11.0191
      vertex 77.3077 -0.01 11.0191
      vertex 77.4633 -0.01 10.989
    endloop
  endfacet
  facet normal 0.143646 0 0.989629
    outer loop
      vertex 77.1458 0.61 11.0426
      vertex 77.3077 -0.01 11.0191
      vertex 77.3077 0.61 11.0191
    endloop
  endfacet
  facet normal 0.143646 0 0.989629
    outer loop
      vertex 77.1458 0.61 11.0426
      vertex 77.1458 -0.01 11.0426
      vertex 77.3077 -0.01 11.0191
    endloop
  endfacet
  facet normal 0.0989756 0 0.99509
    outer loop
      vertex 76.9779 0.61 11.0593
      vertex 77.1458 -0.01 11.0426
      vertex 77.1458 0.61 11.0426
    endloop
  endfacet
  facet normal 0.0989756 0 0.99509
    outer loop
      vertex 76.9779 0.61 11.0593
      vertex 76.9779 -0.01 11.0593
      vertex 77.1458 -0.01 11.0426
    endloop
  endfacet
  facet normal 0.0573109 0 0.998356
    outer loop
      vertex 76.8037 0.61 11.0693
      vertex 76.9779 -0.01 11.0593
      vertex 76.9779 0.61 11.0593
    endloop
  endfacet
  facet normal 0.0573109 0 0.998356
    outer loop
      vertex 76.8037 0.61 11.0693
      vertex 76.8037 -0.01 11.0693
      vertex 76.9779 -0.01 11.0593
    endloop
  endfacet
  facet normal 0.0188437 0 0.999822
    outer loop
      vertex 76.6233 0.61 11.0727
      vertex 76.8037 -0.01 11.0693
      vertex 76.8037 0.61 11.0693
    endloop
  endfacet
  facet normal 0.0188437 0 0.999822
    outer loop
      vertex 76.6233 0.61 11.0727
      vertex 76.6233 -0.01 11.0727
      vertex 76.8037 -0.01 11.0693
    endloop
  endfacet
  facet normal -0.025591 0 0.999672
    outer loop
      vertex 76.3772 0.61 11.0664
      vertex 76.6233 -0.01 11.0727
      vertex 76.6233 0.61 11.0727
    endloop
  endfacet
  facet normal -0.025591 0 0.999672
    outer loop
      vertex 76.3772 0.61 11.0664
      vertex 76.3772 -0.01 11.0664
      vertex 76.6233 -0.01 11.0727
    endloop
  endfacet
  facet normal -0.0792232 0 0.996857
    outer loop
      vertex 76.1419 0.61 11.0477
      vertex 76.3772 -0.01 11.0664
      vertex 76.3772 0.61 11.0664
    endloop
  endfacet
  facet normal -0.0792232 0 0.996857
    outer loop
      vertex 76.1419 0.61 11.0477
      vertex 76.1419 -0.01 11.0477
      vertex 76.3772 -0.01 11.0664
    endloop
  endfacet
  facet normal -0.138085 0 0.99042
    outer loop
      vertex 75.9174 0.61 11.0164
      vertex 76.1419 -0.01 11.0477
      vertex 76.1419 0.61 11.0477
    endloop
  endfacet
  facet normal -0.138085 0 0.99042
    outer loop
      vertex 75.9174 0.61 11.0164
      vertex 75.9174 -0.01 11.0164
      vertex 76.1419 -0.01 11.0477
    endloop
  endfacet
  facet normal -0.200876 0 0.979617
    outer loop
      vertex 75.7038 0.61 10.9726
      vertex 75.9174 -0.01 11.0164
      vertex 75.9174 0.61 11.0164
    endloop
  endfacet
  facet normal -0.200876 0 0.979617
    outer loop
      vertex 75.7038 0.61 10.9726
      vertex 75.7038 -0.01 10.9726
      vertex 75.9174 -0.01 11.0164
    endloop
  endfacet
  facet normal -0.267497 0 0.963559
    outer loop
      vertex 75.501 0.61 10.9163
      vertex 75.7038 -0.01 10.9726
      vertex 75.7038 0.61 10.9726
    endloop
  endfacet
  facet normal -0.267497 0 0.963559
    outer loop
      vertex 75.501 0.61 10.9163
      vertex 75.501 -0.01 10.9163
      vertex 75.7038 -0.01 10.9726
    endloop
  endfacet
  facet normal -0.337486 0 0.941331
    outer loop
      vertex 75.3091 0.61 10.8475
      vertex 75.501 -0.01 10.9163
      vertex 75.501 0.61 10.9163
    endloop
  endfacet
  facet normal -0.337486 0 0.941331
    outer loop
      vertex 75.3091 0.61 10.8475
      vertex 75.3091 -0.01 10.8475
      vertex 75.501 -0.01 10.9163
    endloop
  endfacet
  facet normal -0.409359 0 0.912373
    outer loop
      vertex 75.1279 0.61 10.7662
      vertex 75.3091 -0.01 10.8475
      vertex 75.3091 0.61 10.8475
    endloop
  endfacet
  facet normal -0.409359 0 0.912373
    outer loop
      vertex 75.1279 0.61 10.7662
      vertex 75.1279 -0.01 10.7662
      vertex 75.3091 -0.01 10.8475
    endloop
  endfacet
  facet normal -0.482452 0 0.875923
    outer loop
      vertex 74.9576 0.61 10.6724
      vertex 75.1279 -0.01 10.7662
      vertex 75.1279 0.61 10.7662
    endloop
  endfacet
  facet normal -0.482452 0 0.875923
    outer loop
      vertex 74.9576 0.61 10.6724
      vertex 74.9576 -0.01 10.6724
      vertex 75.1279 -0.01 10.7662
    endloop
  endfacet
  facet normal -0.55458 0 0.832131
    outer loop
      vertex 74.7981 0.61 10.5661
      vertex 74.9576 -0.01 10.6724
      vertex 74.9576 0.61 10.6724
    endloop
  endfacet
  facet normal -0.55458 0 0.832131
    outer loop
      vertex 74.7981 0.61 10.5661
      vertex 74.7981 -0.01 10.5661
      vertex 74.9576 -0.01 10.6724
    endloop
  endfacet
  facet normal -0.624503 0 0.781023
    outer loop
      vertex 74.6494 0.61 10.4472
      vertex 74.7981 -0.01 10.5661
      vertex 74.7981 0.61 10.5661
    endloop
  endfacet
  facet normal -0.624503 0 0.781023
    outer loop
      vertex 74.6494 0.61 10.4472
      vertex 74.6494 -0.01 10.4472
      vertex 74.7981 -0.01 10.5661
    endloop
  endfacet
  facet normal -0.689826 0 0.723975
    outer loop
      vertex 74.5116 0.61 10.3159
      vertex 74.6494 -0.01 10.4472
      vertex 74.6494 0.61 10.4472
    endloop
  endfacet
  facet normal -0.689826 0 0.723975
    outer loop
      vertex 74.5116 0.61 10.3159
      vertex 74.5116 -0.01 10.3159
      vertex 74.6494 -0.01 10.4472
    endloop
  endfacet
  facet normal -0.749257 0 0.66228
    outer loop
      vertex 74.3852 0.61 10.1729
      vertex 74.5116 -0.01 10.3159
      vertex 74.5116 0.61 10.3159
    endloop
  endfacet
  facet normal -0.749257 0 0.66228
    outer loop
      vertex 74.3852 0.61 10.1729
      vertex 74.3852 -0.01 10.1729
      vertex 74.5116 -0.01 10.3159
    endloop
  endfacet
  facet normal -0.802373 0 0.596823
    outer loop
      vertex 74.2708 0.61 10.0191
      vertex 74.3852 -0.01 10.1729
      vertex 74.3852 0.61 10.1729
    endloop
  endfacet
  facet normal -0.802373 0 0.596823
    outer loop
      vertex 74.2708 0.61 10.0191
      vertex 74.2708 -0.01 10.0191
      vertex 74.3852 -0.01 10.1729
    endloop
  endfacet
  facet normal -0.849473 0 0.527632
    outer loop
      vertex 74.1685 0.61 9.8544
      vertex 74.2708 -0.01 10.0191
      vertex 74.2708 0.61 10.0191
    endloop
  endfacet
  facet normal -0.849473 0 0.527632
    outer loop
      vertex 74.1685 0.61 9.8544
      vertex 74.1685 -0.01 9.8544
      vertex 74.2708 -0.01 10.0191
    endloop
  endfacet
  facet normal -0.889189 0 0.45754
    outer loop
      vertex 74.0782 0.61 9.67891
      vertex 74.1685 -0.01 9.8544
      vertex 74.1685 0.61 9.8544
    endloop
  endfacet
  facet normal -0.889189 0 0.45754
    outer loop
      vertex 74.0782 0.61 9.67891
      vertex 74.0782 -0.01 9.67891
      vertex 74.1685 -0.01 9.8544
    endloop
  endfacet
  facet normal -0.922086 0 0.386986
    outer loop
      vertex 74 0.61 9.49258
      vertex 74.0782 -0.01 9.67891
      vertex 74.0782 0.61 9.67891
    endloop
  endfacet
  facet normal -0.922086 0 0.386986
    outer loop
      vertex 74 0.61 9.49258
      vertex 74 -0.01 9.49258
      vertex 74.0782 -0.01 9.67891
    endloop
  endfacet
  facet normal -0.947989 0 0.318304
    outer loop
      vertex 73.9338 0.61 9.29542
      vertex 74 -0.01 9.49258
      vertex 74 0.61 9.49258
    endloop
  endfacet
  facet normal -0.947989 0 0.318304
    outer loop
      vertex 73.9338 0.61 9.29542
      vertex 73.9338 -0.01 9.29542
      vertex 74 -0.01 9.49258
    endloop
  endfacet
  facet normal -0.967678 0 0.252191
    outer loop
      vertex 73.8796 0.61 9.08745
      vertex 73.9338 -0.01 9.29542
      vertex 73.9338 0.61 9.29542
    endloop
  endfacet
  facet normal -0.967678 0 0.252191
    outer loop
      vertex 73.8796 0.61 9.08745
      vertex 73.8796 -0.01 9.08745
      vertex 73.9338 -0.01 9.29542
    endloop
  endfacet
  facet normal -0.981987 0 0.188947
    outer loop
      vertex 73.8375 0.61 8.86865
      vertex 73.8796 -0.01 9.08745
      vertex 73.8796 0.61 9.08745
    endloop
  endfacet
  facet normal -0.981987 0 0.188947
    outer loop
      vertex 73.8375 0.61 8.86865
      vertex 73.8375 -0.01 8.86865
      vertex 73.8796 -0.01 9.08745
    endloop
  endfacet
  facet normal -0.991518 0 0.129969
    outer loop
      vertex 73.8074 0.61 8.63902
      vertex 73.8375 -0.01 8.86865
      vertex 73.8375 0.61 8.86865
    endloop
  endfacet
  facet normal -0.991518 0 0.129969
    outer loop
      vertex 73.8074 0.61 8.63902
      vertex 73.8074 -0.01 8.63902
      vertex 73.8375 -0.01 8.86865
    endloop
  endfacet
  facet normal -0.997179 0 0.0750601
    outer loop
      vertex 73.7893 0.61 8.39856
      vertex 73.8074 -0.01 8.63902
      vertex 73.8074 0.61 8.63902
    endloop
  endfacet
  facet normal -0.997179 0 0.0750601
    outer loop
      vertex 73.7893 0.61 8.39856
      vertex 73.7893 -0.01 8.39856
      vertex 73.8074 -0.01 8.63902
    endloop
  endfacet
  facet normal -0.999715 0 0.02387
    outer loop
      vertex 73.7833 0.61 8.14727
      vertex 73.7893 -0.01 8.39856
      vertex 73.7893 0.61 8.39856
    endloop
  endfacet
  facet normal -0.999715 0 0.02387
    outer loop
      vertex 73.7833 0.61 8.14727
      vertex 73.7833 -0.01 8.14727
      vertex 73.7893 -0.01 8.39856
    endloop
  endfacet
  facet normal -0.999685 0 -0.0251127
    outer loop
      vertex 73.7896 0.61 7.89648
      vertex 73.7833 -0.01 8.14727
      vertex 73.7833 0.61 8.14727
    endloop
  endfacet
  facet normal -0.999685 -0 -0.0251127
    outer loop
      vertex 73.7896 0.61 7.89648
      vertex 73.7896 -0.01 7.89648
      vertex 73.7833 -0.01 8.14727
    endloop
  endfacet
  facet normal -0.99699 0 -0.0775271
    outer loop
      vertex 73.8083 0.61 7.656
      vertex 73.7896 -0.01 7.89648
      vertex 73.7896 0.61 7.89648
    endloop
  endfacet
  facet normal -0.99699 -0 -0.0775271
    outer loop
      vertex 73.8083 0.61 7.656
      vertex 73.8083 -0.01 7.656
      vertex 73.7896 -0.01 7.89648
    endloop
  endfacet
  facet normal -0.990993 0 -0.133912
    outer loop
      vertex 73.8394 0.61 7.42585
      vertex 73.8083 -0.01 7.656
      vertex 73.8083 0.61 7.656
    endloop
  endfacet
  facet normal -0.990993 -0 -0.133912
    outer loop
      vertex 73.8394 0.61 7.42585
      vertex 73.8394 -0.01 7.42585
      vertex 73.8083 -0.01 7.656
    endloop
  endfacet
  facet normal -0.980808 0 -0.194975
    outer loop
      vertex 73.8831 0.61 7.20602
      vertex 73.8394 -0.01 7.42585
      vertex 73.8394 0.61 7.42585
    endloop
  endfacet
  facet normal -0.980808 -0 -0.194975
    outer loop
      vertex 73.8831 0.61 7.20602
      vertex 73.8831 -0.01 7.20602
      vertex 73.8394 -0.01 7.42585
    endloop
  endfacet
  facet normal -0.965851 0 -0.259097
    outer loop
      vertex 73.9393 0.61 6.99652
      vertex 73.8831 -0.01 7.20602
      vertex 73.8831 0.61 7.20602
    endloop
  endfacet
  facet normal -0.965851 -0 -0.259097
    outer loop
      vertex 73.9393 0.61 6.99652
      vertex 73.9393 -0.01 6.99652
      vertex 73.8831 -0.01 7.20602
    endloop
  endfacet
  facet normal -0.945499 0 -0.325625
    outer loop
      vertex 74.0079 0.61 6.79733
      vertex 73.9393 -0.01 6.99652
      vertex 73.9393 0.61 6.99652
    endloop
  endfacet
  facet normal -0.945499 -0 -0.325625
    outer loop
      vertex 74.0079 0.61 6.79733
      vertex 74.0079 -0.01 6.79733
      vertex 73.9393 -0.01 6.99652
    endloop
  endfacet
  facet normal -0.919039 0 -0.394166
    outer loop
      vertex 74.0889 0.61 6.60847
      vertex 74.0079 -0.01 6.79733
      vertex 74.0079 0.61 6.79733
    endloop
  endfacet
  facet normal -0.919039 -0 -0.394166
    outer loop
      vertex 74.0889 0.61 6.60847
      vertex 74.0889 -0.01 6.60847
      vertex 74.0079 -0.01 6.79733
    endloop
  endfacet
  facet normal -0.88566 0 -0.464335
    outer loop
      vertex 74.1825 0.61 6.42994
      vertex 74.0889 -0.01 6.60847
      vertex 74.0889 0.61 6.60847
    endloop
  endfacet
  facet normal -0.88566 -0 -0.464335
    outer loop
      vertex 74.1825 0.61 6.42994
      vertex 74.1825 -0.01 6.42994
      vertex 74.0889 -0.01 6.60847
    endloop
  endfacet
  facet normal -0.846043 0 -0.533115
    outer loop
      vertex 74.2885 0.61 6.26172
      vertex 74.1825 -0.01 6.42994
      vertex 74.1825 0.61 6.42994
    endloop
  endfacet
  facet normal -0.846043 -0 -0.533115
    outer loop
      vertex 74.2885 0.61 6.26172
      vertex 74.2885 -0.01 6.26172
      vertex 74.1825 -0.01 6.42994
    endloop
  endfacet
  facet normal -0.799556 0 -0.600591
    outer loop
      vertex 74.4071 0.61 6.10383
      vertex 74.2885 -0.01 6.26172
      vertex 74.2885 0.61 6.26172
    endloop
  endfacet
  facet normal -0.799556 -0 -0.600591
    outer loop
      vertex 74.4071 0.61 6.10383
      vertex 74.4071 -0.01 6.10383
      vertex 74.2885 -0.01 6.26172
    endloop
  endfacet
  facet normal -0.747823 0 -0.663898
    outer loop
      vertex 74.5381 0.61 5.95627
      vertex 74.4071 -0.01 6.10383
      vertex 74.4071 0.61 6.10383
    endloop
  endfacet
  facet normal -0.747823 -0 -0.663898
    outer loop
      vertex 74.5381 0.61 5.95627
      vertex 74.5381 -0.01 5.95627
      vertex 74.4071 -0.01 6.10383
    endloop
  endfacet
  facet normal -0.690536 0 -0.723298
    outer loop
      vertex 74.6805 0.61 5.82032
      vertex 74.5381 -0.01 5.95627
      vertex 74.5381 0.61 5.95627
    endloop
  endfacet
  facet normal -0.690536 -0 -0.723298
    outer loop
      vertex 74.6805 0.61 5.82032
      vertex 74.6805 -0.01 5.82032
      vertex 74.5381 -0.01 5.95627
    endloop
  endfacet
  facet normal -0.626993 0 -0.779025
    outer loop
      vertex 74.8333 0.61 5.69734
      vertex 74.6805 -0.01 5.82032
      vertex 74.6805 0.61 5.82032
    endloop
  endfacet
  facet normal -0.626993 -0 -0.779025
    outer loop
      vertex 74.8333 0.61 5.69734
      vertex 74.8333 -0.01 5.69734
      vertex 74.6805 -0.01 5.82032
    endloop
  endfacet
  facet normal -0.559089 0 -0.829108
    outer loop
      vertex 74.9965 0.61 5.58729
      vertex 74.8333 -0.01 5.69734
      vertex 74.8333 0.61 5.69734
    endloop
  endfacet
  facet normal -0.559089 -0 -0.829108
    outer loop
      vertex 74.9965 0.61 5.58729
      vertex 74.9965 -0.01 5.58729
      vertex 74.8333 -0.01 5.69734
    endloop
  endfacet
  facet normal -0.488121 0 -0.872776
    outer loop
      vertex 75.1701 0.61 5.4902
      vertex 74.9965 -0.01 5.58729
      vertex 74.9965 0.61 5.58729
    endloop
  endfacet
  facet normal -0.488121 -0 -0.872776
    outer loop
      vertex 75.1701 0.61 5.4902
      vertex 75.1701 -0.01 5.4902
      vertex 74.9965 -0.01 5.58729
    endloop
  endfacet
  facet normal -0.415906 0 -0.909408
    outer loop
      vertex 75.3541 0.61 5.40605
      vertex 75.1701 -0.01 5.4902
      vertex 75.1701 0.61 5.4902
    endloop
  endfacet
  facet normal -0.415906 -0 -0.909408
    outer loop
      vertex 75.3541 0.61 5.40605
      vertex 75.3541 -0.01 5.40605
      vertex 75.1701 -0.01 5.4902
    endloop
  endfacet
  facet normal -0.343914 0 -0.939001
    outer loop
      vertex 75.5485 0.61 5.33485
      vertex 75.3541 -0.01 5.40605
      vertex 75.3541 0.61 5.40605
    endloop
  endfacet
  facet normal -0.343914 -0 -0.939001
    outer loop
      vertex 75.5485 0.61 5.33485
      vertex 75.5485 -0.01 5.33485
      vertex 75.3541 -0.01 5.40605
    endloop
  endfacet
  facet normal -0.273617 0 -0.961839
    outer loop
      vertex 75.7533 0.61 5.27659
      vertex 75.5485 -0.01 5.33485
      vertex 75.5485 0.61 5.33485
    endloop
  endfacet
  facet normal -0.273617 -0 -0.961839
    outer loop
      vertex 75.7533 0.61 5.27659
      vertex 75.7533 -0.01 5.27659
      vertex 75.5485 -0.01 5.33485
    endloop
  endfacet
  facet normal -0.206166 0 -0.978517
    outer loop
      vertex 75.9684 0.61 5.23127
      vertex 75.7533 -0.01 5.27659
      vertex 75.7533 0.61 5.27659
    endloop
  endfacet
  facet normal -0.206166 -0 -0.978517
    outer loop
      vertex 75.9684 0.61 5.23127
      vertex 75.9684 -0.01 5.23127
      vertex 75.7533 -0.01 5.27659
    endloop
  endfacet
  facet normal -0.141986 0 -0.989869
    outer loop
      vertex 76.194 0.61 5.19891
      vertex 75.9684 -0.01 5.23127
      vertex 75.9684 0.61 5.23127
    endloop
  endfacet
  facet normal -0.141986 -0 -0.989869
    outer loop
      vertex 76.194 0.61 5.19891
      vertex 76.194 -0.01 5.19891
      vertex 75.9684 -0.01 5.23127
    endloop
  endfacet
  facet normal -0.0820035 0 -0.996632
    outer loop
      vertex 76.4299 0.61 5.1795
      vertex 76.194 -0.01 5.19891
      vertex 76.194 0.61 5.19891
    endloop
  endfacet
  facet normal -0.0820035 -0 -0.996632
    outer loop
      vertex 76.4299 0.61 5.1795
      vertex 76.4299 -0.01 5.1795
      vertex 76.194 -0.01 5.19891
    endloop
  endfacet
  facet normal -0.0263003 0 -0.999654
    outer loop
      vertex 76.6762 0.61 5.17302
      vertex 76.4299 -0.01 5.1795
      vertex 76.4299 0.61 5.1795
    endloop
  endfacet
  facet normal -0.0263003 -0 -0.999654
    outer loop
      vertex 76.6762 0.61 5.17302
      vertex 76.6762 -0.01 5.17302
      vertex 76.4299 -0.01 5.1795
    endloop
  endfacet
  facet normal 0.0204725 0 -0.99979
    outer loop
      vertex 76.8398 0.61 5.17637
      vertex 76.6762 -0.01 5.17302
      vertex 76.6762 0.61 5.17302
    endloop
  endfacet
  facet normal 0.0204725 0 -0.99979
    outer loop
      vertex 76.8398 0.61 5.17637
      vertex 76.8398 -0.01 5.17637
      vertex 76.6762 -0.01 5.17302
    endloop
  endfacet
  facet normal 0.0628385 0 -0.998024
    outer loop
      vertex 82.8761 0.61 5.1864
      vertex 82.7168 -0.01 5.17637
      vertex 82.7168 0.61 5.17637
    endloop
  endfacet
  facet normal 0.0628385 0 -0.998024
    outer loop
      vertex 82.8761 0.61 5.1864
      vertex 82.8761 -0.01 5.1864
      vertex 82.7168 -0.01 5.17637
    endloop
  endfacet
  facet normal 0.107376 0 -0.994219
    outer loop
      vertex 83.0311 0.61 5.20314
      vertex 82.8761 -0.01 5.1864
      vertex 82.8761 0.61 5.1864
    endloop
  endfacet
  facet normal 0.107376 0 -0.994219
    outer loop
      vertex 83.0311 0.61 5.20314
      vertex 83.0311 -0.01 5.20314
      vertex 82.8761 -0.01 5.1864
    endloop
  endfacet
  facet normal 0.153465 0 -0.988154
    outer loop
      vertex 83.1819 0.61 5.22656
      vertex 83.0311 -0.01 5.20314
      vertex 83.0311 0.61 5.20314
    endloop
  endfacet
  facet normal 0.153465 0 -0.988154
    outer loop
      vertex 83.1819 0.61 5.22656
      vertex 83.1819 -0.01 5.22656
      vertex 83.0311 -0.01 5.20314
    endloop
  endfacet
  facet normal 0.201321 0 -0.979525
    outer loop
      vertex 83.3284 0.61 5.25667
      vertex 83.1819 -0.01 5.22656
      vertex 83.1819 0.61 5.22656
    endloop
  endfacet
  facet normal 0.201321 0 -0.979525
    outer loop
      vertex 83.3284 0.61 5.25667
      vertex 83.3284 -0.01 5.25667
      vertex 83.1819 -0.01 5.22656
    endloop
  endfacet
  facet normal 0.250537 0 -0.968107
    outer loop
      vertex 83.4706 0.61 5.29347
      vertex 83.3284 -0.01 5.25667
      vertex 83.3284 0.61 5.25667
    endloop
  endfacet
  facet normal 0.250537 0 -0.968107
    outer loop
      vertex 83.4706 0.61 5.29347
      vertex 83.4706 -0.01 5.29347
      vertex 83.3284 -0.01 5.25667
    endloop
  endfacet
  facet normal 0.300572 0 -0.953759
    outer loop
      vertex 83.6086 0.61 5.33696
      vertex 83.4706 -0.01 5.29347
      vertex 83.4706 0.61 5.29347
    endloop
  endfacet
  facet normal 0.300572 0 -0.953759
    outer loop
      vertex 83.6086 0.61 5.33696
      vertex 83.6086 -0.01 5.33696
      vertex 83.4706 -0.01 5.29347
    endloop
  endfacet
  facet normal 0.351615 0 -0.936145
    outer loop
      vertex 83.7422 0.61 5.38714
      vertex 83.6086 -0.01 5.33696
      vertex 83.6086 0.61 5.33696
    endloop
  endfacet
  facet normal 0.351615 0 -0.936145
    outer loop
      vertex 83.7422 0.61 5.38714
      vertex 83.7422 -0.01 5.38714
      vertex 83.6086 -0.01 5.33696
    endloop
  endfacet
  facet normal 0.402347 0 -0.915487
    outer loop
      vertex 83.8716 0.61 5.44401
      vertex 83.7422 -0.01 5.38714
      vertex 83.7422 0.61 5.38714
    endloop
  endfacet
  facet normal 0.402347 0 -0.915487
    outer loop
      vertex 83.8716 0.61 5.44401
      vertex 83.8716 -0.01 5.44401
      vertex 83.7422 -0.01 5.38714
    endloop
  endfacet
  facet normal 0.452732 0 -0.891647
    outer loop
      vertex 83.9968 0.61 5.50758
      vertex 83.8716 -0.01 5.44401
      vertex 83.8716 0.61 5.44401
    endloop
  endfacet
  facet normal 0.452732 0 -0.891647
    outer loop
      vertex 83.9968 0.61 5.50758
      vertex 83.9968 -0.01 5.50758
      vertex 83.8716 -0.01 5.44401
    endloop
  endfacet
  facet normal 0.502821 0 -0.864391
    outer loop
      vertex 84.1176 0.61 5.57785
      vertex 83.9968 -0.01 5.50758
      vertex 83.9968 0.61 5.50758
    endloop
  endfacet
  facet normal 0.502821 0 -0.864391
    outer loop
      vertex 84.1176 0.61 5.57785
      vertex 84.1176 -0.01 5.57785
      vertex 83.9968 -0.01 5.50758
    endloop
  endfacet
  facet normal 0.552978 0 -0.833196
    outer loop
      vertex 84.2338 0.61 5.65497
      vertex 84.1176 -0.01 5.57785
      vertex 84.1176 0.61 5.57785
    endloop
  endfacet
  facet normal 0.552978 0 -0.833196
    outer loop
      vertex 84.2338 0.61 5.65497
      vertex 84.2338 -0.01 5.65497
      vertex 84.1176 -0.01 5.57785
    endloop
  endfacet
  facet normal 0.604382 0 -0.796695
    outer loop
      vertex 84.3447 0.61 5.7391
      vertex 84.2338 -0.01 5.65497
      vertex 84.2338 0.61 5.65497
    endloop
  endfacet
  facet normal 0.604382 0 -0.796695
    outer loop
      vertex 84.3447 0.61 5.7391
      vertex 84.3447 -0.01 5.7391
      vertex 84.2338 -0.01 5.65497
    endloop
  endfacet
  facet normal 0.653224 0 -0.757164
    outer loop
      vertex 84.4504 0.61 5.83029
      vertex 84.3447 -0.01 5.7391
      vertex 84.3447 0.61 5.7391
    endloop
  endfacet
  facet normal 0.653224 0 -0.757164
    outer loop
      vertex 84.4504 0.61 5.83029
      vertex 84.4504 -0.01 5.83029
      vertex 84.3447 -0.01 5.7391
    endloop
  endfacet
  facet normal 0.698839 0 -0.715279
    outer loop
      vertex 84.5509 0.61 5.92848
      vertex 84.4504 -0.01 5.83029
      vertex 84.4504 0.61 5.83029
    endloop
  endfacet
  facet normal 0.698839 0 -0.715279
    outer loop
      vertex 84.5509 0.61 5.92848
      vertex 84.5509 -0.01 5.92848
      vertex 84.4504 -0.01 5.83029
    endloop
  endfacet
  facet normal 0.741245 0 -0.671234
    outer loop
      vertex 84.6462 0.61 6.03372
      vertex 84.5509 -0.01 5.92848
      vertex 84.5509 0.61 5.92848
    endloop
  endfacet
  facet normal 0.741245 0 -0.671234
    outer loop
      vertex 84.6462 0.61 6.03372
      vertex 84.6462 -0.01 6.03372
      vertex 84.5509 -0.01 5.92848
    endloop
  endfacet
  facet normal 0.780217 0 -0.625508
    outer loop
      vertex 84.7362 0.61 6.14598
      vertex 84.6462 -0.01 6.03372
      vertex 84.6462 0.61 6.03372
    endloop
  endfacet
  facet normal 0.780217 0 -0.625508
    outer loop
      vertex 84.7362 0.61 6.14598
      vertex 84.7362 -0.01 6.14598
      vertex 84.6462 -0.01 6.03372
    endloop
  endfacet
  facet normal 0.814724 0 -0.579848
    outer loop
      vertex 84.8211 0.61 6.26527
      vertex 84.7362 -0.01 6.14598
      vertex 84.7362 0.61 6.14598
    endloop
  endfacet
  facet normal 0.814724 0 -0.579848
    outer loop
      vertex 84.8211 0.61 6.26527
      vertex 84.8211 -0.01 6.26527
      vertex 84.7362 -0.01 6.14598
    endloop
  endfacet
  facet normal 0.846017 0 -0.533156
    outer loop
      vertex 84.9007 0.61 6.39158
      vertex 84.8211 -0.01 6.26527
      vertex 84.8211 0.61 6.26527
    endloop
  endfacet
  facet normal 0.846017 0 -0.533156
    outer loop
      vertex 84.9007 0.61 6.39158
      vertex 84.9007 -0.01 6.39158
      vertex 84.8211 -0.01 6.26527
    endloop
  endfacet
  facet normal 0.873275 0 -0.487227
    outer loop
      vertex 84.9751 0.61 6.52493
      vertex 84.9007 -0.01 6.39158
      vertex 84.9007 0.61 6.39158
    endloop
  endfacet
  facet normal 0.873275 0 -0.487227
    outer loop
      vertex 84.9751 0.61 6.52493
      vertex 84.9751 -0.01 6.52493
      vertex 84.9007 -0.01 6.39158
    endloop
  endfacet
  facet normal 0.896677 0 -0.442685
    outer loop
      vertex 85.0444 0.61 6.6653
      vertex 84.9751 -0.01 6.52493
      vertex 84.9751 0.61 6.52493
    endloop
  endfacet
  facet normal 0.896677 0 -0.442685
    outer loop
      vertex 85.0444 0.61 6.6653
      vertex 85.0444 -0.01 6.6653
      vertex 84.9751 -0.01 6.52493
    endloop
  endfacet
  facet normal 0.917268 0 -0.398271
    outer loop
      vertex 85.1084 0.61 6.8127
      vertex 85.0444 -0.01 6.6653
      vertex 85.0444 0.61 6.6653
    endloop
  endfacet
  facet normal 0.917268 0 -0.398271
    outer loop
      vertex 85.1084 0.61 6.8127
      vertex 85.1084 -0.01 6.8127
      vertex 85.0444 -0.01 6.6653
    endloop
  endfacet
  facet normal 0.353117 0 0.935579
    outer loop
      vertex 84.0627 0.61 7.20738
      vertex 85.1084 -0.01 6.8127
      vertex 85.1084 0.61 6.8127
    endloop
  endfacet
  facet normal 0.353117 0 0.935579
    outer loop
      vertex 84.0627 0.61 7.20738
      vertex 84.0627 -0.01 7.20738
      vertex 85.1084 -0.01 6.8127
    endloop
  endfacet
  facet normal -0.916854 0 0.399222
    outer loop
      vertex 83.9803 0.61 7.01814
      vertex 84.0627 -0.01 7.20738
      vertex 84.0627 0.61 7.20738
    endloop
  endfacet
  facet normal -0.916854 0 0.399222
    outer loop
      vertex 83.9803 0.61 7.01814
      vertex 83.9803 -0.01 7.01814
      vertex 84.0627 -0.01 7.20738
    endloop
  endfacet
  facet normal -0.877892 0 0.478859
    outer loop
      vertex 83.8869 0.61 6.84691
      vertex 83.9803 -0.01 7.01814
      vertex 83.9803 0.61 7.01814
    endloop
  endfacet
  facet normal -0.877892 0 0.478859
    outer loop
      vertex 83.8869 0.61 6.84691
      vertex 83.8869 -0.01 6.84691
      vertex 83.9803 -0.01 7.01814
    endloop
  endfacet
  facet normal -0.826615 0 0.562767
    outer loop
      vertex 83.7826 0.61 6.69371
      vertex 83.8869 -0.01 6.84691
      vertex 83.8869 0.61 6.84691
    endloop
  endfacet
  facet normal -0.826615 0 0.562767
    outer loop
      vertex 83.7826 0.61 6.69371
      vertex 83.7826 -0.01 6.69371
      vertex 83.8869 -0.01 6.84691
    endloop
  endfacet
  facet normal -0.760836 0 0.648945
    outer loop
      vertex 83.6673 0.61 6.55853
      vertex 83.7826 -0.01 6.69371
      vertex 83.7826 0.61 6.69371
    endloop
  endfacet
  facet normal -0.760836 0 0.648945
    outer loop
      vertex 83.6673 0.61 6.55853
      vertex 83.6673 -0.01 6.55853
      vertex 83.7826 -0.01 6.69371
    endloop
  endfacet
  facet normal -0.680081 0 0.733137
    outer loop
      vertex 83.541 0.61 6.44137
      vertex 83.6673 -0.01 6.55853
      vertex 83.6673 0.61 6.55853
    endloop
  endfacet
  facet normal -0.680081 0 0.733137
    outer loop
      vertex 83.541 0.61 6.44137
      vertex 83.541 -0.01 6.44137
      vertex 83.6673 -0.01 6.55853
    endloop
  endfacet
  facet normal -0.58565 0 0.810564
    outer loop
      vertex 83.4038 0.61 6.34224
      vertex 83.541 -0.01 6.44137
      vertex 83.541 0.61 6.44137
    endloop
  endfacet
  facet normal -0.58565 0 0.810564
    outer loop
      vertex 83.4038 0.61 6.34224
      vertex 83.4038 -0.01 6.34224
      vertex 83.541 -0.01 6.44137
    endloop
  endfacet
  facet normal -0.480054 0 0.877239
    outer loop
      vertex 83.2556 0.61 6.26114
      vertex 83.4038 -0.01 6.34224
      vertex 83.4038 0.61 6.34224
    endloop
  endfacet
  facet normal -0.480054 0 0.877239
    outer loop
      vertex 83.2556 0.61 6.26114
      vertex 83.2556 -0.01 6.26114
      vertex 83.4038 -0.01 6.34224
    endloop
  endfacet
  facet normal -0.368368 0 0.92968
    outer loop
      vertex 83.0964 0.61 6.19806
      vertex 83.2556 -0.01 6.26114
      vertex 83.2556 0.61 6.26114
    endloop
  endfacet
  facet normal -0.368368 0 0.92968
    outer loop
      vertex 83.0964 0.61 6.19806
      vertex 83.0964 -0.01 6.19806
      vertex 83.2556 -0.01 6.26114
    endloop
  endfacet
  facet normal -0.256071 0 0.966658
    outer loop
      vertex 82.9263 0.61 6.153
      vertex 83.0964 -0.01 6.19806
      vertex 83.0964 0.61 6.19806
    endloop
  endfacet
  facet normal -0.256071 0 0.966658
    outer loop
      vertex 82.9263 0.61 6.153
      vertex 82.9263 -0.01 6.153
      vertex 83.0964 -0.01 6.19806
    endloop
  endfacet
  facet normal -0.147673 0 0.989036
    outer loop
      vertex 82.7452 0.61 6.12596
      vertex 82.9263 -0.01 6.153
      vertex 82.9263 0.61 6.153
    endloop
  endfacet
  facet normal -0.147673 0 0.989036
    outer loop
      vertex 82.7452 0.61 6.12596
      vertex 82.7452 -0.01 6.12596
      vertex 82.9263 -0.01 6.153
    endloop
  endfacet
  facet normal -0.0469274 0 0.998898
    outer loop
      vertex 82.5532 0.61 6.11694
      vertex 82.7452 -0.01 6.12596
      vertex 82.7452 0.61 6.12596
    endloop
  endfacet
  facet normal -0.0469274 0 0.998898
    outer loop
      vertex 82.5532 0.61 6.11694
      vertex 82.5532 -0.01 6.11694
      vertex 82.7452 -0.01 6.12596
    endloop
  endfacet
  facet normal 0.0295404 0 0.999564
    outer loop
      vertex 82.4077 0.61 6.12124
      vertex 82.5532 -0.01 6.11694
      vertex 82.5532 0.61 6.11694
    endloop
  endfacet
  facet normal 0.0295404 0 0.999564
    outer loop
      vertex 82.4077 0.61 6.12124
      vertex 82.4077 -0.01 6.12124
      vertex 82.5532 -0.01 6.11694
    endloop
  endfacet
  facet normal 0.0923479 0 0.995727
    outer loop
      vertex 82.2685 0.61 6.13415
      vertex 82.4077 -0.01 6.12124
      vertex 82.4077 0.61 6.12124
    endloop
  endfacet
  facet normal 0.0923479 0 0.995727
    outer loop
      vertex 82.2685 0.61 6.13415
      vertex 82.2685 -0.01 6.13415
      vertex 82.4077 -0.01 6.12124
    endloop
  endfacet
  facet normal 0.160034 0 0.987112
    outer loop
      vertex 82.1357 0.61 6.15568
      vertex 82.2685 -0.01 6.13415
      vertex 82.2685 0.61 6.13415
    endloop
  endfacet
  facet normal 0.160034 0 0.987112
    outer loop
      vertex 82.1357 0.61 6.15568
      vertex 82.1357 -0.01 6.15568
      vertex 82.2685 -0.01 6.13415
    endloop
  endfacet
  facet normal 0.231801 0 0.972763
    outer loop
      vertex 82.0093 0.61 6.1858
      vertex 82.1357 -0.01 6.15568
      vertex 82.1357 0.61 6.15568
    endloop
  endfacet
  facet normal 0.231801 0 0.972763
    outer loop
      vertex 82.0093 0.61 6.1858
      vertex 82.0093 -0.01 6.1858
      vertex 82.1357 -0.01 6.15568
    endloop
  endfacet
  facet normal 0.307061 0 0.95169
    outer loop
      vertex 81.8892 0.61 6.22455
      vertex 82.0093 -0.01 6.1858
      vertex 82.0093 0.61 6.1858
    endloop
  endfacet
  facet normal 0.307061 0 0.95169
    outer loop
      vertex 81.8892 0.61 6.22455
      vertex 81.8892 -0.01 6.22455
      vertex 82.0093 -0.01 6.1858
    endloop
  endfacet
  facet normal 0.384373 0 0.923178
    outer loop
      vertex 81.7755 0.61 6.27189
      vertex 81.8892 -0.01 6.22455
      vertex 81.8892 0.61 6.22455
    endloop
  endfacet
  facet normal 0.384373 0 0.923178
    outer loop
      vertex 81.7755 0.61 6.27189
      vertex 81.7755 -0.01 6.27189
      vertex 81.8892 -0.01 6.22455
    endloop
  endfacet
  facet normal 0.462081 0 0.886838
    outer loop
      vertex 81.6681 0.61 6.32785
      vertex 81.7755 -0.01 6.27189
      vertex 81.7755 0.61 6.27189
    endloop
  endfacet
  facet normal 0.462081 0 0.886838
    outer loop
      vertex 81.6681 0.61 6.32785
      vertex 81.6681 -0.01 6.32785
      vertex 81.7755 -0.01 6.27189
    endloop
  endfacet
  facet normal 0.538202 0 0.842816
    outer loop
      vertex 81.567 0.61 6.39241
      vertex 81.6681 -0.01 6.32785
      vertex 81.6681 0.61 6.32785
    endloop
  endfacet
  facet normal 0.538202 0 0.842816
    outer loop
      vertex 81.567 0.61 6.39241
      vertex 81.567 -0.01 6.39241
      vertex 81.6681 -0.01 6.32785
    endloop
  endfacet
  facet normal 0.611762 0 0.791042
    outer loop
      vertex 81.4724 0.61 6.46557
      vertex 81.567 -0.01 6.39241
      vertex 81.567 0.61 6.39241
    endloop
  endfacet
  facet normal 0.611762 0 0.791042
    outer loop
      vertex 81.4724 0.61 6.46557
      vertex 81.4724 -0.01 6.46557
      vertex 81.567 -0.01 6.39241
    endloop
  endfacet
  facet normal 0.679131 0 0.734017
    outer loop
      vertex 81.384 0.61 6.54736
      vertex 81.4724 -0.01 6.46557
      vertex 81.4724 0.61 6.46557
    endloop
  endfacet
  facet normal 0.679131 0 0.734017
    outer loop
      vertex 81.384 0.61 6.54736
      vertex 81.384 -0.01 6.54736
      vertex 81.4724 -0.01 6.46557
    endloop
  endfacet
  facet normal 0.741015 0 0.671488
    outer loop
      vertex 81.3021 0.61 6.63774
      vertex 81.384 -0.01 6.54736
      vertex 81.384 0.61 6.54736
    endloop
  endfacet
  facet normal 0.741015 0 0.671488
    outer loop
      vertex 81.3021 0.61 6.63774
      vertex 81.3021 -0.01 6.63774
      vertex 81.384 -0.01 6.54736
    endloop
  endfacet
  facet normal 0.794987 0 0.606626
    outer loop
      vertex 81.2269 0.61 6.73629
      vertex 81.3021 -0.01 6.63774
      vertex 81.3021 0.61 6.63774
    endloop
  endfacet
  facet normal 0.794987 0 0.606626
    outer loop
      vertex 81.2269 0.61 6.73629
      vertex 81.2269 -0.01 6.73629
      vertex 81.3021 -0.01 6.63774
    endloop
  endfacet
  facet normal 0.842027 0 0.539436
    outer loop
      vertex 81.1588 0.61 6.84259
      vertex 81.2269 -0.01 6.73629
      vertex 81.2269 0.61 6.73629
    endloop
  endfacet
  facet normal 0.842027 0 0.539436
    outer loop
      vertex 81.1588 0.61 6.84259
      vertex 81.1588 -0.01 6.84259
      vertex 81.2269 -0.01 6.73629
    endloop
  endfacet
  facet normal 0.882404 0 0.470492
    outer loop
      vertex 81.098 0.61 6.95662
      vertex 81.1588 -0.01 6.84259
      vertex 81.1588 0.61 6.84259
    endloop
  endfacet
  facet normal 0.882404 0 0.470492
    outer loop
      vertex 81.098 0.61 6.95662
      vertex 81.098 -0.01 6.95662
      vertex 81.1588 -0.01 6.84259
    endloop
  endfacet
  facet normal 0.914967 0 0.403529
    outer loop
      vertex 81.0443 0.61 7.07838
      vertex 81.098 -0.01 6.95662
      vertex 81.098 0.61 6.95662
    endloop
  endfacet
  facet normal 0.914967 0 0.403529
    outer loop
      vertex 81.0443 0.61 7.07838
      vertex 81.0443 -0.01 7.07838
      vertex 81.098 -0.01 6.95662
    endloop
  endfacet
  facet normal 0.940934 0 0.338591
    outer loop
      vertex 80.9977 0.61 7.20788
      vertex 81.0443 -0.01 7.07838
      vertex 81.0443 0.61 7.07838
    endloop
  endfacet
  facet normal 0.940934 0 0.338591
    outer loop
      vertex 80.9977 0.61 7.20788
      vertex 80.9977 -0.01 7.20788
      vertex 81.0443 -0.01 7.07838
    endloop
  endfacet
  facet normal 0.961169 0 0.27596
    outer loop
      vertex 80.9583 0.61 7.34511
      vertex 80.9977 -0.01 7.20788
      vertex 80.9977 0.61 7.20788
    endloop
  endfacet
  facet normal 0.961169 0 0.27596
    outer loop
      vertex 80.9583 0.61 7.34511
      vertex 80.9583 -0.01 7.34511
      vertex 80.9977 -0.01 7.20788
    endloop
  endfacet
  facet normal 0.976209 0 0.216831
    outer loop
      vertex 80.9261 0.61 7.49008
      vertex 80.9583 -0.01 7.34511
      vertex 80.9583 0.61 7.34511
    endloop
  endfacet
  facet normal 0.976209 0 0.216831
    outer loop
      vertex 80.9261 0.61 7.49008
      vertex 80.9261 -0.01 7.49008
      vertex 80.9583 -0.01 7.34511
    endloop
  endfacet
  facet normal 0.986757 0 0.162208
    outer loop
      vertex 80.901 0.61 7.64277
      vertex 80.9261 -0.01 7.49008
      vertex 80.9261 0.61 7.49008
    endloop
  endfacet
  facet normal 0.986757 0 0.162208
    outer loop
      vertex 80.901 0.61 7.64277
      vertex 80.901 -0.01 7.64277
      vertex 80.9261 -0.01 7.49008
    endloop
  endfacet
  facet normal 0.993833 0 0.110887
    outer loop
      vertex 80.8831 0.61 7.8032
      vertex 80.901 -0.01 7.64277
      vertex 80.901 0.61 7.64277
    endloop
  endfacet
  facet normal 0.993833 0 0.110887
    outer loop
      vertex 80.8831 0.61 7.8032
      vertex 80.8831 -0.01 7.8032
      vertex 80.901 -0.01 7.64277
    endloop
  endfacet
  facet normal 0.997944 0 0.0640887
    outer loop
      vertex 80.8723 0.61 7.97137
      vertex 80.8831 -0.01 7.8032
      vertex 80.8831 0.61 7.8032
    endloop
  endfacet
  facet normal 0.997944 0 0.0640887
    outer loop
      vertex 80.8723 0.61 7.97137
      vertex 80.8723 -0.01 7.97137
      vertex 80.8831 -0.01 7.8032
    endloop
  endfacet
  facet normal 0.999802 0 0.0198937
    outer loop
      vertex 80.8688 0.61 8.14727
      vertex 80.8723 -0.01 7.97137
      vertex 80.8723 0.61 7.97137
    endloop
  endfacet
  facet normal 0.999802 0 0.0198937
    outer loop
      vertex 80.8688 0.61 8.14727
      vertex 80.8688 -0.01 8.14727
      vertex 80.8723 -0.01 7.97137
    endloop
  endfacet
  facet normal 0.999795 0 -0.0202353
    outer loop
      vertex 80.8723 0.61 8.3202
      vertex 80.8688 -0.01 8.14727
      vertex 80.8688 0.61 8.14727
    endloop
  endfacet
  facet normal 0.999795 0 -0.0202353
    outer loop
      vertex 80.8723 0.61 8.3202
      vertex 80.8723 -0.01 8.3202
      vertex 80.8688 -0.01 8.14727
    endloop
  endfacet
  facet normal 0.998025 0 -0.0628258
    outer loop
      vertex 80.8827 0.61 8.48541
      vertex 80.8723 -0.01 8.3202
      vertex 80.8723 0.61 8.3202
    endloop
  endfacet
  facet normal 0.998025 0 -0.0628258
    outer loop
      vertex 80.8827 0.61 8.48541
      vertex 80.8827 -0.01 8.48541
      vertex 80.8723 -0.01 8.3202
    endloop
  endfacet
  facet normal 0.993951 0 -0.109829
    outer loop
      vertex 80.9001 0.61 8.64288
      vertex 80.8827 -0.01 8.48541
      vertex 80.8827 0.61 8.48541
    endloop
  endfacet
  facet normal 0.993951 0 -0.109829
    outer loop
      vertex 80.9001 0.61 8.64288
      vertex 80.9001 -0.01 8.64288
      vertex 80.8827 -0.01 8.48541
    endloop
  endfacet
  facet normal 0.986979 0 -0.160849
    outer loop
      vertex 80.9245 0.61 8.7926
      vertex 80.9001 -0.01 8.64288
      vertex 80.9001 0.61 8.64288
    endloop
  endfacet
  facet normal 0.986979 0 -0.160849
    outer loop
      vertex 80.9245 0.61 8.7926
      vertex 80.9245 -0.01 8.7926
      vertex 80.9001 -0.01 8.64288
    endloop
  endfacet
  facet normal 0.976558 0 -0.215255
    outer loop
      vertex 80.9558 0.61 8.9346
      vertex 80.9245 -0.01 8.7926
      vertex 80.9245 0.61 8.7926
    endloop
  endfacet
  facet normal 0.976558 0 -0.215255
    outer loop
      vertex 80.9558 0.61 8.9346
      vertex 80.9558 -0.01 8.9346
      vertex 80.9245 -0.01 8.7926
    endloop
  endfacet
  facet normal 0.961826 0 -0.273661
    outer loop
      vertex 80.994 0.61 9.06886
      vertex 80.9558 -0.01 8.9346
      vertex 80.9558 0.61 8.9346
    endloop
  endfacet
  facet normal 0.961826 0 -0.273661
    outer loop
      vertex 80.994 0.61 9.06886
      vertex 80.994 -0.01 9.06886
      vertex 80.9558 -0.01 8.9346
    endloop
  endfacet
  facet normal 0.941489 0 -0.337043
    outer loop
      vertex 81.0393 0.61 9.1954
      vertex 80.994 -0.01 9.06886
      vertex 80.994 0.61 9.06886
    endloop
  endfacet
  facet normal 0.941489 0 -0.337043
    outer loop
      vertex 81.0393 0.61 9.1954
      vertex 81.0393 -0.01 9.1954
      vertex 80.994 -0.01 9.06886
    endloop
  endfacet
  facet normal 0.915507 0 -0.402302
    outer loop
      vertex 81.0915 0.61 9.31419
      vertex 81.0393 -0.01 9.1954
      vertex 81.0393 0.61 9.1954
    endloop
  endfacet
  facet normal 0.915507 0 -0.402302
    outer loop
      vertex 81.0915 0.61 9.31419
      vertex 81.0915 -0.01 9.31419
      vertex 81.0393 -0.01 9.1954
    endloop
  endfacet
  facet normal 0.882441 0 -0.470423
    outer loop
      vertex 81.1507 0.61 9.42524
      vertex 81.0915 -0.01 9.31419
      vertex 81.0915 0.61 9.31419
    endloop
  endfacet
  facet normal 0.882441 0 -0.470423
    outer loop
      vertex 81.1507 0.61 9.42524
      vertex 81.1507 -0.01 9.42524
      vertex 81.0915 -0.01 9.31419
    endloop
  endfacet
  facet normal 0.842411 0 -0.538836
    outer loop
      vertex 81.2168 0.61 9.52858
      vertex 81.1507 -0.01 9.42524
      vertex 81.1507 0.61 9.42524
    endloop
  endfacet
  facet normal 0.842411 0 -0.538836
    outer loop
      vertex 81.2168 0.61 9.52858
      vertex 81.2168 -0.01 9.52858
      vertex 81.1507 -0.01 9.42524
    endloop
  endfacet
  facet normal 0.794752 0 -0.606935
    outer loop
      vertex 81.2898 0.61 9.62417
      vertex 81.2168 -0.01 9.52858
      vertex 81.2168 0.61 9.52858
    endloop
  endfacet
  facet normal 0.794752 0 -0.606935
    outer loop
      vertex 81.2898 0.61 9.62417
      vertex 81.2898 -0.01 9.62417
      vertex 81.2168 -0.01 9.52858
    endloop
  endfacet
  facet normal 0.738679 0 -0.674057
    outer loop
      vertex 81.3697 0.61 9.71173
      vertex 81.2898 -0.01 9.62417
      vertex 81.2898 0.61 9.62417
    endloop
  endfacet
  facet normal 0.738679 0 -0.674057
    outer loop
      vertex 81.3697 0.61 9.71173
      vertex 81.3697 -0.01 9.71173
      vertex 81.2898 -0.01 9.62417
    endloop
  endfacet
  facet normal 0.676242 0 -0.736679
    outer loop
      vertex 81.456 0.61 9.79095
      vertex 81.3697 -0.01 9.71173
      vertex 81.3697 0.61 9.71173
    endloop
  endfacet
  facet normal 0.676242 0 -0.736679
    outer loop
      vertex 81.456 0.61 9.79095
      vertex 81.456 -0.01 9.79095
      vertex 81.3697 -0.01 9.71173
    endloop
  endfacet
  facet normal 0.607046 0 -0.794666
    outer loop
      vertex 81.5488 0.61 9.86184
      vertex 81.456 -0.01 9.79095
      vertex 81.456 0.61 9.79095
    endloop
  endfacet
  facet normal 0.607046 0 -0.794666
    outer loop
      vertex 81.5488 0.61 9.86184
      vertex 81.5488 -0.01 9.86184
      vertex 81.456 -0.01 9.79095
    endloop
  endfacet
  facet normal 0.533367 0 -0.845884
    outer loop
      vertex 81.648 0.61 9.92439
      vertex 81.5488 -0.01 9.86184
      vertex 81.5488 0.61 9.86184
    endloop
  endfacet
  facet normal 0.533367 0 -0.845884
    outer loop
      vertex 81.648 0.61 9.92439
      vertex 81.648 -0.01 9.92439
      vertex 81.5488 -0.01 9.86184
    endloop
  endfacet
  facet normal 0.455941 0 -0.89001
    outer loop
      vertex 81.7538 0.61 9.97859
      vertex 81.648 -0.01 9.92439
      vertex 81.648 0.61 9.92439
    endloop
  endfacet
  facet normal 0.455941 0 -0.89001
    outer loop
      vertex 81.7538 0.61 9.97859
      vertex 81.7538 -0.01 9.97859
      vertex 81.648 -0.01 9.92439
    endloop
  endfacet
  facet normal 0.378415 0 -0.925636
    outer loop
      vertex 81.8661 0.61 10.0245
      vertex 81.7538 -0.01 9.97859
      vertex 81.7538 0.61 9.97859
    endloop
  endfacet
  facet normal 0.378415 0 -0.925636
    outer loop
      vertex 81.8661 0.61 10.0245
      vertex 81.8661 -0.01 10.0245
      vertex 81.7538 -0.01 9.97859
    endloop
  endfacet
  facet normal 0.301247 0 -0.953546
    outer loop
      vertex 81.9848 0.61 10.062
      vertex 81.8661 -0.01 10.0245
      vertex 81.8661 0.61 10.0245
    endloop
  endfacet
  facet normal 0.301247 0 -0.953546
    outer loop
      vertex 81.9848 0.61 10.062
      vertex 81.9848 -0.01 10.062
      vertex 81.8661 -0.01 10.0245
    endloop
  endfacet
  facet normal 0.226959 0 -0.973904
    outer loop
      vertex 82.1101 0.61 10.0912
      vertex 81.9848 -0.01 10.062
      vertex 81.9848 0.61 10.062
    endloop
  endfacet
  facet normal 0.226959 0 -0.973904
    outer loop
      vertex 82.1101 0.61 10.0912
      vertex 82.1101 -0.01 10.0912
      vertex 81.9848 -0.01 10.062
    endloop
  endfacet
  facet normal 0.156001 0 -0.987757
    outer loop
      vertex 82.2418 0.61 10.112
      vertex 82.1101 -0.01 10.0912
      vertex 82.1101 0.61 10.0912
    endloop
  endfacet
  facet normal 0.156001 0 -0.987757
    outer loop
      vertex 82.2418 0.61 10.112
      vertex 82.2418 -0.01 10.112
      vertex 82.1101 -0.01 10.0912
    endloop
  endfacet
  facet normal 0.0900809 0 -0.995934
    outer loop
      vertex 82.38 0.61 10.1245
      vertex 82.2418 -0.01 10.112
      vertex 82.2418 0.61 10.112
    endloop
  endfacet
  facet normal 0.0900809 0 -0.995934
    outer loop
      vertex 82.38 0.61 10.1245
      vertex 82.38 -0.01 10.1245
      vertex 82.2418 -0.01 10.112
    endloop
  endfacet
  facet normal 0.0290134 0 -0.999579
    outer loop
      vertex 82.5247 0.61 10.1287
      vertex 82.38 -0.01 10.1245
      vertex 82.38 0.61 10.1245
    endloop
  endfacet
  facet normal 0.0290134 0 -0.999579
    outer loop
      vertex 82.5247 0.61 10.1287
      vertex 82.5247 -0.01 10.1287
      vertex 82.38 -0.01 10.1245
    endloop
  endfacet
  facet normal -0.0219154 0 -0.99976
    outer loop
      vertex 82.6205 0.61 10.1266
      vertex 82.5247 -0.01 10.1287
      vertex 82.5247 0.61 10.1287
    endloop
  endfacet
  facet normal -0.0219154 -0 -0.99976
    outer loop
      vertex 82.6205 0.61 10.1266
      vertex 82.6205 -0.01 10.1266
      vertex 82.5247 -0.01 10.1287
    endloop
  endfacet
  facet normal -0.0672989 0 -0.997733
    outer loop
      vertex 82.7139 0.61 10.1203
      vertex 82.6205 -0.01 10.1266
      vertex 82.6205 0.61 10.1266
    endloop
  endfacet
  facet normal -0.0672989 -0 -0.997733
    outer loop
      vertex 82.7139 0.61 10.1203
      vertex 82.7139 -0.01 10.1203
      vertex 82.6205 -0.01 10.1266
    endloop
  endfacet
  facet normal -0.1145 0 -0.993423
    outer loop
      vertex 82.805 0.61 10.1098
      vertex 82.7139 -0.01 10.1203
      vertex 82.7139 0.61 10.1203
    endloop
  endfacet
  facet normal -0.1145 -0 -0.993423
    outer loop
      vertex 82.805 0.61 10.1098
      vertex 82.805 -0.01 10.1098
      vertex 82.7139 -0.01 10.1203
    endloop
  endfacet
  facet normal -0.163318 0 -0.986573
    outer loop
      vertex 82.8938 0.61 10.0951
      vertex 82.805 -0.01 10.1098
      vertex 82.805 0.61 10.1098
    endloop
  endfacet
  facet normal -0.163318 -0 -0.986573
    outer loop
      vertex 82.8938 0.61 10.0951
      vertex 82.8938 -0.01 10.0951
      vertex 82.805 -0.01 10.1098
    endloop
  endfacet
  facet normal -0.213461 0 -0.976952
    outer loop
      vertex 82.9803 0.61 10.0762
      vertex 82.8938 -0.01 10.0951
      vertex 82.8938 0.61 10.0951
    endloop
  endfacet
  facet normal -0.213461 -0 -0.976952
    outer loop
      vertex 82.9803 0.61 10.0762
      vertex 82.9803 -0.01 10.0762
      vertex 82.8938 -0.01 10.0951
    endloop
  endfacet
  facet normal -0.264863 0 -0.964286
    outer loop
      vertex 83.0644 0.61 10.0531
      vertex 82.9803 -0.01 10.0762
      vertex 82.9803 0.61 10.0762
    endloop
  endfacet
  facet normal -0.264863 -0 -0.964286
    outer loop
      vertex 83.0644 0.61 10.0531
      vertex 83.0644 -0.01 10.0531
      vertex 82.9803 -0.01 10.0762
    endloop
  endfacet
  facet normal -0.31727 0 -0.948335
    outer loop
      vertex 83.1463 0.61 10.0257
      vertex 83.0644 -0.01 10.0531
      vertex 83.0644 0.61 10.0531
    endloop
  endfacet
  facet normal -0.31727 -0 -0.948335
    outer loop
      vertex 83.1463 0.61 10.0257
      vertex 83.1463 -0.01 10.0257
      vertex 83.0644 -0.01 10.0531
    endloop
  endfacet
  facet normal -0.368263 0 -0.929722
    outer loop
      vertex 83.2258 0.61 9.99421
      vertex 83.1463 -0.01 10.0257
      vertex 83.1463 0.61 10.0257
    endloop
  endfacet
  facet normal -0.368263 -0 -0.929722
    outer loop
      vertex 83.2258 0.61 9.99421
      vertex 83.2258 -0.01 9.99421
      vertex 83.1463 -0.01 10.0257
    endloop
  endfacet
  facet normal -0.419923 0 -0.90756
    outer loop
      vertex 83.303 0.61 9.95849
      vertex 83.2258 -0.01 9.99421
      vertex 83.2258 0.61 9.99421
    endloop
  endfacet
  facet normal -0.419923 -0 -0.90756
    outer loop
      vertex 83.303 0.61 9.95849
      vertex 83.303 -0.01 9.95849
      vertex 83.2258 -0.01 9.99421
    endloop
  endfacet
  facet normal -0.470925 0 -0.882173
    outer loop
      vertex 83.3778 0.61 9.91856
      vertex 83.303 -0.01 9.95849
      vertex 83.303 0.61 9.95849
    endloop
  endfacet
  facet normal -0.470925 -0 -0.882173
    outer loop
      vertex 83.3778 0.61 9.91856
      vertex 83.3778 -0.01 9.91856
      vertex 83.303 -0.01 9.95849
    endloop
  endfacet
  facet normal -0.51942 0 -0.854519
    outer loop
      vertex 83.4504 0.61 9.87443
      vertex 83.3778 -0.01 9.91856
      vertex 83.3778 0.61 9.91856
    endloop
  endfacet
  facet normal -0.51942 -0 -0.854519
    outer loop
      vertex 83.4504 0.61 9.87443
      vertex 83.4504 -0.01 9.87443
      vertex 83.3778 -0.01 9.91856
    endloop
  endfacet
  facet normal -0.567538 0 -0.823347
    outer loop
      vertex 83.5196 0.61 9.82673
      vertex 83.4504 -0.01 9.87443
      vertex 83.4504 0.61 9.87443
    endloop
  endfacet
  facet normal -0.567538 -0 -0.823347
    outer loop
      vertex 83.5196 0.61 9.82673
      vertex 83.5196 -0.01 9.82673
      vertex 83.4504 -0.01 9.87443
    endloop
  endfacet
  facet normal -0.614503 0 -0.788914
    outer loop
      vertex 83.5846 0.61 9.7761
      vertex 83.5196 -0.01 9.82673
      vertex 83.5196 0.61 9.82673
    endloop
  endfacet
  facet normal -0.614503 -0 -0.788914
    outer loop
      vertex 83.5846 0.61 9.7761
      vertex 83.5846 -0.01 9.7761
      vertex 83.5196 -0.01 9.82673
    endloop
  endfacet
  facet normal -0.661491 0 -0.749953
    outer loop
      vertex 83.6453 0.61 9.72256
      vertex 83.5846 -0.01 9.7761
      vertex 83.5846 0.61 9.7761
    endloop
  endfacet
  facet normal -0.661491 -0 -0.749953
    outer loop
      vertex 83.6453 0.61 9.72256
      vertex 83.6453 -0.01 9.72256
      vertex 83.5846 -0.01 9.7761
    endloop
  endfacet
  facet normal -0.706919 0 -0.707295
    outer loop
      vertex 83.7018 0.61 9.66609
      vertex 83.6453 -0.01 9.72256
      vertex 83.6453 0.61 9.72256
    endloop
  endfacet
  facet normal -0.706919 -0 -0.707295
    outer loop
      vertex 83.7018 0.61 9.66609
      vertex 83.7018 -0.01 9.66609
      vertex 83.6453 -0.01 9.72256
    endloop
  endfacet
  facet normal -0.751792 0 -0.6594
    outer loop
      vertex 83.7539 0.61 9.60669
      vertex 83.7018 -0.01 9.66609
      vertex 83.7018 0.61 9.66609
    endloop
  endfacet
  facet normal -0.751792 -0 -0.6594
    outer loop
      vertex 83.7539 0.61 9.60669
      vertex 83.7539 -0.01 9.60669
      vertex 83.7018 -0.01 9.66609
    endloop
  endfacet
  facet normal -0.79286 0 -0.609403
    outer loop
      vertex 83.8018 0.61 9.54437
      vertex 83.7539 -0.01 9.60669
      vertex 83.7539 0.61 9.60669
    endloop
  endfacet
  facet normal -0.79286 -0 -0.609403
    outer loop
      vertex 83.8018 0.61 9.54437
      vertex 83.8018 -0.01 9.54437
      vertex 83.7539 -0.01 9.60669
    endloop
  endfacet
  facet normal -0.830873 0 -0.556462
    outer loop
      vertex 83.8455 0.61 9.47912
      vertex 83.8018 -0.01 9.54437
      vertex 83.8018 0.61 9.54437
    endloop
  endfacet
  facet normal -0.830873 -0 -0.556462
    outer loop
      vertex 83.8455 0.61 9.47912
      vertex 83.8455 -0.01 9.47912
      vertex 83.8018 -0.01 9.54437
    endloop
  endfacet
  facet normal -0.866344 0 -0.499447
    outer loop
      vertex 83.8848 0.61 9.41095
      vertex 83.8455 -0.01 9.47912
      vertex 83.8455 0.61 9.47912
    endloop
  endfacet
  facet normal -0.866344 -0 -0.499447
    outer loop
      vertex 83.8848 0.61 9.41095
      vertex 83.8848 -0.01 9.41095
      vertex 83.8455 -0.01 9.47912
    endloop
  endfacet
  facet normal -0.89671 0 -0.442618
    outer loop
      vertex 83.9199 0.61 9.33984
      vertex 83.8848 -0.01 9.41095
      vertex 83.8848 0.61 9.41095
    endloop
  endfacet
  facet normal -0.89671 -0 -0.442618
    outer loop
      vertex 83.9199 0.61 9.33984
      vertex 83.9199 -0.01 9.33984
      vertex 83.8848 -0.01 9.41095
    endloop
  endfacet
  facet normal -0.923261 0 -0.384173
    outer loop
      vertex 83.9507 0.61 9.26582
      vertex 83.9199 -0.01 9.33984
      vertex 83.9199 0.61 9.33984
    endloop
  endfacet
  facet normal -0.923261 -0 -0.384173
    outer loop
      vertex 83.9507 0.61 9.26582
      vertex 83.9507 -0.01 9.26582
      vertex 83.9199 -0.01 9.33984
    endloop
  endfacet
  facet normal -0.945503 0 -0.325612
    outer loop
      vertex 83.9772 0.61 9.18887
      vertex 83.9507 -0.01 9.26582
      vertex 83.9507 0.61 9.26582
    endloop
  endfacet
  facet normal -0.945503 -0 -0.325612
    outer loop
      vertex 83.9772 0.61 9.18887
      vertex 83.9772 -0.01 9.18887
      vertex 83.9507 -0.01 9.26582
    endloop
  endfacet
  facet normal 0.263359 0 -0.964698
    outer loop
      vertex 85.0352 0.61 9.4777
      vertex 83.9772 -0.01 9.18887
      vertex 83.9772 0.61 9.18887
    endloop
  endfacet
  facet normal 0.263359 0 -0.964698
    outer loop
      vertex 85.0352 0.61 9.4777
      vertex 85.0352 -0.01 9.4777
      vertex 83.9772 -0.01 9.18887
    endloop
  endfacet
  facet normal 0.941894 0 0.335909
    outer loop
      vertex 84.9854 0.61 9.61734
      vertex 85.0352 -0.01 9.4777
      vertex 85.0352 0.61 9.4777
    endloop
  endfacet
  facet normal 0.941894 0 0.335909
    outer loop
      vertex 84.9854 0.61 9.61734
      vertex 84.9854 -0.01 9.61734
      vertex 85.0352 -0.01 9.4777
    endloop
  endfacet
  facet normal 0.921989 0 0.387216
    outer loop
      vertex 84.9294 0.61 9.75068
      vertex 84.9854 -0.01 9.61734
      vertex 84.9854 0.61 9.61734
    endloop
  endfacet
  facet normal 0.921989 0 0.387216
    outer loop
      vertex 84.9294 0.61 9.75068
      vertex 84.9294 -0.01 9.75068
      vertex 84.9854 -0.01 9.61734
    endloop
  endfacet
  facet normal 0.898156 0 0.439677
    outer loop
      vertex 84.8672 0.61 9.87774
      vertex 84.9294 -0.01 9.75068
      vertex 84.9294 0.61 9.75068
    endloop
  endfacet
  facet normal 0.898156 0 0.439677
    outer loop
      vertex 84.8672 0.61 9.87774
      vertex 84.8672 -0.01 9.87774
      vertex 84.9294 -0.01 9.75068
    endloop
  endfacet
  facet normal 0.869843 0 0.493329
    outer loop
      vertex 84.7987 0.61 9.99852
      vertex 84.8672 -0.01 9.87774
      vertex 84.8672 0.61 9.87774
    endloop
  endfacet
  facet normal 0.869843 0 0.493329
    outer loop
      vertex 84.7987 0.61 9.99852
      vertex 84.7987 -0.01 9.99852
      vertex 84.8672 -0.01 9.87774
    endloop
  endfacet
  facet normal 0.837145 0 0.546981
    outer loop
      vertex 84.7239 0.61 10.113
      vertex 84.7987 -0.01 9.99852
      vertex 84.7987 0.61 9.99852
    endloop
  endfacet
  facet normal 0.837145 0 0.546981
    outer loop
      vertex 84.7239 0.61 10.113
      vertex 84.7239 -0.01 10.113
      vertex 84.7987 -0.01 9.99852
    endloop
  endfacet
  facet normal 0.800532 0 0.599289
    outer loop
      vertex 84.6429 0.61 10.2212
      vertex 84.7239 -0.01 10.113
      vertex 84.7239 0.61 10.113
    endloop
  endfacet
  facet normal 0.800532 0 0.599289
    outer loop
      vertex 84.6429 0.61 10.2212
      vertex 84.6429 -0.01 10.2212
      vertex 84.7239 -0.01 10.113
    endloop
  endfacet
  facet normal 0.759414 0 0.650607
    outer loop
      vertex 84.5556 0.61 10.3231
      vertex 84.6429 -0.01 10.2212
      vertex 84.6429 0.61 10.2212
    endloop
  endfacet
  facet normal 0.759414 0 0.650607
    outer loop
      vertex 84.5556 0.61 10.3231
      vertex 84.5556 -0.01 10.3231
      vertex 84.6429 -0.01 10.2212
    endloop
  endfacet
  facet normal 0.714915 0 0.699211
    outer loop
      vertex 84.4621 0.61 10.4187
      vertex 84.5556 -0.01 10.3231
      vertex 84.5556 0.61 10.3231
    endloop
  endfacet
  facet normal 0.714915 0 0.699211
    outer loop
      vertex 84.4621 0.61 10.4187
      vertex 84.4621 -0.01 10.4187
      vertex 84.5556 -0.01 10.3231
    endloop
  endfacet
  facet normal 0.667188 0 0.744889
    outer loop
      vertex 84.3624 0.61 10.508
      vertex 84.4621 -0.01 10.4187
      vertex 84.4621 0.61 10.4187
    endloop
  endfacet
  facet normal 0.667188 0 0.744889
    outer loop
      vertex 84.3624 0.61 10.508
      vertex 84.3624 -0.01 10.508
      vertex 84.4621 -0.01 10.4187
    endloop
  endfacet
  facet normal 0.616608 0 0.78727
    outer loop
      vertex 84.2563 0.61 10.5911
      vertex 84.3624 -0.01 10.508
      vertex 84.3624 0.61 10.508
    endloop
  endfacet
  facet normal 0.616608 0 0.78727
    outer loop
      vertex 84.2563 0.61 10.5911
      vertex 84.2563 -0.01 10.5911
      vertex 84.3624 -0.01 10.508
    endloop
  endfacet
  facet normal 0.563998 0 0.825776
    outer loop
      vertex 84.144 0.61 10.6678
      vertex 84.2563 -0.01 10.5911
      vertex 84.2563 0.61 10.5911
    endloop
  endfacet
  facet normal 0.563998 0 0.825776
    outer loop
      vertex 84.144 0.61 10.6678
      vertex 84.144 -0.01 10.6678
      vertex 84.2563 -0.01 10.5911
    endloop
  endfacet
  facet normal 0.510539 0 0.859855
    outer loop
      vertex 84.0256 0.61 10.7381
      vertex 84.144 -0.01 10.6678
      vertex 84.144 0.61 10.6678
    endloop
  endfacet
  facet normal 0.510539 0 0.859855
    outer loop
      vertex 84.0256 0.61 10.7381
      vertex 84.0256 -0.01 10.7381
      vertex 84.144 -0.01 10.6678
    endloop
  endfacet
  facet normal 0.453776 0 0.891116
    outer loop
      vertex 83.9009 0.61 10.8016
      vertex 84.0256 -0.01 10.7381
      vertex 84.0256 0.61 10.7381
    endloop
  endfacet
  facet normal 0.453776 0 0.891116
    outer loop
      vertex 83.9009 0.61 10.8016
      vertex 83.9009 -0.01 10.8016
      vertex 84.0256 -0.01 10.7381
    endloop
  endfacet
  facet normal 0.398649 0 0.917103
    outer loop
      vertex 83.77 0.61 10.8585
      vertex 83.9009 -0.01 10.8016
      vertex 83.9009 0.61 10.8016
    endloop
  endfacet
  facet normal 0.398649 0 0.917103
    outer loop
      vertex 83.77 0.61 10.8585
      vertex 83.77 -0.01 10.8585
      vertex 83.9009 -0.01 10.8016
    endloop
  endfacet
  facet normal 0.343832 0 0.939031
    outer loop
      vertex 83.6329 0.61 10.9087
      vertex 83.77 -0.01 10.8585
      vertex 83.77 0.61 10.8585
    endloop
  endfacet
  facet normal 0.343832 0 0.939031
    outer loop
      vertex 83.6329 0.61 10.9087
      vertex 83.6329 -0.01 10.9087
      vertex 83.77 -0.01 10.8585
    endloop
  endfacet
  facet normal 0.290656 0 0.956827
    outer loop
      vertex 83.4897 0.61 10.9522
      vertex 83.6329 -0.01 10.9087
      vertex 83.6329 0.61 10.9087
    endloop
  endfacet
  facet normal 0.290656 0 0.956827
    outer loop
      vertex 83.4897 0.61 10.9522
      vertex 83.4897 -0.01 10.9522
      vertex 83.6329 -0.01 10.9087
    endloop
  endfacet
  facet normal 0.23917 0 0.970978
    outer loop
      vertex 83.3403 0.61 10.989
      vertex 83.4897 -0.01 10.9522
      vertex 83.4897 0.61 10.9522
    endloop
  endfacet
  facet normal 0.23917 0 0.970978
    outer loop
      vertex 83.3403 0.61 10.989
      vertex 83.3403 -0.01 10.989
      vertex 83.4897 -0.01 10.9522
    endloop
  endfacet
  facet normal 0.189924 0 0.981799
    outer loop
      vertex 83.1847 0.61 11.0191
      vertex 83.3403 -0.01 10.989
      vertex 83.3403 0.61 10.989
    endloop
  endfacet
  facet normal 0.189924 0 0.981799
    outer loop
      vertex 83.1847 0.61 11.0191
      vertex 83.1847 -0.01 11.0191
      vertex 83.3403 -0.01 10.989
    endloop
  endfacet
  facet normal 0.143646 0 0.989629
    outer loop
      vertex 83.0228 0.61 11.0426
      vertex 83.1847 -0.01 11.0191
      vertex 83.1847 0.61 11.0191
    endloop
  endfacet
  facet normal 0.143646 0 0.989629
    outer loop
      vertex 83.0228 0.61 11.0426
      vertex 83.0228 -0.01 11.0426
      vertex 83.1847 -0.01 11.0191
    endloop
  endfacet
  facet normal 0.0989172 0 0.995096
    outer loop
      vertex 82.8548 0.61 11.0593
      vertex 83.0228 -0.01 11.0426
      vertex 83.0228 0.61 11.0426
    endloop
  endfacet
  facet normal 0.0989172 0 0.995096
    outer loop
      vertex 82.8548 0.61 11.0593
      vertex 82.8548 -0.01 11.0593
      vertex 83.0228 -0.01 11.0426
    endloop
  endfacet
  facet normal 0.0573437 0 0.998354
    outer loop
      vertex 82.6807 0.61 11.0693
      vertex 82.8548 -0.01 11.0593
      vertex 82.8548 0.61 11.0593
    endloop
  endfacet
  facet normal 0.0573437 0 0.998354
    outer loop
      vertex 82.6807 0.61 11.0693
      vertex 82.6807 -0.01 11.0693
      vertex 82.8548 -0.01 11.0593
    endloop
  endfacet
  facet normal 0.0188437 0 0.999822
    outer loop
      vertex 82.5003 0.61 11.0727
      vertex 82.6807 -0.01 11.0693
      vertex 82.6807 0.61 11.0693
    endloop
  endfacet
  facet normal 0.0188437 0 0.999822
    outer loop
      vertex 82.5003 0.61 11.0727
      vertex 82.5003 -0.01 11.0727
      vertex 82.6807 -0.01 11.0693
    endloop
  endfacet
  facet normal -0.025591 0 0.999672
    outer loop
      vertex 82.2542 0.61 11.0664
      vertex 82.5003 -0.01 11.0727
      vertex 82.5003 0.61 11.0727
    endloop
  endfacet
  facet normal -0.025591 0 0.999672
    outer loop
      vertex 82.2542 0.61 11.0664
      vertex 82.2542 -0.01 11.0664
      vertex 82.5003 -0.01 11.0727
    endloop
  endfacet
  facet normal -0.0792232 0 0.996857
    outer loop
      vertex 82.0189 0.61 11.0477
      vertex 82.2542 -0.01 11.0664
      vertex 82.2542 0.61 11.0664
    endloop
  endfacet
  facet normal -0.0792232 0 0.996857
    outer loop
      vertex 82.0189 0.61 11.0477
      vertex 82.0189 -0.01 11.0477
      vertex 82.2542 -0.01 11.0664
    endloop
  endfacet
  facet normal -0.138085 0 0.99042
    outer loop
      vertex 81.7944 0.61 11.0164
      vertex 82.0189 -0.01 11.0477
      vertex 82.0189 0.61 11.0477
    endloop
  endfacet
  facet normal -0.138085 0 0.99042
    outer loop
      vertex 81.7944 0.61 11.0164
      vertex 81.7944 -0.01 11.0164
      vertex 82.0189 -0.01 11.0477
    endloop
  endfacet
  facet normal -0.200876 0 0.979617
    outer loop
      vertex 81.5808 0.61 10.9726
      vertex 81.7944 -0.01 11.0164
      vertex 81.7944 0.61 11.0164
    endloop
  endfacet
  facet normal -0.200876 0 0.979617
    outer loop
      vertex 81.5808 0.61 10.9726
      vertex 81.5808 -0.01 10.9726
      vertex 81.7944 -0.01 11.0164
    endloop
  endfacet
  facet normal -0.267497 0 0.963559
    outer loop
      vertex 81.378 0.61 10.9163
      vertex 81.5808 -0.01 10.9726
      vertex 81.5808 0.61 10.9726
    endloop
  endfacet
  facet normal -0.267497 0 0.963559
    outer loop
      vertex 81.378 0.61 10.9163
      vertex 81.378 -0.01 10.9163
      vertex 81.5808 -0.01 10.9726
    endloop
  endfacet
  facet normal -0.337486 0 0.941331
    outer loop
      vertex 81.1861 0.61 10.8475
      vertex 81.378 -0.01 10.9163
      vertex 81.378 0.61 10.9163
    endloop
  endfacet
  facet normal -0.337486 0 0.941331
    outer loop
      vertex 81.1861 0.61 10.8475
      vertex 81.1861 -0.01 10.8475
      vertex 81.378 -0.01 10.9163
    endloop
  endfacet
  facet normal -0.409359 0 0.912373
    outer loop
      vertex 81.0049 0.61 10.7662
      vertex 81.1861 -0.01 10.8475
      vertex 81.1861 0.61 10.8475
    endloop
  endfacet
  facet normal -0.409359 0 0.912373
    outer loop
      vertex 81.0049 0.61 10.7662
      vertex 81.0049 -0.01 10.7662
      vertex 81.1861 -0.01 10.8475
    endloop
  endfacet
  facet normal -0.482452 0 0.875923
    outer loop
      vertex 80.8346 0.61 10.6724
      vertex 81.0049 -0.01 10.7662
      vertex 81.0049 0.61 10.7662
    endloop
  endfacet
  facet normal -0.482452 0 0.875923
    outer loop
      vertex 80.8346 0.61 10.6724
      vertex 80.8346 -0.01 10.6724
      vertex 81.0049 -0.01 10.7662
    endloop
  endfacet
  facet normal -0.55458 0 0.832131
    outer loop
      vertex 80.6751 0.61 10.5661
      vertex 80.8346 -0.01 10.6724
      vertex 80.8346 0.61 10.6724
    endloop
  endfacet
  facet normal -0.55458 0 0.832131
    outer loop
      vertex 80.6751 0.61 10.5661
      vertex 80.6751 -0.01 10.5661
      vertex 80.8346 -0.01 10.6724
    endloop
  endfacet
  facet normal -0.624503 0 0.781023
    outer loop
      vertex 80.5264 0.61 10.4472
      vertex 80.6751 -0.01 10.5661
      vertex 80.6751 0.61 10.5661
    endloop
  endfacet
  facet normal -0.624503 0 0.781023
    outer loop
      vertex 80.5264 0.61 10.4472
      vertex 80.5264 -0.01 10.4472
      vertex 80.6751 -0.01 10.5661
    endloop
  endfacet
  facet normal -0.689826 0 0.723975
    outer loop
      vertex 80.3886 0.61 10.3159
      vertex 80.5264 -0.01 10.4472
      vertex 80.5264 0.61 10.4472
    endloop
  endfacet
  facet normal -0.689826 0 0.723975
    outer loop
      vertex 80.3886 0.61 10.3159
      vertex 80.3886 -0.01 10.3159
      vertex 80.5264 -0.01 10.4472
    endloop
  endfacet
  facet normal -0.749257 0 0.66228
    outer loop
      vertex 80.2622 0.61 10.1729
      vertex 80.3886 -0.01 10.3159
      vertex 80.3886 0.61 10.3159
    endloop
  endfacet
  facet normal -0.749257 0 0.66228
    outer loop
      vertex 80.2622 0.61 10.1729
      vertex 80.2622 -0.01 10.1729
      vertex 80.3886 -0.01 10.3159
    endloop
  endfacet
  facet normal -0.802373 0 0.596823
    outer loop
      vertex 80.1478 0.61 10.0191
      vertex 80.2622 -0.01 10.1729
      vertex 80.2622 0.61 10.1729
    endloop
  endfacet
  facet normal -0.802373 0 0.596823
    outer loop
      vertex 80.1478 0.61 10.0191
      vertex 80.1478 -0.01 10.0191
      vertex 80.2622 -0.01 10.1729
    endloop
  endfacet
  facet normal -0.849473 0 0.527632
    outer loop
      vertex 80.0455 0.61 9.8544
      vertex 80.1478 -0.01 10.0191
      vertex 80.1478 0.61 10.0191
    endloop
  endfacet
  facet normal -0.849473 0 0.527632
    outer loop
      vertex 80.0455 0.61 9.8544
      vertex 80.0455 -0.01 9.8544
      vertex 80.1478 -0.01 10.0191
    endloop
  endfacet
  facet normal -0.889189 0 0.45754
    outer loop
      vertex 79.9552 0.61 9.67891
      vertex 80.0455 -0.01 9.8544
      vertex 80.0455 0.61 9.8544
    endloop
  endfacet
  facet normal -0.889189 0 0.45754
    outer loop
      vertex 79.9552 0.61 9.67891
      vertex 79.9552 -0.01 9.67891
      vertex 80.0455 -0.01 9.8544
    endloop
  endfacet
  facet normal -0.922086 0 0.386986
    outer loop
      vertex 79.877 0.61 9.49258
      vertex 79.9552 -0.01 9.67891
      vertex 79.9552 0.61 9.67891
    endloop
  endfacet
  facet normal -0.922086 0 0.386986
    outer loop
      vertex 79.877 0.61 9.49258
      vertex 79.877 -0.01 9.49258
      vertex 79.9552 -0.01 9.67891
    endloop
  endfacet
  facet normal -0.947989 0 0.318304
    outer loop
      vertex 79.8108 0.61 9.29542
      vertex 79.877 -0.01 9.49258
      vertex 79.877 0.61 9.49258
    endloop
  endfacet
  facet normal -0.947989 0 0.318304
    outer loop
      vertex 79.8108 0.61 9.29542
      vertex 79.8108 -0.01 9.29542
      vertex 79.877 -0.01 9.49258
    endloop
  endfacet
  facet normal -0.967678 0 0.252191
    outer loop
      vertex 79.7566 0.61 9.08745
      vertex 79.8108 -0.01 9.29542
      vertex 79.8108 0.61 9.29542
    endloop
  endfacet
  facet normal -0.967678 0 0.252191
    outer loop
      vertex 79.7566 0.61 9.08745
      vertex 79.7566 -0.01 9.08745
      vertex 79.8108 -0.01 9.29542
    endloop
  endfacet
  facet normal -0.981987 0 0.188947
    outer loop
      vertex 79.7145 0.61 8.86865
      vertex 79.7566 -0.01 9.08745
      vertex 79.7566 0.61 9.08745
    endloop
  endfacet
  facet normal -0.981987 0 0.188947
    outer loop
      vertex 79.7145 0.61 8.86865
      vertex 79.7145 -0.01 8.86865
      vertex 79.7566 -0.01 9.08745
    endloop
  endfacet
  facet normal -0.991518 0 0.129969
    outer loop
      vertex 79.6844 0.61 8.63902
      vertex 79.7145 -0.01 8.86865
      vertex 79.7145 0.61 8.86865
    endloop
  endfacet
  facet normal -0.991518 0 0.129969
    outer loop
      vertex 79.6844 0.61 8.63902
      vertex 79.6844 -0.01 8.63902
      vertex 79.7145 -0.01 8.86865
    endloop
  endfacet
  facet normal -0.997179 0 0.0750601
    outer loop
      vertex 79.6663 0.61 8.39856
      vertex 79.6844 -0.01 8.63902
      vertex 79.6844 0.61 8.63902
    endloop
  endfacet
  facet normal -0.997179 0 0.0750601
    outer loop
      vertex 79.6663 0.61 8.39856
      vertex 79.6663 -0.01 8.39856
      vertex 79.6844 -0.01 8.63902
    endloop
  endfacet
  facet normal -0.999715 0 0.02387
    outer loop
      vertex 79.6603 0.61 8.14727
      vertex 79.6663 -0.01 8.39856
      vertex 79.6663 0.61 8.39856
    endloop
  endfacet
  facet normal -0.999715 0 0.02387
    outer loop
      vertex 79.6603 0.61 8.14727
      vertex 79.6603 -0.01 8.14727
      vertex 79.6663 -0.01 8.39856
    endloop
  endfacet
  facet normal -0.999685 0 -0.0251127
    outer loop
      vertex 79.6666 0.61 7.89648
      vertex 79.6603 -0.01 8.14727
      vertex 79.6603 0.61 8.14727
    endloop
  endfacet
  facet normal -0.999685 -0 -0.0251127
    outer loop
      vertex 79.6666 0.61 7.89648
      vertex 79.6666 -0.01 7.89648
      vertex 79.6603 -0.01 8.14727
    endloop
  endfacet
  facet normal -0.99699 0 -0.0775271
    outer loop
      vertex 79.6853 0.61 7.656
      vertex 79.6666 -0.01 7.89648
      vertex 79.6666 0.61 7.89648
    endloop
  endfacet
  facet normal -0.99699 -0 -0.0775271
    outer loop
      vertex 79.6853 0.61 7.656
      vertex 79.6853 -0.01 7.656
      vertex 79.6666 -0.01 7.89648
    endloop
  endfacet
  facet normal -0.990936 0 -0.134335
    outer loop
      vertex 79.7165 0.61 7.42585
      vertex 79.6853 -0.01 7.656
      vertex 79.6853 0.61 7.656
    endloop
  endfacet
  facet normal -0.990936 -0 -0.134335
    outer loop
      vertex 79.7165 0.61 7.42585
      vertex 79.7165 -0.01 7.42585
      vertex 79.6853 -0.01 7.656
    endloop
  endfacet
  facet normal -0.980893 0 -0.194546
    outer loop
      vertex 79.7601 0.61 7.20602
      vertex 79.7165 -0.01 7.42585
      vertex 79.7165 0.61 7.42585
    endloop
  endfacet
  facet normal -0.980893 -0 -0.194546
    outer loop
      vertex 79.7601 0.61 7.20602
      vertex 79.7601 -0.01 7.20602
      vertex 79.7165 -0.01 7.42585
    endloop
  endfacet
  facet normal -0.965851 0 -0.259097
    outer loop
      vertex 79.8163 0.61 6.99652
      vertex 79.7601 -0.01 7.20602
      vertex 79.7601 0.61 7.20602
    endloop
  endfacet
  facet normal -0.965851 -0 -0.259097
    outer loop
      vertex 79.8163 0.61 6.99652
      vertex 79.8163 -0.01 6.99652
      vertex 79.7601 -0.01 7.20602
    endloop
  endfacet
  facet normal -0.945499 0 -0.325625
    outer loop
      vertex 79.8849 0.61 6.79733
      vertex 79.8163 -0.01 6.99652
      vertex 79.8163 0.61 6.99652
    endloop
  endfacet
  facet normal -0.945499 -0 -0.325625
    outer loop
      vertex 79.8849 0.61 6.79733
      vertex 79.8849 -0.01 6.79733
      vertex 79.8163 -0.01 6.99652
    endloop
  endfacet
  facet normal -0.918863 0 -0.394577
    outer loop
      vertex 79.966 0.61 6.60847
      vertex 79.8849 -0.01 6.79733
      vertex 79.8849 0.61 6.79733
    endloop
  endfacet
  facet normal -0.918863 -0 -0.394577
    outer loop
      vertex 79.966 0.61 6.60847
      vertex 79.966 -0.01 6.60847
      vertex 79.8849 -0.01 6.79733
    endloop
  endfacet
  facet normal -0.885864 0 -0.463946
    outer loop
      vertex 80.0595 0.61 6.42994
      vertex 79.966 -0.01 6.60847
      vertex 79.966 0.61 6.60847
    endloop
  endfacet
  facet normal -0.885864 -0 -0.463946
    outer loop
      vertex 80.0595 0.61 6.42994
      vertex 80.0595 -0.01 6.42994
      vertex 79.966 -0.01 6.60847
    endloop
  endfacet
  facet normal -0.846043 0 -0.533115
    outer loop
      vertex 80.1655 0.61 6.26172
      vertex 80.0595 -0.01 6.42994
      vertex 80.0595 0.61 6.42994
    endloop
  endfacet
  facet normal -0.846043 -0 -0.533115
    outer loop
      vertex 80.1655 0.61 6.26172
      vertex 80.1655 -0.01 6.26172
      vertex 80.0595 -0.01 6.42994
    endloop
  endfacet
  facet normal -0.799556 0 -0.600591
    outer loop
      vertex 80.2841 0.61 6.10383
      vertex 80.1655 -0.01 6.26172
      vertex 80.1655 0.61 6.26172
    endloop
  endfacet
  facet normal -0.799556 -0 -0.600591
    outer loop
      vertex 80.2841 0.61 6.10383
      vertex 80.2841 -0.01 6.10383
      vertex 80.1655 -0.01 6.26172
    endloop
  endfacet
  facet normal -0.747823 0 -0.663898
    outer loop
      vertex 80.4151 0.61 5.95627
      vertex 80.2841 -0.01 6.10383
      vertex 80.2841 0.61 6.10383
    endloop
  endfacet
  facet normal -0.747823 -0 -0.663898
    outer loop
      vertex 80.4151 0.61 5.95627
      vertex 80.4151 -0.01 5.95627
      vertex 80.2841 -0.01 6.10383
    endloop
  endfacet
  facet normal -0.690536 0 -0.723298
    outer loop
      vertex 80.5575 0.61 5.82032
      vertex 80.4151 -0.01 5.95627
      vertex 80.4151 0.61 5.95627
    endloop
  endfacet
  facet normal -0.690536 -0 -0.723298
    outer loop
      vertex 80.5575 0.61 5.82032
      vertex 80.5575 -0.01 5.82032
      vertex 80.4151 -0.01 5.95627
    endloop
  endfacet
  facet normal -0.626993 0 -0.779025
    outer loop
      vertex 80.7103 0.61 5.69734
      vertex 80.5575 -0.01 5.82032
      vertex 80.5575 0.61 5.82032
    endloop
  endfacet
  facet normal -0.626993 -0 -0.779025
    outer loop
      vertex 80.7103 0.61 5.69734
      vertex 80.7103 -0.01 5.69734
      vertex 80.5575 -0.01 5.82032
    endloop
  endfacet
  facet normal -0.559089 0 -0.829108
    outer loop
      vertex 80.8735 0.61 5.58729
      vertex 80.7103 -0.01 5.69734
      vertex 80.7103 0.61 5.69734
    endloop
  endfacet
  facet normal -0.559089 -0 -0.829108
    outer loop
      vertex 80.8735 0.61 5.58729
      vertex 80.8735 -0.01 5.58729
      vertex 80.7103 -0.01 5.69734
    endloop
  endfacet
  facet normal -0.488121 0 -0.872776
    outer loop
      vertex 81.0471 0.61 5.4902
      vertex 80.8735 -0.01 5.58729
      vertex 80.8735 0.61 5.58729
    endloop
  endfacet
  facet normal -0.488121 -0 -0.872776
    outer loop
      vertex 81.0471 0.61 5.4902
      vertex 81.0471 -0.01 5.4902
      vertex 80.8735 -0.01 5.58729
    endloop
  endfacet
  facet normal -0.415906 0 -0.909408
    outer loop
      vertex 81.2311 0.61 5.40605
      vertex 81.0471 -0.01 5.4902
      vertex 81.0471 0.61 5.4902
    endloop
  endfacet
  facet normal -0.415906 -0 -0.909408
    outer loop
      vertex 81.2311 0.61 5.40605
      vertex 81.2311 -0.01 5.40605
      vertex 81.0471 -0.01 5.4902
    endloop
  endfacet
  facet normal -0.343914 0 -0.939001
    outer loop
      vertex 81.4255 0.61 5.33485
      vertex 81.2311 -0.01 5.40605
      vertex 81.2311 0.61 5.40605
    endloop
  endfacet
  facet normal -0.343914 -0 -0.939001
    outer loop
      vertex 81.4255 0.61 5.33485
      vertex 81.4255 -0.01 5.33485
      vertex 81.2311 -0.01 5.40605
    endloop
  endfacet
  facet normal -0.27374 0 -0.961804
    outer loop
      vertex 81.6302 0.61 5.27659
      vertex 81.4255 -0.01 5.33485
      vertex 81.4255 0.61 5.33485
    endloop
  endfacet
  facet normal -0.27374 -0 -0.961804
    outer loop
      vertex 81.6302 0.61 5.27659
      vertex 81.6302 -0.01 5.27659
      vertex 81.4255 -0.01 5.33485
    endloop
  endfacet
  facet normal -0.206075 0 -0.978536
    outer loop
      vertex 81.8454 0.61 5.23127
      vertex 81.6302 -0.01 5.27659
      vertex 81.6302 0.61 5.27659
    endloop
  endfacet
  facet normal -0.206075 -0 -0.978536
    outer loop
      vertex 81.8454 0.61 5.23127
      vertex 81.8454 -0.01 5.23127
      vertex 81.6302 -0.01 5.27659
    endloop
  endfacet
  facet normal -0.141986 0 -0.989869
    outer loop
      vertex 82.071 0.61 5.19891
      vertex 81.8454 -0.01 5.23127
      vertex 81.8454 0.61 5.23127
    endloop
  endfacet
  facet normal -0.141986 -0 -0.989869
    outer loop
      vertex 82.071 0.61 5.19891
      vertex 82.071 -0.01 5.19891
      vertex 81.8454 -0.01 5.23127
    endloop
  endfacet
  facet normal -0.0820035 0 -0.996632
    outer loop
      vertex 82.3069 0.61 5.1795
      vertex 82.071 -0.01 5.19891
      vertex 82.071 0.61 5.19891
    endloop
  endfacet
  facet normal -0.0820035 -0 -0.996632
    outer loop
      vertex 82.3069 0.61 5.1795
      vertex 82.3069 -0.01 5.1795
      vertex 82.071 -0.01 5.19891
    endloop
  endfacet
  facet normal -0.0263003 0 -0.999654
    outer loop
      vertex 82.5532 0.61 5.17302
      vertex 82.3069 -0.01 5.1795
      vertex 82.3069 0.61 5.1795
    endloop
  endfacet
  facet normal -0.0263003 -0 -0.999654
    outer loop
      vertex 82.5532 0.61 5.17302
      vertex 82.5532 -0.01 5.17302
      vertex 82.3069 -0.01 5.1795
    endloop
  endfacet
  facet normal 0.0204725 0 -0.99979
    outer loop
      vertex 82.7168 0.61 5.17637
      vertex 82.5532 -0.01 5.17302
      vertex 82.5532 0.61 5.17302
    endloop
  endfacet
  facet normal 0.0204725 0 -0.99979
    outer loop
      vertex 82.7168 0.61 5.17637
      vertex 82.7168 -0.01 5.17637
      vertex 82.5532 -0.01 5.17302
    endloop
  endfacet
  facet normal 0.0653647 0 -0.997861
    outer loop
      vertex 90.5447 0.61 5.17531
      vertex 90.3783 -0.01 5.16441
      vertex 90.3783 0.61 5.16441
    endloop
  endfacet
  facet normal 0.0653647 0 -0.997861
    outer loop
      vertex 90.5447 0.61 5.17531
      vertex 90.5447 -0.01 5.17531
      vertex 90.3783 -0.01 5.16441
    endloop
  endfacet
  facet normal 0.113344 0 -0.993556
    outer loop
      vertex 90.7038 0.61 5.19346
      vertex 90.5447 -0.01 5.17531
      vertex 90.5447 0.61 5.17531
    endloop
  endfacet
  facet normal 0.113344 0 -0.993556
    outer loop
      vertex 90.7038 0.61 5.19346
      vertex 90.7038 -0.01 5.19346
      vertex 90.5447 -0.01 5.17531
    endloop
  endfacet
  facet normal 0.165369 0 -0.986232
    outer loop
      vertex 90.8554 0.61 5.21888
      vertex 90.7038 -0.01 5.19346
      vertex 90.7038 0.61 5.19346
    endloop
  endfacet
  facet normal 0.165369 0 -0.986232
    outer loop
      vertex 90.8554 0.61 5.21888
      vertex 90.8554 -0.01 5.21888
      vertex 90.7038 -0.01 5.19346
    endloop
  endfacet
  facet normal 0.220943 0 -0.975287
    outer loop
      vertex 90.9997 0.61 5.25157
      vertex 90.8554 -0.01 5.21888
      vertex 90.8554 0.61 5.21888
    endloop
  endfacet
  facet normal 0.220943 0 -0.975287
    outer loop
      vertex 90.9997 0.61 5.25157
      vertex 90.9997 -0.01 5.25157
      vertex 90.8554 -0.01 5.21888
    endloop
  endfacet
  facet normal 0.280388 0 -0.959887
    outer loop
      vertex 91.1365 0.61 5.29153
      vertex 90.9997 -0.01 5.25157
      vertex 90.9997 0.61 5.25157
    endloop
  endfacet
  facet normal 0.280388 0 -0.959887
    outer loop
      vertex 91.1365 0.61 5.29153
      vertex 91.1365 -0.01 5.29153
      vertex 90.9997 -0.01 5.25157
    endloop
  endfacet
  facet normal 0.342506 0 -0.939516
    outer loop
      vertex 91.266 0.61 5.33874
      vertex 91.1365 -0.01 5.29153
      vertex 91.1365 0.61 5.29153
    endloop
  endfacet
  facet normal 0.342506 0 -0.939516
    outer loop
      vertex 91.266 0.61 5.33874
      vertex 91.266 -0.01 5.33874
      vertex 91.1365 -0.01 5.29153
    endloop
  endfacet
  facet normal 0.407749 0 -0.913094
    outer loop
      vertex 91.388 0.61 5.39322
      vertex 91.266 -0.01 5.33874
      vertex 91.266 0.61 5.33874
    endloop
  endfacet
  facet normal 0.407749 0 -0.913094
    outer loop
      vertex 91.388 0.61 5.39322
      vertex 91.388 -0.01 5.39322
      vertex 91.266 -0.01 5.33874
    endloop
  endfacet
  facet normal 0.473912 0 -0.880572
    outer loop
      vertex 91.5027 0.61 5.45495
      vertex 91.388 -0.01 5.39322
      vertex 91.388 0.61 5.39322
    endloop
  endfacet
  facet normal 0.473912 0 -0.880572
    outer loop
      vertex 91.5027 0.61 5.45495
      vertex 91.5027 -0.01 5.45495
      vertex 91.388 -0.01 5.39322
    endloop
  endfacet
  facet normal 0.540876 0 -0.841102
    outer loop
      vertex 91.61 0.61 5.52395
      vertex 91.5027 -0.01 5.45495
      vertex 91.5027 0.61 5.45495
    endloop
  endfacet
  facet normal 0.540876 0 -0.841102
    outer loop
      vertex 91.61 0.61 5.52395
      vertex 91.61 -0.01 5.52395
      vertex 91.5027 -0.01 5.45495
    endloop
  endfacet
  facet normal 0.607211 0 -0.794541
    outer loop
      vertex 91.7098 0.61 5.60022
      vertex 91.61 -0.01 5.52395
      vertex 91.61 0.61 5.52395
    endloop
  endfacet
  facet normal 0.607211 0 -0.794541
    outer loop
      vertex 91.7098 0.61 5.60022
      vertex 91.7098 -0.01 5.60022
      vertex 91.61 -0.01 5.52395
    endloop
  endfacet
  facet normal 0.670348 0 -0.742047
    outer loop
      vertex 91.8016 0.61 5.68315
      vertex 91.7098 -0.01 5.60022
      vertex 91.7098 0.61 5.60022
    endloop
  endfacet
  facet normal 0.670348 0 -0.742047
    outer loop
      vertex 91.8016 0.61 5.68315
      vertex 91.8016 -0.01 5.68315
      vertex 91.7098 -0.01 5.60022
    endloop
  endfacet
  facet normal 0.730804 0 -0.682587
    outer loop
      vertex 91.8847 0.61 5.77212
      vertex 91.8016 -0.01 5.68315
      vertex 91.8016 0.61 5.68315
    endloop
  endfacet
  facet normal 0.730804 0 -0.682587
    outer loop
      vertex 91.8847 0.61 5.77212
      vertex 91.8847 -0.01 5.77212
      vertex 91.8016 -0.01 5.68315
    endloop
  endfacet
  facet normal 0.787792 0 -0.615942
    outer loop
      vertex 91.959 0.61 5.86715
      vertex 91.8847 -0.01 5.77212
      vertex 91.8847 0.61 5.77212
    endloop
  endfacet
  facet normal 0.787792 0 -0.615942
    outer loop
      vertex 91.959 0.61 5.86715
      vertex 91.959 -0.01 5.86715
      vertex 91.8847 -0.01 5.77212
    endloop
  endfacet
  facet normal 0.838855 0 -0.544355
    outer loop
      vertex 92.0246 0.61 5.96824
      vertex 91.959 -0.01 5.86715
      vertex 91.959 0.61 5.86715
    endloop
  endfacet
  facet normal 0.838855 0 -0.544355
    outer loop
      vertex 92.0246 0.61 5.96824
      vertex 92.0246 -0.01 5.96824
      vertex 91.959 -0.01 5.86715
    endloop
  endfacet
  facet normal 0.883519 0 -0.468395
    outer loop
      vertex 92.0814 0.61 6.07538
      vertex 92.0246 -0.01 5.96824
      vertex 92.0246 0.61 5.96824
    endloop
  endfacet
  facet normal 0.883519 0 -0.468395
    outer loop
      vertex 92.0814 0.61 6.07538
      vertex 92.0814 -0.01 6.07538
      vertex 92.0246 -0.01 5.96824
    endloop
  endfacet
  facet normal 0.920348 0 -0.391101
    outer loop
      vertex 92.1295 0.61 6.18857
      vertex 92.0814 -0.01 6.07538
      vertex 92.0814 0.61 6.07538
    endloop
  endfacet
  facet normal 0.920348 0 -0.391101
    outer loop
      vertex 92.1295 0.61 6.18857
      vertex 92.1295 -0.01 6.18857
      vertex 92.0814 -0.01 6.07538
    endloop
  endfacet
  facet normal 0.949737 0 -0.313048
    outer loop
      vertex 92.1688 0.61 6.3078
      vertex 92.1295 -0.01 6.18857
      vertex 92.1295 0.61 6.18857
    endloop
  endfacet
  facet normal 0.949737 0 -0.313048
    outer loop
      vertex 92.1688 0.61 6.3078
      vertex 92.1688 -0.01 6.3078
      vertex 92.1295 -0.01 6.18857
    endloop
  endfacet
  facet normal 0.971446 0 -0.23726
    outer loop
      vertex 92.1994 0.61 6.43309
      vertex 92.1688 -0.01 6.3078
      vertex 92.1688 0.61 6.3078
    endloop
  endfacet
  facet normal 0.971446 0 -0.23726
    outer loop
      vertex 92.1994 0.61 6.43309
      vertex 92.1994 -0.01 6.43309
      vertex 92.1688 -0.01 6.3078
    endloop
  endfacet
  facet normal 0.986384 0 -0.16446
    outer loop
      vertex 92.2213 0.61 6.56444
      vertex 92.1994 -0.01 6.43309
      vertex 92.1994 0.61 6.43309
    endloop
  endfacet
  facet normal 0.986384 0 -0.16446
    outer loop
      vertex 92.2213 0.61 6.56444
      vertex 92.2213 -0.01 6.56444
      vertex 92.1994 -0.01 6.43309
    endloop
  endfacet
  facet normal 0.995485 0 -0.0949185
    outer loop
      vertex 92.2344 0.61 6.70183
      vertex 92.2213 -0.01 6.56444
      vertex 92.2213 0.61 6.56444
    endloop
  endfacet
  facet normal 0.995485 0 -0.0949185
    outer loop
      vertex 92.2344 0.61 6.70183
      vertex 92.2344 -0.01 6.70183
      vertex 92.2213 -0.01 6.56444
    endloop
  endfacet
  facet normal 0.99953 0 -0.0306562
    outer loop
      vertex 92.2388 0.61 6.84529
      vertex 92.2344 -0.01 6.70183
      vertex 92.2344 0.61 6.70183
    endloop
  endfacet
  facet normal 0.99953 0 -0.0306562
    outer loop
      vertex 92.2388 0.61 6.84529
      vertex 92.2388 -0.01 6.84529
      vertex 92.2344 -0.01 6.70183
    endloop
  endfacet
  facet normal 0.999541 0 0.0302983
    outer loop
      vertex 92.2358 0.61 6.94426
      vertex 92.2388 -0.01 6.84529
      vertex 92.2388 0.61 6.84529
    endloop
  endfacet
  facet normal 0.999541 0 0.0302983
    outer loop
      vertex 92.2358 0.61 6.94426
      vertex 92.2358 -0.01 6.94426
      vertex 92.2388 -0.01 6.84529
    endloop
  endfacet
  facet normal 0.995799 0 0.0915677
    outer loop
      vertex 92.227 0.61 7.03996
      vertex 92.2358 -0.01 6.94426
      vertex 92.2358 0.61 6.94426
    endloop
  endfacet
  facet normal 0.995799 0 0.0915677
    outer loop
      vertex 92.227 0.61 7.03996
      vertex 92.227 -0.01 7.03996
      vertex 92.2358 -0.01 6.94426
    endloop
  endfacet
  facet normal 0.987593 0 0.157032
    outer loop
      vertex 92.2123 0.61 7.13241
      vertex 92.227 -0.01 7.03996
      vertex 92.227 0.61 7.03996
    endloop
  endfacet
  facet normal 0.987593 0 0.157032
    outer loop
      vertex 92.2123 0.61 7.13241
      vertex 92.2123 -0.01 7.13241
      vertex 92.227 -0.01 7.03996
    endloop
  endfacet
  facet normal 0.974349 0 0.225043
    outer loop
      vertex 92.1917 0.61 7.2216
      vertex 92.2123 -0.01 7.13241
      vertex 92.2123 0.61 7.13241
    endloop
  endfacet
  facet normal 0.974349 0 0.225043
    outer loop
      vertex 92.1917 0.61 7.2216
      vertex 92.1917 -0.01 7.2216
      vertex 92.2123 -0.01 7.13241
    endloop
  endfacet
  facet normal 0.955582 0 0.294727
    outer loop
      vertex 92.1652 0.61 7.30752
      vertex 92.1917 -0.01 7.2216
      vertex 92.1917 0.61 7.2216
    endloop
  endfacet
  facet normal 0.955582 0 0.294727
    outer loop
      vertex 92.1652 0.61 7.30752
      vertex 92.1652 -0.01 7.30752
      vertex 92.1917 -0.01 7.2216
    endloop
  endfacet
  facet normal 0.931048 0 0.364896
    outer loop
      vertex 92.1328 0.61 7.39019
      vertex 92.1652 -0.01 7.30752
      vertex 92.1652 0.61 7.30752
    endloop
  endfacet
  facet normal 0.931048 0 0.364896
    outer loop
      vertex 92.1328 0.61 7.39019
      vertex 92.1328 -0.01 7.39019
      vertex 92.1652 -0.01 7.30752
    endloop
  endfacet
  facet normal 0.901133 0 0.433543
    outer loop
      vertex 92.0946 0.61 7.46959
      vertex 92.1328 -0.01 7.39019
      vertex 92.1328 0.61 7.39019
    endloop
  endfacet
  facet normal 0.901133 0 0.433543
    outer loop
      vertex 92.0946 0.61 7.46959
      vertex 92.0946 -0.01 7.46959
      vertex 92.1328 -0.01 7.39019
    endloop
  endfacet
  facet normal 0.865333 0 0.501198
    outer loop
      vertex 92.0505 0.61 7.54573
      vertex 92.0946 -0.01 7.46959
      vertex 92.0946 0.61 7.46959
    endloop
  endfacet
  facet normal 0.865333 0 0.501198
    outer loop
      vertex 92.0505 0.61 7.54573
      vertex 92.0505 -0.01 7.54573
      vertex 92.0946 -0.01 7.46959
    endloop
  endfacet
  facet normal 0.824105 0 0.566438
    outer loop
      vertex 92.0004 0.61 7.61862
      vertex 92.0505 -0.01 7.54573
      vertex 92.0505 0.61 7.54573
    endloop
  endfacet
  facet normal 0.824105 0 0.566438
    outer loop
      vertex 92.0004 0.61 7.61862
      vertex 92.0004 -0.01 7.61862
      vertex 92.0505 -0.01 7.54573
    endloop
  endfacet
  facet normal 0.779709 0 0.626142
    outer loop
      vertex 91.9445 0.61 7.68823
      vertex 92.0004 -0.01 7.61862
      vertex 92.0004 0.61 7.61862
    endloop
  endfacet
  facet normal 0.779709 0 0.626142
    outer loop
      vertex 91.9445 0.61 7.68823
      vertex 91.9445 -0.01 7.68823
      vertex 92.0004 -0.01 7.61862
    endloop
  endfacet
  facet normal 0.731803 0 0.681516
    outer loop
      vertex 91.8827 0.61 7.75459
      vertex 91.9445 -0.01 7.68823
      vertex 91.9445 0.61 7.68823
    endloop
  endfacet
  facet normal 0.731803 0 0.681516
    outer loop
      vertex 91.8827 0.61 7.75459
      vertex 91.8827 -0.01 7.75459
      vertex 91.9445 -0.01 7.68823
    endloop
  endfacet
  facet normal 0.680568 0 0.732685
    outer loop
      vertex 91.8155 0.61 7.81701
      vertex 91.8827 -0.01 7.75459
      vertex 91.8827 0.61 7.75459
    endloop
  endfacet
  facet normal 0.680568 0 0.732685
    outer loop
      vertex 91.8155 0.61 7.81701
      vertex 91.8155 -0.01 7.81701
      vertex 91.8827 -0.01 7.75459
    endloop
  endfacet
  facet normal 0.625156 0 0.7805
    outer loop
      vertex 91.7433 0.61 7.87484
      vertex 91.8155 -0.01 7.81701
      vertex 91.8155 0.61 7.81701
    endloop
  endfacet
  facet normal 0.625156 0 0.7805
    outer loop
      vertex 91.7433 0.61 7.87484
      vertex 91.7433 -0.01 7.87484
      vertex 91.8155 -0.01 7.81701
    endloop
  endfacet
  facet normal 0.567008 0 0.823712
    outer loop
      vertex 91.666 0.61 7.92805
      vertex 91.7433 -0.01 7.87484
      vertex 91.7433 0.61 7.87484
    endloop
  endfacet
  facet normal 0.567008 0 0.823712
    outer loop
      vertex 91.666 0.61 7.92805
      vertex 91.666 -0.01 7.92805
      vertex 91.7433 -0.01 7.87484
    endloop
  endfacet
  facet normal 0.509096 0 0.86071
    outer loop
      vertex 91.5838 0.61 7.97667
      vertex 91.666 -0.01 7.92805
      vertex 91.666 0.61 7.92805
    endloop
  endfacet
  facet normal 0.509096 0 0.86071
    outer loop
      vertex 91.5838 0.61 7.97667
      vertex 91.5838 -0.01 7.97667
      vertex 91.666 -0.01 7.92805
    endloop
  endfacet
  facet normal 0.450075 0 0.892991
    outer loop
      vertex 91.4965 0.61 8.02067
      vertex 91.5838 -0.01 7.97667
      vertex 91.5838 0.61 7.97667
    endloop
  endfacet
  facet normal 0.450075 0 0.892991
    outer loop
      vertex 91.4965 0.61 8.02067
      vertex 91.4965 -0.01 8.02067
      vertex 91.5838 -0.01 7.97667
    endloop
  endfacet
  facet normal 0.392512 0 0.919747
    outer loop
      vertex 91.4042 0.61 8.06006
      vertex 91.4965 -0.01 8.02067
      vertex 91.4965 0.61 8.02067
    endloop
  endfacet
  facet normal 0.392512 0 0.919747
    outer loop
      vertex 91.4042 0.61 8.06006
      vertex 91.4042 -0.01 8.06006
      vertex 91.4965 -0.01 8.02067
    endloop
  endfacet
  facet normal 0.33668 0 0.941619
    outer loop
      vertex 91.3069 0.61 8.09485
      vertex 91.4042 -0.01 8.06006
      vertex 91.4042 0.61 8.06006
    endloop
  endfacet
  facet normal 0.33668 0 0.941619
    outer loop
      vertex 91.3069 0.61 8.09485
      vertex 91.3069 -0.01 8.09485
      vertex 91.4042 -0.01 8.06006
    endloop
  endfacet
  facet normal 0.282958 0 0.959132
    outer loop
      vertex 91.2046 0.61 8.12503
      vertex 91.3069 -0.01 8.09485
      vertex 91.3069 0.61 8.09485
    endloop
  endfacet
  facet normal 0.282958 0 0.959132
    outer loop
      vertex 91.2046 0.61 8.12503
      vertex 91.2046 -0.01 8.12503
      vertex 91.3069 -0.01 8.09485
    endloop
  endfacet
  facet normal 0.231984 0 0.97272
    outer loop
      vertex 91.0973 0.61 8.15062
      vertex 91.2046 -0.01 8.12503
      vertex 91.2046 0.61 8.12503
    endloop
  endfacet
  facet normal 0.231984 0 0.97272
    outer loop
      vertex 91.0973 0.61 8.15062
      vertex 91.0973 -0.01 8.15062
      vertex 91.2046 -0.01 8.12503
    endloop
  endfacet
  facet normal 0.183475 0 0.983024
    outer loop
      vertex 90.985 0.61 8.17158
      vertex 91.0973 -0.01 8.15062
      vertex 91.0973 0.61 8.15062
    endloop
  endfacet
  facet normal 0.183475 0 0.983024
    outer loop
      vertex 90.985 0.61 8.17158
      vertex 90.985 -0.01 8.17158
      vertex 91.0973 -0.01 8.15062
    endloop
  endfacet
  facet normal 0.138217 0 0.990402
    outer loop
      vertex 90.8677 0.61 8.18795
      vertex 90.985 -0.01 8.17158
      vertex 90.985 0.61 8.17158
    endloop
  endfacet
  facet normal 0.138217 0 0.990402
    outer loop
      vertex 90.8677 0.61 8.18795
      vertex 90.8677 -0.01 8.18795
      vertex 90.985 -0.01 8.17158
    endloop
  endfacet
  facet normal 1 0 0
    outer loop
      vertex 90.8677 0.61 8.20421
      vertex 90.8677 -0.01 8.18795
      vertex 90.8677 0.61 8.18795
    endloop
  endfacet
  facet normal 1 0 0
    outer loop
      vertex 90.8677 0.61 8.20421
      vertex 90.8677 -0.01 8.20421
      vertex 90.8677 -0.01 8.18795
    endloop
  endfacet
  facet normal 0.209264 0 -0.977859
    outer loop
      vertex 90.9734 0.61 8.22683
      vertex 90.8677 -0.01 8.20421
      vertex 90.8677 0.61 8.20421
    endloop
  endfacet
  facet normal 0.209264 0 -0.977859
    outer loop
      vertex 90.9734 0.61 8.22683
      vertex 90.9734 -0.01 8.22683
      vertex 90.8677 -0.01 8.20421
    endloop
  endfacet
  facet normal 0.253607 0 -0.967307
    outer loop
      vertex 91.0744 0.61 8.25331
      vertex 90.9734 -0.01 8.22683
      vertex 90.9734 0.61 8.22683
    endloop
  endfacet
  facet normal 0.253607 0 -0.967307
    outer loop
      vertex 91.0744 0.61 8.25331
      vertex 91.0744 -0.01 8.25331
      vertex 90.9734 -0.01 8.22683
    endloop
  endfacet
  facet normal 0.29957 0 -0.954074
    outer loop
      vertex 91.1709 0.61 8.28361
      vertex 91.0744 -0.01 8.25331
      vertex 91.0744 0.61 8.25331
    endloop
  endfacet
  facet normal 0.29957 0 -0.954074
    outer loop
      vertex 91.1709 0.61 8.28361
      vertex 91.1709 -0.01 8.28361
      vertex 91.0744 -0.01 8.25331
    endloop
  endfacet
  facet normal 0.348058 0 -0.937473
    outer loop
      vertex 91.2628 0.61 8.31773
      vertex 91.1709 -0.01 8.28361
      vertex 91.1709 0.61 8.28361
    endloop
  endfacet
  facet normal 0.348058 0 -0.937473
    outer loop
      vertex 91.2628 0.61 8.31773
      vertex 91.2628 -0.01 8.31773
      vertex 91.1709 -0.01 8.28361
    endloop
  endfacet
  facet normal 0.398934 0 -0.91698
    outer loop
      vertex 91.3501 0.61 8.35571
      vertex 91.2628 -0.01 8.31773
      vertex 91.2628 0.61 8.31773
    endloop
  endfacet
  facet normal 0.398934 0 -0.91698
    outer loop
      vertex 91.3501 0.61 8.35571
      vertex 91.3501 -0.01 8.35571
      vertex 91.2628 -0.01 8.31773
    endloop
  endfacet
  facet normal 0.451443 0 -0.8923
    outer loop
      vertex 91.4327 0.61 8.3975
      vertex 91.3501 -0.01 8.35571
      vertex 91.3501 0.61 8.35571
    endloop
  endfacet
  facet normal 0.451443 0 -0.8923
    outer loop
      vertex 91.4327 0.61 8.3975
      vertex 91.4327 -0.01 8.3975
      vertex 91.3501 -0.01 8.35571
    endloop
  endfacet
  facet normal 0.504462 0 -0.863434
    outer loop
      vertex 91.5108 0.61 8.44313
      vertex 91.4327 -0.01 8.3975
      vertex 91.4327 0.61 8.3975
    endloop
  endfacet
  facet normal 0.504462 0 -0.863434
    outer loop
      vertex 91.5108 0.61 8.44313
      vertex 91.5108 -0.01 8.44313
      vertex 91.4327 -0.01 8.3975
    endloop
  endfacet
  facet normal 0.558891 0 -0.829241
    outer loop
      vertex 91.5842 0.61 8.4926
      vertex 91.5108 -0.01 8.44313
      vertex 91.5108 0.61 8.44313
    endloop
  endfacet
  facet normal 0.558891 0 -0.829241
    outer loop
      vertex 91.5842 0.61 8.4926
      vertex 91.5842 -0.01 8.4926
      vertex 91.5108 -0.01 8.44313
    endloop
  endfacet
  facet normal 0.611872 0 -0.790957
    outer loop
      vertex 91.6531 0.61 8.5459
      vertex 91.5842 -0.01 8.4926
      vertex 91.5842 0.61 8.4926
    endloop
  endfacet
  facet normal 0.611872 0 -0.790957
    outer loop
      vertex 91.6531 0.61 8.5459
      vertex 91.6531 -0.01 8.5459
      vertex 91.5842 -0.01 8.4926
    endloop
  endfacet
  facet normal 0.66471 0 -0.747101
    outer loop
      vertex 91.7173 0.61 8.60302
      vertex 91.6531 -0.01 8.5459
      vertex 91.6531 0.61 8.5459
    endloop
  endfacet
  facet normal 0.66471 0 -0.747101
    outer loop
      vertex 91.7173 0.61 8.60302
      vertex 91.7173 -0.01 8.60302
      vertex 91.6531 -0.01 8.5459
    endloop
  endfacet
  facet normal 0.714452 0 -0.699685
    outer loop
      vertex 91.777 0.61 8.66398
      vertex 91.7173 -0.01 8.60302
      vertex 91.7173 0.61 8.60302
    endloop
  endfacet
  facet normal 0.714452 0 -0.699685
    outer loop
      vertex 91.777 0.61 8.66398
      vertex 91.777 -0.01 8.66398
      vertex 91.7173 -0.01 8.60302
    endloop
  endfacet
  facet normal 0.76252 0 -0.646965
    outer loop
      vertex 91.8317 0.61 8.72845
      vertex 91.777 -0.01 8.66398
      vertex 91.777 0.61 8.66398
    endloop
  endfacet
  facet normal 0.76252 0 -0.646965
    outer loop
      vertex 91.8317 0.61 8.72845
      vertex 91.8317 -0.01 8.72845
      vertex 91.777 -0.01 8.66398
    endloop
  endfacet
  facet normal 0.806864 0 -0.590737
    outer loop
      vertex 91.8812 0.61 8.79606
      vertex 91.8317 -0.01 8.72845
      vertex 91.8317 0.61 8.72845
    endloop
  endfacet
  facet normal 0.806864 0 -0.590737
    outer loop
      vertex 91.8812 0.61 8.79606
      vertex 91.8812 -0.01 8.79606
      vertex 91.8317 -0.01 8.72845
    endloop
  endfacet
  facet normal 0.847695 0 -0.530483
    outer loop
      vertex 91.9255 0.61 8.86685
      vertex 91.8812 -0.01 8.79606
      vertex 91.8812 0.61 8.79606
    endloop
  endfacet
  facet normal 0.847695 0 -0.530483
    outer loop
      vertex 91.9255 0.61 8.86685
      vertex 91.9255 -0.01 8.86685
      vertex 91.8812 -0.01 8.79606
    endloop
  endfacet
  facet normal 0.884009 0 -0.46747
    outer loop
      vertex 91.9646 0.61 8.94079
      vertex 91.9255 -0.01 8.86685
      vertex 91.9255 0.61 8.86685
    endloop
  endfacet
  facet normal 0.884009 0 -0.46747
    outer loop
      vertex 91.9646 0.61 8.94079
      vertex 91.9646 -0.01 8.94079
      vertex 91.9255 -0.01 8.86685
    endloop
  endfacet
  facet normal 0.915439 0 -0.402456
    outer loop
      vertex 91.9985 0.61 9.0179
      vertex 91.9646 -0.01 8.94079
      vertex 91.9646 0.61 8.94079
    endloop
  endfacet
  facet normal 0.915439 0 -0.402456
    outer loop
      vertex 91.9985 0.61 9.0179
      vertex 91.9985 -0.01 9.0179
      vertex 91.9646 -0.01 8.94079
    endloop
  endfacet
  facet normal 0.941609 0 -0.336708
    outer loop
      vertex 92.0272 0.61 9.09816
      vertex 91.9985 -0.01 9.0179
      vertex 91.9985 0.61 9.0179
    endloop
  endfacet
  facet normal 0.941609 0 -0.336708
    outer loop
      vertex 92.0272 0.61 9.09816
      vertex 92.0272 -0.01 9.09816
      vertex 91.9985 -0.01 9.0179
    endloop
  endfacet
  facet normal 0.962837 0 -0.270084
    outer loop
      vertex 92.0506 0.61 9.18158
      vertex 92.0272 -0.01 9.09816
      vertex 92.0272 0.61 9.09816
    endloop
  endfacet
  facet normal 0.962837 0 -0.270084
    outer loop
      vertex 92.0506 0.61 9.18158
      vertex 92.0506 -0.01 9.18158
      vertex 92.0272 -0.01 9.09816
    endloop
  endfacet
  facet normal 0.978389 0 -0.206773
    outer loop
      vertex 92.0689 0.61 9.26817
      vertex 92.0506 -0.01 9.18158
      vertex 92.0506 0.61 9.18158
    endloop
  endfacet
  facet normal 0.978389 0 -0.206773
    outer loop
      vertex 92.0689 0.61 9.26817
      vertex 92.0689 -0.01 9.26817
      vertex 92.0506 -0.01 9.18158
    endloop
  endfacet
  facet normal 0.98967 0 -0.143366
    outer loop
      vertex 92.0819 0.61 9.35791
      vertex 92.0689 -0.01 9.26817
      vertex 92.0689 0.61 9.26817
    endloop
  endfacet
  facet normal 0.98967 0 -0.143366
    outer loop
      vertex 92.0819 0.61 9.35791
      vertex 92.0819 -0.01 9.35791
      vertex 92.0689 -0.01 9.26817
    endloop
  endfacet
  facet normal 0.996495 0 -0.0836579
    outer loop
      vertex 92.0897 0.61 9.45082
      vertex 92.0819 -0.01 9.35791
      vertex 92.0819 0.61 9.35791
    endloop
  endfacet
  facet normal 0.996495 0 -0.0836579
    outer loop
      vertex 92.0897 0.61 9.45082
      vertex 92.0897 -0.01 9.45082
      vertex 92.0819 -0.01 9.35791
    endloop
  endfacet
  facet normal 0.999634 0 -0.0270537
    outer loop
      vertex 92.0923 0.61 9.54689
      vertex 92.0897 -0.01 9.45082
      vertex 92.0897 0.61 9.45082
    endloop
  endfacet
  facet normal 0.999634 0 -0.0270537
    outer loop
      vertex 92.0923 0.61 9.54689
      vertex 92.0923 -0.01 9.54689
      vertex 92.0897 -0.01 9.45082
    endloop
  endfacet
  facet normal 0.999459 0 0.0328924
    outer loop
      vertex 92.0881 0.61 9.67451
      vertex 92.0923 -0.01 9.54689
      vertex 92.0923 0.61 9.54689
    endloop
  endfacet
  facet normal 0.999459 0 0.0328924
    outer loop
      vertex 92.0881 0.61 9.67451
      vertex 92.0881 -0.01 9.67451
      vertex 92.0923 -0.01 9.54689
    endloop
  endfacet
  facet normal 0.994832 0 0.10153
    outer loop
      vertex 92.0756 0.61 9.79699
      vertex 92.0881 -0.01 9.67451
      vertex 92.0881 0.61 9.67451
    endloop
  endfacet
  facet normal 0.994832 0 0.10153
    outer loop
      vertex 92.0756 0.61 9.79699
      vertex 92.0756 -0.01 9.79699
      vertex 92.0881 -0.01 9.67451
    endloop
  endfacet
  facet normal 0.98436 0 0.176168
    outer loop
      vertex 92.0546 0.61 9.91433
      vertex 92.0756 -0.01 9.79699
      vertex 92.0756 0.61 9.79699
    endloop
  endfacet
  facet normal 0.98436 0 0.176168
    outer loop
      vertex 92.0546 0.61 9.91433
      vertex 92.0546 -0.01 9.91433
      vertex 92.0756 -0.01 9.79699
    endloop
  endfacet
  facet normal 0.967537 0 0.252731
    outer loop
      vertex 92.0253 0.61 10.0265
      vertex 92.0546 -0.01 9.91433
      vertex 92.0546 0.61 9.91433
    endloop
  endfacet
  facet normal 0.967537 0 0.252731
    outer loop
      vertex 92.0253 0.61 10.0265
      vertex 92.0253 -0.01 10.0265
      vertex 92.0546 -0.01 9.91433
    endloop
  endfacet
  facet normal 0.943542 0 0.331253
    outer loop
      vertex 91.9877 0.61 10.1336
      vertex 92.0253 -0.01 10.0265
      vertex 92.0253 0.61 10.0265
    endloop
  endfacet
  facet normal 0.943542 0 0.331253
    outer loop
      vertex 91.9877 0.61 10.1336
      vertex 91.9877 -0.01 10.1336
      vertex 92.0253 -0.01 10.0265
    endloop
  endfacet
  facet normal 0.9111 0 0.412186
    outer loop
      vertex 91.9416 0.61 10.2355
      vertex 91.9877 -0.01 10.1336
      vertex 91.9877 0.61 10.1336
    endloop
  endfacet
  facet normal 0.9111 0 0.412186
    outer loop
      vertex 91.9416 0.61 10.2355
      vertex 91.9416 -0.01 10.2355
      vertex 91.9877 -0.01 10.1336
    endloop
  endfacet
  facet normal 0.871551 0 0.490304
    outer loop
      vertex 91.8872 0.61 10.3322
      vertex 91.9416 -0.01 10.2355
      vertex 91.9416 0.61 10.2355
    endloop
  endfacet
  facet normal 0.871551 0 0.490304
    outer loop
      vertex 91.8872 0.61 10.3322
      vertex 91.8872 -0.01 10.3322
      vertex 91.9416 -0.01 10.2355
    endloop
  endfacet
  facet normal 0.824777 0 0.565458
    outer loop
      vertex 91.8244 0.61 10.4238
      vertex 91.8872 -0.01 10.3322
      vertex 91.8872 0.61 10.3322
    endloop
  endfacet
  facet normal 0.824777 0 0.565458
    outer loop
      vertex 91.8244 0.61 10.4238
      vertex 91.8244 -0.01 10.4238
      vertex 91.8872 -0.01 10.3322
    endloop
  endfacet
  facet normal 0.772085 0 0.63552
    outer loop
      vertex 91.7532 0.61 10.5103
      vertex 91.8244 -0.01 10.4238
      vertex 91.8244 0.61 10.4238
    endloop
  endfacet
  facet normal 0.772085 0 0.63552
    outer loop
      vertex 91.7532 0.61 10.5103
      vertex 91.7532 -0.01 10.5103
      vertex 91.8244 -0.01 10.4238
    endloop
  endfacet
  facet normal 0.714977 0 0.699148
    outer loop
      vertex 91.6737 0.61 10.5916
      vertex 91.7532 -0.01 10.5103
      vertex 91.7532 0.61 10.5103
    endloop
  endfacet
  facet normal 0.714977 0 0.699148
    outer loop
      vertex 91.6737 0.61 10.5916
      vertex 91.6737 -0.01 10.5916
      vertex 91.7532 -0.01 10.5103
    endloop
  endfacet
  facet normal 0.654603 0 0.755972
    outer loop
      vertex 91.5857 0.61 10.6678
      vertex 91.6737 -0.01 10.5916
      vertex 91.6737 0.61 10.5916
    endloop
  endfacet
  facet normal 0.654603 0 0.755972
    outer loop
      vertex 91.5857 0.61 10.6678
      vertex 91.5857 -0.01 10.6678
      vertex 91.6737 -0.01 10.5916
    endloop
  endfacet
  facet normal 0.593631 0 0.804737
    outer loop
      vertex 91.4904 0.61 10.7381
      vertex 91.5857 -0.01 10.6678
      vertex 91.5857 0.61 10.6678
    endloop
  endfacet
  facet normal 0.593631 0 0.804737
    outer loop
      vertex 91.4904 0.61 10.7381
      vertex 91.4904 -0.01 10.7381
      vertex 91.5857 -0.01 10.6678
    endloop
  endfacet
  facet normal 0.52925 0 0.848466
    outer loop
      vertex 91.3886 0.61 10.8016
      vertex 91.4904 -0.01 10.7381
      vertex 91.4904 0.61 10.7381
    endloop
  endfacet
  facet normal 0.52925 0 0.848466
    outer loop
      vertex 91.3886 0.61 10.8016
      vertex 91.3886 -0.01 10.8016
      vertex 91.4904 -0.01 10.7381
    endloop
  endfacet
  facet normal 0.46477 0 0.885432
    outer loop
      vertex 91.2802 0.61 10.8585
      vertex 91.3886 -0.01 10.8016
      vertex 91.3886 0.61 10.8016
    endloop
  endfacet
  facet normal 0.46477 0 0.885432
    outer loop
      vertex 91.2802 0.61 10.8585
      vertex 91.2802 -0.01 10.8585
      vertex 91.3886 -0.01 10.8016
    endloop
  endfacet
  facet normal 0.400651 0 0.916231
    outer loop
      vertex 91.1654 0.61 10.9087
      vertex 91.2802 -0.01 10.8585
      vertex 91.2802 0.61 10.8585
    endloop
  endfacet
  facet normal 0.400651 0 0.916231
    outer loop
      vertex 91.1654 0.61 10.9087
      vertex 91.1654 -0.01 10.9087
      vertex 91.2802 -0.01 10.8585
    endloop
  endfacet
  facet normal 0.337565 0 0.941302
    outer loop
      vertex 91.0441 0.61 10.9522
      vertex 91.1654 -0.01 10.9087
      vertex 91.1654 0.61 10.9087
    endloop
  endfacet
  facet normal 0.337565 0 0.941302
    outer loop
      vertex 91.0441 0.61 10.9522
      vertex 91.0441 -0.01 10.9522
      vertex 91.1654 -0.01 10.9087
    endloop
  endfacet
  facet normal 0.276707 0 0.960954
    outer loop
      vertex 90.9163 0.61 10.989
      vertex 91.0441 -0.01 10.9522
      vertex 91.0441 0.61 10.9522
    endloop
  endfacet
  facet normal 0.276707 0 0.960954
    outer loop
      vertex 90.9163 0.61 10.989
      vertex 90.9163 -0.01 10.989
      vertex 91.0441 -0.01 10.9522
    endloop
  endfacet
  facet normal 0.2187 0 0.975792
    outer loop
      vertex 90.782 0.61 11.0191
      vertex 90.9163 -0.01 10.989
      vertex 90.9163 0.61 10.989
    endloop
  endfacet
  facet normal 0.2187 0 0.975792
    outer loop
      vertex 90.782 0.61 11.0191
      vertex 90.782 -0.01 11.0191
      vertex 90.9163 -0.01 10.989
    endloop
  endfacet
  facet normal 0.16474 0 0.986337
    outer loop
      vertex 90.6413 0.61 11.0426
      vertex 90.782 -0.01 11.0191
      vertex 90.782 0.61 11.0191
    endloop
  endfacet
  facet normal 0.16474 0 0.986337
    outer loop
      vertex 90.6413 0.61 11.0426
      vertex 90.6413 -0.01 11.0426
      vertex 90.782 -0.01 11.0191
    endloop
  endfacet
  facet normal 0.112652 0 0.993634
    outer loop
      vertex 90.494 0.61 11.0593
      vertex 90.6413 -0.01 11.0426
      vertex 90.6413 0.61 11.0426
    endloop
  endfacet
  facet normal 0.112652 0 0.993634
    outer loop
      vertex 90.494 0.61 11.0593
      vertex 90.494 -0.01 11.0593
      vertex 90.6413 -0.01 11.0426
    endloop
  endfacet
  facet normal 0.0648825 0 0.997893
    outer loop
      vertex 90.3402 0.61 11.0693
      vertex 90.494 -0.01 11.0593
      vertex 90.494 0.61 11.0593
    endloop
  endfacet
  facet normal 0.0648825 0 0.997893
    outer loop
      vertex 90.3402 0.61 11.0693
      vertex 90.3402 -0.01 11.0693
      vertex 90.494 -0.01 11.0593
    endloop
  endfacet
  facet normal 0.0212187 0 0.999775
    outer loop
      vertex 90.18 0.61 11.0727
      vertex 90.3402 -0.01 11.0693
      vertex 90.3402 0.61 11.0693
    endloop
  endfacet
  facet normal 0.0212187 0 0.999775
    outer loop
      vertex 90.18 0.61 11.0727
      vertex 90.18 -0.01 11.0727
      vertex 90.3402 -0.01 11.0693
    endloop
  endfacet
  facet normal -0.0231419 0 0.999732
    outer loop
      vertex 90.0288 0.61 11.0692
      vertex 90.18 -0.01 11.0727
      vertex 90.18 0.61 11.0727
    endloop
  endfacet
  facet normal -0.0231419 0 0.999732
    outer loop
      vertex 90.0288 0.61 11.0692
      vertex 90.0288 -0.01 11.0692
      vertex 90.18 -0.01 11.0727
    endloop
  endfacet
  facet normal -0.0711013 0 0.997469
    outer loop
      vertex 89.8829 0.61 11.0588
      vertex 90.0288 -0.01 11.0692
      vertex 90.0288 0.61 11.0692
    endloop
  endfacet
  facet normal -0.0711013 0 0.997469
    outer loop
      vertex 89.8829 0.61 11.0588
      vertex 89.8829 -0.01 11.0588
      vertex 90.0288 -0.01 11.0692
    endloop
  endfacet
  facet normal -0.122123 0 0.992515
    outer loop
      vertex 89.7423 0.61 11.0415
      vertex 89.8829 -0.01 11.0588
      vertex 89.8829 0.61 11.0588
    endloop
  endfacet
  facet normal -0.122123 0 0.992515
    outer loop
      vertex 89.7423 0.61 11.0415
      vertex 89.7423 -0.01 11.0415
      vertex 89.8829 -0.01 11.0588
    endloop
  endfacet
  facet normal -0.176068 0 0.984378
    outer loop
      vertex 89.607 0.61 11.0173
      vertex 89.7423 -0.01 11.0415
      vertex 89.7423 0.61 11.0415
    endloop
  endfacet
  facet normal -0.176068 0 0.984378
    outer loop
      vertex 89.607 0.61 11.0173
      vertex 89.607 -0.01 11.0173
      vertex 89.7423 -0.01 11.0415
    endloop
  endfacet
  facet normal -0.233543 0 0.972347
    outer loop
      vertex 89.4771 0.61 10.9861
      vertex 89.607 -0.01 11.0173
      vertex 89.607 0.61 11.0173
    endloop
  endfacet
  facet normal -0.233543 0 0.972347
    outer loop
      vertex 89.4771 0.61 10.9861
      vertex 89.4771 -0.01 10.9861
      vertex 89.607 -0.01 11.0173
    endloop
  endfacet
  facet normal -0.292199 0 0.956358
    outer loop
      vertex 89.3524 0.61 10.948
      vertex 89.4771 -0.01 10.9861
      vertex 89.4771 0.61 10.9861
    endloop
  endfacet
  facet normal -0.292199 0 0.956358
    outer loop
      vertex 89.3524 0.61 10.948
      vertex 89.3524 -0.01 10.948
      vertex 89.4771 -0.01 10.9861
    endloop
  endfacet
  facet normal -0.352669 0 0.935748
    outer loop
      vertex 89.233 0.61 10.903
      vertex 89.3524 -0.01 10.948
      vertex 89.3524 0.61 10.948
    endloop
  endfacet
  facet normal -0.352669 0 0.935748
    outer loop
      vertex 89.233 0.61 10.903
      vertex 89.233 -0.01 10.903
      vertex 89.3524 -0.01 10.948
    endloop
  endfacet
  facet normal -0.415005 0 0.909819
    outer loop
      vertex 89.119 0.61 10.851
      vertex 89.233 -0.01 10.903
      vertex 89.233 0.61 10.903
    endloop
  endfacet
  facet normal -0.415005 0 0.909819
    outer loop
      vertex 89.119 0.61 10.851
      vertex 89.119 -0.01 10.851
      vertex 89.233 -0.01 10.903
    endloop
  endfacet
  facet normal -0.476413 0 0.879221
    outer loop
      vertex 89.0103 0.61 10.7921
      vertex 89.119 -0.01 10.851
      vertex 89.119 0.61 10.851
    endloop
  endfacet
  facet normal -0.476413 0 0.879221
    outer loop
      vertex 89.0103 0.61 10.7921
      vertex 89.0103 -0.01 10.7921
      vertex 89.119 -0.01 10.851
    endloop
  endfacet
  facet normal -0.536875 0 0.843661
    outer loop
      vertex 88.9069 0.61 10.7263
      vertex 89.0103 -0.01 10.7921
      vertex 89.0103 0.61 10.7921
    endloop
  endfacet
  facet normal -0.536875 0 0.843661
    outer loop
      vertex 88.9069 0.61 10.7263
      vertex 88.9069 -0.01 10.7263
      vertex 89.0103 -0.01 10.7921
    endloop
  endfacet
  facet normal -0.595404 0 0.803427
    outer loop
      vertex 88.8088 0.61 10.6536
      vertex 88.9069 -0.01 10.7263
      vertex 88.9069 0.61 10.7263
    endloop
  endfacet
  facet normal -0.595404 0 0.803427
    outer loop
      vertex 88.8088 0.61 10.6536
      vertex 88.8088 -0.01 10.6536
      vertex 88.9069 -0.01 10.7263
    endloop
  endfacet
  facet normal -0.651811 0 0.758381
    outer loop
      vertex 88.717 0.61 10.5747
      vertex 88.8088 -0.01 10.6536
      vertex 88.8088 0.61 10.6536
    endloop
  endfacet
  facet normal -0.651811 0 0.758381
    outer loop
      vertex 88.717 0.61 10.5747
      vertex 88.717 -0.01 10.5747
      vertex 88.8088 -0.01 10.6536
    endloop
  endfacet
  facet normal -0.705008 0 0.709199
    outer loop
      vertex 88.6324 0.61 10.4906
      vertex 88.717 -0.01 10.5747
      vertex 88.717 0.61 10.5747
    endloop
  endfacet
  facet normal -0.705008 0 0.709199
    outer loop
      vertex 88.6324 0.61 10.4906
      vertex 88.6324 -0.01 10.4906
      vertex 88.717 -0.01 10.5747
    endloop
  endfacet
  facet normal -0.755968 0 0.654609
    outer loop
      vertex 88.5549 0.61 10.4011
      vertex 88.6324 -0.01 10.4906
      vertex 88.6324 0.61 10.4906
    endloop
  endfacet
  facet normal -0.755968 0 0.654609
    outer loop
      vertex 88.5549 0.61 10.4011
      vertex 88.5549 -0.01 10.4011
      vertex 88.6324 -0.01 10.4906
    endloop
  endfacet
  facet normal -0.803647 0 0.595106
    outer loop
      vertex 88.4847 0.61 10.3063
      vertex 88.5549 -0.01 10.4011
      vertex 88.5549 0.61 10.4011
    endloop
  endfacet
  facet normal -0.803647 0 0.595106
    outer loop
      vertex 88.4847 0.61 10.3063
      vertex 88.4847 -0.01 10.3063
      vertex 88.5549 -0.01 10.4011
    endloop
  endfacet
  facet normal -0.84595 0 0.533261
    outer loop
      vertex 88.4216 0.61 10.2062
      vertex 88.4847 -0.01 10.3063
      vertex 88.4847 0.61 10.3063
    endloop
  endfacet
  facet normal -0.84595 0 0.533261
    outer loop
      vertex 88.4216 0.61 10.2062
      vertex 88.4216 -0.01 10.2062
      vertex 88.4847 -0.01 10.3063
    endloop
  endfacet
  facet normal -0.883788 0 0.467888
    outer loop
      vertex 88.3658 0.61 10.1008
      vertex 88.4216 -0.01 10.2062
      vertex 88.4216 0.61 10.2062
    endloop
  endfacet
  facet normal -0.883788 0 0.467888
    outer loop
      vertex 88.3658 0.61 10.1008
      vertex 88.3658 -0.01 10.1008
      vertex 88.4216 -0.01 10.2062
    endloop
  endfacet
  facet normal -0.915366 0 0.402622
    outer loop
      vertex 88.3171 0.61 9.99008
      vertex 88.3658 -0.01 10.1008
      vertex 88.3658 0.61 10.1008
    endloop
  endfacet
  facet normal -0.915366 0 0.402622
    outer loop
      vertex 88.3171 0.61 9.99008
      vertex 88.3171 -0.01 9.99008
      vertex 88.3658 -0.01 10.1008
    endloop
  endfacet
  facet normal -0.941852 0 0.336028
    outer loop
      vertex 88.2757 0.61 9.87404
      vertex 88.3171 -0.01 9.99008
      vertex 88.3171 0.61 9.99008
    endloop
  endfacet
  facet normal -0.941852 0 0.336028
    outer loop
      vertex 88.2757 0.61 9.87404
      vertex 88.2757 -0.01 9.87404
      vertex 88.3171 -0.01 9.99008
    endloop
  endfacet
  facet normal -0.962304 0 0.271976
    outer loop
      vertex 88.2414 0.61 9.75268
      vertex 88.2757 -0.01 9.87404
      vertex 88.2757 0.61 9.87404
    endloop
  endfacet
  facet normal -0.962304 0 0.271976
    outer loop
      vertex 88.2414 0.61 9.75268
      vertex 88.2414 -0.01 9.75268
      vertex 88.2757 -0.01 9.87404
    endloop
  endfacet
  facet normal -0.978032 0 0.208453
    outer loop
      vertex 88.2144 0.61 9.626
      vertex 88.2414 -0.01 9.75268
      vertex 88.2414 0.61 9.75268
    endloop
  endfacet
  facet normal -0.978032 0 0.208453
    outer loop
      vertex 88.2144 0.61 9.626
      vertex 88.2144 -0.01 9.626
      vertex 88.2414 -0.01 9.75268
    endloop
  endfacet
  facet normal -0.988821 0 0.149106
    outer loop
      vertex 88.1945 0.61 9.49403
      vertex 88.2144 -0.01 9.626
      vertex 88.2144 0.61 9.626
    endloop
  endfacet
  facet normal -0.988821 0 0.149106
    outer loop
      vertex 88.1945 0.61 9.49403
      vertex 88.1945 -0.01 9.49403
      vertex 88.2144 -0.01 9.626
    endloop
  endfacet
  facet normal -0.071035 0 -0.997474
    outer loop
      vertex 89.3378 0.61 9.41261
      vertex 88.1945 -0.01 9.49403
      vertex 88.1945 0.61 9.49403
    endloop
  endfacet
  facet normal -0.071035 -0 -0.997474
    outer loop
      vertex 89.3378 0.61 9.41261
      vertex 89.3378 -0.01 9.41261
      vertex 88.1945 -0.01 9.49403
    endloop
  endfacet
  facet normal 0.99333 0 -0.115304
    outer loop
      vertex 89.3452 0.61 9.47636
      vertex 89.3378 -0.01 9.41261
      vertex 89.3378 0.61 9.41261
    endloop
  endfacet
  facet normal 0.99333 0 -0.115304
    outer loop
      vertex 89.3452 0.61 9.47636
      vertex 89.3452 -0.01 9.47636
      vertex 89.3378 -0.01 9.41261
    endloop
  endfacet
  facet normal 0.985544 0 -0.169421
    outer loop
      vertex 89.3557 0.61 9.53744
      vertex 89.3452 -0.01 9.47636
      vertex 89.3452 0.61 9.47636
    endloop
  endfacet
  facet normal 0.985544 0 -0.169421
    outer loop
      vertex 89.3557 0.61 9.53744
      vertex 89.3557 -0.01 9.53744
      vertex 89.3452 -0.01 9.47636
    endloop
  endfacet
  facet normal 0.973922 0 -0.226882
    outer loop
      vertex 89.3693 0.61 9.59582
      vertex 89.3557 -0.01 9.53744
      vertex 89.3557 0.61 9.53744
    endloop
  endfacet
  facet normal 0.973922 0 -0.226882
    outer loop
      vertex 89.3693 0.61 9.59582
      vertex 89.3693 -0.01 9.59582
      vertex 89.3557 -0.01 9.53744
    endloop
  endfacet
  facet normal 0.958318 0 -0.285705
    outer loop
      vertex 89.3859 0.61 9.6515
      vertex 89.3693 -0.01 9.59582
      vertex 89.3693 0.61 9.59582
    endloop
  endfacet
  facet normal 0.958318 0 -0.285705
    outer loop
      vertex 89.3859 0.61 9.6515
      vertex 89.3859 -0.01 9.6515
      vertex 89.3693 -0.01 9.59582
    endloop
  endfacet
  facet normal 0.937343 0 -0.348409
    outer loop
      vertex 89.4056 0.61 9.7045
      vertex 89.3859 -0.01 9.6515
      vertex 89.3859 0.61 9.6515
    endloop
  endfacet
  facet normal 0.937343 0 -0.348409
    outer loop
      vertex 89.4056 0.61 9.7045
      vertex 89.4056 -0.01 9.7045
      vertex 89.3859 -0.01 9.6515
    endloop
  endfacet
  facet normal 0.9108 0 -0.412848
    outer loop
      vertex 89.4284 0.61 9.7548
      vertex 89.4056 -0.01 9.7045
      vertex 89.4056 0.61 9.7045
    endloop
  endfacet
  facet normal 0.9108 0 -0.412848
    outer loop
      vertex 89.4284 0.61 9.7548
      vertex 89.4284 -0.01 9.7548
      vertex 89.4056 -0.01 9.7045
    endloop
  endfacet
  facet normal 0.879289 0 -0.476289
    outer loop
      vertex 89.4542 0.61 9.80243
      vertex 89.4284 -0.01 9.7548
      vertex 89.4284 0.61 9.7548
    endloop
  endfacet
  facet normal 0.879289 0 -0.476289
    outer loop
      vertex 89.4542 0.61 9.80243
      vertex 89.4542 -0.01 9.80243
      vertex 89.4284 -0.01 9.7548
    endloop
  endfacet
  facet normal 0.841835 0 -0.539734
    outer loop
      vertex 89.483 0.61 9.84735
      vertex 89.4542 -0.01 9.80243
      vertex 89.4542 0.61 9.80243
    endloop
  endfacet
  facet normal 0.841835 0 -0.539734
    outer loop
      vertex 89.483 0.61 9.84735
      vertex 89.483 -0.01 9.84735
      vertex 89.4542 -0.01 9.80243
    endloop
  endfacet
  facet normal 0.797023 0 -0.603949
    outer loop
      vertex 89.515 0.61 9.88958
      vertex 89.483 -0.01 9.84735
      vertex 89.483 0.61 9.84735
    endloop
  endfacet
  facet normal 0.797023 0 -0.603949
    outer loop
      vertex 89.515 0.61 9.88958
      vertex 89.515 -0.01 9.88958
      vertex 89.483 -0.01 9.84735
    endloop
  endfacet
  facet normal 0.749893 0 -0.661559
    outer loop
      vertex 89.5499 0.61 9.92914
      vertex 89.515 -0.01 9.88958
      vertex 89.515 0.61 9.88958
    endloop
  endfacet
  facet normal 0.749893 0 -0.661559
    outer loop
      vertex 89.5499 0.61 9.92914
      vertex 89.5499 -0.01 9.92914
      vertex 89.515 -0.01 9.88958
    endloop
  endfacet
  facet normal 0.695217 0 -0.7188
    outer loop
      vertex 89.588 0.61 9.96599
      vertex 89.5499 -0.01 9.92914
      vertex 89.5499 0.61 9.92914
    endloop
  endfacet
  facet normal 0.695217 0 -0.7188
    outer loop
      vertex 89.588 0.61 9.96599
      vertex 89.588 -0.01 9.96599
      vertex 89.5499 -0.01 9.92914
    endloop
  endfacet
  facet normal 0.639887 0 -0.768469
    outer loop
      vertex 89.6287 0.61 9.99988
      vertex 89.588 -0.01 9.96599
      vertex 89.588 0.61 9.96599
    endloop
  endfacet
  facet normal 0.639887 0 -0.768469
    outer loop
      vertex 89.6287 0.61 9.99988
      vertex 89.6287 -0.01 9.99988
      vertex 89.588 -0.01 9.96599
    endloop
  endfacet
  facet normal 0.580951 0 -0.813939
    outer loop
      vertex 89.6716 0.61 10.0305
      vertex 89.6287 -0.01 9.99988
      vertex 89.6287 0.61 9.99988
    endloop
  endfacet
  facet normal 0.580951 0 -0.813939
    outer loop
      vertex 89.6716 0.61 10.0305
      vertex 89.6716 -0.01 10.0305
      vertex 89.6287 -0.01 9.99988
    endloop
  endfacet
  facet normal 0.518929 0 -0.854817
    outer loop
      vertex 89.7169 0.61 10.058
      vertex 89.6716 -0.01 10.0305
      vertex 89.6716 0.61 10.0305
    endloop
  endfacet
  facet normal 0.518929 0 -0.854817
    outer loop
      vertex 89.7169 0.61 10.058
      vertex 89.7169 -0.01 10.058
      vertex 89.6716 -0.01 10.0305
    endloop
  endfacet
  facet normal 0.454714 0 -0.890638
    outer loop
      vertex 89.7643 0.61 10.0822
      vertex 89.7169 -0.01 10.058
      vertex 89.7169 0.61 10.058
    endloop
  endfacet
  facet normal 0.454714 0 -0.890638
    outer loop
      vertex 89.7643 0.61 10.0822
      vertex 89.7643 -0.01 10.0822
      vertex 89.7169 -0.01 10.058
    endloop
  endfacet
  facet normal 0.389217 0 -0.921146
    outer loop
      vertex 89.814 0.61 10.1032
      vertex 89.7643 -0.01 10.0822
      vertex 89.7643 0.61 10.0822
    endloop
  endfacet
  facet normal 0.389217 0 -0.921146
    outer loop
      vertex 89.814 0.61 10.1032
      vertex 89.814 -0.01 10.1032
      vertex 89.7643 -0.01 10.0822
    endloop
  endfacet
  facet normal 0.322229 0 -0.946662
    outer loop
      vertex 89.866 0.61 10.1209
      vertex 89.814 -0.01 10.1032
      vertex 89.814 0.61 10.1032
    endloop
  endfacet
  facet normal 0.322229 0 -0.946662
    outer loop
      vertex 89.866 0.61 10.1209
      vertex 89.866 -0.01 10.1209
      vertex 89.814 -0.01 10.1032
    endloop
  endfacet
  facet normal 0.260101 0 -0.965581
    outer loop
      vertex 89.9202 0.61 10.1355
      vertex 89.866 -0.01 10.1209
      vertex 89.866 0.61 10.1209
    endloop
  endfacet
  facet normal 0.260101 0 -0.965581
    outer loop
      vertex 89.9202 0.61 10.1355
      vertex 89.9202 -0.01 10.1355
      vertex 89.866 -0.01 10.1209
    endloop
  endfacet
  facet normal 0.196116 0 -0.980581
    outer loop
      vertex 89.9767 0.61 10.1468
      vertex 89.9202 -0.01 10.1355
      vertex 89.9202 0.61 10.1355
    endloop
  endfacet
  facet normal 0.196116 0 -0.980581
    outer loop
      vertex 89.9767 0.61 10.1468
      vertex 89.9767 -0.01 10.1468
      vertex 89.9202 -0.01 10.1355
    endloop
  endfacet
  facet normal 0.135038 0 -0.99084
    outer loop
      vertex 90.0354 0.61 10.1548
      vertex 89.9767 -0.01 10.1468
      vertex 89.9767 0.61 10.1468
    endloop
  endfacet
  facet normal 0.135038 0 -0.99084
    outer loop
      vertex 90.0354 0.61 10.1548
      vertex 90.0354 -0.01 10.1548
      vertex 89.9767 -0.01 10.1468
    endloop
  endfacet
  facet normal 0.08007 0 -0.996789
    outer loop
      vertex 90.0964 0.61 10.1597
      vertex 90.0354 -0.01 10.1548
      vertex 90.0354 0.61 10.1548
    endloop
  endfacet
  facet normal 0.08007 0 -0.996789
    outer loop
      vertex 90.0964 0.61 10.1597
      vertex 90.0964 -0.01 10.1597
      vertex 90.0354 -0.01 10.1548
    endloop
  endfacet
  facet normal 0.0252684 0 -0.999681
    outer loop
      vertex 90.1597 0.61 10.1613
      vertex 90.0964 -0.01 10.1597
      vertex 90.0964 0.61 10.1597
    endloop
  endfacet
  facet normal 0.0252684 0 -0.999681
    outer loop
      vertex 90.1597 0.61 10.1613
      vertex 90.1597 -0.01 10.1613
      vertex 90.0964 -0.01 10.1597
    endloop
  endfacet
  facet normal -0.025252 0 -0.999681
    outer loop
      vertex 90.227 0.61 10.1596
      vertex 90.1597 -0.01 10.1613
      vertex 90.1597 0.61 10.1613
    endloop
  endfacet
  facet normal -0.025252 -0 -0.999681
    outer loop
      vertex 90.227 0.61 10.1596
      vertex 90.227 -0.01 10.1596
      vertex 90.1597 -0.01 10.1613
    endloop
  endfacet
  facet normal -0.0775265 0 -0.99699
    outer loop
      vertex 90.2913 0.61 10.1546
      vertex 90.227 -0.01 10.1596
      vertex 90.227 0.61 10.1596
    endloop
  endfacet
  facet normal -0.0775265 -0 -0.99699
    outer loop
      vertex 90.2913 0.61 10.1546
      vertex 90.2913 -0.01 10.1546
      vertex 90.227 -0.01 10.1596
    endloop
  endfacet
  facet normal -0.134175 0 -0.990958
    outer loop
      vertex 90.3526 0.61 10.1463
      vertex 90.2913 -0.01 10.1546
      vertex 90.2913 0.61 10.1546
    endloop
  endfacet
  facet normal -0.134175 -0 -0.990958
    outer loop
      vertex 90.3526 0.61 10.1463
      vertex 90.3526 -0.01 10.1463
      vertex 90.2913 -0.01 10.1546
    endloop
  endfacet
  facet normal -0.195145 0 -0.980774
    outer loop
      vertex 90.4109 0.61 10.1347
      vertex 90.3526 -0.01 10.1463
      vertex 90.3526 0.61 10.1463
    endloop
  endfacet
  facet normal -0.195145 -0 -0.980774
    outer loop
      vertex 90.4109 0.61 10.1347
      vertex 90.4109 -0.01 10.1347
      vertex 90.3526 -0.01 10.1463
    endloop
  endfacet
  facet normal -0.261348 0 -0.965245
    outer loop
      vertex 90.4663 0.61 10.1197
      vertex 90.4109 -0.01 10.1347
      vertex 90.4109 0.61 10.1347
    endloop
  endfacet
  facet normal -0.261348 -0 -0.965245
    outer loop
      vertex 90.4663 0.61 10.1197
      vertex 90.4663 -0.01 10.1197
      vertex 90.4109 -0.01 10.1347
    endloop
  endfacet
  facet normal -0.33027 0 -0.943886
    outer loop
      vertex 90.5186 0.61 10.1014
      vertex 90.4663 -0.01 10.1197
      vertex 90.4663 0.61 10.1197
    endloop
  endfacet
  facet normal -0.33027 -0 -0.943886
    outer loop
      vertex 90.5186 0.61 10.1014
      vertex 90.5186 -0.01 10.1014
      vertex 90.4663 -0.01 10.1197
    endloop
  endfacet
  facet normal -0.402863 0 -0.91526
    outer loop
      vertex 90.5679 0.61 10.0797
      vertex 90.5186 -0.01 10.1014
      vertex 90.5186 0.61 10.1014
    endloop
  endfacet
  facet normal -0.402863 -0 -0.91526
    outer loop
      vertex 90.5679 0.61 10.0797
      vertex 90.5679 -0.01 10.0797
      vertex 90.5186 -0.01 10.1014
    endloop
  endfacet
  facet normal -0.474326 0 -0.880349
    outer loop
      vertex 90.6143 0.61 10.0547
      vertex 90.5679 -0.01 10.0797
      vertex 90.5679 0.61 10.0797
    endloop
  endfacet
  facet normal -0.474326 -0 -0.880349
    outer loop
      vertex 90.6143 0.61 10.0547
      vertex 90.6143 -0.01 10.0547
      vertex 90.5679 -0.01 10.0797
    endloop
  endfacet
  facet normal -0.544853 0 -0.838532
    outer loop
      vertex 90.6577 0.61 10.0265
      vertex 90.6143 -0.01 10.0547
      vertex 90.6143 0.61 10.0547
    endloop
  endfacet
  facet normal -0.544853 -0 -0.838532
    outer loop
      vertex 90.6577 0.61 10.0265
      vertex 90.6577 -0.01 10.0265
      vertex 90.6143 -0.01 10.0547
    endloop
  endfacet
  facet normal -0.618011 0 -0.786169
    outer loop
      vertex 90.698 0.61 9.99482
      vertex 90.6577 -0.01 10.0265
      vertex 90.6577 0.61 10.0265
    endloop
  endfacet
  facet normal -0.618011 -0 -0.786169
    outer loop
      vertex 90.698 0.61 9.99482
      vertex 90.698 -0.01 9.99482
      vertex 90.6577 -0.01 10.0265
    endloop
  endfacet
  facet normal -0.682771 0 -0.730633
    outer loop
      vertex 90.7354 0.61 9.95987
      vertex 90.698 -0.01 9.99482
      vertex 90.698 0.61 9.99482
    endloop
  endfacet
  facet normal -0.682771 -0 -0.730633
    outer loop
      vertex 90.7354 0.61 9.95987
      vertex 90.7354 -0.01 9.95987
      vertex 90.698 -0.01 9.99482
    endloop
  endfacet
  facet normal -0.741355 0 -0.671113
    outer loop
      vertex 90.7697 0.61 9.92198
      vertex 90.7354 -0.01 9.95987
      vertex 90.7354 0.61 9.95987
    endloop
  endfacet
  facet normal -0.741355 -0 -0.671113
    outer loop
      vertex 90.7697 0.61 9.92198
      vertex 90.7697 -0.01 9.92198
      vertex 90.7354 -0.01 9.95987
    endloop
  endfacet
  facet normal -0.793281 0 -0.608856
    outer loop
      vertex 90.8007 0.61 9.88159
      vertex 90.7697 -0.01 9.92198
      vertex 90.7697 0.61 9.92198
    endloop
  endfacet
  facet normal -0.793281 -0 -0.608856
    outer loop
      vertex 90.8007 0.61 9.88159
      vertex 90.8007 -0.01 9.88159
      vertex 90.7697 -0.01 9.92198
    endloop
  endfacet
  facet normal -0.840325 0 -0.542082
    outer loop
      vertex 90.8284 0.61 9.83865
      vertex 90.8007 -0.01 9.88159
      vertex 90.8007 0.61 9.88159
    endloop
  endfacet
  facet normal -0.840325 -0 -0.542082
    outer loop
      vertex 90.8284 0.61 9.83865
      vertex 90.8284 -0.01 9.83865
      vertex 90.8007 -0.01 9.88159
    endloop
  endfacet
  facet normal -0.881018 0 -0.473082
    outer loop
      vertex 90.8528 0.61 9.79321
      vertex 90.8284 -0.01 9.83865
      vertex 90.8284 0.61 9.83865
    endloop
  endfacet
  facet normal -0.881018 -0 -0.473082
    outer loop
      vertex 90.8528 0.61 9.79321
      vertex 90.8528 -0.01 9.79321
      vertex 90.8284 -0.01 9.83865
    endloop
  endfacet
  facet normal -0.914628 0 -0.404297
    outer loop
      vertex 90.874 0.61 9.74525
      vertex 90.8528 -0.01 9.79321
      vertex 90.8528 0.61 9.79321
    endloop
  endfacet
  facet normal -0.914628 -0 -0.404297
    outer loop
      vertex 90.874 0.61 9.74525
      vertex 90.874 -0.01 9.74525
      vertex 90.8528 -0.01 9.79321
    endloop
  endfacet
  facet normal -0.941932 0 -0.335805
    outer loop
      vertex 90.892 0.61 9.69476
      vertex 90.874 -0.01 9.74525
      vertex 90.874 0.61 9.74525
    endloop
  endfacet
  facet normal -0.941932 -0 -0.335805
    outer loop
      vertex 90.892 0.61 9.69476
      vertex 90.892 -0.01 9.69476
      vertex 90.874 -0.01 9.74525
    endloop
  endfacet
  facet normal -0.963635 0 -0.267222
    outer loop
      vertex 90.9067 0.61 9.64175
      vertex 90.892 -0.01 9.69476
      vertex 90.892 0.61 9.69476
    endloop
  endfacet
  facet normal -0.963635 -0 -0.267222
    outer loop
      vertex 90.9067 0.61 9.64175
      vertex 90.9067 -0.01 9.64175
      vertex 90.892 -0.01 9.69476
    endloop
  endfacet
  facet normal -0.979571 0 -0.2011
    outer loop
      vertex 90.9181 0.61 9.58622
      vertex 90.9067 -0.01 9.64175
      vertex 90.9067 0.61 9.64175
    endloop
  endfacet
  facet normal -0.979571 -0 -0.2011
    outer loop
      vertex 90.9181 0.61 9.58622
      vertex 90.9181 -0.01 9.58622
      vertex 90.9067 -0.01 9.64175
    endloop
  endfacet
  facet normal -0.990408 0 -0.138173
    outer loop
      vertex 90.9262 0.61 9.52816
      vertex 90.9181 -0.01 9.58622
      vertex 90.9181 0.61 9.58622
    endloop
  endfacet
  facet normal -0.990408 -0 -0.138173
    outer loop
      vertex 90.9262 0.61 9.52816
      vertex 90.9262 -0.01 9.52816
      vertex 90.9181 -0.01 9.58622
    endloop
  endfacet
  facet normal -0.996743 0 -0.0806479
    outer loop
      vertex 90.9311 0.61 9.4676
      vertex 90.9262 -0.01 9.52816
      vertex 90.9262 0.61 9.52816
    endloop
  endfacet
  facet normal -0.996743 -0 -0.0806479
    outer loop
      vertex 90.9311 0.61 9.4676
      vertex 90.9311 -0.01 9.4676
      vertex 90.9262 -0.01 9.52816
    endloop
  endfacet
  facet normal -0.999637 0 -0.0269359
    outer loop
      vertex 90.9328 0.61 9.40451
      vertex 90.9311 -0.01 9.4676
      vertex 90.9311 0.61 9.4676
    endloop
  endfacet
  facet normal -0.999637 -0 -0.0269359
    outer loop
      vertex 90.9328 0.61 9.40451
      vertex 90.9328 -0.01 9.40451
      vertex 90.9311 -0.01 9.4676
    endloop
  endfacet
  facet normal -0.999504 0 0.031497
    outer loop
      vertex 90.9307 0.61 9.33787
      vertex 90.9328 -0.01 9.40451
      vertex 90.9328 0.61 9.40451
    endloop
  endfacet
  facet normal -0.999504 0 0.031497
    outer loop
      vertex 90.9307 0.61 9.33787
      vertex 90.9307 -0.01 9.33787
      vertex 90.9328 -0.01 9.40451
    endloop
  endfacet
  facet normal -0.995305 0 0.0967832
    outer loop
      vertex 90.9245 0.61 9.27411
      vertex 90.9307 -0.01 9.33787
      vertex 90.9307 0.61 9.33787
    endloop
  endfacet
  facet normal -0.995305 0 0.0967832
    outer loop
      vertex 90.9245 0.61 9.27411
      vertex 90.9245 -0.01 9.27411
      vertex 90.9307 -0.01 9.33787
    endloop
  endfacet
  facet normal -0.986276 0 0.165108
    outer loop
      vertex 90.9143 0.61 9.21318
      vertex 90.9245 -0.01 9.27411
      vertex 90.9245 0.61 9.27411
    endloop
  endfacet
  facet normal -0.986276 0 0.165108
    outer loop
      vertex 90.9143 0.61 9.21318
      vertex 90.9143 -0.01 9.21318
      vertex 90.9245 -0.01 9.27411
    endloop
  endfacet
  facet normal -0.970583 0 0.240765
    outer loop
      vertex 90.8999 0.61 9.15513
      vertex 90.9143 -0.01 9.21318
      vertex 90.9143 0.61 9.21318
    endloop
  endfacet
  facet normal -0.970583 0 0.240765
    outer loop
      vertex 90.8999 0.61 9.15513
      vertex 90.8999 -0.01 9.15513
      vertex 90.9143 -0.01 9.21318
    endloop
  endfacet
  facet normal -0.948683 0 0.316228
    outer loop
      vertex 90.8815 0.61 9.09993
      vertex 90.8999 -0.01 9.15513
      vertex 90.8999 0.61 9.15513
    endloop
  endfacet
  facet normal -0.948683 0 0.316228
    outer loop
      vertex 90.8815 0.61 9.09993
      vertex 90.8815 -0.01 9.09993
      vertex 90.8999 -0.01 9.15513
    endloop
  endfacet
  facet normal -0.918071 0 0.396416
    outer loop
      vertex 90.8589 0.61 9.04759
      vertex 90.8815 -0.01 9.09993
      vertex 90.8815 0.61 9.09993
    endloop
  endfacet
  facet normal -0.918071 0 0.396416
    outer loop
      vertex 90.8589 0.61 9.04759
      vertex 90.8589 -0.01 9.04759
      vertex 90.8815 -0.01 9.09993
    endloop
  endfacet
  facet normal -0.880048 0 0.474885
    outer loop
      vertex 90.8322 0.61 8.99811
      vertex 90.8589 -0.01 9.04759
      vertex 90.8589 0.61 9.04759
    endloop
  endfacet
  facet normal -0.880048 0 0.474885
    outer loop
      vertex 90.8322 0.61 8.99811
      vertex 90.8322 -0.01 8.99811
      vertex 90.8589 -0.01 9.04759
    endloop
  endfacet
  facet normal -0.835287 0 0.549814
    outer loop
      vertex 90.8015 0.61 8.95147
      vertex 90.8322 -0.01 8.99811
      vertex 90.8322 0.61 8.99811
    endloop
  endfacet
  facet normal -0.835287 0 0.549814
    outer loop
      vertex 90.8015 0.61 8.95147
      vertex 90.8015 -0.01 8.95147
      vertex 90.8322 -0.01 8.99811
    endloop
  endfacet
  facet normal -0.781809 0 0.623518
    outer loop
      vertex 90.7666 0.61 8.90771
      vertex 90.8015 -0.01 8.95147
      vertex 90.8015 0.61 8.95147
    endloop
  endfacet
  facet normal -0.781809 0 0.623518
    outer loop
      vertex 90.7666 0.61 8.90771
      vertex 90.7666 -0.01 8.90771
      vertex 90.8015 -0.01 8.95147
    endloop
  endfacet
  facet normal -0.723801 0 0.690009
    outer loop
      vertex 90.7276 0.61 8.8668
      vertex 90.7666 -0.01 8.90771
      vertex 90.7666 0.61 8.90771
    endloop
  endfacet
  facet normal -0.723801 0 0.690009
    outer loop
      vertex 90.7276 0.61 8.8668
      vertex 90.7276 -0.01 8.8668
      vertex 90.7666 -0.01 8.90771
    endloop
  endfacet
  facet normal -0.661823 0 0.74966
    outer loop
      vertex 90.6845 0.61 8.82875
      vertex 90.7276 -0.01 8.8668
      vertex 90.7276 0.61 8.8668
    endloop
  endfacet
  facet normal -0.661823 0 0.74966
    outer loop
      vertex 90.6845 0.61 8.82875
      vertex 90.6845 -0.01 8.82875
      vertex 90.7276 -0.01 8.8668
    endloop
  endfacet
  facet normal -0.59579 0 0.80314
    outer loop
      vertex 90.6374 0.61 8.79381
      vertex 90.6845 -0.01 8.82875
      vertex 90.6845 0.61 8.82875
    endloop
  endfacet
  facet normal -0.59579 0 0.80314
    outer loop
      vertex 90.6374 0.61 8.79381
      vertex 90.6374 -0.01 8.79381
      vertex 90.6845 -0.01 8.82875
    endloop
  endfacet
  facet normal -0.52545 0 0.850824
    outer loop
      vertex 90.5862 0.61 8.76219
      vertex 90.6374 -0.01 8.79381
      vertex 90.6374 0.61 8.79381
    endloop
  endfacet
  facet normal -0.52545 0 0.850824
    outer loop
      vertex 90.5862 0.61 8.76219
      vertex 90.5862 -0.01 8.76219
      vertex 90.6374 -0.01 8.79381
    endloop
  endfacet
  facet normal -0.456091 0 0.889933
    outer loop
      vertex 90.531 0.61 8.7339
      vertex 90.5862 -0.01 8.76219
      vertex 90.5862 0.61 8.76219
    endloop
  endfacet
  facet normal -0.456091 0 0.889933
    outer loop
      vertex 90.531 0.61 8.7339
      vertex 90.531 -0.01 8.7339
      vertex 90.5862 -0.01 8.76219
    endloop
  endfacet
  facet normal -0.387946 0 0.921682
    outer loop
      vertex 90.4717 0.61 8.70894
      vertex 90.531 -0.01 8.7339
      vertex 90.531 0.61 8.7339
    endloop
  endfacet
  facet normal -0.387946 0 0.921682
    outer loop
      vertex 90.4717 0.61 8.70894
      vertex 90.4717 -0.01 8.70894
      vertex 90.531 -0.01 8.7339
    endloop
  endfacet
  facet normal -0.323483 0 0.946234
    outer loop
      vertex 90.4084 0.61 8.6873
      vertex 90.4717 -0.01 8.70894
      vertex 90.4717 0.61 8.70894
    endloop
  endfacet
  facet normal -0.323483 0 0.946234
    outer loop
      vertex 90.4084 0.61 8.6873
      vertex 90.4084 -0.01 8.6873
      vertex 90.4717 -0.01 8.70894
    endloop
  endfacet
  facet normal -0.262523 0 0.964926
    outer loop
      vertex 90.3411 0.61 8.66899
      vertex 90.4084 -0.01 8.6873
      vertex 90.4084 0.61 8.6873
    endloop
  endfacet
  facet normal -0.262523 0 0.964926
    outer loop
      vertex 90.3411 0.61 8.66899
      vertex 90.3411 -0.01 8.66899
      vertex 90.4084 -0.01 8.6873
    endloop
  endfacet
  facet normal -0.205478 0 0.978662
    outer loop
      vertex 90.2698 0.61 8.65402
      vertex 90.3411 -0.01 8.66899
      vertex 90.3411 0.61 8.66899
    endloop
  endfacet
  facet normal -0.205478 0 0.978662
    outer loop
      vertex 90.2698 0.61 8.65402
      vertex 90.2698 -0.01 8.65402
      vertex 90.3411 -0.01 8.66899
    endloop
  endfacet
  facet normal -0.152825 0 0.988253
    outer loop
      vertex 90.1944 0.61 8.64236
      vertex 90.2698 -0.01 8.65402
      vertex 90.2698 0.61 8.65402
    endloop
  endfacet
  facet normal -0.152825 0 0.988253
    outer loop
      vertex 90.1944 0.61 8.64236
      vertex 90.1944 -0.01 8.64236
      vertex 90.2698 -0.01 8.65402
    endloop
  endfacet
  facet normal -0.104091 0 0.994568
    outer loop
      vertex 90.115 0.61 8.63405
      vertex 90.1944 -0.01 8.64236
      vertex 90.1944 0.61 8.64236
    endloop
  endfacet
  facet normal -0.104091 0 0.994568
    outer loop
      vertex 90.115 0.61 8.63405
      vertex 90.115 -0.01 8.63405
      vertex 90.1944 -0.01 8.64236
    endloop
  endfacet
  facet normal -0.0596541 0 0.998219
    outer loop
      vertex 90.0315 0.61 8.62906
      vertex 90.115 -0.01 8.63405
      vertex 90.115 0.61 8.63405
    endloop
  endfacet
  facet normal -0.0596541 0 0.998219
    outer loop
      vertex 90.0315 0.61 8.62906
      vertex 90.0315 -0.01 8.62906
      vertex 90.115 -0.01 8.63405
    endloop
  endfacet
  facet normal -0.0190822 0 0.999818
    outer loop
      vertex 89.944 0.61 8.62739
      vertex 90.0315 -0.01 8.62906
      vertex 90.0315 0.61 8.62906
    endloop
  endfacet
  facet normal -0.0190822 0 0.999818
    outer loop
      vertex 89.944 0.61 8.62739
      vertex 89.944 -0.01 8.62739
      vertex 90.0315 -0.01 8.62906
    endloop
  endfacet
  facet normal -0 0 1
    outer loop
      vertex 89.5697 0.61 8.62739
      vertex 89.944 -0.01 8.62739
      vertex 89.944 0.61 8.62739
    endloop
  endfacet
  facet normal 0 0 1
    outer loop
      vertex 89.5697 0.61 8.62739
      vertex 89.5697 -0.01 8.62739
      vertex 89.944 -0.01 8.62739
    endloop
  endfacet
  facet normal -1 0 0
    outer loop
      vertex 89.5697 0.61 7.70376
      vertex 89.5697 -0.01 8.62739
      vertex 89.5697 0.61 8.62739
    endloop
  endfacet
  facet normal -1 0 0
    outer loop
      vertex 89.5697 0.61 7.70376
      vertex 89.5697 -0.01 7.70376
      vertex 89.5697 -0.01 8.62739
    endloop
  endfacet
  facet normal -0 0 -1
    outer loop
      vertex 89.9684 0.61 7.70376
      vertex 89.5697 -0.01 7.70376
      vertex 89.5697 0.61 7.70376
    endloop
  endfacet
  facet normal 0 -0 -1
    outer loop
      vertex 89.9684 0.61 7.70376
      vertex 89.9684 -0.01 7.70376
      vertex 89.5697 -0.01 7.70376
    endloop
  endfacet
  facet normal -0.017317 0 -0.99985
    outer loop
      vertex 90.0654 0.61 7.70208
      vertex 89.9684 -0.01 7.70376
      vertex 89.9684 0.61 7.70376
    endloop
  endfacet
  facet normal -0.017317 -0 -0.99985
    outer loop
      vertex 90.0654 0.61 7.70208
      vertex 90.0654 -0.01 7.70208
      vertex 89.9684 -0.01 7.70376
    endloop
  endfacet
  facet normal -0.0545722 0 -0.99851
    outer loop
      vertex 90.1578 0.61 7.69703
      vertex 90.0654 -0.01 7.70208
      vertex 90.0654 0.61 7.70208
    endloop
  endfacet
  facet normal -0.0545722 -0 -0.99851
    outer loop
      vertex 90.1578 0.61 7.69703
      vertex 90.1578 -0.01 7.69703
      vertex 90.0654 -0.01 7.70208
    endloop
  endfacet
  facet normal -0.0950226 0 -0.995475
    outer loop
      vertex 90.2458 0.61 7.68863
      vertex 90.1578 -0.01 7.69703
      vertex 90.1578 0.61 7.69703
    endloop
  endfacet
  facet normal -0.0950226 -0 -0.995475
    outer loop
      vertex 90.2458 0.61 7.68863
      vertex 90.2458 -0.01 7.68863
      vertex 90.1578 -0.01 7.69703
    endloop
  endfacet
  facet normal -0.139251 0 -0.990257
    outer loop
      vertex 90.3295 0.61 7.67686
      vertex 90.2458 -0.01 7.68863
      vertex 90.2458 0.61 7.68863
    endloop
  endfacet
  facet normal -0.139251 -0 -0.990257
    outer loop
      vertex 90.3295 0.61 7.67686
      vertex 90.3295 -0.01 7.67686
      vertex 90.2458 -0.01 7.68863
    endloop
  endfacet
  facet normal -0.187871 0 -0.982194
    outer loop
      vertex 90.4086 0.61 7.66173
      vertex 90.3295 -0.01 7.67686
      vertex 90.3295 0.61 7.67686
    endloop
  endfacet
  facet normal -0.187871 -0 -0.982194
    outer loop
      vertex 90.4086 0.61 7.66173
      vertex 90.4086 -0.01 7.66173
      vertex 90.3295 -0.01 7.67686
    endloop
  endfacet
  facet normal -0.240395 0 -0.970675
    outer loop
      vertex 90.4833 0.61 7.64323
      vertex 90.4086 -0.01 7.66173
      vertex 90.4086 0.61 7.66173
    endloop
  endfacet
  facet normal -0.240395 -0 -0.970675
    outer loop
      vertex 90.4833 0.61 7.64323
      vertex 90.4833 -0.01 7.64323
      vertex 90.4086 -0.01 7.66173
    endloop
  endfacet
  facet normal -0.296929 0 -0.9549
    outer loop
      vertex 90.5536 0.61 7.62137
      vertex 90.4833 -0.01 7.64323
      vertex 90.4833 0.61 7.64323
    endloop
  endfacet
  facet normal -0.296929 -0 -0.9549
    outer loop
      vertex 90.5536 0.61 7.62137
      vertex 90.5536 -0.01 7.62137
      vertex 90.4833 -0.01 7.64323
    endloop
  endfacet
  facet normal -0.358018 0 -0.933714
    outer loop
      vertex 90.6194 0.61 7.59614
      vertex 90.5536 -0.01 7.62137
      vertex 90.5536 0.61 7.62137
    endloop
  endfacet
  facet normal -0.358018 -0 -0.933714
    outer loop
      vertex 90.6194 0.61 7.59614
      vertex 90.6194 -0.01 7.59614
      vertex 90.5536 -0.01 7.62137
    endloop
  endfacet
  facet normal -0.421996 0 -0.906598
    outer loop
      vertex 90.6808 0.61 7.56756
      vertex 90.6194 -0.01 7.59614
      vertex 90.6194 0.61 7.59614
    endloop
  endfacet
  facet normal -0.421996 -0 -0.906598
    outer loop
      vertex 90.6808 0.61 7.56756
      vertex 90.6808 -0.01 7.56756
      vertex 90.6194 -0.01 7.59614
    endloop
  endfacet
  facet normal -0.488953 0 -0.87231
    outer loop
      vertex 90.7378 0.61 7.53561
      vertex 90.6808 -0.01 7.56756
      vertex 90.6808 0.61 7.56756
    endloop
  endfacet
  facet normal -0.488953 -0 -0.87231
    outer loop
      vertex 90.7378 0.61 7.53561
      vertex 90.7378 -0.01 7.53561
      vertex 90.6808 -0.01 7.56756
    endloop
  endfacet
  facet normal -0.558088 0 -0.829782
    outer loop
      vertex 90.7903 0.61 7.5003
      vertex 90.7378 -0.01 7.53561
      vertex 90.7378 0.61 7.53561
    endloop
  endfacet
  facet normal -0.558088 -0 -0.829782
    outer loop
      vertex 90.7903 0.61 7.5003
      vertex 90.7903 -0.01 7.5003
      vertex 90.7378 -0.01 7.53561
    endloop
  endfacet
  facet normal -0.625389 0 -0.780313
    outer loop
      vertex 90.8383 0.61 7.46183
      vertex 90.7903 -0.01 7.5003
      vertex 90.7903 0.61 7.5003
    endloop
  endfacet
  facet normal -0.625389 -0 -0.780313
    outer loop
      vertex 90.8383 0.61 7.46183
      vertex 90.8383 -0.01 7.46183
      vertex 90.7903 -0.01 7.5003
    endloop
  endfacet
  facet normal -0.689493 0 -0.724292
    outer loop
      vertex 90.8818 0.61 7.42042
      vertex 90.8383 -0.01 7.46183
      vertex 90.8383 0.61 7.46183
    endloop
  endfacet
  facet normal -0.689493 -0 -0.724292
    outer loop
      vertex 90.8818 0.61 7.42042
      vertex 90.8818 -0.01 7.42042
      vertex 90.8383 -0.01 7.46183
    endloop
  endfacet
  facet normal -0.752923 0 -0.658108
    outer loop
      vertex 90.9206 0.61 7.37603
      vertex 90.8818 -0.01 7.42042
      vertex 90.8818 0.61 7.42042
    endloop
  endfacet
  facet normal -0.752923 -0 -0.658108
    outer loop
      vertex 90.9206 0.61 7.37603
      vertex 90.9206 -0.01 7.37603
      vertex 90.8818 -0.01 7.42042
    endloop
  endfacet
  facet normal -0.809726 0 -0.586808
    outer loop
      vertex 90.9549 0.61 7.3287
      vertex 90.9206 -0.01 7.37603
      vertex 90.9206 0.61 7.37603
    endloop
  endfacet
  facet normal -0.809726 -0 -0.586808
    outer loop
      vertex 90.9549 0.61 7.3287
      vertex 90.9549 -0.01 7.3287
      vertex 90.9206 -0.01 7.37603
    endloop
  endfacet
  facet normal -0.860303 0 -0.509784
    outer loop
      vertex 90.9847 0.61 7.27841
      vertex 90.9549 -0.01 7.3287
      vertex 90.9549 0.61 7.3287
    endloop
  endfacet
  facet normal -0.860303 -0 -0.509784
    outer loop
      vertex 90.9847 0.61 7.27841
      vertex 90.9847 -0.01 7.27841
      vertex 90.9549 -0.01 7.3287
    endloop
  endfacet
  facet normal -0.904611 0 -0.426239
    outer loop
      vertex 91.0098 0.61 7.22514
      vertex 90.9847 -0.01 7.27841
      vertex 90.9847 0.61 7.27841
    endloop
  endfacet
  facet normal -0.904611 -0 -0.426239
    outer loop
      vertex 91.0098 0.61 7.22514
      vertex 91.0098 -0.01 7.22514
      vertex 90.9847 -0.01 7.27841
    endloop
  endfacet
  facet normal -0.938932 0 -0.344102
    outer loop
      vertex 91.0304 0.61 7.16893
      vertex 91.0098 -0.01 7.22514
      vertex 91.0098 0.61 7.22514
    endloop
  endfacet
  facet normal -0.938932 -0 -0.344102
    outer loop
      vertex 91.0304 0.61 7.16893
      vertex 91.0304 -0.01 7.16893
      vertex 91.0098 -0.01 7.22514
    endloop
  endfacet
  facet normal -0.965341 0 -0.260991
    outer loop
      vertex 91.0464 0.61 7.10975
      vertex 91.0304 -0.01 7.16893
      vertex 91.0304 0.61 7.16893
    endloop
  endfacet
  facet normal -0.965341 -0 -0.260991
    outer loop
      vertex 91.0464 0.61 7.10975
      vertex 91.0464 -0.01 7.10975
      vertex 91.0304 -0.01 7.16893
    endloop
  endfacet
  facet normal -0.98358 0 -0.180473
    outer loop
      vertex 91.0578 0.61 7.04762
      vertex 91.0464 -0.01 7.10975
      vertex 91.0464 0.61 7.10975
    endloop
  endfacet
  facet normal -0.98358 -0 -0.180473
    outer loop
      vertex 91.0578 0.61 7.04762
      vertex 91.0578 -0.01 7.04762
      vertex 91.0464 -0.01 7.10975
    endloop
  endfacet
  facet normal -0.994432 0 -0.105384
    outer loop
      vertex 91.0647 0.61 6.98251
      vertex 91.0578 -0.01 7.04762
      vertex 91.0578 0.61 7.04762
    endloop
  endfacet
  facet normal -0.994432 -0 -0.105384
    outer loop
      vertex 91.0647 0.61 6.98251
      vertex 91.0647 -0.01 6.98251
      vertex 91.0578 -0.01 7.04762
    endloop
  endfacet
  facet normal -0.999429 0 -0.0337794
    outer loop
      vertex 91.067 0.61 6.91446
      vertex 91.0647 -0.01 6.98251
      vertex 91.0647 0.61 6.98251
    endloop
  endfacet
  facet normal -0.999429 -0 -0.0337794
    outer loop
      vertex 91.067 0.61 6.91446
      vertex 91.067 -0.01 6.91446
      vertex 91.0647 -0.01 6.98251
    endloop
  endfacet
  facet normal -0.999674 0 0.0255225
    outer loop
      vertex 91.0651 0.61 6.84004
      vertex 91.067 -0.01 6.91446
      vertex 91.067 0.61 6.91446
    endloop
  endfacet
  facet normal -0.999674 0 0.0255225
    outer loop
      vertex 91.0651 0.61 6.84004
      vertex 91.0651 -0.01 6.84004
      vertex 91.067 -0.01 6.91446
    endloop
  endfacet
  facet normal -0.996779 0 0.0801926
    outer loop
      vertex 91.0594 0.61 6.76919
      vertex 91.0651 -0.01 6.84004
      vertex 91.0651 0.61 6.84004
    endloop
  endfacet
  facet normal -0.996779 0 0.0801926
    outer loop
      vertex 91.0594 0.61 6.76919
      vertex 91.0594 -0.01 6.76919
      vertex 91.0651 -0.01 6.84004
    endloop
  endfacet
  facet normal -0.990383 0 0.13835
    outer loop
      vertex 91.05 0.61 6.7019
      vertex 91.0594 -0.01 6.76919
      vertex 91.0594 0.61 6.76919
    endloop
  endfacet
  facet normal -0.990383 0 0.13835
    outer loop
      vertex 91.05 0.61 6.7019
      vertex 91.05 -0.01 6.7019
      vertex 91.0594 -0.01 6.76919
    endloop
  endfacet
  facet normal -0.97921 0 0.20285
    outer loop
      vertex 91.0368 0.61 6.63818
      vertex 91.05 -0.01 6.7019
      vertex 91.05 0.61 6.7019
    endloop
  endfacet
  facet normal -0.97921 0 0.20285
    outer loop
      vertex 91.0368 0.61 6.63818
      vertex 91.0368 -0.01 6.63818
      vertex 91.05 -0.01 6.7019
    endloop
  endfacet
  facet normal -0.962734 0 0.270449
    outer loop
      vertex 91.0199 0.61 6.57802
      vertex 91.0368 -0.01 6.63818
      vertex 91.0368 0.61 6.63818
    endloop
  endfacet
  facet normal -0.962734 0 0.270449
    outer loop
      vertex 91.0199 0.61 6.57802
      vertex 91.0199 -0.01 6.57802
      vertex 91.0368 -0.01 6.63818
    endloop
  endfacet
  facet normal -0.939162 0 0.343474
    outer loop
      vertex 90.9992 0.61 6.52142
      vertex 91.0199 -0.01 6.57802
      vertex 91.0199 0.61 6.57802
    endloop
  endfacet
  facet normal -0.939162 0 0.343474
    outer loop
      vertex 90.9992 0.61 6.52142
      vertex 90.9992 -0.01 6.52142
      vertex 91.0199 -0.01 6.57802
    endloop
  endfacet
  facet normal -0.907829 0 0.41934
    outer loop
      vertex 90.9747 0.61 6.46838
      vertex 90.9992 -0.01 6.52142
      vertex 90.9992 0.61 6.52142
    endloop
  endfacet
  facet normal -0.907829 0 0.41934
    outer loop
      vertex 90.9747 0.61 6.46838
      vertex 90.9747 -0.01 6.46838
      vertex 90.9992 -0.01 6.52142
    endloop
  endfacet
  facet normal -0.867919 0 0.496706
    outer loop
      vertex 90.9464 0.61 6.41893
      vertex 90.9747 -0.01 6.46838
      vertex 90.9747 0.61 6.46838
    endloop
  endfacet
  facet normal -0.867919 0 0.496706
    outer loop
      vertex 90.9464 0.61 6.41893
      vertex 90.9464 -0.01 6.41893
      vertex 90.9747 -0.01 6.46838
    endloop
  endfacet
  facet normal -0.820439 0 0.571734
    outer loop
      vertex 90.9144 0.61 6.37301
      vertex 90.9464 -0.01 6.41893
      vertex 90.9464 0.61 6.41893
    endloop
  endfacet
  facet normal -0.820439 0 0.571734
    outer loop
      vertex 90.9144 0.61 6.37301
      vertex 90.9144 -0.01 6.37301
      vertex 90.9464 -0.01 6.41893
    endloop
  endfacet
  facet normal -0.763619 0 0.645667
    outer loop
      vertex 90.8786 0.61 6.33067
      vertex 90.9144 -0.01 6.37301
      vertex 90.9144 0.61 6.37301
    endloop
  endfacet
  facet normal -0.763619 0 0.645667
    outer loop
      vertex 90.8786 0.61 6.33067
      vertex 90.8786 -0.01 6.33067
      vertex 90.9144 -0.01 6.37301
    endloop
  endfacet
  facet normal -0.700481 0 0.713671
    outer loop
      vertex 90.8391 0.61 6.2919
      vertex 90.8786 -0.01 6.33067
      vertex 90.8786 0.61 6.33067
    endloop
  endfacet
  facet normal -0.700481 0 0.713671
    outer loop
      vertex 90.8391 0.61 6.2919
      vertex 90.8391 -0.01 6.2919
      vertex 90.8786 -0.01 6.33067
    endloop
  endfacet
  facet normal -0.635392 0 0.77219
    outer loop
      vertex 90.7962 0.61 6.2566
      vertex 90.8391 -0.01 6.2919
      vertex 90.8391 0.61 6.2919
    endloop
  endfacet
  facet normal -0.635392 0 0.77219
    outer loop
      vertex 90.7962 0.61 6.2566
      vertex 90.7962 -0.01 6.2566
      vertex 90.8391 -0.01 6.2919
    endloop
  endfacet
  facet normal -0.570222 0 0.821491
    outer loop
      vertex 90.7502 0.61 6.22467
      vertex 90.7962 -0.01 6.2566
      vertex 90.7962 0.61 6.2566
    endloop
  endfacet
  facet normal -0.570222 0 0.821491
    outer loop
      vertex 90.7502 0.61 6.22467
      vertex 90.7502 -0.01 6.22467
      vertex 90.7962 -0.01 6.2566
    endloop
  endfacet
  facet normal -0.503827 0 0.863804
    outer loop
      vertex 90.7012 0.61 6.19609
      vertex 90.7502 -0.01 6.22467
      vertex 90.7502 0.61 6.22467
    endloop
  endfacet
  facet normal -0.503827 0 0.863804
    outer loop
      vertex 90.7012 0.61 6.19609
      vertex 90.7012 -0.01 6.19609
      vertex 90.7502 -0.01 6.22467
    endloop
  endfacet
  facet normal -0.436384 0 0.899761
    outer loop
      vertex 90.6492 0.61 6.17087
      vertex 90.7012 -0.01 6.19609
      vertex 90.7012 0.61 6.19609
    endloop
  endfacet
  facet normal -0.436384 0 0.899761
    outer loop
      vertex 90.6492 0.61 6.17087
      vertex 90.6492 -0.01 6.17087
      vertex 90.7012 -0.01 6.19609
    endloop
  endfacet
  facet normal -0.369351 0 0.92929
    outer loop
      vertex 90.5942 0.61 6.14901
      vertex 90.6492 -0.01 6.17087
      vertex 90.6492 0.61 6.17087
    endloop
  endfacet
  facet normal -0.369351 0 0.92929
    outer loop
      vertex 90.5942 0.61 6.14901
      vertex 90.5942 -0.01 6.14901
      vertex 90.6492 -0.01 6.17087
    endloop
  endfacet
  facet normal -0.303258 0 0.952909
    outer loop
      vertex 90.5361 0.61 6.13052
      vertex 90.5942 -0.01 6.14901
      vertex 90.5942 0.61 6.14901
    endloop
  endfacet
  facet normal -0.303258 0 0.952909
    outer loop
      vertex 90.5361 0.61 6.13052
      vertex 90.5361 -0.01 6.13052
      vertex 90.5942 -0.01 6.14901
    endloop
  endfacet
  facet normal -0.240217 0 0.970719
    outer loop
      vertex 90.475 0.61 6.1154
      vertex 90.5361 -0.01 6.13052
      vertex 90.5361 0.61 6.13052
    endloop
  endfacet
  facet normal -0.240217 0 0.970719
    outer loop
      vertex 90.475 0.61 6.1154
      vertex 90.475 -0.01 6.1154
      vertex 90.5361 -0.01 6.13052
    endloop
  endfacet
  facet normal -0.1806 0 0.983557
    outer loop
      vertex 90.4109 0.61 6.10363
      vertex 90.475 -0.01 6.1154
      vertex 90.475 0.61 6.1154
    endloop
  endfacet
  facet normal -0.1806 0 0.983557
    outer loop
      vertex 90.4109 0.61 6.10363
      vertex 90.4109 -0.01 6.10363
      vertex 90.475 -0.01 6.1154
    endloop
  endfacet
  facet normal -0.124035 0 0.992278
    outer loop
      vertex 90.3437 0.61 6.09523
      vertex 90.4109 -0.01 6.10363
      vertex 90.4109 0.61 6.10363
    endloop
  endfacet
  facet normal -0.124035 0 0.992278
    outer loop
      vertex 90.3437 0.61 6.09523
      vertex 90.3437 -0.01 6.09523
      vertex 90.4109 -0.01 6.10363
    endloop
  endfacet
  facet normal -0.0717519 0 0.997423
    outer loop
      vertex 90.2735 0.61 6.09018
      vertex 90.3437 -0.01 6.09523
      vertex 90.3437 0.61 6.09523
    endloop
  endfacet
  facet normal -0.0717519 0 0.997423
    outer loop
      vertex 90.2735 0.61 6.09018
      vertex 90.2735 -0.01 6.09018
      vertex 90.3437 -0.01 6.09523
    endloop
  endfacet
  facet normal -0.0229448 0 0.999737
    outer loop
      vertex 90.2003 0.61 6.0885
      vertex 90.2735 -0.01 6.09018
      vertex 90.2735 0.61 6.09018
    endloop
  endfacet
  facet normal -0.0229448 0 0.999737
    outer loop
      vertex 90.2003 0.61 6.0885
      vertex 90.2003 -0.01 6.0885
      vertex 90.2735 -0.01 6.09018
    endloop
  endfacet
  facet normal 0.0470837 0 0.998891
    outer loop
      vertex 90.0554 0.61 6.09533
      vertex 90.2003 -0.01 6.0885
      vertex 90.2003 0.61 6.0885
    endloop
  endfacet
  facet normal 0.0470837 0 0.998891
    outer loop
      vertex 90.0554 0.61 6.09533
      vertex 90.0554 -0.01 6.09533
      vertex 90.2003 -0.01 6.0885
    endloop
  endfacet
  facet normal 0.15208 0 0.988368
    outer loop
      vertex 89.9223 0.61 6.11581
      vertex 90.0554 -0.01 6.09533
      vertex 90.0554 0.61 6.09533
    endloop
  endfacet
  facet normal 0.15208 0 0.988368
    outer loop
      vertex 89.9223 0.61 6.11581
      vertex 89.9223 -0.01 6.11581
      vertex 90.0554 -0.01 6.09533
    endloop
  endfacet
  facet normal 0.271339 0 0.962484
    outer loop
      vertex 89.8012 0.61 6.14995
      vertex 89.9223 -0.01 6.11581
      vertex 89.9223 0.61 6.11581
    endloop
  endfacet
  facet normal 0.271339 0 0.962484
    outer loop
      vertex 89.8012 0.61 6.14995
      vertex 89.8012 -0.01 6.14995
      vertex 89.9223 -0.01 6.11581
    endloop
  endfacet
  facet normal 0.400476 0 0.916307
    outer loop
      vertex 89.6919 0.61 6.19772
      vertex 89.8012 -0.01 6.14995
      vertex 89.8012 0.61 6.14995
    endloop
  endfacet
  facet normal 0.400476 0 0.916307
    outer loop
      vertex 89.6919 0.61 6.19772
      vertex 89.6919 -0.01 6.19772
      vertex 89.8012 -0.01 6.14995
    endloop
  endfacet
  facet normal 0.533852 0 0.845578
    outer loop
      vertex 89.5946 0.61 6.25915
      vertex 89.6919 -0.01 6.19772
      vertex 89.6919 0.61 6.19772
    endloop
  endfacet
  facet normal 0.533852 0 0.845578
    outer loop
      vertex 89.5946 0.61 6.25915
      vertex 89.5946 -0.01 6.25915
      vertex 89.6919 -0.01 6.19772
    endloop
  endfacet
  facet normal 0.660321 0 0.750984
    outer loop
      vertex 89.5092 0.61 6.33424
      vertex 89.5946 -0.01 6.25915
      vertex 89.5946 0.61 6.25915
    endloop
  endfacet
  facet normal 0.660321 0 0.750984
    outer loop
      vertex 89.5092 0.61 6.33424
      vertex 89.5092 -0.01 6.33424
      vertex 89.5946 -0.01 6.25915
    endloop
  endfacet
  facet normal 0.769748 0 0.638348
    outer loop
      vertex 89.4356 0.61 6.42299
      vertex 89.5092 -0.01 6.33424
      vertex 89.5092 0.61 6.33424
    endloop
  endfacet
  facet normal 0.769748 0 0.638348
    outer loop
      vertex 89.4356 0.61 6.42299
      vertex 89.4356 -0.01 6.42299
      vertex 89.5092 -0.01 6.33424
    endloop
  endfacet
  facet normal 0.856857 0 0.515554
    outer loop
      vertex 89.374 0.61 6.52537
      vertex 89.4356 -0.01 6.42299
      vertex 89.4356 0.61 6.42299
    endloop
  endfacet
  facet normal 0.856857 0 0.515554
    outer loop
      vertex 89.374 0.61 6.52537
      vertex 89.374 -0.01 6.52537
      vertex 89.4356 -0.01 6.42299
    endloop
  endfacet
  facet normal 0.918961 0 0.394349
    outer loop
      vertex 89.3242 0.61 6.64142
      vertex 89.374 -0.01 6.52537
      vertex 89.374 0.61 6.52537
    endloop
  endfacet
  facet normal 0.918961 0 0.394349
    outer loop
      vertex 89.3242 0.61 6.64142
      vertex 89.3242 -0.01 6.64142
      vertex 89.374 -0.01 6.52537
    endloop
  endfacet
  facet normal 0.960058 0 0.279801
    outer loop
      vertex 89.2864 0.61 6.77112
      vertex 89.3242 -0.01 6.64142
      vertex 89.3242 0.61 6.64142
    endloop
  endfacet
  facet normal 0.960058 0 0.279801
    outer loop
      vertex 89.2864 0.61 6.77112
      vertex 89.2864 -0.01 6.77112
      vertex 89.3242 -0.01 6.64142
    endloop
  endfacet
  facet normal 0.984065 0 0.17781
    outer loop
      vertex 89.2605 0.61 6.91446
      vertex 89.2864 -0.01 6.77112
      vertex 89.2864 0.61 6.77112
    endloop
  endfacet
  facet normal 0.984065 0 0.17781
    outer loop
      vertex 89.2605 0.61 6.91446
      vertex 89.2605 -0.01 6.91446
      vertex 89.2864 -0.01 6.77112
    endloop
  endfacet
  facet normal -0.0871128 0 0.996198
    outer loop
      vertex 88.0968 0.61 6.8127
      vertex 89.2605 -0.01 6.91446
      vertex 89.2605 0.61 6.91446
    endloop
  endfacet
  facet normal -0.0871128 0 0.996198
    outer loop
      vertex 88.0968 0.61 6.8127
      vertex 88.0968 -0.01 6.8127
      vertex 89.2605 -0.01 6.91446
    endloop
  endfacet
  facet normal -0.989533 0 -0.144305
    outer loop
      vertex 88.1176 0.61 6.67007
      vertex 88.0968 -0.01 6.8127
      vertex 88.0968 0.61 6.8127
    endloop
  endfacet
  facet normal -0.989533 -0 -0.144305
    outer loop
      vertex 88.1176 0.61 6.67007
      vertex 88.1176 -0.01 6.67007
      vertex 88.0968 -0.01 6.8127
    endloop
  endfacet
  facet normal -0.97929 0 -0.202463
    outer loop
      vertex 88.1458 0.61 6.53367
      vertex 88.1176 -0.01 6.67007
      vertex 88.1176 0.61 6.67007
    endloop
  endfacet
  facet normal -0.97929 -0 -0.202463
    outer loop
      vertex 88.1458 0.61 6.53367
      vertex 88.1458 -0.01 6.53367
      vertex 88.1176 -0.01 6.67007
    endloop
  endfacet
  facet normal -0.964582 0 -0.263782
    outer loop
      vertex 88.1814 0.61 6.40349
      vertex 88.1458 -0.01 6.53367
      vertex 88.1458 0.61 6.53367
    endloop
  endfacet
  facet normal -0.964582 -0 -0.263782
    outer loop
      vertex 88.1814 0.61 6.40349
      vertex 88.1814 -0.01 6.40349
      vertex 88.1458 -0.01 6.53367
    endloop
  endfacet
  facet normal -0.944308 0 -0.329064
    outer loop
      vertex 88.2246 0.61 6.27952
      vertex 88.1814 -0.01 6.40349
      vertex 88.1814 0.61 6.40349
    endloop
  endfacet
  facet normal -0.944308 -0 -0.329064
    outer loop
      vertex 88.2246 0.61 6.27952
      vertex 88.2246 -0.01 6.27952
      vertex 88.1814 -0.01 6.40349
    endloop
  endfacet
  facet normal -0.918737 0 -0.39487
    outer loop
      vertex 88.2752 0.61 6.16179
      vertex 88.2246 -0.01 6.27952
      vertex 88.2246 0.61 6.27952
    endloop
  endfacet
  facet normal -0.918737 -0 -0.39487
    outer loop
      vertex 88.2752 0.61 6.16179
      vertex 88.2752 -0.01 6.16179
      vertex 88.2246 -0.01 6.27952
    endloop
  endfacet
  facet normal -0.886877 0 -0.462006
    outer loop
      vertex 88.3333 0.61 6.05026
      vertex 88.2752 -0.01 6.16179
      vertex 88.2752 0.61 6.16179
    endloop
  endfacet
  facet normal -0.886877 -0 -0.462006
    outer loop
      vertex 88.3333 0.61 6.05026
      vertex 88.3333 -0.01 6.05026
      vertex 88.2752 -0.01 6.16179
    endloop
  endfacet
  facet normal -0.849129 0 -0.528186
    outer loop
      vertex 88.3988 0.61 5.94496
      vertex 88.3333 -0.01 6.05026
      vertex 88.3333 0.61 6.05026
    endloop
  endfacet
  facet normal -0.849129 -0 -0.528186
    outer loop
      vertex 88.3988 0.61 5.94496
      vertex 88.3988 -0.01 5.94496
      vertex 88.3333 -0.01 6.05026
    endloop
  endfacet
  facet normal -0.805109 0 -0.593127
    outer loop
      vertex 88.4718 0.61 5.84587
      vertex 88.3988 -0.01 5.94496
      vertex 88.3988 0.61 5.94496
    endloop
  endfacet
  facet normal -0.805109 -0 -0.593127
    outer loop
      vertex 88.4718 0.61 5.84587
      vertex 88.4718 -0.01 5.84587
      vertex 88.3988 -0.01 5.94496
    endloop
  endfacet
  facet normal -0.755638 0 -0.654989
    outer loop
      vertex 88.5523 0.61 5.753
      vertex 88.4718 -0.01 5.84587
      vertex 88.4718 0.61 5.84587
    endloop
  endfacet
  facet normal -0.755638 -0 -0.654989
    outer loop
      vertex 88.5523 0.61 5.753
      vertex 88.5523 -0.01 5.753
      vertex 88.4718 -0.01 5.84587
    endloop
  endfacet
  facet normal -0.701984 0 -0.712193
    outer loop
      vertex 88.6402 0.61 5.66636
      vertex 88.5523 -0.01 5.753
      vertex 88.5523 0.61 5.753
    endloop
  endfacet
  facet normal -0.701984 -0 -0.712193
    outer loop
      vertex 88.6402 0.61 5.66636
      vertex 88.6402 -0.01 5.66636
      vertex 88.5523 -0.01 5.753
    endloop
  endfacet
  facet normal -0.644479 0 -0.764622
    outer loop
      vertex 88.7356 0.61 5.58595
      vertex 88.6402 -0.01 5.66636
      vertex 88.6402 0.61 5.66636
    endloop
  endfacet
  facet normal -0.644479 -0 -0.764622
    outer loop
      vertex 88.7356 0.61 5.58595
      vertex 88.7356 -0.01 5.58595
      vertex 88.6402 -0.01 5.66636
    endloop
  endfacet
  facet normal -0.585004 0 -0.81103
    outer loop
      vertex 88.8379 0.61 5.51216
      vertex 88.7356 -0.01 5.58595
      vertex 88.7356 0.61 5.58595
    endloop
  endfacet
  facet normal -0.585004 -0 -0.81103
    outer loop
      vertex 88.8379 0.61 5.51216
      vertex 88.8379 -0.01 5.51216
      vertex 88.7356 -0.01 5.58595
    endloop
  endfacet
  facet normal -0.524045 0 -0.851691
    outer loop
      vertex 88.9464 0.61 5.4454
      vertex 88.8379 -0.01 5.51216
      vertex 88.8379 0.61 5.51216
    endloop
  endfacet
  facet normal -0.524045 -0 -0.851691
    outer loop
      vertex 88.9464 0.61 5.4454
      vertex 88.9464 -0.01 5.4454
      vertex 88.8379 -0.01 5.51216
    endloop
  endfacet
  facet normal -0.46162 0 -0.887078
    outer loop
      vertex 89.0612 0.61 5.38566
      vertex 88.9464 -0.01 5.4454
      vertex 88.9464 0.61 5.4454
    endloop
  endfacet
  facet normal -0.46162 -0 -0.887078
    outer loop
      vertex 89.0612 0.61 5.38566
      vertex 89.0612 -0.01 5.38566
      vertex 88.9464 -0.01 5.4454
    endloop
  endfacet
  facet normal -0.399308 0 -0.916817
    outer loop
      vertex 89.1822 0.61 5.33296
      vertex 89.0612 -0.01 5.38566
      vertex 89.0612 0.61 5.38566
    endloop
  endfacet
  facet normal -0.399308 -0 -0.916817
    outer loop
      vertex 89.1822 0.61 5.33296
      vertex 89.1822 -0.01 5.33296
      vertex 89.0612 -0.01 5.38566
    endloop
  endfacet
  facet normal -0.338051 0 -0.941128
    outer loop
      vertex 89.3094 0.61 5.28727
      vertex 89.1822 -0.01 5.33296
      vertex 89.1822 0.61 5.33296
    endloop
  endfacet
  facet normal -0.338051 -0 -0.941128
    outer loop
      vertex 89.3094 0.61 5.28727
      vertex 89.3094 -0.01 5.28727
      vertex 89.1822 -0.01 5.33296
    endloop
  endfacet
  facet normal -0.277901 0 -0.96061
    outer loop
      vertex 89.443 0.61 5.24862
      vertex 89.3094 -0.01 5.28727
      vertex 89.3094 0.61 5.28727
    endloop
  endfacet
  facet normal -0.277901 -0 -0.96061
    outer loop
      vertex 89.443 0.61 5.24862
      vertex 89.443 -0.01 5.24862
      vertex 89.3094 -0.01 5.28727
    endloop
  endfacet
  facet normal -0.220692 0 -0.975344
    outer loop
      vertex 89.5827 0.61 5.21701
      vertex 89.443 -0.01 5.24862
      vertex 89.443 0.61 5.24862
    endloop
  endfacet
  facet normal -0.220692 -0 -0.975344
    outer loop
      vertex 89.5827 0.61 5.21701
      vertex 89.5827 -0.01 5.21701
      vertex 89.443 -0.01 5.24862
    endloop
  endfacet
  facet normal -0.166041 0 -0.986119
    outer loop
      vertex 89.7288 0.61 5.19241
      vertex 89.5827 -0.01 5.21701
      vertex 89.5827 0.61 5.21701
    endloop
  endfacet
  facet normal -0.166041 -0 -0.986119
    outer loop
      vertex 89.7288 0.61 5.19241
      vertex 89.7288 -0.01 5.19241
      vertex 89.5827 -0.01 5.21701
    endloop
  endfacet
  facet normal -0.114669 0 -0.993404
    outer loop
      vertex 89.8811 0.61 5.17483
      vertex 89.7288 -0.01 5.19241
      vertex 89.7288 0.61 5.19241
    endloop
  endfacet
  facet normal -0.114669 -0 -0.993404
    outer loop
      vertex 89.8811 0.61 5.17483
      vertex 89.8811 -0.01 5.17483
      vertex 89.7288 -0.01 5.19241
    endloop
  endfacet
  facet normal -0.0662892 0 -0.9978
    outer loop
      vertex 90.0396 0.61 5.1643
      vertex 89.8811 -0.01 5.17483
      vertex 89.8811 0.61 5.17483
    endloop
  endfacet
  facet normal -0.0662892 -0 -0.9978
    outer loop
      vertex 90.0396 0.61 5.1643
      vertex 90.0396 -0.01 5.1643
      vertex 89.8811 -0.01 5.17483
    endloop
  endfacet
  facet normal -0.0213544 0 -0.999772
    outer loop
      vertex 90.2044 0.61 5.16078
      vertex 90.0396 -0.01 5.1643
      vertex 90.0396 0.61 5.1643
    endloop
  endfacet
  facet normal -0.0213544 -0 -0.999772
    outer loop
      vertex 90.2044 0.61 5.16078
      vertex 90.2044 -0.01 5.16078
      vertex 90.0396 -0.01 5.1643
    endloop
  endfacet
  facet normal 0.0208695 0 -0.999782
    outer loop
      vertex 90.3783 0.61 5.16441
      vertex 90.2044 -0.01 5.16078
      vertex 90.2044 0.61 5.16078
    endloop
  endfacet
  facet normal 0.0208695 0 -0.999782
    outer loop
      vertex 90.3783 0.61 5.16441
      vertex 90.3783 -0.01 5.16441
      vertex 90.2044 -0.01 5.16078
    endloop
  endfacet
  facet normal -0 0 1
    outer loop
      vertex 94.0712 0.61 6.19429
      vertex 96.7322 -0.01 6.19429
      vertex 96.7322 0.61 6.19429
    endloop
  endfacet
  facet normal 0 0 1
    outer loop
      vertex 94.0712 0.61 6.19429
      vertex 94.0712 -0.01 6.19429
      vertex 96.7322 -0.01 6.19429
    endloop
  endfacet
  facet normal 0.910627 0 -0.413229
    outer loop
      vertex 94.0929 0.61 6.24211
      vertex 94.0712 -0.01 6.19429
      vertex 94.0712 0.61 6.19429
    endloop
  endfacet
  facet normal 0.910627 0 -0.413229
    outer loop
      vertex 94.0929 0.61 6.24211
      vertex 94.0929 -0.01 6.24211
      vertex 94.0712 -0.01 6.19429
    endloop
  endfacet
  facet normal 0.893935 0 -0.448197
    outer loop
      vertex 94.1166 0.61 6.28938
      vertex 94.0929 -0.01 6.24211
      vertex 94.0929 0.61 6.24211
    endloop
  endfacet
  facet normal 0.893935 0 -0.448197
    outer loop
      vertex 94.1166 0.61 6.28938
      vertex 94.1166 -0.01 6.28938
      vertex 94.0929 -0.01 6.24211
    endloop
  endfacet
  facet normal 0.876271 0 -0.481818
    outer loop
      vertex 94.1423 0.61 6.33612
      vertex 94.1166 -0.01 6.28938
      vertex 94.1166 0.61 6.28938
    endloop
  endfacet
  facet normal 0.876271 0 -0.481818
    outer loop
      vertex 94.1423 0.61 6.33612
      vertex 94.1423 -0.01 6.33612
      vertex 94.1166 -0.01 6.28938
    endloop
  endfacet
  facet normal 0.857657 0 -0.514223
    outer loop
      vertex 94.17 0.61 6.38232
      vertex 94.1423 -0.01 6.33612
      vertex 94.1423 0.61 6.33612
    endloop
  endfacet
  facet normal 0.857657 0 -0.514223
    outer loop
      vertex 94.17 0.61 6.38232
      vertex 94.17 -0.01 6.38232
      vertex 94.1423 -0.01 6.33612
    endloop
  endfacet
  facet normal 0.839161 0 -0.543883
    outer loop
      vertex 94.1996 0.61 6.42799
      vertex 94.17 -0.01 6.38232
      vertex 94.17 0.61 6.38232
    endloop
  endfacet
  facet normal 0.839161 0 -0.543883
    outer loop
      vertex 94.1996 0.61 6.42799
      vertex 94.1996 -0.01 6.42799
      vertex 94.17 -0.01 6.38232
    endloop
  endfacet
  facet normal 0.819095 0 -0.573657
    outer loop
      vertex 94.2312 0.61 6.47311
      vertex 94.1996 -0.01 6.42799
      vertex 94.1996 0.61 6.42799
    endloop
  endfacet
  facet normal 0.819095 0 -0.573657
    outer loop
      vertex 94.2312 0.61 6.47311
      vertex 94.2312 -0.01 6.47311
      vertex 94.1996 -0.01 6.42799
    endloop
  endfacet
  facet normal 0.798644 0 -0.601804
    outer loop
      vertex 94.2648 0.61 6.5177
      vertex 94.2312 -0.01 6.47311
      vertex 94.2312 0.61 6.47311
    endloop
  endfacet
  facet normal 0.798644 0 -0.601804
    outer loop
      vertex 94.2648 0.61 6.5177
      vertex 94.2648 -0.01 6.5177
      vertex 94.2312 -0.01 6.47311
    endloop
  endfacet
  facet normal 0.777759 0 -0.628563
    outer loop
      vertex 94.3004 0.61 6.56175
      vertex 94.2648 -0.01 6.5177
      vertex 94.2648 0.61 6.5177
    endloop
  endfacet
  facet normal 0.777759 0 -0.628563
    outer loop
      vertex 94.3004 0.61 6.56175
      vertex 94.3004 -0.01 6.56175
      vertex 94.2648 -0.01 6.5177
    endloop
  endfacet
  facet normal 0.756549 0 -0.653937
    outer loop
      vertex 94.338 0.61 6.60525
      vertex 94.3004 -0.01 6.56175
      vertex 94.3004 0.61 6.56175
    endloop
  endfacet
  facet normal 0.756549 0 -0.653937
    outer loop
      vertex 94.338 0.61 6.60525
      vertex 94.338 -0.01 6.60525
      vertex 94.3004 -0.01 6.56175
    endloop
  endfacet
  facet normal 0.736364 0 -0.676585
    outer loop
      vertex 94.3775 0.61 6.64824
      vertex 94.338 -0.01 6.60525
      vertex 94.338 0.61 6.60525
    endloop
  endfacet
  facet normal 0.736364 0 -0.676585
    outer loop
      vertex 94.3775 0.61 6.64824
      vertex 94.3775 -0.01 6.64824
      vertex 94.338 -0.01 6.60525
    endloop
  endfacet
  facet normal 0.713974 0 -0.700172
    outer loop
      vertex 94.4191 0.61 6.69066
      vertex 94.3775 -0.01 6.64824
      vertex 94.3775 0.61 6.64824
    endloop
  endfacet
  facet normal 0.713974 0 -0.700172
    outer loop
      vertex 94.4191 0.61 6.69066
      vertex 94.4191 -0.01 6.69066
      vertex 94.3775 -0.01 6.64824
    endloop
  endfacet
  facet normal 0.699844 0 -0.714296
    outer loop
      vertex 94.4621 0.61 6.73279
      vertex 94.4191 -0.01 6.69066
      vertex 94.4191 0.61 6.69066
    endloop
  endfacet
  facet normal 0.699844 0 -0.714296
    outer loop
      vertex 94.4621 0.61 6.73279
      vertex 94.4621 -0.01 6.73279
      vertex 94.4191 -0.01 6.69066
    endloop
  endfacet
  facet normal 0.692635 0 -0.721289
    outer loop
      vertex 94.5059 0.61 6.77485
      vertex 94.4621 -0.01 6.73279
      vertex 94.4621 0.61 6.73279
    endloop
  endfacet
  facet normal 0.692635 0 -0.721289
    outer loop
      vertex 94.5059 0.61 6.77485
      vertex 94.5059 -0.01 6.77485
      vertex 94.4621 -0.01 6.73279
    endloop
  endfacet
  facet normal 0.685568 0 -0.728008
    outer loop
      vertex 94.5505 0.61 6.81685
      vertex 94.5059 -0.01 6.77485
      vertex 94.5059 0.61 6.77485
    endloop
  endfacet
  facet normal 0.685568 0 -0.728008
    outer loop
      vertex 94.5505 0.61 6.81685
      vertex 94.5505 -0.01 6.81685
      vertex 94.5059 -0.01 6.77485
    endloop
  endfacet
  facet normal 0.677669 0 -0.735367
    outer loop
      vertex 94.596 0.61 6.85878
      vertex 94.5505 -0.01 6.81685
      vertex 94.5505 0.61 6.81685
    endloop
  endfacet
  facet normal 0.677669 0 -0.735367
    outer loop
      vertex 94.596 0.61 6.85878
      vertex 94.596 -0.01 6.85878
      vertex 94.5505 -0.01 6.81685
    endloop
  endfacet
  facet normal 0.670557 0 -0.741858
    outer loop
      vertex 94.6423 0.61 6.90063
      vertex 94.596 -0.01 6.85878
      vertex 94.596 0.61 6.85878
    endloop
  endfacet
  facet normal 0.670557 0 -0.741858
    outer loop
      vertex 94.6423 0.61 6.90063
      vertex 94.6423 -0.01 6.90063
      vertex 94.596 -0.01 6.85878
    endloop
  endfacet
  facet normal 0.662984 0 -0.748633
    outer loop
      vertex 94.6895 0.61 6.94243
      vertex 94.6423 -0.01 6.90063
      vertex 94.6423 0.61 6.90063
    endloop
  endfacet
  facet normal 0.662984 0 -0.748633
    outer loop
      vertex 94.6895 0.61 6.94243
      vertex 94.6895 -0.01 6.94243
      vertex 94.6423 -0.01 6.90063
    endloop
  endfacet
  facet normal 0.656097 0 -0.754677
    outer loop
      vertex 94.7375 0.61 6.98416
      vertex 94.6895 -0.01 6.94243
      vertex 94.6895 0.61 6.94243
    endloop
  endfacet
  facet normal 0.656097 0 -0.754677
    outer loop
      vertex 94.7375 0.61 6.98416
      vertex 94.7375 -0.01 6.98416
      vertex 94.6895 -0.01 6.94243
    endloop
  endfacet
  facet normal 0.649276 0 -0.760553
    outer loop
      vertex 94.7863 0.61 7.02582
      vertex 94.7375 -0.01 6.98416
      vertex 94.7375 0.61 6.98416
    endloop
  endfacet
  facet normal 0.649276 0 -0.760553
    outer loop
      vertex 94.7863 0.61 7.02582
      vertex 94.7863 -0.01 7.02582
      vertex 94.7375 -0.01 6.98416
    endloop
  endfacet
  facet normal 0.641762 0 -0.766904
    outer loop
      vertex 94.836 0.61 7.06741
      vertex 94.7863 -0.01 7.02582
      vertex 94.7863 0.61 7.02582
    endloop
  endfacet
  facet normal 0.641762 0 -0.766904
    outer loop
      vertex 94.836 0.61 7.06741
      vertex 94.836 -0.01 7.06741
      vertex 94.7863 -0.01 7.02582
    endloop
  endfacet
  facet normal 0.635085 0 -0.772442
    outer loop
      vertex 94.8865 0.61 7.10893
      vertex 94.836 -0.01 7.06741
      vertex 94.836 0.61 7.06741
    endloop
  endfacet
  facet normal 0.635085 0 -0.772442
    outer loop
      vertex 94.8865 0.61 7.10893
      vertex 94.8865 -0.01 7.10893
      vertex 94.836 -0.01 7.06741
    endloop
  endfacet
  facet normal 0.627829 0 -0.778351
    outer loop
      vertex 94.9379 0.61 7.15039
      vertex 94.8865 -0.01 7.10893
      vertex 94.8865 0.61 7.10893
    endloop
  endfacet
  facet normal 0.627829 0 -0.778351
    outer loop
      vertex 94.9379 0.61 7.15039
      vertex 94.9379 -0.01 7.15039
      vertex 94.8865 -0.01 7.10893
    endloop
  endfacet
  facet normal 0.624604 0 -0.780942
    outer loop
      vertex 95.042 0.61 7.23365
      vertex 94.9379 -0.01 7.15039
      vertex 94.9379 0.61 7.15039
    endloop
  endfacet
  facet normal 0.624604 0 -0.780942
    outer loop
      vertex 95.042 0.61 7.23365
      vertex 95.042 -0.01 7.23365
      vertex 94.9379 -0.01 7.15039
    endloop
  endfacet
  facet normal 0.623609 0 -0.781736
    outer loop
      vertex 95.1474 0.61 7.31773
      vertex 95.042 -0.01 7.23365
      vertex 95.042 0.61 7.23365
    endloop
  endfacet
  facet normal 0.623609 0 -0.781736
    outer loop
      vertex 95.1474 0.61 7.31773
      vertex 95.1474 -0.01 7.31773
      vertex 95.042 -0.01 7.23365
    endloop
  endfacet
  facet normal 0.622859 0 -0.782334
    outer loop
      vertex 95.254 0.61 7.4026
      vertex 95.1474 -0.01 7.31773
      vertex 95.1474 0.61 7.31773
    endloop
  endfacet
  facet normal 0.622859 0 -0.782334
    outer loop
      vertex 95.254 0.61 7.4026
      vertex 95.254 -0.01 7.4026
      vertex 95.1474 -0.01 7.31773
    endloop
  endfacet
  facet normal 0.622257 0 -0.782813
    outer loop
      vertex 95.3618 0.61 7.48829
      vertex 95.254 -0.01 7.4026
      vertex 95.254 0.61 7.4026
    endloop
  endfacet
  facet normal 0.622257 0 -0.782813
    outer loop
      vertex 95.3618 0.61 7.48829
      vertex 95.3618 -0.01 7.48829
      vertex 95.254 -0.01 7.4026
    endloop
  endfacet
  facet normal 0.621579 0 -0.783352
    outer loop
      vertex 95.4708 0.61 7.57478
      vertex 95.3618 -0.01 7.48829
      vertex 95.3618 0.61 7.48829
    endloop
  endfacet
  facet normal 0.621579 0 -0.783352
    outer loop
      vertex 95.4708 0.61 7.57478
      vertex 95.4708 -0.01 7.57478
      vertex 95.3618 -0.01 7.48829
    endloop
  endfacet
  facet normal 0.620776 0 -0.783988
    outer loop
      vertex 95.5258 0.61 7.61833
      vertex 95.4708 -0.01 7.57478
      vertex 95.4708 0.61 7.57478
    endloop
  endfacet
  facet normal 0.620776 0 -0.783988
    outer loop
      vertex 95.5258 0.61 7.61833
      vertex 95.5258 -0.01 7.61833
      vertex 95.4708 -0.01 7.57478
    endloop
  endfacet
  facet normal 0.626171 0 -0.779685
    outer loop
      vertex 95.5805 0.61 7.66226
      vertex 95.5258 -0.01 7.61833
      vertex 95.5258 0.61 7.61833
    endloop
  endfacet
  facet normal 0.626171 0 -0.779685
    outer loop
      vertex 95.5805 0.61 7.66226
      vertex 95.5805 -0.01 7.66226
      vertex 95.5258 -0.01 7.61833
    endloop
  endfacet
  facet normal 0.637981 0 -0.770052
    outer loop
      vertex 95.6342 0.61 7.70675
      vertex 95.5805 -0.01 7.66226
      vertex 95.5805 0.61 7.66226
    endloop
  endfacet
  facet normal 0.637981 0 -0.770052
    outer loop
      vertex 95.6342 0.61 7.70675
      vertex 95.6342 -0.01 7.70675
      vertex 95.5805 -0.01 7.66226
    endloop
  endfacet
  facet normal 0.648608 0 -0.761122
    outer loop
      vertex 95.6871 0.61 7.75183
      vertex 95.6342 -0.01 7.70675
      vertex 95.6342 0.61 7.70675
    endloop
  endfacet
  facet normal 0.648608 0 -0.761122
    outer loop
      vertex 95.6871 0.61 7.75183
      vertex 95.6871 -0.01 7.75183
      vertex 95.6342 -0.01 7.70675
    endloop
  endfacet
  facet normal 0.660448 0 -0.750871
    outer loop
      vertex 95.739 0.61 7.79748
      vertex 95.6871 -0.01 7.75183
      vertex 95.6871 0.61 7.75183
    endloop
  endfacet
  facet normal 0.660448 0 -0.750871
    outer loop
      vertex 95.739 0.61 7.79748
      vertex 95.739 -0.01 7.79748
      vertex 95.6871 -0.01 7.75183
    endloop
  endfacet
  facet normal 0.671529 0 -0.740978
    outer loop
      vertex 95.79 0.61 7.8437
      vertex 95.739 -0.01 7.79748
      vertex 95.739 0.61 7.79748
    endloop
  endfacet
  facet normal 0.671529 0 -0.740978
    outer loop
      vertex 95.79 0.61 7.8437
      vertex 95.79 -0.01 7.8437
      vertex 95.739 -0.01 7.79748
    endloop
  endfacet
  facet normal 0.682474 0 -0.73091
    outer loop
      vertex 95.8401 0.61 7.89048
      vertex 95.79 -0.01 7.8437
      vertex 95.79 0.61 7.8437
    endloop
  endfacet
  facet normal 0.682474 0 -0.73091
    outer loop
      vertex 95.8401 0.61 7.89048
      vertex 95.8401 -0.01 7.89048
      vertex 95.79 -0.01 7.8437
    endloop
  endfacet
  facet normal 0.692851 0 -0.72108
    outer loop
      vertex 95.8894 0.61 7.93785
      vertex 95.8401 -0.01 7.89048
      vertex 95.8401 0.61 7.89048
    endloop
  endfacet
  facet normal 0.692851 0 -0.72108
    outer loop
      vertex 95.8894 0.61 7.93785
      vertex 95.8894 -0.01 7.93785
      vertex 95.8401 -0.01 7.89048
    endloop
  endfacet
  facet normal 0.704383 0 -0.70982
    outer loop
      vertex 95.9377 0.61 7.98578
      vertex 95.8894 -0.01 7.93785
      vertex 95.8894 0.61 7.93785
    endloop
  endfacet
  facet normal 0.704383 0 -0.70982
    outer loop
      vertex 95.9377 0.61 7.98578
      vertex 95.9377 -0.01 7.98578
      vertex 95.8894 -0.01 7.93785
    endloop
  endfacet
  facet normal 0.71517 0 -0.69895
    outer loop
      vertex 95.9851 0.61 8.03428
      vertex 95.9377 -0.01 7.98578
      vertex 95.9377 0.61 7.98578
    endloop
  endfacet
  facet normal 0.71517 0 -0.69895
    outer loop
      vertex 95.9851 0.61 8.03428
      vertex 95.9851 -0.01 8.03428
      vertex 95.9377 -0.01 7.98578
    endloop
  endfacet
  facet normal 0.725789 0 -0.687917
    outer loop
      vertex 96.0316 0.61 8.08334
      vertex 95.9851 -0.01 8.03428
      vertex 95.9851 0.61 8.03428
    endloop
  endfacet
  facet normal 0.725789 0 -0.687917
    outer loop
      vertex 96.0316 0.61 8.08334
      vertex 96.0316 -0.01 8.08334
      vertex 95.9851 -0.01 8.03428
    endloop
  endfacet
  facet normal 0.737247 0 -0.675624
    outer loop
      vertex 96.0771 0.61 8.13299
      vertex 96.0316 -0.01 8.08334
      vertex 96.0316 0.61 8.08334
    endloop
  endfacet
  facet normal 0.737247 0 -0.675624
    outer loop
      vertex 96.0771 0.61 8.13299
      vertex 96.0771 -0.01 8.13299
      vertex 96.0316 -0.01 8.08334
    endloop
  endfacet
  facet normal 0.750099 0 -0.661326
    outer loop
      vertex 96.1215 0.61 8.18335
      vertex 96.0771 -0.01 8.13299
      vertex 96.0771 0.61 8.13299
    endloop
  endfacet
  facet normal 0.750099 0 -0.661326
    outer loop
      vertex 96.1215 0.61 8.18335
      vertex 96.1215 -0.01 8.18335
      vertex 96.0771 -0.01 8.13299
    endloop
  endfacet
  facet normal 0.766562 0 -0.64217
    outer loop
      vertex 96.1644 0.61 8.23456
      vertex 96.1215 -0.01 8.18335
      vertex 96.1215 0.61 8.18335
    endloop
  endfacet
  facet normal 0.766562 0 -0.64217
    outer loop
      vertex 96.1644 0.61 8.23456
      vertex 96.1644 -0.01 8.23456
      vertex 96.1215 -0.01 8.18335
    endloop
  endfacet
  facet normal 0.781777 0 -0.623558
    outer loop
      vertex 96.2059 0.61 8.28659
      vertex 96.1644 -0.01 8.23456
      vertex 96.1644 0.61 8.23456
    endloop
  endfacet
  facet normal 0.781777 0 -0.623558
    outer loop
      vertex 96.2059 0.61 8.28659
      vertex 96.2059 -0.01 8.28659
      vertex 96.1644 -0.01 8.23456
    endloop
  endfacet
  facet normal 0.798258 0 -0.602316
    outer loop
      vertex 96.2458 0.61 8.33947
      vertex 96.2059 -0.01 8.28659
      vertex 96.2059 0.61 8.28659
    endloop
  endfacet
  facet normal 0.798258 0 -0.602316
    outer loop
      vertex 96.2458 0.61 8.33947
      vertex 96.2458 -0.01 8.33947
      vertex 96.2059 -0.01 8.28659
    endloop
  endfacet
  facet normal 0.812864 0 -0.582454
    outer loop
      vertex 96.2843 0.61 8.3932
      vertex 96.2458 -0.01 8.33947
      vertex 96.2458 0.61 8.33947
    endloop
  endfacet
  facet normal 0.812864 0 -0.582454
    outer loop
      vertex 96.2843 0.61 8.3932
      vertex 96.2843 -0.01 8.3932
      vertex 96.2458 -0.01 8.33947
    endloop
  endfacet
  facet normal 0.827589 0 -0.561334
    outer loop
      vertex 96.3213 0.61 8.44775
      vertex 96.2843 -0.01 8.3932
      vertex 96.2843 0.61 8.3932
    endloop
  endfacet
  facet normal 0.827589 0 -0.561334
    outer loop
      vertex 96.3213 0.61 8.44775
      vertex 96.3213 -0.01 8.44775
      vertex 96.2843 -0.01 8.3932
    endloop
  endfacet
  facet normal 0.842012 0 -0.539459
    outer loop
      vertex 96.3568 0.61 8.50316
      vertex 96.3213 -0.01 8.44775
      vertex 96.3213 0.61 8.44775
    endloop
  endfacet
  facet normal 0.842012 0 -0.539459
    outer loop
      vertex 96.3568 0.61 8.50316
      vertex 96.3568 -0.01 8.50316
      vertex 96.3213 -0.01 8.44775
    endloop
  endfacet
  facet normal 0.85577 0 -0.517357
    outer loop
      vertex 96.3908 0.61 8.5594
      vertex 96.3568 -0.01 8.50316
      vertex 96.3568 0.61 8.50316
    endloop
  endfacet
  facet normal 0.85577 0 -0.517357
    outer loop
      vertex 96.3908 0.61 8.5594
      vertex 96.3908 -0.01 8.5594
      vertex 96.3568 -0.01 8.50316
    endloop
  endfacet
  facet normal 0.86901 0 -0.494794
    outer loop
      vertex 96.4233 0.61 8.61648
      vertex 96.3908 -0.01 8.5594
      vertex 96.3908 0.61 8.5594
    endloop
  endfacet
  facet normal 0.86901 0 -0.494794
    outer loop
      vertex 96.4233 0.61 8.61648
      vertex 96.4233 -0.01 8.61648
      vertex 96.3908 -0.01 8.5594
    endloop
  endfacet
  facet normal 0.881061 0 -0.473002
    outer loop
      vertex 96.4544 0.61 8.67441
      vertex 96.4233 -0.01 8.61648
      vertex 96.4233 0.61 8.61648
    endloop
  endfacet
  facet normal 0.881061 0 -0.473002
    outer loop
      vertex 96.4544 0.61 8.67441
      vertex 96.4544 -0.01 8.67441
      vertex 96.4233 -0.01 8.61648
    endloop
  endfacet
  facet normal 0.893086 0 -0.449887
    outer loop
      vertex 96.484 0.61 8.73317
      vertex 96.4544 -0.01 8.67441
      vertex 96.4544 0.61 8.67441
    endloop
  endfacet
  facet normal 0.893086 0 -0.449887
    outer loop
      vertex 96.484 0.61 8.73317
      vertex 96.484 -0.01 8.73317
      vertex 96.4544 -0.01 8.67441
    endloop
  endfacet
  facet normal 0.908563 0 -0.417748
    outer loop
      vertex 96.5115 0.61 8.79298
      vertex 96.484 -0.01 8.73317
      vertex 96.484 0.61 8.73317
    endloop
  endfacet
  facet normal 0.908563 0 -0.417748
    outer loop
      vertex 96.5115 0.61 8.79298
      vertex 96.5115 -0.01 8.79298
      vertex 96.484 -0.01 8.73317
    endloop
  endfacet
  facet normal 0.925545 0 -0.378639
    outer loop
      vertex 96.5365 0.61 8.85409
      vertex 96.5115 -0.01 8.79298
      vertex 96.5115 0.61 8.79298
    endloop
  endfacet
  facet normal 0.925545 0 -0.378639
    outer loop
      vertex 96.5365 0.61 8.85409
      vertex 96.5365 -0.01 8.85409
      vertex 96.5115 -0.01 8.79298
    endloop
  endfacet
  facet normal 0.941622 0 -0.336671
    outer loop
      vertex 96.5588 0.61 8.91646
      vertex 96.5365 -0.01 8.85409
      vertex 96.5365 0.61 8.85409
    endloop
  endfacet
  facet normal 0.941622 0 -0.336671
    outer loop
      vertex 96.5588 0.61 8.91646
      vertex 96.5588 -0.01 8.91646
      vertex 96.5365 -0.01 8.85409
    endloop
  endfacet
  facet normal 0.955714 0 -0.294297
    outer loop
      vertex 96.5784 0.61 8.98011
      vertex 96.5588 -0.01 8.91646
      vertex 96.5588 0.61 8.91646
    endloop
  endfacet
  facet normal 0.955714 0 -0.294297
    outer loop
      vertex 96.5784 0.61 8.98011
      vertex 96.5784 -0.01 8.98011
      vertex 96.5588 -0.01 8.91646
    endloop
  endfacet
  facet normal 0.967026 0 -0.254677
    outer loop
      vertex 96.5955 0.61 9.04504
      vertex 96.5784 -0.01 8.98011
      vertex 96.5784 0.61 8.98011
    endloop
  endfacet
  facet normal 0.967026 0 -0.254677
    outer loop
      vertex 96.5955 0.61 9.04504
      vertex 96.5955 -0.01 9.04504
      vertex 96.5784 -0.01 8.98011
    endloop
  endfacet
  facet normal 0.977156 0 -0.212522
    outer loop
      vertex 96.6099 0.61 9.11125
      vertex 96.5955 -0.01 9.04504
      vertex 96.5955 0.61 9.04504
    endloop
  endfacet
  facet normal 0.977156 0 -0.212522
    outer loop
      vertex 96.6099 0.61 9.11125
      vertex 96.6099 -0.01 9.11125
      vertex 96.5955 -0.01 9.04504
    endloop
  endfacet
  facet normal 0.985057 0 -0.172228
    outer loop
      vertex 96.6217 0.61 9.17874
      vertex 96.6099 -0.01 9.11125
      vertex 96.6099 0.61 9.11125
    endloop
  endfacet
  facet normal 0.985057 0 -0.172228
    outer loop
      vertex 96.6217 0.61 9.17874
      vertex 96.6217 -0.01 9.17874
      vertex 96.6099 -0.01 9.11125
    endloop
  endfacet
  facet normal 0.991165 0 -0.132636
    outer loop
      vertex 96.6309 0.61 9.24749
      vertex 96.6217 -0.01 9.17874
      vertex 96.6217 0.61 9.17874
    endloop
  endfacet
  facet normal 0.991165 0 -0.132636
    outer loop
      vertex 96.6309 0.61 9.24749
      vertex 96.6309 -0.01 9.24749
      vertex 96.6217 -0.01 9.17874
    endloop
  endfacet
  facet normal 0.99559 0 -0.0938163
    outer loop
      vertex 96.6375 0.61 9.31753
      vertex 96.6309 -0.01 9.24749
      vertex 96.6309 0.61 9.24749
    endloop
  endfacet
  facet normal 0.99559 0 -0.0938163
    outer loop
      vertex 96.6375 0.61 9.31753
      vertex 96.6375 -0.01 9.31753
      vertex 96.6309 -0.01 9.24749
    endloop
  endfacet
  facet normal 0.998508 0 -0.0546015
    outer loop
      vertex 96.6414 0.61 9.38885
      vertex 96.6375 -0.01 9.31753
      vertex 96.6375 0.61 9.31753
    endloop
  endfacet
  facet normal 0.998508 0 -0.0546015
    outer loop
      vertex 96.6414 0.61 9.38885
      vertex 96.6414 -0.01 9.38885
      vertex 96.6375 -0.01 9.31753
    endloop
  endfacet
  facet normal 0.99984 0 -0.0179035
    outer loop
      vertex 96.6427 0.61 9.46145
      vertex 96.6414 -0.01 9.38885
      vertex 96.6414 0.61 9.38885
    endloop
  endfacet
  facet normal 0.99984 0 -0.0179035
    outer loop
      vertex 96.6427 0.61 9.46145
      vertex 96.6427 -0.01 9.46145
      vertex 96.6414 -0.01 9.38885
    endloop
  endfacet
  facet normal 0.999548 0 0.0300781
    outer loop
      vertex 96.6386 0.61 9.5977
      vertex 96.6427 -0.01 9.46145
      vertex 96.6427 0.61 9.46145
    endloop
  endfacet
  facet normal 0.999548 0 0.0300781
    outer loop
      vertex 96.6386 0.61 9.5977
      vertex 96.6386 -0.01 9.5977
      vertex 96.6427 -0.01 9.46145
    endloop
  endfacet
  facet normal 0.995595 0 0.0937587
    outer loop
      vertex 96.6263 0.61 9.72831
      vertex 96.6386 -0.01 9.5977
      vertex 96.6386 0.61 9.5977
    endloop
  endfacet
  facet normal 0.995595 0 0.0937587
    outer loop
      vertex 96.6263 0.61 9.72831
      vertex 96.6263 -0.01 9.72831
      vertex 96.6386 -0.01 9.5977
    endloop
  endfacet
  facet normal 0.986809 0 0.161888
    outer loop
      vertex 96.6058 0.61 9.85327
      vertex 96.6263 -0.01 9.72831
      vertex 96.6263 0.61 9.72831
    endloop
  endfacet
  facet normal 0.986809 0 0.161888
    outer loop
      vertex 96.6058 0.61 9.85327
      vertex 96.6058 -0.01 9.85327
      vertex 96.6263 -0.01 9.72831
    endloop
  endfacet
  facet normal 0.972257 0 0.233915
    outer loop
      vertex 96.5771 0.61 9.97256
      vertex 96.6058 -0.01 9.85327
      vertex 96.6058 0.61 9.85327
    endloop
  endfacet
  facet normal 0.972257 0 0.233915
    outer loop
      vertex 96.5771 0.61 9.97256
      vertex 96.5771 -0.01 9.97256
      vertex 96.6058 -0.01 9.85327
    endloop
  endfacet
  facet normal 0.950869 0 0.309593
    outer loop
      vertex 96.5401 0.61 10.0862
      vertex 96.5771 -0.01 9.97256
      vertex 96.5771 0.61 9.97256
    endloop
  endfacet
  facet normal 0.950869 0 0.309593
    outer loop
      vertex 96.5401 0.61 10.0862
      vertex 96.5401 -0.01 10.0862
      vertex 96.5771 -0.01 9.97256
    endloop
  endfacet
  facet normal 0.922773 0 0.385343
    outer loop
      vertex 96.495 0.61 10.1942
      vertex 96.5401 -0.01 10.0862
      vertex 96.5401 0.61 10.0862
    endloop
  endfacet
  facet normal 0.922773 0 0.385343
    outer loop
      vertex 96.495 0.61 10.1942
      vertex 96.495 -0.01 10.1942
      vertex 96.5401 -0.01 10.0862
    endloop
  endfacet
  facet normal 0.887032 0 0.461707
    outer loop
      vertex 96.4417 0.61 10.2966
      vertex 96.495 -0.01 10.1942
      vertex 96.495 0.61 10.1942
    endloop
  endfacet
  facet normal 0.887032 0 0.461707
    outer loop
      vertex 96.4417 0.61 10.2966
      vertex 96.4417 -0.01 10.2966
      vertex 96.495 -0.01 10.1942
    endloop
  endfacet
  facet normal 0.84341 0 0.53727
    outer loop
      vertex 96.3801 0.61 10.3933
      vertex 96.4417 -0.01 10.2966
      vertex 96.4417 0.61 10.2966
    endloop
  endfacet
  facet normal 0.84341 0 0.53727
    outer loop
      vertex 96.3801 0.61 10.3933
      vertex 96.3801 -0.01 10.3933
      vertex 96.4417 -0.01 10.2966
    endloop
  endfacet
  facet normal 0.793887 0 0.608065
    outer loop
      vertex 96.3104 0.61 10.4843
      vertex 96.3801 -0.01 10.3933
      vertex 96.3801 0.61 10.3933
    endloop
  endfacet
  facet normal 0.793887 0 0.608065
    outer loop
      vertex 96.3104 0.61 10.4843
      vertex 96.3104 -0.01 10.4843
      vertex 96.3801 -0.01 10.3933
    endloop
  endfacet
  facet normal 0.738804 0 0.673921
    outer loop
      vertex 96.2325 0.61 10.5697
      vertex 96.3104 -0.01 10.4843
      vertex 96.3104 0.61 10.4843
    endloop
  endfacet
  facet normal 0.738804 0 0.673921
    outer loop
      vertex 96.2325 0.61 10.5697
      vertex 96.2325 -0.01 10.5697
      vertex 96.3104 -0.01 10.4843
    endloop
  endfacet
  facet normal 0.67934 0 0.733824
    outer loop
      vertex 96.1463 0.61 10.6495
      vertex 96.2325 -0.01 10.5697
      vertex 96.2325 0.61 10.5697
    endloop
  endfacet
  facet normal 0.67934 0 0.733824
    outer loop
      vertex 96.1463 0.61 10.6495
      vertex 96.1463 -0.01 10.6495
      vertex 96.2325 -0.01 10.5697
    endloop
  endfacet
  facet normal 0.616783 0 0.787133
    outer loop
      vertex 96.0525 0.61 10.723
      vertex 96.1463 -0.01 10.6495
      vertex 96.1463 0.61 10.6495
    endloop
  endfacet
  facet normal 0.616783 0 0.787133
    outer loop
      vertex 96.0525 0.61 10.723
      vertex 96.0525 -0.01 10.723
      vertex 96.1463 -0.01 10.6495
    endloop
  endfacet
  facet normal 0.549723 0 0.835347
    outer loop
      vertex 95.9516 0.61 10.7894
      vertex 96.0525 -0.01 10.723
      vertex 96.0525 0.61 10.723
    endloop
  endfacet
  facet normal 0.549723 0 0.835347
    outer loop
      vertex 95.9516 0.61 10.7894
      vertex 95.9516 -0.01 10.7894
      vertex 96.0525 -0.01 10.723
    endloop
  endfacet
  facet normal 0.482199 0 0.876062
    outer loop
      vertex 95.8435 0.61 10.8489
      vertex 95.9516 -0.01 10.7894
      vertex 95.9516 0.61 10.7894
    endloop
  endfacet
  facet normal 0.482199 0 0.876062
    outer loop
      vertex 95.8435 0.61 10.8489
      vertex 95.8435 -0.01 10.8489
      vertex 95.9516 -0.01 10.7894
    endloop
  endfacet
  facet normal 0.414041 0 0.910258
    outer loop
      vertex 95.7283 0.61 10.9013
      vertex 95.8435 -0.01 10.8489
      vertex 95.8435 0.61 10.8489
    endloop
  endfacet
  facet normal 0.414041 0 0.910258
    outer loop
      vertex 95.7283 0.61 10.9013
      vertex 95.7283 -0.01 10.9013
      vertex 95.8435 -0.01 10.8489
    endloop
  endfacet
  facet normal 0.348436 0 0.937332
    outer loop
      vertex 95.6059 0.61 10.9468
      vertex 95.7283 -0.01 10.9013
      vertex 95.7283 0.61 10.9013
    endloop
  endfacet
  facet normal 0.348436 0 0.937332
    outer loop
      vertex 95.6059 0.61 10.9468
      vertex 95.6059 -0.01 10.9468
      vertex 95.7283 -0.01 10.9013
    endloop
  endfacet
  facet normal 0.285173 0 0.958476
    outer loop
      vertex 95.4765 0.61 10.9853
      vertex 95.6059 -0.01 10.9468
      vertex 95.6059 0.61 10.9468
    endloop
  endfacet
  facet normal 0.285173 0 0.958476
    outer loop
      vertex 95.4765 0.61 10.9853
      vertex 95.4765 -0.01 10.9853
      vertex 95.6059 -0.01 10.9468
    endloop
  endfacet
  facet normal 0.224026 0 0.974583
    outer loop
      vertex 95.3399 0.61 11.0167
      vertex 95.4765 -0.01 10.9853
      vertex 95.4765 0.61 10.9853
    endloop
  endfacet
  facet normal 0.224026 0 0.974583
    outer loop
      vertex 95.3399 0.61 11.0167
      vertex 95.3399 -0.01 11.0167
      vertex 95.4765 -0.01 10.9853
    endloop
  endfacet
  facet normal 0.168069 0 0.985775
    outer loop
      vertex 95.1962 0.61 11.0412
      vertex 95.3399 -0.01 11.0167
      vertex 95.3399 0.61 11.0167
    endloop
  endfacet
  facet normal 0.168069 0 0.985775
    outer loop
      vertex 95.1962 0.61 11.0412
      vertex 95.1962 -0.01 11.0412
      vertex 95.3399 -0.01 11.0167
    endloop
  endfacet
  facet normal 0.115199 0 0.993342
    outer loop
      vertex 95.0453 0.61 11.0587
      vertex 95.1962 -0.01 11.0412
      vertex 95.1962 0.61 11.0412
    endloop
  endfacet
  facet normal 0.115199 0 0.993342
    outer loop
      vertex 95.0453 0.61 11.0587
      vertex 95.0453 -0.01 11.0587
      vertex 95.1962 -0.01 11.0412
    endloop
  endfacet
  facet normal 0.0663094 0 0.997799
    outer loop
      vertex 94.8873 0.61 11.0692
      vertex 95.0453 -0.01 11.0587
      vertex 95.0453 0.61 11.0587
    endloop
  endfacet
  facet normal 0.0663094 0 0.997799
    outer loop
      vertex 94.8873 0.61 11.0692
      vertex 94.8873 -0.01 11.0692
      vertex 95.0453 -0.01 11.0587
    endloop
  endfacet
  facet normal 0.0211945 0 0.999775
    outer loop
      vertex 94.7222 0.61 11.0727
      vertex 94.8873 -0.01 11.0692
      vertex 94.8873 0.61 11.0692
    endloop
  endfacet
  facet normal 0.0211945 0 0.999775
    outer loop
      vertex 94.7222 0.61 11.0727
      vertex 94.7222 -0.01 11.0727
      vertex 94.8873 -0.01 11.0692
    endloop
  endfacet
  facet normal -0.0228549 0 0.999739
    outer loop
      vertex 94.5691 0.61 11.0692
      vertex 94.7222 -0.01 11.0727
      vertex 94.7222 0.61 11.0727
    endloop
  endfacet
  facet normal -0.0228549 0 0.999739
    outer loop
      vertex 94.5691 0.61 11.0692
      vertex 94.5691 -0.01 11.0692
      vertex 94.7222 -0.01 11.0727
    endloop
  endfacet
  facet normal -0.0704765 0 0.997513
    outer loop
      vertex 94.4219 0.61 11.0588
      vertex 94.5691 -0.01 11.0692
      vertex 94.5691 0.61 11.0692
    endloop
  endfacet
  facet normal -0.0704765 0 0.997513
    outer loop
      vertex 94.4219 0.61 11.0588
      vertex 94.4219 -0.01 11.0588
      vertex 94.5691 -0.01 11.0692
    endloop
  endfacet
  facet normal -0.121612 0 0.992578
    outer loop
      vertex 94.2807 0.61 11.0415
      vertex 94.4219 -0.01 11.0588
      vertex 94.4219 0.61 11.0588
    endloop
  endfacet
  facet normal -0.121612 0 0.992578
    outer loop
      vertex 94.2807 0.61 11.0415
      vertex 94.2807 -0.01 11.0415
      vertex 94.4219 -0.01 11.0588
    endloop
  endfacet
  facet normal -0.176194 0 0.984355
    outer loop
      vertex 94.1455 0.61 11.0173
      vertex 94.2807 -0.01 11.0415
      vertex 94.2807 0.61 11.0415
    endloop
  endfacet
  facet normal -0.176194 0 0.984355
    outer loop
      vertex 94.1455 0.61 11.0173
      vertex 94.1455 -0.01 11.0173
      vertex 94.2807 -0.01 11.0415
    endloop
  endfacet
  facet normal -0.234567 0 0.9721
    outer loop
      vertex 94.0162 0.61 10.9861
      vertex 94.1455 -0.01 11.0173
      vertex 94.1455 0.61 11.0173
    endloop
  endfacet
  facet normal -0.234567 0 0.9721
    outer loop
      vertex 94.0162 0.61 10.9861
      vertex 94.0162 -0.01 10.9861
      vertex 94.1455 -0.01 11.0173
    endloop
  endfacet
  facet normal -0.295011 0 0.955494
    outer loop
      vertex 93.8928 0.61 10.948
      vertex 94.0162 -0.01 10.9861
      vertex 94.0162 0.61 10.9861
    endloop
  endfacet
  facet normal -0.295011 0 0.955494
    outer loop
      vertex 93.8928 0.61 10.948
      vertex 93.8928 -0.01 10.948
      vertex 94.0162 -0.01 10.9861
    endloop
  endfacet
  facet normal -0.357913 0 0.933755
    outer loop
      vertex 93.7754 0.61 10.903
      vertex 93.8928 -0.01 10.948
      vertex 93.8928 0.61 10.948
    endloop
  endfacet
  facet normal -0.357913 0 0.933755
    outer loop
      vertex 93.7754 0.61 10.903
      vertex 93.7754 -0.01 10.903
      vertex 93.8928 -0.01 10.948
    endloop
  endfacet
  facet normal -0.422975 0 0.906142
    outer loop
      vertex 93.664 0.61 10.851
      vertex 93.7754 -0.01 10.903
      vertex 93.7754 0.61 10.903
    endloop
  endfacet
  facet normal -0.422975 0 0.906142
    outer loop
      vertex 93.664 0.61 10.851
      vertex 93.664 -0.01 10.851
      vertex 93.7754 -0.01 10.903
    endloop
  endfacet
  facet normal -0.487469 0 0.87314
    outer loop
      vertex 93.5585 0.61 10.7921
      vertex 93.664 -0.01 10.851
      vertex 93.664 0.61 10.851
    endloop
  endfacet
  facet normal -0.487469 0 0.87314
    outer loop
      vertex 93.5585 0.61 10.7921
      vertex 93.5585 -0.01 10.7921
      vertex 93.664 -0.01 10.851
    endloop
  endfacet
  facet normal -0.551216 0 0.834363
    outer loop
      vertex 93.4589 0.61 10.7263
      vertex 93.5585 -0.01 10.7921
      vertex 93.5585 0.61 10.7921
    endloop
  endfacet
  facet normal -0.551216 0 0.834363
    outer loop
      vertex 93.4589 0.61 10.7263
      vertex 93.4589 -0.01 10.7263
      vertex 93.5585 -0.01 10.7921
    endloop
  endfacet
  facet normal -0.613415 0 0.789761
    outer loop
      vertex 93.3653 0.61 10.6536
      vertex 93.4589 -0.01 10.7263
      vertex 93.4589 0.61 10.7263
    endloop
  endfacet
  facet normal -0.613415 0 0.789761
    outer loop
      vertex 93.3653 0.61 10.6536
      vertex 93.3653 -0.01 10.6536
      vertex 93.4589 -0.01 10.7263
    endloop
  endfacet
  facet normal -0.672377 0 0.740209
    outer loop
      vertex 93.278 0.61 10.5743
      vertex 93.3653 -0.01 10.6536
      vertex 93.3653 0.61 10.6536
    endloop
  endfacet
  facet normal -0.672377 0 0.740209
    outer loop
      vertex 93.278 0.61 10.5743
      vertex 93.278 -0.01 10.5743
      vertex 93.3653 -0.01 10.6536
    endloop
  endfacet
  facet normal -0.727626 0 0.685974
    outer loop
      vertex 93.1973 0.61 10.4887
      vertex 93.278 -0.01 10.5743
      vertex 93.278 0.61 10.5743
    endloop
  endfacet
  facet normal -0.727626 0 0.685974
    outer loop
      vertex 93.1973 0.61 10.4887
      vertex 93.1973 -0.01 10.4887
      vertex 93.278 -0.01 10.5743
    endloop
  endfacet
  facet normal -0.778547 0 0.627587
    outer loop
      vertex 93.1233 0.61 10.3969
      vertex 93.1973 -0.01 10.4887
      vertex 93.1973 0.61 10.4887
    endloop
  endfacet
  facet normal -0.778547 0 0.627587
    outer loop
      vertex 93.1233 0.61 10.3969
      vertex 93.1233 -0.01 10.3969
      vertex 93.1973 -0.01 10.4887
    endloop
  endfacet
  facet normal -0.823821 0 0.56685
    outer loop
      vertex 93.0558 0.61 10.2988
      vertex 93.1233 -0.01 10.3969
      vertex 93.1233 0.61 10.3969
    endloop
  endfacet
  facet normal -0.823821 0 0.56685
    outer loop
      vertex 93.0558 0.61 10.2988
      vertex 93.0558 -0.01 10.2988
      vertex 93.1233 -0.01 10.3969
    endloop
  endfacet
  facet normal -0.864139 0 0.503253
    outer loop
      vertex 92.995 0.61 10.1944
      vertex 93.0558 -0.01 10.2988
      vertex 93.0558 0.61 10.2988
    endloop
  endfacet
  facet normal -0.864139 0 0.503253
    outer loop
      vertex 92.995 0.61 10.1944
      vertex 92.995 -0.01 10.1944
      vertex 93.0558 -0.01 10.2988
    endloop
  endfacet
  facet normal -0.897971 0 0.440055
    outer loop
      vertex 92.9408 0.61 10.0838
      vertex 92.995 -0.01 10.1944
      vertex 92.995 0.61 10.1944
    endloop
  endfacet
  facet normal -0.897971 0 0.440055
    outer loop
      vertex 92.9408 0.61 10.0838
      vertex 92.9408 -0.01 10.0838
      vertex 92.995 -0.01 10.1944
    endloop
  endfacet
  facet normal -0.926063 0 0.37737
    outer loop
      vertex 92.8932 0.61 9.96699
      vertex 92.9408 -0.01 10.0838
      vertex 92.9408 0.61 10.0838
    endloop
  endfacet
  facet normal -0.926063 0 0.37737
    outer loop
      vertex 92.8932 0.61 9.96699
      vertex 92.8932 -0.01 9.96699
      vertex 92.9408 -0.01 10.0838
    endloop
  endfacet
  facet normal -0.948999 0 0.315279
    outer loop
      vertex 92.8523 0.61 9.84388
      vertex 92.8932 -0.01 9.96699
      vertex 92.8932 0.61 9.96699
    endloop
  endfacet
  facet normal -0.948999 0 0.315279
    outer loop
      vertex 92.8523 0.61 9.84388
      vertex 92.8523 -0.01 9.84388
      vertex 92.8932 -0.01 9.96699
    endloop
  endfacet
  facet normal -0.966599 0 0.256295
    outer loop
      vertex 92.818 0.61 9.71452
      vertex 92.8523 -0.01 9.84388
      vertex 92.8523 0.61 9.84388
    endloop
  endfacet
  facet normal -0.966599 0 0.256295
    outer loop
      vertex 92.818 0.61 9.71452
      vertex 92.818 -0.01 9.71452
      vertex 92.8523 -0.01 9.84388
    endloop
  endfacet
  facet normal -0.979772 0 0.200116
    outer loop
      vertex 92.7903 0.61 9.5789
      vertex 92.818 -0.01 9.71452
      vertex 92.818 0.61 9.71452
    endloop
  endfacet
  facet normal -0.979772 0 0.200116
    outer loop
      vertex 92.7903 0.61 9.5789
      vertex 92.7903 -0.01 9.5789
      vertex 92.818 -0.01 9.71452
    endloop
  endfacet
  facet normal -0.989122 0 0.147099
    outer loop
      vertex 92.7692 0.61 9.43702
      vertex 92.7903 -0.01 9.5789
      vertex 92.7903 0.61 9.5789
    endloop
  endfacet
  facet normal -0.989122 0 0.147099
    outer loop
      vertex 92.7692 0.61 9.43702
      vertex 92.7692 -0.01 9.43702
      vertex 92.7903 -0.01 9.5789
    endloop
  endfacet
  facet normal -0.0564362 0 -0.998406
    outer loop
      vertex 93.9207 0.61 9.37193
      vertex 92.7692 -0.01 9.43702
      vertex 92.7692 0.61 9.43702
    endloop
  endfacet
  facet normal -0.0564362 -0 -0.998406
    outer loop
      vertex 93.9207 0.61 9.37193
      vertex 93.9207 -0.01 9.37193
      vertex 92.7692 -0.01 9.43702
    endloop
  endfacet
  facet normal 0.98682 0 -0.16182
    outer loop
      vertex 93.9322 0.61 9.44206
      vertex 93.9207 -0.01 9.37193
      vertex 93.9207 0.61 9.37193
    endloop
  endfacet
  facet normal 0.98682 0 -0.16182
    outer loop
      vertex 93.9322 0.61 9.44206
      vertex 93.9322 -0.01 9.44206
      vertex 93.9207 -0.01 9.37193
    endloop
  endfacet
  facet normal 0.979646 0 -0.200735
    outer loop
      vertex 93.9459 0.61 9.50892
      vertex 93.9322 -0.01 9.44206
      vertex 93.9322 0.61 9.44206
    endloop
  endfacet
  facet normal 0.979646 0 -0.200735
    outer loop
      vertex 93.9459 0.61 9.50892
      vertex 93.9459 -0.01 9.50892
      vertex 93.9322 -0.01 9.44206
    endloop
  endfacet
  facet normal 0.969783 0 -0.24397
    outer loop
      vertex 93.9619 0.61 9.57252
      vertex 93.9459 -0.01 9.50892
      vertex 93.9459 0.61 9.50892
    endloop
  endfacet
  facet normal 0.969783 0 -0.24397
    outer loop
      vertex 93.9619 0.61 9.57252
      vertex 93.9619 -0.01 9.57252
      vertex 93.9459 -0.01 9.50892
    endloop
  endfacet
  facet normal 0.95741 0 -0.28873
    outer loop
      vertex 93.9801 0.61 9.63287
      vertex 93.9619 -0.01 9.57252
      vertex 93.9619 0.61 9.57252
    endloop
  endfacet
  facet normal 0.95741 0 -0.28873
    outer loop
      vertex 93.9801 0.61 9.63287
      vertex 93.9801 -0.01 9.63287
      vertex 93.9619 -0.01 9.57252
    endloop
  endfacet
  facet normal 0.941144 0 -0.338007
    outer loop
      vertex 94.0006 0.61 9.68995
      vertex 93.9801 -0.01 9.63287
      vertex 93.9801 0.61 9.63287
    endloop
  endfacet
  facet normal 0.941144 0 -0.338007
    outer loop
      vertex 94.0006 0.61 9.68995
      vertex 94.0006 -0.01 9.68995
      vertex 93.9801 -0.01 9.63287
    endloop
  endfacet
  facet normal 0.920783 0 -0.390075
    outer loop
      vertex 94.0234 0.61 9.74377
      vertex 94.0006 -0.01 9.68995
      vertex 94.0006 0.61 9.68995
    endloop
  endfacet
  facet normal 0.920783 0 -0.390075
    outer loop
      vertex 94.0234 0.61 9.74377
      vertex 94.0234 -0.01 9.74377
      vertex 94.0006 -0.01 9.68995
    endloop
  endfacet
  facet normal 0.896439 0 -0.443167
    outer loop
      vertex 94.0484 0.61 9.79434
      vertex 94.0234 -0.01 9.74377
      vertex 94.0234 0.61 9.74377
    endloop
  endfacet
  facet normal 0.896439 0 -0.443167
    outer loop
      vertex 94.0484 0.61 9.79434
      vertex 94.0484 -0.01 9.79434
      vertex 94.0234 -0.01 9.74377
    endloop
  endfacet
  facet normal 0.866048 0 -0.49996
    outer loop
      vertex 94.0757 0.61 9.84163
      vertex 94.0484 -0.01 9.79434
      vertex 94.0484 0.61 9.79434
    endloop
  endfacet
  facet normal 0.866048 0 -0.49996
    outer loop
      vertex 94.0757 0.61 9.84163
      vertex 94.0757 -0.01 9.84163
      vertex 94.0484 -0.01 9.79434
    endloop
  endfacet
  facet normal 0.830771 0 -0.556615
    outer loop
      vertex 94.1052 0.61 9.88566
      vertex 94.0757 -0.01 9.84163
      vertex 94.0757 0.61 9.84163
    endloop
  endfacet
  facet normal 0.830771 0 -0.556615
    outer loop
      vertex 94.1052 0.61 9.88566
      vertex 94.1052 -0.01 9.88566
      vertex 94.0757 -0.01 9.84163
    endloop
  endfacet
  facet normal 0.789446 0 -0.61382
    outer loop
      vertex 94.1369 0.61 9.92643
      vertex 94.1052 -0.01 9.88566
      vertex 94.1052 0.61 9.88566
    endloop
  endfacet
  facet normal 0.789446 0 -0.61382
    outer loop
      vertex 94.1369 0.61 9.92643
      vertex 94.1369 -0.01 9.92643
      vertex 94.1052 -0.01 9.88566
    endloop
  endfacet
  facet normal 0.740922 0 -0.671591
    outer loop
      vertex 94.1709 0.61 9.96394
      vertex 94.1369 -0.01 9.92643
      vertex 94.1369 0.61 9.92643
    endloop
  endfacet
  facet normal 0.740922 0 -0.671591
    outer loop
      vertex 94.1709 0.61 9.96394
      vertex 94.1709 -0.01 9.96394
      vertex 94.1369 -0.01 9.92643
    endloop
  endfacet
  facet normal 0.683384 0 -0.73006
    outer loop
      vertex 94.2075 0.61 9.9982
      vertex 94.1709 -0.01 9.96394
      vertex 94.1709 0.61 9.96394
    endloop
  endfacet
  facet normal 0.683384 0 -0.73006
    outer loop
      vertex 94.2075 0.61 9.9982
      vertex 94.2075 -0.01 9.9982
      vertex 94.1709 -0.01 9.96394
    endloop
  endfacet
  facet normal 0.61835 0 -0.785903
    outer loop
      vertex 94.2469 0.61 10.0292
      vertex 94.2075 -0.01 9.9982
      vertex 94.2075 0.61 9.9982
    endloop
  endfacet
  facet normal 0.61835 0 -0.785903
    outer loop
      vertex 94.2469 0.61 10.0292
      vertex 94.2469 -0.01 10.0292
      vertex 94.2075 -0.01 9.9982
    endloop
  endfacet
  facet normal 0.547835 0 -0.836586
    outer loop
      vertex 94.2892 0.61 10.0569
      vertex 94.2469 -0.01 10.0292
      vertex 94.2469 0.61 10.0292
    endloop
  endfacet
  facet normal 0.547835 0 -0.836586
    outer loop
      vertex 94.2892 0.61 10.0569
      vertex 94.2892 -0.01 10.0569
      vertex 94.2469 -0.01 10.0292
    endloop
  endfacet
  facet normal 0.476534 0 -0.879156
    outer loop
      vertex 94.3344 0.61 10.0814
      vertex 94.2892 -0.01 10.0569
      vertex 94.2892 0.61 10.0569
    endloop
  endfacet
  facet normal 0.476534 0 -0.879156
    outer loop
      vertex 94.3344 0.61 10.0814
      vertex 94.3344 -0.01 10.0814
      vertex 94.2892 -0.01 10.0569
    endloop
  endfacet
  facet normal 0.404016 0 -0.914752
    outer loop
      vertex 94.3824 0.61 10.1026
      vertex 94.3344 -0.01 10.0814
      vertex 94.3344 0.61 10.0814
    endloop
  endfacet
  facet normal 0.404016 0 -0.914752
    outer loop
      vertex 94.3824 0.61 10.1026
      vertex 94.3824 -0.01 10.1026
      vertex 94.3344 -0.01 10.0814
    endloop
  endfacet
  facet normal 0.332334 0 -0.943162
    outer loop
      vertex 94.4332 0.61 10.1205
      vertex 94.3824 -0.01 10.1026
      vertex 94.3824 0.61 10.1026
    endloop
  endfacet
  facet normal 0.332334 0 -0.943162
    outer loop
      vertex 94.4332 0.61 10.1205
      vertex 94.4332 -0.01 10.1205
      vertex 94.3824 -0.01 10.1026
    endloop
  endfacet
  facet normal 0.264029 0 -0.964515
    outer loop
      vertex 94.4869 0.61 10.1352
      vertex 94.4332 -0.01 10.1205
      vertex 94.4332 0.61 10.1205
    endloop
  endfacet
  facet normal 0.264029 0 -0.964515
    outer loop
      vertex 94.4869 0.61 10.1352
      vertex 94.4869 -0.01 10.1352
      vertex 94.4332 -0.01 10.1205
    endloop
  endfacet
  facet normal 0.197448 0 -0.980313
    outer loop
      vertex 94.5435 0.61 10.1466
      vertex 94.4869 -0.01 10.1352
      vertex 94.4869 0.61 10.1352
    endloop
  endfacet
  facet normal 0.197448 0 -0.980313
    outer loop
      vertex 94.5435 0.61 10.1466
      vertex 94.5435 -0.01 10.1466
      vertex 94.4869 -0.01 10.1352
    endloop
  endfacet
  facet normal 0.13675 0 -0.990606
    outer loop
      vertex 94.6029 0.61 10.1548
      vertex 94.5435 -0.01 10.1466
      vertex 94.5435 0.61 10.1466
    endloop
  endfacet
  facet normal 0.13675 0 -0.990606
    outer loop
      vertex 94.6029 0.61 10.1548
      vertex 94.6029 -0.01 10.1548
      vertex 94.5435 -0.01 10.1466
    endloop
  endfacet
  facet normal 0.0768189 0 -0.997045
    outer loop
      vertex 94.6652 0.61 10.1596
      vertex 94.6029 -0.01 10.1548
      vertex 94.6029 0.61 10.1548
    endloop
  endfacet
  facet normal 0.0768189 0 -0.997045
    outer loop
      vertex 94.6652 0.61 10.1596
      vertex 94.6652 -0.01 10.1596
      vertex 94.6029 -0.01 10.1548
    endloop
  endfacet
  facet normal 0.0260648 0 -0.99966
    outer loop
      vertex 94.7304 0.61 10.1613
      vertex 94.6652 -0.01 10.1596
      vertex 94.6652 0.61 10.1596
    endloop
  endfacet
  facet normal 0.0260648 0 -0.99966
    outer loop
      vertex 94.7304 0.61 10.1613
      vertex 94.7304 -0.01 10.1613
      vertex 94.6652 -0.01 10.1596
    endloop
  endfacet
  facet normal -0.0474198 0 -0.998875
    outer loop
      vertex 94.861 0.61 10.1551
      vertex 94.7304 -0.01 10.1613
      vertex 94.7304 0.61 10.1613
    endloop
  endfacet
  facet normal -0.0474198 -0 -0.998875
    outer loop
      vertex 94.861 0.61 10.1551
      vertex 94.861 -0.01 10.1551
      vertex 94.7304 -0.01 10.1613
    endloop
  endfacet
  facet normal -0.155448 0 -0.987844
    outer loop
      vertex 94.9792 0.61 10.1365
      vertex 94.861 -0.01 10.1551
      vertex 94.861 0.61 10.1551
    endloop
  endfacet
  facet normal -0.155448 -0 -0.987844
    outer loop
      vertex 94.9792 0.61 10.1365
      vertex 94.9792 -0.01 10.1365
      vertex 94.861 -0.01 10.1551
    endloop
  endfacet
  facet normal -0.280593 0 -0.959827
    outer loop
      vertex 95.0849 0.61 10.1056
      vertex 94.9792 -0.01 10.1365
      vertex 94.9792 0.61 10.1365
    endloop
  endfacet
  facet normal -0.280593 -0 -0.959827
    outer loop
      vertex 95.0849 0.61 10.1056
      vertex 95.0849 -0.01 10.1056
      vertex 94.9792 -0.01 10.1365
    endloop
  endfacet
  facet normal -0.420598 0 -0.907247
    outer loop
      vertex 95.1783 0.61 10.0623
      vertex 95.0849 -0.01 10.1056
      vertex 95.0849 0.61 10.1056
    endloop
  endfacet
  facet normal -0.420598 -0 -0.907247
    outer loop
      vertex 95.1783 0.61 10.0623
      vertex 95.1783 -0.01 10.0623
      vertex 95.0849 -0.01 10.1056
    endloop
  endfacet
  facet normal -0.567566 0 -0.823328
    outer loop
      vertex 95.2591 0.61 10.0066
      vertex 95.1783 -0.01 10.0623
      vertex 95.1783 0.61 10.0623
    endloop
  endfacet
  facet normal -0.567566 -0 -0.823328
    outer loop
      vertex 95.2591 0.61 10.0066
      vertex 95.2591 -0.01 10.0066
      vertex 95.1783 -0.01 10.0623
    endloop
  endfacet
  facet normal -0.704877 0 -0.70933
    outer loop
      vertex 95.3276 0.61 9.93853
      vertex 95.2591 -0.01 10.0066
      vertex 95.2591 0.61 10.0066
    endloop
  endfacet
  facet normal -0.704877 -0 -0.70933
    outer loop
      vertex 95.3276 0.61 9.93853
      vertex 95.3276 -0.01 9.93853
      vertex 95.2591 -0.01 10.0066
    endloop
  endfacet
  facet normal -0.821117 0 -0.570759
    outer loop
      vertex 95.3835 0.61 9.85811
      vertex 95.3276 -0.01 9.93853
      vertex 95.3276 0.61 9.93853
    endloop
  endfacet
  facet normal -0.821117 -0 -0.570759
    outer loop
      vertex 95.3835 0.61 9.85811
      vertex 95.3835 -0.01 9.85811
      vertex 95.3276 -0.01 9.93853
    endloop
  endfacet
  facet normal -0.905119 0 -0.425158
    outer loop
      vertex 95.4271 0.61 9.76529
      vertex 95.3835 -0.01 9.85811
      vertex 95.3835 0.61 9.85811
    endloop
  endfacet
  facet normal -0.905119 -0 -0.425158
    outer loop
      vertex 95.4271 0.61 9.76529
      vertex 95.4271 -0.01 9.76529
      vertex 95.3835 -0.01 9.85811
    endloop
  endfacet
  facet normal -0.958958 0 -0.283548
    outer loop
      vertex 95.4582 0.61 9.66011
      vertex 95.4271 -0.01 9.76529
      vertex 95.4271 0.61 9.76529
    endloop
  endfacet
  facet normal -0.958958 -0 -0.283548
    outer loop
      vertex 95.4582 0.61 9.66011
      vertex 95.4582 -0.01 9.66011
      vertex 95.4271 -0.01 9.76529
    endloop
  endfacet
  facet normal -0.987586 0 -0.15708
    outer loop
      vertex 95.4769 0.61 9.54254
      vertex 95.4582 -0.01 9.66011
      vertex 95.4582 0.61 9.66011
    endloop
  endfacet
  facet normal -0.987586 -0 -0.15708
    outer loop
      vertex 95.4769 0.61 9.54254
      vertex 95.4769 -0.01 9.54254
      vertex 95.4582 -0.01 9.66011
    endloop
  endfacet
  facet normal -0.998863 0 -0.0476638
    outer loop
      vertex 95.4831 0.61 9.41261
      vertex 95.4769 -0.01 9.54254
      vertex 95.4769 0.61 9.54254
    endloop
  endfacet
  facet normal -0.998863 -0 -0.0476638
    outer loop
      vertex 95.4831 0.61 9.41261
      vertex 95.4831 -0.01 9.41261
      vertex 95.4769 -0.01 9.54254
    endloop
  endfacet
  facet normal -0.999353 0 0.0359544
    outer loop
      vertex 95.4811 0.61 9.35702
      vertex 95.4831 -0.01 9.41261
      vertex 95.4831 0.61 9.41261
    endloop
  endfacet
  facet normal -0.999353 0 0.0359544
    outer loop
      vertex 95.4811 0.61 9.35702
      vertex 95.4811 -0.01 9.35702
      vertex 95.4831 -0.01 9.41261
    endloop
  endfacet
  facet normal -0.994265 0 0.106949
    outer loop
      vertex 95.4751 0.61 9.30124
      vertex 95.4811 -0.01 9.35702
      vertex 95.4811 0.61 9.35702
    endloop
  endfacet
  facet normal -0.994265 0 0.106949
    outer loop
      vertex 95.4751 0.61 9.30124
      vertex 95.4751 -0.01 9.30124
      vertex 95.4811 -0.01 9.35702
    endloop
  endfacet
  facet normal -0.984422 0 0.175821
    outer loop
      vertex 95.4651 0.61 9.24525
      vertex 95.4751 -0.01 9.30124
      vertex 95.4751 0.61 9.30124
    endloop
  endfacet
  facet normal -0.984422 0 0.175821
    outer loop
      vertex 95.4651 0.61 9.24525
      vertex 95.4651 -0.01 9.24525
      vertex 95.4751 -0.01 9.30124
    endloop
  endfacet
  facet normal -0.970325 0 0.241804
    outer loop
      vertex 95.4511 0.61 9.18907
      vertex 95.4651 -0.01 9.24525
      vertex 95.4651 0.61 9.24525
    endloop
  endfacet
  facet normal -0.970325 0 0.241804
    outer loop
      vertex 95.4511 0.61 9.18907
      vertex 95.4511 -0.01 9.18907
      vertex 95.4651 -0.01 9.24525
    endloop
  endfacet
  facet normal -0.952659 0 0.30404
    outer loop
      vertex 95.4331 0.61 9.13267
      vertex 95.4511 -0.01 9.18907
      vertex 95.4511 0.61 9.18907
    endloop
  endfacet
  facet normal -0.952659 0 0.30404
    outer loop
      vertex 95.4331 0.61 9.13267
      vertex 95.4331 -0.01 9.13267
      vertex 95.4511 -0.01 9.18907
    endloop
  endfacet
  facet normal -0.931488 0 0.363772
    outer loop
      vertex 95.411 0.61 9.07608
      vertex 95.4331 -0.01 9.13267
      vertex 95.4331 0.61 9.13267
    endloop
  endfacet
  facet normal -0.931488 0 0.363772
    outer loop
      vertex 95.411 0.61 9.07608
      vertex 95.411 -0.01 9.07608
      vertex 95.4331 -0.01 9.13267
    endloop
  endfacet
  facet normal -0.909267 0 0.416214
    outer loop
      vertex 95.385 0.61 9.01928
      vertex 95.411 -0.01 9.07608
      vertex 95.411 0.61 9.07608
    endloop
  endfacet
  facet normal -0.909267 0 0.416214
    outer loop
      vertex 95.385 0.61 9.01928
      vertex 95.385 -0.01 9.01928
      vertex 95.411 -0.01 9.07608
    endloop
  endfacet
  facet normal -0.884885 0 0.46581
    outer loop
      vertex 95.355 0.61 8.96229
      vertex 95.385 -0.01 9.01928
      vertex 95.385 0.61 9.01928
    endloop
  endfacet
  facet normal -0.884885 0 0.46581
    outer loop
      vertex 95.355 0.61 8.96229
      vertex 95.355 -0.01 8.96229
      vertex 95.385 -0.01 9.01928
    endloop
  endfacet
  facet normal -0.859568 0 0.511021
    outer loop
      vertex 95.321 0.61 8.9051
      vertex 95.355 -0.01 8.96229
      vertex 95.355 0.61 8.96229
    endloop
  endfacet
  facet normal -0.859568 0 0.511021
    outer loop
      vertex 95.321 0.61 8.9051
      vertex 95.321 -0.01 8.9051
      vertex 95.355 -0.01 8.96229
    endloop
  endfacet
  facet normal -0.833834 0 0.552015
    outer loop
      vertex 95.283 0.61 8.8477
      vertex 95.321 -0.01 8.9051
      vertex 95.321 0.61 8.9051
    endloop
  endfacet
  facet normal -0.833834 0 0.552015
    outer loop
      vertex 95.283 0.61 8.8477
      vertex 95.283 -0.01 8.8477
      vertex 95.321 -0.01 8.9051
    endloop
  endfacet
  facet normal -0.807959 0 0.589239
    outer loop
      vertex 95.241 0.61 8.79011
      vertex 95.283 -0.01 8.8477
      vertex 95.283 0.61 8.8477
    endloop
  endfacet
  facet normal -0.807959 0 0.589239
    outer loop
      vertex 95.241 0.61 8.79011
      vertex 95.241 -0.01 8.79011
      vertex 95.283 -0.01 8.8477
    endloop
  endfacet
  facet normal -0.782726 0 0.622367
    outer loop
      vertex 95.194 0.61 8.731
      vertex 95.241 -0.01 8.79011
      vertex 95.241 0.61 8.79011
    endloop
  endfacet
  facet normal -0.782726 0 0.622367
    outer loop
      vertex 95.194 0.61 8.731
      vertex 95.194 -0.01 8.731
      vertex 95.241 -0.01 8.79011
    endloop
  endfacet
  facet normal -0.760417 0 0.649436
    outer loop
      vertex 95.1411 0.61 8.66906
      vertex 95.194 -0.01 8.731
      vertex 95.194 0.61 8.731
    endloop
  endfacet
  facet normal -0.760417 0 0.649436
    outer loop
      vertex 95.1411 0.61 8.66906
      vertex 95.1411 -0.01 8.66906
      vertex 95.194 -0.01 8.731
    endloop
  endfacet
  facet normal -0.739837 0 0.672786
    outer loop
      vertex 95.0822 0.61 8.60429
      vertex 95.1411 -0.01 8.66906
      vertex 95.1411 0.61 8.66906
    endloop
  endfacet
  facet normal -0.739837 0 0.672786
    outer loop
      vertex 95.0822 0.61 8.60429
      vertex 95.0822 -0.01 8.60429
      vertex 95.1411 -0.01 8.66906
    endloop
  endfacet
  facet normal -0.721264 0 0.692661
    outer loop
      vertex 95.0173 0.61 8.53671
      vertex 95.0822 -0.01 8.60429
      vertex 95.0822 0.61 8.60429
    endloop
  endfacet
  facet normal -0.721264 0 0.692661
    outer loop
      vertex 95.0173 0.61 8.53671
      vertex 95.0173 -0.01 8.53671
      vertex 95.0822 -0.01 8.60429
    endloop
  endfacet
  facet normal -0.705101 0 0.709107
    outer loop
      vertex 94.9465 0.61 8.46631
      vertex 95.0173 -0.01 8.53671
      vertex 95.0173 0.61 8.53671
    endloop
  endfacet
  facet normal -0.705101 0 0.709107
    outer loop
      vertex 94.9465 0.61 8.46631
      vertex 94.9465 -0.01 8.46631
      vertex 95.0173 -0.01 8.53671
    endloop
  endfacet
  facet normal -0.690655 0 0.723184
    outer loop
      vertex 94.8698 0.61 8.39306
      vertex 94.9465 -0.01 8.46631
      vertex 94.9465 0.61 8.46631
    endloop
  endfacet
  facet normal -0.690655 0 0.723184
    outer loop
      vertex 94.8698 0.61 8.39306
      vertex 94.8698 -0.01 8.39306
      vertex 94.9465 -0.01 8.46631
    endloop
  endfacet
  facet normal -0.676941 0 0.736037
    outer loop
      vertex 94.7871 0.61 8.317
      vertex 94.8698 -0.01 8.39306
      vertex 94.8698 0.61 8.39306
    endloop
  endfacet
  facet normal -0.676941 0 0.736037
    outer loop
      vertex 94.7871 0.61 8.317
      vertex 94.7871 -0.01 8.317
      vertex 94.8698 -0.01 8.39306
    endloop
  endfacet
  facet normal -0.664578 0 0.747219
    outer loop
      vertex 94.6984 0.61 8.23811
      vertex 94.7871 -0.01 8.317
      vertex 94.7871 0.61 8.317
    endloop
  endfacet
  facet normal -0.664578 0 0.747219
    outer loop
      vertex 94.6984 0.61 8.23811
      vertex 94.6984 -0.01 8.23811
      vertex 94.7871 -0.01 8.317
    endloop
  endfacet
  facet normal -0.653666 0 0.756783
    outer loop
      vertex 94.6038 0.61 8.1564
      vertex 94.6984 -0.01 8.23811
      vertex 94.6984 0.61 8.23811
    endloop
  endfacet
  facet normal -0.653666 0 0.756783
    outer loop
      vertex 94.6038 0.61 8.1564
      vertex 94.6038 -0.01 8.1564
      vertex 94.6984 -0.01 8.23811
    endloop
  endfacet
  facet normal -0.643397 0 0.765532
    outer loop
      vertex 94.5032 0.61 8.07185
      vertex 94.6038 -0.01 8.1564
      vertex 94.6038 0.61 8.1564
    endloop
  endfacet
  facet normal -0.643397 0 0.765532
    outer loop
      vertex 94.5032 0.61 8.07185
      vertex 94.5032 -0.01 8.07185
      vertex 94.6038 -0.01 8.1564
    endloop
  endfacet
  facet normal -0.634123 0 0.773232
    outer loop
      vertex 94.3967 0.61 7.98451
      vertex 94.5032 -0.01 8.07185
      vertex 94.5032 0.61 8.07185
    endloop
  endfacet
  facet normal -0.634123 0 0.773232
    outer loop
      vertex 94.3967 0.61 7.98451
      vertex 94.3967 -0.01 7.98451
      vertex 94.5032 -0.01 8.07185
    endloop
  endfacet
  facet normal -0.634936 0 0.772564
    outer loop
      vertex 94.2846 0.61 7.89238
      vertex 94.3967 -0.01 7.98451
      vertex 94.3967 0.61 7.98451
    endloop
  endfacet
  facet normal -0.634936 0 0.772564
    outer loop
      vertex 94.2846 0.61 7.89238
      vertex 94.2846 -0.01 7.89238
      vertex 94.3967 -0.01 7.98451
    endloop
  endfacet
  facet normal -0.643819 0 0.765178
    outer loop
      vertex 94.1759 0.61 7.80092
      vertex 94.2846 -0.01 7.89238
      vertex 94.2846 0.61 7.89238
    endloop
  endfacet
  facet normal -0.643819 0 0.765178
    outer loop
      vertex 94.1759 0.61 7.80092
      vertex 94.1759 -0.01 7.80092
      vertex 94.2846 -0.01 7.89238
    endloop
  endfacet
  facet normal -0.65371 0 0.756745
    outer loop
      vertex 94.0708 0.61 7.71013
      vertex 94.1759 -0.01 7.80092
      vertex 94.1759 0.61 7.80092
    endloop
  endfacet
  facet normal -0.65371 0 0.756745
    outer loop
      vertex 94.0708 0.61 7.71013
      vertex 94.0708 -0.01 7.71013
      vertex 94.1759 -0.01 7.80092
    endloop
  endfacet
  facet normal -0.663943 0 0.747783
    outer loop
      vertex 93.9693 0.61 7.62001
      vertex 94.0708 -0.01 7.71013
      vertex 94.0708 0.61 7.71013
    endloop
  endfacet
  facet normal -0.663943 0 0.747783
    outer loop
      vertex 93.9693 0.61 7.62001
      vertex 93.9693 -0.01 7.62001
      vertex 94.0708 -0.01 7.71013
    endloop
  endfacet
  facet normal -0.673778 0 0.738934
    outer loop
      vertex 93.8712 0.61 7.53056
      vertex 93.9693 -0.01 7.62001
      vertex 93.9693 0.61 7.62001
    endloop
  endfacet
  facet normal -0.673778 0 0.738934
    outer loop
      vertex 93.8712 0.61 7.53056
      vertex 93.8712 -0.01 7.53056
      vertex 93.9693 -0.01 7.62001
    endloop
  endfacet
  facet normal -0.684623 0 0.728897
    outer loop
      vertex 93.7767 0.61 7.4418
      vertex 93.8712 -0.01 7.53056
      vertex 93.8712 0.61 7.53056
    endloop
  endfacet
  facet normal -0.684623 0 0.728897
    outer loop
      vertex 93.7767 0.61 7.4418
      vertex 93.7767 -0.01 7.4418
      vertex 93.8712 -0.01 7.53056
    endloop
  endfacet
  facet normal -0.695566 0 0.718462
    outer loop
      vertex 93.6857 0.61 7.3537
      vertex 93.7767 -0.01 7.4418
      vertex 93.7767 0.61 7.4418
    endloop
  endfacet
  facet normal -0.695566 0 0.718462
    outer loop
      vertex 93.6857 0.61 7.3537
      vertex 93.6857 -0.01 7.3537
      vertex 93.7767 -0.01 7.4418
    endloop
  endfacet
  facet normal -0.707269 0 0.706945
    outer loop
      vertex 93.5983 0.61 7.26626
      vertex 93.6857 -0.01 7.3537
      vertex 93.6857 0.61 7.3537
    endloop
  endfacet
  facet normal -0.707269 0 0.706945
    outer loop
      vertex 93.5983 0.61 7.26626
      vertex 93.5983 -0.01 7.26626
      vertex 93.6857 -0.01 7.3537
    endloop
  endfacet
  facet normal -0.718856 0 0.695159
    outer loop
      vertex 93.5144 0.61 7.1795
      vertex 93.5983 -0.01 7.26626
      vertex 93.5983 0.61 7.26626
    endloop
  endfacet
  facet normal -0.718856 0 0.695159
    outer loop
      vertex 93.5144 0.61 7.1795
      vertex 93.5144 -0.01 7.1795
      vertex 93.5983 -0.01 7.26626
    endloop
  endfacet
  facet normal -0.730846 0 0.682542
    outer loop
      vertex 93.434 0.61 7.09341
      vertex 93.5144 -0.01 7.1795
      vertex 93.5144 0.61 7.1795
    endloop
  endfacet
  facet normal -0.730846 0 0.682542
    outer loop
      vertex 93.434 0.61 7.09341
      vertex 93.434 -0.01 7.09341
      vertex 93.5144 -0.01 7.1795
    endloop
  endfacet
  facet normal -0.743554 0 0.668676
    outer loop
      vertex 93.3572 0.61 7.00801
      vertex 93.434 -0.01 7.09341
      vertex 93.434 0.61 7.09341
    endloop
  endfacet
  facet normal -0.743554 0 0.668676
    outer loop
      vertex 93.3572 0.61 7.00801
      vertex 93.3572 -0.01 7.00801
      vertex 93.434 -0.01 7.09341
    endloop
  endfacet
  facet normal -0.757047 0 0.653361
    outer loop
      vertex 93.2836 0.61 6.92273
      vertex 93.3572 -0.01 7.00801
      vertex 93.3572 0.61 7.00801
    endloop
  endfacet
  facet normal -0.757047 0 0.653361
    outer loop
      vertex 93.2836 0.61 6.92273
      vertex 93.2836 -0.01 6.92273
      vertex 93.3572 -0.01 7.00801
    endloop
  endfacet
  facet normal -0.772638 0 0.634847
    outer loop
      vertex 93.2132 0.61 6.83705
      vertex 93.2836 -0.01 6.92273
      vertex 93.2836 0.61 6.92273
    endloop
  endfacet
  facet normal -0.772638 0 0.634847
    outer loop
      vertex 93.2132 0.61 6.83705
      vertex 93.2132 -0.01 6.83705
      vertex 93.2836 -0.01 6.92273
    endloop
  endfacet
  facet normal -0.788246 0 0.61536
    outer loop
      vertex 93.146 0.61 6.75097
      vertex 93.2132 -0.01 6.83705
      vertex 93.2132 0.61 6.83705
    endloop
  endfacet
  facet normal -0.788246 0 0.61536
    outer loop
      vertex 93.146 0.61 6.75097
      vertex 93.146 -0.01 6.75097
      vertex 93.2132 -0.01 6.83705
    endloop
  endfacet
  facet normal -0.802932 0 0.596071
    outer loop
      vertex 93.0818 0.61 6.66449
      vertex 93.146 -0.01 6.75097
      vertex 93.146 0.61 6.75097
    endloop
  endfacet
  facet normal -0.802932 0 0.596071
    outer loop
      vertex 93.0818 0.61 6.66449
      vertex 93.0818 -0.01 6.66449
      vertex 93.146 -0.01 6.75097
    endloop
  endfacet
  facet normal -0.818448 0 0.574581
    outer loop
      vertex 93.0208 0.61 6.5776
      vertex 93.0818 -0.01 6.66449
      vertex 93.0818 0.61 6.66449
    endloop
  endfacet
  facet normal -0.818448 0 0.574581
    outer loop
      vertex 93.0208 0.61 6.5776
      vertex 93.0208 -0.01 6.5776
      vertex 93.0818 -0.01 6.66449
    endloop
  endfacet
  facet normal -0.833341 0 0.55276
    outer loop
      vertex 92.9629 0.61 6.49031
      vertex 93.0208 -0.01 6.5776
      vertex 93.0208 0.61 6.5776
    endloop
  endfacet
  facet normal -0.833341 0 0.55276
    outer loop
      vertex 92.9629 0.61 6.49031
      vertex 92.9629 -0.01 6.49031
      vertex 93.0208 -0.01 6.5776
    endloop
  endfacet
  facet normal -0.848514 0 0.529173
    outer loop
      vertex 92.9082 0.61 6.4026
      vertex 92.9629 -0.01 6.49031
      vertex 92.9629 0.61 6.49031
    endloop
  endfacet
  facet normal -0.848514 0 0.529173
    outer loop
      vertex 92.9082 0.61 6.4026
      vertex 92.9082 -0.01 6.4026
      vertex 92.9629 -0.01 6.49031
    endloop
  endfacet
  facet normal -0.862889 0 0.505393
    outer loop
      vertex 92.8566 0.61 6.3145
      vertex 92.9082 -0.01 6.4026
      vertex 92.9082 0.61 6.4026
    endloop
  endfacet
  facet normal -0.862889 0 0.505393
    outer loop
      vertex 92.8566 0.61 6.3145
      vertex 92.8566 -0.01 6.3145
      vertex 92.9082 -0.01 6.4026
    endloop
  endfacet
  facet normal -0.876529 0 0.481348
    outer loop
      vertex 92.808 0.61 6.226
      vertex 92.8566 -0.01 6.3145
      vertex 92.8566 0.61 6.3145
    endloop
  endfacet
  facet normal -0.876529 0 0.481348
    outer loop
      vertex 92.808 0.61 6.226
      vertex 92.808 -0.01 6.226
      vertex 92.8566 -0.01 6.3145
    endloop
  endfacet
  facet normal -0.891035 0 0.453935
    outer loop
      vertex 92.7627 0.61 6.13708
      vertex 92.808 -0.01 6.226
      vertex 92.808 0.61 6.226
    endloop
  endfacet
  facet normal -0.891035 0 0.453935
    outer loop
      vertex 92.7627 0.61 6.13708
      vertex 92.7627 -0.01 6.13708
      vertex 92.808 -0.01 6.226
    endloop
  endfacet
  facet normal -0.903775 0 0.428008
    outer loop
      vertex 92.7204 0.61 6.04776
      vertex 92.7627 -0.01 6.13708
      vertex 92.7627 0.61 6.13708
    endloop
  endfacet
  facet normal -0.903775 0 0.428008
    outer loop
      vertex 92.7204 0.61 6.04776
      vertex 92.7204 -0.01 6.04776
      vertex 92.7627 -0.01 6.13708
    endloop
  endfacet
  facet normal -1 0 0
    outer loop
      vertex 92.7204 0.61 5.25438
      vertex 92.7204 -0.01 6.04776
      vertex 92.7204 0.61 6.04776
    endloop
  endfacet
  facet normal -1 0 0
    outer loop
      vertex 92.7204 0.61 5.25438
      vertex 92.7204 -0.01 5.25438
      vertex 92.7204 -0.01 6.04776
    endloop
  endfacet
  facet normal -0 0 -1
    outer loop
      vertex 96.7322 0.61 5.25438
      vertex 92.7204 -0.01 5.25438
      vertex 92.7204 0.61 5.25438
    endloop
  endfacet
  facet normal 0 -0 -1
    outer loop
      vertex 96.7322 0.61 5.25438
      vertex 96.7322 -0.01 5.25438
      vertex 92.7204 -0.01 5.25438
    endloop
  endfacet
  facet normal 1 0 0
    outer loop
      vertex 96.7322 0.61 6.19429
      vertex 96.7322 -0.01 5.25438
      vertex 96.7322 0.61 5.25438
    endloop
  endfacet
  facet normal 1 0 0
    outer loop
      vertex 96.7322 0.61 6.19429
      vertex 96.7322 -0.01 6.19429
      vertex 96.7322 -0.01 5.25438
    endloop
  endfacet
  facet normal -0 0 -1
    outer loop
      vertex 66.2242 0.61 7.27249
      vertex 64.8002 -0.01 7.27249
      vertex 64.8002 0.61 7.27249
    endloop
  endfacet
  facet normal 0 -0 -1
    outer loop
      vertex 66.2242 0.61 7.27249
      vertex 66.2242 -0.01 7.27249
      vertex 64.8002 -0.01 7.27249
    endloop
  endfacet
  facet normal 0.0169511 0 -0.999856
    outer loop
      vertex 66.3404 0.61 7.27446
      vertex 66.2242 -0.01 7.27249
      vertex 66.2242 0.61 7.27249
    endloop
  endfacet
  facet normal 0.0169511 0 -0.999856
    outer loop
      vertex 66.3404 0.61 7.27446
      vertex 66.3404 -0.01 7.27446
      vertex 66.2242 -0.01 7.27249
    endloop
  endfacet
  facet normal 0.0519158 0 -0.998651
    outer loop
      vertex 66.4537 0.61 7.28035
      vertex 66.3404 -0.01 7.27446
      vertex 66.3404 0.61 7.27446
    endloop
  endfacet
  facet normal 0.0519158 0 -0.998651
    outer loop
      vertex 66.4537 0.61 7.28035
      vertex 66.4537 -0.01 7.28035
      vertex 66.3404 -0.01 7.27446
    endloop
  endfacet
  facet normal 0.0888583 0 -0.996044
    outer loop
      vertex 66.564 0.61 7.29019
      vertex 66.4537 -0.01 7.28035
      vertex 66.4537 0.61 7.28035
    endloop
  endfacet
  facet normal 0.0888583 0 -0.996044
    outer loop
      vertex 66.564 0.61 7.29019
      vertex 66.564 -0.01 7.29019
      vertex 66.4537 -0.01 7.28035
    endloop
  endfacet
  facet normal 0.12708 0 -0.991892
    outer loop
      vertex 66.6714 0.61 7.30395
      vertex 66.564 -0.01 7.29019
      vertex 66.564 0.61 7.29019
    endloop
  endfacet
  facet normal 0.12708 0 -0.991892
    outer loop
      vertex 66.6714 0.61 7.30395
      vertex 66.6714 -0.01 7.30395
      vertex 66.564 -0.01 7.29019
    endloop
  endfacet
  facet normal 0.167338 0 -0.9859
    outer loop
      vertex 66.7758 0.61 7.32167
      vertex 66.6714 -0.01 7.30395
      vertex 66.6714 0.61 7.30395
    endloop
  endfacet
  facet normal 0.167338 0 -0.9859
    outer loop
      vertex 66.7758 0.61 7.32167
      vertex 66.7758 -0.01 7.32167
      vertex 66.6714 -0.01 7.30395
    endloop
  endfacet
  facet normal 0.208227 0 -0.97808
    outer loop
      vertex 66.8774 0.61 7.3433
      vertex 66.7758 -0.01 7.32167
      vertex 66.7758 0.61 7.32167
    endloop
  endfacet
  facet normal 0.208227 0 -0.97808
    outer loop
      vertex 66.8774 0.61 7.3433
      vertex 66.8774 -0.01 7.3433
      vertex 66.7758 -0.01 7.32167
    endloop
  endfacet
  facet normal 0.251119 0 -0.967956
    outer loop
      vertex 66.976 0.61 7.36888
      vertex 66.8774 -0.01 7.3433
      vertex 66.8774 0.61 7.3433
    endloop
  endfacet
  facet normal 0.251119 0 -0.967956
    outer loop
      vertex 66.976 0.61 7.36888
      vertex 66.976 -0.01 7.36888
      vertex 66.8774 -0.01 7.3433
    endloop
  endfacet
  facet normal 0.294486 0 -0.955656
    outer loop
      vertex 67.0717 0.61 7.39837
      vertex 66.976 -0.01 7.36888
      vertex 66.976 0.61 7.36888
    endloop
  endfacet
  facet normal 0.294486 0 -0.955656
    outer loop
      vertex 67.0717 0.61 7.39837
      vertex 67.0717 -0.01 7.39837
      vertex 66.976 -0.01 7.36888
    endloop
  endfacet
  facet normal 0.33942 0 -0.940635
    outer loop
      vertex 67.1644 0.61 7.43182
      vertex 67.0717 -0.01 7.39837
      vertex 67.0717 0.61 7.39837
    endloop
  endfacet
  facet normal 0.33942 0 -0.940635
    outer loop
      vertex 67.1644 0.61 7.43182
      vertex 67.1644 -0.01 7.43182
      vertex 67.0717 -0.01 7.39837
    endloop
  endfacet
  facet normal 0.384207 0 -0.923247
    outer loop
      vertex 67.2542 0.61 7.46919
      vertex 67.1644 -0.01 7.43182
      vertex 67.1644 0.61 7.43182
    endloop
  endfacet
  facet normal 0.384207 0 -0.923247
    outer loop
      vertex 67.2542 0.61 7.46919
      vertex 67.2542 -0.01 7.46919
      vertex 67.1644 -0.01 7.43182
    endloop
  endfacet
  facet normal 0.429417 0 -0.903106
    outer loop
      vertex 67.3411 0.61 7.51051
      vertex 67.2542 -0.01 7.46919
      vertex 67.2542 0.61 7.46919
    endloop
  endfacet
  facet normal 0.429417 0 -0.903106
    outer loop
      vertex 67.3411 0.61 7.51051
      vertex 67.3411 -0.01 7.51051
      vertex 67.2542 -0.01 7.46919
    endloop
  endfacet
  facet normal 0.4728 0 -0.88117
    outer loop
      vertex 67.4248 0.61 7.55542
      vertex 67.3411 -0.01 7.51051
      vertex 67.3411 0.61 7.51051
    endloop
  endfacet
  facet normal 0.4728 0 -0.88117
    outer loop
      vertex 67.4248 0.61 7.55542
      vertex 67.4248 -0.01 7.55542
      vertex 67.3411 -0.01 7.51051
    endloop
  endfacet
  facet normal 0.515676 0 -0.856783
    outer loop
      vertex 67.5048 0.61 7.60357
      vertex 67.4248 -0.01 7.55542
      vertex 67.4248 0.61 7.55542
    endloop
  endfacet
  facet normal 0.515676 0 -0.856783
    outer loop
      vertex 67.5048 0.61 7.60357
      vertex 67.5048 -0.01 7.60357
      vertex 67.4248 -0.01 7.55542
    endloop
  endfacet
  facet normal 0.558 0 -0.829841
    outer loop
      vertex 67.5813 0.61 7.65501
      vertex 67.5048 -0.01 7.60357
      vertex 67.5048 0.61 7.60357
    endloop
  endfacet
  facet normal 0.558 0 -0.829841
    outer loop
      vertex 67.5813 0.61 7.65501
      vertex 67.5813 -0.01 7.65501
      vertex 67.5048 -0.01 7.60357
    endloop
  endfacet
  facet normal 0.600632 0 -0.799525
    outer loop
      vertex 67.6541 0.61 7.7097
      vertex 67.5813 -0.01 7.65501
      vertex 67.5813 0.61 7.65501
    endloop
  endfacet
  facet normal 0.600632 0 -0.799525
    outer loop
      vertex 67.6541 0.61 7.7097
      vertex 67.6541 -0.01 7.7097
      vertex 67.5813 -0.01 7.65501
    endloop
  endfacet
  facet normal 0.64149 0 -0.767131
    outer loop
      vertex 67.7234 0.61 7.76765
      vertex 67.6541 -0.01 7.7097
      vertex 67.6541 0.61 7.7097
    endloop
  endfacet
  facet normal 0.64149 0 -0.767131
    outer loop
      vertex 67.7234 0.61 7.76765
      vertex 67.7234 -0.01 7.76765
      vertex 67.6541 -0.01 7.7097
    endloop
  endfacet
  facet normal 0.682279 0 -0.731092
    outer loop
      vertex 67.789 0.61 7.82887
      vertex 67.7234 -0.01 7.76765
      vertex 67.7234 0.61 7.76765
    endloop
  endfacet
  facet normal 0.682279 0 -0.731092
    outer loop
      vertex 67.789 0.61 7.82887
      vertex 67.789 -0.01 7.82887
      vertex 67.7234 -0.01 7.76765
    endloop
  endfacet
  facet normal 0.720275 0 -0.693689
    outer loop
      vertex 67.8511 0.61 7.89335
      vertex 67.789 -0.01 7.82887
      vertex 67.789 0.61 7.82887
    endloop
  endfacet
  facet normal 0.720275 0 -0.693689
    outer loop
      vertex 67.8511 0.61 7.89335
      vertex 67.8511 -0.01 7.89335
      vertex 67.789 -0.01 7.82887
    endloop
  endfacet
  facet normal 0.757391 0 -0.652962
    outer loop
      vertex 67.9095 0.61 7.96109
      vertex 67.8511 -0.01 7.89335
      vertex 67.8511 0.61 7.89335
    endloop
  endfacet
  facet normal 0.757391 0 -0.652962
    outer loop
      vertex 67.9095 0.61 7.96109
      vertex 67.9095 -0.01 7.96109
      vertex 67.8511 -0.01 7.89335
    endloop
  endfacet
  facet normal 0.791089 0 -0.611701
    outer loop
      vertex 67.9644 0.61 8.03209
      vertex 67.9095 -0.01 7.96109
      vertex 67.9095 0.61 7.96109
    endloop
  endfacet
  facet normal 0.791089 0 -0.611701
    outer loop
      vertex 67.9644 0.61 8.03209
      vertex 67.9644 -0.01 8.03209
      vertex 67.9095 -0.01 7.96109
    endloop
  endfacet
  facet normal 0.823249 0 -0.567681
    outer loop
      vertex 68.0156 0.61 8.10634
      vertex 67.9644 -0.01 8.03209
      vertex 67.9644 0.61 8.03209
    endloop
  endfacet
  facet normal 0.823249 0 -0.567681
    outer loop
      vertex 68.0156 0.61 8.10634
      vertex 68.0156 -0.01 8.10634
      vertex 67.9644 -0.01 8.03209
    endloop
  endfacet
  facet normal 0.851711 0 -0.524012
    outer loop
      vertex 68.0633 0.61 8.18387
      vertex 68.0156 -0.01 8.10634
      vertex 68.0156 0.61 8.10634
    endloop
  endfacet
  facet normal 0.851711 0 -0.524012
    outer loop
      vertex 68.0633 0.61 8.18387
      vertex 68.0633 -0.01 8.18387
      vertex 68.0156 -0.01 8.10634
    endloop
  endfacet
  facet normal 0.877468 0 -0.479635
    outer loop
      vertex 68.1071 0.61 8.264
      vertex 68.0633 -0.01 8.18387
      vertex 68.0633 0.61 8.18387
    endloop
  endfacet
  facet normal 0.877468 0 -0.479635
    outer loop
      vertex 68.1071 0.61 8.264
      vertex 68.1071 -0.01 8.264
      vertex 68.0633 -0.01 8.18387
    endloop
  endfacet
  facet normal 0.900658 0 -0.434528
    outer loop
      vertex 68.1467 0.61 8.34608
      vertex 68.1071 -0.01 8.264
      vertex 68.1071 0.61 8.264
    endloop
  endfacet
  facet normal 0.900658 0 -0.434528
    outer loop
      vertex 68.1467 0.61 8.34608
      vertex 68.1467 -0.01 8.34608
      vertex 68.1071 -0.01 8.264
    endloop
  endfacet
  facet normal 0.921168 0 -0.389164
    outer loop
      vertex 68.1822 0.61 8.43011
      vertex 68.1467 -0.01 8.34608
      vertex 68.1467 0.61 8.34608
    endloop
  endfacet
  facet normal 0.921168 0 -0.389164
    outer loop
      vertex 68.1822 0.61 8.43011
      vertex 68.1822 -0.01 8.43011
      vertex 68.1467 -0.01 8.34608
    endloop
  endfacet
  facet normal 0.940036 0 -0.341076
    outer loop
      vertex 68.2134 0.61 8.5161
      vertex 68.1822 -0.01 8.43011
      vertex 68.1822 0.61 8.43011
    endloop
  endfacet
  facet normal 0.940036 0 -0.341076
    outer loop
      vertex 68.2134 0.61 8.5161
      vertex 68.2134 -0.01 8.5161
      vertex 68.1822 -0.01 8.43011
    endloop
  endfacet
  facet normal 0.955633 0 -0.294559
    outer loop
      vertex 68.2405 0.61 8.60402
      vertex 68.2134 -0.01 8.5161
      vertex 68.2134 0.61 8.5161
    endloop
  endfacet
  facet normal 0.955633 0 -0.294559
    outer loop
      vertex 68.2405 0.61 8.60402
      vertex 68.2405 -0.01 8.60402
      vertex 68.2134 -0.01 8.5161
    endloop
  endfacet
  facet normal 0.96879 0 -0.247883
    outer loop
      vertex 68.2635 0.61 8.69391
      vertex 68.2405 -0.01 8.60402
      vertex 68.2405 0.61 8.60402
    endloop
  endfacet
  facet normal 0.96879 0 -0.247883
    outer loop
      vertex 68.2635 0.61 8.69391
      vertex 68.2635 -0.01 8.69391
      vertex 68.2405 -0.01 8.60402
    endloop
  endfacet
  facet normal 0.979885 0 -0.199563
    outer loop
      vertex 68.2822 0.61 8.78573
      vertex 68.2635 -0.01 8.69391
      vertex 68.2635 0.61 8.69391
    endloop
  endfacet
  facet normal 0.979885 0 -0.199563
    outer loop
      vertex 68.2822 0.61 8.78573
      vertex 68.2822 -0.01 8.78573
      vertex 68.2635 -0.01 8.69391
    endloop
  endfacet
  facet normal 0.988097 0 -0.15383
    outer loop
      vertex 68.2968 0.61 8.87951
      vertex 68.2822 -0.01 8.78573
      vertex 68.2822 0.61 8.78573
    endloop
  endfacet
  facet normal 0.988097 0 -0.15383
    outer loop
      vertex 68.2968 0.61 8.87951
      vertex 68.2968 -0.01 8.87951
      vertex 68.2822 -0.01 8.78573
    endloop
  endfacet
  facet normal 0.99404 0 -0.109018
    outer loop
      vertex 68.3073 0.61 8.97525
      vertex 68.2968 -0.01 8.87951
      vertex 68.2968 0.61 8.87951
    endloop
  endfacet
  facet normal 0.99404 0 -0.109018
    outer loop
      vertex 68.3073 0.61 8.97525
      vertex 68.3073 -0.01 8.97525
      vertex 68.2968 -0.01 8.87951
    endloop
  endfacet
  facet normal 0.997991 0 -0.0633516
    outer loop
      vertex 68.3135 0.61 9.07292
      vertex 68.3073 -0.01 8.97525
      vertex 68.3073 0.61 8.97525
    endloop
  endfacet
  facet normal 0.997991 0 -0.0633516
    outer loop
      vertex 68.3135 0.61 9.07292
      vertex 68.3135 -0.01 9.07292
      vertex 68.3073 -0.01 8.97525
    endloop
  endfacet
  facet normal 0.999778 0 -0.0210754
    outer loop
      vertex 68.3156 0.61 9.17254
      vertex 68.3135 -0.01 9.07292
      vertex 68.3135 0.61 9.07292
    endloop
  endfacet
  facet normal 0.999778 0 -0.0210754
    outer loop
      vertex 68.3156 0.61 9.17254
      vertex 68.3156 -0.01 9.17254
      vertex 68.3135 -0.01 9.07292
    endloop
  endfacet
  facet normal 0.999556 0 0.0297892
    outer loop
      vertex 68.311 0.61 9.32689
      vertex 68.3156 -0.01 9.17254
      vertex 68.3156 0.61 9.17254
    endloop
  endfacet
  facet normal 0.999556 0 0.0297892
    outer loop
      vertex 68.311 0.61 9.32689
      vertex 68.311 -0.01 9.32689
      vertex 68.3156 -0.01 9.17254
    endloop
  endfacet
  facet normal 0.995672 0 0.0929401
    outer loop
      vertex 68.2972 0.61 9.47473
      vertex 68.311 -0.01 9.32689
      vertex 68.311 0.61 9.32689
    endloop
  endfacet
  facet normal 0.995672 0 0.0929401
    outer loop
      vertex 68.2972 0.61 9.47473
      vertex 68.2972 -0.01 9.47473
      vertex 68.311 -0.01 9.32689
    endloop
  endfacet
  facet normal 0.987131 0 0.159913
    outer loop
      vertex 68.2743 0.61 9.61609
      vertex 68.2972 -0.01 9.47473
      vertex 68.2972 0.61 9.47473
    endloop
  endfacet
  facet normal 0.987131 0 0.159913
    outer loop
      vertex 68.2743 0.61 9.61609
      vertex 68.2743 -0.01 9.61609
      vertex 68.2972 -0.01 9.47473
    endloop
  endfacet
  facet normal 0.972818 0 0.231572
    outer loop
      vertex 68.2422 0.61 9.75094
      vertex 68.2743 -0.01 9.61609
      vertex 68.2743 0.61 9.61609
    endloop
  endfacet
  facet normal 0.972818 0 0.231572
    outer loop
      vertex 68.2422 0.61 9.75094
      vertex 68.2422 -0.01 9.75094
      vertex 68.2743 -0.01 9.61609
    endloop
  endfacet
  facet normal 0.951953 0 0.306244
    outer loop
      vertex 68.2009 0.61 9.87932
      vertex 68.2422 -0.01 9.75094
      vertex 68.2422 0.61 9.75094
    endloop
  endfacet
  facet normal 0.951953 0 0.306244
    outer loop
      vertex 68.2009 0.61 9.87932
      vertex 68.2009 -0.01 9.87932
      vertex 68.2422 -0.01 9.75094
    endloop
  endfacet
  facet normal 0.923838 0 0.382785
    outer loop
      vertex 68.1504 0.61 10.0012
      vertex 68.2009 -0.01 9.87932
      vertex 68.2009 0.61 9.87932
    endloop
  endfacet
  facet normal 0.923838 0 0.382785
    outer loop
      vertex 68.1504 0.61 10.0012
      vertex 68.1504 -0.01 10.0012
      vertex 68.2009 -0.01 9.87932
    endloop
  endfacet
  facet normal 0.888185 0 0.459486
    outer loop
      vertex 68.0907 0.61 10.1166
      vertex 68.1504 -0.01 10.0012
      vertex 68.1504 0.61 10.0012
    endloop
  endfacet
  facet normal 0.888185 0 0.459486
    outer loop
      vertex 68.0907 0.61 10.1166
      vertex 68.0907 -0.01 10.1166
      vertex 68.1504 -0.01 10.0012
    endloop
  endfacet
  facet normal 0.845065 0 0.534664
    outer loop
      vertex 68.0218 0.61 10.2255
      vertex 68.0907 -0.01 10.1166
      vertex 68.0907 0.61 10.1166
    endloop
  endfacet
  facet normal 0.845065 0 0.534664
    outer loop
      vertex 68.0218 0.61 10.2255
      vertex 68.0218 -0.01 10.2255
      vertex 68.0907 -0.01 10.1166
    endloop
  endfacet
  facet normal 0.795503 0 0.60595
    outer loop
      vertex 67.9438 0.61 10.3279
      vertex 68.0218 -0.01 10.2255
      vertex 68.0218 0.61 10.2255
    endloop
  endfacet
  facet normal 0.795503 0 0.60595
    outer loop
      vertex 67.9438 0.61 10.3279
      vertex 67.9438 -0.01 10.3279
      vertex 68.0218 -0.01 10.2255
    endloop
  endfacet
  facet normal 0.73987 0 0.67275
    outer loop
      vertex 67.8566 0.61 10.4238
      vertex 67.9438 -0.01 10.3279
      vertex 67.9438 0.61 10.3279
    endloop
  endfacet
  facet normal 0.73987 0 0.67275
    outer loop
      vertex 67.8566 0.61 10.4238
      vertex 67.8566 -0.01 10.4238
      vertex 67.9438 -0.01 10.3279
    endloop
  endfacet
  facet normal 0.679984 0 0.733227
    outer loop
      vertex 67.7602 0.61 10.5132
      vertex 67.8566 -0.01 10.4238
      vertex 67.8566 0.61 10.4238
    endloop
  endfacet
  facet normal 0.679984 0 0.733227
    outer loop
      vertex 67.7602 0.61 10.5132
      vertex 67.7602 -0.01 10.5132
      vertex 67.8566 -0.01 10.4238
    endloop
  endfacet
  facet normal 0.617258 0 0.786761
    outer loop
      vertex 67.6553 0.61 10.5955
      vertex 67.7602 -0.01 10.5132
      vertex 67.7602 0.61 10.5132
    endloop
  endfacet
  facet normal 0.617258 0 0.786761
    outer loop
      vertex 67.6553 0.61 10.5955
      vertex 67.6553 -0.01 10.5955
      vertex 67.7602 -0.01 10.5132
    endloop
  endfacet
  facet normal 0.550935 0 0.834548
    outer loop
      vertex 67.5426 0.61 10.6699
      vertex 67.6553 -0.01 10.5955
      vertex 67.6553 0.61 10.5955
    endloop
  endfacet
  facet normal 0.550935 0 0.834548
    outer loop
      vertex 67.5426 0.61 10.6699
      vertex 67.5426 -0.01 10.6699
      vertex 67.6553 -0.01 10.5955
    endloop
  endfacet
  facet normal 0.483423 0 0.875387
    outer loop
      vertex 67.422 0.61 10.7365
      vertex 67.5426 -0.01 10.6699
      vertex 67.5426 0.61 10.6699
    endloop
  endfacet
  facet normal 0.483423 0 0.875387
    outer loop
      vertex 67.422 0.61 10.7365
      vertex 67.422 -0.01 10.7365
      vertex 67.5426 -0.01 10.6699
    endloop
  endfacet
  facet normal 0.416362 0 0.909199
    outer loop
      vertex 67.2936 0.61 10.7953
      vertex 67.422 -0.01 10.7365
      vertex 67.422 0.61 10.7365
    endloop
  endfacet
  facet normal 0.416362 0 0.909199
    outer loop
      vertex 67.2936 0.61 10.7953
      vertex 67.2936 -0.01 10.7953
      vertex 67.422 -0.01 10.7365
    endloop
  endfacet
  facet normal 0.350068 0 0.936724
    outer loop
      vertex 67.1574 0.61 10.8462
      vertex 67.2936 -0.01 10.7953
      vertex 67.2936 0.61 10.7953
    endloop
  endfacet
  facet normal 0.350068 0 0.936724
    outer loop
      vertex 67.1574 0.61 10.8462
      vertex 67.1574 -0.01 10.8462
      vertex 67.2936 -0.01 10.7953
    endloop
  endfacet
  facet normal 0.286555 0 0.958064
    outer loop
      vertex 67.0133 0.61 10.8893
      vertex 67.1574 -0.01 10.8462
      vertex 67.1574 0.61 10.8462
    endloop
  endfacet
  facet normal 0.286555 0 0.958064
    outer loop
      vertex 67.0133 0.61 10.8893
      vertex 67.0133 -0.01 10.8893
      vertex 67.1574 -0.01 10.8462
    endloop
  endfacet
  facet normal 0.226358 0 0.974044
    outer loop
      vertex 66.8614 0.61 10.9246
      vertex 67.0133 -0.01 10.8893
      vertex 67.0133 0.61 10.8893
    endloop
  endfacet
  facet normal 0.226358 0 0.974044
    outer loop
      vertex 66.8614 0.61 10.9246
      vertex 66.8614 -0.01 10.9246
      vertex 67.0133 -0.01 10.8893
    endloop
  endfacet
  facet normal 0.169101 0 0.985599
    outer loop
      vertex 66.7017 0.61 10.952
      vertex 66.8614 -0.01 10.9246
      vertex 66.8614 0.61 10.9246
    endloop
  endfacet
  facet normal 0.169101 0 0.985599
    outer loop
      vertex 66.7017 0.61 10.952
      vertex 66.7017 -0.01 10.952
      vertex 66.8614 -0.01 10.9246
    endloop
  endfacet
  facet normal 0.116154 0 0.993231
    outer loop
      vertex 66.5341 0.61 10.9716
      vertex 66.7017 -0.01 10.952
      vertex 66.7017 0.61 10.952
    endloop
  endfacet
  facet normal 0.116154 0 0.993231
    outer loop
      vertex 66.5341 0.61 10.9716
      vertex 66.5341 -0.01 10.9716
      vertex 66.7017 -0.01 10.952
    endloop
  endfacet
  facet normal 0.0665568 0 0.997783
    outer loop
      vertex 66.3587 0.61 10.9833
      vertex 66.5341 -0.01 10.9716
      vertex 66.5341 0.61 10.9716
    endloop
  endfacet
  facet normal 0.0665568 0 0.997783
    outer loop
      vertex 66.3587 0.61 10.9833
      vertex 66.3587 -0.01 10.9833
      vertex 66.5341 -0.01 10.9716
    endloop
  endfacet
  facet normal 0.0212834 0 0.999773
    outer loop
      vertex 66.1755 0.61 10.9872
      vertex 66.3587 -0.01 10.9833
      vertex 66.3587 0.61 10.9833
    endloop
  endfacet
  facet normal 0.0212834 0 0.999773
    outer loop
      vertex 66.1755 0.61 10.9872
      vertex 66.1755 -0.01 10.9872
      vertex 66.3587 -0.01 10.9833
    endloop
  endfacet
  facet normal -0 0 1
    outer loop
      vertex 63.5999 0.61 10.9872
      vertex 66.1755 -0.01 10.9872
      vertex 66.1755 0.61 10.9872
    endloop
  endfacet
  facet normal 0 0 1
    outer loop
      vertex 63.5999 0.61 10.9872
      vertex 63.5999 -0.01 10.9872
      vertex 66.1755 -0.01 10.9872
    endloop
  endfacet
  facet normal -1 0 0
    outer loop
      vertex 63.5999 0.61 5.25438
      vertex 63.5999 -0.01 10.9872
      vertex 63.5999 0.61 10.9872
    endloop
  endfacet
  facet normal -1 0 0
    outer loop
      vertex 63.5999 0.61 5.25438
      vertex 63.5999 -0.01 5.25438
      vertex 63.5999 -0.01 10.9872
    endloop
  endfacet
  facet normal -0 0 -1
    outer loop
      vertex 64.8002 0.61 5.25438
      vertex 63.5999 -0.01 5.25438
      vertex 63.5999 0.61 5.25438
    endloop
  endfacet
  facet normal 0 -0 -1
    outer loop
      vertex 64.8002 0.61 5.25438
      vertex 64.8002 -0.01 5.25438
      vertex 63.5999 -0.01 5.25438
    endloop
  endfacet
  facet normal 1 0 0
    outer loop
      vertex 64.8002 0.61 7.27249
      vertex 64.8002 -0.01 5.25438
      vertex 64.8002 0.61 5.25438
    endloop
  endfacet
  facet normal 1 0 0
    outer loop
      vertex 64.8002 0.61 7.27249
      vertex 64.8002 -0.01 7.27249
      vertex 64.8002 -0.01 5.25438
    endloop
  endfacet
  facet normal 1 0 0
    outer loop
      vertex 64.8002 0.61 10.0555
      vertex 64.8002 -0.01 10.0555
      vertex 64.8002 0.61 8.19604
    endloop
  endfacet
  facet normal 1 0 0
    outer loop
      vertex 64.8002 -0.01 8.19604
      vertex 64.8002 0.61 8.19604
      vertex 64.8002 -0.01 10.0555
    endloop
  endfacet
  facet normal -0 -0 -1
    outer loop
      vertex 66.0412 0.61 10.0555
      vertex 66.0412 -0.01 10.0555
      vertex 64.8002 0.61 10.0555
    endloop
  endfacet
  facet normal 0 0 -1
    outer loop
      vertex 64.8002 -0.01 10.0555
      vertex 64.8002 0.61 10.0555
      vertex 66.0412 -0.01 10.0555
    endloop
  endfacet
  facet normal -0.0405073 -0 -0.999179
    outer loop
      vertex 66.2262 0.61 10.048
      vertex 66.2262 -0.01 10.048
      vertex 66.0412 0.61 10.0555
    endloop
  endfacet
  facet normal -0.0405073 0 -0.999179
    outer loop
      vertex 66.0412 -0.01 10.0555
      vertex 66.0412 0.61 10.0555
      vertex 66.2262 -0.01 10.048
    endloop
  endfacet
  facet normal -0.132629 -0 -0.991166
    outer loop
      vertex 66.3936 0.61 10.0256
      vertex 66.3936 -0.01 10.0256
      vertex 66.2262 0.61 10.048
    endloop
  endfacet
  facet normal -0.132629 0 -0.991166
    outer loop
      vertex 66.2262 -0.01 10.048
      vertex 66.2262 0.61 10.048
      vertex 66.3936 -0.01 10.0256
    endloop
  endfacet
  facet normal -0.241499 -0 -0.970401
    outer loop
      vertex 66.5434 0.61 9.98832
      vertex 66.5434 -0.01 9.98832
      vertex 66.3936 0.61 10.0256
    endloop
  endfacet
  facet normal -0.241499 0 -0.970401
    outer loop
      vertex 66.3936 -0.01 10.0256
      vertex 66.3936 0.61 10.0256
      vertex 66.5434 -0.01 9.98832
    endloop
  endfacet
  facet normal -0.367868 -0 -0.929878
    outer loop
      vertex 66.6755 0.61 9.93606
      vertex 66.6755 -0.01 9.93606
      vertex 66.5434 0.61 9.98832
    endloop
  endfacet
  facet normal -0.367868 0 -0.929878
    outer loop
      vertex 66.5434 -0.01 9.98832
      vertex 66.5434 0.61 9.98832
      vertex 66.6755 -0.01 9.93606
    endloop
  endfacet
  facet normal -0.506052 -0 -0.862503
    outer loop
      vertex 66.79 0.61 9.86888
      vertex 66.79 -0.01 9.86888
      vertex 66.6755 0.61 9.93606
    endloop
  endfacet
  facet normal -0.506052 0 -0.862503
    outer loop
      vertex 66.6755 -0.01 9.93606
      vertex 66.6755 0.61 9.93606
      vertex 66.79 -0.01 9.86888
    endloop
  endfacet
  facet normal -0.64614 -0 -0.763219
    outer loop
      vertex 66.887 0.61 9.78676
      vertex 66.887 -0.01 9.78676
      vertex 66.79 0.61 9.86888
    endloop
  endfacet
  facet normal -0.64614 0 -0.763219
    outer loop
      vertex 66.79 -0.01 9.86888
      vertex 66.79 0.61 9.86888
      vertex 66.887 -0.01 9.78676
    endloop
  endfacet
  facet normal -0.774757 -0 -0.632259
    outer loop
      vertex 66.9662 0.61 9.68971
      vertex 66.9662 -0.01 9.68971
      vertex 66.887 0.61 9.78676
    endloop
  endfacet
  facet normal -0.774757 0 -0.632259
    outer loop
      vertex 66.887 -0.01 9.78676
      vertex 66.887 0.61 9.78676
      vertex 66.9662 -0.01 9.68971
    endloop
  endfacet
  facet normal -0.875849 -0 -0.482585
    outer loop
      vertex 67.0279 0.61 9.57773
      vertex 67.0279 -0.01 9.57773
      vertex 66.9662 0.61 9.68971
    endloop
  endfacet
  facet normal -0.875849 0 -0.482585
    outer loop
      vertex 66.9662 -0.01 9.68971
      vertex 66.9662 0.61 9.68971
      vertex 67.0279 -0.01 9.57773
    endloop
  endfacet
  facet normal -0.944595 -0 -0.328238
    outer loop
      vertex 67.072 0.61 9.45082
      vertex 67.072 -0.01 9.45082
      vertex 67.0279 0.61 9.57773
    endloop
  endfacet
  facet normal -0.944595 0 -0.328238
    outer loop
      vertex 67.0279 -0.01 9.57773
      vertex 67.0279 0.61 9.57773
      vertex 67.072 -0.01 9.45082
    endloop
  endfacet
  facet normal -0.983118 -0 -0.18297
    outer loop
      vertex 67.0984 0.61 9.30897
      vertex 67.0984 -0.01 9.30897
      vertex 67.072 0.61 9.45082
    endloop
  endfacet
  facet normal -0.983118 0 -0.18297
    outer loop
      vertex 67.072 -0.01 9.45082
      vertex 67.072 0.61 9.45082
      vertex 67.0984 -0.01 9.30897
    endloop
  endfacet
  facet normal -0.998428 -0 -0.056045
    outer loop
      vertex 67.1072 0.61 9.1522
      vertex 67.1072 -0.01 9.1522
      vertex 67.0984 0.61 9.30897
    endloop
  endfacet
  facet normal -0.998428 0 -0.056045
    outer loop
      vertex 67.0984 -0.01 9.30897
      vertex 67.0984 0.61 9.30897
      vertex 67.1072 -0.01 9.1522
    endloop
  endfacet
  facet normal -0.999645 0 0.0266507
    outer loop
      vertex 67.105 0.61 9.06968
      vertex 67.105 -0.01 9.06968
      vertex 67.1072 0.61 9.1522
    endloop
  endfacet
  facet normal -0.999645 0 0.0266507
    outer loop
      vertex 67.1072 -0.01 9.1522
      vertex 67.1072 0.61 9.1522
      vertex 67.105 -0.01 9.06968
    endloop
  endfacet
  facet normal -0.996417 0 0.0845812
    outer loop
      vertex 67.0983 0.61 8.99075
      vertex 67.0983 -0.01 8.99075
      vertex 67.105 0.61 9.06968
    endloop
  endfacet
  facet normal -0.996417 0 0.0845812
    outer loop
      vertex 67.105 -0.01 9.06968
      vertex 67.105 0.61 9.06968
      vertex 67.0983 -0.01 8.99075
    endloop
  endfacet
  facet normal -0.989317 0 0.145778
    outer loop
      vertex 67.0872 0.61 8.91542
      vertex 67.0872 -0.01 8.91542
      vertex 67.0983 0.61 8.99075
    endloop
  endfacet
  facet normal -0.989317 0 0.145778
    outer loop
      vertex 67.0983 -0.01 8.99075
      vertex 67.0983 0.61 8.99075
      vertex 67.0872 -0.01 8.91542
    endloop
  endfacet
  facet normal -0.977452 0 0.211157
    outer loop
      vertex 67.0717 0.61 8.84367
      vertex 67.0717 -0.01 8.84367
      vertex 67.0872 0.61 8.91542
    endloop
  endfacet
  facet normal -0.977452 0 0.211157
    outer loop
      vertex 67.0872 -0.01 8.91542
      vertex 67.0872 0.61 8.91542
      vertex 67.0717 -0.01 8.84367
    endloop
  endfacet
  facet normal -0.959511 0 0.281671
    outer loop
      vertex 67.0517 0.61 8.77554
      vertex 67.0517 -0.01 8.77554
      vertex 67.0717 0.61 8.84367
    endloop
  endfacet
  facet normal -0.959511 0 0.281671
    outer loop
      vertex 67.0717 -0.01 8.84367
      vertex 67.0717 0.61 8.84367
      vertex 67.0517 -0.01 8.77554
    endloop
  endfacet
  facet normal -0.935385 0 0.353632
    outer loop
      vertex 67.0273 0.61 8.711
      vertex 67.0273 -0.01 8.711
      vertex 67.0517 0.61 8.77554
    endloop
  endfacet
  facet normal -0.935385 0 0.353632
    outer loop
      vertex 67.0517 -0.01 8.77554
      vertex 67.0517 0.61 8.77554
      vertex 67.0273 -0.01 8.711
    endloop
  endfacet
  facet normal -0.904172 0 0.427168
    outer loop
      vertex 66.9985 0.61 8.65004
      vertex 66.9985 -0.01 8.65004
      vertex 67.0273 0.61 8.711
    endloop
  endfacet
  facet normal -0.904172 0 0.427168
    outer loop
      vertex 67.0273 -0.01 8.711
      vertex 67.0273 0.61 8.711
      vertex 66.9985 -0.01 8.65004
    endloop
  endfacet
  facet normal -0.864789 0 0.502136
    outer loop
      vertex 66.9652 0.61 8.59269
      vertex 66.9652 -0.01 8.59269
      vertex 66.9985 0.61 8.65004
    endloop
  endfacet
  facet normal -0.864789 0 0.502136
    outer loop
      vertex 66.9985 -0.01 8.65004
      vertex 66.9985 0.61 8.65004
      vertex 66.9652 -0.01 8.59269
    endloop
  endfacet
  facet normal -0.817979 0 0.575248
    outer loop
      vertex 66.9274 0.61 8.53894
      vertex 66.9274 -0.01 8.53894
      vertex 66.9652 0.61 8.59269
    endloop
  endfacet
  facet normal -0.817979 0 0.575248
    outer loop
      vertex 66.9652 -0.01 8.59269
      vertex 66.9652 0.61 8.59269
      vertex 66.9274 -0.01 8.53894
    endloop
  endfacet
  facet normal -0.765964 0 0.642884
    outer loop
      vertex 66.8853 0.61 8.48878
      vertex 66.8853 -0.01 8.48878
      vertex 66.9274 0.61 8.53894
    endloop
  endfacet
  facet normal -0.765964 0 0.642884
    outer loop
      vertex 66.9274 -0.01 8.53894
      vertex 66.9274 0.61 8.53894
      vertex 66.8853 -0.01 8.48878
    endloop
  endfacet
  facet normal -0.706727 0 0.707486
    outer loop
      vertex 66.8387 0.61 8.44223
      vertex 66.8387 -0.01 8.44223
      vertex 66.8853 0.61 8.48878
    endloop
  endfacet
  facet normal -0.706727 0 0.707486
    outer loop
      vertex 66.8853 -0.01 8.48878
      vertex 66.8853 0.61 8.48878
      vertex 66.8387 -0.01 8.44223
    endloop
  endfacet
  facet normal -0.643704 0 0.765274
    outer loop
      vertex 66.7879 0.61 8.3995
      vertex 66.7879 -0.01 8.3995
      vertex 66.8387 0.61 8.44223
    endloop
  endfacet
  facet normal -0.643704 0 0.765274
    outer loop
      vertex 66.8387 -0.01 8.44223
      vertex 66.8387 0.61 8.44223
      vertex 66.7879 -0.01 8.3995
    endloop
  endfacet
  facet normal -0.579181 0 0.815199
    outer loop
      vertex 66.7335 0.61 8.36085
      vertex 66.7335 -0.01 8.36085
      vertex 66.7879 0.61 8.3995
    endloop
  endfacet
  facet normal -0.579181 0 0.815199
    outer loop
      vertex 66.7879 -0.01 8.3995
      vertex 66.7879 0.61 8.3995
      vertex 66.7335 -0.01 8.36085
    endloop
  endfacet
  facet normal -0.510259 0 0.860021
    outer loop
      vertex 66.6752 0.61 8.32626
      vertex 66.6752 -0.01 8.32626
      vertex 66.7335 0.61 8.36085
    endloop
  endfacet
  facet normal -0.510259 0 0.860021
    outer loop
      vertex 66.7335 -0.01 8.36085
      vertex 66.7335 0.61 8.36085
      vertex 66.6752 -0.01 8.32626
    endloop
  endfacet
  facet normal -0.441648 0 0.897188
    outer loop
      vertex 66.6132 0.61 8.29574
      vertex 66.6132 -0.01 8.29574
      vertex 66.6752 0.61 8.32626
    endloop
  endfacet
  facet normal -0.441648 0 0.897188
    outer loop
      vertex 66.6752 -0.01 8.32626
      vertex 66.6752 0.61 8.32626
      vertex 66.6132 -0.01 8.29574
    endloop
  endfacet
  facet normal -0.373092 0 0.927794
    outer loop
      vertex 66.5474 0.61 8.26928
      vertex 66.5474 -0.01 8.26928
      vertex 66.6132 0.61 8.29574
    endloop
  endfacet
  facet normal -0.373092 0 0.927794
    outer loop
      vertex 66.6132 -0.01 8.29574
      vertex 66.6132 0.61 8.29574
      vertex 66.5474 -0.01 8.26928
    endloop
  endfacet
  facet normal -0.30639 0 0.951906
    outer loop
      vertex 66.4779 0.61 8.24691
      vertex 66.4779 -0.01 8.24691
      vertex 66.5474 0.61 8.26928
    endloop
  endfacet
  facet normal -0.30639 0 0.951906
    outer loop
      vertex 66.5474 -0.01 8.26928
      vertex 66.5474 0.61 8.26928
      vertex 66.4779 -0.01 8.24691
    endloop
  endfacet
  facet normal -0.242349 0 0.970189
    outer loop
      vertex 66.4046 0.61 8.2286
      vertex 66.4046 -0.01 8.2286
      vertex 66.4779 0.61 8.24691
    endloop
  endfacet
  facet normal -0.242349 0 0.970189
    outer loop
      vertex 66.4779 -0.01 8.24691
      vertex 66.4779 0.61 8.24691
      vertex 66.4046 -0.01 8.2286
    endloop
  endfacet
  facet normal -0.181747 0 0.983345
    outer loop
      vertex 66.3275 0.61 8.21435
      vertex 66.3275 -0.01 8.21435
      vertex 66.4046 0.61 8.2286
    endloop
  endfacet
  facet normal -0.181747 0 0.983345
    outer loop
      vertex 66.4046 -0.01 8.2286
      vertex 66.4046 0.61 8.2286
      vertex 66.3275 -0.01 8.21435
    endloop
  endfacet
  facet normal -0.12476 0 0.992187
    outer loop
      vertex 66.2467 0.61 8.20419
      vertex 66.2467 -0.01 8.20419
      vertex 66.3275 0.61 8.21435
    endloop
  endfacet
  facet normal -0.12476 0 0.992187
    outer loop
      vertex 66.3275 -0.01 8.21435
      vertex 66.3275 0.61 8.21435
      vertex 66.2467 -0.01 8.20419
    endloop
  endfacet
  facet normal -0.0719173 0 0.997411
    outer loop
      vertex 66.1621 0.61 8.19809
      vertex 66.1621 -0.01 8.19809
      vertex 66.2467 0.61 8.20419
    endloop
  endfacet
  facet normal -0.0719173 0 0.997411
    outer loop
      vertex 66.2467 -0.01 8.20419
      vertex 66.2467 0.61 8.20419
      vertex 66.1621 -0.01 8.19809
    endloop
  endfacet
  facet normal -0.0231838 0 0.999731
    outer loop
      vertex 66.0737 0.61 8.19604
      vertex 66.0737 -0.01 8.19604
      vertex 66.1621 0.61 8.19809
    endloop
  endfacet
  facet normal -0.0231838 0 0.999731
    outer loop
      vertex 66.1621 -0.01 8.19809
      vertex 66.1621 0.61 8.19809
      vertex 66.0737 -0.01 8.19604
    endloop
  endfacet
  facet normal -0 0 1
    outer loop
      vertex 64.8002 0.61 8.19604
      vertex 64.8002 -0.01 8.19604
      vertex 66.0737 0.61 8.19604
    endloop
  endfacet
  facet normal 0 -0 1
    outer loop
      vertex 66.0737 -0.01 8.19604
      vertex 66.0737 0.61 8.19604
      vertex 64.8002 -0.01 8.19604
    endloop
  endfacet
  facet normal -0 0 1
    outer loop
      vertex 70.2282 0.61 6.18205
      vertex 73.3042 -0.01 6.18205
      vertex 73.3042 0.61 6.18205
    endloop
  endfacet
  facet normal 0 0 1
    outer loop
      vertex 70.2282 0.61 6.18205
      vertex 70.2282 -0.01 6.18205
      vertex 73.3042 -0.01 6.18205
    endloop
  endfacet
  facet normal 1 0 0
    outer loop
      vertex 70.2282 0.61 10.9872
      vertex 70.2282 -0.01 6.18205
      vertex 70.2282 0.61 6.18205
    endloop
  endfacet
  facet normal 1 0 0
    outer loop
      vertex 70.2282 0.61 10.9872
      vertex 70.2282 -0.01 10.9872
      vertex 70.2282 -0.01 6.18205
    endloop
  endfacet
  facet normal -0 0 1
    outer loop
      vertex 69.0279 0.61 10.9872
      vertex 70.2282 -0.01 10.9872
      vertex 70.2282 0.61 10.9872
    endloop
  endfacet
  facet normal 0 0 1
    outer loop
      vertex 69.0279 0.61 10.9872
      vertex 69.0279 -0.01 10.9872
      vertex 70.2282 -0.01 10.9872
    endloop
  endfacet
  facet normal -1 0 0
    outer loop
      vertex 69.0279 0.61 5.25438
      vertex 69.0279 -0.01 10.9872
      vertex 69.0279 0.61 10.9872
    endloop
  endfacet
  facet normal -1 0 0
    outer loop
      vertex 69.0279 0.61 5.25438
      vertex 69.0279 -0.01 5.25438
      vertex 69.0279 -0.01 10.9872
    endloop
  endfacet
  facet normal -0 0 -1
    outer loop
      vertex 73.3042 0.61 5.25438
      vertex 69.0279 -0.01 5.25438
      vertex 69.0279 0.61 5.25438
    endloop
  endfacet
  facet normal 0 -0 -1
    outer loop
      vertex 73.3042 0.61 5.25438
      vertex 73.3042 -0.01 5.25438
      vertex 69.0279 -0.01 5.25438
    endloop
  endfacet
  facet normal 1 0 0
    outer loop
      vertex 73.3042 0.61 6.18205
      vertex 73.3042 -0.01 5.25438
      vertex 73.3042 0.61 5.25438
    endloop
  endfacet
  facet normal 1 0 0
    outer loop
      vertex 73.3042 0.61 6.18205
      vertex 73.3042 -0.01 6.18205
      vertex 73.3042 -0.01 5.25438
    endloop
  endfacet
  facet normal -0 0 1
    outer loop
      vertex 85.5211 0.61 7.9113
      vertex 87.6368 -0.01 7.9113
      vertex 87.6368 0.61 7.9113
    endloop
  endfacet
  facet normal 0 0 1
    outer loop
      vertex 85.5211 0.61 7.9113
      vertex 85.5211 -0.01 7.9113
      vertex 87.6368 -0.01 7.9113
    endloop
  endfacet
  facet normal -1 0 0
    outer loop
      vertex 85.5211 0.61 6.91848
      vertex 85.5211 -0.01 7.9113
      vertex 85.5211 0.61 7.9113
    endloop
  endfacet
  facet normal -1 0 0
    outer loop
      vertex 85.5211 0.61 6.91848
      vertex 85.5211 -0.01 6.91848
      vertex 85.5211 -0.01 7.9113
    endloop
  endfacet
  facet normal -0 0 -1
    outer loop
      vertex 87.6368 0.61 6.91848
      vertex 85.5211 -0.01 6.91848
      vertex 85.5211 0.61 6.91848
    endloop
  endfacet
  facet normal 0 -0 -1
    outer loop
      vertex 87.6368 0.61 6.91848
      vertex 87.6368 -0.01 6.91848
      vertex 85.5211 -0.01 6.91848
    endloop
  endfacet
  facet normal 1 0 0
    outer loop
      vertex 87.6368 0.61 7.9113
      vertex 87.6368 -0.01 6.91848
      vertex 87.6368 0.61 6.91848
    endloop
  endfacet
  facet normal 1 0 0
    outer loop
      vertex 87.6368 0.61 7.9113
      vertex 87.6368 -0.01 7.9113
      vertex 87.6368 -0.01 6.91848
    endloop
  endfacet
endsolid OpenSCAD_Model
