solid OpenSCAD_Model
  facet normal 0 1 0
    outer loop
      vertex 77.9056 0.61 6.68808
      vertex 78.7692 0.61 6.02809
      vertex 78.6739 0.61 5.92286
    endloop
  endfacet
  facet normal 0 1 0
    outer loop
      vertex 78.0099 0.61 6.84128
      vertex 78.8592 0.61 6.14035
      vertex 77.9056 0.61 6.68808
    endloop
  endfacet
  facet normal 0 1 0
    outer loop
      vertex 78.8592 0.61 6.14035
      vertex 78.7692 0.61 6.02809
      vertex 77.9056 0.61 6.68808
    endloop
  endfacet
  facet normal 0 1 0
    outer loop
      vertex 78.0099 0.61 6.84128
      vertex 78.9441 0.61 6.25964
      vertex 78.8592 0.61 6.14035
    endloop
  endfacet
  facet normal 0 1 0
    outer loop
      vertex 77.9056 0.61 6.68808
      vertex 78.6739 0.61 5.92286
      vertex 77.7903 0.61 6.5529
    endloop
  endfacet
  facet normal 0 1 -0
    outer loop
      vertex 78.9441 0.61 6.25964
      vertex 78.0099 0.61 6.84128
      vertex 79.0237 0.61 6.38595
    endloop
  endfacet
  facet normal 0 1 0
    outer loop
      vertex 77.7903 0.61 6.5529
      vertex 78.6739 0.61 5.92286
      vertex 78.5734 0.61 5.82466
    endloop
  endfacet
  facet normal 0 1 0
    outer loop
      vertex 78.1033 0.61 7.01251
      vertex 79.0237 0.61 6.38595
      vertex 78.0099 0.61 6.84128
    endloop
  endfacet
  facet normal 0 1 -0
    outer loop
      vertex 78.4677 0.61 5.73349
      vertex 77.7903 0.61 6.5529
      vertex 78.5734 0.61 5.82466
    endloop
  endfacet
  facet normal 0 1 0
    outer loop
      vertex 78.4677 0.61 5.73349
      vertex 78.3568 0.61 5.64933
      vertex 77.7903 0.61 6.5529
    endloop
  endfacet
  facet normal 0 1 0
    outer loop
      vertex 79.0982 0.61 6.5193
      vertex 79.0237 0.61 6.38595
      vertex 78.1033 0.61 7.01251
    endloop
  endfacet
  facet normal 0 1 0
    outer loop
      vertex 77.7903 0.61 6.5529
      vertex 78.3568 0.61 5.64933
      vertex 77.664 0.61 6.43574
    endloop
  endfacet
  facet normal 0 1 0
    outer loop
      vertex 78.1033 0.61 7.01251
      vertex 79.1674 0.61 6.65968
      vertex 79.0982 0.61 6.5193
    endloop
  endfacet
  facet normal 0 1 0
    outer loop
      vertex 77.664 0.61 6.43574
      vertex 78.3568 0.61 5.64933
      vertex 78.2406 0.61 5.57222
    endloop
  endfacet
  facet normal 0 1 0
    outer loop
      vertex 79.1674 0.61 6.65968
      vertex 78.1033 0.61 7.01251
      vertex 78.1857 0.61 7.20176
    endloop
  endfacet
  facet normal 0 1 0
    outer loop
      vertex 81.3021 0.61 6.63212
      vertex 80.5575 0.61 5.81471
      vertex 80.4151 0.61 5.95063
    endloop
  endfacet
  facet normal 0 1 -0
    outer loop
      vertex 78.1198 0.61 5.50197
      vertex 77.664 0.61 6.43574
      vertex 78.2406 0.61 5.57222
    endloop
  endfacet
  facet normal 0 1 0
    outer loop
      vertex 81.2311 0.61 5.40043
      vertex 81.6681 0.61 6.32222
      vertex 81.7755 0.61 6.26626
    endloop
  endfacet
  facet normal 0 1 -0
    outer loop
      vertex 81.6302 0.61 5.27096
      vertex 81.4255 0.61 5.32922
      vertex 81.8892 0.61 6.21891
    endloop
  endfacet
  facet normal 0 1 -0
    outer loop
      vertex 79.1674 0.61 6.65968
      vertex 78.1857 0.61 7.20176
      vertex 79.2314 0.61 6.80708
    endloop
  endfacet
  facet normal 0 1 0
    outer loop
      vertex 82.1357 0.61 6.15005
      vertex 81.8454 0.61 5.22566
      vertex 82.0093 0.61 6.18019
    endloop
  endfacet
  facet normal 0 1 0
    outer loop
      vertex 77.5268 0.61 6.33662
      vertex 77.9946 0.61 5.4384
      vertex 77.8652 0.61 5.38151
    endloop
  endfacet
  facet normal 0 1 0
    outer loop
      vertex 82.2685 0.61 6.12854
      vertex 82.3069 0.61 5.17387
      vertex 82.071 0.61 5.1933
    endloop
  endfacet
  facet normal -0 1 0
    outer loop
      vertex 77.3786 0.61 6.25551
      vertex 77.5268 0.61 6.33662
      vertex 77.8652 0.61 5.38151
    endloop
  endfacet
  facet normal 0 1 0
    outer loop
      vertex 77.2194 0.61 6.19243
      vertex 77.5936 0.61 5.28784
      vertex 77.4514 0.61 5.25103
    endloop
  endfacet
  facet normal 0 1 0
    outer loop
      vertex 77.3049 0.61 5.22093
      vertex 77.1541 0.61 5.19751
      vertex 77.0493 0.61 6.14737
    endloop
  endfacet
  facet normal 0 1 0
    outer loop
      vertex 78.1198 0.61 5.50197
      vertex 77.9946 0.61 5.4384
      vertex 77.5268 0.61 6.33662
    endloop
  endfacet
  facet normal 0 1 0
    outer loop
      vertex 78.1198 0.61 5.50197
      vertex 77.5268 0.61 6.33662
      vertex 77.664 0.61 6.43574
    endloop
  endfacet
  facet normal 0 1 -0
    outer loop
      vertex 77.7316 0.61 5.33133
      vertex 77.3786 0.61 6.25551
      vertex 77.8652 0.61 5.38151
    endloop
  endfacet
  facet normal 0 1 0
    outer loop
      vertex 77.3786 0.61 6.25551
      vertex 77.5936 0.61 5.28784
      vertex 77.2194 0.61 6.19243
    endloop
  endfacet
  facet normal 0 1 0
    outer loop
      vertex 77.7316 0.61 5.33133
      vertex 77.5936 0.61 5.28784
      vertex 77.3786 0.61 6.25551
    endloop
  endfacet
  facet normal 0 1 0
    outer loop
      vertex 77.2194 0.61 6.19243
      vertex 77.4514 0.61 5.25103
      vertex 77.3049 0.61 5.22093
    endloop
  endfacet
  facet normal -0 1 0
    outer loop
      vertex 77.0493 0.61 6.14737
      vertex 77.2194 0.61 6.19243
      vertex 77.3049 0.61 5.22093
    endloop
  endfacet
  facet normal 0 1 0
    outer loop
      vertex 77.0493 0.61 6.14737
      vertex 77.1541 0.61 5.19751
      vertex 76.8683 0.61 6.12033
    endloop
  endfacet
  facet normal 0 1 0
    outer loop
      vertex 76.8683 0.61 6.12033
      vertex 77.1541 0.61 5.19751
      vertex 76.9991 0.61 5.18078
    endloop
  endfacet
  facet normal 0 1 0
    outer loop
      vertex 76.8398 0.61 5.17074
      vertex 76.8683 0.61 6.12033
      vertex 76.9991 0.61 5.18078
    endloop
  endfacet
  facet normal 0 1 -0
    outer loop
      vertex 76.8398 0.61 5.17074
      vertex 76.6762 0.61 6.11133
      vertex 76.8683 0.61 6.12033
    endloop
  endfacet
  facet normal 0 1 0
    outer loop
      vertex 76.8398 0.61 5.17074
      vertex 76.6762 0.61 5.1674
      vertex 76.6762 0.61 6.11133
    endloop
  endfacet
  facet normal 0 1 0
    outer loop
      vertex 76.6762 0.61 6.11133
      vertex 76.6762 0.61 5.1674
      vertex 76.5307 0.61 6.11563
    endloop
  endfacet
  facet normal 0 1 0
    outer loop
      vertex 76.4299 0.61 5.17387
      vertex 76.194 0.61 5.1933
      vertex 76.3915 0.61 6.12854
    endloop
  endfacet
  facet normal 0 1 0
    outer loop
      vertex 75.9684 0.61 5.22566
      vertex 76.1323 0.61 6.18019
      vertex 76.2587 0.61 6.15005
    endloop
  endfacet
  facet normal -0 1 0
    outer loop
      vertex 75.5485 0.61 5.32922
      vertex 76.0122 0.61 6.21891
      vertex 75.7533 0.61 5.27096
    endloop
  endfacet
  facet normal 0 1 0
    outer loop
      vertex 75.7911 0.61 6.32222
      vertex 75.8985 0.61 6.26626
      vertex 75.3541 0.61 5.40043
    endloop
  endfacet
  facet normal 0 1 0
    outer loop
      vertex 75.69 0.61 6.38678
      vertex 75.1701 0.61 5.48457
      vertex 74.9965 0.61 5.58168
    endloop
  endfacet
  facet normal 0 1 0
    outer loop
      vertex 75.5954 0.61 6.45996
      vertex 74.8333 0.61 5.69171
      vertex 75.507 0.61 6.54173
    endloop
  endfacet
  facet normal 0 1 0
    outer loop
      vertex 74.5381 0.61 5.95063
      vertex 75.3499 0.61 6.73068
      vertex 75.4251 0.61 6.63212
    endloop
  endfacet
  facet normal -0 1 0
    outer loop
      vertex 74.2885 0.61 6.2561
      vertex 75.2818 0.61 6.83697
      vertex 74.4071 0.61 6.0982
    endloop
  endfacet
  facet normal 0 1 0
    outer loop
      vertex 75.1673 0.61 7.07275
      vertex 74.1825 0.61 6.42431
      vertex 74.0889 0.61 6.60286
    endloop
  endfacet
  facet normal 0 1 0
    outer loop
      vertex 75.1207 0.61 7.20225
      vertex 74.0079 0.61 6.79171
      vertex 73.9393 0.61 6.99089
    endloop
  endfacet
  facet normal 0 1 0
    outer loop
      vertex 75.0813 0.61 7.33949
      vertex 75.1207 0.61 7.20225
      vertex 73.9393 0.61 6.99089
    endloop
  endfacet
  facet normal 0 1 0
    outer loop
      vertex 75.0491 0.61 7.48445
      vertex 75.0813 0.61 7.33949
      vertex 73.8831 0.61 7.20041
    endloop
  endfacet
  facet normal 0 1 0
    outer loop
      vertex 75.024 0.61 7.63714
      vertex 75.0491 0.61 7.48445
      vertex 73.8394 0.61 7.42022
    endloop
  endfacet
  facet normal 0 1 0
    outer loop
      vertex 75.0061 0.61 7.79759
      vertex 73.8083 0.61 7.65039
      vertex 73.7896 0.61 7.89087
    endloop
  endfacet
  facet normal 0 1 0
    outer loop
      vertex 74.9953 0.61 7.96576
      vertex 73.7896 0.61 7.89087
      vertex 73.7833 0.61 8.14164
    endloop
  endfacet
  facet normal 0 1 0
    outer loop
      vertex 73.7833 0.61 8.14164
      vertex 73.7893 0.61 8.39293
      vertex 74.9953 0.61 8.31457
    endloop
  endfacet
  facet normal 0 1 0
    outer loop
      vertex 73.7893 0.61 8.39293
      vertex 73.8074 0.61 8.63339
      vertex 75.0057 0.61 8.47978
    endloop
  endfacet
  facet normal 0 1 0
    outer loop
      vertex 73.8074 0.61 8.63339
      vertex 73.8375 0.61 8.86302
      vertex 75.0231 0.61 8.63725
    endloop
  endfacet
  facet normal -0 1 0
    outer loop
      vertex 73.8375 0.61 8.86302
      vertex 73.8796 0.61 9.08183
      vertex 75.0475 0.61 8.78698
    endloop
  endfacet
  facet normal -0 1 0
    outer loop
      vertex 73.8796 0.61 9.08183
      vertex 73.9338 0.61 9.28981
      vertex 75.0788 0.61 8.92898
    endloop
  endfacet
  facet normal -0 1 0
    outer loop
      vertex 73.9338 0.61 9.28981
      vertex 74 0.61 9.48695
      vertex 75.1171 0.61 9.06324
    endloop
  endfacet
  facet normal 0 1 -0
    outer loop
      vertex 75.1171 0.61 9.06324
      vertex 74 0.61 9.48695
      vertex 75.1623 0.61 9.18977
    endloop
  endfacet
  facet normal 0 1 -0
    outer loop
      vertex 75.1623 0.61 9.18977
      vertex 74.0782 0.61 9.67328
      vertex 75.2145 0.61 9.30856
    endloop
  endfacet
  facet normal 0 1 0
    outer loop
      vertex 75.2145 0.61 9.30856
      vertex 74.1685 0.61 9.84877
      vertex 74.2708 0.61 10.0134
    endloop
  endfacet
  facet normal 0 1 0
    outer loop
      vertex 75.2737 0.61 9.41963
      vertex 75.2145 0.61 9.30856
      vertex 74.2708 0.61 10.0134
    endloop
  endfacet
  facet normal 0 1 0
    outer loop
      vertex 75.3398 0.61 9.52295
      vertex 75.2737 0.61 9.41963
      vertex 74.3852 0.61 10.1673
    endloop
  endfacet
  facet normal 0 1 0
    outer loop
      vertex 75.4129 0.61 9.61854
      vertex 75.3398 0.61 9.52295
      vertex 74.5116 0.61 10.3103
    endloop
  endfacet
  facet normal 0 1 0
    outer loop
      vertex 74.6494 0.61 10.4416
      vertex 75.4129 0.61 9.61854
      vertex 74.5116 0.61 10.3103
    endloop
  endfacet
  facet normal 0 1 0
    outer loop
      vertex 74.7981 0.61 10.5605
      vertex 75.4927 0.61 9.70611
      vertex 74.6494 0.61 10.4416
    endloop
  endfacet
  facet normal 0 1 0
    outer loop
      vertex 74.9576 0.61 10.6668
      vertex 75.579 0.61 9.78534
      vertex 74.7981 0.61 10.5605
    endloop
  endfacet
  facet normal 0 1 0
    outer loop
      vertex 74.9576 0.61 10.6668
      vertex 75.6718 0.61 9.85621
      vertex 75.579 0.61 9.78534
    endloop
  endfacet
  facet normal -0 1 0
    outer loop
      vertex 75.1279 0.61 10.7606
      vertex 75.3091 0.61 10.8419
      vertex 75.6718 0.61 9.85621
    endloop
  endfacet
  facet normal -0 1 0
    outer loop
      vertex 75.3091 0.61 10.8419
      vertex 75.501 0.61 10.9107
      vertex 75.771 0.61 9.91876
    endloop
  endfacet
  facet normal -0 1 0
    outer loop
      vertex 75.501 0.61 10.9107
      vertex 75.7038 0.61 10.967
      vertex 75.8768 0.61 9.97297
    endloop
  endfacet
  facet normal 0 1 0
    outer loop
      vertex 75.7038 0.61 10.967
      vertex 76.1078 0.61 10.0564
      vertex 75.9891 0.61 10.0188
    endloop
  endfacet
  facet normal 0 1 0
    outer loop
      vertex 76.1419 0.61 11.0421
      vertex 76.2331 0.61 10.0856
      vertex 75.9174 0.61 11.0108
    endloop
  endfacet
  facet normal 0 1 0
    outer loop
      vertex 76.3772 0.61 11.0608
      vertex 76.3648 0.61 10.1064
      vertex 76.1419 0.61 11.0421
    endloop
  endfacet
  facet normal 0 1 0
    outer loop
      vertex 76.6477 0.61 10.1231
      vertex 76.503 0.61 10.1189
      vertex 76.6233 0.61 11.0671
    endloop
  endfacet
  facet normal -0 1 0
    outer loop
      vertex 76.7435 0.61 10.121
      vertex 76.8037 0.61 11.0637
      vertex 76.8369 0.61 10.1147
    endloop
  endfacet
  facet normal 0 1 0
    outer loop
      vertex 76.9779 0.61 11.0537
      vertex 77.1458 0.61 11.037
      vertex 76.928 0.61 10.1042
    endloop
  endfacet
  facet normal 0 1 0
    outer loop
      vertex 77.1458 0.61 11.037
      vertex 77.3077 0.61 11.0135
      vertex 77.0168 0.61 10.0895
    endloop
  endfacet
  facet normal 0 1 0
    outer loop
      vertex 77.4633 0.61 10.9834
      vertex 77.1874 0.61 10.0474
      vertex 77.3077 0.61 11.0135
    endloop
  endfacet
  facet normal 0 1 -0
    outer loop
      vertex 77.3488 0.61 9.98858
      vertex 77.2693 0.61 10.0201
      vertex 77.6127 0.61 10.9466
    endloop
  endfacet
  facet normal 0 1 -0
    outer loop
      vertex 77.426 0.61 9.95286
      vertex 77.3488 0.61 9.98858
      vertex 77.756 0.61 10.9031
    endloop
  endfacet
  facet normal 0 1 -0
    outer loop
      vertex 77.5008 0.61 9.91293
      vertex 77.426 0.61 9.95286
      vertex 77.893 0.61 10.8529
    endloop
  endfacet
  facet normal 0 1 -0
    outer loop
      vertex 77.5734 0.61 9.8688
      vertex 77.5008 0.61 9.91293
      vertex 78.0239 0.61 10.796
    endloop
  endfacet
  facet normal 0 1 -0
    outer loop
      vertex 77.6426 0.61 9.8211
      vertex 77.5734 0.61 9.8688
      vertex 78.1486 0.61 10.7324
    endloop
  endfacet
  facet normal 0 1 0
    outer loop
      vertex 78.267 0.61 10.6622
      vertex 77.6426 0.61 9.8211
      vertex 78.1486 0.61 10.7324
    endloop
  endfacet
  facet normal 0 1 0
    outer loop
      vertex 78.3793 0.61 10.5854
      vertex 77.7076 0.61 9.77049
      vertex 78.267 0.61 10.6622
    endloop
  endfacet
  facet normal 0 1 0
    outer loop
      vertex 78.4854 0.61 10.5024
      vertex 77.7683 0.61 9.71695
      vertex 78.3793 0.61 10.5854
    endloop
  endfacet
  facet normal 0 1 0
    outer loop
      vertex 78.5851 0.61 10.4131
      vertex 77.8248 0.61 9.66047
      vertex 78.4854 0.61 10.5024
    endloop
  endfacet
  facet normal 0 1 0
    outer loop
      vertex 78.5851 0.61 10.4131
      vertex 78.6786 0.61 10.3175
      vertex 77.8248 0.61 9.66047
    endloop
  endfacet
  facet normal -0 1 0
    outer loop
      vertex 77.8248 0.61 9.66047
      vertex 78.6786 0.61 10.3175
      vertex 77.8769 0.61 9.60107
    endloop
  endfacet
  facet normal 0 1 0
    outer loop
      vertex 77.8769 0.61 9.60107
      vertex 78.6786 0.61 10.3175
      vertex 78.7659 0.61 10.2156
    endloop
  endfacet
  facet normal 0 1 -0
    outer loop
      vertex 77.9248 0.61 9.53874
      vertex 77.8769 0.61 9.60107
      vertex 78.7659 0.61 10.2156
    endloop
  endfacet
  facet normal 0 1 0
    outer loop
      vertex 78.8469 0.61 10.1074
      vertex 77.9248 0.61 9.53874
      vertex 78.7659 0.61 10.2156
    endloop
  endfacet
  facet normal 0 1 0
    outer loop
      vertex 78.8469 0.61 10.1074
      vertex 77.9685 0.61 9.47349
      vertex 77.9248 0.61 9.53874
    endloop
  endfacet
  facet normal 0 1 0
    outer loop
      vertex 78.8469 0.61 10.1074
      vertex 78.9217 0.61 9.99289
      vertex 77.9685 0.61 9.47349
    endloop
  endfacet
  facet normal -0 1 0
    outer loop
      vertex 77.9685 0.61 9.47349
      vertex 78.9217 0.61 9.99289
      vertex 78.0078 0.61 9.40532
    endloop
  endfacet
  facet normal 0 1 0
    outer loop
      vertex 78.0078 0.61 9.40532
      vertex 78.9217 0.61 9.99289
      vertex 78.9902 0.61 9.87211
    endloop
  endfacet
  facet normal 0 1 -0
    outer loop
      vertex 78.0429 0.61 9.33423
      vertex 78.0078 0.61 9.40532
      vertex 78.9902 0.61 9.87211
    endloop
  endfacet
  facet normal 0 1 0
    outer loop
      vertex 79.0524 0.61 9.74507
      vertex 78.0429 0.61 9.33423
      vertex 78.9902 0.61 9.87211
    endloop
  endfacet
  facet normal 0 1 0
    outer loop
      vertex 79.0524 0.61 9.74507
      vertex 78.0737 0.61 9.26019
      vertex 78.0429 0.61 9.33423
    endloop
  endfacet
  facet normal -0 1 0
    outer loop
      vertex 78.0737 0.61 9.26019
      vertex 79.1084 0.61 9.61172
      vertex 78.1003 0.61 9.18324
    endloop
  endfacet
  facet normal 0 1 0
    outer loop
      vertex 79.0524 0.61 9.74507
      vertex 79.1084 0.61 9.61172
      vertex 78.0737 0.61 9.26019
    endloop
  endfacet
  facet normal 0 1 0
    outer loop
      vertex 79.1084 0.61 9.61172
      vertex 79.1582 0.61 9.47209
      vertex 78.1003 0.61 9.18324
    endloop
  endfacet
  facet normal 0 1 0
    outer loop
      vertex 78.4854 0.61 10.5024
      vertex 77.8248 0.61 9.66047
      vertex 77.7683 0.61 9.71695
    endloop
  endfacet
  facet normal -0 1 0
    outer loop
      vertex 83.6673 0.61 6.5529
      vertex 83.7826 0.61 6.68808
      vertex 84.5509 0.61 5.92286
    endloop
  endfacet
  facet normal 0 1 0
    outer loop
      vertex 78.3793 0.61 10.5854
      vertex 77.7683 0.61 9.71695
      vertex 77.7076 0.61 9.77049
    endloop
  endfacet
  facet normal 0 1 0
    outer loop
      vertex 83.7826 0.61 6.68808
      vertex 84.7362 0.61 6.14035
      vertex 84.6462 0.61 6.02809
    endloop
  endfacet
  facet normal 0 1 0
    outer loop
      vertex 78.267 0.61 10.6622
      vertex 77.7076 0.61 9.77049
      vertex 77.6426 0.61 9.8211
    endloop
  endfacet
  facet normal 0 1 0
    outer loop
      vertex 83.7826 0.61 6.68808
      vertex 84.6462 0.61 6.02809
      vertex 84.5509 0.61 5.92286
    endloop
  endfacet
  facet normal 0 1 0
    outer loop
      vertex 78.1486 0.61 10.7324
      vertex 77.5734 0.61 9.8688
      vertex 78.0239 0.61 10.796
    endloop
  endfacet
  facet normal 0 1 0
    outer loop
      vertex 84.7362 0.61 6.14035
      vertex 83.7826 0.61 6.68808
      vertex 83.8869 0.61 6.84128
    endloop
  endfacet
  facet normal 0 1 0
    outer loop
      vertex 78.0239 0.61 10.796
      vertex 77.5008 0.61 9.91293
      vertex 77.893 0.61 10.8529
    endloop
  endfacet
  facet normal 0 1 -0
    outer loop
      vertex 84.7362 0.61 6.14035
      vertex 83.8869 0.61 6.84128
      vertex 84.8211 0.61 6.25964
    endloop
  endfacet
  facet normal 0 1 0
    outer loop
      vertex 77.893 0.61 10.8529
      vertex 77.426 0.61 9.95286
      vertex 77.756 0.61 10.9031
    endloop
  endfacet
  facet normal 0 1 0
    outer loop
      vertex 83.8869 0.61 6.84128
      vertex 84.9007 0.61 6.38595
      vertex 84.8211 0.61 6.25964
    endloop
  endfacet
  facet normal 0 1 0
    outer loop
      vertex 77.756 0.61 10.9031
      vertex 77.3488 0.61 9.98858
      vertex 77.6127 0.61 10.9466
    endloop
  endfacet
  facet normal 0 1 0
    outer loop
      vertex 83.9803 0.61 7.01251
      vertex 84.9751 0.61 6.5193
      vertex 84.9007 0.61 6.38595
    endloop
  endfacet
  facet normal 0 1 0
    outer loop
      vertex 77.6127 0.61 10.9466
      vertex 77.2693 0.61 10.0201
      vertex 77.4633 0.61 10.9834
    endloop
  endfacet
  facet normal 0 1 0
    outer loop
      vertex 85.0444 0.61 6.65968
      vertex 83.9803 0.61 7.01251
      vertex 84.0627 0.61 7.20176
    endloop
  endfacet
  facet normal 0 1 0
    outer loop
      vertex 77.4633 0.61 10.9834
      vertex 77.2693 0.61 10.0201
      vertex 77.1874 0.61 10.0474
    endloop
  endfacet
  facet normal 0 1 0
    outer loop
      vertex 83.2556 0.61 6.25551
      vertex 83.7422 0.61 5.38151
      vertex 83.6086 0.61 5.33133
    endloop
  endfacet
  facet normal 0 1 0
    outer loop
      vertex 77.3077 0.61 11.0135
      vertex 77.1874 0.61 10.0474
      vertex 77.1033 0.61 10.0705
    endloop
  endfacet
  facet normal -0 1 0
    outer loop
      vertex 79.7145 0.61 8.86302
      vertex 79.7566 0.61 9.08183
      vertex 80.9245 0.61 8.78698
    endloop
  endfacet
  facet normal -0 1 0
    outer loop
      vertex 77.0168 0.61 10.0895
      vertex 77.3077 0.61 11.0135
      vertex 77.1033 0.61 10.0705
    endloop
  endfacet
  facet normal 0 1 0
    outer loop
      vertex 80.5264 0.61 10.4416
      vertex 81.2898 0.61 9.61854
      vertex 80.3886 0.61 10.3103
    endloop
  endfacet
  facet normal -0 1 0
    outer loop
      vertex 76.928 0.61 10.1042
      vertex 77.1458 0.61 11.037
      vertex 77.0168 0.61 10.0895
    endloop
  endfacet
  facet normal 0 1 0
    outer loop
      vertex 81.1861 0.61 10.8419
      vertex 81.648 0.61 9.91876
      vertex 81.5488 0.61 9.85621
    endloop
  endfacet
  facet normal -0 1 0
    outer loop
      vertex 76.8369 0.61 10.1147
      vertex 76.9779 0.61 11.0537
      vertex 76.928 0.61 10.1042
    endloop
  endfacet
  facet normal 0 1 -0
    outer loop
      vertex 81.7538 0.61 9.97297
      vertex 81.5808 0.61 10.967
      vertex 81.8661 0.61 10.0188
    endloop
  endfacet
  facet normal 0 1 -0
    outer loop
      vertex 76.8369 0.61 10.1147
      vertex 76.8037 0.61 11.0637
      vertex 76.9779 0.61 11.0537
    endloop
  endfacet
  facet normal -0 1 0
    outer loop
      vertex 81.7944 0.61 11.0108
      vertex 82.0189 0.61 11.0421
      vertex 82.1101 0.61 10.0856
    endloop
  endfacet
  facet normal 0 1 -0
    outer loop
      vertex 76.7435 0.61 10.121
      vertex 76.6477 0.61 10.1231
      vertex 76.8037 0.61 11.0637
    endloop
  endfacet
  facet normal 0 1 0
    outer loop
      vertex 82.2542 0.61 11.0608
      vertex 82.38 0.61 10.1189
      vertex 82.2418 0.61 10.1064
    endloop
  endfacet
  facet normal 0 1 0
    outer loop
      vertex 76.8037 0.61 11.0637
      vertex 76.6477 0.61 10.1231
      vertex 76.6233 0.61 11.0671
    endloop
  endfacet
  facet normal 0 1 0
    outer loop
      vertex 82.6807 0.61 11.0637
      vertex 82.6205 0.61 10.121
      vertex 82.5247 0.61 10.1231
    endloop
  endfacet
  facet normal 0 1 0
    outer loop
      vertex 76.6233 0.61 11.0671
      vertex 76.503 0.61 10.1189
      vertex 76.3772 0.61 11.0608
    endloop
  endfacet
  facet normal 0 1 -0
    outer loop
      vertex 82.8938 0.61 10.0895
      vertex 82.805 0.61 10.1042
      vertex 83.0228 0.61 11.037
    endloop
  endfacet
  facet normal 0 1 0
    outer loop
      vertex 76.3772 0.61 11.0608
      vertex 76.503 0.61 10.1189
      vertex 76.3648 0.61 10.1064
    endloop
  endfacet
  facet normal 0 1 0
    outer loop
      vertex 83.1463 0.61 10.0201
      vertex 83.3403 0.61 10.9834
      vertex 83.4897 0.61 10.9466
    endloop
  endfacet
  facet normal 0 1 0
    outer loop
      vertex 76.1419 0.61 11.0421
      vertex 76.3648 0.61 10.1064
      vertex 76.2331 0.61 10.0856
    endloop
  endfacet
  facet normal -0 1 0
    outer loop
      vertex 83.0644 0.61 10.0474
      vertex 83.3403 0.61 10.9834
      vertex 83.1463 0.61 10.0201
    endloop
  endfacet
  facet normal 0 1 0
    outer loop
      vertex 75.9174 0.61 11.0108
      vertex 76.2331 0.61 10.0856
      vertex 76.1078 0.61 10.0564
    endloop
  endfacet
  facet normal 0 1 0
    outer loop
      vertex 82.5247 0.61 10.1231
      vertex 82.38 0.61 10.1189
      vertex 82.5003 0.61 11.0671
    endloop
  endfacet
  facet normal -0 1 0
    outer loop
      vertex 75.7038 0.61 10.967
      vertex 75.9174 0.61 11.0108
      vertex 76.1078 0.61 10.0564
    endloop
  endfacet
  facet normal 0 1 -0
    outer loop
      vertex 75.8768 0.61 9.97297
      vertex 75.7038 0.61 10.967
      vertex 75.9891 0.61 10.0188
    endloop
  endfacet
  facet normal 0 1 -0
    outer loop
      vertex 75.771 0.61 9.91876
      vertex 75.501 0.61 10.9107
      vertex 75.8768 0.61 9.97297
    endloop
  endfacet
  facet normal 0 1 -0
    outer loop
      vertex 75.6718 0.61 9.85621
      vertex 75.3091 0.61 10.8419
      vertex 75.771 0.61 9.91876
    endloop
  endfacet
  facet normal -0 1 0
    outer loop
      vertex 74.9576 0.61 10.6668
      vertex 75.1279 0.61 10.7606
      vertex 75.6718 0.61 9.85621
    endloop
  endfacet
  facet normal 0 1 0
    outer loop
      vertex 74.7981 0.61 10.5605
      vertex 75.579 0.61 9.78534
      vertex 75.4927 0.61 9.70611
    endloop
  endfacet
  facet normal 0 1 0
    outer loop
      vertex 74.6494 0.61 10.4416
      vertex 75.4927 0.61 9.70611
      vertex 75.4129 0.61 9.61854
    endloop
  endfacet
  facet normal -0 1 0
    outer loop
      vertex 95.1657 0.61 6.41647
      vertex 96.2562 0.61 6.41647
      vertex 96.2562 0.61 5.24876
    endloop
  endfacet
  facet normal 0 1 0
    outer loop
      vertex 74.5116 0.61 10.3103
      vertex 75.3398 0.61 9.52295
      vertex 74.3852 0.61 10.1673
    endloop
  endfacet
  facet normal 0 1 0
    outer loop
      vertex 68.1504 0.61 9.99557
      vertex 67.0279 0.61 9.57211
      vertex 68.0907 0.61 10.111
    endloop
  endfacet
  facet normal 0 1 0
    outer loop
      vertex 74.3852 0.61 10.1673
      vertex 75.2737 0.61 9.41963
      vertex 74.2708 0.61 10.0134
    endloop
  endfacet
  facet normal 0 1 0
    outer loop
      vertex 75.2145 0.61 9.30856
      vertex 74.0782 0.61 9.67328
      vertex 74.1685 0.61 9.84877
    endloop
  endfacet
  facet normal 0 1 0
    outer loop
      vertex 75.1623 0.61 9.18977
      vertex 74 0.61 9.48695
      vertex 74.0782 0.61 9.67328
    endloop
  endfacet
  facet normal 0 1 0
    outer loop
      vertex 67.8511 0.61 7.88772
      vertex 67.789 0.61 7.82325
      vertex 66.9652 0.61 8.58706
    endloop
  endfacet
  facet normal 0 1 -0
    outer loop
      vertex 75.0788 0.61 8.92898
      vertex 73.9338 0.61 9.28981
      vertex 75.1171 0.61 9.06324
    endloop
  endfacet
  facet normal 0 1 0
    outer loop
      vertex 66.9985 0.61 8.64442
      vertex 67.9644 0.61 8.02647
      vertex 67.9095 0.61 7.95547
    endloop
  endfacet
  facet normal 0 1 -0
    outer loop
      vertex 75.0475 0.61 8.78698
      vertex 73.8796 0.61 9.08183
      vertex 75.0788 0.61 8.92898
    endloop
  endfacet
  facet normal 0 1 0
    outer loop
      vertex 68.2822 0.61 8.7801
      vertex 68.2635 0.61 8.68828
      vertex 67.0872 0.61 8.90979
    endloop
  endfacet
  facet normal 0 1 -0
    outer loop
      vertex 75.0231 0.61 8.63725
      vertex 73.8375 0.61 8.86302
      vertex 75.0475 0.61 8.78698
    endloop
  endfacet
  facet normal 0 1 -0
    outer loop
      vertex 68.2405 0.61 8.5984
      vertex 67.0872 0.61 8.90979
      vertex 68.2635 0.61 8.68828
    endloop
  endfacet
  facet normal 0 1 -0
    outer loop
      vertex 75.0057 0.61 8.47978
      vertex 73.8074 0.61 8.63339
      vertex 75.0231 0.61 8.63725
    endloop
  endfacet
  facet normal 0 1 0
    outer loop
      vertex 67.0717 0.61 8.83806
      vertex 68.2134 0.61 8.51046
      vertex 68.1822 0.61 8.42448
    endloop
  endfacet
  facet normal 0 1 -0
    outer loop
      vertex 74.9953 0.61 8.31457
      vertex 73.7893 0.61 8.39293
      vertex 75.0057 0.61 8.47978
    endloop
  endfacet
  facet normal 0 1 0
    outer loop
      vertex 68.2405 0.61 8.5984
      vertex 67.0717 0.61 8.83806
      vertex 67.0872 0.61 8.90979
    endloop
  endfacet
  facet normal 0 1 -0
    outer loop
      vertex 74.9918 0.61 8.14164
      vertex 73.7833 0.61 8.14164
      vertex 74.9953 0.61 8.31457
    endloop
  endfacet
  facet normal 0 1 0
    outer loop
      vertex 68.1822 0.61 8.42448
      vertex 67.0517 0.61 8.76991
      vertex 67.0717 0.61 8.83806
    endloop
  endfacet
  facet normal 0 1 0
    outer loop
      vertex 74.9918 0.61 8.14164
      vertex 74.9953 0.61 7.96576
      vertex 73.7833 0.61 8.14164
    endloop
  endfacet
  facet normal 0 1 0
    outer loop
      vertex 67.0517 0.61 8.76991
      vertex 68.1822 0.61 8.42448
      vertex 68.1467 0.61 8.34045
    endloop
  endfacet
  facet normal 0 1 0
    outer loop
      vertex 74.9953 0.61 7.96576
      vertex 75.0061 0.61 7.79759
      vertex 73.7896 0.61 7.89087
    endloop
  endfacet
  facet normal 0 1 0
    outer loop
      vertex 67.0517 0.61 8.76991
      vertex 68.1071 0.61 8.25837
      vertex 67.0273 0.61 8.70537
    endloop
  endfacet
  facet normal 0 1 0
    outer loop
      vertex 75.0061 0.61 7.79759
      vertex 75.024 0.61 7.63714
      vertex 73.8083 0.61 7.65039
    endloop
  endfacet
  facet normal 0 1 0
    outer loop
      vertex 68.1071 0.61 8.25837
      vertex 68.0633 0.61 8.17824
      vertex 67.0273 0.61 8.70537
    endloop
  endfacet
  facet normal 0 1 0
    outer loop
      vertex 73.8083 0.61 7.65039
      vertex 75.024 0.61 7.63714
      vertex 73.8394 0.61 7.42022
    endloop
  endfacet
  facet normal 0 1 0
    outer loop
      vertex 67.0983 0.61 8.98512
      vertex 68.2822 0.61 8.7801
      vertex 67.0872 0.61 8.90979
    endloop
  endfacet
  facet normal -0 1 0
    outer loop
      vertex 73.8394 0.61 7.42022
      vertex 75.0491 0.61 7.48445
      vertex 73.8831 0.61 7.20041
    endloop
  endfacet
  facet normal 0 1 0
    outer loop
      vertex 68.2968 0.61 8.87388
      vertex 68.2822 0.61 8.7801
      vertex 67.0983 0.61 8.98512
    endloop
  endfacet
  facet normal -0 1 0
    outer loop
      vertex 73.8831 0.61 7.20041
      vertex 75.0813 0.61 7.33949
      vertex 73.9393 0.61 6.99089
    endloop
  endfacet
  facet normal 0 1 0
    outer loop
      vertex 75.1207 0.61 7.20225
      vertex 75.1673 0.61 7.07275
      vertex 74.0079 0.61 6.79171
    endloop
  endfacet
  facet normal -0 1 0
    outer loop
      vertex 74.0079 0.61 6.79171
      vertex 75.1673 0.61 7.07275
      vertex 74.0889 0.61 6.60286
    endloop
  endfacet
  facet normal 0 1 0
    outer loop
      vertex 75.1673 0.61 7.07275
      vertex 75.221 0.61 6.951
      vertex 74.1825 0.61 6.42431
    endloop
  endfacet
  facet normal -0 1 0
    outer loop
      vertex 74.1825 0.61 6.42431
      vertex 75.221 0.61 6.951
      vertex 74.2885 0.61 6.2561
    endloop
  endfacet
  facet normal 0 1 0
    outer loop
      vertex 74.2885 0.61 6.2561
      vertex 75.221 0.61 6.951
      vertex 75.2818 0.61 6.83697
    endloop
  endfacet
  facet normal 0 1 0
    outer loop
      vertex 74.4071 0.61 6.0982
      vertex 75.2818 0.61 6.83697
      vertex 75.3499 0.61 6.73068
    endloop
  endfacet
  facet normal 0 1 -0
    outer loop
      vertex 74.5381 0.61 5.95063
      vertex 74.4071 0.61 6.0982
      vertex 75.3499 0.61 6.73068
    endloop
  endfacet
  facet normal 0 1 -0
    outer loop
      vertex 74.6805 0.61 5.81471
      vertex 74.5381 0.61 5.95063
      vertex 75.4251 0.61 6.63212
    endloop
  endfacet
  facet normal 0 1 0
    outer loop
      vertex 75.507 0.61 6.54173
      vertex 74.6805 0.61 5.81471
      vertex 75.4251 0.61 6.63212
    endloop
  endfacet
  facet normal 0 1 0
    outer loop
      vertex 75.507 0.61 6.54173
      vertex 74.8333 0.61 5.69171
      vertex 74.6805 0.61 5.81471
    endloop
  endfacet
  facet normal 0 1 0
    outer loop
      vertex 75.5954 0.61 6.45996
      vertex 74.9965 0.61 5.58168
      vertex 74.8333 0.61 5.69171
    endloop
  endfacet
  facet normal 0 1 0
    outer loop
      vertex 75.5954 0.61 6.45996
      vertex 75.69 0.61 6.38678
      vertex 74.9965 0.61 5.58168
    endloop
  endfacet
  facet normal 0 1 0
    outer loop
      vertex 75.69 0.61 6.38678
      vertex 75.7911 0.61 6.32222
      vertex 75.1701 0.61 5.48457
    endloop
  endfacet
  facet normal -0 1 0
    outer loop
      vertex 75.1701 0.61 5.48457
      vertex 75.7911 0.61 6.32222
      vertex 75.3541 0.61 5.40043
    endloop
  endfacet
  facet normal -0 1 0
    outer loop
      vertex 75.3541 0.61 5.40043
      vertex 75.8985 0.61 6.26626
      vertex 75.5485 0.61 5.32922
    endloop
  endfacet
  facet normal 0 1 0
    outer loop
      vertex 75.5485 0.61 5.32922
      vertex 75.8985 0.61 6.26626
      vertex 76.0122 0.61 6.21891
    endloop
  endfacet
  facet normal 0 1 0
    outer loop
      vertex 75.7533 0.61 5.27096
      vertex 76.0122 0.61 6.21891
      vertex 76.1323 0.61 6.18019
    endloop
  endfacet
  facet normal 0 1 -0
    outer loop
      vertex 75.9684 0.61 5.22566
      vertex 75.7533 0.61 5.27096
      vertex 76.1323 0.61 6.18019
    endloop
  endfacet
  facet normal 0 1 -0
    outer loop
      vertex 76.194 0.61 5.1933
      vertex 75.9684 0.61 5.22566
      vertex 76.2587 0.61 6.15005
    endloop
  endfacet
  facet normal 0 1 0
    outer loop
      vertex 76.3915 0.61 6.12854
      vertex 76.194 0.61 5.1933
      vertex 76.2587 0.61 6.15005
    endloop
  endfacet
  facet normal 0 1 0
    outer loop
      vertex 76.5307 0.61 6.11563
      vertex 76.4299 0.61 5.17387
      vertex 76.3915 0.61 6.12854
    endloop
  endfacet
  facet normal 0 1 0
    outer loop
      vertex 76.5307 0.61 6.11563
      vertex 76.6762 0.61 5.1674
      vertex 76.4299 0.61 5.17387
    endloop
  endfacet
  facet normal 0 1 0
    outer loop
      vertex 82.4077 0.61 6.11563
      vertex 82.5532 0.61 5.1674
      vertex 82.3069 0.61 5.17387
    endloop
  endfacet
  facet normal 0 1 0
    outer loop
      vertex 84.5509 0.61 5.92286
      vertex 84.4504 0.61 5.82466
      vertex 83.6673 0.61 6.5529
    endloop
  endfacet
  facet normal 0 1 0
    outer loop
      vertex 84.9007 0.61 6.38595
      vertex 83.8869 0.61 6.84128
      vertex 83.9803 0.61 7.01251
    endloop
  endfacet
  facet normal 0 1 0
    outer loop
      vertex 83.6673 0.61 6.5529
      vertex 84.4504 0.61 5.82466
      vertex 84.3447 0.61 5.73349
    endloop
  endfacet
  facet normal 0 1 -0
    outer loop
      vertex 84.2338 0.61 5.64933
      vertex 83.6673 0.61 6.5529
      vertex 84.3447 0.61 5.73349
    endloop
  endfacet
  facet normal -0 1 0
    outer loop
      vertex 83.541 0.61 6.43574
      vertex 83.6673 0.61 6.5529
      vertex 84.2338 0.61 5.64933
    endloop
  endfacet
  facet normal 0 1 -0
    outer loop
      vertex 84.9751 0.61 6.5193
      vertex 83.9803 0.61 7.01251
      vertex 85.0444 0.61 6.65968
    endloop
  endfacet
  facet normal 0 1 0
    outer loop
      vertex 90.6398 0.61 6.41647
      vertex 91.7302 0.61 5.24876
      vertex 90.6398 0.61 5.24876
    endloop
  endfacet
  facet normal 0 1 -0
    outer loop
      vertex 84.1176 0.61 5.57222
      vertex 83.541 0.61 6.43574
      vertex 84.2338 0.61 5.64933
    endloop
  endfacet
  facet normal 0 1 -0
    outer loop
      vertex 83.9968 0.61 5.50197
      vertex 83.541 0.61 6.43574
      vertex 84.1176 0.61 5.57222
    endloop
  endfacet
  facet normal 0 1 -0
    outer loop
      vertex 85.0444 0.61 6.65968
      vertex 84.0627 0.61 7.20176
      vertex 85.1084 0.61 6.80708
    endloop
  endfacet
  facet normal 0 1 0
    outer loop
      vertex 83.4038 0.61 6.33662
      vertex 83.8716 0.61 5.4384
      vertex 83.7422 0.61 5.38151
    endloop
  endfacet
  facet normal 0 1 -0
    outer loop
      vertex 83.4706 0.61 5.28784
      vertex 83.2556 0.61 6.25551
      vertex 83.6086 0.61 5.33133
    endloop
  endfacet
  facet normal -0 1 0
    outer loop
      vertex 79.966 0.61 6.60286
      vertex 81.0443 0.61 7.07275
      vertex 80.0595 0.61 6.42431
    endloop
  endfacet
  facet normal 0 1 0
    outer loop
      vertex 80.8723 0.61 7.96576
      vertex 79.6666 0.61 7.89087
      vertex 79.6603 0.61 8.14164
    endloop
  endfacet
  facet normal 0 1 0
    outer loop
      vertex 79.6663 0.61 8.39293
      vertex 79.6844 0.61 8.63339
      vertex 80.8827 0.61 8.47978
    endloop
  endfacet
  facet normal -0 1 0
    outer loop
      vertex 79.7566 0.61 9.08183
      vertex 79.8108 0.61 9.28981
      vertex 80.9558 0.61 8.92898
    endloop
  endfacet
  facet normal 0 1 -0
    outer loop
      vertex 80.994 0.61 9.06324
      vertex 79.877 0.61 9.48695
      vertex 81.0393 0.61 9.18977
    endloop
  endfacet
  facet normal 0 1 0
    outer loop
      vertex 91.7302 0.61 6.41647
      vertex 91.7302 0.61 5.24876
      vertex 90.6398 0.61 6.41647
    endloop
  endfacet
  facet normal 0 1 -0
    outer loop
      vertex 81.0915 0.61 9.30856
      vertex 80.1478 0.61 10.0134
      vertex 81.1507 0.61 9.41963
    endloop
  endfacet
  facet normal -0 1 0
    outer loop
      vertex 80.5264 0.61 10.4416
      vertex 80.6751 0.61 10.5605
      vertex 81.3697 0.61 9.70611
    endloop
  endfacet
  facet normal 0 1 -0
    outer loop
      vertex 81.456 0.61 9.78534
      vertex 80.8346 0.61 10.6668
      vertex 81.5488 0.61 9.85621
    endloop
  endfacet
  facet normal 0 1 0
    outer loop
      vertex 81.1861 0.61 10.8419
      vertex 81.5488 0.61 9.85621
      vertex 81.0049 0.61 10.7606
    endloop
  endfacet
  facet normal -0 1 0
    outer loop
      vertex 81.1861 0.61 10.8419
      vertex 81.378 0.61 10.9107
      vertex 81.648 0.61 9.91876
    endloop
  endfacet
  facet normal 0 1 -0
    outer loop
      vertex 81.648 0.61 9.91876
      vertex 81.378 0.61 10.9107
      vertex 81.7538 0.61 9.97297
    endloop
  endfacet
  facet normal 0 1 0
    outer loop
      vertex 83.4706 0.61 5.28784
      vertex 83.3284 0.61 5.25103
      vertex 83.0964 0.61 6.19243
    endloop
  endfacet
  facet normal -0 1 0
    outer loop
      vertex 80.6751 0.61 10.5605
      vertex 80.8346 0.61 10.6668
      vertex 81.456 0.61 9.78534
    endloop
  endfacet
  facet normal 0 1 0
    outer loop
      vertex 83.9968 0.61 5.50197
      vertex 83.8716 0.61 5.4384
      vertex 83.4038 0.61 6.33662
    endloop
  endfacet
  facet normal 0 1 0
    outer loop
      vertex 83.9968 0.61 5.50197
      vertex 83.4038 0.61 6.33662
      vertex 83.541 0.61 6.43574
    endloop
  endfacet
  facet normal 0 1 0
    outer loop
      vertex 83.4038 0.61 6.33662
      vertex 83.7422 0.61 5.38151
      vertex 83.2556 0.61 6.25551
    endloop
  endfacet
  facet normal 0 1 0
    outer loop
      vertex 83.4706 0.61 5.28784
      vertex 83.0964 0.61 6.19243
      vertex 83.2556 0.61 6.25551
    endloop
  endfacet
  facet normal 0 1 0
    outer loop
      vertex 83.3284 0.61 5.25103
      vertex 83.1819 0.61 5.22093
      vertex 83.0964 0.61 6.19243
    endloop
  endfacet
  facet normal 0 1 0
    outer loop
      vertex 83.0964 0.61 6.19243
      vertex 83.1819 0.61 5.22093
      vertex 82.9263 0.61 6.14737
    endloop
  endfacet
  facet normal 0 1 0
    outer loop
      vertex 82.9263 0.61 6.14737
      vertex 83.1819 0.61 5.22093
      vertex 83.0311 0.61 5.19751
    endloop
  endfacet
  facet normal -0 1 0
    outer loop
      vertex 82.7452 0.61 6.12033
      vertex 82.9263 0.61 6.14737
      vertex 83.0311 0.61 5.19751
    endloop
  endfacet
  facet normal 0 1 -0
    outer loop
      vertex 82.8761 0.61 5.18078
      vertex 82.7452 0.61 6.12033
      vertex 83.0311 0.61 5.19751
    endloop
  endfacet
  facet normal 0 1 0
    outer loop
      vertex 82.8761 0.61 5.18078
      vertex 82.7168 0.61 5.17074
      vertex 82.7452 0.61 6.12033
    endloop
  endfacet
  facet normal 0 1 0
    outer loop
      vertex 82.7452 0.61 6.12033
      vertex 82.7168 0.61 5.17074
      vertex 82.5532 0.61 6.11133
    endloop
  endfacet
  facet normal 0 1 0
    outer loop
      vertex 82.5532 0.61 6.11133
      vertex 82.7168 0.61 5.17074
      vertex 82.5532 0.61 5.1674
    endloop
  endfacet
  facet normal 0 1 0
    outer loop
      vertex 82.4077 0.61 6.11563
      vertex 82.5532 0.61 6.11133
      vertex 82.5532 0.61 5.1674
    endloop
  endfacet
  facet normal 0 1 0
    outer loop
      vertex 81.4724 0.61 6.45996
      vertex 80.7103 0.61 5.69171
      vertex 81.384 0.61 6.54173
    endloop
  endfacet
  facet normal 0 1 0
    outer loop
      vertex 81.567 0.61 6.38678
      vertex 81.0471 0.61 5.48457
      vertex 80.8735 0.61 5.58168
    endloop
  endfacet
  facet normal 0 1 0
    outer loop
      vertex 81.2269 0.61 6.73068
      vertex 81.3021 0.61 6.63212
      vertex 80.4151 0.61 5.95063
    endloop
  endfacet
  facet normal 0 1 -0
    outer loop
      vertex 80.4151 0.61 5.95063
      vertex 80.2841 0.61 6.0982
      vertex 81.2269 0.61 6.73068
    endloop
  endfacet
  facet normal 0 1 0
    outer loop
      vertex 81.1588 0.61 6.83697
      vertex 80.2841 0.61 6.0982
      vertex 80.1655 0.61 6.2561
    endloop
  endfacet
  facet normal -0 1 0
    outer loop
      vertex 80.0595 0.61 6.42431
      vertex 81.098 0.61 6.951
      vertex 80.1655 0.61 6.2561
    endloop
  endfacet
  facet normal 0 1 0
    outer loop
      vertex 81.098 0.61 6.951
      vertex 80.0595 0.61 6.42431
      vertex 81.0443 0.61 7.07275
    endloop
  endfacet
  facet normal -0 1 0
    outer loop
      vertex 79.8849 0.61 6.79171
      vertex 81.0443 0.61 7.07275
      vertex 79.966 0.61 6.60286
    endloop
  endfacet
  facet normal 0 1 0
    outer loop
      vertex 79.8849 0.61 6.79171
      vertex 80.9977 0.61 7.20225
      vertex 81.0443 0.61 7.07275
    endloop
  endfacet
  facet normal 0 1 0
    outer loop
      vertex 79.8163 0.61 6.99089
      vertex 80.9583 0.61 7.33949
      vertex 80.9977 0.61 7.20225
    endloop
  endfacet
  facet normal 0 1 -0
    outer loop
      vertex 79.8163 0.61 6.99089
      vertex 79.7601 0.61 7.20041
      vertex 80.9583 0.61 7.33949
    endloop
  endfacet
  facet normal 0 1 -0
    outer loop
      vertex 79.7601 0.61 7.20041
      vertex 79.7165 0.61 7.42022
      vertex 80.9261 0.61 7.48445
    endloop
  endfacet
  facet normal 0 1 -0
    outer loop
      vertex 79.7165 0.61 7.42022
      vertex 79.6853 0.61 7.65039
      vertex 80.901 0.61 7.63714
    endloop
  endfacet
  facet normal 0 1 -0
    outer loop
      vertex 79.6853 0.61 7.65039
      vertex 79.6666 0.61 7.89087
      vertex 80.8831 0.61 7.79759
    endloop
  endfacet
  facet normal 0 1 0
    outer loop
      vertex 80.8723 0.61 8.31457
      vertex 79.6603 0.61 8.14164
      vertex 79.6663 0.61 8.39293
    endloop
  endfacet
  facet normal 0 1 -0
    outer loop
      vertex 80.8827 0.61 8.47978
      vertex 79.6844 0.61 8.63339
      vertex 80.9001 0.61 8.63725
    endloop
  endfacet
  facet normal 0 1 -0
    outer loop
      vertex 80.9001 0.61 8.63725
      vertex 79.7145 0.61 8.86302
      vertex 80.9245 0.61 8.78698
    endloop
  endfacet
  facet normal 0 1 0
    outer loop
      vertex 79.877 0.61 9.48695
      vertex 80.994 0.61 9.06324
      vertex 79.8108 0.61 9.28981
    endloop
  endfacet
  facet normal 0 1 0
    outer loop
      vertex 81.0915 0.61 9.30856
      vertex 79.9552 0.61 9.67328
      vertex 80.0455 0.61 9.84877
    endloop
  endfacet
  facet normal 0 1 -0
    outer loop
      vertex 81.1507 0.61 9.41963
      vertex 80.2622 0.61 10.1673
      vertex 81.2168 0.61 9.52295
    endloop
  endfacet
  facet normal 0 1 0
    outer loop
      vertex 80.3886 0.61 10.3103
      vertex 81.2898 0.61 9.61854
      vertex 81.2168 0.61 9.52295
    endloop
  endfacet
  facet normal 0 1 0
    outer loop
      vertex 80.5264 0.61 10.4416
      vertex 81.3697 0.61 9.70611
      vertex 81.2898 0.61 9.61854
    endloop
  endfacet
  facet normal -0 1 0
    outer loop
      vertex 80.8346 0.61 10.6668
      vertex 81.0049 0.61 10.7606
      vertex 81.5488 0.61 9.85621
    endloop
  endfacet
  facet normal 0 1 0
    outer loop
      vertex 81.7538 0.61 9.97297
      vertex 81.378 0.61 10.9107
      vertex 81.5808 0.61 10.967
    endloop
  endfacet
  facet normal -0 1 0
    outer loop
      vertex 81.5808 0.61 10.967
      vertex 81.7944 0.61 11.0108
      vertex 81.9848 0.61 10.0564
    endloop
  endfacet
  facet normal 0 1 -0
    outer loop
      vertex 81.9848 0.61 10.0564
      vertex 81.7944 0.61 11.0108
      vertex 82.1101 0.61 10.0856
    endloop
  endfacet
  facet normal 0 1 -0
    outer loop
      vertex 82.1101 0.61 10.0856
      vertex 82.0189 0.61 11.0421
      vertex 82.2418 0.61 10.1064
    endloop
  endfacet
  facet normal -0 1 0
    outer loop
      vertex 82.2542 0.61 11.0608
      vertex 82.5003 0.61 11.0671
      vertex 82.38 0.61 10.1189
    endloop
  endfacet
  facet normal 0 1 0
    outer loop
      vertex 82.5003 0.61 11.0671
      vertex 82.6807 0.61 11.0637
      vertex 82.5247 0.61 10.1231
    endloop
  endfacet
  facet normal 0 1 -0
    outer loop
      vertex 82.805 0.61 10.1042
      vertex 82.7139 0.61 10.1147
      vertex 82.8548 0.61 11.0537
    endloop
  endfacet
  facet normal 0 1 0
    outer loop
      vertex 82.8548 0.61 11.0537
      vertex 82.7139 0.61 10.1147
      vertex 82.6807 0.61 11.0637
    endloop
  endfacet
  facet normal 0 1 0
    outer loop
      vertex 83.1847 0.61 11.0135
      vertex 82.8938 0.61 10.0895
      vertex 83.0228 0.61 11.037
    endloop
  endfacet
  facet normal 0 1 0
    outer loop
      vertex 83.0644 0.61 10.0474
      vertex 83.1847 0.61 11.0135
      vertex 83.3403 0.61 10.9834
    endloop
  endfacet
  facet normal 0 1 -0
    outer loop
      vertex 83.0644 0.61 10.0474
      vertex 82.9803 0.61 10.0705
      vertex 83.1847 0.61 11.0135
    endloop
  endfacet
  facet normal 0 1 -0
    outer loop
      vertex 83.2258 0.61 9.98858
      vertex 83.1463 0.61 10.0201
      vertex 83.4897 0.61 10.9466
    endloop
  endfacet
  facet normal 0 1 0
    outer loop
      vertex 83.303 0.61 9.95286
      vertex 83.6329 0.61 10.9031
      vertex 83.77 0.61 10.8529
    endloop
  endfacet
  facet normal 0 1 -0
    outer loop
      vertex 83.303 0.61 9.95286
      vertex 83.2258 0.61 9.98858
      vertex 83.6329 0.61 10.9031
    endloop
  endfacet
  facet normal 0 1 0
    outer loop
      vertex 83.9009 0.61 10.796
      vertex 83.3778 0.61 9.91293
      vertex 83.77 0.61 10.8529
    endloop
  endfacet
  facet normal 0 1 0
    outer loop
      vertex 83.77 0.61 10.8529
      vertex 83.3778 0.61 9.91293
      vertex 83.303 0.61 9.95286
    endloop
  endfacet
  facet normal 0 1 0
    outer loop
      vertex 83.9009 0.61 10.796
      vertex 84.0256 0.61 10.7324
      vertex 83.4504 0.61 9.8688
    endloop
  endfacet
  facet normal -0 1 0
    outer loop
      vertex 83.4504 0.61 9.8688
      vertex 84.0256 0.61 10.7324
      vertex 83.5196 0.61 9.8211
    endloop
  endfacet
  facet normal -0 1 0
    outer loop
      vertex 83.3778 0.61 9.91293
      vertex 83.9009 0.61 10.796
      vertex 83.4504 0.61 9.8688
    endloop
  endfacet
  facet normal 0 1 0
    outer loop
      vertex 84.144 0.61 10.6622
      vertex 83.5196 0.61 9.8211
      vertex 84.0256 0.61 10.7324
    endloop
  endfacet
  facet normal 0 1 0
    outer loop
      vertex 84.2563 0.61 10.5854
      vertex 83.5846 0.61 9.77049
      vertex 84.144 0.61 10.6622
    endloop
  endfacet
  facet normal 0 1 0
    outer loop
      vertex 84.3624 0.61 10.5024
      vertex 83.6453 0.61 9.71695
      vertex 84.2563 0.61 10.5854
    endloop
  endfacet
  facet normal 0 1 0
    outer loop
      vertex 84.4621 0.61 10.4131
      vertex 83.7018 0.61 9.66047
      vertex 84.3624 0.61 10.5024
    endloop
  endfacet
  facet normal 0 1 0
    outer loop
      vertex 84.4621 0.61 10.4131
      vertex 84.5556 0.61 10.3175
      vertex 83.7018 0.61 9.66047
    endloop
  endfacet
  facet normal -0 1 0
    outer loop
      vertex 83.7018 0.61 9.66047
      vertex 84.5556 0.61 10.3175
      vertex 83.7539 0.61 9.60107
    endloop
  endfacet
  facet normal 0 1 0
    outer loop
      vertex 83.7539 0.61 9.60107
      vertex 84.5556 0.61 10.3175
      vertex 84.6429 0.61 10.2156
    endloop
  endfacet
  facet normal 0 1 -0
    outer loop
      vertex 83.8018 0.61 9.53874
      vertex 83.7539 0.61 9.60107
      vertex 84.6429 0.61 10.2156
    endloop
  endfacet
  facet normal 0 1 0
    outer loop
      vertex 84.7239 0.61 10.1074
      vertex 83.8018 0.61 9.53874
      vertex 84.6429 0.61 10.2156
    endloop
  endfacet
  facet normal 0 1 0
    outer loop
      vertex 84.7239 0.61 10.1074
      vertex 83.8455 0.61 9.47349
      vertex 83.8018 0.61 9.53874
    endloop
  endfacet
  facet normal 0 1 0
    outer loop
      vertex 84.7239 0.61 10.1074
      vertex 84.7987 0.61 9.99289
      vertex 83.8455 0.61 9.47349
    endloop
  endfacet
  facet normal -0 1 0
    outer loop
      vertex 83.8455 0.61 9.47349
      vertex 84.7987 0.61 9.99289
      vertex 83.8848 0.61 9.40532
    endloop
  endfacet
  facet normal 0 1 0
    outer loop
      vertex 83.8848 0.61 9.40532
      vertex 84.7987 0.61 9.99289
      vertex 84.8672 0.61 9.87211
    endloop
  endfacet
  facet normal 0 1 -0
    outer loop
      vertex 83.9199 0.61 9.33423
      vertex 83.8848 0.61 9.40532
      vertex 84.8672 0.61 9.87211
    endloop
  endfacet
  facet normal 0 1 0
    outer loop
      vertex 84.9294 0.61 9.74507
      vertex 83.9199 0.61 9.33423
      vertex 84.8672 0.61 9.87211
    endloop
  endfacet
  facet normal 0 1 0
    outer loop
      vertex 84.9294 0.61 9.74507
      vertex 83.9507 0.61 9.26019
      vertex 83.9199 0.61 9.33423
    endloop
  endfacet
  facet normal -0 1 0
    outer loop
      vertex 83.9507 0.61 9.26019
      vertex 84.9854 0.61 9.61172
      vertex 83.9772 0.61 9.18324
    endloop
  endfacet
  facet normal 0 1 0
    outer loop
      vertex 84.9294 0.61 9.74507
      vertex 84.9854 0.61 9.61172
      vertex 83.9507 0.61 9.26019
    endloop
  endfacet
  facet normal 0 1 0
    outer loop
      vertex 83.9772 0.61 9.18324
      vertex 84.9854 0.61 9.61172
      vertex 85.0352 0.61 9.47209
    endloop
  endfacet
  facet normal 0 1 0
    outer loop
      vertex 91.7302 0.61 7.26686
      vertex 91.7302 0.61 6.41647
      vertex 90.6398 0.61 7.26686
    endloop
  endfacet
  facet normal 0 1 0
    outer loop
      vertex 84.3624 0.61 10.5024
      vertex 83.7018 0.61 9.66047
      vertex 83.6453 0.61 9.71695
    endloop
  endfacet
  facet normal 0 1 -0
    outer loop
      vertex 90.6398 0.61 6.41647
      vertex 88.9634 0.61 7.26686
      vertex 90.6398 0.61 7.26686
    endloop
  endfacet
  facet normal 0 1 0
    outer loop
      vertex 84.2563 0.61 10.5854
      vertex 83.6453 0.61 9.71695
      vertex 83.5846 0.61 9.77049
    endloop
  endfacet
  facet normal 0 1 0
    outer loop
      vertex 92.4952 0.61 6.41647
      vertex 91.7302 0.61 6.41647
      vertex 91.7302 0.61 7.26686
    endloop
  endfacet
  facet normal 0 1 0
    outer loop
      vertex 84.144 0.61 10.6622
      vertex 83.5846 0.61 9.77049
      vertex 83.5196 0.61 9.8211
    endloop
  endfacet
  facet normal 0 1 0
    outer loop
      vertex 90.2939 0.61 9.28903
      vertex 90.4526 0.61 10.9816
      vertex 90.3428 0.61 9.36575
    endloop
  endfacet
  facet normal 0 1 0
    outer loop
      vertex 83.6329 0.61 10.9031
      vertex 83.2258 0.61 9.98858
      vertex 83.4897 0.61 10.9466
    endloop
  endfacet
  facet normal 0 1 0
    outer loop
      vertex 87.6368 0.61 7.90568
      vertex 87.6368 0.61 6.91285
      vertex 85.5211 0.61 7.90568
    endloop
  endfacet
  facet normal -0 1 0
    outer loop
      vertex 82.8938 0.61 10.0895
      vertex 83.1847 0.61 11.0135
      vertex 82.9803 0.61 10.0705
    endloop
  endfacet
  facet normal 0 1 0
    outer loop
      vertex 82.8548 0.61 11.0537
      vertex 83.0228 0.61 11.037
      vertex 82.805 0.61 10.1042
    endloop
  endfacet
  facet normal 0 1 0
    outer loop
      vertex 82.6807 0.61 11.0637
      vertex 82.7139 0.61 10.1147
      vertex 82.6205 0.61 10.121
    endloop
  endfacet
  facet normal 0 1 -0
    outer loop
      vertex 92.4952 0.61 6.41647
      vertex 91.7302 0.61 7.26686
      vertex 92.4952 0.61 7.26686
    endloop
  endfacet
  facet normal 0 1 -0
    outer loop
      vertex 82.2418 0.61 10.1064
      vertex 82.0189 0.61 11.0421
      vertex 82.2542 0.61 11.0608
    endloop
  endfacet
  facet normal 0 1 0
    outer loop
      vertex 81.5808 0.61 10.967
      vertex 81.9848 0.61 10.0564
      vertex 81.8661 0.61 10.0188
    endloop
  endfacet
  facet normal 0 1 0
    outer loop
      vertex 81.456 0.61 9.78534
      vertex 81.3697 0.61 9.70611
      vertex 80.6751 0.61 10.5605
    endloop
  endfacet
  facet normal -0 1 0
    outer loop
      vertex 80.2622 0.61 10.1673
      vertex 80.3886 0.61 10.3103
      vertex 81.2168 0.61 9.52295
    endloop
  endfacet
  facet normal -0 1 0
    outer loop
      vertex 80.1478 0.61 10.0134
      vertex 80.2622 0.61 10.1673
      vertex 81.1507 0.61 9.41963
    endloop
  endfacet
  facet normal -0 1 0
    outer loop
      vertex 80.0455 0.61 9.84877
      vertex 80.1478 0.61 10.0134
      vertex 81.0915 0.61 9.30856
    endloop
  endfacet
  facet normal 0 1 0
    outer loop
      vertex 79.9552 0.61 9.67328
      vertex 81.0915 0.61 9.30856
      vertex 81.0393 0.61 9.18977
    endloop
  endfacet
  facet normal -0 1 0
    outer loop
      vertex 79.877 0.61 9.48695
      vertex 79.9552 0.61 9.67328
      vertex 81.0393 0.61 9.18977
    endloop
  endfacet
  facet normal 0 1 0
    outer loop
      vertex 79.8108 0.61 9.28981
      vertex 80.994 0.61 9.06324
      vertex 80.9558 0.61 8.92898
    endloop
  endfacet
  facet normal 0 1 0
    outer loop
      vertex 79.7566 0.61 9.08183
      vertex 80.9558 0.61 8.92898
      vertex 80.9245 0.61 8.78698
    endloop
  endfacet
  facet normal 0 1 0
    outer loop
      vertex 79.7145 0.61 8.86302
      vertex 80.9001 0.61 8.63725
      vertex 79.6844 0.61 8.63339
    endloop
  endfacet
  facet normal 0 1 0
    outer loop
      vertex 80.8827 0.61 8.47978
      vertex 80.8723 0.61 8.31457
      vertex 79.6663 0.61 8.39293
    endloop
  endfacet
  facet normal 0 1 0
    outer loop
      vertex 80.8723 0.61 8.31457
      vertex 80.8688 0.61 8.14164
      vertex 79.6603 0.61 8.14164
    endloop
  endfacet
  facet normal -0 1 0
    outer loop
      vertex 79.6603 0.61 8.14164
      vertex 80.8688 0.61 8.14164
      vertex 80.8723 0.61 7.96576
    endloop
  endfacet
  facet normal -0 1 0
    outer loop
      vertex 79.6666 0.61 7.89087
      vertex 80.8723 0.61 7.96576
      vertex 80.8831 0.61 7.79759
    endloop
  endfacet
  facet normal -0 1 0
    outer loop
      vertex 79.6853 0.61 7.65039
      vertex 80.8831 0.61 7.79759
      vertex 80.901 0.61 7.63714
    endloop
  endfacet
  facet normal 0 1 0
    outer loop
      vertex 79.7165 0.61 7.42022
      vertex 80.901 0.61 7.63714
      vertex 80.9261 0.61 7.48445
    endloop
  endfacet
  facet normal 0 1 0
    outer loop
      vertex 79.7601 0.61 7.20041
      vertex 80.9261 0.61 7.48445
      vertex 80.9583 0.61 7.33949
    endloop
  endfacet
  facet normal -0 1 0
    outer loop
      vertex 79.8163 0.61 6.99089
      vertex 80.9977 0.61 7.20225
      vertex 79.8849 0.61 6.79171
    endloop
  endfacet
  facet normal 0 1 0
    outer loop
      vertex 80.1655 0.61 6.2561
      vertex 81.098 0.61 6.951
      vertex 81.1588 0.61 6.83697
    endloop
  endfacet
  facet normal 0 1 0
    outer loop
      vertex 81.2269 0.61 6.73068
      vertex 80.2841 0.61 6.0982
      vertex 81.1588 0.61 6.83697
    endloop
  endfacet
  facet normal 0 1 0
    outer loop
      vertex 81.3021 0.61 6.63212
      vertex 81.384 0.61 6.54173
      vertex 80.5575 0.61 5.81471
    endloop
  endfacet
  facet normal -0 1 0
    outer loop
      vertex 80.5575 0.61 5.81471
      vertex 81.384 0.61 6.54173
      vertex 80.7103 0.61 5.69171
    endloop
  endfacet
  facet normal -0 1 0
    outer loop
      vertex 80.7103 0.61 5.69171
      vertex 81.4724 0.61 6.45996
      vertex 80.8735 0.61 5.58168
    endloop
  endfacet
  facet normal 0 1 0
    outer loop
      vertex 80.8735 0.61 5.58168
      vertex 81.4724 0.61 6.45996
      vertex 81.567 0.61 6.38678
    endloop
  endfacet
  facet normal 0 1 0
    outer loop
      vertex 81.0471 0.61 5.48457
      vertex 81.567 0.61 6.38678
      vertex 81.6681 0.61 6.32222
    endloop
  endfacet
  facet normal 0 1 -0
    outer loop
      vertex 81.2311 0.61 5.40043
      vertex 81.0471 0.61 5.48457
      vertex 81.6681 0.61 6.32222
    endloop
  endfacet
  facet normal 0 1 -0
    outer loop
      vertex 81.4255 0.61 5.32922
      vertex 81.2311 0.61 5.40043
      vertex 81.7755 0.61 6.26626
    endloop
  endfacet
  facet normal 0 1 0
    outer loop
      vertex 81.8892 0.61 6.21891
      vertex 81.4255 0.61 5.32922
      vertex 81.7755 0.61 6.26626
    endloop
  endfacet
  facet normal 0 1 0
    outer loop
      vertex 82.0093 0.61 6.18019
      vertex 81.6302 0.61 5.27096
      vertex 81.8892 0.61 6.21891
    endloop
  endfacet
  facet normal 0 1 0
    outer loop
      vertex 82.0093 0.61 6.18019
      vertex 81.8454 0.61 5.22566
      vertex 81.6302 0.61 5.27096
    endloop
  endfacet
  facet normal 0 1 0
    outer loop
      vertex 82.1357 0.61 6.15005
      vertex 82.071 0.61 5.1933
      vertex 81.8454 0.61 5.22566
    endloop
  endfacet
  facet normal 0 1 0
    outer loop
      vertex 82.1357 0.61 6.15005
      vertex 82.2685 0.61 6.12854
      vertex 82.071 0.61 5.1933
    endloop
  endfacet
  facet normal 0 1 0
    outer loop
      vertex 82.2685 0.61 6.12854
      vertex 82.4077 0.61 6.11563
      vertex 82.3069 0.61 5.17387
    endloop
  endfacet
  facet normal 0 1 0
    outer loop
      vertex 67.6541 0.61 7.70408
      vertex 67.5813 0.61 7.64938
      vertex 66.8853 0.61 8.48317
    endloop
  endfacet
  facet normal 0 1 -0
    outer loop
      vertex 64.8002 0.61 7.26686
      vertex 63.5999 0.61 5.24876
      vertex 64.8002 0.61 8.19043
    endloop
  endfacet
  facet normal 0 1 0
    outer loop
      vertex 73.3042 0.61 6.17642
      vertex 73.3042 0.61 5.24876
      vertex 70.2282 0.61 6.17642
    endloop
  endfacet
  facet normal 0 1 0
    outer loop
      vertex 68.0156 0.61 8.10072
      vertex 66.9985 0.61 8.64442
      vertex 67.0273 0.61 8.70537
    endloop
  endfacet
  facet normal 0 1 0
    outer loop
      vertex 67.105 0.61 9.06405
      vertex 68.3073 0.61 8.96962
      vertex 68.2968 0.61 8.87388
    endloop
  endfacet
  facet normal -0 1 0
    outer loop
      vertex 67.105 0.61 9.06405
      vertex 68.3135 0.61 9.06729
      vertex 68.3073 0.61 8.96962
    endloop
  endfacet
  facet normal 0 1 0
    outer loop
      vertex 68.3135 0.61 9.06729
      vertex 67.105 0.61 9.06405
      vertex 67.1072 0.61 9.14659
    endloop
  endfacet
  facet normal -0 1 0
    outer loop
      vertex 66.9652 0.61 8.58706
      vertex 66.9985 0.61 8.64442
      vertex 67.9095 0.61 7.95547
    endloop
  endfacet
  facet normal -0 1 0
    outer loop
      vertex 67.0984 0.61 9.30336
      vertex 68.311 0.61 9.32126
      vertex 67.1072 0.61 9.14659
    endloop
  endfacet
  facet normal 0 1 0
    outer loop
      vertex 68.311 0.61 9.32126
      vertex 67.0984 0.61 9.30336
      vertex 68.2972 0.61 9.4691
    endloop
  endfacet
  facet normal 0 1 0
    outer loop
      vertex 66.9274 0.61 8.53332
      vertex 67.789 0.61 7.82325
      vertex 67.7234 0.61 7.76204
    endloop
  endfacet
  facet normal 0 1 0
    outer loop
      vertex 91.7302 0.61 6.41647
      vertex 90.6398 0.61 6.41647
      vertex 90.6398 0.61 7.26686
    endloop
  endfacet
  facet normal 0 1 0
    outer loop
      vertex 68.2743 0.61 9.61046
      vertex 68.2972 0.61 9.4691
      vertex 67.0984 0.61 9.30336
    endloop
  endfacet
  facet normal 0 1 0
    outer loop
      vertex 66.3936 0.61 10.02
      vertex 66.5341 0.61 10.966
      vertex 66.7017 0.61 10.9464
    endloop
  endfacet
  facet normal 0 1 0
    outer loop
      vertex 66.7017 0.61 10.9464
      vertex 66.8614 0.61 10.9189
      vertex 66.5434 0.61 9.98269
    endloop
  endfacet
  facet normal 0 1 0
    outer loop
      vertex 68.0218 0.61 10.2199
      vertex 66.9662 0.61 9.68408
      vertex 67.9438 0.61 10.3223
    endloop
  endfacet
  facet normal 0 1 0
    outer loop
      vertex 96.2562 0.61 7.26686
      vertex 96.2562 0.61 6.41647
      vertex 95.1657 0.61 7.26686
    endloop
  endfacet
  facet normal 0 1 0
    outer loop
      vertex 66.9662 0.61 9.68408
      vertex 67.7602 0.61 10.5076
      vertex 67.8566 0.61 10.4182
    endloop
  endfacet
  facet normal 0 1 0
    outer loop
      vertex 67.0133 0.61 10.8837
      vertex 67.1574 0.61 10.8406
      vertex 66.6755 0.61 9.93043
    endloop
  endfacet
  facet normal 0 1 0
    outer loop
      vertex 66.887 0.61 9.78113
      vertex 67.5426 0.61 10.6643
      vertex 67.6553 0.61 10.5899
    endloop
  endfacet
  facet normal 0 1 0
    outer loop
      vertex 67.2936 0.61 10.7897
      vertex 66.79 0.61 9.86325
      vertex 67.1574 0.61 10.8406
    endloop
  endfacet
  facet normal 0 1 -0
    outer loop
      vertex 66.887 0.61 9.78113
      vertex 66.79 0.61 9.86325
      vertex 67.422 0.61 10.7309
    endloop
  endfacet
  facet normal 0 1 0
    outer loop
      vertex 67.422 0.61 10.7309
      vertex 66.79 0.61 9.86325
      vertex 67.2936 0.61 10.7897
    endloop
  endfacet
  facet normal 0 1 0
    outer loop
      vertex 67.5426 0.61 10.6643
      vertex 66.887 0.61 9.78113
      vertex 67.422 0.61 10.7309
    endloop
  endfacet
  facet normal 0 1 0
    outer loop
      vertex 67.1574 0.61 10.8406
      vertex 66.79 0.61 9.86325
      vertex 66.6755 0.61 9.93043
    endloop
  endfacet
  facet normal 0 1 0
    outer loop
      vertex 66.8614 0.61 10.9189
      vertex 67.0133 0.61 10.8837
      vertex 66.6755 0.61 9.93043
    endloop
  endfacet
  facet normal -0 1 0
    outer loop
      vertex 66.5434 0.61 9.98269
      vertex 66.8614 0.61 10.9189
      vertex 66.6755 0.61 9.93043
    endloop
  endfacet
  facet normal 0 1 -0
    outer loop
      vertex 67.0279 0.61 9.57211
      vertex 66.9662 0.61 9.68408
      vertex 68.0218 0.61 10.2199
    endloop
  endfacet
  facet normal 0 1 -0
    outer loop
      vertex 66.5434 0.61 9.98269
      vertex 66.3936 0.61 10.02
      vertex 66.7017 0.61 10.9464
    endloop
  endfacet
  facet normal 0 1 -0
    outer loop
      vertex 67.072 0.61 9.44519
      vertex 67.0279 0.61 9.57211
      vertex 68.1504 0.61 9.99557
    endloop
  endfacet
  facet normal 0 1 0
    outer loop
      vertex 68.2009 0.61 9.8737
      vertex 68.2422 0.61 9.74533
      vertex 67.072 0.61 9.44519
    endloop
  endfacet
  facet normal 0 1 -0
    outer loop
      vertex 67.0984 0.61 9.30336
      vertex 67.072 0.61 9.44519
      vertex 68.2743 0.61 9.61046
    endloop
  endfacet
  facet normal 0 1 -0
    outer loop
      vertex 66.3936 0.61 10.02
      vertex 66.3587 0.61 10.9777
      vertex 66.5341 0.61 10.966
    endloop
  endfacet
  facet normal 0 1 0
    outer loop
      vertex 66.8387 0.61 8.4366
      vertex 67.5813 0.61 7.64938
      vertex 67.5048 0.61 7.59796
    endloop
  endfacet
  facet normal 0 1 0
    outer loop
      vertex 67.4248 0.61 7.54979
      vertex 67.3411 0.61 7.50488
      vertex 66.7879 0.61 8.39387
    endloop
  endfacet
  facet normal 0 1 -0
    outer loop
      vertex 67.1644 0.61 7.42619
      vertex 66.7335 0.61 8.35522
      vertex 67.2542 0.61 7.46357
    endloop
  endfacet
  facet normal 0 1 0
    outer loop
      vertex 66.3936 0.61 10.02
      vertex 66.2262 0.61 10.0424
      vertex 66.3587 0.61 10.9777
    endloop
  endfacet
  facet normal 0 1 0
    outer loop
      vertex 66.6752 0.61 8.32063
      vertex 67.0717 0.61 7.39276
      vertex 66.976 0.61 7.36325
    endloop
  endfacet
  facet normal 0 1 0
    outer loop
      vertex 66.8774 0.61 7.33767
      vertex 66.5474 0.61 8.26367
      vertex 66.6132 0.61 8.29011
    endloop
  endfacet
  facet normal 0 1 -0
    outer loop
      vertex 66.2262 0.61 10.0424
      vertex 66.1755 0.61 10.9816
      vertex 66.3587 0.61 10.9777
    endloop
  endfacet
  facet normal 0 1 0
    outer loop
      vertex 66.4779 0.61 8.24128
      vertex 66.7758 0.61 7.31604
      vertex 66.6714 0.61 7.29834
    endloop
  endfacet
  facet normal 0 1 0
    outer loop
      vertex 66.564 0.61 7.28456
      vertex 66.4537 0.61 7.27473
      vertex 66.4046 0.61 8.22297
    endloop
  endfacet
  facet normal -0 1 0
    outer loop
      vertex 66.0412 0.61 10.0499
      vertex 66.1755 0.61 10.9816
      vertex 66.2262 0.61 10.0424
    endloop
  endfacet
  facet normal 0 1 0
    outer loop
      vertex 66.2242 0.61 7.26686
      vertex 64.8002 0.61 7.26686
      vertex 66.0737 0.61 8.19043
    endloop
  endfacet
  facet normal 0 1 0
    outer loop
      vertex 66.0737 0.61 8.19043
      vertex 64.8002 0.61 7.26686
      vertex 64.8002 0.61 8.19043
    endloop
  endfacet
  facet normal 0 1 0
    outer loop
      vertex 64.8002 0.61 7.26686
      vertex 64.8002 0.61 5.24876
      vertex 63.5999 0.61 5.24876
    endloop
  endfacet
  facet normal -0 1 0
    outer loop
      vertex 66.2467 0.61 8.19856
      vertex 66.3275 0.61 8.20874
      vertex 66.3404 0.61 7.26883
    endloop
  endfacet
  facet normal 0 1 -0
    outer loop
      vertex 64.8002 0.61 8.19043
      vertex 63.5999 0.61 10.9816
      vertex 64.8002 0.61 10.0499
    endloop
  endfacet
  facet normal 0 1 0
    outer loop
      vertex 64.8002 0.61 8.19043
      vertex 63.5999 0.61 5.24876
      vertex 63.5999 0.61 10.9816
    endloop
  endfacet
  facet normal 0 1 -0
    outer loop
      vertex 64.8002 0.61 10.0499
      vertex 63.5999 0.61 10.9816
      vertex 66.1755 0.61 10.9816
    endloop
  endfacet
  facet normal 0 1 -0
    outer loop
      vertex 66.0412 0.61 10.0499
      vertex 64.8002 0.61 10.0499
      vertex 66.1755 0.61 10.9816
    endloop
  endfacet
  facet normal 0 1 0
    outer loop
      vertex 67.7602 0.61 10.5076
      vertex 66.9662 0.61 9.68408
      vertex 66.887 0.61 9.78113
    endloop
  endfacet
  facet normal 0 1 0
    outer loop
      vertex 67.7602 0.61 10.5076
      vertex 66.887 0.61 9.78113
      vertex 67.6553 0.61 10.5899
    endloop
  endfacet
  facet normal 0 1 0
    outer loop
      vertex 67.9438 0.61 10.3223
      vertex 66.9662 0.61 9.68408
      vertex 67.8566 0.61 10.4182
    endloop
  endfacet
  facet normal 0 1 0
    outer loop
      vertex 68.0907 0.61 10.111
      vertex 67.0279 0.61 9.57211
      vertex 68.0218 0.61 10.2199
    endloop
  endfacet
  facet normal 0 1 0
    outer loop
      vertex 68.2009 0.61 9.8737
      vertex 67.072 0.61 9.44519
      vertex 68.1504 0.61 9.99557
    endloop
  endfacet
  facet normal 0 1 0
    outer loop
      vertex 67.072 0.61 9.44519
      vertex 68.2422 0.61 9.74533
      vertex 68.2743 0.61 9.61046
    endloop
  endfacet
  facet normal 0 1 0
    outer loop
      vertex 68.3156 0.61 9.16693
      vertex 68.3135 0.61 9.06729
      vertex 67.1072 0.61 9.14659
    endloop
  endfacet
  facet normal 0 1 0
    outer loop
      vertex 68.3156 0.61 9.16693
      vertex 67.1072 0.61 9.14659
      vertex 68.311 0.61 9.32126
    endloop
  endfacet
  facet normal 0 1 0
    outer loop
      vertex 68.2968 0.61 8.87388
      vertex 67.0983 0.61 8.98512
      vertex 67.105 0.61 9.06405
    endloop
  endfacet
  facet normal 0 1 0
    outer loop
      vertex 68.2405 0.61 8.5984
      vertex 68.2134 0.61 8.51046
      vertex 67.0717 0.61 8.83806
    endloop
  endfacet
  facet normal 0 1 0
    outer loop
      vertex 68.1467 0.61 8.34045
      vertex 68.1071 0.61 8.25837
      vertex 67.0517 0.61 8.76991
    endloop
  endfacet
  facet normal 0 1 0
    outer loop
      vertex 68.0633 0.61 8.17824
      vertex 68.0156 0.61 8.10072
      vertex 67.0273 0.61 8.70537
    endloop
  endfacet
  facet normal 0 1 0
    outer loop
      vertex 68.0156 0.61 8.10072
      vertex 67.9644 0.61 8.02647
      vertex 66.9985 0.61 8.64442
    endloop
  endfacet
  facet normal 0 1 0
    outer loop
      vertex 67.9095 0.61 7.95547
      vertex 67.8511 0.61 7.88772
      vertex 66.9652 0.61 8.58706
    endloop
  endfacet
  facet normal 0 1 0
    outer loop
      vertex 66.9652 0.61 8.58706
      vertex 67.789 0.61 7.82325
      vertex 66.9274 0.61 8.53332
    endloop
  endfacet
  facet normal 0 1 0
    outer loop
      vertex 66.9274 0.61 8.53332
      vertex 67.7234 0.61 7.76204
      vertex 67.6541 0.61 7.70408
    endloop
  endfacet
  facet normal -0 1 0
    outer loop
      vertex 66.8853 0.61 8.48317
      vertex 66.9274 0.61 8.53332
      vertex 67.6541 0.61 7.70408
    endloop
  endfacet
  facet normal -0 1 0
    outer loop
      vertex 66.8387 0.61 8.4366
      vertex 66.8853 0.61 8.48317
      vertex 67.5813 0.61 7.64938
    endloop
  endfacet
  facet normal 0 1 -0
    outer loop
      vertex 67.4248 0.61 7.54979
      vertex 66.8387 0.61 8.4366
      vertex 67.5048 0.61 7.59796
    endloop
  endfacet
  facet normal 0 1 0
    outer loop
      vertex 67.4248 0.61 7.54979
      vertex 66.7879 0.61 8.39387
      vertex 66.8387 0.61 8.4366
    endloop
  endfacet
  facet normal 0 1 0
    outer loop
      vertex 67.3411 0.61 7.50488
      vertex 67.2542 0.61 7.46357
      vertex 66.7879 0.61 8.39387
    endloop
  endfacet
  facet normal 0 1 0
    outer loop
      vertex 66.7879 0.61 8.39387
      vertex 67.2542 0.61 7.46357
      vertex 66.7335 0.61 8.35522
    endloop
  endfacet
  facet normal 0 1 0
    outer loop
      vertex 66.7335 0.61 8.35522
      vertex 67.1644 0.61 7.42619
      vertex 66.6752 0.61 8.32063
    endloop
  endfacet
  facet normal 0 1 0
    outer loop
      vertex 66.6752 0.61 8.32063
      vertex 67.1644 0.61 7.42619
      vertex 67.0717 0.61 7.39276
    endloop
  endfacet
  facet normal -0 1 0
    outer loop
      vertex 66.6132 0.61 8.29011
      vertex 66.6752 0.61 8.32063
      vertex 66.976 0.61 7.36325
    endloop
  endfacet
  facet normal 0 1 -0
    outer loop
      vertex 66.8774 0.61 7.33767
      vertex 66.6132 0.61 8.29011
      vertex 66.976 0.61 7.36325
    endloop
  endfacet
  facet normal 0 1 -0
    outer loop
      vertex 66.7758 0.61 7.31604
      vertex 66.5474 0.61 8.26367
      vertex 66.8774 0.61 7.33767
    endloop
  endfacet
  facet normal 0 1 0
    outer loop
      vertex 66.7758 0.61 7.31604
      vertex 66.4779 0.61 8.24128
      vertex 66.5474 0.61 8.26367
    endloop
  endfacet
  facet normal 0 1 0
    outer loop
      vertex 66.6714 0.61 7.29834
      vertex 66.4046 0.61 8.22297
      vertex 66.4779 0.61 8.24128
    endloop
  endfacet
  facet normal 0 1 0
    outer loop
      vertex 66.6714 0.61 7.29834
      vertex 66.564 0.61 7.28456
      vertex 66.4046 0.61 8.22297
    endloop
  endfacet
  facet normal 0 1 0
    outer loop
      vertex 66.4046 0.61 8.22297
      vertex 66.4537 0.61 7.27473
      vertex 66.3275 0.61 8.20874
    endloop
  endfacet
  facet normal 0 1 0
    outer loop
      vertex 66.3275 0.61 8.20874
      vertex 66.4537 0.61 7.27473
      vertex 66.3404 0.61 7.26883
    endloop
  endfacet
  facet normal 0 1 0
    outer loop
      vertex 66.2467 0.61 8.19856
      vertex 66.3404 0.61 7.26883
      vertex 66.2242 0.61 7.26686
    endloop
  endfacet
  facet normal -0 1 0
    outer loop
      vertex 66.0737 0.61 8.19043
      vertex 66.1621 0.61 8.19246
      vertex 66.2242 0.61 7.26686
    endloop
  endfacet
  facet normal -0 1 0
    outer loop
      vertex 66.1621 0.61 8.19246
      vertex 66.2467 0.61 8.19856
      vertex 66.2242 0.61 7.26686
    endloop
  endfacet
  facet normal 0 1 -0
    outer loop
      vertex 88.9634 0.61 7.26686
      vertex 88.0317 0.61 7.27502
      vertex 90.2939 0.61 9.28903
    endloop
  endfacet
  facet normal 0 1 0
    outer loop
      vertex 70.2282 0.61 6.17642
      vertex 73.3042 0.61 5.24876
      vertex 69.0279 0.61 5.24876
    endloop
  endfacet
  facet normal 0 1 0
    outer loop
      vertex 70.2282 0.61 10.9816
      vertex 70.2282 0.61 6.17642
      vertex 69.0279 0.61 10.9816
    endloop
  endfacet
  facet normal 0 1 0
    outer loop
      vertex 70.2282 0.61 6.17642
      vertex 69.0279 0.61 5.24876
      vertex 69.0279 0.61 10.9816
    endloop
  endfacet
  facet normal 0 1 0
    outer loop
      vertex 90.6749 0.61 9.9333
      vertex 90.6764 0.61 9.94812
      vertex 91.7302 0.61 10.9816
    endloop
  endfacet
  facet normal 0 1 0
    outer loop
      vertex 90.6398 0.61 6.41647
      vertex 88.0317 0.61 6.41647
      vertex 88.9634 0.61 7.26686
    endloop
  endfacet
  facet normal 0 1 0
    outer loop
      vertex 88.9634 0.61 7.26686
      vertex 88.0317 0.61 6.41647
      vertex 88.0317 0.61 7.27502
    endloop
  endfacet
  facet normal -0 1 0
    outer loop
      vertex 90.6473 0.61 9.48146
      vertex 91.7302 0.61 10.9816
      vertex 90.6455 0.61 9.43698
    endloop
  endfacet
  facet normal 0 1 -0
    outer loop
      vertex 90.2939 0.61 9.28903
      vertex 88.0317 0.61 7.27502
      vertex 90.4526 0.61 10.9816
    endloop
  endfacet
  facet normal 0 1 0
    outer loop
      vertex 90.3428 0.61 9.36575
      vertex 90.4526 0.61 10.9816
      vertex 90.3889 0.61 9.43913
    endloop
  endfacet
  facet normal 0 1 0
    outer loop
      vertex 90.3889 0.61 9.43913
      vertex 90.4526 0.61 10.9816
      vertex 90.4321 0.61 9.50914
    endloop
  endfacet
  facet normal 0 1 0
    outer loop
      vertex 90.4321 0.61 9.50914
      vertex 90.4526 0.61 10.9816
      vertex 90.4725 0.61 9.57577
    endloop
  endfacet
  facet normal 0 1 -0
    outer loop
      vertex 90.4725 0.61 9.57577
      vertex 90.4526 0.61 10.9816
      vertex 90.5101 0.61 9.63905
    endloop
  endfacet
  facet normal 0 1 -0
    outer loop
      vertex 90.5101 0.61 9.63905
      vertex 90.4526 0.61 10.9816
      vertex 90.5449 0.61 9.69897
    endloop
  endfacet
  facet normal 0 1 -0
    outer loop
      vertex 90.5449 0.61 9.69897
      vertex 90.4526 0.61 10.9816
      vertex 90.5769 0.61 9.75554
    endloop
  endfacet
  facet normal 0 1 -0
    outer loop
      vertex 90.5769 0.61 9.75554
      vertex 90.4526 0.61 10.9816
      vertex 90.606 0.61 9.80873
    endloop
  endfacet
  facet normal 0 1 -0
    outer loop
      vertex 90.606 0.61 9.80873
      vertex 90.4526 0.61 10.9816
      vertex 90.6323 0.61 9.85855
    endloop
  endfacet
  facet normal 0 1 -0
    outer loop
      vertex 90.6323 0.61 9.85855
      vertex 90.4526 0.61 10.9816
      vertex 90.6557 0.61 9.90503
    endloop
  endfacet
  facet normal 0 1 -0
    outer loop
      vertex 90.6557 0.61 9.90503
      vertex 90.4526 0.61 10.9816
      vertex 90.6764 0.61 9.94812
    endloop
  endfacet
  facet normal 0 1 -0
    outer loop
      vertex 90.6764 0.61 9.94812
      vertex 90.4526 0.61 10.9816
      vertex 91.7302 0.61 10.9816
    endloop
  endfacet
  facet normal -0 1 0
    outer loop
      vertex 90.6749 0.61 9.9333
      vertex 91.7302 0.61 10.9816
      vertex 90.6732 0.61 9.91545
    endloop
  endfacet
  facet normal -0 1 0
    outer loop
      vertex 90.6732 0.61 9.91545
      vertex 91.7302 0.61 10.9816
      vertex 90.6715 0.61 9.89457
    endloop
  endfacet
  facet normal -0 1 0
    outer loop
      vertex 90.6715 0.61 9.89457
      vertex 91.7302 0.61 10.9816
      vertex 90.6697 0.61 9.87066
    endloop
  endfacet
  facet normal -0 1 0
    outer loop
      vertex 90.6697 0.61 9.87066
      vertex 91.7302 0.61 10.9816
      vertex 90.6677 0.61 9.84373
    endloop
  endfacet
  facet normal -0 1 0
    outer loop
      vertex 90.6677 0.61 9.84373
      vertex 91.7302 0.61 10.9816
      vertex 90.6657 0.61 9.81376
    endloop
  endfacet
  facet normal -0 1 0
    outer loop
      vertex 90.6657 0.61 9.81376
      vertex 91.7302 0.61 10.9816
      vertex 90.6636 0.61 9.78077
    endloop
  endfacet
  facet normal -0 1 0
    outer loop
      vertex 90.6636 0.61 9.78077
      vertex 91.7302 0.61 10.9816
      vertex 90.6613 0.61 9.74476
    endloop
  endfacet
  facet normal -0 1 0
    outer loop
      vertex 90.6613 0.61 9.74476
      vertex 91.7302 0.61 10.9816
      vertex 90.659 0.61 9.70572
    endloop
  endfacet
  facet normal -0 1 0
    outer loop
      vertex 90.659 0.61 9.70572
      vertex 91.7302 0.61 10.9816
      vertex 90.6565 0.61 9.66365
    endloop
  endfacet
  facet normal -0 1 0
    outer loop
      vertex 90.6565 0.61 9.66365
      vertex 91.7302 0.61 10.9816
      vertex 90.654 0.61 9.61854
    endloop
  endfacet
  facet normal -0 1 0
    outer loop
      vertex 90.654 0.61 9.61854
      vertex 91.7302 0.61 10.9816
      vertex 90.6515 0.61 9.57225
    endloop
  endfacet
  facet normal -0 1 0
    outer loop
      vertex 90.6515 0.61 9.57225
      vertex 91.7302 0.61 10.9816
      vertex 90.6493 0.61 9.52655
    endloop
  endfacet
  facet normal -0 1 0
    outer loop
      vertex 90.6493 0.61 9.52655
      vertex 91.7302 0.61 10.9816
      vertex 90.6473 0.61 9.48146
    endloop
  endfacet
  facet normal 0 1 0
    outer loop
      vertex 91.7302 0.61 10.9816
      vertex 90.644 0.61 9.39309
      vertex 90.6455 0.61 9.43698
    endloop
  endfacet
  facet normal 0 1 0
    outer loop
      vertex 91.7302 0.61 10.9816
      vertex 90.6427 0.61 9.34984
      vertex 90.644 0.61 9.39309
    endloop
  endfacet
  facet normal 0 1 0
    outer loop
      vertex 91.7302 0.61 10.9816
      vertex 90.6417 0.61 9.30716
      vertex 90.6427 0.61 9.34984
    endloop
  endfacet
  facet normal 0 1 0
    outer loop
      vertex 91.7302 0.61 10.9816
      vertex 90.6408 0.61 9.2651
      vertex 90.6417 0.61 9.30716
    endloop
  endfacet
  facet normal 0 1 0
    outer loop
      vertex 91.7302 0.61 10.9816
      vertex 90.6402 0.61 9.22365
      vertex 90.6408 0.61 9.2651
    endloop
  endfacet
  facet normal 0 1 0
    outer loop
      vertex 91.7302 0.61 10.9816
      vertex 90.6399 0.61 9.1828
      vertex 90.6402 0.61 9.22365
    endloop
  endfacet
  facet normal 0 1 0
    outer loop
      vertex 91.7302 0.61 10.9816
      vertex 90.6398 0.61 9.14256
      vertex 90.6399 0.61 9.1828
    endloop
  endfacet
  facet normal 0 1 0
    outer loop
      vertex 91.7302 0.61 10.9816
      vertex 91.7302 0.61 7.26686
      vertex 90.6398 0.61 9.14256
    endloop
  endfacet
  facet normal 0 1 0
    outer loop
      vertex 90.6398 0.61 9.14256
      vertex 91.7302 0.61 7.26686
      vertex 90.6398 0.61 7.26686
    endloop
  endfacet
  facet normal 0 1 0
    outer loop
      vertex 95.1657 0.61 6.41647
      vertex 96.2562 0.61 5.24876
      vertex 95.1657 0.61 5.24876
    endloop
  endfacet
  facet normal -0 1 0
    outer loop
      vertex 96.2562 0.61 7.26686
      vertex 97.0211 0.61 7.26686
      vertex 97.0211 0.61 6.41647
    endloop
  endfacet
  facet normal -0 1 0
    outer loop
      vertex 94.9786 0.61 10.9816
      vertex 96.2562 0.61 10.9816
      vertex 95.2023 0.61 9.94812
    endloop
  endfacet
  facet normal 0 1 0
    outer loop
      vertex 95.1657 0.61 7.26686
      vertex 95.1657 0.61 6.41647
      vertex 93.4894 0.61 7.26686
    endloop
  endfacet
  facet normal 0 1 0
    outer loop
      vertex 96.2562 0.61 7.26686
      vertex 97.0211 0.61 6.41647
      vertex 96.2562 0.61 6.41647
    endloop
  endfacet
  facet normal -0 1 0
    outer loop
      vertex 92.5577 0.61 7.27502
      vertex 94.8199 0.61 9.28903
      vertex 93.4894 0.61 7.26686
    endloop
  endfacet
  facet normal 0 1 0
    outer loop
      vertex 96.2562 0.61 6.41647
      vertex 95.1657 0.61 6.41647
      vertex 95.1657 0.61 7.26686
    endloop
  endfacet
  facet normal 0 1 0
    outer loop
      vertex 95.2008 0.61 9.9333
      vertex 95.2023 0.61 9.94812
      vertex 96.2562 0.61 10.9816
    endloop
  endfacet
  facet normal 0 1 0
    outer loop
      vertex 95.1657 0.61 6.41647
      vertex 92.5577 0.61 6.41647
      vertex 93.4894 0.61 7.26686
    endloop
  endfacet
  facet normal 0 1 0
    outer loop
      vertex 93.4894 0.61 7.26686
      vertex 92.5577 0.61 6.41647
      vertex 92.5577 0.61 7.27502
    endloop
  endfacet
  facet normal -0 1 0
    outer loop
      vertex 95.1733 0.61 9.48146
      vertex 96.2562 0.61 10.9816
      vertex 95.1715 0.61 9.43698
    endloop
  endfacet
  facet normal 0 1 -0
    outer loop
      vertex 94.8199 0.61 9.28903
      vertex 92.5577 0.61 7.27502
      vertex 94.9786 0.61 10.9816
    endloop
  endfacet
  facet normal 0 1 0
    outer loop
      vertex 94.9786 0.61 10.9816
      vertex 94.8688 0.61 9.36575
      vertex 94.8199 0.61 9.28903
    endloop
  endfacet
  facet normal 0 1 0
    outer loop
      vertex 96.2562 0.61 10.9816
      vertex 95.1775 0.61 9.57225
      vertex 95.18 0.61 9.61854
    endloop
  endfacet
  facet normal 0 1 0
    outer loop
      vertex 94.9786 0.61 10.9816
      vertex 94.9149 0.61 9.43913
      vertex 94.8688 0.61 9.36575
    endloop
  endfacet
  facet normal 0 1 0
    outer loop
      vertex 96.2562 0.61 10.9816
      vertex 95.18 0.61 9.61854
      vertex 95.1825 0.61 9.66365
    endloop
  endfacet
  facet normal 0 1 0
    outer loop
      vertex 94.9786 0.61 10.9816
      vertex 94.9581 0.61 9.50914
      vertex 94.9149 0.61 9.43913
    endloop
  endfacet
  facet normal 0 1 0
    outer loop
      vertex 96.2562 0.61 10.9816
      vertex 95.1849 0.61 9.70572
      vertex 95.1873 0.61 9.74476
    endloop
  endfacet
  facet normal 0 1 0
    outer loop
      vertex 94.9786 0.61 10.9816
      vertex 94.9985 0.61 9.57577
      vertex 94.9581 0.61 9.50914
    endloop
  endfacet
  facet normal 0 1 0
    outer loop
      vertex 96.2562 0.61 10.9816
      vertex 95.1873 0.61 9.74476
      vertex 95.1895 0.61 9.78077
    endloop
  endfacet
  facet normal 0 1 0
    outer loop
      vertex 94.9786 0.61 10.9816
      vertex 95.0361 0.61 9.63905
      vertex 94.9985 0.61 9.57577
    endloop
  endfacet
  facet normal 0 1 0
    outer loop
      vertex 96.2562 0.61 10.9816
      vertex 95.1895 0.61 9.78077
      vertex 95.1917 0.61 9.81376
    endloop
  endfacet
  facet normal 0 1 0
    outer loop
      vertex 94.9786 0.61 10.9816
      vertex 95.0709 0.61 9.69897
      vertex 95.0361 0.61 9.63905
    endloop
  endfacet
  facet normal 0 1 0
    outer loop
      vertex 96.2562 0.61 10.9816
      vertex 95.1917 0.61 9.81376
      vertex 95.1937 0.61 9.84373
    endloop
  endfacet
  facet normal 0 1 0
    outer loop
      vertex 94.9786 0.61 10.9816
      vertex 95.1028 0.61 9.75554
      vertex 95.0709 0.61 9.69897
    endloop
  endfacet
  facet normal 0 1 0
    outer loop
      vertex 96.2562 0.61 10.9816
      vertex 95.1937 0.61 9.84373
      vertex 95.1956 0.61 9.87066
    endloop
  endfacet
  facet normal 0 1 0
    outer loop
      vertex 94.9786 0.61 10.9816
      vertex 95.1319 0.61 9.80873
      vertex 95.1028 0.61 9.75554
    endloop
  endfacet
  facet normal 0 1 0
    outer loop
      vertex 96.2562 0.61 10.9816
      vertex 95.1956 0.61 9.87066
      vertex 95.1975 0.61 9.89457
    endloop
  endfacet
  facet normal 0 1 0
    outer loop
      vertex 94.9786 0.61 10.9816
      vertex 95.1582 0.61 9.85855
      vertex 95.1319 0.61 9.80873
    endloop
  endfacet
  facet normal 0 1 0
    outer loop
      vertex 94.9786 0.61 10.9816
      vertex 95.1817 0.61 9.90503
      vertex 95.1582 0.61 9.85855
    endloop
  endfacet
  facet normal 0 1 0
    outer loop
      vertex 96.2562 0.61 10.9816
      vertex 95.1975 0.61 9.89457
      vertex 95.1992 0.61 9.91545
    endloop
  endfacet
  facet normal 0 1 0
    outer loop
      vertex 94.9786 0.61 10.9816
      vertex 95.2023 0.61 9.94812
      vertex 95.1817 0.61 9.90503
    endloop
  endfacet
  facet normal 0 1 0
    outer loop
      vertex 96.2562 0.61 10.9816
      vertex 95.1992 0.61 9.91545
      vertex 95.2008 0.61 9.9333
    endloop
  endfacet
  facet normal 0 1 0
    outer loop
      vertex 96.2562 0.61 10.9816
      vertex 95.1825 0.61 9.66365
      vertex 95.1849 0.61 9.70572
    endloop
  endfacet
  facet normal 0 1 0
    outer loop
      vertex 96.2562 0.61 10.9816
      vertex 95.1752 0.61 9.52655
      vertex 95.1775 0.61 9.57225
    endloop
  endfacet
  facet normal 0 1 0
    outer loop
      vertex 96.2562 0.61 10.9816
      vertex 95.1733 0.61 9.48146
      vertex 95.1752 0.61 9.52655
    endloop
  endfacet
  facet normal 0 1 0
    outer loop
      vertex 95.17 0.61 9.39309
      vertex 95.1715 0.61 9.43698
      vertex 96.2562 0.61 10.9816
    endloop
  endfacet
  facet normal 0 1 0
    outer loop
      vertex 95.1687 0.61 9.34984
      vertex 95.17 0.61 9.39309
      vertex 96.2562 0.61 10.9816
    endloop
  endfacet
  facet normal 0 1 0
    outer loop
      vertex 95.1676 0.61 9.30716
      vertex 95.1687 0.61 9.34984
      vertex 96.2562 0.61 10.9816
    endloop
  endfacet
  facet normal 0 1 0
    outer loop
      vertex 95.1668 0.61 9.2651
      vertex 95.1676 0.61 9.30716
      vertex 96.2562 0.61 10.9816
    endloop
  endfacet
  facet normal 0 1 0
    outer loop
      vertex 95.1662 0.61 9.22365
      vertex 95.1668 0.61 9.2651
      vertex 96.2562 0.61 10.9816
    endloop
  endfacet
  facet normal 0 1 0
    outer loop
      vertex 95.1658 0.61 9.1828
      vertex 95.1662 0.61 9.22365
      vertex 96.2562 0.61 10.9816
    endloop
  endfacet
  facet normal 0 1 0
    outer loop
      vertex 95.1657 0.61 9.14256
      vertex 95.1658 0.61 9.1828
      vertex 96.2562 0.61 10.9816
    endloop
  endfacet
  facet normal 0 1 -0
    outer loop
      vertex 96.2562 0.61 7.26686
      vertex 95.1657 0.61 9.14256
      vertex 96.2562 0.61 10.9816
    endloop
  endfacet
  facet normal 0 1 0
    outer loop
      vertex 96.2562 0.61 7.26686
      vertex 95.1657 0.61 7.26686
      vertex 95.1657 0.61 9.14256
    endloop
  endfacet
  facet normal 0 1 0
    outer loop
      vertex 85.5211 0.61 6.91285
      vertex 85.5211 0.61 7.90568
      vertex 87.6368 0.61 6.91285
    endloop
  endfacet
  facet normal 0 -1 0
    outer loop
      vertex 78.6739 -0.01 5.92286
      vertex 78.7692 -0.01 6.02809
      vertex 77.9056 -0.01 6.68808
    endloop
  endfacet
  facet normal 0 -1 0
    outer loop
      vertex 77.9056 -0.01 6.68808
      vertex 78.8592 -0.01 6.14035
      vertex 78.0099 -0.01 6.84128
    endloop
  endfacet
  facet normal 0 -1 0
    outer loop
      vertex 77.9056 -0.01 6.68808
      vertex 78.7692 -0.01 6.02809
      vertex 78.8592 -0.01 6.14035
    endloop
  endfacet
  facet normal 0 -1 0
    outer loop
      vertex 78.8592 -0.01 6.14035
      vertex 78.9441 -0.01 6.25964
      vertex 78.0099 -0.01 6.84128
    endloop
  endfacet
  facet normal 0 -1 0
    outer loop
      vertex 77.7903 -0.01 6.5529
      vertex 78.6739 -0.01 5.92286
      vertex 77.9056 -0.01 6.68808
    endloop
  endfacet
  facet normal -0 -1 0
    outer loop
      vertex 79.0237 -0.01 6.38595
      vertex 78.0099 -0.01 6.84128
      vertex 78.9441 -0.01 6.25964
    endloop
  endfacet
  facet normal 0 -1 0
    outer loop
      vertex 78.5734 -0.01 5.82466
      vertex 78.6739 -0.01 5.92286
      vertex 77.7903 -0.01 6.5529
    endloop
  endfacet
  facet normal 0 -1 0
    outer loop
      vertex 78.0099 -0.01 6.84128
      vertex 79.0237 -0.01 6.38595
      vertex 78.1033 -0.01 7.01251
    endloop
  endfacet
  facet normal -0 -1 0
    outer loop
      vertex 78.5734 -0.01 5.82466
      vertex 77.7903 -0.01 6.5529
      vertex 78.4677 -0.01 5.73349
    endloop
  endfacet
  facet normal 0 -1 0
    outer loop
      vertex 77.7903 -0.01 6.5529
      vertex 78.3568 -0.01 5.64933
      vertex 78.4677 -0.01 5.73349
    endloop
  endfacet
  facet normal 0 -1 0
    outer loop
      vertex 78.1033 -0.01 7.01251
      vertex 79.0237 -0.01 6.38595
      vertex 79.0982 -0.01 6.5193
    endloop
  endfacet
  facet normal 0 -1 0
    outer loop
      vertex 77.664 -0.01 6.43574
      vertex 78.3568 -0.01 5.64933
      vertex 77.7903 -0.01 6.5529
    endloop
  endfacet
  facet normal 0 -1 0
    outer loop
      vertex 79.0982 -0.01 6.5193
      vertex 79.1674 -0.01 6.65968
      vertex 78.1033 -0.01 7.01251
    endloop
  endfacet
  facet normal 0 -1 0
    outer loop
      vertex 78.2406 -0.01 5.57222
      vertex 78.3568 -0.01 5.64933
      vertex 77.664 -0.01 6.43574
    endloop
  endfacet
  facet normal 0 -1 -0
    outer loop
      vertex 78.1857 -0.01 7.20176
      vertex 78.1033 -0.01 7.01251
      vertex 79.1674 -0.01 6.65968
    endloop
  endfacet
  facet normal 0 -1 0
    outer loop
      vertex 80.4151 -0.01 5.95063
      vertex 80.5575 -0.01 5.81471
      vertex 81.3021 -0.01 6.63212
    endloop
  endfacet
  facet normal -0 -1 0
    outer loop
      vertex 78.2406 -0.01 5.57222
      vertex 77.664 -0.01 6.43574
      vertex 78.1198 -0.01 5.50197
    endloop
  endfacet
  facet normal -0 -1 0
    outer loop
      vertex 81.7755 -0.01 6.26626
      vertex 81.6681 -0.01 6.32222
      vertex 81.2311 -0.01 5.40043
    endloop
  endfacet
  facet normal 0 -1 0
    outer loop
      vertex 81.8892 -0.01 6.21891
      vertex 81.4255 -0.01 5.32922
      vertex 81.6302 -0.01 5.27096
    endloop
  endfacet
  facet normal -0 -1 0
    outer loop
      vertex 79.2314 -0.01 6.80708
      vertex 78.1857 -0.01 7.20176
      vertex 79.1674 -0.01 6.65968
    endloop
  endfacet
  facet normal 0 -1 -0
    outer loop
      vertex 82.0093 -0.01 6.18019
      vertex 81.8454 -0.01 5.22566
      vertex 82.1357 -0.01 6.15005
    endloop
  endfacet
  facet normal 0 -1 0
    outer loop
      vertex 77.8652 -0.01 5.38151
      vertex 77.9946 -0.01 5.4384
      vertex 77.5268 -0.01 6.33662
    endloop
  endfacet
  facet normal 0 -1 0
    outer loop
      vertex 82.071 -0.01 5.1933
      vertex 82.3069 -0.01 5.17387
      vertex 82.2685 -0.01 6.12854
    endloop
  endfacet
  facet normal 0 -1 0
    outer loop
      vertex 77.8652 -0.01 5.38151
      vertex 77.5268 -0.01 6.33662
      vertex 77.3786 -0.01 6.25551
    endloop
  endfacet
  facet normal 0 -1 0
    outer loop
      vertex 77.4514 -0.01 5.25103
      vertex 77.5936 -0.01 5.28784
      vertex 77.2194 -0.01 6.19243
    endloop
  endfacet
  facet normal 0 -1 0
    outer loop
      vertex 77.0493 -0.01 6.14737
      vertex 77.1541 -0.01 5.19751
      vertex 77.3049 -0.01 5.22093
    endloop
  endfacet
  facet normal 0 -1 0
    outer loop
      vertex 77.5268 -0.01 6.33662
      vertex 77.9946 -0.01 5.4384
      vertex 78.1198 -0.01 5.50197
    endloop
  endfacet
  facet normal 0 -1 -0
    outer loop
      vertex 77.664 -0.01 6.43574
      vertex 77.5268 -0.01 6.33662
      vertex 78.1198 -0.01 5.50197
    endloop
  endfacet
  facet normal -0 -1 0
    outer loop
      vertex 77.8652 -0.01 5.38151
      vertex 77.3786 -0.01 6.25551
      vertex 77.7316 -0.01 5.33133
    endloop
  endfacet
  facet normal 0 -1 0
    outer loop
      vertex 77.2194 -0.01 6.19243
      vertex 77.5936 -0.01 5.28784
      vertex 77.3786 -0.01 6.25551
    endloop
  endfacet
  facet normal 0 -1 0
    outer loop
      vertex 77.3786 -0.01 6.25551
      vertex 77.5936 -0.01 5.28784
      vertex 77.7316 -0.01 5.33133
    endloop
  endfacet
  facet normal 0 -1 0
    outer loop
      vertex 77.3049 -0.01 5.22093
      vertex 77.4514 -0.01 5.25103
      vertex 77.2194 -0.01 6.19243
    endloop
  endfacet
  facet normal 0 -1 0
    outer loop
      vertex 77.3049 -0.01 5.22093
      vertex 77.2194 -0.01 6.19243
      vertex 77.0493 -0.01 6.14737
    endloop
  endfacet
  facet normal 0 -1 0
    outer loop
      vertex 76.8683 -0.01 6.12033
      vertex 77.1541 -0.01 5.19751
      vertex 77.0493 -0.01 6.14737
    endloop
  endfacet
  facet normal 0 -1 0
    outer loop
      vertex 76.9991 -0.01 5.18078
      vertex 77.1541 -0.01 5.19751
      vertex 76.8683 -0.01 6.12033
    endloop
  endfacet
  facet normal -0 -1 0
    outer loop
      vertex 76.9991 -0.01 5.18078
      vertex 76.8683 -0.01 6.12033
      vertex 76.8398 -0.01 5.17074
    endloop
  endfacet
  facet normal 0 -1 0
    outer loop
      vertex 76.8683 -0.01 6.12033
      vertex 76.6762 -0.01 6.11133
      vertex 76.8398 -0.01 5.17074
    endloop
  endfacet
  facet normal 0 -1 0
    outer loop
      vertex 76.6762 -0.01 6.11133
      vertex 76.6762 -0.01 5.1674
      vertex 76.8398 -0.01 5.17074
    endloop
  endfacet
  facet normal 0 -1 0
    outer loop
      vertex 76.5307 -0.01 6.11563
      vertex 76.6762 -0.01 5.1674
      vertex 76.6762 -0.01 6.11133
    endloop
  endfacet
  facet normal 0 -1 -0
    outer loop
      vertex 76.3915 -0.01 6.12854
      vertex 76.194 -0.01 5.1933
      vertex 76.4299 -0.01 5.17387
    endloop
  endfacet
  facet normal -0 -1 0
    outer loop
      vertex 76.2587 -0.01 6.15005
      vertex 76.1323 -0.01 6.18019
      vertex 75.9684 -0.01 5.22566
    endloop
  endfacet
  facet normal 0 -1 0
    outer loop
      vertex 75.7533 -0.01 5.27096
      vertex 76.0122 -0.01 6.21891
      vertex 75.5485 -0.01 5.32922
    endloop
  endfacet
  facet normal 0 -1 0
    outer loop
      vertex 75.3541 -0.01 5.40043
      vertex 75.8985 -0.01 6.26626
      vertex 75.7911 -0.01 6.32222
    endloop
  endfacet
  facet normal 0 -1 0
    outer loop
      vertex 74.9965 -0.01 5.58168
      vertex 75.1701 -0.01 5.48457
      vertex 75.69 -0.01 6.38678
    endloop
  endfacet
  facet normal 0 -1 -0
    outer loop
      vertex 75.507 -0.01 6.54173
      vertex 74.8333 -0.01 5.69171
      vertex 75.5954 -0.01 6.45996
    endloop
  endfacet
  facet normal -0 -1 0
    outer loop
      vertex 75.4251 -0.01 6.63212
      vertex 75.3499 -0.01 6.73068
      vertex 74.5381 -0.01 5.95063
    endloop
  endfacet
  facet normal 0 -1 0
    outer loop
      vertex 74.4071 -0.01 6.0982
      vertex 75.2818 -0.01 6.83697
      vertex 74.2885 -0.01 6.2561
    endloop
  endfacet
  facet normal 0 -1 0
    outer loop
      vertex 74.0889 -0.01 6.60286
      vertex 74.1825 -0.01 6.42431
      vertex 75.1673 -0.01 7.07275
    endloop
  endfacet
  facet normal 0 -1 0
    outer loop
      vertex 73.9393 -0.01 6.99089
      vertex 74.0079 -0.01 6.79171
      vertex 75.1207 -0.01 7.20225
    endloop
  endfacet
  facet normal 0 -1 0
    outer loop
      vertex 73.9393 -0.01 6.99089
      vertex 75.1207 -0.01 7.20225
      vertex 75.0813 -0.01 7.33949
    endloop
  endfacet
  facet normal 0 -1 0
    outer loop
      vertex 73.8831 -0.01 7.20041
      vertex 75.0813 -0.01 7.33949
      vertex 75.0491 -0.01 7.48445
    endloop
  endfacet
  facet normal 0 -1 0
    outer loop
      vertex 73.8394 -0.01 7.42022
      vertex 75.0491 -0.01 7.48445
      vertex 75.024 -0.01 7.63714
    endloop
  endfacet
  facet normal 0 -1 0
    outer loop
      vertex 73.7896 -0.01 7.89087
      vertex 73.8083 -0.01 7.65039
      vertex 75.0061 -0.01 7.79759
    endloop
  endfacet
  facet normal 0 -1 0
    outer loop
      vertex 73.7833 -0.01 8.14164
      vertex 73.7896 -0.01 7.89087
      vertex 74.9953 -0.01 7.96576
    endloop
  endfacet
  facet normal -0 -1 0
    outer loop
      vertex 74.9953 -0.01 8.31457
      vertex 73.7893 -0.01 8.39293
      vertex 73.7833 -0.01 8.14164
    endloop
  endfacet
  facet normal -0 -1 0
    outer loop
      vertex 75.0057 -0.01 8.47978
      vertex 73.8074 -0.01 8.63339
      vertex 73.7893 -0.01 8.39293
    endloop
  endfacet
  facet normal -0 -1 0
    outer loop
      vertex 75.0231 -0.01 8.63725
      vertex 73.8375 -0.01 8.86302
      vertex 73.8074 -0.01 8.63339
    endloop
  endfacet
  facet normal 0 -1 0
    outer loop
      vertex 75.0475 -0.01 8.78698
      vertex 73.8796 -0.01 9.08183
      vertex 73.8375 -0.01 8.86302
    endloop
  endfacet
  facet normal 0 -1 0
    outer loop
      vertex 75.0788 -0.01 8.92898
      vertex 73.9338 -0.01 9.28981
      vertex 73.8796 -0.01 9.08183
    endloop
  endfacet
  facet normal 0 -1 0
    outer loop
      vertex 75.1171 -0.01 9.06324
      vertex 74 -0.01 9.48695
      vertex 73.9338 -0.01 9.28981
    endloop
  endfacet
  facet normal -0 -1 0
    outer loop
      vertex 75.1623 -0.01 9.18977
      vertex 74 -0.01 9.48695
      vertex 75.1171 -0.01 9.06324
    endloop
  endfacet
  facet normal -0 -1 0
    outer loop
      vertex 75.2145 -0.01 9.30856
      vertex 74.0782 -0.01 9.67328
      vertex 75.1623 -0.01 9.18977
    endloop
  endfacet
  facet normal 0 -1 -0
    outer loop
      vertex 74.2708 -0.01 10.0134
      vertex 74.1685 -0.01 9.84877
      vertex 75.2145 -0.01 9.30856
    endloop
  endfacet
  facet normal 0 -1 0
    outer loop
      vertex 74.2708 -0.01 10.0134
      vertex 75.2145 -0.01 9.30856
      vertex 75.2737 -0.01 9.41963
    endloop
  endfacet
  facet normal 0 -1 0
    outer loop
      vertex 74.3852 -0.01 10.1673
      vertex 75.2737 -0.01 9.41963
      vertex 75.3398 -0.01 9.52295
    endloop
  endfacet
  facet normal 0 -1 0
    outer loop
      vertex 74.5116 -0.01 10.3103
      vertex 75.3398 -0.01 9.52295
      vertex 75.4129 -0.01 9.61854
    endloop
  endfacet
  facet normal 0 -1 0
    outer loop
      vertex 74.5116 -0.01 10.3103
      vertex 75.4129 -0.01 9.61854
      vertex 74.6494 -0.01 10.4416
    endloop
  endfacet
  facet normal 0 -1 0
    outer loop
      vertex 74.6494 -0.01 10.4416
      vertex 75.4927 -0.01 9.70611
      vertex 74.7981 -0.01 10.5605
    endloop
  endfacet
  facet normal 0 -1 0
    outer loop
      vertex 74.7981 -0.01 10.5605
      vertex 75.579 -0.01 9.78534
      vertex 74.9576 -0.01 10.6668
    endloop
  endfacet
  facet normal 0 -1 0
    outer loop
      vertex 75.579 -0.01 9.78534
      vertex 75.6718 -0.01 9.85621
      vertex 74.9576 -0.01 10.6668
    endloop
  endfacet
  facet normal 0 -1 0
    outer loop
      vertex 75.6718 -0.01 9.85621
      vertex 75.3091 -0.01 10.8419
      vertex 75.1279 -0.01 10.7606
    endloop
  endfacet
  facet normal 0 -1 0
    outer loop
      vertex 75.771 -0.01 9.91876
      vertex 75.501 -0.01 10.9107
      vertex 75.3091 -0.01 10.8419
    endloop
  endfacet
  facet normal 0 -1 0
    outer loop
      vertex 75.8768 -0.01 9.97297
      vertex 75.7038 -0.01 10.967
      vertex 75.501 -0.01 10.9107
    endloop
  endfacet
  facet normal 0 -1 0
    outer loop
      vertex 75.9891 -0.01 10.0188
      vertex 76.1078 -0.01 10.0564
      vertex 75.7038 -0.01 10.967
    endloop
  endfacet
  facet normal 0 -1 0
    outer loop
      vertex 75.9174 -0.01 11.0108
      vertex 76.2331 -0.01 10.0856
      vertex 76.1419 -0.01 11.0421
    endloop
  endfacet
  facet normal 0 -1 0
    outer loop
      vertex 76.1419 -0.01 11.0421
      vertex 76.3648 -0.01 10.1064
      vertex 76.3772 -0.01 11.0608
    endloop
  endfacet
  facet normal 0 -1 -0
    outer loop
      vertex 76.6233 -0.01 11.0671
      vertex 76.503 -0.01 10.1189
      vertex 76.6477 -0.01 10.1231
    endloop
  endfacet
  facet normal 0 -1 0
    outer loop
      vertex 76.8369 -0.01 10.1147
      vertex 76.8037 -0.01 11.0637
      vertex 76.7435 -0.01 10.121
    endloop
  endfacet
  facet normal 0 -1 0
    outer loop
      vertex 76.928 -0.01 10.1042
      vertex 77.1458 -0.01 11.037
      vertex 76.9779 -0.01 11.0537
    endloop
  endfacet
  facet normal 0 -1 0
    outer loop
      vertex 77.0168 -0.01 10.0895
      vertex 77.3077 -0.01 11.0135
      vertex 77.1458 -0.01 11.037
    endloop
  endfacet
  facet normal 0 -1 -0
    outer loop
      vertex 77.3077 -0.01 11.0135
      vertex 77.1874 -0.01 10.0474
      vertex 77.4633 -0.01 10.9834
    endloop
  endfacet
  facet normal 0 -1 0
    outer loop
      vertex 77.6127 -0.01 10.9466
      vertex 77.2693 -0.01 10.0201
      vertex 77.3488 -0.01 9.98858
    endloop
  endfacet
  facet normal 0 -1 0
    outer loop
      vertex 77.756 -0.01 10.9031
      vertex 77.3488 -0.01 9.98858
      vertex 77.426 -0.01 9.95286
    endloop
  endfacet
  facet normal 0 -1 0
    outer loop
      vertex 77.893 -0.01 10.8529
      vertex 77.426 -0.01 9.95286
      vertex 77.5008 -0.01 9.91293
    endloop
  endfacet
  facet normal 0 -1 0
    outer loop
      vertex 78.0239 -0.01 10.796
      vertex 77.5008 -0.01 9.91293
      vertex 77.5734 -0.01 9.8688
    endloop
  endfacet
  facet normal 0 -1 0
    outer loop
      vertex 78.1486 -0.01 10.7324
      vertex 77.5734 -0.01 9.8688
      vertex 77.6426 -0.01 9.8211
    endloop
  endfacet
  facet normal 0 -1 -0
    outer loop
      vertex 78.1486 -0.01 10.7324
      vertex 77.6426 -0.01 9.8211
      vertex 78.267 -0.01 10.6622
    endloop
  endfacet
  facet normal 0 -1 -0
    outer loop
      vertex 78.267 -0.01 10.6622
      vertex 77.7076 -0.01 9.77049
      vertex 78.3793 -0.01 10.5854
    endloop
  endfacet
  facet normal 0 -1 -0
    outer loop
      vertex 78.3793 -0.01 10.5854
      vertex 77.7683 -0.01 9.71695
      vertex 78.4854 -0.01 10.5024
    endloop
  endfacet
  facet normal 0 -1 -0
    outer loop
      vertex 78.4854 -0.01 10.5024
      vertex 77.8248 -0.01 9.66047
      vertex 78.5851 -0.01 10.4131
    endloop
  endfacet
  facet normal 0 -1 0
    outer loop
      vertex 77.8248 -0.01 9.66047
      vertex 78.6786 -0.01 10.3175
      vertex 78.5851 -0.01 10.4131
    endloop
  endfacet
  facet normal 0 -1 0
    outer loop
      vertex 77.8769 -0.01 9.60107
      vertex 78.6786 -0.01 10.3175
      vertex 77.8248 -0.01 9.66047
    endloop
  endfacet
  facet normal -0 -1 0
    outer loop
      vertex 78.7659 -0.01 10.2156
      vertex 78.6786 -0.01 10.3175
      vertex 77.8769 -0.01 9.60107
    endloop
  endfacet
  facet normal 0 -1 0
    outer loop
      vertex 78.7659 -0.01 10.2156
      vertex 77.8769 -0.01 9.60107
      vertex 77.9248 -0.01 9.53874
    endloop
  endfacet
  facet normal 0 -1 -0
    outer loop
      vertex 78.7659 -0.01 10.2156
      vertex 77.9248 -0.01 9.53874
      vertex 78.8469 -0.01 10.1074
    endloop
  endfacet
  facet normal 0 -1 0
    outer loop
      vertex 77.9248 -0.01 9.53874
      vertex 77.9685 -0.01 9.47349
      vertex 78.8469 -0.01 10.1074
    endloop
  endfacet
  facet normal 0 -1 0
    outer loop
      vertex 77.9685 -0.01 9.47349
      vertex 78.9217 -0.01 9.99289
      vertex 78.8469 -0.01 10.1074
    endloop
  endfacet
  facet normal 0 -1 0
    outer loop
      vertex 78.0078 -0.01 9.40532
      vertex 78.9217 -0.01 9.99289
      vertex 77.9685 -0.01 9.47349
    endloop
  endfacet
  facet normal -0 -1 0
    outer loop
      vertex 78.9902 -0.01 9.87211
      vertex 78.9217 -0.01 9.99289
      vertex 78.0078 -0.01 9.40532
    endloop
  endfacet
  facet normal 0 -1 0
    outer loop
      vertex 78.9902 -0.01 9.87211
      vertex 78.0078 -0.01 9.40532
      vertex 78.0429 -0.01 9.33423
    endloop
  endfacet
  facet normal 0 -1 -0
    outer loop
      vertex 78.9902 -0.01 9.87211
      vertex 78.0429 -0.01 9.33423
      vertex 79.0524 -0.01 9.74507
    endloop
  endfacet
  facet normal 0 -1 0
    outer loop
      vertex 78.0429 -0.01 9.33423
      vertex 78.0737 -0.01 9.26019
      vertex 79.0524 -0.01 9.74507
    endloop
  endfacet
  facet normal 0 -1 0
    outer loop
      vertex 78.1003 -0.01 9.18324
      vertex 79.1084 -0.01 9.61172
      vertex 78.0737 -0.01 9.26019
    endloop
  endfacet
  facet normal 0 -1 0
    outer loop
      vertex 78.0737 -0.01 9.26019
      vertex 79.1084 -0.01 9.61172
      vertex 79.0524 -0.01 9.74507
    endloop
  endfacet
  facet normal 0 -1 0
    outer loop
      vertex 78.1003 -0.01 9.18324
      vertex 79.1582 -0.01 9.47209
      vertex 79.1084 -0.01 9.61172
    endloop
  endfacet
  facet normal 0 -1 0
    outer loop
      vertex 77.7683 -0.01 9.71695
      vertex 77.8248 -0.01 9.66047
      vertex 78.4854 -0.01 10.5024
    endloop
  endfacet
  facet normal 0 -1 0
    outer loop
      vertex 84.5509 -0.01 5.92286
      vertex 83.7826 -0.01 6.68808
      vertex 83.6673 -0.01 6.5529
    endloop
  endfacet
  facet normal 0 -1 0
    outer loop
      vertex 77.7076 -0.01 9.77049
      vertex 77.7683 -0.01 9.71695
      vertex 78.3793 -0.01 10.5854
    endloop
  endfacet
  facet normal 0 -1 0
    outer loop
      vertex 84.6462 -0.01 6.02809
      vertex 84.7362 -0.01 6.14035
      vertex 83.7826 -0.01 6.68808
    endloop
  endfacet
  facet normal 0 -1 0
    outer loop
      vertex 77.6426 -0.01 9.8211
      vertex 77.7076 -0.01 9.77049
      vertex 78.267 -0.01 10.6622
    endloop
  endfacet
  facet normal 0 -1 0
    outer loop
      vertex 84.5509 -0.01 5.92286
      vertex 84.6462 -0.01 6.02809
      vertex 83.7826 -0.01 6.68808
    endloop
  endfacet
  facet normal 0 -1 -0
    outer loop
      vertex 78.0239 -0.01 10.796
      vertex 77.5734 -0.01 9.8688
      vertex 78.1486 -0.01 10.7324
    endloop
  endfacet
  facet normal 0 -1 -0
    outer loop
      vertex 83.8869 -0.01 6.84128
      vertex 83.7826 -0.01 6.68808
      vertex 84.7362 -0.01 6.14035
    endloop
  endfacet
  facet normal 0 -1 -0
    outer loop
      vertex 77.893 -0.01 10.8529
      vertex 77.5008 -0.01 9.91293
      vertex 78.0239 -0.01 10.796
    endloop
  endfacet
  facet normal -0 -1 0
    outer loop
      vertex 84.8211 -0.01 6.25964
      vertex 83.8869 -0.01 6.84128
      vertex 84.7362 -0.01 6.14035
    endloop
  endfacet
  facet normal 0 -1 -0
    outer loop
      vertex 77.756 -0.01 10.9031
      vertex 77.426 -0.01 9.95286
      vertex 77.893 -0.01 10.8529
    endloop
  endfacet
  facet normal 0 -1 0
    outer loop
      vertex 84.8211 -0.01 6.25964
      vertex 84.9007 -0.01 6.38595
      vertex 83.8869 -0.01 6.84128
    endloop
  endfacet
  facet normal 0 -1 -0
    outer loop
      vertex 77.6127 -0.01 10.9466
      vertex 77.3488 -0.01 9.98858
      vertex 77.756 -0.01 10.9031
    endloop
  endfacet
  facet normal 0 -1 0
    outer loop
      vertex 84.9007 -0.01 6.38595
      vertex 84.9751 -0.01 6.5193
      vertex 83.9803 -0.01 7.01251
    endloop
  endfacet
  facet normal 0 -1 -0
    outer loop
      vertex 77.4633 -0.01 10.9834
      vertex 77.2693 -0.01 10.0201
      vertex 77.6127 -0.01 10.9466
    endloop
  endfacet
  facet normal 0 -1 -0
    outer loop
      vertex 84.0627 -0.01 7.20176
      vertex 83.9803 -0.01 7.01251
      vertex 85.0444 -0.01 6.65968
    endloop
  endfacet
  facet normal 0 -1 0
    outer loop
      vertex 77.1874 -0.01 10.0474
      vertex 77.2693 -0.01 10.0201
      vertex 77.4633 -0.01 10.9834
    endloop
  endfacet
  facet normal 0 -1 0
    outer loop
      vertex 83.6086 -0.01 5.33133
      vertex 83.7422 -0.01 5.38151
      vertex 83.2556 -0.01 6.25551
    endloop
  endfacet
  facet normal 0 -1 0
    outer loop
      vertex 77.1033 -0.01 10.0705
      vertex 77.1874 -0.01 10.0474
      vertex 77.3077 -0.01 11.0135
    endloop
  endfacet
  facet normal 0 -1 0
    outer loop
      vertex 80.9245 -0.01 8.78698
      vertex 79.7566 -0.01 9.08183
      vertex 79.7145 -0.01 8.86302
    endloop
  endfacet
  facet normal 0 -1 0
    outer loop
      vertex 77.1033 -0.01 10.0705
      vertex 77.3077 -0.01 11.0135
      vertex 77.0168 -0.01 10.0895
    endloop
  endfacet
  facet normal 0 -1 0
    outer loop
      vertex 80.3886 -0.01 10.3103
      vertex 81.2898 -0.01 9.61854
      vertex 80.5264 -0.01 10.4416
    endloop
  endfacet
  facet normal 0 -1 0
    outer loop
      vertex 77.0168 -0.01 10.0895
      vertex 77.1458 -0.01 11.037
      vertex 76.928 -0.01 10.1042
    endloop
  endfacet
  facet normal 0 -1 0
    outer loop
      vertex 81.5488 -0.01 9.85621
      vertex 81.648 -0.01 9.91876
      vertex 81.1861 -0.01 10.8419
    endloop
  endfacet
  facet normal 0 -1 0
    outer loop
      vertex 76.928 -0.01 10.1042
      vertex 76.9779 -0.01 11.0537
      vertex 76.8369 -0.01 10.1147
    endloop
  endfacet
  facet normal -0 -1 0
    outer loop
      vertex 81.8661 -0.01 10.0188
      vertex 81.5808 -0.01 10.967
      vertex 81.7538 -0.01 9.97297
    endloop
  endfacet
  facet normal -0 -1 0
    outer loop
      vertex 76.9779 -0.01 11.0537
      vertex 76.8037 -0.01 11.0637
      vertex 76.8369 -0.01 10.1147
    endloop
  endfacet
  facet normal 0 -1 0
    outer loop
      vertex 82.1101 -0.01 10.0856
      vertex 82.0189 -0.01 11.0421
      vertex 81.7944 -0.01 11.0108
    endloop
  endfacet
  facet normal 0 -1 0
    outer loop
      vertex 76.8037 -0.01 11.0637
      vertex 76.6477 -0.01 10.1231
      vertex 76.7435 -0.01 10.121
    endloop
  endfacet
  facet normal 0 -1 0
    outer loop
      vertex 82.2418 -0.01 10.1064
      vertex 82.38 -0.01 10.1189
      vertex 82.2542 -0.01 11.0608
    endloop
  endfacet
  facet normal 0 -1 0
    outer loop
      vertex 76.6233 -0.01 11.0671
      vertex 76.6477 -0.01 10.1231
      vertex 76.8037 -0.01 11.0637
    endloop
  endfacet
  facet normal 0 -1 0
    outer loop
      vertex 82.5247 -0.01 10.1231
      vertex 82.6205 -0.01 10.121
      vertex 82.6807 -0.01 11.0637
    endloop
  endfacet
  facet normal 0 -1 0
    outer loop
      vertex 76.3772 -0.01 11.0608
      vertex 76.503 -0.01 10.1189
      vertex 76.6233 -0.01 11.0671
    endloop
  endfacet
  facet normal 0 -1 0
    outer loop
      vertex 83.0228 -0.01 11.037
      vertex 82.805 -0.01 10.1042
      vertex 82.8938 -0.01 10.0895
    endloop
  endfacet
  facet normal 0 -1 0
    outer loop
      vertex 76.3648 -0.01 10.1064
      vertex 76.503 -0.01 10.1189
      vertex 76.3772 -0.01 11.0608
    endloop
  endfacet
  facet normal -0 -1 0
    outer loop
      vertex 83.4897 -0.01 10.9466
      vertex 83.3403 -0.01 10.9834
      vertex 83.1463 -0.01 10.0201
    endloop
  endfacet
  facet normal 0 -1 0
    outer loop
      vertex 76.2331 -0.01 10.0856
      vertex 76.3648 -0.01 10.1064
      vertex 76.1419 -0.01 11.0421
    endloop
  endfacet
  facet normal 0 -1 0
    outer loop
      vertex 83.1463 -0.01 10.0201
      vertex 83.3403 -0.01 10.9834
      vertex 83.0644 -0.01 10.0474
    endloop
  endfacet
  facet normal 0 -1 0
    outer loop
      vertex 76.1078 -0.01 10.0564
      vertex 76.2331 -0.01 10.0856
      vertex 75.9174 -0.01 11.0108
    endloop
  endfacet
  facet normal 0 -1 -0
    outer loop
      vertex 82.5003 -0.01 11.0671
      vertex 82.38 -0.01 10.1189
      vertex 82.5247 -0.01 10.1231
    endloop
  endfacet
  facet normal 0 -1 0
    outer loop
      vertex 76.1078 -0.01 10.0564
      vertex 75.9174 -0.01 11.0108
      vertex 75.7038 -0.01 10.967
    endloop
  endfacet
  facet normal -0 -1 0
    outer loop
      vertex 75.9891 -0.01 10.0188
      vertex 75.7038 -0.01 10.967
      vertex 75.8768 -0.01 9.97297
    endloop
  endfacet
  facet normal -0 -1 0
    outer loop
      vertex 75.8768 -0.01 9.97297
      vertex 75.501 -0.01 10.9107
      vertex 75.771 -0.01 9.91876
    endloop
  endfacet
  facet normal -0 -1 0
    outer loop
      vertex 75.771 -0.01 9.91876
      vertex 75.3091 -0.01 10.8419
      vertex 75.6718 -0.01 9.85621
    endloop
  endfacet
  facet normal 0 -1 0
    outer loop
      vertex 75.6718 -0.01 9.85621
      vertex 75.1279 -0.01 10.7606
      vertex 74.9576 -0.01 10.6668
    endloop
  endfacet
  facet normal 0 -1 0
    outer loop
      vertex 75.4927 -0.01 9.70611
      vertex 75.579 -0.01 9.78534
      vertex 74.7981 -0.01 10.5605
    endloop
  endfacet
  facet normal 0 -1 0
    outer loop
      vertex 75.4129 -0.01 9.61854
      vertex 75.4927 -0.01 9.70611
      vertex 74.6494 -0.01 10.4416
    endloop
  endfacet
  facet normal 0 -1 0
    outer loop
      vertex 96.2562 -0.01 5.24876
      vertex 96.2562 -0.01 6.41647
      vertex 95.1657 -0.01 6.41647
    endloop
  endfacet
  facet normal 0 -1 0
    outer loop
      vertex 74.3852 -0.01 10.1673
      vertex 75.3398 -0.01 9.52295
      vertex 74.5116 -0.01 10.3103
    endloop
  endfacet
  facet normal 0 -1 -0
    outer loop
      vertex 68.0907 -0.01 10.111
      vertex 67.0279 -0.01 9.57211
      vertex 68.1504 -0.01 9.99557
    endloop
  endfacet
  facet normal 0 -1 0
    outer loop
      vertex 74.2708 -0.01 10.0134
      vertex 75.2737 -0.01 9.41963
      vertex 74.3852 -0.01 10.1673
    endloop
  endfacet
  facet normal 0 -1 -0
    outer loop
      vertex 74.1685 -0.01 9.84877
      vertex 74.0782 -0.01 9.67328
      vertex 75.2145 -0.01 9.30856
    endloop
  endfacet
  facet normal 0 -1 -0
    outer loop
      vertex 74.0782 -0.01 9.67328
      vertex 74 -0.01 9.48695
      vertex 75.1623 -0.01 9.18977
    endloop
  endfacet
  facet normal 0 -1 0
    outer loop
      vertex 66.9652 -0.01 8.58706
      vertex 67.789 -0.01 7.82325
      vertex 67.8511 -0.01 7.88772
    endloop
  endfacet
  facet normal -0 -1 0
    outer loop
      vertex 75.1171 -0.01 9.06324
      vertex 73.9338 -0.01 9.28981
      vertex 75.0788 -0.01 8.92898
    endloop
  endfacet
  facet normal 0 -1 0
    outer loop
      vertex 67.9095 -0.01 7.95547
      vertex 67.9644 -0.01 8.02647
      vertex 66.9985 -0.01 8.64442
    endloop
  endfacet
  facet normal -0 -1 0
    outer loop
      vertex 75.0788 -0.01 8.92898
      vertex 73.8796 -0.01 9.08183
      vertex 75.0475 -0.01 8.78698
    endloop
  endfacet
  facet normal 0 -1 0
    outer loop
      vertex 67.0872 -0.01 8.90979
      vertex 68.2635 -0.01 8.68828
      vertex 68.2822 -0.01 8.7801
    endloop
  endfacet
  facet normal -0 -1 0
    outer loop
      vertex 75.0475 -0.01 8.78698
      vertex 73.8375 -0.01 8.86302
      vertex 75.0231 -0.01 8.63725
    endloop
  endfacet
  facet normal -0 -1 0
    outer loop
      vertex 68.2635 -0.01 8.68828
      vertex 67.0872 -0.01 8.90979
      vertex 68.2405 -0.01 8.5984
    endloop
  endfacet
  facet normal 0 -1 0
    outer loop
      vertex 75.0231 -0.01 8.63725
      vertex 73.8074 -0.01 8.63339
      vertex 75.0057 -0.01 8.47978
    endloop
  endfacet
  facet normal 0 -1 0
    outer loop
      vertex 68.1822 -0.01 8.42448
      vertex 68.2134 -0.01 8.51046
      vertex 67.0717 -0.01 8.83806
    endloop
  endfacet
  facet normal 0 -1 0
    outer loop
      vertex 75.0057 -0.01 8.47978
      vertex 73.7893 -0.01 8.39293
      vertex 74.9953 -0.01 8.31457
    endloop
  endfacet
  facet normal 0 -1 -0
    outer loop
      vertex 67.0872 -0.01 8.90979
      vertex 67.0717 -0.01 8.83806
      vertex 68.2405 -0.01 8.5984
    endloop
  endfacet
  facet normal 0 -1 0
    outer loop
      vertex 74.9953 -0.01 8.31457
      vertex 73.7833 -0.01 8.14164
      vertex 74.9918 -0.01 8.14164
    endloop
  endfacet
  facet normal 0 -1 -0
    outer loop
      vertex 67.0717 -0.01 8.83806
      vertex 67.0517 -0.01 8.76991
      vertex 68.1822 -0.01 8.42448
    endloop
  endfacet
  facet normal 0 -1 0
    outer loop
      vertex 73.7833 -0.01 8.14164
      vertex 74.9953 -0.01 7.96576
      vertex 74.9918 -0.01 8.14164
    endloop
  endfacet
  facet normal 0 -1 0
    outer loop
      vertex 68.1467 -0.01 8.34045
      vertex 68.1822 -0.01 8.42448
      vertex 67.0517 -0.01 8.76991
    endloop
  endfacet
  facet normal 0 -1 0
    outer loop
      vertex 73.7896 -0.01 7.89087
      vertex 75.0061 -0.01 7.79759
      vertex 74.9953 -0.01 7.96576
    endloop
  endfacet
  facet normal 0 -1 0
    outer loop
      vertex 67.0273 -0.01 8.70537
      vertex 68.1071 -0.01 8.25837
      vertex 67.0517 -0.01 8.76991
    endloop
  endfacet
  facet normal 0 -1 0
    outer loop
      vertex 73.8083 -0.01 7.65039
      vertex 75.024 -0.01 7.63714
      vertex 75.0061 -0.01 7.79759
    endloop
  endfacet
  facet normal 0 -1 0
    outer loop
      vertex 67.0273 -0.01 8.70537
      vertex 68.0633 -0.01 8.17824
      vertex 68.1071 -0.01 8.25837
    endloop
  endfacet
  facet normal 0 -1 0
    outer loop
      vertex 73.8394 -0.01 7.42022
      vertex 75.024 -0.01 7.63714
      vertex 73.8083 -0.01 7.65039
    endloop
  endfacet
  facet normal 0 -1 0
    outer loop
      vertex 67.0872 -0.01 8.90979
      vertex 68.2822 -0.01 8.7801
      vertex 67.0983 -0.01 8.98512
    endloop
  endfacet
  facet normal 0 -1 0
    outer loop
      vertex 73.8831 -0.01 7.20041
      vertex 75.0491 -0.01 7.48445
      vertex 73.8394 -0.01 7.42022
    endloop
  endfacet
  facet normal 0 -1 0
    outer loop
      vertex 67.0983 -0.01 8.98512
      vertex 68.2822 -0.01 8.7801
      vertex 68.2968 -0.01 8.87388
    endloop
  endfacet
  facet normal 0 -1 0
    outer loop
      vertex 73.9393 -0.01 6.99089
      vertex 75.0813 -0.01 7.33949
      vertex 73.8831 -0.01 7.20041
    endloop
  endfacet
  facet normal 0 -1 0
    outer loop
      vertex 74.0079 -0.01 6.79171
      vertex 75.1673 -0.01 7.07275
      vertex 75.1207 -0.01 7.20225
    endloop
  endfacet
  facet normal 0 -1 0
    outer loop
      vertex 74.0889 -0.01 6.60286
      vertex 75.1673 -0.01 7.07275
      vertex 74.0079 -0.01 6.79171
    endloop
  endfacet
  facet normal 0 -1 0
    outer loop
      vertex 74.1825 -0.01 6.42431
      vertex 75.221 -0.01 6.951
      vertex 75.1673 -0.01 7.07275
    endloop
  endfacet
  facet normal 0 -1 0
    outer loop
      vertex 74.2885 -0.01 6.2561
      vertex 75.221 -0.01 6.951
      vertex 74.1825 -0.01 6.42431
    endloop
  endfacet
  facet normal -0 -1 0
    outer loop
      vertex 75.2818 -0.01 6.83697
      vertex 75.221 -0.01 6.951
      vertex 74.2885 -0.01 6.2561
    endloop
  endfacet
  facet normal -0 -1 0
    outer loop
      vertex 75.3499 -0.01 6.73068
      vertex 75.2818 -0.01 6.83697
      vertex 74.4071 -0.01 6.0982
    endloop
  endfacet
  facet normal 0 -1 0
    outer loop
      vertex 75.3499 -0.01 6.73068
      vertex 74.4071 -0.01 6.0982
      vertex 74.5381 -0.01 5.95063
    endloop
  endfacet
  facet normal 0 -1 0
    outer loop
      vertex 75.4251 -0.01 6.63212
      vertex 74.5381 -0.01 5.95063
      vertex 74.6805 -0.01 5.81471
    endloop
  endfacet
  facet normal 0 -1 -0
    outer loop
      vertex 75.4251 -0.01 6.63212
      vertex 74.6805 -0.01 5.81471
      vertex 75.507 -0.01 6.54173
    endloop
  endfacet
  facet normal 0 -1 0
    outer loop
      vertex 74.6805 -0.01 5.81471
      vertex 74.8333 -0.01 5.69171
      vertex 75.507 -0.01 6.54173
    endloop
  endfacet
  facet normal 0 -1 0
    outer loop
      vertex 74.8333 -0.01 5.69171
      vertex 74.9965 -0.01 5.58168
      vertex 75.5954 -0.01 6.45996
    endloop
  endfacet
  facet normal 0 -1 0
    outer loop
      vertex 74.9965 -0.01 5.58168
      vertex 75.69 -0.01 6.38678
      vertex 75.5954 -0.01 6.45996
    endloop
  endfacet
  facet normal 0 -1 0
    outer loop
      vertex 75.1701 -0.01 5.48457
      vertex 75.7911 -0.01 6.32222
      vertex 75.69 -0.01 6.38678
    endloop
  endfacet
  facet normal 0 -1 0
    outer loop
      vertex 75.3541 -0.01 5.40043
      vertex 75.7911 -0.01 6.32222
      vertex 75.1701 -0.01 5.48457
    endloop
  endfacet
  facet normal 0 -1 0
    outer loop
      vertex 75.5485 -0.01 5.32922
      vertex 75.8985 -0.01 6.26626
      vertex 75.3541 -0.01 5.40043
    endloop
  endfacet
  facet normal -0 -1 0
    outer loop
      vertex 76.0122 -0.01 6.21891
      vertex 75.8985 -0.01 6.26626
      vertex 75.5485 -0.01 5.32922
    endloop
  endfacet
  facet normal -0 -1 0
    outer loop
      vertex 76.1323 -0.01 6.18019
      vertex 76.0122 -0.01 6.21891
      vertex 75.7533 -0.01 5.27096
    endloop
  endfacet
  facet normal 0 -1 0
    outer loop
      vertex 76.1323 -0.01 6.18019
      vertex 75.7533 -0.01 5.27096
      vertex 75.9684 -0.01 5.22566
    endloop
  endfacet
  facet normal 0 -1 0
    outer loop
      vertex 76.2587 -0.01 6.15005
      vertex 75.9684 -0.01 5.22566
      vertex 76.194 -0.01 5.1933
    endloop
  endfacet
  facet normal 0 -1 -0
    outer loop
      vertex 76.2587 -0.01 6.15005
      vertex 76.194 -0.01 5.1933
      vertex 76.3915 -0.01 6.12854
    endloop
  endfacet
  facet normal 0 -1 0
    outer loop
      vertex 76.3915 -0.01 6.12854
      vertex 76.4299 -0.01 5.17387
      vertex 76.5307 -0.01 6.11563
    endloop
  endfacet
  facet normal 0 -1 0
    outer loop
      vertex 76.4299 -0.01 5.17387
      vertex 76.6762 -0.01 5.1674
      vertex 76.5307 -0.01 6.11563
    endloop
  endfacet
  facet normal 0 -1 0
    outer loop
      vertex 82.3069 -0.01 5.17387
      vertex 82.5532 -0.01 5.1674
      vertex 82.4077 -0.01 6.11563
    endloop
  endfacet
  facet normal 0 -1 0
    outer loop
      vertex 83.6673 -0.01 6.5529
      vertex 84.4504 -0.01 5.82466
      vertex 84.5509 -0.01 5.92286
    endloop
  endfacet
  facet normal 0 -1 -0
    outer loop
      vertex 83.9803 -0.01 7.01251
      vertex 83.8869 -0.01 6.84128
      vertex 84.9007 -0.01 6.38595
    endloop
  endfacet
  facet normal 0 -1 0
    outer loop
      vertex 84.3447 -0.01 5.73349
      vertex 84.4504 -0.01 5.82466
      vertex 83.6673 -0.01 6.5529
    endloop
  endfacet
  facet normal -0 -1 0
    outer loop
      vertex 84.3447 -0.01 5.73349
      vertex 83.6673 -0.01 6.5529
      vertex 84.2338 -0.01 5.64933
    endloop
  endfacet
  facet normal 0 -1 0
    outer loop
      vertex 84.2338 -0.01 5.64933
      vertex 83.6673 -0.01 6.5529
      vertex 83.541 -0.01 6.43574
    endloop
  endfacet
  facet normal -0 -1 0
    outer loop
      vertex 85.0444 -0.01 6.65968
      vertex 83.9803 -0.01 7.01251
      vertex 84.9751 -0.01 6.5193
    endloop
  endfacet
  facet normal 0 -1 0
    outer loop
      vertex 90.6398 -0.01 5.24876
      vertex 91.7302 -0.01 5.24876
      vertex 90.6398 -0.01 6.41647
    endloop
  endfacet
  facet normal -0 -1 0
    outer loop
      vertex 84.2338 -0.01 5.64933
      vertex 83.541 -0.01 6.43574
      vertex 84.1176 -0.01 5.57222
    endloop
  endfacet
  facet normal -0 -1 0
    outer loop
      vertex 84.1176 -0.01 5.57222
      vertex 83.541 -0.01 6.43574
      vertex 83.9968 -0.01 5.50197
    endloop
  endfacet
  facet normal -0 -1 0
    outer loop
      vertex 85.1084 -0.01 6.80708
      vertex 84.0627 -0.01 7.20176
      vertex 85.0444 -0.01 6.65968
    endloop
  endfacet
  facet normal 0 -1 0
    outer loop
      vertex 83.7422 -0.01 5.38151
      vertex 83.8716 -0.01 5.4384
      vertex 83.4038 -0.01 6.33662
    endloop
  endfacet
  facet normal -0 -1 0
    outer loop
      vertex 83.6086 -0.01 5.33133
      vertex 83.2556 -0.01 6.25551
      vertex 83.4706 -0.01 5.28784
    endloop
  endfacet
  facet normal 0 -1 0
    outer loop
      vertex 80.0595 -0.01 6.42431
      vertex 81.0443 -0.01 7.07275
      vertex 79.966 -0.01 6.60286
    endloop
  endfacet
  facet normal 0 -1 0
    outer loop
      vertex 79.6603 -0.01 8.14164
      vertex 79.6666 -0.01 7.89087
      vertex 80.8723 -0.01 7.96576
    endloop
  endfacet
  facet normal -0 -1 0
    outer loop
      vertex 80.8827 -0.01 8.47978
      vertex 79.6844 -0.01 8.63339
      vertex 79.6663 -0.01 8.39293
    endloop
  endfacet
  facet normal 0 -1 0
    outer loop
      vertex 80.9558 -0.01 8.92898
      vertex 79.8108 -0.01 9.28981
      vertex 79.7566 -0.01 9.08183
    endloop
  endfacet
  facet normal -0 -1 0
    outer loop
      vertex 81.0393 -0.01 9.18977
      vertex 79.877 -0.01 9.48695
      vertex 80.994 -0.01 9.06324
    endloop
  endfacet
  facet normal 0 -1 0
    outer loop
      vertex 90.6398 -0.01 6.41647
      vertex 91.7302 -0.01 5.24876
      vertex 91.7302 -0.01 6.41647
    endloop
  endfacet
  facet normal -0 -1 0
    outer loop
      vertex 81.1507 -0.01 9.41963
      vertex 80.1478 -0.01 10.0134
      vertex 81.0915 -0.01 9.30856
    endloop
  endfacet
  facet normal 0 -1 0
    outer loop
      vertex 81.3697 -0.01 9.70611
      vertex 80.6751 -0.01 10.5605
      vertex 80.5264 -0.01 10.4416
    endloop
  endfacet
  facet normal -0 -1 0
    outer loop
      vertex 81.5488 -0.01 9.85621
      vertex 80.8346 -0.01 10.6668
      vertex 81.456 -0.01 9.78534
    endloop
  endfacet
  facet normal 0 -1 0
    outer loop
      vertex 81.0049 -0.01 10.7606
      vertex 81.5488 -0.01 9.85621
      vertex 81.1861 -0.01 10.8419
    endloop
  endfacet
  facet normal 0 -1 0
    outer loop
      vertex 81.648 -0.01 9.91876
      vertex 81.378 -0.01 10.9107
      vertex 81.1861 -0.01 10.8419
    endloop
  endfacet
  facet normal -0 -1 0
    outer loop
      vertex 81.7538 -0.01 9.97297
      vertex 81.378 -0.01 10.9107
      vertex 81.648 -0.01 9.91876
    endloop
  endfacet
  facet normal 0 -1 0
    outer loop
      vertex 83.0964 -0.01 6.19243
      vertex 83.3284 -0.01 5.25103
      vertex 83.4706 -0.01 5.28784
    endloop
  endfacet
  facet normal 0 -1 0
    outer loop
      vertex 81.456 -0.01 9.78534
      vertex 80.8346 -0.01 10.6668
      vertex 80.6751 -0.01 10.5605
    endloop
  endfacet
  facet normal 0 -1 0
    outer loop
      vertex 83.4038 -0.01 6.33662
      vertex 83.8716 -0.01 5.4384
      vertex 83.9968 -0.01 5.50197
    endloop
  endfacet
  facet normal 0 -1 -0
    outer loop
      vertex 83.541 -0.01 6.43574
      vertex 83.4038 -0.01 6.33662
      vertex 83.9968 -0.01 5.50197
    endloop
  endfacet
  facet normal 0 -1 0
    outer loop
      vertex 83.2556 -0.01 6.25551
      vertex 83.7422 -0.01 5.38151
      vertex 83.4038 -0.01 6.33662
    endloop
  endfacet
  facet normal 0 -1 -0
    outer loop
      vertex 83.2556 -0.01 6.25551
      vertex 83.0964 -0.01 6.19243
      vertex 83.4706 -0.01 5.28784
    endloop
  endfacet
  facet normal 0 -1 0
    outer loop
      vertex 83.0964 -0.01 6.19243
      vertex 83.1819 -0.01 5.22093
      vertex 83.3284 -0.01 5.25103
    endloop
  endfacet
  facet normal 0 -1 0
    outer loop
      vertex 82.9263 -0.01 6.14737
      vertex 83.1819 -0.01 5.22093
      vertex 83.0964 -0.01 6.19243
    endloop
  endfacet
  facet normal 0 -1 0
    outer loop
      vertex 83.0311 -0.01 5.19751
      vertex 83.1819 -0.01 5.22093
      vertex 82.9263 -0.01 6.14737
    endloop
  endfacet
  facet normal 0 -1 0
    outer loop
      vertex 83.0311 -0.01 5.19751
      vertex 82.9263 -0.01 6.14737
      vertex 82.7452 -0.01 6.12033
    endloop
  endfacet
  facet normal -0 -1 0
    outer loop
      vertex 83.0311 -0.01 5.19751
      vertex 82.7452 -0.01 6.12033
      vertex 82.8761 -0.01 5.18078
    endloop
  endfacet
  facet normal 0 -1 -0
    outer loop
      vertex 82.7452 -0.01 6.12033
      vertex 82.7168 -0.01 5.17074
      vertex 82.8761 -0.01 5.18078
    endloop
  endfacet
  facet normal 0 -1 0
    outer loop
      vertex 82.5532 -0.01 6.11133
      vertex 82.7168 -0.01 5.17074
      vertex 82.7452 -0.01 6.12033
    endloop
  endfacet
  facet normal 0 -1 0
    outer loop
      vertex 82.5532 -0.01 5.1674
      vertex 82.7168 -0.01 5.17074
      vertex 82.5532 -0.01 6.11133
    endloop
  endfacet
  facet normal 0 -1 0
    outer loop
      vertex 82.5532 -0.01 5.1674
      vertex 82.5532 -0.01 6.11133
      vertex 82.4077 -0.01 6.11563
    endloop
  endfacet
  facet normal 0 -1 -0
    outer loop
      vertex 81.384 -0.01 6.54173
      vertex 80.7103 -0.01 5.69171
      vertex 81.4724 -0.01 6.45996
    endloop
  endfacet
  facet normal 0 -1 0
    outer loop
      vertex 80.8735 -0.01 5.58168
      vertex 81.0471 -0.01 5.48457
      vertex 81.567 -0.01 6.38678
    endloop
  endfacet
  facet normal 0 -1 0
    outer loop
      vertex 80.4151 -0.01 5.95063
      vertex 81.3021 -0.01 6.63212
      vertex 81.2269 -0.01 6.73068
    endloop
  endfacet
  facet normal 0 -1 0
    outer loop
      vertex 81.2269 -0.01 6.73068
      vertex 80.2841 -0.01 6.0982
      vertex 80.4151 -0.01 5.95063
    endloop
  endfacet
  facet normal 0 -1 0
    outer loop
      vertex 80.1655 -0.01 6.2561
      vertex 80.2841 -0.01 6.0982
      vertex 81.1588 -0.01 6.83697
    endloop
  endfacet
  facet normal 0 -1 0
    outer loop
      vertex 80.1655 -0.01 6.2561
      vertex 81.098 -0.01 6.951
      vertex 80.0595 -0.01 6.42431
    endloop
  endfacet
  facet normal 0 -1 -0
    outer loop
      vertex 81.0443 -0.01 7.07275
      vertex 80.0595 -0.01 6.42431
      vertex 81.098 -0.01 6.951
    endloop
  endfacet
  facet normal 0 -1 0
    outer loop
      vertex 79.966 -0.01 6.60286
      vertex 81.0443 -0.01 7.07275
      vertex 79.8849 -0.01 6.79171
    endloop
  endfacet
  facet normal -0 -1 0
    outer loop
      vertex 81.0443 -0.01 7.07275
      vertex 80.9977 -0.01 7.20225
      vertex 79.8849 -0.01 6.79171
    endloop
  endfacet
  facet normal -0 -1 0
    outer loop
      vertex 80.9977 -0.01 7.20225
      vertex 80.9583 -0.01 7.33949
      vertex 79.8163 -0.01 6.99089
    endloop
  endfacet
  facet normal 0 -1 0
    outer loop
      vertex 80.9583 -0.01 7.33949
      vertex 79.7601 -0.01 7.20041
      vertex 79.8163 -0.01 6.99089
    endloop
  endfacet
  facet normal 0 -1 0
    outer loop
      vertex 80.9261 -0.01 7.48445
      vertex 79.7165 -0.01 7.42022
      vertex 79.7601 -0.01 7.20041
    endloop
  endfacet
  facet normal -0 -1 0
    outer loop
      vertex 80.901 -0.01 7.63714
      vertex 79.6853 -0.01 7.65039
      vertex 79.7165 -0.01 7.42022
    endloop
  endfacet
  facet normal -0 -1 0
    outer loop
      vertex 80.8831 -0.01 7.79759
      vertex 79.6666 -0.01 7.89087
      vertex 79.6853 -0.01 7.65039
    endloop
  endfacet
  facet normal 0 -1 -0
    outer loop
      vertex 79.6663 -0.01 8.39293
      vertex 79.6603 -0.01 8.14164
      vertex 80.8723 -0.01 8.31457
    endloop
  endfacet
  facet normal 0 -1 0
    outer loop
      vertex 80.9001 -0.01 8.63725
      vertex 79.6844 -0.01 8.63339
      vertex 80.8827 -0.01 8.47978
    endloop
  endfacet
  facet normal -0 -1 0
    outer loop
      vertex 80.9245 -0.01 8.78698
      vertex 79.7145 -0.01 8.86302
      vertex 80.9001 -0.01 8.63725
    endloop
  endfacet
  facet normal 0 -1 0
    outer loop
      vertex 79.8108 -0.01 9.28981
      vertex 80.994 -0.01 9.06324
      vertex 79.877 -0.01 9.48695
    endloop
  endfacet
  facet normal 0 -1 -0
    outer loop
      vertex 80.0455 -0.01 9.84877
      vertex 79.9552 -0.01 9.67328
      vertex 81.0915 -0.01 9.30856
    endloop
  endfacet
  facet normal -0 -1 0
    outer loop
      vertex 81.2168 -0.01 9.52295
      vertex 80.2622 -0.01 10.1673
      vertex 81.1507 -0.01 9.41963
    endloop
  endfacet
  facet normal 0 -1 0
    outer loop
      vertex 81.2168 -0.01 9.52295
      vertex 81.2898 -0.01 9.61854
      vertex 80.3886 -0.01 10.3103
    endloop
  endfacet
  facet normal 0 -1 0
    outer loop
      vertex 81.2898 -0.01 9.61854
      vertex 81.3697 -0.01 9.70611
      vertex 80.5264 -0.01 10.4416
    endloop
  endfacet
  facet normal 0 -1 0
    outer loop
      vertex 81.5488 -0.01 9.85621
      vertex 81.0049 -0.01 10.7606
      vertex 80.8346 -0.01 10.6668
    endloop
  endfacet
  facet normal 0 -1 -0
    outer loop
      vertex 81.5808 -0.01 10.967
      vertex 81.378 -0.01 10.9107
      vertex 81.7538 -0.01 9.97297
    endloop
  endfacet
  facet normal 0 -1 0
    outer loop
      vertex 81.9848 -0.01 10.0564
      vertex 81.7944 -0.01 11.0108
      vertex 81.5808 -0.01 10.967
    endloop
  endfacet
  facet normal -0 -1 0
    outer loop
      vertex 82.1101 -0.01 10.0856
      vertex 81.7944 -0.01 11.0108
      vertex 81.9848 -0.01 10.0564
    endloop
  endfacet
  facet normal -0 -1 0
    outer loop
      vertex 82.2418 -0.01 10.1064
      vertex 82.0189 -0.01 11.0421
      vertex 82.1101 -0.01 10.0856
    endloop
  endfacet
  facet normal 0 -1 0
    outer loop
      vertex 82.38 -0.01 10.1189
      vertex 82.5003 -0.01 11.0671
      vertex 82.2542 -0.01 11.0608
    endloop
  endfacet
  facet normal 0 -1 0
    outer loop
      vertex 82.5247 -0.01 10.1231
      vertex 82.6807 -0.01 11.0637
      vertex 82.5003 -0.01 11.0671
    endloop
  endfacet
  facet normal 0 -1 0
    outer loop
      vertex 82.8548 -0.01 11.0537
      vertex 82.7139 -0.01 10.1147
      vertex 82.805 -0.01 10.1042
    endloop
  endfacet
  facet normal 0 -1 0
    outer loop
      vertex 82.6807 -0.01 11.0637
      vertex 82.7139 -0.01 10.1147
      vertex 82.8548 -0.01 11.0537
    endloop
  endfacet
  facet normal 0 -1 -0
    outer loop
      vertex 83.0228 -0.01 11.037
      vertex 82.8938 -0.01 10.0895
      vertex 83.1847 -0.01 11.0135
    endloop
  endfacet
  facet normal -0 -1 0
    outer loop
      vertex 83.3403 -0.01 10.9834
      vertex 83.1847 -0.01 11.0135
      vertex 83.0644 -0.01 10.0474
    endloop
  endfacet
  facet normal 0 -1 0
    outer loop
      vertex 83.1847 -0.01 11.0135
      vertex 82.9803 -0.01 10.0705
      vertex 83.0644 -0.01 10.0474
    endloop
  endfacet
  facet normal 0 -1 0
    outer loop
      vertex 83.4897 -0.01 10.9466
      vertex 83.1463 -0.01 10.0201
      vertex 83.2258 -0.01 9.98858
    endloop
  endfacet
  facet normal -0 -1 0
    outer loop
      vertex 83.77 -0.01 10.8529
      vertex 83.6329 -0.01 10.9031
      vertex 83.303 -0.01 9.95286
    endloop
  endfacet
  facet normal 0 -1 0
    outer loop
      vertex 83.6329 -0.01 10.9031
      vertex 83.2258 -0.01 9.98858
      vertex 83.303 -0.01 9.95286
    endloop
  endfacet
  facet normal 0 -1 -0
    outer loop
      vertex 83.77 -0.01 10.8529
      vertex 83.3778 -0.01 9.91293
      vertex 83.9009 -0.01 10.796
    endloop
  endfacet
  facet normal 0 -1 0
    outer loop
      vertex 83.303 -0.01 9.95286
      vertex 83.3778 -0.01 9.91293
      vertex 83.77 -0.01 10.8529
    endloop
  endfacet
  facet normal 0 -1 0
    outer loop
      vertex 83.4504 -0.01 9.8688
      vertex 84.0256 -0.01 10.7324
      vertex 83.9009 -0.01 10.796
    endloop
  endfacet
  facet normal 0 -1 0
    outer loop
      vertex 83.5196 -0.01 9.8211
      vertex 84.0256 -0.01 10.7324
      vertex 83.4504 -0.01 9.8688
    endloop
  endfacet
  facet normal 0 -1 0
    outer loop
      vertex 83.4504 -0.01 9.8688
      vertex 83.9009 -0.01 10.796
      vertex 83.3778 -0.01 9.91293
    endloop
  endfacet
  facet normal 0 -1 -0
    outer loop
      vertex 84.0256 -0.01 10.7324
      vertex 83.5196 -0.01 9.8211
      vertex 84.144 -0.01 10.6622
    endloop
  endfacet
  facet normal 0 -1 -0
    outer loop
      vertex 84.144 -0.01 10.6622
      vertex 83.5846 -0.01 9.77049
      vertex 84.2563 -0.01 10.5854
    endloop
  endfacet
  facet normal 0 -1 -0
    outer loop
      vertex 84.2563 -0.01 10.5854
      vertex 83.6453 -0.01 9.71695
      vertex 84.3624 -0.01 10.5024
    endloop
  endfacet
  facet normal 0 -1 -0
    outer loop
      vertex 84.3624 -0.01 10.5024
      vertex 83.7018 -0.01 9.66047
      vertex 84.4621 -0.01 10.4131
    endloop
  endfacet
  facet normal 0 -1 0
    outer loop
      vertex 83.7018 -0.01 9.66047
      vertex 84.5556 -0.01 10.3175
      vertex 84.4621 -0.01 10.4131
    endloop
  endfacet
  facet normal 0 -1 0
    outer loop
      vertex 83.7539 -0.01 9.60107
      vertex 84.5556 -0.01 10.3175
      vertex 83.7018 -0.01 9.66047
    endloop
  endfacet
  facet normal -0 -1 0
    outer loop
      vertex 84.6429 -0.01 10.2156
      vertex 84.5556 -0.01 10.3175
      vertex 83.7539 -0.01 9.60107
    endloop
  endfacet
  facet normal 0 -1 0
    outer loop
      vertex 84.6429 -0.01 10.2156
      vertex 83.7539 -0.01 9.60107
      vertex 83.8018 -0.01 9.53874
    endloop
  endfacet
  facet normal 0 -1 -0
    outer loop
      vertex 84.6429 -0.01 10.2156
      vertex 83.8018 -0.01 9.53874
      vertex 84.7239 -0.01 10.1074
    endloop
  endfacet
  facet normal 0 -1 0
    outer loop
      vertex 83.8018 -0.01 9.53874
      vertex 83.8455 -0.01 9.47349
      vertex 84.7239 -0.01 10.1074
    endloop
  endfacet
  facet normal 0 -1 0
    outer loop
      vertex 83.8455 -0.01 9.47349
      vertex 84.7987 -0.01 9.99289
      vertex 84.7239 -0.01 10.1074
    endloop
  endfacet
  facet normal 0 -1 0
    outer loop
      vertex 83.8848 -0.01 9.40532
      vertex 84.7987 -0.01 9.99289
      vertex 83.8455 -0.01 9.47349
    endloop
  endfacet
  facet normal -0 -1 0
    outer loop
      vertex 84.8672 -0.01 9.87211
      vertex 84.7987 -0.01 9.99289
      vertex 83.8848 -0.01 9.40532
    endloop
  endfacet
  facet normal 0 -1 0
    outer loop
      vertex 84.8672 -0.01 9.87211
      vertex 83.8848 -0.01 9.40532
      vertex 83.9199 -0.01 9.33423
    endloop
  endfacet
  facet normal 0 -1 -0
    outer loop
      vertex 84.8672 -0.01 9.87211
      vertex 83.9199 -0.01 9.33423
      vertex 84.9294 -0.01 9.74507
    endloop
  endfacet
  facet normal 0 -1 0
    outer loop
      vertex 83.9199 -0.01 9.33423
      vertex 83.9507 -0.01 9.26019
      vertex 84.9294 -0.01 9.74507
    endloop
  endfacet
  facet normal 0 -1 0
    outer loop
      vertex 83.9772 -0.01 9.18324
      vertex 84.9854 -0.01 9.61172
      vertex 83.9507 -0.01 9.26019
    endloop
  endfacet
  facet normal 0 -1 0
    outer loop
      vertex 83.9507 -0.01 9.26019
      vertex 84.9854 -0.01 9.61172
      vertex 84.9294 -0.01 9.74507
    endloop
  endfacet
  facet normal -0 -1 0
    outer loop
      vertex 85.0352 -0.01 9.47209
      vertex 84.9854 -0.01 9.61172
      vertex 83.9772 -0.01 9.18324
    endloop
  endfacet
  facet normal 0 -1 0
    outer loop
      vertex 90.6398 -0.01 7.26686
      vertex 91.7302 -0.01 6.41647
      vertex 91.7302 -0.01 7.26686
    endloop
  endfacet
  facet normal 0 -1 0
    outer loop
      vertex 83.6453 -0.01 9.71695
      vertex 83.7018 -0.01 9.66047
      vertex 84.3624 -0.01 10.5024
    endloop
  endfacet
  facet normal -0 -1 -0
    outer loop
      vertex 90.6398 -0.01 7.26686
      vertex 88.9634 -0.01 7.26686
      vertex 90.6398 -0.01 6.41647
    endloop
  endfacet
  facet normal 0 -1 0
    outer loop
      vertex 83.5846 -0.01 9.77049
      vertex 83.6453 -0.01 9.71695
      vertex 84.2563 -0.01 10.5854
    endloop
  endfacet
  facet normal 0 -1 0
    outer loop
      vertex 91.7302 -0.01 7.26686
      vertex 91.7302 -0.01 6.41647
      vertex 92.4952 -0.01 6.41647
    endloop
  endfacet
  facet normal 0 -1 0
    outer loop
      vertex 83.5196 -0.01 9.8211
      vertex 83.5846 -0.01 9.77049
      vertex 84.144 -0.01 10.6622
    endloop
  endfacet
  facet normal -0 -1 0
    outer loop
      vertex 90.3428 -0.01 9.36575
      vertex 90.4526 -0.01 10.9816
      vertex 90.2939 -0.01 9.28903
    endloop
  endfacet
  facet normal 0 -1 -0
    outer loop
      vertex 83.4897 -0.01 10.9466
      vertex 83.2258 -0.01 9.98858
      vertex 83.6329 -0.01 10.9031
    endloop
  endfacet
  facet normal 0 -1 0
    outer loop
      vertex 85.5211 -0.01 7.90568
      vertex 87.6368 -0.01 6.91285
      vertex 87.6368 -0.01 7.90568
    endloop
  endfacet
  facet normal 0 -1 0
    outer loop
      vertex 82.9803 -0.01 10.0705
      vertex 83.1847 -0.01 11.0135
      vertex 82.8938 -0.01 10.0895
    endloop
  endfacet
  facet normal 0 -1 0
    outer loop
      vertex 82.805 -0.01 10.1042
      vertex 83.0228 -0.01 11.037
      vertex 82.8548 -0.01 11.0537
    endloop
  endfacet
  facet normal 0 -1 0
    outer loop
      vertex 82.6205 -0.01 10.121
      vertex 82.7139 -0.01 10.1147
      vertex 82.6807 -0.01 11.0637
    endloop
  endfacet
  facet normal -0 -1 -0
    outer loop
      vertex 92.4952 -0.01 7.26686
      vertex 91.7302 -0.01 7.26686
      vertex 92.4952 -0.01 6.41647
    endloop
  endfacet
  facet normal 0 -1 0
    outer loop
      vertex 82.2542 -0.01 11.0608
      vertex 82.0189 -0.01 11.0421
      vertex 82.2418 -0.01 10.1064
    endloop
  endfacet
  facet normal 0 -1 0
    outer loop
      vertex 81.8661 -0.01 10.0188
      vertex 81.9848 -0.01 10.0564
      vertex 81.5808 -0.01 10.967
    endloop
  endfacet
  facet normal 0 -1 0
    outer loop
      vertex 80.6751 -0.01 10.5605
      vertex 81.3697 -0.01 9.70611
      vertex 81.456 -0.01 9.78534
    endloop
  endfacet
  facet normal 0 -1 0
    outer loop
      vertex 81.2168 -0.01 9.52295
      vertex 80.3886 -0.01 10.3103
      vertex 80.2622 -0.01 10.1673
    endloop
  endfacet
  facet normal 0 -1 0
    outer loop
      vertex 81.1507 -0.01 9.41963
      vertex 80.2622 -0.01 10.1673
      vertex 80.1478 -0.01 10.0134
    endloop
  endfacet
  facet normal 0 -1 0
    outer loop
      vertex 81.0915 -0.01 9.30856
      vertex 80.1478 -0.01 10.0134
      vertex 80.0455 -0.01 9.84877
    endloop
  endfacet
  facet normal 0 -1 0
    outer loop
      vertex 81.0393 -0.01 9.18977
      vertex 81.0915 -0.01 9.30856
      vertex 79.9552 -0.01 9.67328
    endloop
  endfacet
  facet normal 0 -1 0
    outer loop
      vertex 81.0393 -0.01 9.18977
      vertex 79.9552 -0.01 9.67328
      vertex 79.877 -0.01 9.48695
    endloop
  endfacet
  facet normal 0 -1 0
    outer loop
      vertex 80.9558 -0.01 8.92898
      vertex 80.994 -0.01 9.06324
      vertex 79.8108 -0.01 9.28981
    endloop
  endfacet
  facet normal 0 -1 0
    outer loop
      vertex 80.9245 -0.01 8.78698
      vertex 80.9558 -0.01 8.92898
      vertex 79.7566 -0.01 9.08183
    endloop
  endfacet
  facet normal 0 -1 0
    outer loop
      vertex 79.6844 -0.01 8.63339
      vertex 80.9001 -0.01 8.63725
      vertex 79.7145 -0.01 8.86302
    endloop
  endfacet
  facet normal 0 -1 0
    outer loop
      vertex 79.6663 -0.01 8.39293
      vertex 80.8723 -0.01 8.31457
      vertex 80.8827 -0.01 8.47978
    endloop
  endfacet
  facet normal 0 -1 0
    outer loop
      vertex 79.6603 -0.01 8.14164
      vertex 80.8688 -0.01 8.14164
      vertex 80.8723 -0.01 8.31457
    endloop
  endfacet
  facet normal 0 -1 0
    outer loop
      vertex 80.8723 -0.01 7.96576
      vertex 80.8688 -0.01 8.14164
      vertex 79.6603 -0.01 8.14164
    endloop
  endfacet
  facet normal 0 -1 0
    outer loop
      vertex 80.8831 -0.01 7.79759
      vertex 80.8723 -0.01 7.96576
      vertex 79.6666 -0.01 7.89087
    endloop
  endfacet
  facet normal 0 -1 0
    outer loop
      vertex 80.901 -0.01 7.63714
      vertex 80.8831 -0.01 7.79759
      vertex 79.6853 -0.01 7.65039
    endloop
  endfacet
  facet normal -0 -1 0
    outer loop
      vertex 80.9261 -0.01 7.48445
      vertex 80.901 -0.01 7.63714
      vertex 79.7165 -0.01 7.42022
    endloop
  endfacet
  facet normal -0 -1 0
    outer loop
      vertex 80.9583 -0.01 7.33949
      vertex 80.9261 -0.01 7.48445
      vertex 79.7601 -0.01 7.20041
    endloop
  endfacet
  facet normal 0 -1 0
    outer loop
      vertex 79.8849 -0.01 6.79171
      vertex 80.9977 -0.01 7.20225
      vertex 79.8163 -0.01 6.99089
    endloop
  endfacet
  facet normal -0 -1 0
    outer loop
      vertex 81.1588 -0.01 6.83697
      vertex 81.098 -0.01 6.951
      vertex 80.1655 -0.01 6.2561
    endloop
  endfacet
  facet normal 0 -1 -0
    outer loop
      vertex 81.1588 -0.01 6.83697
      vertex 80.2841 -0.01 6.0982
      vertex 81.2269 -0.01 6.73068
    endloop
  endfacet
  facet normal 0 -1 0
    outer loop
      vertex 80.5575 -0.01 5.81471
      vertex 81.384 -0.01 6.54173
      vertex 81.3021 -0.01 6.63212
    endloop
  endfacet
  facet normal 0 -1 0
    outer loop
      vertex 80.7103 -0.01 5.69171
      vertex 81.384 -0.01 6.54173
      vertex 80.5575 -0.01 5.81471
    endloop
  endfacet
  facet normal 0 -1 0
    outer loop
      vertex 80.8735 -0.01 5.58168
      vertex 81.4724 -0.01 6.45996
      vertex 80.7103 -0.01 5.69171
    endloop
  endfacet
  facet normal -0 -1 0
    outer loop
      vertex 81.567 -0.01 6.38678
      vertex 81.4724 -0.01 6.45996
      vertex 80.8735 -0.01 5.58168
    endloop
  endfacet
  facet normal -0 -1 0
    outer loop
      vertex 81.6681 -0.01 6.32222
      vertex 81.567 -0.01 6.38678
      vertex 81.0471 -0.01 5.48457
    endloop
  endfacet
  facet normal 0 -1 0
    outer loop
      vertex 81.6681 -0.01 6.32222
      vertex 81.0471 -0.01 5.48457
      vertex 81.2311 -0.01 5.40043
    endloop
  endfacet
  facet normal 0 -1 0
    outer loop
      vertex 81.7755 -0.01 6.26626
      vertex 81.2311 -0.01 5.40043
      vertex 81.4255 -0.01 5.32922
    endloop
  endfacet
  facet normal 0 -1 -0
    outer loop
      vertex 81.7755 -0.01 6.26626
      vertex 81.4255 -0.01 5.32922
      vertex 81.8892 -0.01 6.21891
    endloop
  endfacet
  facet normal 0 -1 -0
    outer loop
      vertex 81.8892 -0.01 6.21891
      vertex 81.6302 -0.01 5.27096
      vertex 82.0093 -0.01 6.18019
    endloop
  endfacet
  facet normal 0 -1 0
    outer loop
      vertex 81.6302 -0.01 5.27096
      vertex 81.8454 -0.01 5.22566
      vertex 82.0093 -0.01 6.18019
    endloop
  endfacet
  facet normal 0 -1 0
    outer loop
      vertex 81.8454 -0.01 5.22566
      vertex 82.071 -0.01 5.1933
      vertex 82.1357 -0.01 6.15005
    endloop
  endfacet
  facet normal 0 -1 0
    outer loop
      vertex 82.071 -0.01 5.1933
      vertex 82.2685 -0.01 6.12854
      vertex 82.1357 -0.01 6.15005
    endloop
  endfacet
  facet normal 0 -1 0
    outer loop
      vertex 82.3069 -0.01 5.17387
      vertex 82.4077 -0.01 6.11563
      vertex 82.2685 -0.01 6.12854
    endloop
  endfacet
  facet normal 0 -1 0
    outer loop
      vertex 66.8853 -0.01 8.48317
      vertex 67.5813 -0.01 7.64938
      vertex 67.6541 -0.01 7.70408
    endloop
  endfacet
  facet normal 0 -1 -0
    outer loop
      vertex 64.8002 -0.01 8.19043
      vertex 63.5999 -0.01 5.24876
      vertex 64.8002 -0.01 7.26686
    endloop
  endfacet
  facet normal 0 -1 0
    outer loop
      vertex 70.2282 -0.01 6.17642
      vertex 73.3042 -0.01 5.24876
      vertex 73.3042 -0.01 6.17642
    endloop
  endfacet
  facet normal 0 -1 -0
    outer loop
      vertex 67.0273 -0.01 8.70537
      vertex 66.9985 -0.01 8.64442
      vertex 68.0156 -0.01 8.10072
    endloop
  endfacet
  facet normal 0 -1 0
    outer loop
      vertex 68.2968 -0.01 8.87388
      vertex 68.3073 -0.01 8.96962
      vertex 67.105 -0.01 9.06405
    endloop
  endfacet
  facet normal 0 -1 0
    outer loop
      vertex 68.3073 -0.01 8.96962
      vertex 68.3135 -0.01 9.06729
      vertex 67.105 -0.01 9.06405
    endloop
  endfacet
  facet normal 0 -1 -0
    outer loop
      vertex 67.1072 -0.01 9.14659
      vertex 67.105 -0.01 9.06405
      vertex 68.3135 -0.01 9.06729
    endloop
  endfacet
  facet normal 0 -1 0
    outer loop
      vertex 67.9095 -0.01 7.95547
      vertex 66.9985 -0.01 8.64442
      vertex 66.9652 -0.01 8.58706
    endloop
  endfacet
  facet normal 0 -1 0
    outer loop
      vertex 67.1072 -0.01 9.14659
      vertex 68.311 -0.01 9.32126
      vertex 67.0984 -0.01 9.30336
    endloop
  endfacet
  facet normal 0 -1 -0
    outer loop
      vertex 68.2972 -0.01 9.4691
      vertex 67.0984 -0.01 9.30336
      vertex 68.311 -0.01 9.32126
    endloop
  endfacet
  facet normal 0 -1 0
    outer loop
      vertex 67.7234 -0.01 7.76204
      vertex 67.789 -0.01 7.82325
      vertex 66.9274 -0.01 8.53332
    endloop
  endfacet
  facet normal 0 -1 0
    outer loop
      vertex 90.6398 -0.01 7.26686
      vertex 90.6398 -0.01 6.41647
      vertex 91.7302 -0.01 6.41647
    endloop
  endfacet
  facet normal 0 -1 0
    outer loop
      vertex 67.0984 -0.01 9.30336
      vertex 68.2972 -0.01 9.4691
      vertex 68.2743 -0.01 9.61046
    endloop
  endfacet
  facet normal -0 -1 0
    outer loop
      vertex 66.7017 -0.01 10.9464
      vertex 66.5341 -0.01 10.966
      vertex 66.3936 -0.01 10.02
    endloop
  endfacet
  facet normal 0 -1 0
    outer loop
      vertex 66.5434 -0.01 9.98269
      vertex 66.8614 -0.01 10.9189
      vertex 66.7017 -0.01 10.9464
    endloop
  endfacet
  facet normal 0 -1 -0
    outer loop
      vertex 67.9438 -0.01 10.3223
      vertex 66.9662 -0.01 9.68408
      vertex 68.0218 -0.01 10.2199
    endloop
  endfacet
  facet normal 0 -1 0
    outer loop
      vertex 95.1657 -0.01 7.26686
      vertex 96.2562 -0.01 6.41647
      vertex 96.2562 -0.01 7.26686
    endloop
  endfacet
  facet normal -0 -1 0
    outer loop
      vertex 67.8566 -0.01 10.4182
      vertex 67.7602 -0.01 10.5076
      vertex 66.9662 -0.01 9.68408
    endloop
  endfacet
  facet normal 0 -1 0
    outer loop
      vertex 66.6755 -0.01 9.93043
      vertex 67.1574 -0.01 10.8406
      vertex 67.0133 -0.01 10.8837
    endloop
  endfacet
  facet normal -0 -1 0
    outer loop
      vertex 67.6553 -0.01 10.5899
      vertex 67.5426 -0.01 10.6643
      vertex 66.887 -0.01 9.78113
    endloop
  endfacet
  facet normal 0 -1 -0
    outer loop
      vertex 67.1574 -0.01 10.8406
      vertex 66.79 -0.01 9.86325
      vertex 67.2936 -0.01 10.7897
    endloop
  endfacet
  facet normal 0 -1 0
    outer loop
      vertex 67.422 -0.01 10.7309
      vertex 66.79 -0.01 9.86325
      vertex 66.887 -0.01 9.78113
    endloop
  endfacet
  facet normal 0 -1 -0
    outer loop
      vertex 67.2936 -0.01 10.7897
      vertex 66.79 -0.01 9.86325
      vertex 67.422 -0.01 10.7309
    endloop
  endfacet
  facet normal 0 -1 -0
    outer loop
      vertex 67.422 -0.01 10.7309
      vertex 66.887 -0.01 9.78113
      vertex 67.5426 -0.01 10.6643
    endloop
  endfacet
  facet normal 0 -1 0
    outer loop
      vertex 66.6755 -0.01 9.93043
      vertex 66.79 -0.01 9.86325
      vertex 67.1574 -0.01 10.8406
    endloop
  endfacet
  facet normal 0 -1 0
    outer loop
      vertex 66.6755 -0.01 9.93043
      vertex 67.0133 -0.01 10.8837
      vertex 66.8614 -0.01 10.9189
    endloop
  endfacet
  facet normal 0 -1 0
    outer loop
      vertex 66.6755 -0.01 9.93043
      vertex 66.8614 -0.01 10.9189
      vertex 66.5434 -0.01 9.98269
    endloop
  endfacet
  facet normal 0 -1 0
    outer loop
      vertex 68.0218 -0.01 10.2199
      vertex 66.9662 -0.01 9.68408
      vertex 67.0279 -0.01 9.57211
    endloop
  endfacet
  facet normal 0 -1 0
    outer loop
      vertex 66.7017 -0.01 10.9464
      vertex 66.3936 -0.01 10.02
      vertex 66.5434 -0.01 9.98269
    endloop
  endfacet
  facet normal 0 -1 0
    outer loop
      vertex 68.1504 -0.01 9.99557
      vertex 67.0279 -0.01 9.57211
      vertex 67.072 -0.01 9.44519
    endloop
  endfacet
  facet normal 0 -1 0
    outer loop
      vertex 67.072 -0.01 9.44519
      vertex 68.2422 -0.01 9.74533
      vertex 68.2009 -0.01 9.8737
    endloop
  endfacet
  facet normal 0 -1 0
    outer loop
      vertex 68.2743 -0.01 9.61046
      vertex 67.072 -0.01 9.44519
      vertex 67.0984 -0.01 9.30336
    endloop
  endfacet
  facet normal -0 -1 0
    outer loop
      vertex 66.5341 -0.01 10.966
      vertex 66.3587 -0.01 10.9777
      vertex 66.3936 -0.01 10.02
    endloop
  endfacet
  facet normal 0 -1 0
    outer loop
      vertex 67.5048 -0.01 7.59796
      vertex 67.5813 -0.01 7.64938
      vertex 66.8387 -0.01 8.4366
    endloop
  endfacet
  facet normal 0 -1 0
    outer loop
      vertex 66.7879 -0.01 8.39387
      vertex 67.3411 -0.01 7.50488
      vertex 67.4248 -0.01 7.54979
    endloop
  endfacet
  facet normal -0 -1 0
    outer loop
      vertex 67.2542 -0.01 7.46357
      vertex 66.7335 -0.01 8.35522
      vertex 67.1644 -0.01 7.42619
    endloop
  endfacet
  facet normal 0 -1 -0
    outer loop
      vertex 66.3587 -0.01 10.9777
      vertex 66.2262 -0.01 10.0424
      vertex 66.3936 -0.01 10.02
    endloop
  endfacet
  facet normal 0 -1 0
    outer loop
      vertex 66.976 -0.01 7.36325
      vertex 67.0717 -0.01 7.39276
      vertex 66.6752 -0.01 8.32063
    endloop
  endfacet
  facet normal 0 -1 -0
    outer loop
      vertex 66.6132 -0.01 8.29011
      vertex 66.5474 -0.01 8.26367
      vertex 66.8774 -0.01 7.33767
    endloop
  endfacet
  facet normal -0 -1 0
    outer loop
      vertex 66.3587 -0.01 10.9777
      vertex 66.1755 -0.01 10.9816
      vertex 66.2262 -0.01 10.0424
    endloop
  endfacet
  facet normal 0 -1 0
    outer loop
      vertex 66.6714 -0.01 7.29834
      vertex 66.7758 -0.01 7.31604
      vertex 66.4779 -0.01 8.24128
    endloop
  endfacet
  facet normal 0 -1 0
    outer loop
      vertex 66.4046 -0.01 8.22297
      vertex 66.4537 -0.01 7.27473
      vertex 66.564 -0.01 7.28456
    endloop
  endfacet
  facet normal 0 -1 0
    outer loop
      vertex 66.2262 -0.01 10.0424
      vertex 66.1755 -0.01 10.9816
      vertex 66.0412 -0.01 10.0499
    endloop
  endfacet
  facet normal 0 -1 -0
    outer loop
      vertex 66.0737 -0.01 8.19043
      vertex 64.8002 -0.01 7.26686
      vertex 66.2242 -0.01 7.26686
    endloop
  endfacet
  facet normal 0 -1 0
    outer loop
      vertex 64.8002 -0.01 8.19043
      vertex 64.8002 -0.01 7.26686
      vertex 66.0737 -0.01 8.19043
    endloop
  endfacet
  facet normal 0 -1 0
    outer loop
      vertex 63.5999 -0.01 5.24876
      vertex 64.8002 -0.01 5.24876
      vertex 64.8002 -0.01 7.26686
    endloop
  endfacet
  facet normal 0 -1 0
    outer loop
      vertex 66.3404 -0.01 7.26883
      vertex 66.3275 -0.01 8.20874
      vertex 66.2467 -0.01 8.19856
    endloop
  endfacet
  facet normal -0 -1 -0
    outer loop
      vertex 64.8002 -0.01 10.0499
      vertex 63.5999 -0.01 10.9816
      vertex 64.8002 -0.01 8.19043
    endloop
  endfacet
  facet normal 0 -1 0
    outer loop
      vertex 63.5999 -0.01 10.9816
      vertex 63.5999 -0.01 5.24876
      vertex 64.8002 -0.01 8.19043
    endloop
  endfacet
  facet normal -0 -1 0
    outer loop
      vertex 66.1755 -0.01 10.9816
      vertex 63.5999 -0.01 10.9816
      vertex 64.8002 -0.01 10.0499
    endloop
  endfacet
  facet normal 0 -1 0
    outer loop
      vertex 66.1755 -0.01 10.9816
      vertex 64.8002 -0.01 10.0499
      vertex 66.0412 -0.01 10.0499
    endloop
  endfacet
  facet normal 0 -1 0
    outer loop
      vertex 66.887 -0.01 9.78113
      vertex 66.9662 -0.01 9.68408
      vertex 67.7602 -0.01 10.5076
    endloop
  endfacet
  facet normal 0 -1 -0
    outer loop
      vertex 67.6553 -0.01 10.5899
      vertex 66.887 -0.01 9.78113
      vertex 67.7602 -0.01 10.5076
    endloop
  endfacet
  facet normal 0 -1 -0
    outer loop
      vertex 67.8566 -0.01 10.4182
      vertex 66.9662 -0.01 9.68408
      vertex 67.9438 -0.01 10.3223
    endloop
  endfacet
  facet normal 0 -1 -0
    outer loop
      vertex 68.0218 -0.01 10.2199
      vertex 67.0279 -0.01 9.57211
      vertex 68.0907 -0.01 10.111
    endloop
  endfacet
  facet normal 0 -1 -0
    outer loop
      vertex 68.1504 -0.01 9.99557
      vertex 67.072 -0.01 9.44519
      vertex 68.2009 -0.01 9.8737
    endloop
  endfacet
  facet normal -0 -1 0
    outer loop
      vertex 68.2743 -0.01 9.61046
      vertex 68.2422 -0.01 9.74533
      vertex 67.072 -0.01 9.44519
    endloop
  endfacet
  facet normal 0 -1 0
    outer loop
      vertex 67.1072 -0.01 9.14659
      vertex 68.3135 -0.01 9.06729
      vertex 68.3156 -0.01 9.16693
    endloop
  endfacet
  facet normal 0 -1 -0
    outer loop
      vertex 68.311 -0.01 9.32126
      vertex 67.1072 -0.01 9.14659
      vertex 68.3156 -0.01 9.16693
    endloop
  endfacet
  facet normal 0 -1 -0
    outer loop
      vertex 67.105 -0.01 9.06405
      vertex 67.0983 -0.01 8.98512
      vertex 68.2968 -0.01 8.87388
    endloop
  endfacet
  facet normal 0 -1 0
    outer loop
      vertex 67.0717 -0.01 8.83806
      vertex 68.2134 -0.01 8.51046
      vertex 68.2405 -0.01 8.5984
    endloop
  endfacet
  facet normal 0 -1 0
    outer loop
      vertex 67.0517 -0.01 8.76991
      vertex 68.1071 -0.01 8.25837
      vertex 68.1467 -0.01 8.34045
    endloop
  endfacet
  facet normal 0 -1 0
    outer loop
      vertex 67.0273 -0.01 8.70537
      vertex 68.0156 -0.01 8.10072
      vertex 68.0633 -0.01 8.17824
    endloop
  endfacet
  facet normal 0 -1 0
    outer loop
      vertex 66.9985 -0.01 8.64442
      vertex 67.9644 -0.01 8.02647
      vertex 68.0156 -0.01 8.10072
    endloop
  endfacet
  facet normal 0 -1 0
    outer loop
      vertex 66.9652 -0.01 8.58706
      vertex 67.8511 -0.01 7.88772
      vertex 67.9095 -0.01 7.95547
    endloop
  endfacet
  facet normal 0 -1 0
    outer loop
      vertex 66.9274 -0.01 8.53332
      vertex 67.789 -0.01 7.82325
      vertex 66.9652 -0.01 8.58706
    endloop
  endfacet
  facet normal 0 -1 0
    outer loop
      vertex 67.6541 -0.01 7.70408
      vertex 67.7234 -0.01 7.76204
      vertex 66.9274 -0.01 8.53332
    endloop
  endfacet
  facet normal 0 -1 0
    outer loop
      vertex 67.6541 -0.01 7.70408
      vertex 66.9274 -0.01 8.53332
      vertex 66.8853 -0.01 8.48317
    endloop
  endfacet
  facet normal 0 -1 0
    outer loop
      vertex 67.5813 -0.01 7.64938
      vertex 66.8853 -0.01 8.48317
      vertex 66.8387 -0.01 8.4366
    endloop
  endfacet
  facet normal -0 -1 0
    outer loop
      vertex 67.5048 -0.01 7.59796
      vertex 66.8387 -0.01 8.4366
      vertex 67.4248 -0.01 7.54979
    endloop
  endfacet
  facet normal 0 -1 -0
    outer loop
      vertex 66.8387 -0.01 8.4366
      vertex 66.7879 -0.01 8.39387
      vertex 67.4248 -0.01 7.54979
    endloop
  endfacet
  facet normal 0 -1 0
    outer loop
      vertex 66.7879 -0.01 8.39387
      vertex 67.2542 -0.01 7.46357
      vertex 67.3411 -0.01 7.50488
    endloop
  endfacet
  facet normal 0 -1 0
    outer loop
      vertex 66.7335 -0.01 8.35522
      vertex 67.2542 -0.01 7.46357
      vertex 66.7879 -0.01 8.39387
    endloop
  endfacet
  facet normal 0 -1 0
    outer loop
      vertex 66.6752 -0.01 8.32063
      vertex 67.1644 -0.01 7.42619
      vertex 66.7335 -0.01 8.35522
    endloop
  endfacet
  facet normal 0 -1 0
    outer loop
      vertex 67.0717 -0.01 7.39276
      vertex 67.1644 -0.01 7.42619
      vertex 66.6752 -0.01 8.32063
    endloop
  endfacet
  facet normal 0 -1 0
    outer loop
      vertex 66.976 -0.01 7.36325
      vertex 66.6752 -0.01 8.32063
      vertex 66.6132 -0.01 8.29011
    endloop
  endfacet
  facet normal -0 -1 0
    outer loop
      vertex 66.976 -0.01 7.36325
      vertex 66.6132 -0.01 8.29011
      vertex 66.8774 -0.01 7.33767
    endloop
  endfacet
  facet normal -0 -1 0
    outer loop
      vertex 66.8774 -0.01 7.33767
      vertex 66.5474 -0.01 8.26367
      vertex 66.7758 -0.01 7.31604
    endloop
  endfacet
  facet normal 0 -1 -0
    outer loop
      vertex 66.5474 -0.01 8.26367
      vertex 66.4779 -0.01 8.24128
      vertex 66.7758 -0.01 7.31604
    endloop
  endfacet
  facet normal 0 -1 -0
    outer loop
      vertex 66.4779 -0.01 8.24128
      vertex 66.4046 -0.01 8.22297
      vertex 66.6714 -0.01 7.29834
    endloop
  endfacet
  facet normal 0 -1 0
    outer loop
      vertex 66.4046 -0.01 8.22297
      vertex 66.564 -0.01 7.28456
      vertex 66.6714 -0.01 7.29834
    endloop
  endfacet
  facet normal 0 -1 0
    outer loop
      vertex 66.3275 -0.01 8.20874
      vertex 66.4537 -0.01 7.27473
      vertex 66.4046 -0.01 8.22297
    endloop
  endfacet
  facet normal 0 -1 0
    outer loop
      vertex 66.3404 -0.01 7.26883
      vertex 66.4537 -0.01 7.27473
      vertex 66.3275 -0.01 8.20874
    endloop
  endfacet
  facet normal 0 -1 0
    outer loop
      vertex 66.2242 -0.01 7.26686
      vertex 66.3404 -0.01 7.26883
      vertex 66.2467 -0.01 8.19856
    endloop
  endfacet
  facet normal 0 -1 0
    outer loop
      vertex 66.2242 -0.01 7.26686
      vertex 66.1621 -0.01 8.19246
      vertex 66.0737 -0.01 8.19043
    endloop
  endfacet
  facet normal 0 -1 0
    outer loop
      vertex 66.2242 -0.01 7.26686
      vertex 66.2467 -0.01 8.19856
      vertex 66.1621 -0.01 8.19246
    endloop
  endfacet
  facet normal 0 -1 0
    outer loop
      vertex 90.2939 -0.01 9.28903
      vertex 88.0317 -0.01 7.27502
      vertex 88.9634 -0.01 7.26686
    endloop
  endfacet
  facet normal 0 -1 0
    outer loop
      vertex 69.0279 -0.01 5.24876
      vertex 73.3042 -0.01 5.24876
      vertex 70.2282 -0.01 6.17642
    endloop
  endfacet
  facet normal 0 -1 0
    outer loop
      vertex 69.0279 -0.01 10.9816
      vertex 70.2282 -0.01 6.17642
      vertex 70.2282 -0.01 10.9816
    endloop
  endfacet
  facet normal 0 -1 0
    outer loop
      vertex 69.0279 -0.01 10.9816
      vertex 69.0279 -0.01 5.24876
      vertex 70.2282 -0.01 6.17642
    endloop
  endfacet
  facet normal 0 -1 0
    outer loop
      vertex 91.7302 -0.01 10.9816
      vertex 90.6764 -0.01 9.94812
      vertex 90.6749 -0.01 9.9333
    endloop
  endfacet
  facet normal 0 -1 -0
    outer loop
      vertex 88.9634 -0.01 7.26686
      vertex 88.0317 -0.01 6.41647
      vertex 90.6398 -0.01 6.41647
    endloop
  endfacet
  facet normal 0 -1 0
    outer loop
      vertex 88.0317 -0.01 7.27502
      vertex 88.0317 -0.01 6.41647
      vertex 88.9634 -0.01 7.26686
    endloop
  endfacet
  facet normal 0 -1 0
    outer loop
      vertex 90.6455 -0.01 9.43698
      vertex 91.7302 -0.01 10.9816
      vertex 90.6473 -0.01 9.48146
    endloop
  endfacet
  facet normal 0 -1 0
    outer loop
      vertex 90.4526 -0.01 10.9816
      vertex 88.0317 -0.01 7.27502
      vertex 90.2939 -0.01 9.28903
    endloop
  endfacet
  facet normal -0 -1 0
    outer loop
      vertex 90.3889 -0.01 9.43913
      vertex 90.4526 -0.01 10.9816
      vertex 90.3428 -0.01 9.36575
    endloop
  endfacet
  facet normal -0 -1 0
    outer loop
      vertex 90.4321 -0.01 9.50914
      vertex 90.4526 -0.01 10.9816
      vertex 90.3889 -0.01 9.43913
    endloop
  endfacet
  facet normal -0 -1 0
    outer loop
      vertex 90.4725 -0.01 9.57577
      vertex 90.4526 -0.01 10.9816
      vertex 90.4321 -0.01 9.50914
    endloop
  endfacet
  facet normal -0 -1 0
    outer loop
      vertex 90.5101 -0.01 9.63905
      vertex 90.4526 -0.01 10.9816
      vertex 90.4725 -0.01 9.57577
    endloop
  endfacet
  facet normal -0 -1 0
    outer loop
      vertex 90.5449 -0.01 9.69897
      vertex 90.4526 -0.01 10.9816
      vertex 90.5101 -0.01 9.63905
    endloop
  endfacet
  facet normal -0 -1 0
    outer loop
      vertex 90.5769 -0.01 9.75554
      vertex 90.4526 -0.01 10.9816
      vertex 90.5449 -0.01 9.69897
    endloop
  endfacet
  facet normal -0 -1 0
    outer loop
      vertex 90.606 -0.01 9.80873
      vertex 90.4526 -0.01 10.9816
      vertex 90.5769 -0.01 9.75554
    endloop
  endfacet
  facet normal -0 -1 0
    outer loop
      vertex 90.6323 -0.01 9.85855
      vertex 90.4526 -0.01 10.9816
      vertex 90.606 -0.01 9.80873
    endloop
  endfacet
  facet normal -0 -1 0
    outer loop
      vertex 90.6557 -0.01 9.90503
      vertex 90.4526 -0.01 10.9816
      vertex 90.6323 -0.01 9.85855
    endloop
  endfacet
  facet normal -0 -1 0
    outer loop
      vertex 90.6764 -0.01 9.94812
      vertex 90.4526 -0.01 10.9816
      vertex 90.6557 -0.01 9.90503
    endloop
  endfacet
  facet normal -0 -1 0
    outer loop
      vertex 91.7302 -0.01 10.9816
      vertex 90.4526 -0.01 10.9816
      vertex 90.6764 -0.01 9.94812
    endloop
  endfacet
  facet normal 0 -1 0
    outer loop
      vertex 90.6732 -0.01 9.91545
      vertex 91.7302 -0.01 10.9816
      vertex 90.6749 -0.01 9.9333
    endloop
  endfacet
  facet normal 0 -1 0
    outer loop
      vertex 90.6715 -0.01 9.89457
      vertex 91.7302 -0.01 10.9816
      vertex 90.6732 -0.01 9.91545
    endloop
  endfacet
  facet normal 0 -1 0
    outer loop
      vertex 90.6697 -0.01 9.87066
      vertex 91.7302 -0.01 10.9816
      vertex 90.6715 -0.01 9.89457
    endloop
  endfacet
  facet normal 0 -1 0
    outer loop
      vertex 90.6677 -0.01 9.84373
      vertex 91.7302 -0.01 10.9816
      vertex 90.6697 -0.01 9.87066
    endloop
  endfacet
  facet normal 0 -1 0
    outer loop
      vertex 90.6657 -0.01 9.81376
      vertex 91.7302 -0.01 10.9816
      vertex 90.6677 -0.01 9.84373
    endloop
  endfacet
  facet normal 0 -1 0
    outer loop
      vertex 90.6636 -0.01 9.78077
      vertex 91.7302 -0.01 10.9816
      vertex 90.6657 -0.01 9.81376
    endloop
  endfacet
  facet normal 0 -1 0
    outer loop
      vertex 90.6613 -0.01 9.74476
      vertex 91.7302 -0.01 10.9816
      vertex 90.6636 -0.01 9.78077
    endloop
  endfacet
  facet normal 0 -1 0
    outer loop
      vertex 90.659 -0.01 9.70572
      vertex 91.7302 -0.01 10.9816
      vertex 90.6613 -0.01 9.74476
    endloop
  endfacet
  facet normal 0 -1 0
    outer loop
      vertex 90.6565 -0.01 9.66365
      vertex 91.7302 -0.01 10.9816
      vertex 90.659 -0.01 9.70572
    endloop
  endfacet
  facet normal 0 -1 0
    outer loop
      vertex 90.654 -0.01 9.61854
      vertex 91.7302 -0.01 10.9816
      vertex 90.6565 -0.01 9.66365
    endloop
  endfacet
  facet normal 0 -1 0
    outer loop
      vertex 90.6515 -0.01 9.57225
      vertex 91.7302 -0.01 10.9816
      vertex 90.654 -0.01 9.61854
    endloop
  endfacet
  facet normal 0 -1 0
    outer loop
      vertex 90.6493 -0.01 9.52655
      vertex 91.7302 -0.01 10.9816
      vertex 90.6515 -0.01 9.57225
    endloop
  endfacet
  facet normal 0 -1 0
    outer loop
      vertex 90.6473 -0.01 9.48146
      vertex 91.7302 -0.01 10.9816
      vertex 90.6493 -0.01 9.52655
    endloop
  endfacet
  facet normal 0 -1 -0
    outer loop
      vertex 90.6455 -0.01 9.43698
      vertex 90.644 -0.01 9.39309
      vertex 91.7302 -0.01 10.9816
    endloop
  endfacet
  facet normal 0 -1 -0
    outer loop
      vertex 90.644 -0.01 9.39309
      vertex 90.6427 -0.01 9.34984
      vertex 91.7302 -0.01 10.9816
    endloop
  endfacet
  facet normal 0 -1 -0
    outer loop
      vertex 90.6427 -0.01 9.34984
      vertex 90.6417 -0.01 9.30716
      vertex 91.7302 -0.01 10.9816
    endloop
  endfacet
  facet normal 0 -1 -0
    outer loop
      vertex 90.6417 -0.01 9.30716
      vertex 90.6408 -0.01 9.2651
      vertex 91.7302 -0.01 10.9816
    endloop
  endfacet
  facet normal 0 -1 -0
    outer loop
      vertex 90.6408 -0.01 9.2651
      vertex 90.6402 -0.01 9.22365
      vertex 91.7302 -0.01 10.9816
    endloop
  endfacet
  facet normal 0 -1 -0
    outer loop
      vertex 90.6402 -0.01 9.22365
      vertex 90.6399 -0.01 9.1828
      vertex 91.7302 -0.01 10.9816
    endloop
  endfacet
  facet normal 0 -1 -0
    outer loop
      vertex 90.6399 -0.01 9.1828
      vertex 90.6398 -0.01 9.14256
      vertex 91.7302 -0.01 10.9816
    endloop
  endfacet
  facet normal 0 -1 0
    outer loop
      vertex 90.6398 -0.01 9.14256
      vertex 91.7302 -0.01 7.26686
      vertex 91.7302 -0.01 10.9816
    endloop
  endfacet
  facet normal 0 -1 0
    outer loop
      vertex 90.6398 -0.01 7.26686
      vertex 91.7302 -0.01 7.26686
      vertex 90.6398 -0.01 9.14256
    endloop
  endfacet
  facet normal 0 -1 0
    outer loop
      vertex 95.1657 -0.01 5.24876
      vertex 96.2562 -0.01 5.24876
      vertex 95.1657 -0.01 6.41647
    endloop
  endfacet
  facet normal 0 -1 0
    outer loop
      vertex 97.0211 -0.01 6.41647
      vertex 97.0211 -0.01 7.26686
      vertex 96.2562 -0.01 7.26686
    endloop
  endfacet
  facet normal 0 -1 0
    outer loop
      vertex 95.2023 -0.01 9.94812
      vertex 96.2562 -0.01 10.9816
      vertex 94.9786 -0.01 10.9816
    endloop
  endfacet
  facet normal 0 -1 0
    outer loop
      vertex 93.4894 -0.01 7.26686
      vertex 95.1657 -0.01 6.41647
      vertex 95.1657 -0.01 7.26686
    endloop
  endfacet
  facet normal 0 -1 0
    outer loop
      vertex 96.2562 -0.01 6.41647
      vertex 97.0211 -0.01 6.41647
      vertex 96.2562 -0.01 7.26686
    endloop
  endfacet
  facet normal 0 -1 0
    outer loop
      vertex 93.4894 -0.01 7.26686
      vertex 94.8199 -0.01 9.28903
      vertex 92.5577 -0.01 7.27502
    endloop
  endfacet
  facet normal 0 -1 0
    outer loop
      vertex 95.1657 -0.01 7.26686
      vertex 95.1657 -0.01 6.41647
      vertex 96.2562 -0.01 6.41647
    endloop
  endfacet
  facet normal 0 -1 0
    outer loop
      vertex 96.2562 -0.01 10.9816
      vertex 95.2023 -0.01 9.94812
      vertex 95.2008 -0.01 9.9333
    endloop
  endfacet
  facet normal 0 -1 -0
    outer loop
      vertex 93.4894 -0.01 7.26686
      vertex 92.5577 -0.01 6.41647
      vertex 95.1657 -0.01 6.41647
    endloop
  endfacet
  facet normal 0 -1 0
    outer loop
      vertex 92.5577 -0.01 7.27502
      vertex 92.5577 -0.01 6.41647
      vertex 93.4894 -0.01 7.26686
    endloop
  endfacet
  facet normal 0 -1 0
    outer loop
      vertex 95.1715 -0.01 9.43698
      vertex 96.2562 -0.01 10.9816
      vertex 95.1733 -0.01 9.48146
    endloop
  endfacet
  facet normal 0 -1 0
    outer loop
      vertex 94.9786 -0.01 10.9816
      vertex 92.5577 -0.01 7.27502
      vertex 94.8199 -0.01 9.28903
    endloop
  endfacet
  facet normal 0 -1 0
    outer loop
      vertex 94.8199 -0.01 9.28903
      vertex 94.8688 -0.01 9.36575
      vertex 94.9786 -0.01 10.9816
    endloop
  endfacet
  facet normal 0 -1 -0
    outer loop
      vertex 95.18 -0.01 9.61854
      vertex 95.1775 -0.01 9.57225
      vertex 96.2562 -0.01 10.9816
    endloop
  endfacet
  facet normal 0 -1 0
    outer loop
      vertex 94.8688 -0.01 9.36575
      vertex 94.9149 -0.01 9.43913
      vertex 94.9786 -0.01 10.9816
    endloop
  endfacet
  facet normal 0 -1 -0
    outer loop
      vertex 95.1825 -0.01 9.66365
      vertex 95.18 -0.01 9.61854
      vertex 96.2562 -0.01 10.9816
    endloop
  endfacet
  facet normal 0 -1 0
    outer loop
      vertex 94.9149 -0.01 9.43913
      vertex 94.9581 -0.01 9.50914
      vertex 94.9786 -0.01 10.9816
    endloop
  endfacet
  facet normal 0 -1 -0
    outer loop
      vertex 95.1873 -0.01 9.74476
      vertex 95.1849 -0.01 9.70572
      vertex 96.2562 -0.01 10.9816
    endloop
  endfacet
  facet normal 0 -1 0
    outer loop
      vertex 94.9581 -0.01 9.50914
      vertex 94.9985 -0.01 9.57577
      vertex 94.9786 -0.01 10.9816
    endloop
  endfacet
  facet normal 0 -1 -0
    outer loop
      vertex 95.1895 -0.01 9.78077
      vertex 95.1873 -0.01 9.74476
      vertex 96.2562 -0.01 10.9816
    endloop
  endfacet
  facet normal 0 -1 0
    outer loop
      vertex 94.9985 -0.01 9.57577
      vertex 95.0361 -0.01 9.63905
      vertex 94.9786 -0.01 10.9816
    endloop
  endfacet
  facet normal 0 -1 -0
    outer loop
      vertex 95.1917 -0.01 9.81376
      vertex 95.1895 -0.01 9.78077
      vertex 96.2562 -0.01 10.9816
    endloop
  endfacet
  facet normal 0 -1 0
    outer loop
      vertex 95.0361 -0.01 9.63905
      vertex 95.0709 -0.01 9.69897
      vertex 94.9786 -0.01 10.9816
    endloop
  endfacet
  facet normal 0 -1 -0
    outer loop
      vertex 95.1937 -0.01 9.84373
      vertex 95.1917 -0.01 9.81376
      vertex 96.2562 -0.01 10.9816
    endloop
  endfacet
  facet normal 0 -1 0
    outer loop
      vertex 95.0709 -0.01 9.69897
      vertex 95.1028 -0.01 9.75554
      vertex 94.9786 -0.01 10.9816
    endloop
  endfacet
  facet normal 0 -1 -0
    outer loop
      vertex 95.1956 -0.01 9.87066
      vertex 95.1937 -0.01 9.84373
      vertex 96.2562 -0.01 10.9816
    endloop
  endfacet
  facet normal 0 -1 0
    outer loop
      vertex 95.1028 -0.01 9.75554
      vertex 95.1319 -0.01 9.80873
      vertex 94.9786 -0.01 10.9816
    endloop
  endfacet
  facet normal 0 -1 -0
    outer loop
      vertex 95.1975 -0.01 9.89457
      vertex 95.1956 -0.01 9.87066
      vertex 96.2562 -0.01 10.9816
    endloop
  endfacet
  facet normal 0 -1 0
    outer loop
      vertex 95.1319 -0.01 9.80873
      vertex 95.1582 -0.01 9.85855
      vertex 94.9786 -0.01 10.9816
    endloop
  endfacet
  facet normal 0 -1 0
    outer loop
      vertex 95.1582 -0.01 9.85855
      vertex 95.1817 -0.01 9.90503
      vertex 94.9786 -0.01 10.9816
    endloop
  endfacet
  facet normal 0 -1 -0
    outer loop
      vertex 95.1992 -0.01 9.91545
      vertex 95.1975 -0.01 9.89457
      vertex 96.2562 -0.01 10.9816
    endloop
  endfacet
  facet normal 0 -1 0
    outer loop
      vertex 95.1817 -0.01 9.90503
      vertex 95.2023 -0.01 9.94812
      vertex 94.9786 -0.01 10.9816
    endloop
  endfacet
  facet normal 0 -1 -0
    outer loop
      vertex 95.2008 -0.01 9.9333
      vertex 95.1992 -0.01 9.91545
      vertex 96.2562 -0.01 10.9816
    endloop
  endfacet
  facet normal 0 -1 -0
    outer loop
      vertex 95.1849 -0.01 9.70572
      vertex 95.1825 -0.01 9.66365
      vertex 96.2562 -0.01 10.9816
    endloop
  endfacet
  facet normal 0 -1 -0
    outer loop
      vertex 95.1775 -0.01 9.57225
      vertex 95.1752 -0.01 9.52655
      vertex 96.2562 -0.01 10.9816
    endloop
  endfacet
  facet normal 0 -1 -0
    outer loop
      vertex 95.1752 -0.01 9.52655
      vertex 95.1733 -0.01 9.48146
      vertex 96.2562 -0.01 10.9816
    endloop
  endfacet
  facet normal 0 -1 0
    outer loop
      vertex 96.2562 -0.01 10.9816
      vertex 95.1715 -0.01 9.43698
      vertex 95.17 -0.01 9.39309
    endloop
  endfacet
  facet normal 0 -1 0
    outer loop
      vertex 96.2562 -0.01 10.9816
      vertex 95.17 -0.01 9.39309
      vertex 95.1687 -0.01 9.34984
    endloop
  endfacet
  facet normal 0 -1 0
    outer loop
      vertex 96.2562 -0.01 10.9816
      vertex 95.1687 -0.01 9.34984
      vertex 95.1676 -0.01 9.30716
    endloop
  endfacet
  facet normal 0 -1 0
    outer loop
      vertex 96.2562 -0.01 10.9816
      vertex 95.1676 -0.01 9.30716
      vertex 95.1668 -0.01 9.2651
    endloop
  endfacet
  facet normal 0 -1 0
    outer loop
      vertex 96.2562 -0.01 10.9816
      vertex 95.1668 -0.01 9.2651
      vertex 95.1662 -0.01 9.22365
    endloop
  endfacet
  facet normal 0 -1 0
    outer loop
      vertex 96.2562 -0.01 10.9816
      vertex 95.1662 -0.01 9.22365
      vertex 95.1658 -0.01 9.1828
    endloop
  endfacet
  facet normal 0 -1 0
    outer loop
      vertex 96.2562 -0.01 10.9816
      vertex 95.1658 -0.01 9.1828
      vertex 95.1657 -0.01 9.14256
    endloop
  endfacet
  facet normal 0 -1 -0
    outer loop
      vertex 96.2562 -0.01 10.9816
      vertex 95.1657 -0.01 9.14256
      vertex 96.2562 -0.01 7.26686
    endloop
  endfacet
  facet normal 0 -1 0
    outer loop
      vertex 95.1657 -0.01 9.14256
      vertex 95.1657 -0.01 7.26686
      vertex 96.2562 -0.01 7.26686
    endloop
  endfacet
  facet normal 0 -1 0
    outer loop
      vertex 87.6368 -0.01 6.91285
      vertex 85.5211 -0.01 7.90568
      vertex 85.5211 -0.01 6.91285
    endloop
  endfacet
  facet normal 0.0629009 0 -0.99802
    outer loop
      vertex 76.9991 0.61 5.18078
      vertex 76.8398 -0.01 5.17074
      vertex 76.8398 0.61 5.17074
    endloop
  endfacet
  facet normal 0.0629009 0 -0.99802
    outer loop
      vertex 76.9991 0.61 5.18078
      vertex 76.9991 -0.01 5.18078
      vertex 76.8398 -0.01 5.17074
    endloop
  endfacet
  facet normal 0.107312 0 -0.994225
    outer loop
      vertex 77.1541 0.61 5.19751
      vertex 76.9991 -0.01 5.18078
      vertex 76.9991 0.61 5.18078
    endloop
  endfacet
  facet normal 0.107312 0 -0.994225
    outer loop
      vertex 77.1541 0.61 5.19751
      vertex 77.1541 -0.01 5.19751
      vertex 76.9991 -0.01 5.18078
    endloop
  endfacet
  facet normal 0.153465 0 -0.988154
    outer loop
      vertex 77.3049 0.61 5.22093
      vertex 77.1541 -0.01 5.19751
      vertex 77.1541 0.61 5.19751
    endloop
  endfacet
  facet normal 0.153465 0 -0.988154
    outer loop
      vertex 77.3049 0.61 5.22093
      vertex 77.3049 -0.01 5.22093
      vertex 77.1541 -0.01 5.19751
    endloop
  endfacet
  facet normal 0.201257 0 -0.979539
    outer loop
      vertex 77.4514 0.61 5.25103
      vertex 77.3049 -0.01 5.22093
      vertex 77.3049 0.61 5.22093
    endloop
  endfacet
  facet normal 0.201257 0 -0.979539
    outer loop
      vertex 77.4514 0.61 5.25103
      vertex 77.4514 -0.01 5.25103
      vertex 77.3049 -0.01 5.22093
    endloop
  endfacet
  facet normal 0.250601 0 -0.968091
    outer loop
      vertex 77.5936 0.61 5.28784
      vertex 77.4514 -0.01 5.25103
      vertex 77.4514 0.61 5.25103
    endloop
  endfacet
  facet normal 0.250601 0 -0.968091
    outer loop
      vertex 77.5936 0.61 5.28784
      vertex 77.5936 -0.01 5.28784
      vertex 77.4514 -0.01 5.25103
    endloop
  endfacet
  facet normal 0.300572 0 -0.953759
    outer loop
      vertex 77.7316 0.61 5.33133
      vertex 77.5936 -0.01 5.28784
      vertex 77.5936 0.61 5.28784
    endloop
  endfacet
  facet normal 0.300572 0 -0.953759
    outer loop
      vertex 77.7316 0.61 5.33133
      vertex 77.7316 -0.01 5.33133
      vertex 77.5936 -0.01 5.28784
    endloop
  endfacet
  facet normal 0.351615 0 -0.936145
    outer loop
      vertex 77.8652 0.61 5.38151
      vertex 77.7316 -0.01 5.33133
      vertex 77.7316 0.61 5.33133
    endloop
  endfacet
  facet normal 0.351615 0 -0.936145
    outer loop
      vertex 77.8652 0.61 5.38151
      vertex 77.8652 -0.01 5.38151
      vertex 77.7316 -0.01 5.33133
    endloop
  endfacet
  facet normal 0.402466 0 -0.915435
    outer loop
      vertex 77.9946 0.61 5.4384
      vertex 77.8652 -0.01 5.38151
      vertex 77.8652 0.61 5.38151
    endloop
  endfacet
  facet normal 0.402466 0 -0.915435
    outer loop
      vertex 77.9946 0.61 5.4384
      vertex 77.9946 -0.01 5.4384
      vertex 77.8652 -0.01 5.38151
    endloop
  endfacet
  facet normal 0.452732 0 -0.891647
    outer loop
      vertex 78.1198 0.61 5.50197
      vertex 77.9946 -0.01 5.4384
      vertex 77.9946 0.61 5.4384
    endloop
  endfacet
  facet normal 0.452732 0 -0.891647
    outer loop
      vertex 78.1198 0.61 5.50197
      vertex 78.1198 -0.01 5.50197
      vertex 77.9946 -0.01 5.4384
    endloop
  endfacet
  facet normal 0.502714 0 -0.864453
    outer loop
      vertex 78.2406 0.61 5.57222
      vertex 78.1198 -0.01 5.50197
      vertex 78.1198 0.61 5.50197
    endloop
  endfacet
  facet normal 0.502714 0 -0.864453
    outer loop
      vertex 78.2406 0.61 5.57222
      vertex 78.2406 -0.01 5.57222
      vertex 78.1198 -0.01 5.50197
    endloop
  endfacet
  facet normal 0.552928 0 -0.833229
    outer loop
      vertex 78.3568 0.61 5.64933
      vertex 78.2406 -0.01 5.57222
      vertex 78.2406 0.61 5.57222
    endloop
  endfacet
  facet normal 0.552928 0 -0.833229
    outer loop
      vertex 78.3568 0.61 5.64933
      vertex 78.3568 -0.01 5.64933
      vertex 78.2406 -0.01 5.57222
    endloop
  endfacet
  facet normal 0.604519 0 -0.796591
    outer loop
      vertex 78.4677 0.61 5.73349
      vertex 78.3568 -0.01 5.64933
      vertex 78.3568 0.61 5.64933
    endloop
  endfacet
  facet normal 0.604519 0 -0.796591
    outer loop
      vertex 78.4677 0.61 5.73349
      vertex 78.4677 -0.01 5.73349
      vertex 78.3568 -0.01 5.64933
    endloop
  endfacet
  facet normal 0.653142 0 -0.757235
    outer loop
      vertex 78.5734 0.61 5.82466
      vertex 78.4677 -0.01 5.73349
      vertex 78.4677 0.61 5.73349
    endloop
  endfacet
  facet normal 0.653142 0 -0.757235
    outer loop
      vertex 78.5734 0.61 5.82466
      vertex 78.5734 -0.01 5.82466
      vertex 78.4677 -0.01 5.73349
    endloop
  endfacet
  facet normal 0.698875 0 -0.715244
    outer loop
      vertex 78.6739 0.61 5.92286
      vertex 78.5734 -0.01 5.82466
      vertex 78.5734 0.61 5.82466
    endloop
  endfacet
  facet normal 0.698875 0 -0.715244
    outer loop
      vertex 78.6739 0.61 5.92286
      vertex 78.6739 -0.01 5.92286
      vertex 78.5734 -0.01 5.82466
    endloop
  endfacet
  facet normal 0.741214 0 -0.671269
    outer loop
      vertex 78.7692 0.61 6.02809
      vertex 78.6739 -0.01 5.92286
      vertex 78.6739 0.61 5.92286
    endloop
  endfacet
  facet normal 0.741214 0 -0.671269
    outer loop
      vertex 78.7692 0.61 6.02809
      vertex 78.7692 -0.01 6.02809
      vertex 78.6739 -0.01 5.92286
    endloop
  endfacet
  facet normal 0.780217 0 -0.625508
    outer loop
      vertex 78.8592 0.61 6.14035
      vertex 78.7692 -0.01 6.02809
      vertex 78.7692 0.61 6.02809
    endloop
  endfacet
  facet normal 0.780217 0 -0.625508
    outer loop
      vertex 78.8592 0.61 6.14035
      vertex 78.8592 -0.01 6.14035
      vertex 78.7692 -0.01 6.02809
    endloop
  endfacet
  facet normal 0.814724 0 -0.579848
    outer loop
      vertex 78.9441 0.61 6.25964
      vertex 78.8592 -0.01 6.14035
      vertex 78.8592 0.61 6.14035
    endloop
  endfacet
  facet normal 0.814724 0 -0.579848
    outer loop
      vertex 78.9441 0.61 6.25964
      vertex 78.9441 -0.01 6.25964
      vertex 78.8592 -0.01 6.14035
    endloop
  endfacet
  facet normal 0.846017 0 -0.533156
    outer loop
      vertex 79.0237 0.61 6.38595
      vertex 78.9441 -0.01 6.25964
      vertex 78.9441 0.61 6.25964
    endloop
  endfacet
  facet normal 0.846017 0 -0.533156
    outer loop
      vertex 79.0237 0.61 6.38595
      vertex 79.0237 -0.01 6.38595
      vertex 78.9441 -0.01 6.25964
    endloop
  endfacet
  facet normal 0.872997 0 -0.487726
    outer loop
      vertex 79.0982 0.61 6.5193
      vertex 79.0237 -0.01 6.38595
      vertex 79.0237 0.61 6.38595
    endloop
  endfacet
  facet normal 0.872997 0 -0.487726
    outer loop
      vertex 79.0982 0.61 6.5193
      vertex 79.0982 -0.01 6.5193
      vertex 79.0237 -0.01 6.38595
    endloop
  endfacet
  facet normal 0.896943 0 -0.442146
    outer loop
      vertex 79.1674 0.61 6.65968
      vertex 79.0982 -0.01 6.5193
      vertex 79.0982 0.61 6.5193
    endloop
  endfacet
  facet normal 0.896943 0 -0.442146
    outer loop
      vertex 79.1674 0.61 6.65968
      vertex 79.1674 -0.01 6.65968
      vertex 79.0982 -0.01 6.5193
    endloop
  endfacet
  facet normal 0.917268 0 -0.398271
    outer loop
      vertex 79.2314 0.61 6.80708
      vertex 79.1674 -0.01 6.65968
      vertex 79.1674 0.61 6.65968
    endloop
  endfacet
  facet normal 0.917268 0 -0.398271
    outer loop
      vertex 79.2314 0.61 6.80708
      vertex 79.2314 -0.01 6.80708
      vertex 79.1674 -0.01 6.65968
    endloop
  endfacet
  facet normal 0.353117 0 0.935579
    outer loop
      vertex 78.1857 0.61 7.20176
      vertex 79.2314 -0.01 6.80708
      vertex 79.2314 0.61 6.80708
    endloop
  endfacet
  facet normal 0.353117 0 0.935579
    outer loop
      vertex 78.1857 0.61 7.20176
      vertex 78.1857 -0.01 7.20176
      vertex 79.2314 -0.01 6.80708
    endloop
  endfacet
  facet normal -0.916862 0 0.399204
    outer loop
      vertex 78.1033 0.61 7.01251
      vertex 78.1857 -0.01 7.20176
      vertex 78.1857 0.61 7.20176
    endloop
  endfacet
  facet normal -0.916862 0 0.399204
    outer loop
      vertex 78.1033 0.61 7.01251
      vertex 78.1033 -0.01 7.01251
      vertex 78.1857 -0.01 7.20176
    endloop
  endfacet
  facet normal -0.877892 0 0.478859
    outer loop
      vertex 78.0099 0.61 6.84128
      vertex 78.1033 -0.01 7.01251
      vertex 78.1033 0.61 7.01251
    endloop
  endfacet
  facet normal -0.877892 0 0.478859
    outer loop
      vertex 78.0099 0.61 6.84128
      vertex 78.0099 -0.01 6.84128
      vertex 78.1033 -0.01 7.01251
    endloop
  endfacet
  facet normal -0.826615 0 0.562767
    outer loop
      vertex 77.9056 0.61 6.68808
      vertex 78.0099 -0.01 6.84128
      vertex 78.0099 0.61 6.84128
    endloop
  endfacet
  facet normal -0.826615 0 0.562767
    outer loop
      vertex 77.9056 0.61 6.68808
      vertex 77.9056 -0.01 6.68808
      vertex 78.0099 -0.01 6.84128
    endloop
  endfacet
  facet normal -0.760836 0 0.648945
    outer loop
      vertex 77.7903 0.61 6.5529
      vertex 77.9056 -0.01 6.68808
      vertex 77.9056 0.61 6.68808
    endloop
  endfacet
  facet normal -0.760836 0 0.648945
    outer loop
      vertex 77.7903 0.61 6.5529
      vertex 77.7903 -0.01 6.5529
      vertex 77.9056 -0.01 6.68808
    endloop
  endfacet
  facet normal -0.680081 0 0.733137
    outer loop
      vertex 77.664 0.61 6.43574
      vertex 77.7903 -0.01 6.5529
      vertex 77.7903 0.61 6.5529
    endloop
  endfacet
  facet normal -0.680081 0 0.733137
    outer loop
      vertex 77.664 0.61 6.43574
      vertex 77.664 -0.01 6.43574
      vertex 77.7903 -0.01 6.5529
    endloop
  endfacet
  facet normal -0.585611 0 0.810592
    outer loop
      vertex 77.5268 0.61 6.33662
      vertex 77.664 -0.01 6.43574
      vertex 77.664 0.61 6.43574
    endloop
  endfacet
  facet normal -0.585611 0 0.810592
    outer loop
      vertex 77.5268 0.61 6.33662
      vertex 77.5268 -0.01 6.33662
      vertex 77.664 -0.01 6.43574
    endloop
  endfacet
  facet normal -0.4801 0 0.877214
    outer loop
      vertex 77.3786 0.61 6.25551
      vertex 77.5268 -0.01 6.33662
      vertex 77.5268 0.61 6.33662
    endloop
  endfacet
  facet normal -0.4801 0 0.877214
    outer loop
      vertex 77.3786 0.61 6.25551
      vertex 77.3786 -0.01 6.25551
      vertex 77.5268 -0.01 6.33662
    endloop
  endfacet
  facet normal -0.368368 0 0.92968
    outer loop
      vertex 77.2194 0.61 6.19243
      vertex 77.3786 -0.01 6.25551
      vertex 77.3786 0.61 6.25551
    endloop
  endfacet
  facet normal -0.368368 0 0.92968
    outer loop
      vertex 77.2194 0.61 6.19243
      vertex 77.2194 -0.01 6.19243
      vertex 77.3786 -0.01 6.25551
    endloop
  endfacet
  facet normal -0.256071 0 0.966658
    outer loop
      vertex 77.0493 0.61 6.14737
      vertex 77.2194 -0.01 6.19243
      vertex 77.2194 0.61 6.19243
    endloop
  endfacet
  facet normal -0.256071 0 0.966658
    outer loop
      vertex 77.0493 0.61 6.14737
      vertex 77.0493 -0.01 6.14737
      vertex 77.2194 -0.01 6.19243
    endloop
  endfacet
  facet normal -0.147753 0 0.989024
    outer loop
      vertex 76.8683 0.61 6.12033
      vertex 77.0493 -0.01 6.14737
      vertex 77.0493 0.61 6.14737
    endloop
  endfacet
  facet normal -0.147753 0 0.989024
    outer loop
      vertex 76.8683 0.61 6.12033
      vertex 76.8683 -0.01 6.12033
      vertex 77.0493 -0.01 6.14737
    endloop
  endfacet
  facet normal -0.0467993 0 0.998904
    outer loop
      vertex 76.6762 0.61 6.11133
      vertex 76.8683 -0.01 6.12033
      vertex 76.8683 0.61 6.12033
    endloop
  endfacet
  facet normal -0.0467993 0 0.998904
    outer loop
      vertex 76.6762 0.61 6.11133
      vertex 76.6762 -0.01 6.11133
      vertex 76.8683 -0.01 6.12033
    endloop
  endfacet
  facet normal 0.0295404 0 0.999564
    outer loop
      vertex 76.5307 0.61 6.11563
      vertex 76.6762 -0.01 6.11133
      vertex 76.6762 0.61 6.11133
    endloop
  endfacet
  facet normal 0.0295404 0 0.999564
    outer loop
      vertex 76.5307 0.61 6.11563
      vertex 76.5307 -0.01 6.11563
      vertex 76.6762 -0.01 6.11133
    endloop
  endfacet
  facet normal 0.0923479 0 0.995727
    outer loop
      vertex 76.3915 0.61 6.12854
      vertex 76.5307 -0.01 6.11563
      vertex 76.5307 0.61 6.11563
    endloop
  endfacet
  facet normal 0.0923479 0 0.995727
    outer loop
      vertex 76.3915 0.61 6.12854
      vertex 76.3915 -0.01 6.12854
      vertex 76.5307 -0.01 6.11563
    endloop
  endfacet
  facet normal 0.159889 0 0.987135
    outer loop
      vertex 76.2587 0.61 6.15005
      vertex 76.3915 -0.01 6.12854
      vertex 76.3915 0.61 6.12854
    endloop
  endfacet
  facet normal 0.159889 0 0.987135
    outer loop
      vertex 76.2587 0.61 6.15005
      vertex 76.2587 -0.01 6.15005
      vertex 76.3915 -0.01 6.12854
    endloop
  endfacet
  facet normal 0.231947 0 0.972729
    outer loop
      vertex 76.1323 0.61 6.18019
      vertex 76.2587 -0.01 6.15005
      vertex 76.2587 0.61 6.15005
    endloop
  endfacet
  facet normal 0.231947 0 0.972729
    outer loop
      vertex 76.1323 0.61 6.18019
      vertex 76.1323 -0.01 6.18019
      vertex 76.2587 -0.01 6.15005
    endloop
  endfacet
  facet normal 0.306845 0 0.951759
    outer loop
      vertex 76.0122 0.61 6.21891
      vertex 76.1323 -0.01 6.18019
      vertex 76.1323 0.61 6.18019
    endloop
  endfacet
  facet normal 0.306845 0 0.951759
    outer loop
      vertex 76.0122 0.61 6.21891
      vertex 76.0122 -0.01 6.21891
      vertex 76.1323 -0.01 6.18019
    endloop
  endfacet
  facet normal 0.384442 0 0.923149
    outer loop
      vertex 75.8985 0.61 6.26626
      vertex 76.0122 -0.01 6.21891
      vertex 76.0122 0.61 6.21891
    endloop
  endfacet
  facet normal 0.384442 0 0.923149
    outer loop
      vertex 75.8985 0.61 6.26626
      vertex 75.8985 -0.01 6.26626
      vertex 76.0122 -0.01 6.21891
    endloop
  endfacet
  facet normal 0.462081 0 0.886838
    outer loop
      vertex 75.7911 0.61 6.32222
      vertex 75.8985 -0.01 6.26626
      vertex 75.8985 0.61 6.26626
    endloop
  endfacet
  facet normal 0.462081 0 0.886838
    outer loop
      vertex 75.7911 0.61 6.32222
      vertex 75.7911 -0.01 6.32222
      vertex 75.8985 -0.01 6.26626
    endloop
  endfacet
  facet normal 0.538202 0 0.842816
    outer loop
      vertex 75.69 0.61 6.38678
      vertex 75.7911 -0.01 6.32222
      vertex 75.7911 0.61 6.32222
    endloop
  endfacet
  facet normal 0.538202 0 0.842816
    outer loop
      vertex 75.69 0.61 6.38678
      vertex 75.69 -0.01 6.38678
      vertex 75.7911 -0.01 6.32222
    endloop
  endfacet
  facet normal 0.611866 0 0.790961
    outer loop
      vertex 75.5954 0.61 6.45996
      vertex 75.69 -0.01 6.38678
      vertex 75.69 0.61 6.38678
    endloop
  endfacet
  facet normal 0.611866 0 0.790961
    outer loop
      vertex 75.5954 0.61 6.45996
      vertex 75.5954 -0.01 6.45996
      vertex 75.69 -0.01 6.38678
    endloop
  endfacet
  facet normal 0.679042 0 0.734099
    outer loop
      vertex 75.507 0.61 6.54173
      vertex 75.5954 -0.01 6.45996
      vertex 75.5954 0.61 6.45996
    endloop
  endfacet
  facet normal 0.679042 0 0.734099
    outer loop
      vertex 75.507 0.61 6.54173
      vertex 75.507 -0.01 6.54173
      vertex 75.5954 -0.01 6.45996
    endloop
  endfacet
  facet normal 0.741052 0 0.671448
    outer loop
      vertex 75.4251 0.61 6.63212
      vertex 75.507 -0.01 6.54173
      vertex 75.507 0.61 6.54173
    endloop
  endfacet
  facet normal 0.741052 0 0.671448
    outer loop
      vertex 75.4251 0.61 6.63212
      vertex 75.4251 -0.01 6.63212
      vertex 75.507 -0.01 6.54173
    endloop
  endfacet
  facet normal 0.795017 0 0.606587
    outer loop
      vertex 75.3499 0.61 6.73068
      vertex 75.4251 -0.01 6.63212
      vertex 75.4251 0.61 6.63212
    endloop
  endfacet
  facet normal 0.795017 0 0.606587
    outer loop
      vertex 75.3499 0.61 6.73068
      vertex 75.3499 -0.01 6.73068
      vertex 75.4251 -0.01 6.63212
    endloop
  endfacet
  facet normal 0.842004 0 0.539472
    outer loop
      vertex 75.2818 0.61 6.83697
      vertex 75.3499 -0.01 6.73068
      vertex 75.3499 0.61 6.73068
    endloop
  endfacet
  facet normal 0.842004 0 0.539472
    outer loop
      vertex 75.2818 0.61 6.83697
      vertex 75.2818 -0.01 6.83697
      vertex 75.3499 -0.01 6.73068
    endloop
  endfacet
  facet normal 0.882404 0 0.470492
    outer loop
      vertex 75.221 0.61 6.951
      vertex 75.2818 -0.01 6.83697
      vertex 75.2818 0.61 6.83697
    endloop
  endfacet
  facet normal 0.882404 0 0.470492
    outer loop
      vertex 75.221 0.61 6.951
      vertex 75.221 -0.01 6.951
      vertex 75.2818 -0.01 6.83697
    endloop
  endfacet
  facet normal 0.914955 0 0.403557
    outer loop
      vertex 75.1673 0.61 7.07275
      vertex 75.221 -0.01 6.951
      vertex 75.221 0.61 6.951
    endloop
  endfacet
  facet normal 0.914955 0 0.403557
    outer loop
      vertex 75.1673 0.61 7.07275
      vertex 75.1673 -0.01 7.07275
      vertex 75.221 -0.01 6.951
    endloop
  endfacet
  facet normal 0.940934 0 0.338591
    outer loop
      vertex 75.1207 0.61 7.20225
      vertex 75.1673 -0.01 7.07275
      vertex 75.1673 0.61 7.07275
    endloop
  endfacet
  facet normal 0.940934 0 0.338591
    outer loop
      vertex 75.1207 0.61 7.20225
      vertex 75.1207 -0.01 7.20225
      vertex 75.1673 -0.01 7.07275
    endloop
  endfacet
  facet normal 0.961174 0 0.275942
    outer loop
      vertex 75.0813 0.61 7.33949
      vertex 75.1207 -0.01 7.20225
      vertex 75.1207 0.61 7.20225
    endloop
  endfacet
  facet normal 0.961174 0 0.275942
    outer loop
      vertex 75.0813 0.61 7.33949
      vertex 75.0813 -0.01 7.33949
      vertex 75.1207 -0.01 7.20225
    endloop
  endfacet
  facet normal 0.976206 0 0.216845
    outer loop
      vertex 75.0491 0.61 7.48445
      vertex 75.0813 -0.01 7.33949
      vertex 75.0813 0.61 7.33949
    endloop
  endfacet
  facet normal 0.976206 0 0.216845
    outer loop
      vertex 75.0491 0.61 7.48445
      vertex 75.0491 -0.01 7.48445
      vertex 75.0813 -0.01 7.33949
    endloop
  endfacet
  facet normal 0.986757 0 0.162208
    outer loop
      vertex 75.024 0.61 7.63714
      vertex 75.0491 -0.01 7.48445
      vertex 75.0491 0.61 7.48445
    endloop
  endfacet
  facet normal 0.986757 0 0.162208
    outer loop
      vertex 75.024 0.61 7.63714
      vertex 75.024 -0.01 7.63714
      vertex 75.0491 -0.01 7.48445
    endloop
  endfacet
  facet normal 0.993835 0 0.110873
    outer loop
      vertex 75.0061 0.61 7.79759
      vertex 75.024 -0.01 7.63714
      vertex 75.024 0.61 7.63714
    endloop
  endfacet
  facet normal 0.993835 0 0.110873
    outer loop
      vertex 75.0061 0.61 7.79759
      vertex 75.0061 -0.01 7.79759
      vertex 75.024 -0.01 7.63714
    endloop
  endfacet
  facet normal 0.997944 0 0.0640887
    outer loop
      vertex 74.9953 0.61 7.96576
      vertex 75.0061 -0.01 7.79759
      vertex 75.0061 0.61 7.79759
    endloop
  endfacet
  facet normal 0.997944 0 0.0640887
    outer loop
      vertex 74.9953 0.61 7.96576
      vertex 74.9953 -0.01 7.96576
      vertex 75.0061 -0.01 7.79759
    endloop
  endfacet
  facet normal 0.999802 0 0.019896
    outer loop
      vertex 74.9918 0.61 8.14164
      vertex 74.9953 -0.01 7.96576
      vertex 74.9953 0.61 7.96576
    endloop
  endfacet
  facet normal 0.999802 0 0.019896
    outer loop
      vertex 74.9918 0.61 8.14164
      vertex 74.9918 -0.01 8.14164
      vertex 74.9953 -0.01 7.96576
    endloop
  endfacet
  facet normal 0.999795 0 -0.0202353
    outer loop
      vertex 74.9953 0.61 8.31457
      vertex 74.9918 -0.01 8.14164
      vertex 74.9918 0.61 8.14164
    endloop
  endfacet
  facet normal 0.999795 0 -0.0202353
    outer loop
      vertex 74.9953 0.61 8.31457
      vertex 74.9953 -0.01 8.31457
      vertex 74.9918 -0.01 8.14164
    endloop
  endfacet
  facet normal 0.998025 0 -0.0628258
    outer loop
      vertex 75.0057 0.61 8.47978
      vertex 74.9953 -0.01 8.31457
      vertex 74.9953 0.61 8.31457
    endloop
  endfacet
  facet normal 0.998025 0 -0.0628258
    outer loop
      vertex 75.0057 0.61 8.47978
      vertex 75.0057 -0.01 8.47978
      vertex 74.9953 -0.01 8.31457
    endloop
  endfacet
  facet normal 0.993951 0 -0.109829
    outer loop
      vertex 75.0231 0.61 8.63725
      vertex 75.0057 -0.01 8.47978
      vertex 75.0057 0.61 8.47978
    endloop
  endfacet
  facet normal 0.993951 0 -0.109829
    outer loop
      vertex 75.0231 0.61 8.63725
      vertex 75.0231 -0.01 8.63725
      vertex 75.0057 -0.01 8.47978
    endloop
  endfacet
  facet normal 0.986981 0 -0.160838
    outer loop
      vertex 75.0475 0.61 8.78698
      vertex 75.0231 -0.01 8.63725
      vertex 75.0231 0.61 8.63725
    endloop
  endfacet
  facet normal 0.986981 0 -0.160838
    outer loop
      vertex 75.0475 0.61 8.78698
      vertex 75.0475 -0.01 8.78698
      vertex 75.0231 -0.01 8.63725
    endloop
  endfacet
  facet normal 0.976558 0 -0.215255
    outer loop
      vertex 75.0788 0.61 8.92898
      vertex 75.0475 -0.01 8.78698
      vertex 75.0475 0.61 8.78698
    endloop
  endfacet
  facet normal 0.976558 0 -0.215255
    outer loop
      vertex 75.0788 0.61 8.92898
      vertex 75.0788 -0.01 8.92898
      vertex 75.0475 -0.01 8.78698
    endloop
  endfacet
  facet normal 0.961637 0 -0.274324
    outer loop
      vertex 75.1171 0.61 9.06324
      vertex 75.0788 -0.01 8.92898
      vertex 75.0788 0.61 8.92898
    endloop
  endfacet
  facet normal 0.961637 0 -0.274324
    outer loop
      vertex 75.1171 0.61 9.06324
      vertex 75.1171 -0.01 9.06324
      vertex 75.0788 -0.01 8.92898
    endloop
  endfacet
  facet normal 0.941717 0 -0.336407
    outer loop
      vertex 75.1623 0.61 9.18977
      vertex 75.1171 -0.01 9.06324
      vertex 75.1171 0.61 9.06324
    endloop
  endfacet
  facet normal 0.941717 0 -0.336407
    outer loop
      vertex 75.1623 0.61 9.18977
      vertex 75.1623 -0.01 9.18977
      vertex 75.1171 -0.01 9.06324
    endloop
  endfacet
  facet normal 0.915507 0 -0.402302
    outer loop
      vertex 75.2145 0.61 9.30856
      vertex 75.1623 -0.01 9.18977
      vertex 75.1623 0.61 9.18977
    endloop
  endfacet
  facet normal 0.915507 0 -0.402302
    outer loop
      vertex 75.2145 0.61 9.30856
      vertex 75.2145 -0.01 9.30856
      vertex 75.1623 -0.01 9.18977
    endloop
  endfacet
  facet normal 0.882476 0 -0.470357
    outer loop
      vertex 75.2737 0.61 9.41963
      vertex 75.2145 -0.01 9.30856
      vertex 75.2145 0.61 9.30856
    endloop
  endfacet
  facet normal 0.882476 0 -0.470357
    outer loop
      vertex 75.2737 0.61 9.41963
      vertex 75.2737 -0.01 9.41963
      vertex 75.2145 -0.01 9.30856
    endloop
  endfacet
  facet normal 0.842363 0 -0.53891
    outer loop
      vertex 75.3398 0.61 9.52295
      vertex 75.2737 -0.01 9.41963
      vertex 75.2737 0.61 9.41963
    endloop
  endfacet
  facet normal 0.842363 0 -0.53891
    outer loop
      vertex 75.3398 0.61 9.52295
      vertex 75.3398 -0.01 9.52295
      vertex 75.2737 -0.01 9.41963
    endloop
  endfacet
  facet normal 0.794351 0 -0.607459
    outer loop
      vertex 75.4129 0.61 9.61854
      vertex 75.3398 -0.01 9.52295
      vertex 75.3398 0.61 9.52295
    endloop
  endfacet
  facet normal 0.794351 0 -0.607459
    outer loop
      vertex 75.4129 0.61 9.61854
      vertex 75.4129 -0.01 9.61854
      vertex 75.3398 -0.01 9.52295
    endloop
  endfacet
  facet normal 0.739138 0 -0.673555
    outer loop
      vertex 75.4927 0.61 9.70611
      vertex 75.4129 -0.01 9.61854
      vertex 75.4129 0.61 9.61854
    endloop
  endfacet
  facet normal 0.739138 0 -0.673555
    outer loop
      vertex 75.4927 0.61 9.70611
      vertex 75.4927 -0.01 9.70611
      vertex 75.4129 -0.01 9.61854
    endloop
  endfacet
  facet normal 0.676289 0 -0.736637
    outer loop
      vertex 75.579 0.61 9.78534
      vertex 75.4927 -0.01 9.70611
      vertex 75.4927 0.61 9.70611
    endloop
  endfacet
  facet normal 0.676289 0 -0.736637
    outer loop
      vertex 75.579 0.61 9.78534
      vertex 75.579 -0.01 9.78534
      vertex 75.4927 -0.01 9.70611
    endloop
  endfacet
  facet normal 0.606938 0 -0.794749
    outer loop
      vertex 75.6718 0.61 9.85621
      vertex 75.579 -0.01 9.78534
      vertex 75.579 0.61 9.78534
    endloop
  endfacet
  facet normal 0.606938 0 -0.794749
    outer loop
      vertex 75.6718 0.61 9.85621
      vertex 75.6718 -0.01 9.85621
      vertex 75.579 -0.01 9.78534
    endloop
  endfacet
  facet normal 0.533367 0 -0.845884
    outer loop
      vertex 75.771 0.61 9.91876
      vertex 75.6718 -0.01 9.85621
      vertex 75.6718 0.61 9.85621
    endloop
  endfacet
  facet normal 0.533367 0 -0.845884
    outer loop
      vertex 75.771 0.61 9.91876
      vertex 75.771 -0.01 9.91876
      vertex 75.6718 -0.01 9.85621
    endloop
  endfacet
  facet normal 0.456008 0 -0.889976
    outer loop
      vertex 75.8768 0.61 9.97297
      vertex 75.771 -0.01 9.91876
      vertex 75.771 0.61 9.91876
    endloop
  endfacet
  facet normal 0.456008 0 -0.889976
    outer loop
      vertex 75.8768 0.61 9.97297
      vertex 75.8768 -0.01 9.97297
      vertex 75.771 -0.01 9.91876
    endloop
  endfacet
  facet normal 0.377849 0 -0.925867
    outer loop
      vertex 75.9891 0.61 10.0188
      vertex 75.8768 -0.01 9.97297
      vertex 75.8768 0.61 9.97297
    endloop
  endfacet
  facet normal 0.377849 0 -0.925867
    outer loop
      vertex 75.9891 0.61 10.0188
      vertex 75.9891 -0.01 10.0188
      vertex 75.8768 -0.01 9.97297
    endloop
  endfacet
  facet normal 0.301977 0 -0.953315
    outer loop
      vertex 76.1078 0.61 10.0564
      vertex 75.9891 -0.01 10.0188
      vertex 75.9891 0.61 10.0188
    endloop
  endfacet
  facet normal 0.301977 0 -0.953315
    outer loop
      vertex 76.1078 0.61 10.0564
      vertex 76.1078 -0.01 10.0564
      vertex 75.9891 -0.01 10.0188
    endloop
  endfacet
  facet normal 0.226959 0 -0.973904
    outer loop
      vertex 76.2331 0.61 10.0856
      vertex 76.1078 -0.01 10.0564
      vertex 76.1078 0.61 10.0564
    endloop
  endfacet
  facet normal 0.226959 0 -0.973904
    outer loop
      vertex 76.2331 0.61 10.0856
      vertex 76.2331 -0.01 10.0856
      vertex 76.1078 -0.01 10.0564
    endloop
  endfacet
  facet normal 0.156001 0 -0.987757
    outer loop
      vertex 76.3648 0.61 10.1064
      vertex 76.2331 -0.01 10.0856
      vertex 76.2331 0.61 10.0856
    endloop
  endfacet
  facet normal 0.156001 0 -0.987757
    outer loop
      vertex 76.3648 0.61 10.1064
      vertex 76.3648 -0.01 10.1064
      vertex 76.2331 -0.01 10.0856
    endloop
  endfacet
  facet normal 0.0900809 0 -0.995934
    outer loop
      vertex 76.503 0.61 10.1189
      vertex 76.3648 -0.01 10.1064
      vertex 76.3648 0.61 10.1064
    endloop
  endfacet
  facet normal 0.0900809 0 -0.995934
    outer loop
      vertex 76.503 0.61 10.1189
      vertex 76.503 -0.01 10.1189
      vertex 76.3648 -0.01 10.1064
    endloop
  endfacet
  facet normal 0.0290134 0 -0.999579
    outer loop
      vertex 76.6477 0.61 10.1231
      vertex 76.503 -0.01 10.1189
      vertex 76.503 0.61 10.1189
    endloop
  endfacet
  facet normal 0.0290134 0 -0.999579
    outer loop
      vertex 76.6477 0.61 10.1231
      vertex 76.6477 -0.01 10.1231
      vertex 76.503 -0.01 10.1189
    endloop
  endfacet
  facet normal -0.0219154 0 -0.99976
    outer loop
      vertex 76.7435 0.61 10.121
      vertex 76.6477 -0.01 10.1231
      vertex 76.6477 0.61 10.1231
    endloop
  endfacet
  facet normal -0.0219154 -0 -0.99976
    outer loop
      vertex 76.7435 0.61 10.121
      vertex 76.7435 -0.01 10.121
      vertex 76.6477 -0.01 10.1231
    endloop
  endfacet
  facet normal -0.0672989 0 -0.997733
    outer loop
      vertex 76.8369 0.61 10.1147
      vertex 76.7435 -0.01 10.121
      vertex 76.7435 0.61 10.121
    endloop
  endfacet
  facet normal -0.0672989 -0 -0.997733
    outer loop
      vertex 76.8369 0.61 10.1147
      vertex 76.8369 -0.01 10.1147
      vertex 76.7435 -0.01 10.121
    endloop
  endfacet
  facet normal -0.1145 0 -0.993423
    outer loop
      vertex 76.928 0.61 10.1042
      vertex 76.8369 -0.01 10.1147
      vertex 76.8369 0.61 10.1147
    endloop
  endfacet
  facet normal -0.1145 -0 -0.993423
    outer loop
      vertex 76.928 0.61 10.1042
      vertex 76.928 -0.01 10.1042
      vertex 76.8369 -0.01 10.1147
    endloop
  endfacet
  facet normal -0.163318 0 -0.986573
    outer loop
      vertex 77.0168 0.61 10.0895
      vertex 76.928 -0.01 10.1042
      vertex 76.928 0.61 10.1042
    endloop
  endfacet
  facet normal -0.163318 -0 -0.986573
    outer loop
      vertex 77.0168 0.61 10.0895
      vertex 77.0168 -0.01 10.0895
      vertex 76.928 -0.01 10.1042
    endloop
  endfacet
  facet normal -0.214539 0 -0.976715
    outer loop
      vertex 77.1033 0.61 10.0705
      vertex 77.0168 -0.01 10.0895
      vertex 77.0168 0.61 10.0895
    endloop
  endfacet
  facet normal -0.214539 -0 -0.976715
    outer loop
      vertex 77.1033 0.61 10.0705
      vertex 77.1033 -0.01 10.0705
      vertex 77.0168 -0.01 10.0895
    endloop
  endfacet
  facet normal -0.264863 0 -0.964286
    outer loop
      vertex 77.1874 0.61 10.0474
      vertex 77.1033 -0.01 10.0705
      vertex 77.1033 0.61 10.0705
    endloop
  endfacet
  facet normal -0.264863 -0 -0.964286
    outer loop
      vertex 77.1874 0.61 10.0474
      vertex 77.1874 -0.01 10.0474
      vertex 77.1033 -0.01 10.0705
    endloop
  endfacet
  facet normal -0.316228 0 -0.948683
    outer loop
      vertex 77.2693 0.61 10.0201
      vertex 77.1874 -0.01 10.0474
      vertex 77.1874 0.61 10.0474
    endloop
  endfacet
  facet normal -0.316228 -0 -0.948683
    outer loop
      vertex 77.2693 0.61 10.0201
      vertex 77.2693 -0.01 10.0201
      vertex 77.1874 -0.01 10.0474
    endloop
  endfacet
  facet normal -0.368566 0 -0.929601
    outer loop
      vertex 77.3488 0.61 9.98858
      vertex 77.2693 -0.01 10.0201
      vertex 77.2693 0.61 10.0201
    endloop
  endfacet
  facet normal -0.368566 -0 -0.929601
    outer loop
      vertex 77.3488 0.61 9.98858
      vertex 77.3488 -0.01 9.98858
      vertex 77.2693 -0.01 10.0201
    endloop
  endfacet
  facet normal -0.419923 0 -0.90756
    outer loop
      vertex 77.426 0.61 9.95286
      vertex 77.3488 -0.01 9.98858
      vertex 77.3488 0.61 9.98858
    endloop
  endfacet
  facet normal -0.419923 -0 -0.90756
    outer loop
      vertex 77.426 0.61 9.95286
      vertex 77.426 -0.01 9.95286
      vertex 77.3488 -0.01 9.98858
    endloop
  endfacet
  facet normal -0.470925 0 -0.882173
    outer loop
      vertex 77.5008 0.61 9.91293
      vertex 77.426 -0.01 9.95286
      vertex 77.426 0.61 9.95286
    endloop
  endfacet
  facet normal -0.470925 -0 -0.882173
    outer loop
      vertex 77.5008 0.61 9.91293
      vertex 77.5008 -0.01 9.91293
      vertex 77.426 -0.01 9.95286
    endloop
  endfacet
  facet normal -0.51942 0 -0.854519
    outer loop
      vertex 77.5734 0.61 9.8688
      vertex 77.5008 -0.01 9.91293
      vertex 77.5008 0.61 9.91293
    endloop
  endfacet
  facet normal -0.51942 -0 -0.854519
    outer loop
      vertex 77.5734 0.61 9.8688
      vertex 77.5734 -0.01 9.8688
      vertex 77.5008 -0.01 9.91293
    endloop
  endfacet
  facet normal -0.567538 0 -0.823347
    outer loop
      vertex 77.6426 0.61 9.8211
      vertex 77.5734 -0.01 9.8688
      vertex 77.5734 0.61 9.8688
    endloop
  endfacet
  facet normal -0.567538 -0 -0.823347
    outer loop
      vertex 77.6426 0.61 9.8211
      vertex 77.6426 -0.01 9.8211
      vertex 77.5734 -0.01 9.8688
    endloop
  endfacet
  facet normal -0.614352 0 -0.789032
    outer loop
      vertex 77.7076 0.61 9.77049
      vertex 77.6426 -0.01 9.8211
      vertex 77.6426 0.61 9.8211
    endloop
  endfacet
  facet normal -0.614352 -0 -0.789032
    outer loop
      vertex 77.7076 0.61 9.77049
      vertex 77.7076 -0.01 9.77049
      vertex 77.6426 -0.01 9.8211
    endloop
  endfacet
  facet normal -0.661491 0 -0.749953
    outer loop
      vertex 77.7683 0.61 9.71695
      vertex 77.7076 -0.01 9.77049
      vertex 77.7076 0.61 9.77049
    endloop
  endfacet
  facet normal -0.661491 -0 -0.749953
    outer loop
      vertex 77.7683 0.61 9.71695
      vertex 77.7683 -0.01 9.71695
      vertex 77.7076 -0.01 9.77049
    endloop
  endfacet
  facet normal -0.706982 0 -0.707232
    outer loop
      vertex 77.8248 0.61 9.66047
      vertex 77.7683 -0.01 9.71695
      vertex 77.7683 0.61 9.71695
    endloop
  endfacet
  facet normal -0.706982 -0 -0.707232
    outer loop
      vertex 77.8248 0.61 9.66047
      vertex 77.8248 -0.01 9.66047
      vertex 77.7683 -0.01 9.71695
    endloop
  endfacet
  facet normal -0.751792 0 -0.6594
    outer loop
      vertex 77.8769 0.61 9.60107
      vertex 77.8248 -0.01 9.66047
      vertex 77.8248 0.61 9.66047
    endloop
  endfacet
  facet normal -0.751792 -0 -0.6594
    outer loop
      vertex 77.8769 0.61 9.60107
      vertex 77.8769 -0.01 9.60107
      vertex 77.8248 -0.01 9.66047
    endloop
  endfacet
  facet normal -0.792908 0 -0.609342
    outer loop
      vertex 77.9248 0.61 9.53874
      vertex 77.8769 -0.01 9.60107
      vertex 77.8769 0.61 9.60107
    endloop
  endfacet
  facet normal -0.792908 -0 -0.609342
    outer loop
      vertex 77.9248 0.61 9.53874
      vertex 77.9248 -0.01 9.53874
      vertex 77.8769 -0.01 9.60107
    endloop
  endfacet
  facet normal -0.830873 0 -0.556462
    outer loop
      vertex 77.9685 0.61 9.47349
      vertex 77.9248 -0.01 9.53874
      vertex 77.9248 0.61 9.53874
    endloop
  endfacet
  facet normal -0.830873 -0 -0.556462
    outer loop
      vertex 77.9685 0.61 9.47349
      vertex 77.9685 -0.01 9.47349
      vertex 77.9248 -0.01 9.53874
    endloop
  endfacet
  facet normal -0.866344 0 -0.499447
    outer loop
      vertex 78.0078 0.61 9.40532
      vertex 77.9685 -0.01 9.47349
      vertex 77.9685 0.61 9.47349
    endloop
  endfacet
  facet normal -0.866344 -0 -0.499447
    outer loop
      vertex 78.0078 0.61 9.40532
      vertex 78.0078 -0.01 9.40532
      vertex 77.9685 -0.01 9.47349
    endloop
  endfacet
  facet normal -0.896661 0 -0.442718
    outer loop
      vertex 78.0429 0.61 9.33423
      vertex 78.0078 -0.01 9.40532
      vertex 78.0078 0.61 9.40532
    endloop
  endfacet
  facet normal -0.896661 -0 -0.442718
    outer loop
      vertex 78.0429 0.61 9.33423
      vertex 78.0429 -0.01 9.33423
      vertex 78.0078 -0.01 9.40532
    endloop
  endfacet
  facet normal -0.923298 0 -0.384084
    outer loop
      vertex 78.0737 0.61 9.26019
      vertex 78.0429 -0.01 9.33423
      vertex 78.0429 0.61 9.33423
    endloop
  endfacet
  facet normal -0.923298 -0 -0.384084
    outer loop
      vertex 78.0737 0.61 9.26019
      vertex 78.0737 -0.01 9.26019
      vertex 78.0429 -0.01 9.33423
    endloop
  endfacet
  facet normal -0.945125 0 -0.32671
    outer loop
      vertex 78.1003 0.61 9.18324
      vertex 78.0737 -0.01 9.26019
      vertex 78.0737 0.61 9.26019
    endloop
  endfacet
  facet normal -0.945125 -0 -0.32671
    outer loop
      vertex 78.1003 0.61 9.18324
      vertex 78.1003 -0.01 9.18324
      vertex 78.0737 -0.01 9.26019
    endloop
  endfacet
  facet normal 0.263399 0 -0.964687
    outer loop
      vertex 79.1582 0.61 9.47209
      vertex 78.1003 -0.01 9.18324
      vertex 78.1003 0.61 9.18324
    endloop
  endfacet
  facet normal 0.263399 0 -0.964687
    outer loop
      vertex 79.1582 0.61 9.47209
      vertex 79.1582 -0.01 9.47209
      vertex 78.1003 -0.01 9.18324
    endloop
  endfacet
  facet normal 0.941887 0 0.33593
    outer loop
      vertex 79.1084 0.61 9.61172
      vertex 79.1582 -0.01 9.47209
      vertex 79.1582 0.61 9.47209
    endloop
  endfacet
  facet normal 0.941887 0 0.33593
    outer loop
      vertex 79.1084 0.61 9.61172
      vertex 79.1084 -0.01 9.61172
      vertex 79.1582 -0.01 9.47209
    endloop
  endfacet
  facet normal 0.921999 0 0.387191
    outer loop
      vertex 79.0524 0.61 9.74507
      vertex 79.1084 -0.01 9.61172
      vertex 79.1084 0.61 9.61172
    endloop
  endfacet
  facet normal 0.921999 0 0.387191
    outer loop
      vertex 79.0524 0.61 9.74507
      vertex 79.0524 -0.01 9.74507
      vertex 79.1084 -0.01 9.61172
    endloop
  endfacet
  facet normal 0.898129 0 0.439732
    outer loop
      vertex 78.9902 0.61 9.87211
      vertex 79.0524 -0.01 9.74507
      vertex 79.0524 0.61 9.74507
    endloop
  endfacet
  facet normal 0.898129 0 0.439732
    outer loop
      vertex 78.9902 0.61 9.87211
      vertex 78.9902 -0.01 9.87211
      vertex 79.0524 -0.01 9.74507
    endloop
  endfacet
  facet normal 0.869843 0 0.493329
    outer loop
      vertex 78.9217 0.61 9.99289
      vertex 78.9902 -0.01 9.87211
      vertex 78.9902 0.61 9.87211
    endloop
  endfacet
  facet normal 0.869843 0 0.493329
    outer loop
      vertex 78.9217 0.61 9.99289
      vertex 78.9217 -0.01 9.99289
      vertex 78.9902 -0.01 9.87211
    endloop
  endfacet
  facet normal 0.83721 0 0.546881
    outer loop
      vertex 78.8469 0.61 10.1074
      vertex 78.9217 -0.01 9.99289
      vertex 78.9217 0.61 9.99289
    endloop
  endfacet
  facet normal 0.83721 0 0.546881
    outer loop
      vertex 78.8469 0.61 10.1074
      vertex 78.8469 -0.01 10.1074
      vertex 78.9217 -0.01 9.99289
    endloop
  endfacet
  facet normal 0.800532 0 0.599289
    outer loop
      vertex 78.7659 0.61 10.2156
      vertex 78.8469 -0.01 10.1074
      vertex 78.8469 0.61 10.1074
    endloop
  endfacet
  facet normal 0.800532 0 0.599289
    outer loop
      vertex 78.7659 0.61 10.2156
      vertex 78.7659 -0.01 10.2156
      vertex 78.8469 -0.01 10.1074
    endloop
  endfacet
  facet normal 0.759414 0 0.650607
    outer loop
      vertex 78.6786 0.61 10.3175
      vertex 78.7659 -0.01 10.2156
      vertex 78.7659 0.61 10.2156
    endloop
  endfacet
  facet normal 0.759414 0 0.650607
    outer loop
      vertex 78.6786 0.61 10.3175
      vertex 78.6786 -0.01 10.3175
      vertex 78.7659 -0.01 10.2156
    endloop
  endfacet
  facet normal 0.714915 0 0.699211
    outer loop
      vertex 78.5851 0.61 10.4131
      vertex 78.6786 -0.01 10.3175
      vertex 78.6786 0.61 10.3175
    endloop
  endfacet
  facet normal 0.714915 0 0.699211
    outer loop
      vertex 78.5851 0.61 10.4131
      vertex 78.5851 -0.01 10.4131
      vertex 78.6786 -0.01 10.3175
    endloop
  endfacet
  facet normal 0.667188 0 0.744889
    outer loop
      vertex 78.4854 0.61 10.5024
      vertex 78.5851 -0.01 10.4131
      vertex 78.5851 0.61 10.4131
    endloop
  endfacet
  facet normal 0.667188 0 0.744889
    outer loop
      vertex 78.4854 0.61 10.5024
      vertex 78.4854 -0.01 10.5024
      vertex 78.5851 -0.01 10.4131
    endloop
  endfacet
  facet normal 0.616148 0 0.78763
    outer loop
      vertex 78.3793 0.61 10.5854
      vertex 78.4854 -0.01 10.5024
      vertex 78.4854 0.61 10.5024
    endloop
  endfacet
  facet normal 0.616148 0 0.78763
    outer loop
      vertex 78.3793 0.61 10.5854
      vertex 78.3793 -0.01 10.5854
      vertex 78.4854 -0.01 10.5024
    endloop
  endfacet
  facet normal 0.564499 0 0.825433
    outer loop
      vertex 78.267 0.61 10.6622
      vertex 78.3793 -0.01 10.5854
      vertex 78.3793 0.61 10.5854
    endloop
  endfacet
  facet normal 0.564499 0 0.825433
    outer loop
      vertex 78.267 0.61 10.6622
      vertex 78.267 -0.01 10.6622
      vertex 78.3793 -0.01 10.5854
    endloop
  endfacet
  facet normal 0.510002 0 0.860174
    outer loop
      vertex 78.1486 0.61 10.7324
      vertex 78.267 -0.01 10.6622
      vertex 78.267 0.61 10.6622
    endloop
  endfacet
  facet normal 0.510002 0 0.860174
    outer loop
      vertex 78.1486 0.61 10.7324
      vertex 78.1486 -0.01 10.7324
      vertex 78.267 -0.01 10.6622
    endloop
  endfacet
  facet normal 0.454343 0 0.890827
    outer loop
      vertex 78.0239 0.61 10.796
      vertex 78.1486 -0.01 10.7324
      vertex 78.1486 0.61 10.7324
    endloop
  endfacet
  facet normal 0.454343 0 0.890827
    outer loop
      vertex 78.0239 0.61 10.796
      vertex 78.0239 -0.01 10.796
      vertex 78.1486 -0.01 10.7324
    endloop
  endfacet
  facet normal 0.398649 0 0.917103
    outer loop
      vertex 77.893 0.61 10.8529
      vertex 78.0239 -0.01 10.796
      vertex 78.0239 0.61 10.796
    endloop
  endfacet
  facet normal 0.398649 0 0.917103
    outer loop
      vertex 77.893 0.61 10.8529
      vertex 77.893 -0.01 10.8529
      vertex 78.0239 -0.01 10.796
    endloop
  endfacet
  facet normal 0.344053 0 0.93895
    outer loop
      vertex 77.756 0.61 10.9031
      vertex 77.893 -0.01 10.8529
      vertex 77.893 0.61 10.8529
    endloop
  endfacet
  facet normal 0.344053 0 0.93895
    outer loop
      vertex 77.756 0.61 10.9031
      vertex 77.756 -0.01 10.9031
      vertex 77.893 -0.01 10.8529
    endloop
  endfacet
  facet normal 0.290471 0 0.956884
    outer loop
      vertex 77.6127 0.61 10.9466
      vertex 77.756 -0.01 10.9031
      vertex 77.756 0.61 10.9031
    endloop
  endfacet
  facet normal 0.290471 0 0.956884
    outer loop
      vertex 77.6127 0.61 10.9466
      vertex 77.6127 -0.01 10.9466
      vertex 77.756 -0.01 10.9031
    endloop
  endfacet
  facet normal 0.23917 0 0.970978
    outer loop
      vertex 77.4633 0.61 10.9834
      vertex 77.6127 -0.01 10.9466
      vertex 77.6127 0.61 10.9466
    endloop
  endfacet
  facet normal 0.23917 0 0.970978
    outer loop
      vertex 77.4633 0.61 10.9834
      vertex 77.4633 -0.01 10.9834
      vertex 77.6127 -0.01 10.9466
    endloop
  endfacet
  facet normal 0.189924 0 0.981799
    outer loop
      vertex 77.3077 0.61 11.0135
      vertex 77.4633 -0.01 10.9834
      vertex 77.4633 0.61 10.9834
    endloop
  endfacet
  facet normal 0.189924 0 0.981799
    outer loop
      vertex 77.3077 0.61 11.0135
      vertex 77.3077 -0.01 11.0135
      vertex 77.4633 -0.01 10.9834
    endloop
  endfacet
  facet normal 0.143646 0 0.989629
    outer loop
      vertex 77.1458 0.61 11.037
      vertex 77.3077 -0.01 11.0135
      vertex 77.3077 0.61 11.0135
    endloop
  endfacet
  facet normal 0.143646 0 0.989629
    outer loop
      vertex 77.1458 0.61 11.037
      vertex 77.1458 -0.01 11.037
      vertex 77.3077 -0.01 11.0135
    endloop
  endfacet
  facet normal 0.0989756 0 0.99509
    outer loop
      vertex 76.9779 0.61 11.0537
      vertex 77.1458 -0.01 11.037
      vertex 77.1458 0.61 11.037
    endloop
  endfacet
  facet normal 0.0989756 0 0.99509
    outer loop
      vertex 76.9779 0.61 11.0537
      vertex 76.9779 -0.01 11.0537
      vertex 77.1458 -0.01 11.037
    endloop
  endfacet
  facet normal 0.0573109 0 0.998356
    outer loop
      vertex 76.8037 0.61 11.0637
      vertex 76.9779 -0.01 11.0537
      vertex 76.9779 0.61 11.0537
    endloop
  endfacet
  facet normal 0.0573109 0 0.998356
    outer loop
      vertex 76.8037 0.61 11.0637
      vertex 76.8037 -0.01 11.0637
      vertex 76.9779 -0.01 11.0537
    endloop
  endfacet
  facet normal 0.0188437 0 0.999822
    outer loop
      vertex 76.6233 0.61 11.0671
      vertex 76.8037 -0.01 11.0637
      vertex 76.8037 0.61 11.0637
    endloop
  endfacet
  facet normal 0.0188437 0 0.999822
    outer loop
      vertex 76.6233 0.61 11.0671
      vertex 76.6233 -0.01 11.0671
      vertex 76.8037 -0.01 11.0637
    endloop
  endfacet
  facet normal -0.025591 0 0.999672
    outer loop
      vertex 76.3772 0.61 11.0608
      vertex 76.6233 -0.01 11.0671
      vertex 76.6233 0.61 11.0671
    endloop
  endfacet
  facet normal -0.025591 0 0.999672
    outer loop
      vertex 76.3772 0.61 11.0608
      vertex 76.3772 -0.01 11.0608
      vertex 76.6233 -0.01 11.0671
    endloop
  endfacet
  facet normal -0.0792232 0 0.996857
    outer loop
      vertex 76.1419 0.61 11.0421
      vertex 76.3772 -0.01 11.0608
      vertex 76.3772 0.61 11.0608
    endloop
  endfacet
  facet normal -0.0792232 0 0.996857
    outer loop
      vertex 76.1419 0.61 11.0421
      vertex 76.1419 -0.01 11.0421
      vertex 76.3772 -0.01 11.0608
    endloop
  endfacet
  facet normal -0.138085 0 0.99042
    outer loop
      vertex 75.9174 0.61 11.0108
      vertex 76.1419 -0.01 11.0421
      vertex 76.1419 0.61 11.0421
    endloop
  endfacet
  facet normal -0.138085 0 0.99042
    outer loop
      vertex 75.9174 0.61 11.0108
      vertex 75.9174 -0.01 11.0108
      vertex 76.1419 -0.01 11.0421
    endloop
  endfacet
  facet normal -0.200876 0 0.979617
    outer loop
      vertex 75.7038 0.61 10.967
      vertex 75.9174 -0.01 11.0108
      vertex 75.9174 0.61 11.0108
    endloop
  endfacet
  facet normal -0.200876 0 0.979617
    outer loop
      vertex 75.7038 0.61 10.967
      vertex 75.7038 -0.01 10.967
      vertex 75.9174 -0.01 11.0108
    endloop
  endfacet
  facet normal -0.267497 0 0.963559
    outer loop
      vertex 75.501 0.61 10.9107
      vertex 75.7038 -0.01 10.967
      vertex 75.7038 0.61 10.967
    endloop
  endfacet
  facet normal -0.267497 0 0.963559
    outer loop
      vertex 75.501 0.61 10.9107
      vertex 75.501 -0.01 10.9107
      vertex 75.7038 -0.01 10.967
    endloop
  endfacet
  facet normal -0.337486 0 0.941331
    outer loop
      vertex 75.3091 0.61 10.8419
      vertex 75.501 -0.01 10.9107
      vertex 75.501 0.61 10.9107
    endloop
  endfacet
  facet normal -0.337486 0 0.941331
    outer loop
      vertex 75.3091 0.61 10.8419
      vertex 75.3091 -0.01 10.8419
      vertex 75.501 -0.01 10.9107
    endloop
  endfacet
  facet normal -0.409359 0 0.912373
    outer loop
      vertex 75.1279 0.61 10.7606
      vertex 75.3091 -0.01 10.8419
      vertex 75.3091 0.61 10.8419
    endloop
  endfacet
  facet normal -0.409359 0 0.912373
    outer loop
      vertex 75.1279 0.61 10.7606
      vertex 75.1279 -0.01 10.7606
      vertex 75.3091 -0.01 10.8419
    endloop
  endfacet
  facet normal -0.482452 0 0.875923
    outer loop
      vertex 74.9576 0.61 10.6668
      vertex 75.1279 -0.01 10.7606
      vertex 75.1279 0.61 10.7606
    endloop
  endfacet
  facet normal -0.482452 0 0.875923
    outer loop
      vertex 74.9576 0.61 10.6668
      vertex 74.9576 -0.01 10.6668
      vertex 75.1279 -0.01 10.7606
    endloop
  endfacet
  facet normal -0.55458 0 0.832131
    outer loop
      vertex 74.7981 0.61 10.5605
      vertex 74.9576 -0.01 10.6668
      vertex 74.9576 0.61 10.6668
    endloop
  endfacet
  facet normal -0.55458 0 0.832131
    outer loop
      vertex 74.7981 0.61 10.5605
      vertex 74.7981 -0.01 10.5605
      vertex 74.9576 -0.01 10.6668
    endloop
  endfacet
  facet normal -0.624503 0 0.781023
    outer loop
      vertex 74.6494 0.61 10.4416
      vertex 74.7981 -0.01 10.5605
      vertex 74.7981 0.61 10.5605
    endloop
  endfacet
  facet normal -0.624503 0 0.781023
    outer loop
      vertex 74.6494 0.61 10.4416
      vertex 74.6494 -0.01 10.4416
      vertex 74.7981 -0.01 10.5605
    endloop
  endfacet
  facet normal -0.689826 0 0.723975
    outer loop
      vertex 74.5116 0.61 10.3103
      vertex 74.6494 -0.01 10.4416
      vertex 74.6494 0.61 10.4416
    endloop
  endfacet
  facet normal -0.689826 0 0.723975
    outer loop
      vertex 74.5116 0.61 10.3103
      vertex 74.5116 -0.01 10.3103
      vertex 74.6494 -0.01 10.4416
    endloop
  endfacet
  facet normal -0.749257 0 0.66228
    outer loop
      vertex 74.3852 0.61 10.1673
      vertex 74.5116 -0.01 10.3103
      vertex 74.5116 0.61 10.3103
    endloop
  endfacet
  facet normal -0.749257 0 0.66228
    outer loop
      vertex 74.3852 0.61 10.1673
      vertex 74.3852 -0.01 10.1673
      vertex 74.5116 -0.01 10.3103
    endloop
  endfacet
  facet normal -0.802558 0 0.596574
    outer loop
      vertex 74.2708 0.61 10.0134
      vertex 74.3852 -0.01 10.1673
      vertex 74.3852 0.61 10.1673
    endloop
  endfacet
  facet normal -0.802558 0 0.596574
    outer loop
      vertex 74.2708 0.61 10.0134
      vertex 74.2708 -0.01 10.0134
      vertex 74.3852 -0.01 10.1673
    endloop
  endfacet
  facet normal -0.849372 0 0.527794
    outer loop
      vertex 74.1685 0.61 9.84877
      vertex 74.2708 -0.01 10.0134
      vertex 74.2708 0.61 10.0134
    endloop
  endfacet
  facet normal -0.849372 0 0.527794
    outer loop
      vertex 74.1685 0.61 9.84877
      vertex 74.1685 -0.01 9.84877
      vertex 74.2708 -0.01 10.0134
    endloop
  endfacet
  facet normal -0.889189 0 0.45754
    outer loop
      vertex 74.0782 0.61 9.67328
      vertex 74.1685 -0.01 9.84877
      vertex 74.1685 0.61 9.84877
    endloop
  endfacet
  facet normal -0.889189 0 0.45754
    outer loop
      vertex 74.0782 0.61 9.67328
      vertex 74.0782 -0.01 9.67328
      vertex 74.1685 -0.01 9.84877
    endloop
  endfacet
  facet normal -0.922086 0 0.386986
    outer loop
      vertex 74 0.61 9.48695
      vertex 74.0782 -0.01 9.67328
      vertex 74.0782 0.61 9.67328
    endloop
  endfacet
  facet normal -0.922086 0 0.386986
    outer loop
      vertex 74 0.61 9.48695
      vertex 74 -0.01 9.48695
      vertex 74.0782 -0.01 9.67328
    endloop
  endfacet
  facet normal -0.947979 0 0.318333
    outer loop
      vertex 73.9338 0.61 9.28981
      vertex 74 -0.01 9.48695
      vertex 74 0.61 9.48695
    endloop
  endfacet
  facet normal -0.947979 0 0.318333
    outer loop
      vertex 73.9338 0.61 9.28981
      vertex 73.9338 -0.01 9.28981
      vertex 74 -0.01 9.48695
    endloop
  endfacet
  facet normal -0.96768 0 0.252179
    outer loop
      vertex 73.8796 0.61 9.08183
      vertex 73.9338 -0.01 9.28981
      vertex 73.9338 0.61 9.28981
    endloop
  endfacet
  facet normal -0.96768 0 0.252179
    outer loop
      vertex 73.8796 0.61 9.08183
      vertex 73.8796 -0.01 9.08183
      vertex 73.9338 -0.01 9.28981
    endloop
  endfacet
  facet normal -0.981989 0 0.188939
    outer loop
      vertex 73.8375 0.61 8.86302
      vertex 73.8796 -0.01 9.08183
      vertex 73.8796 0.61 9.08183
    endloop
  endfacet
  facet normal -0.981989 0 0.188939
    outer loop
      vertex 73.8375 0.61 8.86302
      vertex 73.8375 -0.01 8.86302
      vertex 73.8796 -0.01 9.08183
    endloop
  endfacet
  facet normal -0.991518 0 0.129969
    outer loop
      vertex 73.8074 0.61 8.63339
      vertex 73.8375 -0.01 8.86302
      vertex 73.8375 0.61 8.86302
    endloop
  endfacet
  facet normal -0.991518 0 0.129969
    outer loop
      vertex 73.8074 0.61 8.63339
      vertex 73.8074 -0.01 8.63339
      vertex 73.8375 -0.01 8.86302
    endloop
  endfacet
  facet normal -0.997179 0 0.0750601
    outer loop
      vertex 73.7893 0.61 8.39293
      vertex 73.8074 -0.01 8.63339
      vertex 73.8074 0.61 8.63339
    endloop
  endfacet
  facet normal -0.997179 0 0.0750601
    outer loop
      vertex 73.7893 0.61 8.39293
      vertex 73.7893 -0.01 8.39293
      vertex 73.8074 -0.01 8.63339
    endloop
  endfacet
  facet normal -0.999715 0 0.02387
    outer loop
      vertex 73.7833 0.61 8.14164
      vertex 73.7893 -0.01 8.39293
      vertex 73.7893 0.61 8.39293
    endloop
  endfacet
  facet normal -0.999715 0 0.02387
    outer loop
      vertex 73.7833 0.61 8.14164
      vertex 73.7833 -0.01 8.14164
      vertex 73.7893 -0.01 8.39293
    endloop
  endfacet
  facet normal -0.999685 0 -0.0251147
    outer loop
      vertex 73.7896 0.61 7.89087
      vertex 73.7833 -0.01 8.14164
      vertex 73.7833 0.61 8.14164
    endloop
  endfacet
  facet normal -0.999685 -0 -0.0251147
    outer loop
      vertex 73.7896 0.61 7.89087
      vertex 73.7896 -0.01 7.89087
      vertex 73.7833 -0.01 8.14164
    endloop
  endfacet
  facet normal -0.99699 0 -0.0775271
    outer loop
      vertex 73.8083 0.61 7.65039
      vertex 73.7896 -0.01 7.89087
      vertex 73.7896 0.61 7.89087
    endloop
  endfacet
  facet normal -0.99699 -0 -0.0775271
    outer loop
      vertex 73.8083 0.61 7.65039
      vertex 73.8083 -0.01 7.65039
      vertex 73.7896 -0.01 7.89087
    endloop
  endfacet
  facet normal -0.990995 0 -0.133901
    outer loop
      vertex 73.8394 0.61 7.42022
      vertex 73.8083 -0.01 7.65039
      vertex 73.8083 0.61 7.65039
    endloop
  endfacet
  facet normal -0.990995 -0 -0.133901
    outer loop
      vertex 73.8394 0.61 7.42022
      vertex 73.8394 -0.01 7.42022
      vertex 73.8083 -0.01 7.65039
    endloop
  endfacet
  facet normal -0.980805 0 -0.194992
    outer loop
      vertex 73.8831 0.61 7.20041
      vertex 73.8394 -0.01 7.42022
      vertex 73.8394 0.61 7.42022
    endloop
  endfacet
  facet normal -0.980805 -0 -0.194992
    outer loop
      vertex 73.8831 0.61 7.20041
      vertex 73.8831 -0.01 7.20041
      vertex 73.8394 -0.01 7.42022
    endloop
  endfacet
  facet normal -0.965857 0 -0.259074
    outer loop
      vertex 73.9393 0.61 6.99089
      vertex 73.8831 -0.01 7.20041
      vertex 73.8831 0.61 7.20041
    endloop
  endfacet
  facet normal -0.965857 -0 -0.259074
    outer loop
      vertex 73.9393 0.61 6.99089
      vertex 73.9393 -0.01 6.99089
      vertex 73.8831 -0.01 7.20041
    endloop
  endfacet
  facet normal -0.945494 0 -0.32564
    outer loop
      vertex 74.0079 0.61 6.79171
      vertex 73.9393 -0.01 6.99089
      vertex 73.9393 0.61 6.99089
    endloop
  endfacet
  facet normal -0.945494 -0 -0.32564
    outer loop
      vertex 74.0079 0.61 6.79171
      vertex 74.0079 -0.01 6.79171
      vertex 73.9393 -0.01 6.99089
    endloop
  endfacet
  facet normal -0.919032 0 -0.394184
    outer loop
      vertex 74.0889 0.61 6.60286
      vertex 74.0079 -0.01 6.79171
      vertex 74.0079 0.61 6.79171
    endloop
  endfacet
  facet normal -0.919032 -0 -0.394184
    outer loop
      vertex 74.0889 0.61 6.60286
      vertex 74.0889 -0.01 6.60286
      vertex 74.0079 -0.01 6.79171
    endloop
  endfacet
  facet normal -0.885681 0 -0.464294
    outer loop
      vertex 74.1825 0.61 6.42431
      vertex 74.0889 -0.01 6.60286
      vertex 74.0889 0.61 6.60286
    endloop
  endfacet
  facet normal -0.885681 -0 -0.464294
    outer loop
      vertex 74.1825 0.61 6.42431
      vertex 74.1825 -0.01 6.42431
      vertex 74.0889 -0.01 6.60286
    endloop
  endfacet
  facet normal -0.846029 0 -0.533137
    outer loop
      vertex 74.2885 0.61 6.2561
      vertex 74.1825 -0.01 6.42431
      vertex 74.1825 0.61 6.42431
    endloop
  endfacet
  facet normal -0.846029 -0 -0.533137
    outer loop
      vertex 74.2885 0.61 6.2561
      vertex 74.2885 -0.01 6.2561
      vertex 74.1825 -0.01 6.42431
    endloop
  endfacet
  facet normal -0.799574 0 -0.600567
    outer loop
      vertex 74.4071 0.61 6.0982
      vertex 74.2885 -0.01 6.2561
      vertex 74.2885 0.61 6.2561
    endloop
  endfacet
  facet normal -0.799574 -0 -0.600567
    outer loop
      vertex 74.4071 0.61 6.0982
      vertex 74.4071 -0.01 6.0982
      vertex 74.2885 -0.01 6.2561
    endloop
  endfacet
  facet normal -0.747845 0 -0.663873
    outer loop
      vertex 74.5381 0.61 5.95063
      vertex 74.4071 -0.01 6.0982
      vertex 74.4071 0.61 6.0982
    endloop
  endfacet
  facet normal -0.747845 -0 -0.663873
    outer loop
      vertex 74.5381 0.61 5.95063
      vertex 74.5381 -0.01 5.95063
      vertex 74.4071 -0.01 6.0982
    endloop
  endfacet
  facet normal -0.690456 0 -0.723374
    outer loop
      vertex 74.6805 0.61 5.81471
      vertex 74.5381 -0.01 5.95063
      vertex 74.5381 0.61 5.95063
    endloop
  endfacet
  facet normal -0.690456 -0 -0.723374
    outer loop
      vertex 74.6805 0.61 5.81471
      vertex 74.6805 -0.01 5.81471
      vertex 74.5381 -0.01 5.95063
    endloop
  endfacet
  facet normal -0.627055 0 -0.778975
    outer loop
      vertex 74.8333 0.61 5.69171
      vertex 74.6805 -0.01 5.81471
      vertex 74.6805 0.61 5.81471
    endloop
  endfacet
  facet normal -0.627055 -0 -0.778975
    outer loop
      vertex 74.8333 0.61 5.69171
      vertex 74.8333 -0.01 5.69171
      vertex 74.6805 -0.01 5.81471
    endloop
  endfacet
  facet normal -0.559019 0 -0.829155
    outer loop
      vertex 74.9965 0.61 5.58168
      vertex 74.8333 -0.01 5.69171
      vertex 74.8333 0.61 5.69171
    endloop
  endfacet
  facet normal -0.559019 -0 -0.829155
    outer loop
      vertex 74.9965 0.61 5.58168
      vertex 74.9965 -0.01 5.58168
      vertex 74.8333 -0.01 5.69171
    endloop
  endfacet
  facet normal -0.488198 0 -0.872733
    outer loop
      vertex 75.1701 0.61 5.48457
      vertex 74.9965 -0.01 5.58168
      vertex 74.9965 0.61 5.58168
    endloop
  endfacet
  facet normal -0.488198 -0 -0.872733
    outer loop
      vertex 75.1701 0.61 5.48457
      vertex 75.1701 -0.01 5.48457
      vertex 74.9965 -0.01 5.58168
    endloop
  endfacet
  facet normal -0.415865 0 -0.909426
    outer loop
      vertex 75.3541 0.61 5.40043
      vertex 75.1701 -0.01 5.48457
      vertex 75.1701 0.61 5.48457
    endloop
  endfacet
  facet normal -0.415865 -0 -0.909426
    outer loop
      vertex 75.3541 0.61 5.40043
      vertex 75.3541 -0.01 5.40043
      vertex 75.1701 -0.01 5.48457
    endloop
  endfacet
  facet normal -0.343957 0 -0.938986
    outer loop
      vertex 75.5485 0.61 5.32922
      vertex 75.3541 -0.01 5.40043
      vertex 75.3541 0.61 5.40043
    endloop
  endfacet
  facet normal -0.343957 -0 -0.938986
    outer loop
      vertex 75.5485 0.61 5.32922
      vertex 75.5485 -0.01 5.32922
      vertex 75.3541 -0.01 5.40043
    endloop
  endfacet
  facet normal -0.273617 0 -0.961839
    outer loop
      vertex 75.7533 0.61 5.27096
      vertex 75.5485 -0.01 5.32922
      vertex 75.5485 0.61 5.32922
    endloop
  endfacet
  facet normal -0.273617 -0 -0.961839
    outer loop
      vertex 75.7533 0.61 5.27096
      vertex 75.7533 -0.01 5.27096
      vertex 75.5485 -0.01 5.32922
    endloop
  endfacet
  facet normal -0.206079 0 -0.978535
    outer loop
      vertex 75.9684 0.61 5.22566
      vertex 75.7533 -0.01 5.27096
      vertex 75.7533 0.61 5.27096
    endloop
  endfacet
  facet normal -0.206079 -0 -0.978535
    outer loop
      vertex 75.9684 0.61 5.22566
      vertex 75.9684 -0.01 5.22566
      vertex 75.7533 -0.01 5.27096
    endloop
  endfacet
  facet normal -0.141986 0 -0.989869
    outer loop
      vertex 76.194 0.61 5.1933
      vertex 75.9684 -0.01 5.22566
      vertex 75.9684 0.61 5.22566
    endloop
  endfacet
  facet normal -0.141986 -0 -0.989869
    outer loop
      vertex 76.194 0.61 5.1933
      vertex 76.194 -0.01 5.1933
      vertex 75.9684 -0.01 5.22566
    endloop
  endfacet
  facet normal -0.0820874 0 -0.996625
    outer loop
      vertex 76.4299 0.61 5.17387
      vertex 76.194 -0.01 5.1933
      vertex 76.194 0.61 5.1933
    endloop
  endfacet
  facet normal -0.0820874 -0 -0.996625
    outer loop
      vertex 76.4299 0.61 5.17387
      vertex 76.4299 -0.01 5.17387
      vertex 76.194 -0.01 5.1933
    endloop
  endfacet
  facet normal -0.0262597 0 -0.999655
    outer loop
      vertex 76.6762 0.61 5.1674
      vertex 76.4299 -0.01 5.17387
      vertex 76.4299 0.61 5.17387
    endloop
  endfacet
  facet normal -0.0262597 -0 -0.999655
    outer loop
      vertex 76.6762 0.61 5.1674
      vertex 76.6762 -0.01 5.1674
      vertex 76.4299 -0.01 5.17387
    endloop
  endfacet
  facet normal 0.0204114 0 -0.999792
    outer loop
      vertex 76.8398 0.61 5.17074
      vertex 76.6762 -0.01 5.1674
      vertex 76.6762 0.61 5.1674
    endloop
  endfacet
  facet normal 0.0204114 0 -0.999792
    outer loop
      vertex 76.8398 0.61 5.17074
      vertex 76.8398 -0.01 5.17074
      vertex 76.6762 -0.01 5.1674
    endloop
  endfacet
  facet normal 0.0629009 0 -0.99802
    outer loop
      vertex 82.8761 0.61 5.18078
      vertex 82.7168 -0.01 5.17074
      vertex 82.7168 0.61 5.17074
    endloop
  endfacet
  facet normal 0.0629009 0 -0.99802
    outer loop
      vertex 82.8761 0.61 5.18078
      vertex 82.8761 -0.01 5.18078
      vertex 82.7168 -0.01 5.17074
    endloop
  endfacet
  facet normal 0.107312 0 -0.994225
    outer loop
      vertex 83.0311 0.61 5.19751
      vertex 82.8761 -0.01 5.18078
      vertex 82.8761 0.61 5.18078
    endloop
  endfacet
  facet normal 0.107312 0 -0.994225
    outer loop
      vertex 83.0311 0.61 5.19751
      vertex 83.0311 -0.01 5.19751
      vertex 82.8761 -0.01 5.18078
    endloop
  endfacet
  facet normal 0.153465 0 -0.988154
    outer loop
      vertex 83.1819 0.61 5.22093
      vertex 83.0311 -0.01 5.19751
      vertex 83.0311 0.61 5.19751
    endloop
  endfacet
  facet normal 0.153465 0 -0.988154
    outer loop
      vertex 83.1819 0.61 5.22093
      vertex 83.1819 -0.01 5.22093
      vertex 83.0311 -0.01 5.19751
    endloop
  endfacet
  facet normal 0.201257 0 -0.979539
    outer loop
      vertex 83.3284 0.61 5.25103
      vertex 83.1819 -0.01 5.22093
      vertex 83.1819 0.61 5.22093
    endloop
  endfacet
  facet normal 0.201257 0 -0.979539
    outer loop
      vertex 83.3284 0.61 5.25103
      vertex 83.3284 -0.01 5.25103
      vertex 83.1819 -0.01 5.22093
    endloop
  endfacet
  facet normal 0.250601 0 -0.968091
    outer loop
      vertex 83.4706 0.61 5.28784
      vertex 83.3284 -0.01 5.25103
      vertex 83.3284 0.61 5.25103
    endloop
  endfacet
  facet normal 0.250601 0 -0.968091
    outer loop
      vertex 83.4706 0.61 5.28784
      vertex 83.4706 -0.01 5.28784
      vertex 83.3284 -0.01 5.25103
    endloop
  endfacet
  facet normal 0.300572 0 -0.953759
    outer loop
      vertex 83.6086 0.61 5.33133
      vertex 83.4706 -0.01 5.28784
      vertex 83.4706 0.61 5.28784
    endloop
  endfacet
  facet normal 0.300572 0 -0.953759
    outer loop
      vertex 83.6086 0.61 5.33133
      vertex 83.6086 -0.01 5.33133
      vertex 83.4706 -0.01 5.28784
    endloop
  endfacet
  facet normal 0.351615 0 -0.936145
    outer loop
      vertex 83.7422 0.61 5.38151
      vertex 83.6086 -0.01 5.33133
      vertex 83.6086 0.61 5.33133
    endloop
  endfacet
  facet normal 0.351615 0 -0.936145
    outer loop
      vertex 83.7422 0.61 5.38151
      vertex 83.7422 -0.01 5.38151
      vertex 83.6086 -0.01 5.33133
    endloop
  endfacet
  facet normal 0.402466 0 -0.915435
    outer loop
      vertex 83.8716 0.61 5.4384
      vertex 83.7422 -0.01 5.38151
      vertex 83.7422 0.61 5.38151
    endloop
  endfacet
  facet normal 0.402466 0 -0.915435
    outer loop
      vertex 83.8716 0.61 5.4384
      vertex 83.8716 -0.01 5.4384
      vertex 83.7422 -0.01 5.38151
    endloop
  endfacet
  facet normal 0.452732 0 -0.891647
    outer loop
      vertex 83.9968 0.61 5.50197
      vertex 83.8716 -0.01 5.4384
      vertex 83.8716 0.61 5.4384
    endloop
  endfacet
  facet normal 0.452732 0 -0.891647
    outer loop
      vertex 83.9968 0.61 5.50197
      vertex 83.9968 -0.01 5.50197
      vertex 83.8716 -0.01 5.4384
    endloop
  endfacet
  facet normal 0.502714 0 -0.864453
    outer loop
      vertex 84.1176 0.61 5.57222
      vertex 83.9968 -0.01 5.50197
      vertex 83.9968 0.61 5.50197
    endloop
  endfacet
  facet normal 0.502714 0 -0.864453
    outer loop
      vertex 84.1176 0.61 5.57222
      vertex 84.1176 -0.01 5.57222
      vertex 83.9968 -0.01 5.50197
    endloop
  endfacet
  facet normal 0.552928 0 -0.833229
    outer loop
      vertex 84.2338 0.61 5.64933
      vertex 84.1176 -0.01 5.57222
      vertex 84.1176 0.61 5.57222
    endloop
  endfacet
  facet normal 0.552928 0 -0.833229
    outer loop
      vertex 84.2338 0.61 5.64933
      vertex 84.2338 -0.01 5.64933
      vertex 84.1176 -0.01 5.57222
    endloop
  endfacet
  facet normal 0.604519 0 -0.796591
    outer loop
      vertex 84.3447 0.61 5.73349
      vertex 84.2338 -0.01 5.64933
      vertex 84.2338 0.61 5.64933
    endloop
  endfacet
  facet normal 0.604519 0 -0.796591
    outer loop
      vertex 84.3447 0.61 5.73349
      vertex 84.3447 -0.01 5.73349
      vertex 84.2338 -0.01 5.64933
    endloop
  endfacet
  facet normal 0.653142 0 -0.757235
    outer loop
      vertex 84.4504 0.61 5.82466
      vertex 84.3447 -0.01 5.73349
      vertex 84.3447 0.61 5.73349
    endloop
  endfacet
  facet normal 0.653142 0 -0.757235
    outer loop
      vertex 84.4504 0.61 5.82466
      vertex 84.4504 -0.01 5.82466
      vertex 84.3447 -0.01 5.73349
    endloop
  endfacet
  facet normal 0.698875 0 -0.715244
    outer loop
      vertex 84.5509 0.61 5.92286
      vertex 84.4504 -0.01 5.82466
      vertex 84.4504 0.61 5.82466
    endloop
  endfacet
  facet normal 0.698875 0 -0.715244
    outer loop
      vertex 84.5509 0.61 5.92286
      vertex 84.5509 -0.01 5.92286
      vertex 84.4504 -0.01 5.82466
    endloop
  endfacet
  facet normal 0.741214 0 -0.671269
    outer loop
      vertex 84.6462 0.61 6.02809
      vertex 84.5509 -0.01 5.92286
      vertex 84.5509 0.61 5.92286
    endloop
  endfacet
  facet normal 0.741214 0 -0.671269
    outer loop
      vertex 84.6462 0.61 6.02809
      vertex 84.6462 -0.01 6.02809
      vertex 84.5509 -0.01 5.92286
    endloop
  endfacet
  facet normal 0.780217 0 -0.625508
    outer loop
      vertex 84.7362 0.61 6.14035
      vertex 84.6462 -0.01 6.02809
      vertex 84.6462 0.61 6.02809
    endloop
  endfacet
  facet normal 0.780217 0 -0.625508
    outer loop
      vertex 84.7362 0.61 6.14035
      vertex 84.7362 -0.01 6.14035
      vertex 84.6462 -0.01 6.02809
    endloop
  endfacet
  facet normal 0.814724 0 -0.579848
    outer loop
      vertex 84.8211 0.61 6.25964
      vertex 84.7362 -0.01 6.14035
      vertex 84.7362 0.61 6.14035
    endloop
  endfacet
  facet normal 0.814724 0 -0.579848
    outer loop
      vertex 84.8211 0.61 6.25964
      vertex 84.8211 -0.01 6.25964
      vertex 84.7362 -0.01 6.14035
    endloop
  endfacet
  facet normal 0.846017 0 -0.533156
    outer loop
      vertex 84.9007 0.61 6.38595
      vertex 84.8211 -0.01 6.25964
      vertex 84.8211 0.61 6.25964
    endloop
  endfacet
  facet normal 0.846017 0 -0.533156
    outer loop
      vertex 84.9007 0.61 6.38595
      vertex 84.9007 -0.01 6.38595
      vertex 84.8211 -0.01 6.25964
    endloop
  endfacet
  facet normal 0.873275 0 -0.487227
    outer loop
      vertex 84.9751 0.61 6.5193
      vertex 84.9007 -0.01 6.38595
      vertex 84.9007 0.61 6.38595
    endloop
  endfacet
  facet normal 0.873275 0 -0.487227
    outer loop
      vertex 84.9751 0.61 6.5193
      vertex 84.9751 -0.01 6.5193
      vertex 84.9007 -0.01 6.38595
    endloop
  endfacet
  facet normal 0.89669 0 -0.44266
    outer loop
      vertex 85.0444 0.61 6.65968
      vertex 84.9751 -0.01 6.5193
      vertex 84.9751 0.61 6.5193
    endloop
  endfacet
  facet normal 0.89669 0 -0.44266
    outer loop
      vertex 85.0444 0.61 6.65968
      vertex 85.0444 -0.01 6.65968
      vertex 84.9751 -0.01 6.5193
    endloop
  endfacet
  facet normal 0.917268 0 -0.398271
    outer loop
      vertex 85.1084 0.61 6.80708
      vertex 85.0444 -0.01 6.65968
      vertex 85.0444 0.61 6.65968
    endloop
  endfacet
  facet normal 0.917268 0 -0.398271
    outer loop
      vertex 85.1084 0.61 6.80708
      vertex 85.1084 -0.01 6.80708
      vertex 85.0444 -0.01 6.65968
    endloop
  endfacet
  facet normal 0.353117 0 0.935579
    outer loop
      vertex 84.0627 0.61 7.20176
      vertex 85.1084 -0.01 6.80708
      vertex 85.1084 0.61 6.80708
    endloop
  endfacet
  facet normal 0.353117 0 0.935579
    outer loop
      vertex 84.0627 0.61 7.20176
      vertex 84.0627 -0.01 7.20176
      vertex 85.1084 -0.01 6.80708
    endloop
  endfacet
  facet normal -0.916862 0 0.399204
    outer loop
      vertex 83.9803 0.61 7.01251
      vertex 84.0627 -0.01 7.20176
      vertex 84.0627 0.61 7.20176
    endloop
  endfacet
  facet normal -0.916862 0 0.399204
    outer loop
      vertex 83.9803 0.61 7.01251
      vertex 83.9803 -0.01 7.01251
      vertex 84.0627 -0.01 7.20176
    endloop
  endfacet
  facet normal -0.877892 0 0.478859
    outer loop
      vertex 83.8869 0.61 6.84128
      vertex 83.9803 -0.01 7.01251
      vertex 83.9803 0.61 7.01251
    endloop
  endfacet
  facet normal -0.877892 0 0.478859
    outer loop
      vertex 83.8869 0.61 6.84128
      vertex 83.8869 -0.01 6.84128
      vertex 83.9803 -0.01 7.01251
    endloop
  endfacet
  facet normal -0.826615 0 0.562767
    outer loop
      vertex 83.7826 0.61 6.68808
      vertex 83.8869 -0.01 6.84128
      vertex 83.8869 0.61 6.84128
    endloop
  endfacet
  facet normal -0.826615 0 0.562767
    outer loop
      vertex 83.7826 0.61 6.68808
      vertex 83.7826 -0.01 6.68808
      vertex 83.8869 -0.01 6.84128
    endloop
  endfacet
  facet normal -0.760836 0 0.648945
    outer loop
      vertex 83.6673 0.61 6.5529
      vertex 83.7826 -0.01 6.68808
      vertex 83.7826 0.61 6.68808
    endloop
  endfacet
  facet normal -0.760836 0 0.648945
    outer loop
      vertex 83.6673 0.61 6.5529
      vertex 83.6673 -0.01 6.5529
      vertex 83.7826 -0.01 6.68808
    endloop
  endfacet
  facet normal -0.680081 0 0.733137
    outer loop
      vertex 83.541 0.61 6.43574
      vertex 83.6673 -0.01 6.5529
      vertex 83.6673 0.61 6.5529
    endloop
  endfacet
  facet normal -0.680081 0 0.733137
    outer loop
      vertex 83.541 0.61 6.43574
      vertex 83.541 -0.01 6.43574
      vertex 83.6673 -0.01 6.5529
    endloop
  endfacet
  facet normal -0.585611 0 0.810592
    outer loop
      vertex 83.4038 0.61 6.33662
      vertex 83.541 -0.01 6.43574
      vertex 83.541 0.61 6.43574
    endloop
  endfacet
  facet normal -0.585611 0 0.810592
    outer loop
      vertex 83.4038 0.61 6.33662
      vertex 83.4038 -0.01 6.33662
      vertex 83.541 -0.01 6.43574
    endloop
  endfacet
  facet normal -0.4801 0 0.877214
    outer loop
      vertex 83.2556 0.61 6.25551
      vertex 83.4038 -0.01 6.33662
      vertex 83.4038 0.61 6.33662
    endloop
  endfacet
  facet normal -0.4801 0 0.877214
    outer loop
      vertex 83.2556 0.61 6.25551
      vertex 83.2556 -0.01 6.25551
      vertex 83.4038 -0.01 6.33662
    endloop
  endfacet
  facet normal -0.368368 0 0.92968
    outer loop
      vertex 83.0964 0.61 6.19243
      vertex 83.2556 -0.01 6.25551
      vertex 83.2556 0.61 6.25551
    endloop
  endfacet
  facet normal -0.368368 0 0.92968
    outer loop
      vertex 83.0964 0.61 6.19243
      vertex 83.0964 -0.01 6.19243
      vertex 83.2556 -0.01 6.25551
    endloop
  endfacet
  facet normal -0.256071 0 0.966658
    outer loop
      vertex 82.9263 0.61 6.14737
      vertex 83.0964 -0.01 6.19243
      vertex 83.0964 0.61 6.19243
    endloop
  endfacet
  facet normal -0.256071 0 0.966658
    outer loop
      vertex 82.9263 0.61 6.14737
      vertex 82.9263 -0.01 6.14737
      vertex 83.0964 -0.01 6.19243
    endloop
  endfacet
  facet normal -0.147673 0 0.989036
    outer loop
      vertex 82.7452 0.61 6.12033
      vertex 82.9263 -0.01 6.14737
      vertex 82.9263 0.61 6.14737
    endloop
  endfacet
  facet normal -0.147673 0 0.989036
    outer loop
      vertex 82.7452 0.61 6.12033
      vertex 82.7452 -0.01 6.12033
      vertex 82.9263 -0.01 6.14737
    endloop
  endfacet
  facet normal -0.0468236 0 0.998903
    outer loop
      vertex 82.5532 0.61 6.11133
      vertex 82.7452 -0.01 6.12033
      vertex 82.7452 0.61 6.12033
    endloop
  endfacet
  facet normal -0.0468236 0 0.998903
    outer loop
      vertex 82.5532 0.61 6.11133
      vertex 82.5532 -0.01 6.11133
      vertex 82.7452 -0.01 6.12033
    endloop
  endfacet
  facet normal 0.0295404 0 0.999564
    outer loop
      vertex 82.4077 0.61 6.11563
      vertex 82.5532 -0.01 6.11133
      vertex 82.5532 0.61 6.11133
    endloop
  endfacet
  facet normal 0.0295404 0 0.999564
    outer loop
      vertex 82.4077 0.61 6.11563
      vertex 82.4077 -0.01 6.11563
      vertex 82.5532 -0.01 6.11133
    endloop
  endfacet
  facet normal 0.0923479 0 0.995727
    outer loop
      vertex 82.2685 0.61 6.12854
      vertex 82.4077 -0.01 6.11563
      vertex 82.4077 0.61 6.11563
    endloop
  endfacet
  facet normal 0.0923479 0 0.995727
    outer loop
      vertex 82.2685 0.61 6.12854
      vertex 82.2685 -0.01 6.12854
      vertex 82.4077 -0.01 6.11563
    endloop
  endfacet
  facet normal 0.159889 0 0.987135
    outer loop
      vertex 82.1357 0.61 6.15005
      vertex 82.2685 -0.01 6.12854
      vertex 82.2685 0.61 6.12854
    endloop
  endfacet
  facet normal 0.159889 0 0.987135
    outer loop
      vertex 82.1357 0.61 6.15005
      vertex 82.1357 -0.01 6.15005
      vertex 82.2685 -0.01 6.12854
    endloop
  endfacet
  facet normal 0.231947 0 0.972729
    outer loop
      vertex 82.0093 0.61 6.18019
      vertex 82.1357 -0.01 6.15005
      vertex 82.1357 0.61 6.15005
    endloop
  endfacet
  facet normal 0.231947 0 0.972729
    outer loop
      vertex 82.0093 0.61 6.18019
      vertex 82.0093 -0.01 6.18019
      vertex 82.1357 -0.01 6.15005
    endloop
  endfacet
  facet normal 0.306845 0 0.951759
    outer loop
      vertex 81.8892 0.61 6.21891
      vertex 82.0093 -0.01 6.18019
      vertex 82.0093 0.61 6.18019
    endloop
  endfacet
  facet normal 0.306845 0 0.951759
    outer loop
      vertex 81.8892 0.61 6.21891
      vertex 81.8892 -0.01 6.21891
      vertex 82.0093 -0.01 6.18019
    endloop
  endfacet
  facet normal 0.384442 0 0.923149
    outer loop
      vertex 81.7755 0.61 6.26626
      vertex 81.8892 -0.01 6.21891
      vertex 81.8892 0.61 6.21891
    endloop
  endfacet
  facet normal 0.384442 0 0.923149
    outer loop
      vertex 81.7755 0.61 6.26626
      vertex 81.7755 -0.01 6.26626
      vertex 81.8892 -0.01 6.21891
    endloop
  endfacet
  facet normal 0.462081 0 0.886838
    outer loop
      vertex 81.6681 0.61 6.32222
      vertex 81.7755 -0.01 6.26626
      vertex 81.7755 0.61 6.26626
    endloop
  endfacet
  facet normal 0.462081 0 0.886838
    outer loop
      vertex 81.6681 0.61 6.32222
      vertex 81.6681 -0.01 6.32222
      vertex 81.7755 -0.01 6.26626
    endloop
  endfacet
  facet normal 0.538202 0 0.842816
    outer loop
      vertex 81.567 0.61 6.38678
      vertex 81.6681 -0.01 6.32222
      vertex 81.6681 0.61 6.32222
    endloop
  endfacet
  facet normal 0.538202 0 0.842816
    outer loop
      vertex 81.567 0.61 6.38678
      vertex 81.567 -0.01 6.38678
      vertex 81.6681 -0.01 6.32222
    endloop
  endfacet
  facet normal 0.611866 0 0.790961
    outer loop
      vertex 81.4724 0.61 6.45996
      vertex 81.567 -0.01 6.38678
      vertex 81.567 0.61 6.38678
    endloop
  endfacet
  facet normal 0.611866 0 0.790961
    outer loop
      vertex 81.4724 0.61 6.45996
      vertex 81.4724 -0.01 6.45996
      vertex 81.567 -0.01 6.38678
    endloop
  endfacet
  facet normal 0.679042 0 0.734099
    outer loop
      vertex 81.384 0.61 6.54173
      vertex 81.4724 -0.01 6.45996
      vertex 81.4724 0.61 6.45996
    endloop
  endfacet
  facet normal 0.679042 0 0.734099
    outer loop
      vertex 81.384 0.61 6.54173
      vertex 81.384 -0.01 6.54173
      vertex 81.4724 -0.01 6.45996
    endloop
  endfacet
  facet normal 0.741052 0 0.671448
    outer loop
      vertex 81.3021 0.61 6.63212
      vertex 81.384 -0.01 6.54173
      vertex 81.384 0.61 6.54173
    endloop
  endfacet
  facet normal 0.741052 0 0.671448
    outer loop
      vertex 81.3021 0.61 6.63212
      vertex 81.3021 -0.01 6.63212
      vertex 81.384 -0.01 6.54173
    endloop
  endfacet
  facet normal 0.795017 0 0.606587
    outer loop
      vertex 81.2269 0.61 6.73068
      vertex 81.3021 -0.01 6.63212
      vertex 81.3021 0.61 6.63212
    endloop
  endfacet
  facet normal 0.795017 0 0.606587
    outer loop
      vertex 81.2269 0.61 6.73068
      vertex 81.2269 -0.01 6.73068
      vertex 81.3021 -0.01 6.63212
    endloop
  endfacet
  facet normal 0.842004 0 0.539472
    outer loop
      vertex 81.1588 0.61 6.83697
      vertex 81.2269 -0.01 6.73068
      vertex 81.2269 0.61 6.73068
    endloop
  endfacet
  facet normal 0.842004 0 0.539472
    outer loop
      vertex 81.1588 0.61 6.83697
      vertex 81.1588 -0.01 6.83697
      vertex 81.2269 -0.01 6.73068
    endloop
  endfacet
  facet normal 0.882404 0 0.470492
    outer loop
      vertex 81.098 0.61 6.951
      vertex 81.1588 -0.01 6.83697
      vertex 81.1588 0.61 6.83697
    endloop
  endfacet
  facet normal 0.882404 0 0.470492
    outer loop
      vertex 81.098 0.61 6.951
      vertex 81.098 -0.01 6.951
      vertex 81.1588 -0.01 6.83697
    endloop
  endfacet
  facet normal 0.914955 0 0.403557
    outer loop
      vertex 81.0443 0.61 7.07275
      vertex 81.098 -0.01 6.951
      vertex 81.098 0.61 6.951
    endloop
  endfacet
  facet normal 0.914955 0 0.403557
    outer loop
      vertex 81.0443 0.61 7.07275
      vertex 81.0443 -0.01 7.07275
      vertex 81.098 -0.01 6.951
    endloop
  endfacet
  facet normal 0.940934 0 0.338591
    outer loop
      vertex 80.9977 0.61 7.20225
      vertex 81.0443 -0.01 7.07275
      vertex 81.0443 0.61 7.07275
    endloop
  endfacet
  facet normal 0.940934 0 0.338591
    outer loop
      vertex 80.9977 0.61 7.20225
      vertex 80.9977 -0.01 7.20225
      vertex 81.0443 -0.01 7.07275
    endloop
  endfacet
  facet normal 0.961174 0 0.275942
    outer loop
      vertex 80.9583 0.61 7.33949
      vertex 80.9977 -0.01 7.20225
      vertex 80.9977 0.61 7.20225
    endloop
  endfacet
  facet normal 0.961174 0 0.275942
    outer loop
      vertex 80.9583 0.61 7.33949
      vertex 80.9583 -0.01 7.33949
      vertex 80.9977 -0.01 7.20225
    endloop
  endfacet
  facet normal 0.976206 0 0.216845
    outer loop
      vertex 80.9261 0.61 7.48445
      vertex 80.9583 -0.01 7.33949
      vertex 80.9583 0.61 7.33949
    endloop
  endfacet
  facet normal 0.976206 0 0.216845
    outer loop
      vertex 80.9261 0.61 7.48445
      vertex 80.9261 -0.01 7.48445
      vertex 80.9583 -0.01 7.33949
    endloop
  endfacet
  facet normal 0.986757 0 0.162208
    outer loop
      vertex 80.901 0.61 7.63714
      vertex 80.9261 -0.01 7.48445
      vertex 80.9261 0.61 7.48445
    endloop
  endfacet
  facet normal 0.986757 0 0.162208
    outer loop
      vertex 80.901 0.61 7.63714
      vertex 80.901 -0.01 7.63714
      vertex 80.9261 -0.01 7.48445
    endloop
  endfacet
  facet normal 0.993835 0 0.110873
    outer loop
      vertex 80.8831 0.61 7.79759
      vertex 80.901 -0.01 7.63714
      vertex 80.901 0.61 7.63714
    endloop
  endfacet
  facet normal 0.993835 0 0.110873
    outer loop
      vertex 80.8831 0.61 7.79759
      vertex 80.8831 -0.01 7.79759
      vertex 80.901 -0.01 7.63714
    endloop
  endfacet
  facet normal 0.997944 0 0.0640887
    outer loop
      vertex 80.8723 0.61 7.96576
      vertex 80.8831 -0.01 7.79759
      vertex 80.8831 0.61 7.79759
    endloop
  endfacet
  facet normal 0.997944 0 0.0640887
    outer loop
      vertex 80.8723 0.61 7.96576
      vertex 80.8723 -0.01 7.96576
      vertex 80.8831 -0.01 7.79759
    endloop
  endfacet
  facet normal 0.999802 0 0.019896
    outer loop
      vertex 80.8688 0.61 8.14164
      vertex 80.8723 -0.01 7.96576
      vertex 80.8723 0.61 7.96576
    endloop
  endfacet
  facet normal 0.999802 0 0.019896
    outer loop
      vertex 80.8688 0.61 8.14164
      vertex 80.8688 -0.01 8.14164
      vertex 80.8723 -0.01 7.96576
    endloop
  endfacet
  facet normal 0.999795 0 -0.0202353
    outer loop
      vertex 80.8723 0.61 8.31457
      vertex 80.8688 -0.01 8.14164
      vertex 80.8688 0.61 8.14164
    endloop
  endfacet
  facet normal 0.999795 0 -0.0202353
    outer loop
      vertex 80.8723 0.61 8.31457
      vertex 80.8723 -0.01 8.31457
      vertex 80.8688 -0.01 8.14164
    endloop
  endfacet
  facet normal 0.998025 0 -0.0628258
    outer loop
      vertex 80.8827 0.61 8.47978
      vertex 80.8723 -0.01 8.31457
      vertex 80.8723 0.61 8.31457
    endloop
  endfacet
  facet normal 0.998025 0 -0.0628258
    outer loop
      vertex 80.8827 0.61 8.47978
      vertex 80.8827 -0.01 8.47978
      vertex 80.8723 -0.01 8.31457
    endloop
  endfacet
  facet normal 0.993951 0 -0.109829
    outer loop
      vertex 80.9001 0.61 8.63725
      vertex 80.8827 -0.01 8.47978
      vertex 80.8827 0.61 8.47978
    endloop
  endfacet
  facet normal 0.993951 0 -0.109829
    outer loop
      vertex 80.9001 0.61 8.63725
      vertex 80.9001 -0.01 8.63725
      vertex 80.8827 -0.01 8.47978
    endloop
  endfacet
  facet normal 0.986981 0 -0.160838
    outer loop
      vertex 80.9245 0.61 8.78698
      vertex 80.9001 -0.01 8.63725
      vertex 80.9001 0.61 8.63725
    endloop
  endfacet
  facet normal 0.986981 0 -0.160838
    outer loop
      vertex 80.9245 0.61 8.78698
      vertex 80.9245 -0.01 8.78698
      vertex 80.9001 -0.01 8.63725
    endloop
  endfacet
  facet normal 0.976558 0 -0.215255
    outer loop
      vertex 80.9558 0.61 8.92898
      vertex 80.9245 -0.01 8.78698
      vertex 80.9245 0.61 8.78698
    endloop
  endfacet
  facet normal 0.976558 0 -0.215255
    outer loop
      vertex 80.9558 0.61 8.92898
      vertex 80.9558 -0.01 8.92898
      vertex 80.9245 -0.01 8.78698
    endloop
  endfacet
  facet normal 0.961826 0 -0.273661
    outer loop
      vertex 80.994 0.61 9.06324
      vertex 80.9558 -0.01 8.92898
      vertex 80.9558 0.61 8.92898
    endloop
  endfacet
  facet normal 0.961826 0 -0.273661
    outer loop
      vertex 80.994 0.61 9.06324
      vertex 80.994 -0.01 9.06324
      vertex 80.9558 -0.01 8.92898
    endloop
  endfacet
  facet normal 0.941481 0 -0.337067
    outer loop
      vertex 81.0393 0.61 9.18977
      vertex 80.994 -0.01 9.06324
      vertex 80.994 0.61 9.06324
    endloop
  endfacet
  facet normal 0.941481 0 -0.337067
    outer loop
      vertex 81.0393 0.61 9.18977
      vertex 81.0393 -0.01 9.18977
      vertex 80.994 -0.01 9.06324
    endloop
  endfacet
  facet normal 0.915507 0 -0.402302
    outer loop
      vertex 81.0915 0.61 9.30856
      vertex 81.0393 -0.01 9.18977
      vertex 81.0393 0.61 9.18977
    endloop
  endfacet
  facet normal 0.915507 0 -0.402302
    outer loop
      vertex 81.0915 0.61 9.30856
      vertex 81.0915 -0.01 9.30856
      vertex 81.0393 -0.01 9.18977
    endloop
  endfacet
  facet normal 0.882476 0 -0.470357
    outer loop
      vertex 81.1507 0.61 9.41963
      vertex 81.0915 -0.01 9.30856
      vertex 81.0915 0.61 9.30856
    endloop
  endfacet
  facet normal 0.882476 0 -0.470357
    outer loop
      vertex 81.1507 0.61 9.41963
      vertex 81.1507 -0.01 9.41963
      vertex 81.0915 -0.01 9.30856
    endloop
  endfacet
  facet normal 0.842363 0 -0.53891
    outer loop
      vertex 81.2168 0.61 9.52295
      vertex 81.1507 -0.01 9.41963
      vertex 81.1507 0.61 9.41963
    endloop
  endfacet
  facet normal 0.842363 0 -0.53891
    outer loop
      vertex 81.2168 0.61 9.52295
      vertex 81.2168 -0.01 9.52295
      vertex 81.1507 -0.01 9.41963
    endloop
  endfacet
  facet normal 0.794752 0 -0.606935
    outer loop
      vertex 81.2898 0.61 9.61854
      vertex 81.2168 -0.01 9.52295
      vertex 81.2168 0.61 9.52295
    endloop
  endfacet
  facet normal 0.794752 0 -0.606935
    outer loop
      vertex 81.2898 0.61 9.61854
      vertex 81.2898 -0.01 9.61854
      vertex 81.2168 -0.01 9.52295
    endloop
  endfacet
  facet normal 0.738717 0 -0.674015
    outer loop
      vertex 81.3697 0.61 9.70611
      vertex 81.2898 -0.01 9.61854
      vertex 81.2898 0.61 9.61854
    endloop
  endfacet
  facet normal 0.738717 0 -0.674015
    outer loop
      vertex 81.3697 0.61 9.70611
      vertex 81.3697 -0.01 9.70611
      vertex 81.2898 -0.01 9.61854
    endloop
  endfacet
  facet normal 0.676289 0 -0.736637
    outer loop
      vertex 81.456 0.61 9.78534
      vertex 81.3697 -0.01 9.70611
      vertex 81.3697 0.61 9.70611
    endloop
  endfacet
  facet normal 0.676289 0 -0.736637
    outer loop
      vertex 81.456 0.61 9.78534
      vertex 81.456 -0.01 9.78534
      vertex 81.3697 -0.01 9.70611
    endloop
  endfacet
  facet normal 0.606938 0 -0.794749
    outer loop
      vertex 81.5488 0.61 9.85621
      vertex 81.456 -0.01 9.78534
      vertex 81.456 0.61 9.78534
    endloop
  endfacet
  facet normal 0.606938 0 -0.794749
    outer loop
      vertex 81.5488 0.61 9.85621
      vertex 81.5488 -0.01 9.85621
      vertex 81.456 -0.01 9.78534
    endloop
  endfacet
  facet normal 0.533367 0 -0.845884
    outer loop
      vertex 81.648 0.61 9.91876
      vertex 81.5488 -0.01 9.85621
      vertex 81.5488 0.61 9.85621
    endloop
  endfacet
  facet normal 0.533367 0 -0.845884
    outer loop
      vertex 81.648 0.61 9.91876
      vertex 81.648 -0.01 9.91876
      vertex 81.5488 -0.01 9.85621
    endloop
  endfacet
  facet normal 0.456008 0 -0.889976
    outer loop
      vertex 81.7538 0.61 9.97297
      vertex 81.648 -0.01 9.91876
      vertex 81.648 0.61 9.91876
    endloop
  endfacet
  facet normal 0.456008 0 -0.889976
    outer loop
      vertex 81.7538 0.61 9.97297
      vertex 81.7538 -0.01 9.97297
      vertex 81.648 -0.01 9.91876
    endloop
  endfacet
  facet normal 0.377849 0 -0.925867
    outer loop
      vertex 81.8661 0.61 10.0188
      vertex 81.7538 -0.01 9.97297
      vertex 81.7538 0.61 9.97297
    endloop
  endfacet
  facet normal 0.377849 0 -0.925867
    outer loop
      vertex 81.8661 0.61 10.0188
      vertex 81.8661 -0.01 10.0188
      vertex 81.7538 -0.01 9.97297
    endloop
  endfacet
  facet normal 0.301977 0 -0.953315
    outer loop
      vertex 81.9848 0.61 10.0564
      vertex 81.8661 -0.01 10.0188
      vertex 81.8661 0.61 10.0188
    endloop
  endfacet
  facet normal 0.301977 0 -0.953315
    outer loop
      vertex 81.9848 0.61 10.0564
      vertex 81.9848 -0.01 10.0564
      vertex 81.8661 -0.01 10.0188
    endloop
  endfacet
  facet normal 0.226959 0 -0.973904
    outer loop
      vertex 82.1101 0.61 10.0856
      vertex 81.9848 -0.01 10.0564
      vertex 81.9848 0.61 10.0564
    endloop
  endfacet
  facet normal 0.226959 0 -0.973904
    outer loop
      vertex 82.1101 0.61 10.0856
      vertex 82.1101 -0.01 10.0856
      vertex 81.9848 -0.01 10.0564
    endloop
  endfacet
  facet normal 0.156001 0 -0.987757
    outer loop
      vertex 82.2418 0.61 10.1064
      vertex 82.1101 -0.01 10.0856
      vertex 82.1101 0.61 10.0856
    endloop
  endfacet
  facet normal 0.156001 0 -0.987757
    outer loop
      vertex 82.2418 0.61 10.1064
      vertex 82.2418 -0.01 10.1064
      vertex 82.1101 -0.01 10.0856
    endloop
  endfacet
  facet normal 0.0900809 0 -0.995934
    outer loop
      vertex 82.38 0.61 10.1189
      vertex 82.2418 -0.01 10.1064
      vertex 82.2418 0.61 10.1064
    endloop
  endfacet
  facet normal 0.0900809 0 -0.995934
    outer loop
      vertex 82.38 0.61 10.1189
      vertex 82.38 -0.01 10.1189
      vertex 82.2418 -0.01 10.1064
    endloop
  endfacet
  facet normal 0.0290134 0 -0.999579
    outer loop
      vertex 82.5247 0.61 10.1231
      vertex 82.38 -0.01 10.1189
      vertex 82.38 0.61 10.1189
    endloop
  endfacet
  facet normal 0.0290134 0 -0.999579
    outer loop
      vertex 82.5247 0.61 10.1231
      vertex 82.5247 -0.01 10.1231
      vertex 82.38 -0.01 10.1189
    endloop
  endfacet
  facet normal -0.0219154 0 -0.99976
    outer loop
      vertex 82.6205 0.61 10.121
      vertex 82.5247 -0.01 10.1231
      vertex 82.5247 0.61 10.1231
    endloop
  endfacet
  facet normal -0.0219154 -0 -0.99976
    outer loop
      vertex 82.6205 0.61 10.121
      vertex 82.6205 -0.01 10.121
      vertex 82.5247 -0.01 10.1231
    endloop
  endfacet
  facet normal -0.0672989 0 -0.997733
    outer loop
      vertex 82.7139 0.61 10.1147
      vertex 82.6205 -0.01 10.121
      vertex 82.6205 0.61 10.121
    endloop
  endfacet
  facet normal -0.0672989 -0 -0.997733
    outer loop
      vertex 82.7139 0.61 10.1147
      vertex 82.7139 -0.01 10.1147
      vertex 82.6205 -0.01 10.121
    endloop
  endfacet
  facet normal -0.1145 0 -0.993423
    outer loop
      vertex 82.805 0.61 10.1042
      vertex 82.7139 -0.01 10.1147
      vertex 82.7139 0.61 10.1147
    endloop
  endfacet
  facet normal -0.1145 -0 -0.993423
    outer loop
      vertex 82.805 0.61 10.1042
      vertex 82.805 -0.01 10.1042
      vertex 82.7139 -0.01 10.1147
    endloop
  endfacet
  facet normal -0.163318 0 -0.986573
    outer loop
      vertex 82.8938 0.61 10.0895
      vertex 82.805 -0.01 10.1042
      vertex 82.805 0.61 10.1042
    endloop
  endfacet
  facet normal -0.163318 -0 -0.986573
    outer loop
      vertex 82.8938 0.61 10.0895
      vertex 82.8938 -0.01 10.0895
      vertex 82.805 -0.01 10.1042
    endloop
  endfacet
  facet normal -0.214539 0 -0.976715
    outer loop
      vertex 82.9803 0.61 10.0705
      vertex 82.8938 -0.01 10.0895
      vertex 82.8938 0.61 10.0895
    endloop
  endfacet
  facet normal -0.214539 -0 -0.976715
    outer loop
      vertex 82.9803 0.61 10.0705
      vertex 82.9803 -0.01 10.0705
      vertex 82.8938 -0.01 10.0895
    endloop
  endfacet
  facet normal -0.264863 0 -0.964286
    outer loop
      vertex 83.0644 0.61 10.0474
      vertex 82.9803 -0.01 10.0705
      vertex 82.9803 0.61 10.0705
    endloop
  endfacet
  facet normal -0.264863 -0 -0.964286
    outer loop
      vertex 83.0644 0.61 10.0474
      vertex 83.0644 -0.01 10.0474
      vertex 82.9803 -0.01 10.0705
    endloop
  endfacet
  facet normal -0.316228 0 -0.948683
    outer loop
      vertex 83.1463 0.61 10.0201
      vertex 83.0644 -0.01 10.0474
      vertex 83.0644 0.61 10.0474
    endloop
  endfacet
  facet normal -0.316228 -0 -0.948683
    outer loop
      vertex 83.1463 0.61 10.0201
      vertex 83.1463 -0.01 10.0201
      vertex 83.0644 -0.01 10.0474
    endloop
  endfacet
  facet normal -0.368566 0 -0.929601
    outer loop
      vertex 83.2258 0.61 9.98858
      vertex 83.1463 -0.01 10.0201
      vertex 83.1463 0.61 10.0201
    endloop
  endfacet
  facet normal -0.368566 -0 -0.929601
    outer loop
      vertex 83.2258 0.61 9.98858
      vertex 83.2258 -0.01 9.98858
      vertex 83.1463 -0.01 10.0201
    endloop
  endfacet
  facet normal -0.419923 0 -0.90756
    outer loop
      vertex 83.303 0.61 9.95286
      vertex 83.2258 -0.01 9.98858
      vertex 83.2258 0.61 9.98858
    endloop
  endfacet
  facet normal -0.419923 -0 -0.90756
    outer loop
      vertex 83.303 0.61 9.95286
      vertex 83.303 -0.01 9.95286
      vertex 83.2258 -0.01 9.98858
    endloop
  endfacet
  facet normal -0.470925 0 -0.882173
    outer loop
      vertex 83.3778 0.61 9.91293
      vertex 83.303 -0.01 9.95286
      vertex 83.303 0.61 9.95286
    endloop
  endfacet
  facet normal -0.470925 -0 -0.882173
    outer loop
      vertex 83.3778 0.61 9.91293
      vertex 83.3778 -0.01 9.91293
      vertex 83.303 -0.01 9.95286
    endloop
  endfacet
  facet normal -0.51942 0 -0.854519
    outer loop
      vertex 83.4504 0.61 9.8688
      vertex 83.3778 -0.01 9.91293
      vertex 83.3778 0.61 9.91293
    endloop
  endfacet
  facet normal -0.51942 -0 -0.854519
    outer loop
      vertex 83.4504 0.61 9.8688
      vertex 83.4504 -0.01 9.8688
      vertex 83.3778 -0.01 9.91293
    endloop
  endfacet
  facet normal -0.567538 0 -0.823347
    outer loop
      vertex 83.5196 0.61 9.8211
      vertex 83.4504 -0.01 9.8688
      vertex 83.4504 0.61 9.8688
    endloop
  endfacet
  facet normal -0.567538 -0 -0.823347
    outer loop
      vertex 83.5196 0.61 9.8211
      vertex 83.5196 -0.01 9.8211
      vertex 83.4504 -0.01 9.8688
    endloop
  endfacet
  facet normal -0.614352 0 -0.789032
    outer loop
      vertex 83.5846 0.61 9.77049
      vertex 83.5196 -0.01 9.8211
      vertex 83.5196 0.61 9.8211
    endloop
  endfacet
  facet normal -0.614352 -0 -0.789032
    outer loop
      vertex 83.5846 0.61 9.77049
      vertex 83.5846 -0.01 9.77049
      vertex 83.5196 -0.01 9.8211
    endloop
  endfacet
  facet normal -0.661491 0 -0.749953
    outer loop
      vertex 83.6453 0.61 9.71695
      vertex 83.5846 -0.01 9.77049
      vertex 83.5846 0.61 9.77049
    endloop
  endfacet
  facet normal -0.661491 -0 -0.749953
    outer loop
      vertex 83.6453 0.61 9.71695
      vertex 83.6453 -0.01 9.71695
      vertex 83.5846 -0.01 9.77049
    endloop
  endfacet
  facet normal -0.706982 0 -0.707232
    outer loop
      vertex 83.7018 0.61 9.66047
      vertex 83.6453 -0.01 9.71695
      vertex 83.6453 0.61 9.71695
    endloop
  endfacet
  facet normal -0.706982 -0 -0.707232
    outer loop
      vertex 83.7018 0.61 9.66047
      vertex 83.7018 -0.01 9.66047
      vertex 83.6453 -0.01 9.71695
    endloop
  endfacet
  facet normal -0.751792 0 -0.6594
    outer loop
      vertex 83.7539 0.61 9.60107
      vertex 83.7018 -0.01 9.66047
      vertex 83.7018 0.61 9.66047
    endloop
  endfacet
  facet normal -0.751792 -0 -0.6594
    outer loop
      vertex 83.7539 0.61 9.60107
      vertex 83.7539 -0.01 9.60107
      vertex 83.7018 -0.01 9.66047
    endloop
  endfacet
  facet normal -0.792908 0 -0.609342
    outer loop
      vertex 83.8018 0.61 9.53874
      vertex 83.7539 -0.01 9.60107
      vertex 83.7539 0.61 9.60107
    endloop
  endfacet
  facet normal -0.792908 -0 -0.609342
    outer loop
      vertex 83.8018 0.61 9.53874
      vertex 83.8018 -0.01 9.53874
      vertex 83.7539 -0.01 9.60107
    endloop
  endfacet
  facet normal -0.830873 0 -0.556462
    outer loop
      vertex 83.8455 0.61 9.47349
      vertex 83.8018 -0.01 9.53874
      vertex 83.8018 0.61 9.53874
    endloop
  endfacet
  facet normal -0.830873 -0 -0.556462
    outer loop
      vertex 83.8455 0.61 9.47349
      vertex 83.8455 -0.01 9.47349
      vertex 83.8018 -0.01 9.53874
    endloop
  endfacet
  facet normal -0.866344 0 -0.499447
    outer loop
      vertex 83.8848 0.61 9.40532
      vertex 83.8455 -0.01 9.47349
      vertex 83.8455 0.61 9.47349
    endloop
  endfacet
  facet normal -0.866344 -0 -0.499447
    outer loop
      vertex 83.8848 0.61 9.40532
      vertex 83.8848 -0.01 9.40532
      vertex 83.8455 -0.01 9.47349
    endloop
  endfacet
  facet normal -0.896661 0 -0.442718
    outer loop
      vertex 83.9199 0.61 9.33423
      vertex 83.8848 -0.01 9.40532
      vertex 83.8848 0.61 9.40532
    endloop
  endfacet
  facet normal -0.896661 -0 -0.442718
    outer loop
      vertex 83.9199 0.61 9.33423
      vertex 83.9199 -0.01 9.33423
      vertex 83.8848 -0.01 9.40532
    endloop
  endfacet
  facet normal -0.923298 0 -0.384084
    outer loop
      vertex 83.9507 0.61 9.26019
      vertex 83.9199 -0.01 9.33423
      vertex 83.9199 0.61 9.33423
    endloop
  endfacet
  facet normal -0.923298 -0 -0.384084
    outer loop
      vertex 83.9507 0.61 9.26019
      vertex 83.9507 -0.01 9.26019
      vertex 83.9199 -0.01 9.33423
    endloop
  endfacet
  facet normal -0.945503 0 -0.325612
    outer loop
      vertex 83.9772 0.61 9.18324
      vertex 83.9507 -0.01 9.26019
      vertex 83.9507 0.61 9.26019
    endloop
  endfacet
  facet normal -0.945503 -0 -0.325612
    outer loop
      vertex 83.9772 0.61 9.18324
      vertex 83.9772 -0.01 9.18324
      vertex 83.9507 -0.01 9.26019
    endloop
  endfacet
  facet normal 0.263376 0 -0.964693
    outer loop
      vertex 85.0352 0.61 9.47209
      vertex 83.9772 -0.01 9.18324
      vertex 83.9772 0.61 9.18324
    endloop
  endfacet
  facet normal 0.263376 0 -0.964693
    outer loop
      vertex 85.0352 0.61 9.47209
      vertex 85.0352 -0.01 9.47209
      vertex 83.9772 -0.01 9.18324
    endloop
  endfacet
  facet normal 0.941887 0 0.33593
    outer loop
      vertex 84.9854 0.61 9.61172
      vertex 85.0352 -0.01 9.47209
      vertex 85.0352 0.61 9.47209
    endloop
  endfacet
  facet normal 0.941887 0 0.33593
    outer loop
      vertex 84.9854 0.61 9.61172
      vertex 84.9854 -0.01 9.61172
      vertex 85.0352 -0.01 9.47209
    endloop
  endfacet
  facet normal 0.921999 0 0.387191
    outer loop
      vertex 84.9294 0.61 9.74507
      vertex 84.9854 -0.01 9.61172
      vertex 84.9854 0.61 9.61172
    endloop
  endfacet
  facet normal 0.921999 0 0.387191
    outer loop
      vertex 84.9294 0.61 9.74507
      vertex 84.9294 -0.01 9.74507
      vertex 84.9854 -0.01 9.61172
    endloop
  endfacet
  facet normal 0.898129 0 0.439732
    outer loop
      vertex 84.8672 0.61 9.87211
      vertex 84.9294 -0.01 9.74507
      vertex 84.9294 0.61 9.74507
    endloop
  endfacet
  facet normal 0.898129 0 0.439732
    outer loop
      vertex 84.8672 0.61 9.87211
      vertex 84.8672 -0.01 9.87211
      vertex 84.9294 -0.01 9.74507
    endloop
  endfacet
  facet normal 0.869843 0 0.493329
    outer loop
      vertex 84.7987 0.61 9.99289
      vertex 84.8672 -0.01 9.87211
      vertex 84.8672 0.61 9.87211
    endloop
  endfacet
  facet normal 0.869843 0 0.493329
    outer loop
      vertex 84.7987 0.61 9.99289
      vertex 84.7987 -0.01 9.99289
      vertex 84.8672 -0.01 9.87211
    endloop
  endfacet
  facet normal 0.83721 0 0.546881
    outer loop
      vertex 84.7239 0.61 10.1074
      vertex 84.7987 -0.01 9.99289
      vertex 84.7987 0.61 9.99289
    endloop
  endfacet
  facet normal 0.83721 0 0.546881
    outer loop
      vertex 84.7239 0.61 10.1074
      vertex 84.7239 -0.01 10.1074
      vertex 84.7987 -0.01 9.99289
    endloop
  endfacet
  facet normal 0.800532 0 0.599289
    outer loop
      vertex 84.6429 0.61 10.2156
      vertex 84.7239 -0.01 10.1074
      vertex 84.7239 0.61 10.1074
    endloop
  endfacet
  facet normal 0.800532 0 0.599289
    outer loop
      vertex 84.6429 0.61 10.2156
      vertex 84.6429 -0.01 10.2156
      vertex 84.7239 -0.01 10.1074
    endloop
  endfacet
  facet normal 0.759414 0 0.650607
    outer loop
      vertex 84.5556 0.61 10.3175
      vertex 84.6429 -0.01 10.2156
      vertex 84.6429 0.61 10.2156
    endloop
  endfacet
  facet normal 0.759414 0 0.650607
    outer loop
      vertex 84.5556 0.61 10.3175
      vertex 84.5556 -0.01 10.3175
      vertex 84.6429 -0.01 10.2156
    endloop
  endfacet
  facet normal 0.714915 0 0.699211
    outer loop
      vertex 84.4621 0.61 10.4131
      vertex 84.5556 -0.01 10.3175
      vertex 84.5556 0.61 10.3175
    endloop
  endfacet
  facet normal 0.714915 0 0.699211
    outer loop
      vertex 84.4621 0.61 10.4131
      vertex 84.4621 -0.01 10.4131
      vertex 84.5556 -0.01 10.3175
    endloop
  endfacet
  facet normal 0.667188 0 0.744889
    outer loop
      vertex 84.3624 0.61 10.5024
      vertex 84.4621 -0.01 10.4131
      vertex 84.4621 0.61 10.4131
    endloop
  endfacet
  facet normal 0.667188 0 0.744889
    outer loop
      vertex 84.3624 0.61 10.5024
      vertex 84.3624 -0.01 10.5024
      vertex 84.4621 -0.01 10.4131
    endloop
  endfacet
  facet normal 0.616148 0 0.78763
    outer loop
      vertex 84.2563 0.61 10.5854
      vertex 84.3624 -0.01 10.5024
      vertex 84.3624 0.61 10.5024
    endloop
  endfacet
  facet normal 0.616148 0 0.78763
    outer loop
      vertex 84.2563 0.61 10.5854
      vertex 84.2563 -0.01 10.5854
      vertex 84.3624 -0.01 10.5024
    endloop
  endfacet
  facet normal 0.564499 0 0.825433
    outer loop
      vertex 84.144 0.61 10.6622
      vertex 84.2563 -0.01 10.5854
      vertex 84.2563 0.61 10.5854
    endloop
  endfacet
  facet normal 0.564499 0 0.825433
    outer loop
      vertex 84.144 0.61 10.6622
      vertex 84.144 -0.01 10.6622
      vertex 84.2563 -0.01 10.5854
    endloop
  endfacet
  facet normal 0.510002 0 0.860174
    outer loop
      vertex 84.0256 0.61 10.7324
      vertex 84.144 -0.01 10.6622
      vertex 84.144 0.61 10.6622
    endloop
  endfacet
  facet normal 0.510002 0 0.860174
    outer loop
      vertex 84.0256 0.61 10.7324
      vertex 84.0256 -0.01 10.7324
      vertex 84.144 -0.01 10.6622
    endloop
  endfacet
  facet normal 0.454343 0 0.890827
    outer loop
      vertex 83.9009 0.61 10.796
      vertex 84.0256 -0.01 10.7324
      vertex 84.0256 0.61 10.7324
    endloop
  endfacet
  facet normal 0.454343 0 0.890827
    outer loop
      vertex 83.9009 0.61 10.796
      vertex 83.9009 -0.01 10.796
      vertex 84.0256 -0.01 10.7324
    endloop
  endfacet
  facet normal 0.398649 0 0.917103
    outer loop
      vertex 83.77 0.61 10.8529
      vertex 83.9009 -0.01 10.796
      vertex 83.9009 0.61 10.796
    endloop
  endfacet
  facet normal 0.398649 0 0.917103
    outer loop
      vertex 83.77 0.61 10.8529
      vertex 83.77 -0.01 10.8529
      vertex 83.9009 -0.01 10.796
    endloop
  endfacet
  facet normal 0.343832 0 0.939031
    outer loop
      vertex 83.6329 0.61 10.9031
      vertex 83.77 -0.01 10.8529
      vertex 83.77 0.61 10.8529
    endloop
  endfacet
  facet normal 0.343832 0 0.939031
    outer loop
      vertex 83.6329 0.61 10.9031
      vertex 83.6329 -0.01 10.9031
      vertex 83.77 -0.01 10.8529
    endloop
  endfacet
  facet normal 0.290656 0 0.956827
    outer loop
      vertex 83.4897 0.61 10.9466
      vertex 83.6329 -0.01 10.9031
      vertex 83.6329 0.61 10.9031
    endloop
  endfacet
  facet normal 0.290656 0 0.956827
    outer loop
      vertex 83.4897 0.61 10.9466
      vertex 83.4897 -0.01 10.9466
      vertex 83.6329 -0.01 10.9031
    endloop
  endfacet
  facet normal 0.23917 0 0.970978
    outer loop
      vertex 83.3403 0.61 10.9834
      vertex 83.4897 -0.01 10.9466
      vertex 83.4897 0.61 10.9466
    endloop
  endfacet
  facet normal 0.23917 0 0.970978
    outer loop
      vertex 83.3403 0.61 10.9834
      vertex 83.3403 -0.01 10.9834
      vertex 83.4897 -0.01 10.9466
    endloop
  endfacet
  facet normal 0.189924 0 0.981799
    outer loop
      vertex 83.1847 0.61 11.0135
      vertex 83.3403 -0.01 10.9834
      vertex 83.3403 0.61 10.9834
    endloop
  endfacet
  facet normal 0.189924 0 0.981799
    outer loop
      vertex 83.1847 0.61 11.0135
      vertex 83.1847 -0.01 11.0135
      vertex 83.3403 -0.01 10.9834
    endloop
  endfacet
  facet normal 0.143646 0 0.989629
    outer loop
      vertex 83.0228 0.61 11.037
      vertex 83.1847 -0.01 11.0135
      vertex 83.1847 0.61 11.0135
    endloop
  endfacet
  facet normal 0.143646 0 0.989629
    outer loop
      vertex 83.0228 0.61 11.037
      vertex 83.0228 -0.01 11.037
      vertex 83.1847 -0.01 11.0135
    endloop
  endfacet
  facet normal 0.0989172 0 0.995096
    outer loop
      vertex 82.8548 0.61 11.0537
      vertex 83.0228 -0.01 11.037
      vertex 83.0228 0.61 11.037
    endloop
  endfacet
  facet normal 0.0989172 0 0.995096
    outer loop
      vertex 82.8548 0.61 11.0537
      vertex 82.8548 -0.01 11.0537
      vertex 83.0228 -0.01 11.037
    endloop
  endfacet
  facet normal 0.0573437 0 0.998354
    outer loop
      vertex 82.6807 0.61 11.0637
      vertex 82.8548 -0.01 11.0537
      vertex 82.8548 0.61 11.0537
    endloop
  endfacet
  facet normal 0.0573437 0 0.998354
    outer loop
      vertex 82.6807 0.61 11.0637
      vertex 82.6807 -0.01 11.0637
      vertex 82.8548 -0.01 11.0537
    endloop
  endfacet
  facet normal 0.0188437 0 0.999822
    outer loop
      vertex 82.5003 0.61 11.0671
      vertex 82.6807 -0.01 11.0637
      vertex 82.6807 0.61 11.0637
    endloop
  endfacet
  facet normal 0.0188437 0 0.999822
    outer loop
      vertex 82.5003 0.61 11.0671
      vertex 82.5003 -0.01 11.0671
      vertex 82.6807 -0.01 11.0637
    endloop
  endfacet
  facet normal -0.025591 0 0.999672
    outer loop
      vertex 82.2542 0.61 11.0608
      vertex 82.5003 -0.01 11.0671
      vertex 82.5003 0.61 11.0671
    endloop
  endfacet
  facet normal -0.025591 0 0.999672
    outer loop
      vertex 82.2542 0.61 11.0608
      vertex 82.2542 -0.01 11.0608
      vertex 82.5003 -0.01 11.0671
    endloop
  endfacet
  facet normal -0.0792232 0 0.996857
    outer loop
      vertex 82.0189 0.61 11.0421
      vertex 82.2542 -0.01 11.0608
      vertex 82.2542 0.61 11.0608
    endloop
  endfacet
  facet normal -0.0792232 0 0.996857
    outer loop
      vertex 82.0189 0.61 11.0421
      vertex 82.0189 -0.01 11.0421
      vertex 82.2542 -0.01 11.0608
    endloop
  endfacet
  facet normal -0.138085 0 0.99042
    outer loop
      vertex 81.7944 0.61 11.0108
      vertex 82.0189 -0.01 11.0421
      vertex 82.0189 0.61 11.0421
    endloop
  endfacet
  facet normal -0.138085 0 0.99042
    outer loop
      vertex 81.7944 0.61 11.0108
      vertex 81.7944 -0.01 11.0108
      vertex 82.0189 -0.01 11.0421
    endloop
  endfacet
  facet normal -0.200876 0 0.979617
    outer loop
      vertex 81.5808 0.61 10.967
      vertex 81.7944 -0.01 11.0108
      vertex 81.7944 0.61 11.0108
    endloop
  endfacet
  facet normal -0.200876 0 0.979617
    outer loop
      vertex 81.5808 0.61 10.967
      vertex 81.5808 -0.01 10.967
      vertex 81.7944 -0.01 11.0108
    endloop
  endfacet
  facet normal -0.267497 0 0.963559
    outer loop
      vertex 81.378 0.61 10.9107
      vertex 81.5808 -0.01 10.967
      vertex 81.5808 0.61 10.967
    endloop
  endfacet
  facet normal -0.267497 0 0.963559
    outer loop
      vertex 81.378 0.61 10.9107
      vertex 81.378 -0.01 10.9107
      vertex 81.5808 -0.01 10.967
    endloop
  endfacet
  facet normal -0.337486 0 0.941331
    outer loop
      vertex 81.1861 0.61 10.8419
      vertex 81.378 -0.01 10.9107
      vertex 81.378 0.61 10.9107
    endloop
  endfacet
  facet normal -0.337486 0 0.941331
    outer loop
      vertex 81.1861 0.61 10.8419
      vertex 81.1861 -0.01 10.8419
      vertex 81.378 -0.01 10.9107
    endloop
  endfacet
  facet normal -0.409359 0 0.912373
    outer loop
      vertex 81.0049 0.61 10.7606
      vertex 81.1861 -0.01 10.8419
      vertex 81.1861 0.61 10.8419
    endloop
  endfacet
  facet normal -0.409359 0 0.912373
    outer loop
      vertex 81.0049 0.61 10.7606
      vertex 81.0049 -0.01 10.7606
      vertex 81.1861 -0.01 10.8419
    endloop
  endfacet
  facet normal -0.482452 0 0.875923
    outer loop
      vertex 80.8346 0.61 10.6668
      vertex 81.0049 -0.01 10.7606
      vertex 81.0049 0.61 10.7606
    endloop
  endfacet
  facet normal -0.482452 0 0.875923
    outer loop
      vertex 80.8346 0.61 10.6668
      vertex 80.8346 -0.01 10.6668
      vertex 81.0049 -0.01 10.7606
    endloop
  endfacet
  facet normal -0.55458 0 0.832131
    outer loop
      vertex 80.6751 0.61 10.5605
      vertex 80.8346 -0.01 10.6668
      vertex 80.8346 0.61 10.6668
    endloop
  endfacet
  facet normal -0.55458 0 0.832131
    outer loop
      vertex 80.6751 0.61 10.5605
      vertex 80.6751 -0.01 10.5605
      vertex 80.8346 -0.01 10.6668
    endloop
  endfacet
  facet normal -0.624503 0 0.781023
    outer loop
      vertex 80.5264 0.61 10.4416
      vertex 80.6751 -0.01 10.5605
      vertex 80.6751 0.61 10.5605
    endloop
  endfacet
  facet normal -0.624503 0 0.781023
    outer loop
      vertex 80.5264 0.61 10.4416
      vertex 80.5264 -0.01 10.4416
      vertex 80.6751 -0.01 10.5605
    endloop
  endfacet
  facet normal -0.689826 0 0.723975
    outer loop
      vertex 80.3886 0.61 10.3103
      vertex 80.5264 -0.01 10.4416
      vertex 80.5264 0.61 10.4416
    endloop
  endfacet
  facet normal -0.689826 0 0.723975
    outer loop
      vertex 80.3886 0.61 10.3103
      vertex 80.3886 -0.01 10.3103
      vertex 80.5264 -0.01 10.4416
    endloop
  endfacet
  facet normal -0.749257 0 0.66228
    outer loop
      vertex 80.2622 0.61 10.1673
      vertex 80.3886 -0.01 10.3103
      vertex 80.3886 0.61 10.3103
    endloop
  endfacet
  facet normal -0.749257 0 0.66228
    outer loop
      vertex 80.2622 0.61 10.1673
      vertex 80.2622 -0.01 10.1673
      vertex 80.3886 -0.01 10.3103
    endloop
  endfacet
  facet normal -0.802558 0 0.596574
    outer loop
      vertex 80.1478 0.61 10.0134
      vertex 80.2622 -0.01 10.1673
      vertex 80.2622 0.61 10.1673
    endloop
  endfacet
  facet normal -0.802558 0 0.596574
    outer loop
      vertex 80.1478 0.61 10.0134
      vertex 80.1478 -0.01 10.0134
      vertex 80.2622 -0.01 10.1673
    endloop
  endfacet
  facet normal -0.849372 0 0.527794
    outer loop
      vertex 80.0455 0.61 9.84877
      vertex 80.1478 -0.01 10.0134
      vertex 80.1478 0.61 10.0134
    endloop
  endfacet
  facet normal -0.849372 0 0.527794
    outer loop
      vertex 80.0455 0.61 9.84877
      vertex 80.0455 -0.01 9.84877
      vertex 80.1478 -0.01 10.0134
    endloop
  endfacet
  facet normal -0.889189 0 0.45754
    outer loop
      vertex 79.9552 0.61 9.67328
      vertex 80.0455 -0.01 9.84877
      vertex 80.0455 0.61 9.84877
    endloop
  endfacet
  facet normal -0.889189 0 0.45754
    outer loop
      vertex 79.9552 0.61 9.67328
      vertex 79.9552 -0.01 9.67328
      vertex 80.0455 -0.01 9.84877
    endloop
  endfacet
  facet normal -0.922086 0 0.386986
    outer loop
      vertex 79.877 0.61 9.48695
      vertex 79.9552 -0.01 9.67328
      vertex 79.9552 0.61 9.67328
    endloop
  endfacet
  facet normal -0.922086 0 0.386986
    outer loop
      vertex 79.877 0.61 9.48695
      vertex 79.877 -0.01 9.48695
      vertex 79.9552 -0.01 9.67328
    endloop
  endfacet
  facet normal -0.947979 0 0.318333
    outer loop
      vertex 79.8108 0.61 9.28981
      vertex 79.877 -0.01 9.48695
      vertex 79.877 0.61 9.48695
    endloop
  endfacet
  facet normal -0.947979 0 0.318333
    outer loop
      vertex 79.8108 0.61 9.28981
      vertex 79.8108 -0.01 9.28981
      vertex 79.877 -0.01 9.48695
    endloop
  endfacet
  facet normal -0.96768 0 0.252179
    outer loop
      vertex 79.7566 0.61 9.08183
      vertex 79.8108 -0.01 9.28981
      vertex 79.8108 0.61 9.28981
    endloop
  endfacet
  facet normal -0.96768 0 0.252179
    outer loop
      vertex 79.7566 0.61 9.08183
      vertex 79.7566 -0.01 9.08183
      vertex 79.8108 -0.01 9.28981
    endloop
  endfacet
  facet normal -0.981989 0 0.188939
    outer loop
      vertex 79.7145 0.61 8.86302
      vertex 79.7566 -0.01 9.08183
      vertex 79.7566 0.61 9.08183
    endloop
  endfacet
  facet normal -0.981989 0 0.188939
    outer loop
      vertex 79.7145 0.61 8.86302
      vertex 79.7145 -0.01 8.86302
      vertex 79.7566 -0.01 9.08183
    endloop
  endfacet
  facet normal -0.991518 0 0.129969
    outer loop
      vertex 79.6844 0.61 8.63339
      vertex 79.7145 -0.01 8.86302
      vertex 79.7145 0.61 8.86302
    endloop
  endfacet
  facet normal -0.991518 0 0.129969
    outer loop
      vertex 79.6844 0.61 8.63339
      vertex 79.6844 -0.01 8.63339
      vertex 79.7145 -0.01 8.86302
    endloop
  endfacet
  facet normal -0.997179 0 0.0750601
    outer loop
      vertex 79.6663 0.61 8.39293
      vertex 79.6844 -0.01 8.63339
      vertex 79.6844 0.61 8.63339
    endloop
  endfacet
  facet normal -0.997179 0 0.0750601
    outer loop
      vertex 79.6663 0.61 8.39293
      vertex 79.6663 -0.01 8.39293
      vertex 79.6844 -0.01 8.63339
    endloop
  endfacet
  facet normal -0.999715 0 0.02387
    outer loop
      vertex 79.6603 0.61 8.14164
      vertex 79.6663 -0.01 8.39293
      vertex 79.6663 0.61 8.39293
    endloop
  endfacet
  facet normal -0.999715 0 0.02387
    outer loop
      vertex 79.6603 0.61 8.14164
      vertex 79.6603 -0.01 8.14164
      vertex 79.6663 -0.01 8.39293
    endloop
  endfacet
  facet normal -0.999685 0 -0.0251147
    outer loop
      vertex 79.6666 0.61 7.89087
      vertex 79.6603 -0.01 8.14164
      vertex 79.6603 0.61 8.14164
    endloop
  endfacet
  facet normal -0.999685 -0 -0.0251147
    outer loop
      vertex 79.6666 0.61 7.89087
      vertex 79.6666 -0.01 7.89087
      vertex 79.6603 -0.01 8.14164
    endloop
  endfacet
  facet normal -0.99699 0 -0.0775271
    outer loop
      vertex 79.6853 0.61 7.65039
      vertex 79.6666 -0.01 7.89087
      vertex 79.6666 0.61 7.89087
    endloop
  endfacet
  facet normal -0.99699 -0 -0.0775271
    outer loop
      vertex 79.6853 0.61 7.65039
      vertex 79.6853 -0.01 7.65039
      vertex 79.6666 -0.01 7.89087
    endloop
  endfacet
  facet normal -0.990938 0 -0.134324
    outer loop
      vertex 79.7165 0.61 7.42022
      vertex 79.6853 -0.01 7.65039
      vertex 79.6853 0.61 7.65039
    endloop
  endfacet
  facet normal -0.990938 -0 -0.134324
    outer loop
      vertex 79.7165 0.61 7.42022
      vertex 79.7165 -0.01 7.42022
      vertex 79.6853 -0.01 7.65039
    endloop
  endfacet
  facet normal -0.98089 0 -0.194563
    outer loop
      vertex 79.7601 0.61 7.20041
      vertex 79.7165 -0.01 7.42022
      vertex 79.7165 0.61 7.42022
    endloop
  endfacet
  facet normal -0.98089 -0 -0.194563
    outer loop
      vertex 79.7601 0.61 7.20041
      vertex 79.7601 -0.01 7.20041
      vertex 79.7165 -0.01 7.42022
    endloop
  endfacet
  facet normal -0.965857 0 -0.259074
    outer loop
      vertex 79.8163 0.61 6.99089
      vertex 79.7601 -0.01 7.20041
      vertex 79.7601 0.61 7.20041
    endloop
  endfacet
  facet normal -0.965857 -0 -0.259074
    outer loop
      vertex 79.8163 0.61 6.99089
      vertex 79.8163 -0.01 6.99089
      vertex 79.7601 -0.01 7.20041
    endloop
  endfacet
  facet normal -0.945494 0 -0.32564
    outer loop
      vertex 79.8849 0.61 6.79171
      vertex 79.8163 -0.01 6.99089
      vertex 79.8163 0.61 6.99089
    endloop
  endfacet
  facet normal -0.945494 -0 -0.32564
    outer loop
      vertex 79.8849 0.61 6.79171
      vertex 79.8849 -0.01 6.79171
      vertex 79.8163 -0.01 6.99089
    endloop
  endfacet
  facet normal -0.918855 0 -0.394594
    outer loop
      vertex 79.966 0.61 6.60286
      vertex 79.8849 -0.01 6.79171
      vertex 79.8849 0.61 6.79171
    endloop
  endfacet
  facet normal -0.918855 -0 -0.394594
    outer loop
      vertex 79.966 0.61 6.60286
      vertex 79.966 -0.01 6.60286
      vertex 79.8849 -0.01 6.79171
    endloop
  endfacet
  facet normal -0.885885 0 -0.463905
    outer loop
      vertex 80.0595 0.61 6.42431
      vertex 79.966 -0.01 6.60286
      vertex 79.966 0.61 6.60286
    endloop
  endfacet
  facet normal -0.885885 -0 -0.463905
    outer loop
      vertex 80.0595 0.61 6.42431
      vertex 80.0595 -0.01 6.42431
      vertex 79.966 -0.01 6.60286
    endloop
  endfacet
  facet normal -0.846029 0 -0.533137
    outer loop
      vertex 80.1655 0.61 6.2561
      vertex 80.0595 -0.01 6.42431
      vertex 80.0595 0.61 6.42431
    endloop
  endfacet
  facet normal -0.846029 -0 -0.533137
    outer loop
      vertex 80.1655 0.61 6.2561
      vertex 80.1655 -0.01 6.2561
      vertex 80.0595 -0.01 6.42431
    endloop
  endfacet
  facet normal -0.799574 0 -0.600567
    outer loop
      vertex 80.2841 0.61 6.0982
      vertex 80.1655 -0.01 6.2561
      vertex 80.1655 0.61 6.2561
    endloop
  endfacet
  facet normal -0.799574 -0 -0.600567
    outer loop
      vertex 80.2841 0.61 6.0982
      vertex 80.2841 -0.01 6.0982
      vertex 80.1655 -0.01 6.2561
    endloop
  endfacet
  facet normal -0.747845 0 -0.663873
    outer loop
      vertex 80.4151 0.61 5.95063
      vertex 80.2841 -0.01 6.0982
      vertex 80.2841 0.61 6.0982
    endloop
  endfacet
  facet normal -0.747845 -0 -0.663873
    outer loop
      vertex 80.4151 0.61 5.95063
      vertex 80.4151 -0.01 5.95063
      vertex 80.2841 -0.01 6.0982
    endloop
  endfacet
  facet normal -0.690456 0 -0.723374
    outer loop
      vertex 80.5575 0.61 5.81471
      vertex 80.4151 -0.01 5.95063
      vertex 80.4151 0.61 5.95063
    endloop
  endfacet
  facet normal -0.690456 -0 -0.723374
    outer loop
      vertex 80.5575 0.61 5.81471
      vertex 80.5575 -0.01 5.81471
      vertex 80.4151 -0.01 5.95063
    endloop
  endfacet
  facet normal -0.627055 0 -0.778975
    outer loop
      vertex 80.7103 0.61 5.69171
      vertex 80.5575 -0.01 5.81471
      vertex 80.5575 0.61 5.81471
    endloop
  endfacet
  facet normal -0.627055 -0 -0.778975
    outer loop
      vertex 80.7103 0.61 5.69171
      vertex 80.7103 -0.01 5.69171
      vertex 80.5575 -0.01 5.81471
    endloop
  endfacet
  facet normal -0.559019 0 -0.829155
    outer loop
      vertex 80.8735 0.61 5.58168
      vertex 80.7103 -0.01 5.69171
      vertex 80.7103 0.61 5.69171
    endloop
  endfacet
  facet normal -0.559019 -0 -0.829155
    outer loop
      vertex 80.8735 0.61 5.58168
      vertex 80.8735 -0.01 5.58168
      vertex 80.7103 -0.01 5.69171
    endloop
  endfacet
  facet normal -0.488198 0 -0.872733
    outer loop
      vertex 81.0471 0.61 5.48457
      vertex 80.8735 -0.01 5.58168
      vertex 80.8735 0.61 5.58168
    endloop
  endfacet
  facet normal -0.488198 -0 -0.872733
    outer loop
      vertex 81.0471 0.61 5.48457
      vertex 81.0471 -0.01 5.48457
      vertex 80.8735 -0.01 5.58168
    endloop
  endfacet
  facet normal -0.415865 0 -0.909426
    outer loop
      vertex 81.2311 0.61 5.40043
      vertex 81.0471 -0.01 5.48457
      vertex 81.0471 0.61 5.48457
    endloop
  endfacet
  facet normal -0.415865 -0 -0.909426
    outer loop
      vertex 81.2311 0.61 5.40043
      vertex 81.2311 -0.01 5.40043
      vertex 81.0471 -0.01 5.48457
    endloop
  endfacet
  facet normal -0.343957 0 -0.938986
    outer loop
      vertex 81.4255 0.61 5.32922
      vertex 81.2311 -0.01 5.40043
      vertex 81.2311 0.61 5.40043
    endloop
  endfacet
  facet normal -0.343957 -0 -0.938986
    outer loop
      vertex 81.4255 0.61 5.32922
      vertex 81.4255 -0.01 5.32922
      vertex 81.2311 -0.01 5.40043
    endloop
  endfacet
  facet normal -0.27374 0 -0.961804
    outer loop
      vertex 81.6302 0.61 5.27096
      vertex 81.4255 -0.01 5.32922
      vertex 81.4255 0.61 5.32922
    endloop
  endfacet
  facet normal -0.27374 -0 -0.961804
    outer loop
      vertex 81.6302 0.61 5.27096
      vertex 81.6302 -0.01 5.27096
      vertex 81.4255 -0.01 5.32922
    endloop
  endfacet
  facet normal -0.205988 0 -0.978555
    outer loop
      vertex 81.8454 0.61 5.22566
      vertex 81.6302 -0.01 5.27096
      vertex 81.6302 0.61 5.27096
    endloop
  endfacet
  facet normal -0.205988 -0 -0.978555
    outer loop
      vertex 81.8454 0.61 5.22566
      vertex 81.8454 -0.01 5.22566
      vertex 81.6302 -0.01 5.27096
    endloop
  endfacet
  facet normal -0.141986 0 -0.989869
    outer loop
      vertex 82.071 0.61 5.1933
      vertex 81.8454 -0.01 5.22566
      vertex 81.8454 0.61 5.22566
    endloop
  endfacet
  facet normal -0.141986 -0 -0.989869
    outer loop
      vertex 82.071 0.61 5.1933
      vertex 82.071 -0.01 5.1933
      vertex 81.8454 -0.01 5.22566
    endloop
  endfacet
  facet normal -0.0820874 0 -0.996625
    outer loop
      vertex 82.3069 0.61 5.17387
      vertex 82.071 -0.01 5.1933
      vertex 82.071 0.61 5.1933
    endloop
  endfacet
  facet normal -0.0820874 -0 -0.996625
    outer loop
      vertex 82.3069 0.61 5.17387
      vertex 82.3069 -0.01 5.17387
      vertex 82.071 -0.01 5.1933
    endloop
  endfacet
  facet normal -0.0262597 0 -0.999655
    outer loop
      vertex 82.5532 0.61 5.1674
      vertex 82.3069 -0.01 5.17387
      vertex 82.3069 0.61 5.17387
    endloop
  endfacet
  facet normal -0.0262597 -0 -0.999655
    outer loop
      vertex 82.5532 0.61 5.1674
      vertex 82.5532 -0.01 5.1674
      vertex 82.3069 -0.01 5.17387
    endloop
  endfacet
  facet normal 0.0204114 0 -0.999792
    outer loop
      vertex 82.7168 0.61 5.17074
      vertex 82.5532 -0.01 5.1674
      vertex 82.5532 0.61 5.1674
    endloop
  endfacet
  facet normal 0.0204114 0 -0.999792
    outer loop
      vertex 82.7168 0.61 5.17074
      vertex 82.7168 -0.01 5.17074
      vertex 82.5532 -0.01 5.1674
    endloop
  endfacet
  facet normal -0 0 -1
    outer loop
      vertex 66.2242 0.61 7.26686
      vertex 64.8002 -0.01 7.26686
      vertex 64.8002 0.61 7.26686
    endloop
  endfacet
  facet normal 0 -0 -1
    outer loop
      vertex 66.2242 0.61 7.26686
      vertex 66.2242 -0.01 7.26686
      vertex 64.8002 -0.01 7.26686
    endloop
  endfacet
  facet normal 0.0169511 0 -0.999856
    outer loop
      vertex 66.3404 0.61 7.26883
      vertex 66.2242 -0.01 7.26686
      vertex 66.2242 0.61 7.26686
    endloop
  endfacet
  facet normal 0.0169511 0 -0.999856
    outer loop
      vertex 66.3404 0.61 7.26883
      vertex 66.3404 -0.01 7.26883
      vertex 66.2242 -0.01 7.26686
    endloop
  endfacet
  facet normal 0.0520037 0 -0.998647
    outer loop
      vertex 66.4537 0.61 7.27473
      vertex 66.3404 -0.01 7.26883
      vertex 66.3404 0.61 7.26883
    endloop
  endfacet
  facet normal 0.0520037 0 -0.998647
    outer loop
      vertex 66.4537 0.61 7.27473
      vertex 66.4537 -0.01 7.27473
      vertex 66.3404 -0.01 7.26883
    endloop
  endfacet
  facet normal 0.0887688 0 -0.996052
    outer loop
      vertex 66.564 0.61 7.28456
      vertex 66.4537 -0.01 7.27473
      vertex 66.4537 0.61 7.27473
    endloop
  endfacet
  facet normal 0.0887688 0 -0.996052
    outer loop
      vertex 66.564 0.61 7.28456
      vertex 66.564 -0.01 7.28456
      vertex 66.4537 -0.01 7.27473
    endloop
  endfacet
  facet normal 0.127262 0 -0.991869
    outer loop
      vertex 66.6714 0.61 7.29834
      vertex 66.564 -0.01 7.28456
      vertex 66.564 0.61 7.28456
    endloop
  endfacet
  facet normal 0.127262 0 -0.991869
    outer loop
      vertex 66.6714 0.61 7.29834
      vertex 66.6714 -0.01 7.29834
      vertex 66.564 -0.01 7.28456
    endloop
  endfacet
  facet normal 0.167155 0 -0.985931
    outer loop
      vertex 66.7758 0.61 7.31604
      vertex 66.6714 -0.01 7.29834
      vertex 66.6714 0.61 7.29834
    endloop
  endfacet
  facet normal 0.167155 0 -0.985931
    outer loop
      vertex 66.7758 0.61 7.31604
      vertex 66.7758 -0.01 7.31604
      vertex 66.6714 -0.01 7.29834
    endloop
  endfacet
  facet normal 0.208227 0 -0.97808
    outer loop
      vertex 66.8774 0.61 7.33767
      vertex 66.7758 -0.01 7.31604
      vertex 66.7758 0.61 7.31604
    endloop
  endfacet
  facet normal 0.208227 0 -0.97808
    outer loop
      vertex 66.8774 0.61 7.33767
      vertex 66.8774 -0.01 7.33767
      vertex 66.7758 -0.01 7.31604
    endloop
  endfacet
  facet normal 0.251119 0 -0.967956
    outer loop
      vertex 66.976 0.61 7.36325
      vertex 66.8774 -0.01 7.33767
      vertex 66.8774 0.61 7.33767
    endloop
  endfacet
  facet normal 0.251119 0 -0.967956
    outer loop
      vertex 66.976 0.61 7.36325
      vertex 66.976 -0.01 7.36325
      vertex 66.8774 -0.01 7.33767
    endloop
  endfacet
  facet normal 0.294668 0 -0.9556
    outer loop
      vertex 67.0717 0.61 7.39276
      vertex 66.976 -0.01 7.36325
      vertex 66.976 0.61 7.36325
    endloop
  endfacet
  facet normal 0.294668 0 -0.9556
    outer loop
      vertex 67.0717 0.61 7.39276
      vertex 67.0717 -0.01 7.39276
      vertex 66.976 -0.01 7.36325
    endloop
  endfacet
  facet normal 0.33924 0 -0.9407
    outer loop
      vertex 67.1644 0.61 7.42619
      vertex 67.0717 -0.01 7.39276
      vertex 67.0717 0.61 7.39276
    endloop
  endfacet
  facet normal 0.33924 0 -0.9407
    outer loop
      vertex 67.1644 0.61 7.42619
      vertex 67.1644 -0.01 7.42619
      vertex 67.0717 -0.01 7.39276
    endloop
  endfacet
  facet normal 0.384294 0 -0.923211
    outer loop
      vertex 67.2542 0.61 7.46357
      vertex 67.1644 -0.01 7.42619
      vertex 67.1644 0.61 7.42619
    endloop
  endfacet
  facet normal 0.384294 0 -0.923211
    outer loop
      vertex 67.2542 0.61 7.46357
      vertex 67.2542 -0.01 7.46357
      vertex 67.1644 -0.01 7.42619
    endloop
  endfacet
  facet normal 0.429332 0 -0.903147
    outer loop
      vertex 67.3411 0.61 7.50488
      vertex 67.2542 -0.01 7.46357
      vertex 67.2542 0.61 7.46357
    endloop
  endfacet
  facet normal 0.429332 0 -0.903147
    outer loop
      vertex 67.3411 0.61 7.50488
      vertex 67.3411 -0.01 7.50488
      vertex 67.2542 -0.01 7.46357
    endloop
  endfacet
  facet normal 0.4728 0 -0.88117
    outer loop
      vertex 67.4248 0.61 7.54979
      vertex 67.3411 -0.01 7.50488
      vertex 67.3411 0.61 7.50488
    endloop
  endfacet
  facet normal 0.4728 0 -0.88117
    outer loop
      vertex 67.4248 0.61 7.54979
      vertex 67.4248 -0.01 7.54979
      vertex 67.3411 -0.01 7.50488
    endloop
  endfacet
  facet normal 0.515834 0 -0.856689
    outer loop
      vertex 67.5048 0.61 7.59796
      vertex 67.4248 -0.01 7.54979
      vertex 67.4248 0.61 7.54979
    endloop
  endfacet
  facet normal 0.515834 0 -0.856689
    outer loop
      vertex 67.5048 0.61 7.59796
      vertex 67.5048 -0.01 7.59796
      vertex 67.4248 -0.01 7.54979
    endloop
  endfacet
  facet normal 0.557851 0 -0.829941
    outer loop
      vertex 67.5813 0.61 7.64938
      vertex 67.5048 -0.01 7.59796
      vertex 67.5048 0.61 7.59796
    endloop
  endfacet
  facet normal 0.557851 0 -0.829941
    outer loop
      vertex 67.5813 0.61 7.64938
      vertex 67.5813 -0.01 7.64938
      vertex 67.5048 -0.01 7.59796
    endloop
  endfacet
  facet normal 0.600703 0 -0.799473
    outer loop
      vertex 67.6541 0.61 7.70408
      vertex 67.5813 -0.01 7.64938
      vertex 67.5813 0.61 7.64938
    endloop
  endfacet
  facet normal 0.600703 0 -0.799473
    outer loop
      vertex 67.6541 0.61 7.70408
      vertex 67.6541 -0.01 7.70408
      vertex 67.5813 -0.01 7.64938
    endloop
  endfacet
  facet normal 0.641555 0 -0.767077
    outer loop
      vertex 67.7234 0.61 7.76204
      vertex 67.6541 -0.01 7.70408
      vertex 67.6541 0.61 7.70408
    endloop
  endfacet
  facet normal 0.641555 0 -0.767077
    outer loop
      vertex 67.7234 0.61 7.76204
      vertex 67.7234 -0.01 7.76204
      vertex 67.6541 -0.01 7.70408
    endloop
  endfacet
  facet normal 0.682219 0 -0.731148
    outer loop
      vertex 67.789 0.61 7.82325
      vertex 67.7234 -0.01 7.76204
      vertex 67.7234 0.61 7.76204
    endloop
  endfacet
  facet normal 0.682219 0 -0.731148
    outer loop
      vertex 67.789 0.61 7.82325
      vertex 67.789 -0.01 7.82325
      vertex 67.7234 -0.01 7.76204
    endloop
  endfacet
  facet normal 0.720221 0 -0.693745
    outer loop
      vertex 67.8511 0.61 7.88772
      vertex 67.789 -0.01 7.82325
      vertex 67.789 0.61 7.82325
    endloop
  endfacet
  facet normal 0.720221 0 -0.693745
    outer loop
      vertex 67.8511 0.61 7.88772
      vertex 67.8511 -0.01 7.88772
      vertex 67.789 -0.01 7.82325
    endloop
  endfacet
  facet normal 0.757439 0 -0.652906
    outer loop
      vertex 67.9095 0.61 7.95547
      vertex 67.8511 -0.01 7.88772
      vertex 67.8511 0.61 7.88772
    endloop
  endfacet
  facet normal 0.757439 0 -0.652906
    outer loop
      vertex 67.9095 0.61 7.95547
      vertex 67.9095 -0.01 7.95547
      vertex 67.8511 -0.01 7.88772
    endloop
  endfacet
  facet normal 0.791089 0 -0.611701
    outer loop
      vertex 67.9644 0.61 8.02647
      vertex 67.9095 -0.01 7.95547
      vertex 67.9095 0.61 7.95547
    endloop
  endfacet
  facet normal 0.791089 0 -0.611701
    outer loop
      vertex 67.9644 0.61 8.02647
      vertex 67.9644 -0.01 8.02647
      vertex 67.9095 -0.01 7.95547
    endloop
  endfacet
  facet normal 0.823249 0 -0.567681
    outer loop
      vertex 68.0156 0.61 8.10072
      vertex 67.9644 -0.01 8.02647
      vertex 67.9644 0.61 8.02647
    endloop
  endfacet
  facet normal 0.823249 0 -0.567681
    outer loop
      vertex 68.0156 0.61 8.10072
      vertex 68.0156 -0.01 8.10072
      vertex 67.9644 -0.01 8.02647
    endloop
  endfacet
  facet normal 0.851681 0 -0.524061
    outer loop
      vertex 68.0633 0.61 8.17824
      vertex 68.0156 -0.01 8.10072
      vertex 68.0156 0.61 8.10072
    endloop
  endfacet
  facet normal 0.851681 0 -0.524061
    outer loop
      vertex 68.0633 0.61 8.17824
      vertex 68.0633 -0.01 8.17824
      vertex 68.0156 -0.01 8.10072
    endloop
  endfacet
  facet normal 0.877468 0 -0.479635
    outer loop
      vertex 68.1071 0.61 8.25837
      vertex 68.0633 -0.01 8.17824
      vertex 68.0633 0.61 8.17824
    endloop
  endfacet
  facet normal 0.877468 0 -0.479635
    outer loop
      vertex 68.1071 0.61 8.25837
      vertex 68.1071 -0.01 8.25837
      vertex 68.0633 -0.01 8.17824
    endloop
  endfacet
  facet normal 0.900658 0 -0.434528
    outer loop
      vertex 68.1467 0.61 8.34045
      vertex 68.1071 -0.01 8.25837
      vertex 68.1071 0.61 8.25837
    endloop
  endfacet
  facet normal 0.900658 0 -0.434528
    outer loop
      vertex 68.1467 0.61 8.34045
      vertex 68.1467 -0.01 8.34045
      vertex 68.1071 -0.01 8.25837
    endloop
  endfacet
  facet normal 0.921168 0 -0.389164
    outer loop
      vertex 68.1822 0.61 8.42448
      vertex 68.1467 -0.01 8.34045
      vertex 68.1467 0.61 8.34045
    endloop
  endfacet
  facet normal 0.921168 0 -0.389164
    outer loop
      vertex 68.1822 0.61 8.42448
      vertex 68.1822 -0.01 8.42448
      vertex 68.1467 -0.01 8.34045
    endloop
  endfacet
  facet normal 0.940023 0 -0.341111
    outer loop
      vertex 68.2134 0.61 8.51046
      vertex 68.1822 -0.01 8.42448
      vertex 68.1822 0.61 8.42448
    endloop
  endfacet
  facet normal 0.940023 0 -0.341111
    outer loop
      vertex 68.2134 0.61 8.51046
      vertex 68.2134 -0.01 8.51046
      vertex 68.1822 -0.01 8.42448
    endloop
  endfacet
  facet normal 0.955652 0 -0.294498
    outer loop
      vertex 68.2405 0.61 8.5984
      vertex 68.2134 -0.01 8.51046
      vertex 68.2134 0.61 8.51046
    endloop
  endfacet
  facet normal 0.955652 0 -0.294498
    outer loop
      vertex 68.2405 0.61 8.5984
      vertex 68.2405 -0.01 8.5984
      vertex 68.2134 -0.01 8.51046
    endloop
  endfacet
  facet normal 0.968783 0 -0.247909
    outer loop
      vertex 68.2635 0.61 8.68828
      vertex 68.2405 -0.01 8.5984
      vertex 68.2405 0.61 8.5984
    endloop
  endfacet
  facet normal 0.968783 0 -0.247909
    outer loop
      vertex 68.2635 0.61 8.68828
      vertex 68.2635 -0.01 8.68828
      vertex 68.2405 -0.01 8.5984
    endloop
  endfacet
  facet normal 0.979885 0 -0.199563
    outer loop
      vertex 68.2822 0.61 8.7801
      vertex 68.2635 -0.01 8.68828
      vertex 68.2635 0.61 8.68828
    endloop
  endfacet
  facet normal 0.979885 0 -0.199563
    outer loop
      vertex 68.2822 0.61 8.7801
      vertex 68.2822 -0.01 8.7801
      vertex 68.2635 -0.01 8.68828
    endloop
  endfacet
  facet normal 0.988097 0 -0.15383
    outer loop
      vertex 68.2968 0.61 8.87388
      vertex 68.2822 -0.01 8.7801
      vertex 68.2822 0.61 8.7801
    endloop
  endfacet
  facet normal 0.988097 0 -0.15383
    outer loop
      vertex 68.2968 0.61 8.87388
      vertex 68.2968 -0.01 8.87388
      vertex 68.2822 -0.01 8.7801
    endloop
  endfacet
  facet normal 0.99404 0 -0.109018
    outer loop
      vertex 68.3073 0.61 8.96962
      vertex 68.2968 -0.01 8.87388
      vertex 68.2968 0.61 8.87388
    endloop
  endfacet
  facet normal 0.99404 0 -0.109018
    outer loop
      vertex 68.3073 0.61 8.96962
      vertex 68.3073 -0.01 8.96962
      vertex 68.2968 -0.01 8.87388
    endloop
  endfacet
  facet normal 0.997991 0 -0.0633516
    outer loop
      vertex 68.3135 0.61 9.06729
      vertex 68.3073 -0.01 8.96962
      vertex 68.3073 0.61 8.96962
    endloop
  endfacet
  facet normal 0.997991 0 -0.0633516
    outer loop
      vertex 68.3135 0.61 9.06729
      vertex 68.3135 -0.01 9.06729
      vertex 68.3073 -0.01 8.96962
    endloop
  endfacet
  facet normal 0.999778 0 -0.0210712
    outer loop
      vertex 68.3156 0.61 9.16693
      vertex 68.3135 -0.01 9.06729
      vertex 68.3135 0.61 9.06729
    endloop
  endfacet
  facet normal 0.999778 0 -0.0210712
    outer loop
      vertex 68.3156 0.61 9.16693
      vertex 68.3156 -0.01 9.16693
      vertex 68.3135 -0.01 9.06729
    endloop
  endfacet
  facet normal 0.999556 0 0.029793
    outer loop
      vertex 68.311 0.61 9.32126
      vertex 68.3156 -0.01 9.16693
      vertex 68.3156 0.61 9.16693
    endloop
  endfacet
  facet normal 0.999556 0 0.029793
    outer loop
      vertex 68.311 0.61 9.32126
      vertex 68.311 -0.01 9.32126
      vertex 68.3156 -0.01 9.16693
    endloop
  endfacet
  facet normal 0.995672 0 0.0929401
    outer loop
      vertex 68.2972 0.61 9.4691
      vertex 68.311 -0.01 9.32126
      vertex 68.311 0.61 9.32126
    endloop
  endfacet
  facet normal 0.995672 0 0.0929401
    outer loop
      vertex 68.2972 0.61 9.4691
      vertex 68.2972 -0.01 9.4691
      vertex 68.311 -0.01 9.32126
    endloop
  endfacet
  facet normal 0.987131 0 0.159913
    outer loop
      vertex 68.2743 0.61 9.61046
      vertex 68.2972 -0.01 9.4691
      vertex 68.2972 0.61 9.4691
    endloop
  endfacet
  facet normal 0.987131 0 0.159913
    outer loop
      vertex 68.2743 0.61 9.61046
      vertex 68.2743 -0.01 9.61046
      vertex 68.2972 -0.01 9.4691
    endloop
  endfacet
  facet normal 0.972826 0 0.231539
    outer loop
      vertex 68.2422 0.61 9.74533
      vertex 68.2743 -0.01 9.61046
      vertex 68.2743 0.61 9.61046
    endloop
  endfacet
  facet normal 0.972826 0 0.231539
    outer loop
      vertex 68.2422 0.61 9.74533
      vertex 68.2422 -0.01 9.74533
      vertex 68.2743 -0.01 9.61046
    endloop
  endfacet
  facet normal 0.951946 0 0.306266
    outer loop
      vertex 68.2009 0.61 9.8737
      vertex 68.2422 -0.01 9.74533
      vertex 68.2422 0.61 9.74533
    endloop
  endfacet
  facet normal 0.951946 0 0.306266
    outer loop
      vertex 68.2009 0.61 9.8737
      vertex 68.2009 -0.01 9.8737
      vertex 68.2422 -0.01 9.74533
    endloop
  endfacet
  facet normal 0.923826 0 0.382811
    outer loop
      vertex 68.1504 0.61 9.99557
      vertex 68.2009 -0.01 9.8737
      vertex 68.2009 0.61 9.8737
    endloop
  endfacet
  facet normal 0.923826 0 0.382811
    outer loop
      vertex 68.1504 0.61 9.99557
      vertex 68.1504 -0.01 9.99557
      vertex 68.2009 -0.01 9.8737
    endloop
  endfacet
  facet normal 0.888234 0 0.459392
    outer loop
      vertex 68.0907 0.61 10.111
      vertex 68.1504 -0.01 9.99557
      vertex 68.1504 0.61 9.99557
    endloop
  endfacet
  facet normal 0.888234 0 0.459392
    outer loop
      vertex 68.0907 0.61 10.111
      vertex 68.0907 -0.01 10.111
      vertex 68.1504 -0.01 9.99557
    endloop
  endfacet
  facet normal 0.845065 0 0.534664
    outer loop
      vertex 68.0218 0.61 10.2199
      vertex 68.0907 -0.01 10.111
      vertex 68.0907 0.61 10.111
    endloop
  endfacet
  facet normal 0.845065 0 0.534664
    outer loop
      vertex 68.0218 0.61 10.2199
      vertex 68.0218 -0.01 10.2199
      vertex 68.0907 -0.01 10.111
    endloop
  endfacet
  facet normal 0.795503 0 0.60595
    outer loop
      vertex 67.9438 0.61 10.3223
      vertex 68.0218 -0.01 10.2199
      vertex 68.0218 0.61 10.2199
    endloop
  endfacet
  facet normal 0.795503 0 0.60595
    outer loop
      vertex 67.9438 0.61 10.3223
      vertex 67.9438 -0.01 10.3223
      vertex 68.0218 -0.01 10.2199
    endloop
  endfacet
  facet normal 0.73987 0 0.67275
    outer loop
      vertex 67.8566 0.61 10.4182
      vertex 67.9438 -0.01 10.3223
      vertex 67.9438 0.61 10.3223
    endloop
  endfacet
  facet normal 0.73987 0 0.67275
    outer loop
      vertex 67.8566 0.61 10.4182
      vertex 67.8566 -0.01 10.4182
      vertex 67.9438 -0.01 10.3223
    endloop
  endfacet
  facet normal 0.679984 0 0.733227
    outer loop
      vertex 67.7602 0.61 10.5076
      vertex 67.8566 -0.01 10.4182
      vertex 67.8566 0.61 10.4182
    endloop
  endfacet
  facet normal 0.679984 0 0.733227
    outer loop
      vertex 67.7602 0.61 10.5076
      vertex 67.7602 -0.01 10.5076
      vertex 67.8566 -0.01 10.4182
    endloop
  endfacet
  facet normal 0.617258 0 0.786761
    outer loop
      vertex 67.6553 0.61 10.5899
      vertex 67.7602 -0.01 10.5076
      vertex 67.7602 0.61 10.5076
    endloop
  endfacet
  facet normal 0.617258 0 0.786761
    outer loop
      vertex 67.6553 0.61 10.5899
      vertex 67.6553 -0.01 10.5899
      vertex 67.7602 -0.01 10.5076
    endloop
  endfacet
  facet normal 0.550935 0 0.834548
    outer loop
      vertex 67.5426 0.61 10.6643
      vertex 67.6553 -0.01 10.5899
      vertex 67.6553 0.61 10.5899
    endloop
  endfacet
  facet normal 0.550935 0 0.834548
    outer loop
      vertex 67.5426 0.61 10.6643
      vertex 67.5426 -0.01 10.6643
      vertex 67.6553 -0.01 10.5899
    endloop
  endfacet
  facet normal 0.483423 0 0.875387
    outer loop
      vertex 67.422 0.61 10.7309
      vertex 67.5426 -0.01 10.6643
      vertex 67.5426 0.61 10.6643
    endloop
  endfacet
  facet normal 0.483423 0 0.875387
    outer loop
      vertex 67.422 0.61 10.7309
      vertex 67.422 -0.01 10.7309
      vertex 67.5426 -0.01 10.6643
    endloop
  endfacet
  facet normal 0.416362 0 0.909199
    outer loop
      vertex 67.2936 0.61 10.7897
      vertex 67.422 -0.01 10.7309
      vertex 67.422 0.61 10.7309
    endloop
  endfacet
  facet normal 0.416362 0 0.909199
    outer loop
      vertex 67.2936 0.61 10.7897
      vertex 67.2936 -0.01 10.7897
      vertex 67.422 -0.01 10.7309
    endloop
  endfacet
  facet normal 0.350068 0 0.936724
    outer loop
      vertex 67.1574 0.61 10.8406
      vertex 67.2936 -0.01 10.7897
      vertex 67.2936 0.61 10.7897
    endloop
  endfacet
  facet normal 0.350068 0 0.936724
    outer loop
      vertex 67.1574 0.61 10.8406
      vertex 67.1574 -0.01 10.8406
      vertex 67.2936 -0.01 10.7897
    endloop
  endfacet
  facet normal 0.286555 0 0.958064
    outer loop
      vertex 67.0133 0.61 10.8837
      vertex 67.1574 -0.01 10.8406
      vertex 67.1574 0.61 10.8406
    endloop
  endfacet
  facet normal 0.286555 0 0.958064
    outer loop
      vertex 67.0133 0.61 10.8837
      vertex 67.0133 -0.01 10.8837
      vertex 67.1574 -0.01 10.8406
    endloop
  endfacet
  facet normal 0.225749 0 0.974185
    outer loop
      vertex 66.8614 0.61 10.9189
      vertex 67.0133 -0.01 10.8837
      vertex 67.0133 0.61 10.8837
    endloop
  endfacet
  facet normal 0.225749 0 0.974185
    outer loop
      vertex 66.8614 0.61 10.9189
      vertex 66.8614 -0.01 10.9189
      vertex 67.0133 -0.01 10.8837
    endloop
  endfacet
  facet normal 0.1697 0 0.985496
    outer loop
      vertex 66.7017 0.61 10.9464
      vertex 66.8614 -0.01 10.9189
      vertex 66.8614 0.61 10.9189
    endloop
  endfacet
  facet normal 0.1697 0 0.985496
    outer loop
      vertex 66.7017 0.61 10.9464
      vertex 66.7017 -0.01 10.9464
      vertex 66.8614 -0.01 10.9189
    endloop
  endfacet
  facet normal 0.116154 0 0.993231
    outer loop
      vertex 66.5341 0.61 10.966
      vertex 66.7017 -0.01 10.9464
      vertex 66.7017 0.61 10.9464
    endloop
  endfacet
  facet normal 0.116154 0 0.993231
    outer loop
      vertex 66.5341 0.61 10.966
      vertex 66.5341 -0.01 10.966
      vertex 66.7017 -0.01 10.9464
    endloop
  endfacet
  facet normal 0.0665568 0 0.997783
    outer loop
      vertex 66.3587 0.61 10.9777
      vertex 66.5341 -0.01 10.966
      vertex 66.5341 0.61 10.966
    endloop
  endfacet
  facet normal 0.0665568 0 0.997783
    outer loop
      vertex 66.3587 0.61 10.9777
      vertex 66.3587 -0.01 10.9777
      vertex 66.5341 -0.01 10.966
    endloop
  endfacet
  facet normal 0.0212834 0 0.999773
    outer loop
      vertex 66.1755 0.61 10.9816
      vertex 66.3587 -0.01 10.9777
      vertex 66.3587 0.61 10.9777
    endloop
  endfacet
  facet normal 0.0212834 0 0.999773
    outer loop
      vertex 66.1755 0.61 10.9816
      vertex 66.1755 -0.01 10.9816
      vertex 66.3587 -0.01 10.9777
    endloop
  endfacet
  facet normal -0 0 1
    outer loop
      vertex 63.5999 0.61 10.9816
      vertex 66.1755 -0.01 10.9816
      vertex 66.1755 0.61 10.9816
    endloop
  endfacet
  facet normal 0 0 1
    outer loop
      vertex 63.5999 0.61 10.9816
      vertex 63.5999 -0.01 10.9816
      vertex 66.1755 -0.01 10.9816
    endloop
  endfacet
  facet normal -1 0 0
    outer loop
      vertex 63.5999 0.61 5.24876
      vertex 63.5999 -0.01 10.9816
      vertex 63.5999 0.61 10.9816
    endloop
  endfacet
  facet normal -1 0 0
    outer loop
      vertex 63.5999 0.61 5.24876
      vertex 63.5999 -0.01 5.24876
      vertex 63.5999 -0.01 10.9816
    endloop
  endfacet
  facet normal -0 0 -1
    outer loop
      vertex 64.8002 0.61 5.24876
      vertex 63.5999 -0.01 5.24876
      vertex 63.5999 0.61 5.24876
    endloop
  endfacet
  facet normal 0 -0 -1
    outer loop
      vertex 64.8002 0.61 5.24876
      vertex 64.8002 -0.01 5.24876
      vertex 63.5999 -0.01 5.24876
    endloop
  endfacet
  facet normal 1 0 0
    outer loop
      vertex 64.8002 0.61 7.26686
      vertex 64.8002 -0.01 5.24876
      vertex 64.8002 0.61 5.24876
    endloop
  endfacet
  facet normal 1 0 0
    outer loop
      vertex 64.8002 0.61 7.26686
      vertex 64.8002 -0.01 7.26686
      vertex 64.8002 -0.01 5.24876
    endloop
  endfacet
  facet normal 1 0 0
    outer loop
      vertex 64.8002 0.61 10.0499
      vertex 64.8002 -0.01 10.0499
      vertex 64.8002 0.61 8.19043
    endloop
  endfacet
  facet normal 1 0 0
    outer loop
      vertex 64.8002 -0.01 8.19043
      vertex 64.8002 0.61 8.19043
      vertex 64.8002 -0.01 10.0499
    endloop
  endfacet
  facet normal -0 -0 -1
    outer loop
      vertex 66.0412 0.61 10.0499
      vertex 66.0412 -0.01 10.0499
      vertex 64.8002 0.61 10.0499
    endloop
  endfacet
  facet normal 0 0 -1
    outer loop
      vertex 64.8002 -0.01 10.0499
      vertex 64.8002 0.61 10.0499
      vertex 66.0412 -0.01 10.0499
    endloop
  endfacet
  facet normal -0.0405073 -0 -0.999179
    outer loop
      vertex 66.2262 0.61 10.0424
      vertex 66.2262 -0.01 10.0424
      vertex 66.0412 0.61 10.0499
    endloop
  endfacet
  facet normal -0.0405073 0 -0.999179
    outer loop
      vertex 66.0412 -0.01 10.0499
      vertex 66.0412 0.61 10.0499
      vertex 66.2262 -0.01 10.0424
    endloop
  endfacet
  facet normal -0.132629 -0 -0.991166
    outer loop
      vertex 66.3936 0.61 10.02
      vertex 66.3936 -0.01 10.02
      vertex 66.2262 0.61 10.0424
    endloop
  endfacet
  facet normal -0.132629 0 -0.991166
    outer loop
      vertex 66.2262 -0.01 10.0424
      vertex 66.2262 0.61 10.0424
      vertex 66.3936 -0.01 10.02
    endloop
  endfacet
  facet normal -0.241682 -0 -0.970356
    outer loop
      vertex 66.5434 0.61 9.98269
      vertex 66.5434 -0.01 9.98269
      vertex 66.3936 0.61 10.02
    endloop
  endfacet
  facet normal -0.241682 0 -0.970356
    outer loop
      vertex 66.3936 -0.01 10.02
      vertex 66.3936 0.61 10.02
      vertex 66.5434 -0.01 9.98269
    endloop
  endfacet
  facet normal -0.367868 -0 -0.929878
    outer loop
      vertex 66.6755 0.61 9.93043
      vertex 66.6755 -0.01 9.93043
      vertex 66.5434 0.61 9.98269
    endloop
  endfacet
  facet normal -0.367868 0 -0.929878
    outer loop
      vertex 66.5434 -0.01 9.98269
      vertex 66.5434 0.61 9.98269
      vertex 66.6755 -0.01 9.93043
    endloop
  endfacet
  facet normal -0.506052 -0 -0.862503
    outer loop
      vertex 66.79 0.61 9.86325
      vertex 66.79 -0.01 9.86325
      vertex 66.6755 0.61 9.93043
    endloop
  endfacet
  facet normal -0.506052 0 -0.862503
    outer loop
      vertex 66.6755 -0.01 9.93043
      vertex 66.6755 0.61 9.93043
      vertex 66.79 -0.01 9.86325
    endloop
  endfacet
  facet normal -0.64614 -0 -0.763219
    outer loop
      vertex 66.887 0.61 9.78113
      vertex 66.887 -0.01 9.78113
      vertex 66.79 0.61 9.86325
    endloop
  endfacet
  facet normal -0.64614 0 -0.763219
    outer loop
      vertex 66.79 -0.01 9.86325
      vertex 66.79 0.61 9.86325
      vertex 66.887 -0.01 9.78113
    endloop
  endfacet
  facet normal -0.774757 -0 -0.632259
    outer loop
      vertex 66.9662 0.61 9.68408
      vertex 66.9662 -0.01 9.68408
      vertex 66.887 0.61 9.78113
    endloop
  endfacet
  facet normal -0.774757 0 -0.632259
    outer loop
      vertex 66.887 -0.01 9.78113
      vertex 66.887 0.61 9.78113
      vertex 66.9662 -0.01 9.68408
    endloop
  endfacet
  facet normal -0.875831 -0 -0.482618
    outer loop
      vertex 67.0279 0.61 9.57211
      vertex 67.0279 -0.01 9.57211
      vertex 66.9662 0.61 9.68408
    endloop
  endfacet
  facet normal -0.875831 0 -0.482618
    outer loop
      vertex 66.9662 -0.01 9.68408
      vertex 66.9662 0.61 9.68408
      vertex 67.0279 -0.01 9.57211
    endloop
  endfacet
  facet normal -0.944603 -0 -0.328215
    outer loop
      vertex 67.072 0.61 9.44519
      vertex 67.072 -0.01 9.44519
      vertex 67.0279 0.61 9.57211
    endloop
  endfacet
  facet normal -0.944603 0 -0.328215
    outer loop
      vertex 67.0279 -0.01 9.57211
      vertex 67.0279 0.61 9.57211
      vertex 67.072 -0.01 9.44519
    endloop
  endfacet
  facet normal -0.983114 -0 -0.182995
    outer loop
      vertex 67.0984 0.61 9.30336
      vertex 67.0984 -0.01 9.30336
      vertex 67.072 0.61 9.44519
    endloop
  endfacet
  facet normal -0.983114 0 -0.182995
    outer loop
      vertex 67.072 -0.01 9.44519
      vertex 67.072 0.61 9.44519
      vertex 67.0984 -0.01 9.30336
    endloop
  endfacet
  facet normal -0.998428 -0 -0.056045
    outer loop
      vertex 67.1072 0.61 9.14659
      vertex 67.1072 -0.01 9.14659
      vertex 67.0984 0.61 9.30336
    endloop
  endfacet
  facet normal -0.998428 0 -0.056045
    outer loop
      vertex 67.0984 -0.01 9.30336
      vertex 67.0984 0.61 9.30336
      vertex 67.1072 -0.01 9.14659
    endloop
  endfacet
  facet normal -0.999645 0 0.0266443
    outer loop
      vertex 67.105 0.61 9.06405
      vertex 67.105 -0.01 9.06405
      vertex 67.1072 0.61 9.14659
    endloop
  endfacet
  facet normal -0.999645 0 0.0266443
    outer loop
      vertex 67.1072 -0.01 9.14659
      vertex 67.1072 0.61 9.14659
      vertex 67.105 -0.01 9.06405
    endloop
  endfacet
  facet normal -0.996417 0 0.0845812
    outer loop
      vertex 67.0983 0.61 8.98512
      vertex 67.0983 -0.01 8.98512
      vertex 67.105 0.61 9.06405
    endloop
  endfacet
  facet normal -0.996417 0 0.0845812
    outer loop
      vertex 67.105 -0.01 9.06405
      vertex 67.105 0.61 9.06405
      vertex 67.0983 -0.01 8.98512
    endloop
  endfacet
  facet normal -0.989317 0 0.145778
    outer loop
      vertex 67.0872 0.61 8.90979
      vertex 67.0872 -0.01 8.90979
      vertex 67.0983 0.61 8.98512
    endloop
  endfacet
  facet normal -0.989317 0 0.145778
    outer loop
      vertex 67.0983 -0.01 8.98512
      vertex 67.0983 0.61 8.98512
      vertex 67.0872 -0.01 8.90979
    endloop
  endfacet
  facet normal -0.97744 0 0.211213
    outer loop
      vertex 67.0717 0.61 8.83806
      vertex 67.0717 -0.01 8.83806
      vertex 67.0872 0.61 8.90979
    endloop
  endfacet
  facet normal -0.97744 0 0.211213
    outer loop
      vertex 67.0872 -0.01 8.90979
      vertex 67.0872 0.61 8.90979
      vertex 67.0717 -0.01 8.83806
    endloop
  endfacet
  facet normal -0.959533 0 0.281595
    outer loop
      vertex 67.0517 0.61 8.76991
      vertex 67.0517 -0.01 8.76991
      vertex 67.0717 0.61 8.83806
    endloop
  endfacet
  facet normal -0.959533 0 0.281595
    outer loop
      vertex 67.0717 -0.01 8.83806
      vertex 67.0717 0.61 8.83806
      vertex 67.0517 -0.01 8.76991
    endloop
  endfacet
  facet normal -0.935385 0 0.353632
    outer loop
      vertex 67.0273 0.61 8.70537
      vertex 67.0273 -0.01 8.70537
      vertex 67.0517 0.61 8.76991
    endloop
  endfacet
  facet normal -0.935385 0 0.353632
    outer loop
      vertex 67.0517 -0.01 8.76991
      vertex 67.0517 0.61 8.76991
      vertex 67.0273 -0.01 8.70537
    endloop
  endfacet
  facet normal -0.904145 0 0.427225
    outer loop
      vertex 66.9985 0.61 8.64442
      vertex 66.9985 -0.01 8.64442
      vertex 67.0273 0.61 8.70537
    endloop
  endfacet
  facet normal -0.904145 0 0.427225
    outer loop
      vertex 67.0273 -0.01 8.70537
      vertex 67.0273 0.61 8.70537
      vertex 66.9985 -0.01 8.64442
    endloop
  endfacet
  facet normal -0.864827 0 0.50207
    outer loop
      vertex 66.9652 0.61 8.58706
      vertex 66.9652 -0.01 8.58706
      vertex 66.9985 0.61 8.64442
    endloop
  endfacet
  facet normal -0.864827 0 0.50207
    outer loop
      vertex 66.9985 -0.01 8.64442
      vertex 66.9985 0.61 8.64442
      vertex 66.9652 -0.01 8.58706
    endloop
  endfacet
  facet normal -0.817928 0 0.57532
    outer loop
      vertex 66.9274 0.61 8.53332
      vertex 66.9274 -0.01 8.53332
      vertex 66.9652 0.61 8.58706
    endloop
  endfacet
  facet normal -0.817928 0 0.57532
    outer loop
      vertex 66.9652 -0.01 8.58706
      vertex 66.9652 0.61 8.58706
      vertex 66.9274 -0.01 8.53332
    endloop
  endfacet
  facet normal -0.7659 0 0.642959
    outer loop
      vertex 66.8853 0.61 8.48317
      vertex 66.8853 -0.01 8.48317
      vertex 66.9274 0.61 8.53332
    endloop
  endfacet
  facet normal -0.7659 0 0.642959
    outer loop
      vertex 66.9274 -0.01 8.53332
      vertex 66.9274 0.61 8.53332
      vertex 66.8853 -0.01 8.48317
    endloop
  endfacet
  facet normal -0.706879 0 0.707334
    outer loop
      vertex 66.8387 0.61 8.4366
      vertex 66.8387 -0.01 8.4366
      vertex 66.8853 0.61 8.48317
    endloop
  endfacet
  facet normal -0.706879 0 0.707334
    outer loop
      vertex 66.8853 -0.01 8.48317
      vertex 66.8853 0.61 8.48317
      vertex 66.8387 -0.01 8.4366
    endloop
  endfacet
  facet normal -0.643704 0 0.765274
    outer loop
      vertex 66.7879 0.61 8.39387
      vertex 66.7879 -0.01 8.39387
      vertex 66.8387 0.61 8.4366
    endloop
  endfacet
  facet normal -0.643704 0 0.765274
    outer loop
      vertex 66.8387 -0.01 8.4366
      vertex 66.8387 0.61 8.4366
      vertex 66.7879 -0.01 8.39387
    endloop
  endfacet
  facet normal -0.579181 0 0.815199
    outer loop
      vertex 66.7335 0.61 8.35522
      vertex 66.7335 -0.01 8.35522
      vertex 66.7879 0.61 8.39387
    endloop
  endfacet
  facet normal -0.579181 0 0.815199
    outer loop
      vertex 66.7879 -0.01 8.39387
      vertex 66.7879 0.61 8.39387
      vertex 66.7335 -0.01 8.35522
    endloop
  endfacet
  facet normal -0.510259 0 0.860021
    outer loop
      vertex 66.6752 0.61 8.32063
      vertex 66.6752 -0.01 8.32063
      vertex 66.7335 0.61 8.35522
    endloop
  endfacet
  facet normal -0.510259 0 0.860021
    outer loop
      vertex 66.7335 -0.01 8.35522
      vertex 66.7335 0.61 8.35522
      vertex 66.6752 -0.01 8.32063
    endloop
  endfacet
  facet normal -0.441648 0 0.897188
    outer loop
      vertex 66.6132 0.61 8.29011
      vertex 66.6132 -0.01 8.29011
      vertex 66.6752 0.61 8.32063
    endloop
  endfacet
  facet normal -0.441648 0 0.897188
    outer loop
      vertex 66.6752 -0.01 8.32063
      vertex 66.6752 0.61 8.32063
      vertex 66.6132 -0.01 8.29011
    endloop
  endfacet
  facet normal -0.372849 0 0.927892
    outer loop
      vertex 66.5474 0.61 8.26367
      vertex 66.5474 -0.01 8.26367
      vertex 66.6132 0.61 8.29011
    endloop
  endfacet
  facet normal -0.372849 0 0.927892
    outer loop
      vertex 66.6132 -0.01 8.29011
      vertex 66.6132 0.61 8.29011
      vertex 66.5474 -0.01 8.26367
    endloop
  endfacet
  facet normal -0.306639 0 0.951826
    outer loop
      vertex 66.4779 0.61 8.24128
      vertex 66.4779 -0.01 8.24128
      vertex 66.5474 0.61 8.26367
    endloop
  endfacet
  facet normal -0.306639 0 0.951826
    outer loop
      vertex 66.5474 -0.01 8.26367
      vertex 66.5474 0.61 8.26367
      vertex 66.4779 -0.01 8.24128
    endloop
  endfacet
  facet normal -0.242349 0 0.970189
    outer loop
      vertex 66.4046 0.61 8.22297
      vertex 66.4046 -0.01 8.22297
      vertex 66.4779 0.61 8.24128
    endloop
  endfacet
  facet normal -0.242349 0 0.970189
    outer loop
      vertex 66.4779 -0.01 8.24128
      vertex 66.4779 0.61 8.24128
      vertex 66.4046 -0.01 8.22297
    endloop
  endfacet
  facet normal -0.1815 0 0.983391
    outer loop
      vertex 66.3275 0.61 8.20874
      vertex 66.3275 -0.01 8.20874
      vertex 66.4046 0.61 8.22297
    endloop
  endfacet
  facet normal -0.1815 0 0.983391
    outer loop
      vertex 66.4046 -0.01 8.22297
      vertex 66.4046 0.61 8.22297
      vertex 66.3275 -0.01 8.20874
    endloop
  endfacet
  facet normal -0.125002 0 0.992157
    outer loop
      vertex 66.2467 0.61 8.19856
      vertex 66.2467 -0.01 8.19856
      vertex 66.3275 0.61 8.20874
    endloop
  endfacet
  facet normal -0.125002 0 0.992157
    outer loop
      vertex 66.3275 -0.01 8.20874
      vertex 66.3275 0.61 8.20874
      vertex 66.2467 -0.01 8.19856
    endloop
  endfacet
  facet normal -0.0719173 0 0.997411
    outer loop
      vertex 66.1621 0.61 8.19246
      vertex 66.1621 -0.01 8.19246
      vertex 66.2467 0.61 8.19856
    endloop
  endfacet
  facet normal -0.0719173 0 0.997411
    outer loop
      vertex 66.2467 -0.01 8.19856
      vertex 66.2467 0.61 8.19856
      vertex 66.1621 -0.01 8.19246
    endloop
  endfacet
  facet normal -0.0229577 0 0.999736
    outer loop
      vertex 66.0737 0.61 8.19043
      vertex 66.0737 -0.01 8.19043
      vertex 66.1621 0.61 8.19246
    endloop
  endfacet
  facet normal -0.0229577 0 0.999736
    outer loop
      vertex 66.1621 -0.01 8.19246
      vertex 66.1621 0.61 8.19246
      vertex 66.0737 -0.01 8.19043
    endloop
  endfacet
  facet normal -0 0 1
    outer loop
      vertex 64.8002 0.61 8.19043
      vertex 64.8002 -0.01 8.19043
      vertex 66.0737 0.61 8.19043
    endloop
  endfacet
  facet normal 0 -0 1
    outer loop
      vertex 66.0737 -0.01 8.19043
      vertex 66.0737 0.61 8.19043
      vertex 64.8002 -0.01 8.19043
    endloop
  endfacet
  facet normal -0 0 1
    outer loop
      vertex 70.2282 0.61 6.17642
      vertex 73.3042 -0.01 6.17642
      vertex 73.3042 0.61 6.17642
    endloop
  endfacet
  facet normal 0 0 1
    outer loop
      vertex 70.2282 0.61 6.17642
      vertex 70.2282 -0.01 6.17642
      vertex 73.3042 -0.01 6.17642
    endloop
  endfacet
  facet normal 1 0 0
    outer loop
      vertex 70.2282 0.61 10.9816
      vertex 70.2282 -0.01 6.17642
      vertex 70.2282 0.61 6.17642
    endloop
  endfacet
  facet normal 1 0 0
    outer loop
      vertex 70.2282 0.61 10.9816
      vertex 70.2282 -0.01 10.9816
      vertex 70.2282 -0.01 6.17642
    endloop
  endfacet
  facet normal -0 0 1
    outer loop
      vertex 69.0279 0.61 10.9816
      vertex 70.2282 -0.01 10.9816
      vertex 70.2282 0.61 10.9816
    endloop
  endfacet
  facet normal 0 0 1
    outer loop
      vertex 69.0279 0.61 10.9816
      vertex 69.0279 -0.01 10.9816
      vertex 70.2282 -0.01 10.9816
    endloop
  endfacet
  facet normal -1 0 0
    outer loop
      vertex 69.0279 0.61 5.24876
      vertex 69.0279 -0.01 10.9816
      vertex 69.0279 0.61 10.9816
    endloop
  endfacet
  facet normal -1 0 0
    outer loop
      vertex 69.0279 0.61 5.24876
      vertex 69.0279 -0.01 5.24876
      vertex 69.0279 -0.01 10.9816
    endloop
  endfacet
  facet normal -0 0 -1
    outer loop
      vertex 73.3042 0.61 5.24876
      vertex 69.0279 -0.01 5.24876
      vertex 69.0279 0.61 5.24876
    endloop
  endfacet
  facet normal 0 -0 -1
    outer loop
      vertex 73.3042 0.61 5.24876
      vertex 73.3042 -0.01 5.24876
      vertex 69.0279 -0.01 5.24876
    endloop
  endfacet
  facet normal 1 0 0
    outer loop
      vertex 73.3042 0.61 6.17642
      vertex 73.3042 -0.01 5.24876
      vertex 73.3042 0.61 5.24876
    endloop
  endfacet
  facet normal 1 0 0
    outer loop
      vertex 73.3042 0.61 6.17642
      vertex 73.3042 -0.01 6.17642
      vertex 73.3042 -0.01 5.24876
    endloop
  endfacet
  facet normal -0 0 -1
    outer loop
      vertex 92.4952 0.61 6.41647
      vertex 91.7302 -0.01 6.41647
      vertex 91.7302 0.61 6.41647
    endloop
  endfacet
  facet normal 0 -0 -1
    outer loop
      vertex 92.4952 0.61 6.41647
      vertex 92.4952 -0.01 6.41647
      vertex 91.7302 -0.01 6.41647
    endloop
  endfacet
  facet normal 1 0 0
    outer loop
      vertex 92.4952 0.61 7.26686
      vertex 92.4952 -0.01 6.41647
      vertex 92.4952 0.61 6.41647
    endloop
  endfacet
  facet normal 1 0 0
    outer loop
      vertex 92.4952 0.61 7.26686
      vertex 92.4952 -0.01 7.26686
      vertex 92.4952 -0.01 6.41647
    endloop
  endfacet
  facet normal -0 0 1
    outer loop
      vertex 91.7302 0.61 7.26686
      vertex 92.4952 -0.01 7.26686
      vertex 92.4952 0.61 7.26686
    endloop
  endfacet
  facet normal 0 0 1
    outer loop
      vertex 91.7302 0.61 7.26686
      vertex 91.7302 -0.01 7.26686
      vertex 92.4952 -0.01 7.26686
    endloop
  endfacet
  facet normal 1 0 0
    outer loop
      vertex 91.7302 0.61 10.9816
      vertex 91.7302 -0.01 7.26686
      vertex 91.7302 0.61 7.26686
    endloop
  endfacet
  facet normal 1 0 0
    outer loop
      vertex 91.7302 0.61 10.9816
      vertex 91.7302 -0.01 10.9816
      vertex 91.7302 -0.01 7.26686
    endloop
  endfacet
  facet normal -0 0 1
    outer loop
      vertex 90.4526 0.61 10.9816
      vertex 91.7302 -0.01 10.9816
      vertex 91.7302 0.61 10.9816
    endloop
  endfacet
  facet normal 0 0 1
    outer loop
      vertex 90.4526 0.61 10.9816
      vertex 90.4526 -0.01 10.9816
      vertex 91.7302 -0.01 10.9816
    endloop
  endfacet
  facet normal -0.837242 0 0.546833
    outer loop
      vertex 88.0317 0.61 7.27502
      vertex 90.4526 -0.01 10.9816
      vertex 90.4526 0.61 10.9816
    endloop
  endfacet
  facet normal -0.837242 0 0.546833
    outer loop
      vertex 88.0317 0.61 7.27502
      vertex 88.0317 -0.01 7.27502
      vertex 90.4526 -0.01 10.9816
    endloop
  endfacet
  facet normal -1 0 0
    outer loop
      vertex 88.0317 0.61 6.41647
      vertex 88.0317 -0.01 7.27502
      vertex 88.0317 0.61 7.27502
    endloop
  endfacet
  facet normal -1 0 0
    outer loop
      vertex 88.0317 0.61 6.41647
      vertex 88.0317 -0.01 6.41647
      vertex 88.0317 -0.01 7.27502
    endloop
  endfacet
  facet normal -0 0 -1
    outer loop
      vertex 90.6398 0.61 6.41647
      vertex 88.0317 -0.01 6.41647
      vertex 88.0317 0.61 6.41647
    endloop
  endfacet
  facet normal 0 -0 -1
    outer loop
      vertex 90.6398 0.61 6.41647
      vertex 90.6398 -0.01 6.41647
      vertex 88.0317 -0.01 6.41647
    endloop
  endfacet
  facet normal -1 0 0
    outer loop
      vertex 90.6398 0.61 5.24876
      vertex 90.6398 -0.01 6.41647
      vertex 90.6398 0.61 6.41647
    endloop
  endfacet
  facet normal -1 0 0
    outer loop
      vertex 90.6398 0.61 5.24876
      vertex 90.6398 -0.01 5.24876
      vertex 90.6398 -0.01 6.41647
    endloop
  endfacet
  facet normal -0 0 -1
    outer loop
      vertex 91.7302 0.61 5.24876
      vertex 90.6398 -0.01 5.24876
      vertex 90.6398 0.61 5.24876
    endloop
  endfacet
  facet normal 0 -0 -1
    outer loop
      vertex 91.7302 0.61 5.24876
      vertex 91.7302 -0.01 5.24876
      vertex 90.6398 -0.01 5.24876
    endloop
  endfacet
  facet normal 1 0 0
    outer loop
      vertex 91.7302 0.61 6.41647
      vertex 91.7302 -0.01 5.24876
      vertex 91.7302 0.61 5.24876
    endloop
  endfacet
  facet normal 1 0 0
    outer loop
      vertex 91.7302 0.61 6.41647
      vertex 91.7302 -0.01 6.41647
      vertex 91.7302 -0.01 5.24876
    endloop
  endfacet
  facet normal 0.835393 0 -0.549653
    outer loop
      vertex 90.2939 0.61 9.28903
      vertex 90.2939 -0.01 9.28903
      vertex 88.9634 0.61 7.26686
    endloop
  endfacet
  facet normal 0.835393 0 -0.549653
    outer loop
      vertex 88.9634 -0.01 7.26686
      vertex 88.9634 0.61 7.26686
      vertex 90.2939 -0.01 9.28903
    endloop
  endfacet
  facet normal 0.843272 0 -0.537487
    outer loop
      vertex 90.3428 0.61 9.36575
      vertex 90.3428 -0.01 9.36575
      vertex 90.2939 0.61 9.28903
    endloop
  endfacet
  facet normal 0.843272 0 -0.537487
    outer loop
      vertex 90.2939 -0.01 9.28903
      vertex 90.2939 0.61 9.28903
      vertex 90.3428 -0.01 9.36575
    endloop
  endfacet
  facet normal 0.846764 0 -0.531968
    outer loop
      vertex 90.3889 0.61 9.43913
      vertex 90.3889 -0.01 9.43913
      vertex 90.3428 0.61 9.36575
    endloop
  endfacet
  facet normal 0.846764 0 -0.531968
    outer loop
      vertex 90.3428 -0.01 9.36575
      vertex 90.3428 0.61 9.36575
      vertex 90.3889 -0.01 9.43913
    endloop
  endfacet
  facet normal 0.851023 0 -0.525128
    outer loop
      vertex 90.4321 0.61 9.50914
      vertex 90.4321 -0.01 9.50914
      vertex 90.3889 0.61 9.43913
    endloop
  endfacet
  facet normal 0.851023 0 -0.525128
    outer loop
      vertex 90.3889 -0.01 9.43913
      vertex 90.3889 0.61 9.43913
      vertex 90.4321 -0.01 9.50914
    endloop
  endfacet
  facet normal 0.855094 0 -0.518472
    outer loop
      vertex 90.4725 0.61 9.57577
      vertex 90.4725 -0.01 9.57577
      vertex 90.4321 0.61 9.50914
    endloop
  endfacet
  facet normal 0.855094 0 -0.518472
    outer loop
      vertex 90.4321 -0.01 9.50914
      vertex 90.4321 0.61 9.50914
      vertex 90.4725 -0.01 9.57577
    endloop
  endfacet
  facet normal 0.859691 0 -0.510815
    outer loop
      vertex 90.5101 0.61 9.63905
      vertex 90.5101 -0.01 9.63905
      vertex 90.4725 0.61 9.57577
    endloop
  endfacet
  facet normal 0.859691 0 -0.510815
    outer loop
      vertex 90.4725 -0.01 9.57577
      vertex 90.4725 0.61 9.57577
      vertex 90.5101 -0.01 9.63905
    endloop
  endfacet
  facet normal 0.86474 0 -0.502219
    outer loop
      vertex 90.5449 0.61 9.69897
      vertex 90.5449 -0.01 9.69897
      vertex 90.5101 0.61 9.63905
    endloop
  endfacet
  facet normal 0.86474 0 -0.502219
    outer loop
      vertex 90.5101 -0.01 9.63905
      vertex 90.5101 0.61 9.63905
      vertex 90.5449 -0.01 9.69897
    endloop
  endfacet
  facet normal 0.870394 0 -0.492356
    outer loop
      vertex 90.5769 0.61 9.75554
      vertex 90.5769 -0.01 9.75554
      vertex 90.5449 0.61 9.69897
    endloop
  endfacet
  facet normal 0.870394 0 -0.492356
    outer loop
      vertex 90.5449 -0.01 9.69897
      vertex 90.5449 0.61 9.69897
      vertex 90.5769 -0.01 9.75554
    endloop
  endfacet
  facet normal 0.87729 0 -0.479961
    outer loop
      vertex 90.606 0.61 9.80873
      vertex 90.606 -0.01 9.80873
      vertex 90.5769 0.61 9.75554
    endloop
  endfacet
  facet normal 0.87729 0 -0.479961
    outer loop
      vertex 90.5769 -0.01 9.75554
      vertex 90.5769 0.61 9.75554
      vertex 90.606 -0.01 9.80873
    endloop
  endfacet
  facet normal 0.88434 0 -0.466843
    outer loop
      vertex 90.6323 0.61 9.85855
      vertex 90.6323 -0.01 9.85855
      vertex 90.606 0.61 9.80873
    endloop
  endfacet
  facet normal 0.88434 0 -0.466843
    outer loop
      vertex 90.606 -0.01 9.80873
      vertex 90.606 0.61 9.80873
      vertex 90.6323 -0.01 9.85855
    endloop
  endfacet
  facet normal 0.893194 0 -0.449672
    outer loop
      vertex 90.6557 0.61 9.90503
      vertex 90.6557 -0.01 9.90503
      vertex 90.6323 0.61 9.85855
    endloop
  endfacet
  facet normal 0.893194 0 -0.449672
    outer loop
      vertex 90.6323 -0.01 9.85855
      vertex 90.6323 0.61 9.85855
      vertex 90.6557 -0.01 9.90503
    endloop
  endfacet
  facet normal 0.901386 0 -0.433017
    outer loop
      vertex 90.6764 0.61 9.94812
      vertex 90.6764 -0.01 9.94812
      vertex 90.6557 0.61 9.90503
    endloop
  endfacet
  facet normal 0.901386 0 -0.433017
    outer loop
      vertex 90.6557 -0.01 9.90503
      vertex 90.6557 0.61 9.90503
      vertex 90.6764 -0.01 9.94812
    endloop
  endfacet
  facet normal -0.994917 0 0.1007
    outer loop
      vertex 90.6749 0.61 9.9333
      vertex 90.6749 -0.01 9.9333
      vertex 90.6764 0.61 9.94812
    endloop
  endfacet
  facet normal -0.994917 0 0.1007
    outer loop
      vertex 90.6764 -0.01 9.94812
      vertex 90.6764 0.61 9.94812
      vertex 90.6749 -0.01 9.9333
    endloop
  endfacet
  facet normal -0.995495 0 0.0948091
    outer loop
      vertex 90.6732 0.61 9.91545
      vertex 90.6732 -0.01 9.91545
      vertex 90.6749 0.61 9.9333
    endloop
  endfacet
  facet normal -0.995495 0 0.0948091
    outer loop
      vertex 90.6749 -0.01 9.9333
      vertex 90.6749 0.61 9.9333
      vertex 90.6732 -0.01 9.91545
    endloop
  endfacet
  facet normal -0.996702 0 0.0811491
    outer loop
      vertex 90.6715 0.61 9.89457
      vertex 90.6715 -0.01 9.89457
      vertex 90.6732 0.61 9.91545
    endloop
  endfacet
  facet normal -0.996702 0 0.0811491
    outer loop
      vertex 90.6732 -0.01 9.91545
      vertex 90.6732 0.61 9.91545
      vertex 90.6715 -0.01 9.89457
    endloop
  endfacet
  facet normal -0.997178 0 0.0750699
    outer loop
      vertex 90.6697 0.61 9.87066
      vertex 90.6697 -0.01 9.87066
      vertex 90.6715 0.61 9.89457
    endloop
  endfacet
  facet normal -0.997178 0 0.0750699
    outer loop
      vertex 90.6715 -0.01 9.89457
      vertex 90.6715 0.61 9.89457
      vertex 90.6697 -0.01 9.87066
    endloop
  endfacet
  facet normal -0.997254 0 0.0740627
    outer loop
      vertex 90.6677 0.61 9.84373
      vertex 90.6677 -0.01 9.84373
      vertex 90.6697 0.61 9.87066
    endloop
  endfacet
  facet normal -0.997254 0 0.0740627
    outer loop
      vertex 90.6697 -0.01 9.87066
      vertex 90.6697 0.61 9.87066
      vertex 90.6677 -0.01 9.84373
    endloop
  endfacet
  facet normal -0.997781 0 0.0665853
    outer loop
      vertex 90.6657 0.61 9.81376
      vertex 90.6657 -0.01 9.81376
      vertex 90.6677 0.61 9.84373
    endloop
  endfacet
  facet normal -0.997781 0 0.0665853
    outer loop
      vertex 90.6677 -0.01 9.84373
      vertex 90.6677 0.61 9.84373
      vertex 90.6657 -0.01 9.81376
    endloop
  endfacet
  facet normal -0.99798 0 0.0635271
    outer loop
      vertex 90.6636 0.61 9.78077
      vertex 90.6636 -0.01 9.78077
      vertex 90.6657 0.61 9.81376
    endloop
  endfacet
  facet normal -0.99798 0 0.0635271
    outer loop
      vertex 90.6657 -0.01 9.81376
      vertex 90.6657 0.61 9.81376
      vertex 90.6636 -0.01 9.78077
    endloop
  endfacet
  facet normal -0.997966 0 0.0637413
    outer loop
      vertex 90.6613 0.61 9.74476
      vertex 90.6613 -0.01 9.74476
      vertex 90.6636 0.61 9.78077
    endloop
  endfacet
  facet normal -0.997966 0 0.0637413
    outer loop
      vertex 90.6636 -0.01 9.78077
      vertex 90.6636 0.61 9.78077
      vertex 90.6613 -0.01 9.74476
    endloop
  endfacet
  facet normal -0.998269 0 0.058812
    outer loop
      vertex 90.659 0.61 9.70572
      vertex 90.659 -0.01 9.70572
      vertex 90.6613 0.61 9.74476
    endloop
  endfacet
  facet normal -0.998269 0 0.058812
    outer loop
      vertex 90.6613 -0.01 9.74476
      vertex 90.6613 0.61 9.74476
      vertex 90.659 -0.01 9.70572
    endloop
  endfacet
  facet normal -0.998239 0 0.0593201
    outer loop
      vertex 90.6565 0.61 9.66365
      vertex 90.6565 -0.01 9.66365
      vertex 90.659 0.61 9.70572
    endloop
  endfacet
  facet normal -0.998239 0 0.0593201
    outer loop
      vertex 90.659 -0.01 9.70572
      vertex 90.659 0.61 9.70572
      vertex 90.6565 -0.01 9.66365
    endloop
  endfacet
  facet normal -0.998468 0 0.0553352
    outer loop
      vertex 90.654 0.61 9.61854
      vertex 90.654 -0.01 9.61854
      vertex 90.6565 0.61 9.66365
    endloop
  endfacet
  facet normal -0.998468 0 0.0553352
    outer loop
      vertex 90.6565 -0.01 9.66365
      vertex 90.6565 0.61 9.66365
      vertex 90.654 -0.01 9.61854
    endloop
  endfacet
  facet normal -0.998545 0 0.0539288
    outer loop
      vertex 90.6515 0.61 9.57225
      vertex 90.6515 -0.01 9.57225
      vertex 90.654 0.61 9.61854
    endloop
  endfacet
  facet normal -0.998545 0 0.0539288
    outer loop
      vertex 90.654 -0.01 9.61854
      vertex 90.654 0.61 9.61854
      vertex 90.6515 -0.01 9.57225
    endloop
  endfacet
  facet normal -0.998843 0 0.0480844
    outer loop
      vertex 90.6493 0.61 9.52655
      vertex 90.6493 -0.01 9.52655
      vertex 90.6515 0.61 9.57225
    endloop
  endfacet
  facet normal -0.998843 0 0.0480844
    outer loop
      vertex 90.6515 -0.01 9.57225
      vertex 90.6515 0.61 9.57225
      vertex 90.6493 -0.01 9.52655
    endloop
  endfacet
  facet normal -0.999018 0 0.0443122
    outer loop
      vertex 90.6473 0.61 9.48146
      vertex 90.6473 -0.01 9.48146
      vertex 90.6493 0.61 9.52655
    endloop
  endfacet
  facet normal -0.999018 0 0.0443122
    outer loop
      vertex 90.6493 -0.01 9.52655
      vertex 90.6493 0.61 9.52655
      vertex 90.6473 -0.01 9.48146
    endloop
  endfacet
  facet normal -0.999182 0 0.0404345
    outer loop
      vertex 90.6455 0.61 9.43698
      vertex 90.6455 -0.01 9.43698
      vertex 90.6473 0.61 9.48146
    endloop
  endfacet
  facet normal -0.999182 0 0.0404345
    outer loop
      vertex 90.6473 -0.01 9.48146
      vertex 90.6473 0.61 9.48146
      vertex 90.6455 -0.01 9.43698
    endloop
  endfacet
  facet normal -0.999416 0 0.0341564
    outer loop
      vertex 90.644 0.61 9.39309
      vertex 90.644 -0.01 9.39309
      vertex 90.6455 0.61 9.43698
    endloop
  endfacet
  facet normal -0.999416 0 0.0341564
    outer loop
      vertex 90.6455 -0.01 9.43698
      vertex 90.6455 0.61 9.43698
      vertex 90.644 -0.01 9.39309
    endloop
  endfacet
  facet normal -0.999549 0 0.0300442
    outer loop
      vertex 90.6427 0.61 9.34984
      vertex 90.6427 -0.01 9.34984
      vertex 90.644 0.61 9.39309
    endloop
  endfacet
  facet normal -0.999549 0 0.0300442
    outer loop
      vertex 90.644 -0.01 9.39309
      vertex 90.644 0.61 9.39309
      vertex 90.6427 -0.01 9.34984
    endloop
  endfacet
  facet normal -0.999726 0 0.0234237
    outer loop
      vertex 90.6417 0.61 9.30716
      vertex 90.6417 -0.01 9.30716
      vertex 90.6427 0.61 9.34984
    endloop
  endfacet
  facet normal -0.999726 0 0.0234237
    outer loop
      vertex 90.6427 -0.01 9.34984
      vertex 90.6427 0.61 9.34984
      vertex 90.6417 -0.01 9.30716
    endloop
  endfacet
  facet normal -0.999771 0 0.0213931
    outer loop
      vertex 90.6408 0.61 9.2651
      vertex 90.6408 -0.01 9.2651
      vertex 90.6417 0.61 9.30716
    endloop
  endfacet
  facet normal -0.999771 0 0.0213931
    outer loop
      vertex 90.6417 -0.01 9.30716
      vertex 90.6417 0.61 9.30716
      vertex 90.6408 -0.01 9.2651
    endloop
  endfacet
  facet normal -0.999895 0 0.0144738
    outer loop
      vertex 90.6402 0.61 9.22365
      vertex 90.6402 -0.01 9.22365
      vertex 90.6408 0.61 9.2651
    endloop
  endfacet
  facet normal -0.999895 0 0.0144738
    outer loop
      vertex 90.6408 -0.01 9.2651
      vertex 90.6408 0.61 9.2651
      vertex 90.6402 -0.01 9.22365
    endloop
  endfacet
  facet normal -0.999973 0 0.00734374
    outer loop
      vertex 90.6399 0.61 9.1828
      vertex 90.6399 -0.01 9.1828
      vertex 90.6402 0.61 9.22365
    endloop
  endfacet
  facet normal -0.999973 0 0.00734374
    outer loop
      vertex 90.6402 -0.01 9.22365
      vertex 90.6402 0.61 9.22365
      vertex 90.6399 -0.01 9.1828
    endloop
  endfacet
  facet normal -0.999997 0 0.00248508
    outer loop
      vertex 90.6398 0.61 9.14256
      vertex 90.6398 -0.01 9.14256
      vertex 90.6399 0.61 9.1828
    endloop
  endfacet
  facet normal -0.999997 0 0.00248508
    outer loop
      vertex 90.6399 -0.01 9.1828
      vertex 90.6399 0.61 9.1828
      vertex 90.6398 -0.01 9.14256
    endloop
  endfacet
  facet normal -1 0 0
    outer loop
      vertex 90.6398 0.61 7.26686
      vertex 90.6398 -0.01 7.26686
      vertex 90.6398 0.61 9.14256
    endloop
  endfacet
  facet normal -1 0 0
    outer loop
      vertex 90.6398 -0.01 9.14256
      vertex 90.6398 0.61 9.14256
      vertex 90.6398 -0.01 7.26686
    endloop
  endfacet
  facet normal -0 0 1
    outer loop
      vertex 88.9634 0.61 7.26686
      vertex 88.9634 -0.01 7.26686
      vertex 90.6398 0.61 7.26686
    endloop
  endfacet
  facet normal 0 -0 1
    outer loop
      vertex 90.6398 -0.01 7.26686
      vertex 90.6398 0.61 7.26686
      vertex 88.9634 -0.01 7.26686
    endloop
  endfacet
  facet normal -0 0 -1
    outer loop
      vertex 97.0211 0.61 6.41647
      vertex 96.2562 -0.01 6.41647
      vertex 96.2562 0.61 6.41647
    endloop
  endfacet
  facet normal 0 -0 -1
    outer loop
      vertex 97.0211 0.61 6.41647
      vertex 97.0211 -0.01 6.41647
      vertex 96.2562 -0.01 6.41647
    endloop
  endfacet
  facet normal 1 0 0
    outer loop
      vertex 97.0211 0.61 7.26686
      vertex 97.0211 -0.01 6.41647
      vertex 97.0211 0.61 6.41647
    endloop
  endfacet
  facet normal 1 0 0
    outer loop
      vertex 97.0211 0.61 7.26686
      vertex 97.0211 -0.01 7.26686
      vertex 97.0211 -0.01 6.41647
    endloop
  endfacet
  facet normal -0 0 1
    outer loop
      vertex 96.2562 0.61 7.26686
      vertex 97.0211 -0.01 7.26686
      vertex 97.0211 0.61 7.26686
    endloop
  endfacet
  facet normal 0 0 1
    outer loop
      vertex 96.2562 0.61 7.26686
      vertex 96.2562 -0.01 7.26686
      vertex 97.0211 -0.01 7.26686
    endloop
  endfacet
  facet normal 1 0 0
    outer loop
      vertex 96.2562 0.61 10.9816
      vertex 96.2562 -0.01 7.26686
      vertex 96.2562 0.61 7.26686
    endloop
  endfacet
  facet normal 1 0 0
    outer loop
      vertex 96.2562 0.61 10.9816
      vertex 96.2562 -0.01 10.9816
      vertex 96.2562 -0.01 7.26686
    endloop
  endfacet
  facet normal -0 0 1
    outer loop
      vertex 94.9786 0.61 10.9816
      vertex 96.2562 -0.01 10.9816
      vertex 96.2562 0.61 10.9816
    endloop
  endfacet
  facet normal 0 0 1
    outer loop
      vertex 94.9786 0.61 10.9816
      vertex 94.9786 -0.01 10.9816
      vertex 96.2562 -0.01 10.9816
    endloop
  endfacet
  facet normal -0.837242 0 0.546833
    outer loop
      vertex 92.5577 0.61 7.27502
      vertex 94.9786 -0.01 10.9816
      vertex 94.9786 0.61 10.9816
    endloop
  endfacet
  facet normal -0.837242 0 0.546833
    outer loop
      vertex 92.5577 0.61 7.27502
      vertex 92.5577 -0.01 7.27502
      vertex 94.9786 -0.01 10.9816
    endloop
  endfacet
  facet normal -1 0 0
    outer loop
      vertex 92.5577 0.61 6.41647
      vertex 92.5577 -0.01 7.27502
      vertex 92.5577 0.61 7.27502
    endloop
  endfacet
  facet normal -1 0 0
    outer loop
      vertex 92.5577 0.61 6.41647
      vertex 92.5577 -0.01 6.41647
      vertex 92.5577 -0.01 7.27502
    endloop
  endfacet
  facet normal -0 0 -1
    outer loop
      vertex 95.1657 0.61 6.41647
      vertex 92.5577 -0.01 6.41647
      vertex 92.5577 0.61 6.41647
    endloop
  endfacet
  facet normal 0 -0 -1
    outer loop
      vertex 95.1657 0.61 6.41647
      vertex 95.1657 -0.01 6.41647
      vertex 92.5577 -0.01 6.41647
    endloop
  endfacet
  facet normal -1 0 0
    outer loop
      vertex 95.1657 0.61 5.24876
      vertex 95.1657 -0.01 6.41647
      vertex 95.1657 0.61 6.41647
    endloop
  endfacet
  facet normal -1 0 0
    outer loop
      vertex 95.1657 0.61 5.24876
      vertex 95.1657 -0.01 5.24876
      vertex 95.1657 -0.01 6.41647
    endloop
  endfacet
  facet normal -0 0 -1
    outer loop
      vertex 96.2562 0.61 5.24876
      vertex 95.1657 -0.01 5.24876
      vertex 95.1657 0.61 5.24876
    endloop
  endfacet
  facet normal 0 -0 -1
    outer loop
      vertex 96.2562 0.61 5.24876
      vertex 96.2562 -0.01 5.24876
      vertex 95.1657 -0.01 5.24876
    endloop
  endfacet
  facet normal 1 0 0
    outer loop
      vertex 96.2562 0.61 6.41647
      vertex 96.2562 -0.01 5.24876
      vertex 96.2562 0.61 5.24876
    endloop
  endfacet
  facet normal 1 0 0
    outer loop
      vertex 96.2562 0.61 6.41647
      vertex 96.2562 -0.01 6.41647
      vertex 96.2562 -0.01 5.24876
    endloop
  endfacet
  facet normal 0.835393 0 -0.549653
    outer loop
      vertex 94.8199 0.61 9.28903
      vertex 94.8199 -0.01 9.28903
      vertex 93.4894 0.61 7.26686
    endloop
  endfacet
  facet normal 0.835393 0 -0.549653
    outer loop
      vertex 93.4894 -0.01 7.26686
      vertex 93.4894 0.61 7.26686
      vertex 94.8199 -0.01 9.28903
    endloop
  endfacet
  facet normal 0.843272 0 -0.537487
    outer loop
      vertex 94.8688 0.61 9.36575
      vertex 94.8688 -0.01 9.36575
      vertex 94.8199 0.61 9.28903
    endloop
  endfacet
  facet normal 0.843272 0 -0.537487
    outer loop
      vertex 94.8199 -0.01 9.28903
      vertex 94.8199 0.61 9.28903
      vertex 94.8688 -0.01 9.36575
    endloop
  endfacet
  facet normal 0.846764 0 -0.531968
    outer loop
      vertex 94.9149 0.61 9.43913
      vertex 94.9149 -0.01 9.43913
      vertex 94.8688 0.61 9.36575
    endloop
  endfacet
  facet normal 0.846764 0 -0.531968
    outer loop
      vertex 94.8688 -0.01 9.36575
      vertex 94.8688 0.61 9.36575
      vertex 94.9149 -0.01 9.43913
    endloop
  endfacet
  facet normal 0.851023 0 -0.525128
    outer loop
      vertex 94.9581 0.61 9.50914
      vertex 94.9581 -0.01 9.50914
      vertex 94.9149 0.61 9.43913
    endloop
  endfacet
  facet normal 0.851023 0 -0.525128
    outer loop
      vertex 94.9149 -0.01 9.43913
      vertex 94.9149 0.61 9.43913
      vertex 94.9581 -0.01 9.50914
    endloop
  endfacet
  facet normal 0.855094 0 -0.518472
    outer loop
      vertex 94.9985 0.61 9.57577
      vertex 94.9985 -0.01 9.57577
      vertex 94.9581 0.61 9.50914
    endloop
  endfacet
  facet normal 0.855094 0 -0.518472
    outer loop
      vertex 94.9581 -0.01 9.50914
      vertex 94.9581 0.61 9.50914
      vertex 94.9985 -0.01 9.57577
    endloop
  endfacet
  facet normal 0.859691 0 -0.510815
    outer loop
      vertex 95.0361 0.61 9.63905
      vertex 95.0361 -0.01 9.63905
      vertex 94.9985 0.61 9.57577
    endloop
  endfacet
  facet normal 0.859691 0 -0.510815
    outer loop
      vertex 94.9985 -0.01 9.57577
      vertex 94.9985 0.61 9.57577
      vertex 95.0361 -0.01 9.63905
    endloop
  endfacet
  facet normal 0.86474 0 -0.502219
    outer loop
      vertex 95.0709 0.61 9.69897
      vertex 95.0709 -0.01 9.69897
      vertex 95.0361 0.61 9.63905
    endloop
  endfacet
  facet normal 0.86474 0 -0.502219
    outer loop
      vertex 95.0361 -0.01 9.63905
      vertex 95.0361 0.61 9.63905
      vertex 95.0709 -0.01 9.69897
    endloop
  endfacet
  facet normal 0.871053 0 -0.491189
    outer loop
      vertex 95.1028 0.61 9.75554
      vertex 95.1028 -0.01 9.75554
      vertex 95.0709 0.61 9.69897
    endloop
  endfacet
  facet normal 0.871053 0 -0.491189
    outer loop
      vertex 95.0709 -0.01 9.69897
      vertex 95.0709 0.61 9.69897
      vertex 95.1028 -0.01 9.75554
    endloop
  endfacet
  facet normal 0.87729 0 -0.479961
    outer loop
      vertex 95.1319 0.61 9.80873
      vertex 95.1319 -0.01 9.80873
      vertex 95.1028 0.61 9.75554
    endloop
  endfacet
  facet normal 0.87729 0 -0.479961
    outer loop
      vertex 95.1028 -0.01 9.75554
      vertex 95.1028 0.61 9.75554
      vertex 95.1319 -0.01 9.80873
    endloop
  endfacet
  facet normal 0.88434 0 -0.466843
    outer loop
      vertex 95.1582 0.61 9.85855
      vertex 95.1582 -0.01 9.85855
      vertex 95.1319 0.61 9.80873
    endloop
  endfacet
  facet normal 0.88434 0 -0.466843
    outer loop
      vertex 95.1319 -0.01 9.80873
      vertex 95.1319 0.61 9.80873
      vertex 95.1582 -0.01 9.85855
    endloop
  endfacet
  facet normal 0.892421 0 -0.451203
    outer loop
      vertex 95.1817 0.61 9.90503
      vertex 95.1817 -0.01 9.90503
      vertex 95.1582 0.61 9.85855
    endloop
  endfacet
  facet normal 0.892421 0 -0.451203
    outer loop
      vertex 95.1582 -0.01 9.85855
      vertex 95.1582 0.61 9.85855
      vertex 95.1817 -0.01 9.90503
    endloop
  endfacet
  facet normal 0.902202 0 -0.431315
    outer loop
      vertex 95.2023 0.61 9.94812
      vertex 95.2023 -0.01 9.94812
      vertex 95.1817 0.61 9.90503
    endloop
  endfacet
  facet normal 0.902202 0 -0.431315
    outer loop
      vertex 95.1817 -0.01 9.90503
      vertex 95.1817 0.61 9.90503
      vertex 95.2023 -0.01 9.94812
    endloop
  endfacet
  facet normal -0.994917 0 0.1007
    outer loop
      vertex 95.2008 0.61 9.9333
      vertex 95.2008 -0.01 9.9333
      vertex 95.2023 0.61 9.94812
    endloop
  endfacet
  facet normal -0.994917 0 0.1007
    outer loop
      vertex 95.2023 -0.01 9.94812
      vertex 95.2023 0.61 9.94812
      vertex 95.2008 -0.01 9.9333
    endloop
  endfacet
  facet normal -0.996007 0 0.0892779
    outer loop
      vertex 95.1992 0.61 9.91545
      vertex 95.1992 -0.01 9.91545
      vertex 95.2008 0.61 9.9333
    endloop
  endfacet
  facet normal -0.996007 0 0.0892779
    outer loop
      vertex 95.2008 -0.01 9.9333
      vertex 95.2008 0.61 9.9333
      vertex 95.1992 -0.01 9.91545
    endloop
  endfacet
  facet normal -0.996702 0 0.0811491
    outer loop
      vertex 95.1975 0.61 9.89457
      vertex 95.1975 -0.01 9.89457
      vertex 95.1992 0.61 9.91545
    endloop
  endfacet
  facet normal -0.996702 0 0.0811491
    outer loop
      vertex 95.1992 -0.01 9.91545
      vertex 95.1992 0.61 9.91545
      vertex 95.1975 -0.01 9.89457
    endloop
  endfacet
  facet normal -0.996858 0 0.0792149
    outer loop
      vertex 95.1956 0.61 9.87066
      vertex 95.1956 -0.01 9.87066
      vertex 95.1975 0.61 9.89457
    endloop
  endfacet
  facet normal -0.996858 0 0.0792149
    outer loop
      vertex 95.1975 -0.01 9.89457
      vertex 95.1975 0.61 9.89457
      vertex 95.1956 -0.01 9.87066
    endloop
  endfacet
  facet normal -0.99752 0 0.0703783
    outer loop
      vertex 95.1937 0.61 9.84373
      vertex 95.1937 -0.01 9.84373
      vertex 95.1956 0.61 9.87066
    endloop
  endfacet
  facet normal -0.99752 0 0.0703783
    outer loop
      vertex 95.1956 -0.01 9.87066
      vertex 95.1956 0.61 9.87066
      vertex 95.1937 -0.01 9.84373
    endloop
  endfacet
  facet normal -0.997781 0 0.0665853
    outer loop
      vertex 95.1917 0.61 9.81376
      vertex 95.1917 -0.01 9.81376
      vertex 95.1937 0.61 9.84373
    endloop
  endfacet
  facet normal -0.997781 0 0.0665853
    outer loop
      vertex 95.1937 -0.01 9.84373
      vertex 95.1937 0.61 9.84373
      vertex 95.1917 -0.01 9.81376
    endloop
  endfacet
  facet normal -0.997784 0 0.0665391
    outer loop
      vertex 95.1895 0.61 9.78077
      vertex 95.1895 -0.01 9.78077
      vertex 95.1917 0.61 9.81376
    endloop
  endfacet
  facet normal -0.997784 0 0.0665391
    outer loop
      vertex 95.1917 -0.01 9.81376
      vertex 95.1917 0.61 9.81376
      vertex 95.1895 -0.01 9.78077
    endloop
  endfacet
  facet normal -0.998139 0 0.0609804
    outer loop
      vertex 95.1873 0.61 9.74476
      vertex 95.1873 -0.01 9.74476
      vertex 95.1895 0.61 9.78077
    endloop
  endfacet
  facet normal -0.998139 0 0.0609804
    outer loop
      vertex 95.1895 -0.01 9.78077
      vertex 95.1895 0.61 9.78077
      vertex 95.1873 -0.01 9.74476
    endloop
  endfacet
  facet normal -0.998116 0 0.0613596
    outer loop
      vertex 95.1849 0.61 9.70572
      vertex 95.1849 -0.01 9.70572
      vertex 95.1873 0.61 9.74476
    endloop
  endfacet
  facet normal -0.998116 0 0.0613596
    outer loop
      vertex 95.1873 -0.01 9.74476
      vertex 95.1873 0.61 9.74476
      vertex 95.1849 -0.01 9.70572
    endloop
  endfacet
  facet normal -0.998377 0 0.0569552
    outer loop
      vertex 95.1825 0.61 9.66365
      vertex 95.1825 -0.01 9.66365
      vertex 95.1849 0.61 9.70572
    endloop
  endfacet
  facet normal -0.998377 0 0.0569552
    outer loop
      vertex 95.1849 -0.01 9.70572
      vertex 95.1849 0.61 9.70572
      vertex 95.1825 -0.01 9.66365
    endloop
  endfacet
  facet normal -0.998468 0 0.0553352
    outer loop
      vertex 95.18 0.61 9.61854
      vertex 95.18 -0.01 9.61854
      vertex 95.1825 0.61 9.66365
    endloop
  endfacet
  facet normal -0.998468 0 0.0553352
    outer loop
      vertex 95.1825 -0.01 9.66365
      vertex 95.1825 0.61 9.66365
      vertex 95.18 -0.01 9.61854
    endloop
  endfacet
  facet normal -0.998545 0 0.0539288
    outer loop
      vertex 95.1775 0.61 9.57225
      vertex 95.1775 -0.01 9.57225
      vertex 95.18 0.61 9.61854
    endloop
  endfacet
  facet normal -0.998545 0 0.0539288
    outer loop
      vertex 95.18 -0.01 9.61854
      vertex 95.18 0.61 9.61854
      vertex 95.1775 -0.01 9.57225
    endloop
  endfacet
  facet normal -0.998736 0 0.0502646
    outer loop
      vertex 95.1752 0.61 9.52655
      vertex 95.1752 -0.01 9.52655
      vertex 95.1775 0.61 9.57225
    endloop
  endfacet
  facet normal -0.998736 0 0.0502646
    outer loop
      vertex 95.1775 -0.01 9.57225
      vertex 95.1775 0.61 9.57225
      vertex 95.1752 -0.01 9.52655
    endloop
  endfacet
  facet normal -0.999113 0 0.0421006
    outer loop
      vertex 95.1733 0.61 9.48146
      vertex 95.1733 -0.01 9.48146
      vertex 95.1752 0.61 9.52655
    endloop
  endfacet
  facet normal -0.999113 0 0.0421006
    outer loop
      vertex 95.1752 -0.01 9.52655
      vertex 95.1752 0.61 9.52655
      vertex 95.1733 -0.01 9.48146
    endloop
  endfacet
  facet normal -0.999182 0 0.0404345
    outer loop
      vertex 95.1715 0.61 9.43698
      vertex 95.1715 -0.01 9.43698
      vertex 95.1733 0.61 9.48146
    endloop
  endfacet
  facet normal -0.999182 0 0.0404345
    outer loop
      vertex 95.1733 -0.01 9.48146
      vertex 95.1733 0.61 9.48146
      vertex 95.1715 -0.01 9.43698
    endloop
  endfacet
  facet normal -0.999416 0 0.0341564
    outer loop
      vertex 95.17 0.61 9.39309
      vertex 95.17 -0.01 9.39309
      vertex 95.1715 0.61 9.43698
    endloop
  endfacet
  facet normal -0.999416 0 0.0341564
    outer loop
      vertex 95.1715 -0.01 9.43698
      vertex 95.1715 0.61 9.43698
      vertex 95.17 -0.01 9.39309
    endloop
  endfacet
  facet normal -0.999549 0 0.0300442
    outer loop
      vertex 95.1687 0.61 9.34984
      vertex 95.1687 -0.01 9.34984
      vertex 95.17 0.61 9.39309
    endloop
  endfacet
  facet normal -0.999549 0 0.0300442
    outer loop
      vertex 95.17 -0.01 9.39309
      vertex 95.17 0.61 9.39309
      vertex 95.1687 -0.01 9.34984
    endloop
  endfacet
  facet normal -0.999668 0 0.0257646
    outer loop
      vertex 95.1676 0.61 9.30716
      vertex 95.1676 -0.01 9.30716
      vertex 95.1687 0.61 9.34984
    endloop
  endfacet
  facet normal -0.999668 0 0.0257646
    outer loop
      vertex 95.1687 -0.01 9.34984
      vertex 95.1687 0.61 9.34984
      vertex 95.1676 -0.01 9.30716
    endloop
  endfacet
  facet normal -0.999819 0 0.019017
    outer loop
      vertex 95.1668 0.61 9.2651
      vertex 95.1668 -0.01 9.2651
      vertex 95.1676 0.61 9.30716
    endloop
  endfacet
  facet normal -0.999819 0 0.019017
    outer loop
      vertex 95.1676 -0.01 9.30716
      vertex 95.1676 0.61 9.30716
      vertex 95.1668 -0.01 9.2651
    endloop
  endfacet
  facet normal -0.999895 0 0.0144738
    outer loop
      vertex 95.1662 0.61 9.22365
      vertex 95.1662 -0.01 9.22365
      vertex 95.1668 0.61 9.2651
    endloop
  endfacet
  facet normal -0.999895 0 0.0144738
    outer loop
      vertex 95.1668 -0.01 9.2651
      vertex 95.1668 0.61 9.2651
      vertex 95.1662 -0.01 9.22365
    endloop
  endfacet
  facet normal -0.999952 0 0.00979145
    outer loop
      vertex 95.1658 0.61 9.1828
      vertex 95.1658 -0.01 9.1828
      vertex 95.1662 0.61 9.22365
    endloop
  endfacet
  facet normal -0.999952 0 0.00979145
    outer loop
      vertex 95.1662 -0.01 9.22365
      vertex 95.1662 0.61 9.22365
      vertex 95.1658 -0.01 9.1828
    endloop
  endfacet
  facet normal -0.999997 0 0.00248508
    outer loop
      vertex 95.1657 0.61 9.14256
      vertex 95.1657 -0.01 9.14256
      vertex 95.1658 0.61 9.1828
    endloop
  endfacet
  facet normal -0.999997 0 0.00248508
    outer loop
      vertex 95.1658 -0.01 9.1828
      vertex 95.1658 0.61 9.1828
      vertex 95.1657 -0.01 9.14256
    endloop
  endfacet
  facet normal -1 0 0
    outer loop
      vertex 95.1657 0.61 7.26686
      vertex 95.1657 -0.01 7.26686
      vertex 95.1657 0.61 9.14256
    endloop
  endfacet
  facet normal -1 0 0
    outer loop
      vertex 95.1657 -0.01 9.14256
      vertex 95.1657 0.61 9.14256
      vertex 95.1657 -0.01 7.26686
    endloop
  endfacet
  facet normal -0 0 1
    outer loop
      vertex 93.4894 0.61 7.26686
      vertex 93.4894 -0.01 7.26686
      vertex 95.1657 0.61 7.26686
    endloop
  endfacet
  facet normal 0 -0 1
    outer loop
      vertex 95.1657 -0.01 7.26686
      vertex 95.1657 0.61 7.26686
      vertex 93.4894 -0.01 7.26686
    endloop
  endfacet
  facet normal -0 0 1
    outer loop
      vertex 85.5211 0.61 7.90568
      vertex 87.6368 -0.01 7.90568
      vertex 87.6368 0.61 7.90568
    endloop
  endfacet
  facet normal 0 0 1
    outer loop
      vertex 85.5211 0.61 7.90568
      vertex 85.5211 -0.01 7.90568
      vertex 87.6368 -0.01 7.90568
    endloop
  endfacet
  facet normal -1 0 0
    outer loop
      vertex 85.5211 0.61 6.91285
      vertex 85.5211 -0.01 7.90568
      vertex 85.5211 0.61 7.90568
    endloop
  endfacet
  facet normal -1 0 0
    outer loop
      vertex 85.5211 0.61 6.91285
      vertex 85.5211 -0.01 6.91285
      vertex 85.5211 -0.01 7.90568
    endloop
  endfacet
  facet normal -0 0 -1
    outer loop
      vertex 87.6368 0.61 6.91285
      vertex 85.5211 -0.01 6.91285
      vertex 85.5211 0.61 6.91285
    endloop
  endfacet
  facet normal 0 -0 -1
    outer loop
      vertex 87.6368 0.61 6.91285
      vertex 87.6368 -0.01 6.91285
      vertex 85.5211 -0.01 6.91285
    endloop
  endfacet
  facet normal 1 0 0
    outer loop
      vertex 87.6368 0.61 7.90568
      vertex 87.6368 -0.01 6.91285
      vertex 87.6368 0.61 6.91285
    endloop
  endfacet
  facet normal 1 0 0
    outer loop
      vertex 87.6368 0.61 7.90568
      vertex 87.6368 -0.01 7.90568
      vertex 87.6368 -0.01 6.91285
    endloop
  endfacet
endsolid OpenSCAD_Model
